Voltage_measured,Current_measured,Temperature_measured,Current_load,Voltage_load,Time,cycle_idx
3.823388576507568,-3.939682960510254,44.54560089111328,3.944962978363037,1.90707802772522,-20.563888549804688,1
3.7913676327969656,-4.080179125429636,44.72760402725404,4.066470318529979,1.815451322549797,1.152012574385448,1
3.7834603154515647,-4.047618274229119,44.841719018407616,4.042930792613202,1.7938214210142571,-0.2700282450181883,1
3.772523542484605,-4.07199631254357,44.97240300925381,4.071832317903818,1.7797874736498638,41.8938371819186,1
3.751538066978914,-4.049412790551243,44.09996271707926,4.023745036986937,1.77771134405251,48.7663321897208,1
3.74298874297774,-4.0548748366804,45.09993022321218,4.044865455972143,1.764353171170476,57.150760995336334,1
3.715641004493438,-4.07206643920347,45.23197500389743,4.068231439015952,1.7272912766560014,80.31577999620552,1
3.712793561349432,-4.041848469929523,45.09367926723986,4.032773474612868,1.7398969610053372,92.845222794866,1
3.6896540256867927,-4.033690785787192,45.336297414389,4.031578971678952,1.7084056928933384,76.30727818500564,1
3.680026363177472,-4.024926949696368,45.57170281927269,4.021020142428847,1.702488127243088,76.64023925597411,1
3.679844951055136,-4.032932764076325,46.35392407336867,4.033563280680093,1.6953540824982056,90.56144392634012,1
3.681190592696868,-4.036248666694365,46.441592595663415,4.040297654737909,1.6912496089935305,81.0743620079684,1
3.6690002751637656,-4.036277966326978,47.10246745649591,4.042638468455119,1.6700216258864804,93.48492302952044,1
3.6478085302444825,-4.024552491774042,46.67495068010077,4.015712310032672,1.6590107040232922,100.71833254343056,1
3.647334736513805,-4.021385060735495,47.347943363419496,4.013542715325413,1.6601394558527385,133.23858256512378,1
3.644946401377758,-4.010237245674593,47.22392930180193,4.0137961973626926,1.6464157075767056,91.40410866794817,1
3.625596327954028,-4.033132363514728,47.20709412356457,4.0245239820825045,1.6248886441609949,119.01766857468938,1
3.628516697021852,-4.027698804097003,47.10972333241658,4.014663480850587,1.6348624444869628,124.65544767264858,1
3.6312027207340094,-4.016733479787068,47.19365834615317,4.008621589247003,1.6402914050113724,121.41459582225389,1
3.636169743825154,-4.021764603005835,47.46585682788527,4.009479427912149,1.6493484234235374,152.7930609461773,1
3.6210064916725617,-4.017907389675278,47.58132700173252,4.010198127792542,1.6227872630199751,139.26250797869213,1
3.603880113865956,-4.018223032893904,48.10986362595156,4.008342001811568,1.6060233956359955,176.1152698562807,1
3.604297936680805,-4.022981557501367,48.08280567950513,4.011594151876059,1.6127170956278425,193.91607941776877,1
3.581916698490281,-4.027143010173935,47.96722510923822,4.014970492167645,1.5868531357811158,195.0324613272425,1
3.5706815949405533,-4.025785756398396,48.036582625055885,4.012154492987207,1.578109535826258,207.0385560185076,1
3.5711985007826104,-4.033233473099858,48.29844722977604,4.024879148207515,1.5718224062977066,204.41319578239728,1
3.581233119390097,-4.018489418259586,48.45951788109469,3.995490326938859,1.605501450688006,236.3768766472139,1
3.5817951409213515,-4.046550219317517,49.14400015681623,4.049135455166001,1.587132377796863,248.17512466246816,1
3.555936709944024,-4.043670711747135,49.65526488890131,4.035200779696545,1.5571037243647747,271.1272557270096,1
3.5607010485178017,-4.029898801481868,49.16338297832444,4.0184938074594525,1.5653394554034772,256.0619609786804,1
3.560676557471953,-4.032654676092676,49.22251974818218,4.008560611541013,1.5759826280984537,282.69817747552713,1
3.573548617133175,-4.0232448692781375,49.35711293048169,4.01760318193091,1.5882035659020206,274.8286289077207,1
3.5573815437684577,-4.029371973979904,48.93654287866799,4.004634196499744,1.5813295582690872,295.5140344091208,1
3.556956759418349,-4.024332339505115,49.30496769640819,4.016166339437645,1.5696004837392323,284.1141684658556,1
3.546986689050513,-4.017456290233566,49.59777193184359,4.019482147262757,1.555288288966719,299.1899818512331,1
3.5620653385139374,-4.035067747874432,49.622739102466994,4.023893364940781,1.58354598571019,316.7003326416016,1
3.54333363096398,-4.038073855710317,49.94296269244458,4.008040330496179,1.5501417926995151,317.7090387918863,1
3.538329344197928,-4.0370794462870405,50.32267609561782,4.016494644693582,1.5475165966045423,332.1419646481433,1
3.5266143069209823,-4.038563912173352,50.40479457809264,4.023261558578675,1.546989232660776,349.509620023061,1
3.525536293006805,-4.044646895075419,50.245077339999646,4.033358036753643,1.5412320860897202,346.1325474015201,1
3.514328295926014,-4.031600906188229,50.31424763690995,4.017382914761463,1.5375938228814,379.46119046498495,1
3.501994397266801,-4.03438723805439,50.72474307324513,4.012170418199286,1.519919712859464,401.97333829948695,1
3.5080764925623518,-4.036107718226422,50.62127414381648,4.018105627542519,1.5276989017624454,385.7446134636203,1
3.5108204835868744,-4.032075474061162,50.5333498529641,3.999088021646063,1.5488211354577397,406.3423051949008,1
3.503341266907841,-4.034129780459117,50.8302867383842,4.034754224570401,1.5239479311977524,391.0570586790522,1
3.504091478255858,-4.047287090715155,51.14465862871653,4.02604229478951,1.5223851361906673,415.2553479298051,1
3.49839440311294,-4.033453424292874,50.59702195316912,4.032775499734534,1.5272410045187157,409.7281063953077,1
3.500875972839723,-4.026039476854256,51.06200220498694,4.006513612816133,1.525348152740892,418.1011779049793,1
3.5010200351117606,-4.008034137358148,51.290547382400696,4.017495339175305,1.519284196646817,405.5624249929405,1
3.4919043391583915,-4.004165765750839,51.17068479147302,4.008907478975963,1.5242258360586969,441.2287404623378,1
3.469205304800746,-4.029226360550847,50.96571754547487,4.01109008903963,1.5060915099569114,478.0475640354388,1
3.480801282158817,-4.026210968752942,51.36207810367446,4.011449917253241,1.5157522307821067,467.8922744199454,1
3.481696835483413,-4.0223655413432295,51.14852951233646,4.023228852145643,1.5077681124928486,442.6383913338903,1
3.470852097833013,-4.024580763047,51.765852962631776,4.022239822939218,1.491054929882647,460.8470341326243,1
3.466367043644549,-4.012603294418519,51.553133401526026,4.012031555175781,1.5004503468433057,487.30505371093744,1
3.460460576666407,-4.021841514541442,51.89167415664856,4.012168714799077,1.494513971259795,510.3682403564453,1
3.45983373687928,-4.03079968762685,52.318846139563135,4.033382611102368,1.480260890650462,501.4935280673474,1
3.4493051135396384,-4.023110944104482,52.097010141395664,4.022489340908556,1.4734995142523064,514.054534360587,1
3.4440158275236565,-4.021502925688962,52.3736864572548,4.014371475541448,1.4696558843176049,532.5122871858526,1
3.438074702239898,-3.997741083064711,52.13662965613676,3.981384853282607,1.4731970206800713,535.3059490157897,1
3.446133596351348,-4.000973305070256,52.338121115443215,4.000487916440849,1.482055712895221,558.278382818383,1
3.4577263478773186,-4.016312659504902,52.768068014857285,4.014868382947991,1.48576755049717,543.9609952260213,1
3.444663019065397,-4.02738581508039,52.98420398206596,4.030628910983902,1.472598821283823,588.2039831690041,1
3.432825293885656,-4.02017803938992,52.63393050504018,4.021174560110253,1.462400636759149,587.2249443329961,1
3.441236714282668,-4.02338231328022,52.78424890357328,4.022465740341738,1.4724817563252277,594.794279167451,1
3.4302985036229514,-4.010191222271287,52.76668635908379,4.011176086333861,1.4608668002737577,588.6907080225199,1
3.431437245334488,-4.012965455112687,52.61170270069536,3.9997546960072343,1.468648967972721,608.4941950418864,1
3.421156400657562,-4.019230081374387,52.55687237934894,4.021629479994257,1.454025737492435,606.4228295016002,1
3.415776718093688,-4.010001659393311,52.78066290430276,4.0084798996707045,1.4434710267078446,607.2466261530498,1
3.410458054887243,-4.034714690173965,53.29373345892113,4.036056840276144,1.4284344186265785,654.9996249647027,1
3.412281065102083,-4.022796590644193,52.9149055021355,4.023734851055835,1.4374828683324603,664.6810155661709,1
3.4168509388544472,-4.02532183693116,53.3262675871332,4.020665384200682,1.4447052895304668,685.2966444635965,1
3.4120853062135628,-4.008942196168095,53.0422214370176,4.01231419896505,1.4418547598712417,682.1227711137518,1
3.414950046194605,-4.001987385462566,53.15060567281333,4.002283188233893,1.4496439953884446,687.913106895355,1
3.3868063415389464,-4.011303620166089,53.73364556553853,4.003294060029179,1.417541249688849,721.516415515578,1
3.417104873312525,-4.014200879866818,53.27500904037292,4.008087744195778,1.4552076660006878,660.9452930128718,1
3.3982459263629226,-4.020206066499274,53.29858085908086,4.022702659469053,1.4271356269537685,701.388627017837,1
3.3952975186956933,-4.018705933927054,53.69017214947437,4.01816958404449,1.424935587917466,745.6279352027251,1
3.385892057993326,-4.021630505481398,53.532822942159264,4.018165387302996,1.413452343768384,748.9317825501224,1
3.385305286890053,-4.041630138833839,54.13046439297228,4.045499049037336,1.3991859031010825,707.9592388107116,1
3.374260692711336,-4.019267702677164,53.74142001048628,4.018338059804526,1.399271707936942,741.50491149167,1
3.3747694190726225,-4.008461357599281,53.75951199359205,4.004018300987152,1.4042088166776912,755.0335230080476,1
3.3566433693989213,-4.027189381151314,54.382752981530615,4.022110502403903,1.3742426763097924,783.6857880741717,1
3.3721100091934204,-4.0293450355529785,53.87353706359863,4.025473356246948,1.393232345581055,762.3430480957031,1
3.3725286018417537,-4.010556732315615,53.89266898833126,4.006994207221341,1.4026645192180769,783.4593491152118,1
3.3700600230550197,-4.009322683495212,54.27526037377047,3.9972975052982926,1.4088568443275362,843.4023268366436,1
3.3747269647667206,-4.01427726860506,53.95781735339797,4.010018429124211,1.4088692507111882,811.9185577760261,1
3.36380277627922,-4.026332906929843,54.05905496068748,4.0142219727297865,1.3887216879660822,823.0765961796407,1
3.3599111545516784,-4.047691167119038,54.94239494599492,4.038889494286963,1.376467449119292,844.235604527485,1
3.3543379910020943,-4.041268121765321,54.44139597789351,4.028566518461848,1.3798942616186944,852.4468677934392,1
3.3720115121588647,-4.029847604682646,54.58705428709467,4.016518070037106,1.402120430785489,866.5817562241148,1
3.345010409872216,-4.033405283847487,54.77422300591526,4.018905969987433,1.3654202151011272,848.9306261912886,1
3.350890791559794,-4.031137839857354,54.62160928565336,4.014674537153129,1.3798308846462204,873.8052610833959,1
3.3461775377572303,-4.040865343737315,55.00939150890672,4.029408776616475,1.3664477309548713,878.84132403638,1
3.343914583504918,-4.033112468489682,54.78612637807088,4.009337252881154,1.3680191169302147,914.3493490563818,1
3.339297962475972,-4.039722821798669,54.62355802145349,4.022935821349362,1.3629692721079631,904.6320370593704,1
3.3537399797554475,-4.032544090087155,55.071427816368015,4.027686360370682,1.3792141977562962,912.2050229727504,1
3.3304660291556853,-4.045719698251012,55.41776337681046,4.039304428789989,1.348191347466894,912.479641098574,1
3.3412164090627647,-4.032899029283638,55.23578133640519,4.026585320392287,1.3666826845651654,901.50091920416,1
3.330140064997845,-4.019924801516246,54.86216977130936,4.006675292210407,1.3622955198747566,915.3850884495012,1
3.3325791560023665,-4.018582493425852,54.78180667003953,3.998873325715582,1.371154974742108,959.6567875505934,1
3.3356745559048937,-4.041995238108807,55.22413922505206,4.03016400049968,1.359908172883183,973.6379280549936,1
3.3397869029677056,-4.041046320673931,55.02066734038203,4.023383720811591,1.3635420583816895,956.052306393543,1
3.320613536490015,-4.037567480500922,55.40972757913981,4.022398017975221,1.3467790836311244,982.472422404462,1
3.3121889843998185,-4.034158425158765,55.55896382159497,4.001905492989414,1.3379069940153376,988.7599465243788,1
3.3323091685053816,-4.009624257145157,54.916163961571385,3.9874815064740474,1.377673648208021,975.7536448283366,1
3.316911378538752,-4.033410365322986,55.75706265920616,4.028539651847748,1.3395216780972767,1042.0669210043295,1
3.311896113028009,-4.031431433666183,55.38413541862764,4.000813639307596,1.341561553708042,993.4042825354152,1
3.315982629017657,-4.025201849190585,55.266888170357205,3.9953251172261055,1.353737025375826,1034.81199848221,1
3.3032011296375687,-4.050561031663274,56.042849000678,4.015981343855341,1.3216640202395886,1029.894739357822,1
3.311153357287487,-4.043691336390483,55.80081475499165,4.013367170310882,1.341187507273203,1047.8755279908696,1
3.308640214334051,-4.035426243242011,55.67937639535192,4.012796804129359,1.3370279842112434,1035.0853043521736,1
3.3063456466399046,-4.0372966111424455,56.262686671980894,4.019961816718779,1.3289816422634817,1039.9082987222328,1
3.299201708242118,-4.035744928451906,56.33812605616558,4.022520461714412,1.3201323517833847,1069.5662084372643,1
3.282504400575017,-4.043497866894826,56.30544115549111,4.003854786057071,1.312938217657158,1078.599879988705,1
3.282430575554629,-4.046135704201388,56.065218109682384,4.014046146208981,1.3098501613341182,1099.4828770649003,1
3.29687482764922,-4.0296766959041,55.54728409181158,3.999889322074063,1.3405003159879203,1119.4303478562697,1
3.293431942721447,-4.035166927130826,56.123442247689496,4.016273024570511,1.320222638457654,1096.8905492575768,1
3.2799084358904738,-4.057985748153135,56.41950979577489,4.026074369269681,1.2933656063424537,1093.7188764824923,1
3.2704594365085464,-4.038699293711099,56.65628042565771,4.005398368260947,1.3126654818833594,1164.4152339337816,1
3.2866951356451195,-4.033760536147888,56.45775411215173,4.013069497533591,1.3241561622504727,1113.45019090032,1
3.270498195326472,-4.041387491915599,56.66377722498882,4.021105570965503,1.3016760507261895,1149.571647919804,1
3.246554055845881,-4.0483095042676815,56.848541673407496,4.022684108780091,1.2687506560819692,1168.16560235081,1
3.2612841114940414,-4.03974279725408,56.62910555644208,4.019098166959831,1.2928455443267364,1179.0585496282004,1
3.2725826774735047,-4.028773233114955,56.523905007235975,4.0192469918584255,1.3138253186122482,1163.2090284968,1
3.27336865017213,-4.028361386563405,56.539024697728905,3.9918460529970834,1.325546845614192,1144.4650297969222,1
3.260637179914727,-4.034742935594306,56.71578905955855,4.018077925027135,1.2967483035053116,1173.1400749482304,1
3.2624598698443674,-4.032242125775441,57.07394393093615,4.012052521648177,1.2936190582183469,1169.1856064394294,1
3.259535913007805,-4.01023937707924,57.42492744721562,4.00075990033437,1.2976385039019298,1192.67329572195,1
3.253899466560548,-4.027232623962035,57.62049785292293,4.018563000552626,1.2834223200039692,1200.400975238846,1
3.251763200185385,-4.030480993799416,57.55619527058429,4.021850965109216,1.2848752751407853,1215.3484239693148,1
3.239506816289511,-4.038869633732072,57.48451444327113,4.021312569997397,1.2678070405879651,1221.2260286262238,1
3.23697786158826,-4.038731523306972,57.85025281791228,4.02367590708905,1.2725471258163452,1260.1848571041976,1
3.2348857356841303,-4.010203688977713,57.59826294772596,4.013790656285114,1.2697777367499938,1229.0888054169804,1
3.2264698643282235,-4.02870672869395,57.12852202266096,3.993480555982474,1.2722367206251766,1241.0481883589043,1
3.2254392899662614,-4.019709285483303,57.49542882069048,3.992409237896104,1.2670098004570924,1251.71237366458,1
3.2301208283527787,-4.020825954804938,57.4161142096462,3.999882534325841,1.272153371787933,1238.511595208961,1
3.2022988595158224,-4.0340732608933045,57.40326840044504,3.993356989090701,1.2502669131899455,1301.1962817088663,1
3.221044893724373,-4.021458614303405,57.41549894034144,3.9875638226428665,1.2723874184022472,1281.5247626247167,1
3.227968629584255,-4.025031437356788,57.49929547597127,3.989236541541226,1.280642440520137,1266.8159106151168,1
3.209294026156506,-4.050355106951242,57.6479790009648,3.998218869588461,1.2576447552945242,1282.937067606363,1
3.1817056127341394,-4.043909236609218,57.771876714315766,3.990720224667745,1.2301688258906442,1323.027578330902,1
3.172767860343657,-4.041143836745297,58.68214457868093,4.000521510480398,1.2083256905337414,1333.358761706984,1
3.192674279212952,-4.021305035395795,58.42573781760342,3.987905535353236,1.2358088062470218,1340.5134549428178,1
3.187818722552564,-4.017012693795813,58.07949135102422,3.985826885843852,1.2346227456288166,1348.2006997717433,1
3.169545080288347,-4.0433765463082185,58.54859979468656,4.0095043469624345,1.2038733233888466,1362.7547210325677,1
3.1611910728086907,-4.042552373495447,58.777174938155945,4.010158803089555,1.1931501756231468,1377.734048498682,1
3.142364020807197,-4.060069147362767,58.77015564240605,4.018214696861175,1.1674491231700024,1376.0505429922816,1
3.159375196479889,-4.038961272641837,58.86229416261236,4.007619392440979,1.1883159588618455,1372.1116193288783,1
3.1519670055573243,-4.023397836340479,58.80553709742534,3.995008042059749,1.1903225872890058,1395.5636405485225,1
3.1327527775821915,-4.033353874482304,58.77199586615505,3.99491049869951,1.1760616790817444,1430.3568321136106,1
3.1234210456710265,-4.033565021422972,58.88336328713291,3.999520235751049,1.170276873801128,1439.9700626235406,1
3.111418204135205,-4.041687459830778,59.16100573252483,4.015477203461061,1.1468653808157123,1408.2073151002448,1
3.0946785757340582,-4.0306969866695175,59.23844951032156,4.002910283674677,1.1384103506444447,1452.6162741787462,1
3.0719529577048426,-4.048092761671687,59.28852191603328,4.0138140931186905,1.1158511222126968,1436.9490128482682,1
3.035051258213549,-4.054663293332939,59.19035479534103,4.01261905876987,1.0765900338988703,1467.54446227292,1
3.022613390382514,-4.064699178718659,59.4165022057223,4.018757475427835,1.068911032504346,1492.36277090785,1
3.02002379980432,-4.053160851260266,59.536969518087,4.009037121232733,1.0664120201604912,1501.1427847620955,1
2.953228519623538,-4.067465213407953,59.33672539584608,4.016336079103401,1.0101699319230506,1518.4964084855046,1
2.8910055045621936,-4.059001537690679,59.83627907626599,4.014453939644687,0.9533237893897364,1561.1999291109748,1
2.8438655037477787,-4.056022758943489,59.45657353228834,4.01748929540795,0.9017557114003648,1528.6026376011862,1
2.7858814001083374,-4.06459218335439,59.90759127973074,4.00950813293457,0.853729793106217,1574.0934661497552,1
2.7422501322734782,-4.064469291503171,60.15091250316207,4.007927073053567,0.8052768161497914,1578.2815706184108,1
2.642555113298347,-4.09037288125739,60.59082936666098,4.029640800981636,0.6981356118816926,1589.4890107304218,1
2.5599670754857797,-4.079117263656064,60.420790155249904,4.021805837929967,0.6032186918948047,1566.7128582690132,1
2.3877911926752104,-4.023455447461231,60.3888140299234,3.955553844750645,0.4375804625002726,1621.9051550440047,1
2.3359792232513428,-4.053466796875,60.247501373291016,3.9561362266540527,0.4046635329723358,1657.3009033203125,1
3.840600490570069,-3.905784368515015,45.20429229736328,3.922430515289306,1.9353493452072144,-8.809422492980957,2
3.824762937757704,-4.041085052490234,45.697897889879016,4.051402653588189,1.8542036069764032,5.292135948605009,2
3.819666767120361,-4.030754937065972,45.7649905734592,4.04109853638543,1.8388696286413404,2.2194119082556822,2
3.812571879227956,-4.045051733652751,46.09227205912272,4.065777174631754,1.832842884461085,28.89392652511598,2
3.791165574391683,-4.041769886016846,45.25666995578342,4.037576463487413,1.821435602506002,52.31102159288194,2
3.788399272494846,-4.025931755701701,45.65462006462945,4.022855665948656,1.822158310148451,43.76388115353055,2
3.7617743810017914,-4.062888209025065,46.14969825744629,4.0757754643758135,1.7825167934099833,75.00018895467124,2
3.756401191817389,-4.048609375953674,46.07227172851562,4.054503469996982,1.781057333946228,79.51795514424643,2
3.755113485124376,-4.027226405673557,46.275725555419925,4.033661142985026,1.786194199985928,94.6832043117947,2
3.726384806632995,-4.028930759429931,46.37337665557861,4.044788551330567,1.7446839034557342,71.05010261535644,2
3.728187044461568,-4.024584028455946,46.68482547336154,4.043838977813721,1.7523862851990597,83.55871921115451,2
3.7214487075805662,-4.039027667045593,47.28693500094944,4.054154915279812,1.7357481684949665,88.36764572991265,2
3.725444889068604,-4.043371677398682,47.32731068929037,4.062025833129883,1.7367997964223223,79.30297851562503,2
3.709611321820153,-4.04763798183865,47.838197983635794,4.0632391823662655,1.714758516020245,92.39989450242786,2
3.697755535443624,-4.026607900195652,47.45347459581164,4.038033824496799,1.7104344367980957,102.0003680759006,2
3.693567474683126,-4.030831774075826,47.91144053141276,4.029300053914388,1.708385427792867,123.5257663726807,2
3.695694319407145,-4.022702185312907,48.1507197909885,4.033969042036269,1.7044448216756185,105.49295993381072,2
3.6800343023406135,-4.033524303966098,48.17440609402127,4.040287552939521,1.6817263576719497,113.26849106682673,2
3.6743255138397215,-4.032586908340454,47.81033554077148,4.035265111923218,1.6833464622497558,128.47044372558594,2
3.674441137578752,-4.023189846674601,48.14869289398193,4.030830385949876,1.6783869882424671,116.34578382703992,2
3.675884246826172,-4.030911021762424,48.08998828464084,4.024501800537109,1.6886945300632052,140.66021898057727,2
3.674927012125651,-4.037042450904846,48.27897669474284,4.029569029808044,1.686990984280904,150.61453908284506,2
3.65296388996972,-4.02216575410631,48.66079199049208,4.01956876648797,1.6565192209349735,150.77052459716796,2
3.644441388712989,-4.033272827996148,48.941070853339305,4.016495768229166,1.6497421748108334,182.89027887980149,2
3.6399900754292807,-4.039328734079997,48.890463256835936,4.021111043294271,1.6481772184371948,194.43459676106767,2
3.6248755587471857,-4.028531710306804,48.94863965776232,4.0162966516282825,1.6337432629532285,199.11089960734057,2
3.612679942448934,-4.026741033130222,48.96171243455675,4.013526964187622,1.6186594168345134,207.8027218288845,2
3.61729074716568,-4.033227396011353,49.14898166656494,4.026317667961121,1.6205289304256438,201.66420898437505,2
3.615606986151801,-4.018803734249539,49.23275451660156,3.989581971698337,1.6313275284237332,236.976885647244,2
3.621584231323666,-4.052466344833374,49.81715416378445,4.045404023594327,1.632511458132002,252.37251315646705,2
3.592389623324076,-4.062646547953288,50.468776067097984,4.050658067067464,1.5948315858840942,273.8651733398437,2
3.593665753470527,-4.041937186982897,50.00337331559923,4.0133203585942585,1.5955447210205926,257.2898973253038,2
3.5861263222164577,-4.043942960103353,50.10668835110135,4.015598201751709,1.5896764463848538,272.4539381239149,2
3.5952125191688538,-4.033770147959391,50.0518611907959,4.002249705791473,1.6123461564381918,289.1737569173177,2
3.5941636906729806,-4.036784341600206,50.029997211032445,4.010520733727349,1.6132325609525044,290.2855641682943,2
3.5857297446992664,-4.038126905759175,49.76810518900553,4.004504839579265,1.6067388157049816,293.85238308376734,2
3.586160659790039,-4.031910228729248,50.09610748291016,4.018758583068848,1.596642804145813,283.9447387695312,2
3.577816796302796,-4.030067661073473,50.41111863454183,4.018775365087721,1.5880944185786778,302.7298909505209,2
3.586558220121596,-4.046723477045695,50.412933349609375,4.029698848724365,1.610643584198422,330.07274339463976,2
3.5695080876350405,-4.046202246348063,50.65362135569254,4.004396740595499,1.5755057732264202,322.2610804239909,2
3.5612533622317843,-4.0497636795043945,51.046583811442055,4.013923539055718,1.5679493877622817,340.13021511501734,2
3.557089691691929,-4.040905223952399,51.042628373040095,4.022921299934387,1.5768983602523805,354.9030086941189,2
3.551263380050659,-4.052752097447713,50.872978846232094,4.027817567189534,1.5685109535853068,354.4314931233724,2
3.5414269712236197,-4.044493860668606,51.00968856811524,4.026373648643494,1.5580819759103988,368.7217976888021,2
3.5332032574547663,-4.0419298701816135,51.25743476019965,4.006833532121447,1.5538766649034288,396.3779174804688,2
3.5269957780838013,-4.04435658454895,51.42325401306152,4.016642093658447,1.543788105249405,398.43495178222656,2
3.525702961285909,-4.045505279964871,51.335532167222766,4.002368325657314,1.5536721573935617,406.0568138970271,2
3.528865818182628,-4.027671119901869,51.294997448391385,3.995835726790958,1.5704856832822165,407.84195624457465,2
3.52061718304952,-4.039396635691325,51.6640017191569,4.028655751546224,1.5382174809773763,406.9066060384116,2
3.5275128563245137,-4.053980859120687,51.87771150800917,4.022572512096829,1.5463341938124762,418.2612530178494,2
3.517280022303263,-4.032306432723999,51.511993408203125,4.022749291525947,1.546932107872433,423.090287950304,2
3.51897931098938,-4.029899835586548,51.80420773824056,3.999089054266612,1.5452915608882904,427.5946665445964,2
3.517447551091512,-4.011895253923204,51.99980375501845,4.013436603546142,1.5377396557066176,415.6724724663629,2
3.509840182463328,-4.0042100323571095,51.85262966156006,4.003694881333245,1.5452740874555375,446.62556050618485,2
3.485640621185303,-4.027040290832519,51.77683334350586,3.999965286254883,1.5258663415908813,486.2002197265626,2
3.4935105045636496,-4.029051714473301,51.99258528815376,4.001074684990777,1.5310498045550451,482.74346839057074,2
3.498983817630344,-4.02793001598782,51.95416836208767,4.019238471984863,1.529291852315267,459.8138095431856,2
3.489890193939209,-4.02576478322347,52.30604724884033,4.019125326474508,1.5173926889896392,473.6161158243815,2
3.4816579156451755,-4.02313739988539,52.5617495642768,4.01898545689053,1.5048257841004269,485.3292517768013,2
3.480214587847392,-4.0157458782196045,52.20607140858968,4.00856023894416,1.5189309080441793,510.4941579182942,2
3.477956295013428,-4.033417383829753,52.91545613606771,4.016690731048584,1.5061806042989094,518.5461222330729,2
3.472851363817851,-4.031658244132996,52.96103305816651,4.0350389030244616,1.4882758425341711,502.2789891560872,2
3.4632540199491717,-4.0284854306115045,52.89410692850749,4.0198998345269095,1.489297714498308,532.5151455349393,2
3.457420563697815,-4.024843358993531,52.98744239807129,4.007773399353027,1.487460619211197,541.9003753662109,2
3.4545738697052,-4.003258832295736,52.79125705295139,3.981986496183607,1.4918951961729263,548.6634548611111,2
3.457790984047784,-4.0066212680604725,52.97986846499973,3.999985324011909,1.4978262947665322,570.306384616428,2
3.4703041394551595,-4.017589139938354,53.36583925882975,4.013607803980509,1.501658801237742,554.4931559244792,2
3.458989323510064,-4.033696709738837,53.70125090281169,4.029449348979526,1.485083515776528,596.3492991129559,2
3.443654579586453,-4.027369149525961,53.530366261800125,4.030233213636611,1.4693640020158556,597.429673936632,2
3.4514288862546287,-4.021430357297262,53.26550852457682,4.009662779172261,1.4898020307223003,615.4165476481121,2
3.4469106329811945,-4.024607261021932,53.64110374450684,4.027096403969659,1.4744118187162611,599.8601481119791,2
3.438862389988369,-4.01219748655955,53.20593933529324,3.996624187628428,1.4781976494524214,605.9492835150825,2
3.446542310714721,-4.028356075286865,53.36375732421875,4.013787364959716,1.483187913894653,624.75205078125,2
3.430450310972002,-4.020007705688476,53.2715098063151,4.016801185078091,1.4630118793911404,615.1184597439235,2
3.426475180519952,-4.022110811869304,53.61935878329807,4.013732443915473,1.4559746185938518,630.7032179090712,2
3.420995195706685,-4.045203288396199,54.02380307515463,4.042959411938986,1.437239110469818,671.0529886881512,2
3.4261340936024984,-4.028543641832139,53.57486758761936,4.023607243431939,1.4564522637261286,679.3914198133681,2
3.428616480032603,-4.031646418571472,54.03261398739285,4.021849470668369,1.4584943830966948,699.2741807725697,2
3.421562107404073,-4.019273853302002,53.77676518758138,4.014721647898356,1.4554102341334023,697.6461364746093,2
3.4276893536249795,-4.009960328208075,53.77377361721463,4.002690664927164,1.4686053209834626,696.9163275824654,2
3.4013904200659857,-4.0170512199401855,54.3684819539388,4.003916369544135,1.4355772601233587,731.9384358723959,2
3.4202026367187504,-4.020733571052551,54.06116008758545,4.006611680984497,1.456087327003479,689.4392578124995,2
3.422615708245172,-4.019172938664754,53.9020763821072,4.015129841698541,1.4580170313517251,696.1616536458333,2
3.4046610156695047,-4.0264832072787815,54.31292561425104,4.0236559364530775,1.432761894994312,748.7311235215931,2
3.404246457417806,-4.018798224131266,54.3583620707194,4.011031659444173,1.4396575530370077,769.3814493815104,2
3.391570574707455,-4.041374537679884,54.43352603912354,4.033952845467462,1.4122521579265594,754.4306725396048,2
3.397627711296081,-4.040945217344496,54.94274275037977,4.0455540551079645,1.409228006998698,725.9749891493055,2
3.3779739061991374,-4.023121770222982,54.349304072062175,4.01136983235677,1.4096580346425374,780.0101542154953,2
3.3873756090799967,-4.020966254340278,54.60007061428494,4.010000546773274,1.4173195838928223,769.5542100694445,2
3.3666580465104845,-4.033744324578179,55.09667591518826,4.023525720172458,1.384149823586146,801.9006676567925,2
3.3818551301956177,-4.038947582244873,54.62410545349121,4.028047323226929,1.4041367769241333,779.8325500488281,2
3.382644788424174,-4.020264098379347,54.65452575683594,4.010489477051629,1.4145860168668958,797.2803103976784,2
3.376081853442722,-4.011813788943821,55.00265206231011,3.999136447906494,1.4135176658630373,857.0632921006948,2
3.3830738186836244,-4.013418292999267,54.874440383911136,4.007165503501892,1.4186780452728271,843.5464009602866,2
3.374113874965244,-4.024827575683593,54.61386638217502,4.010225719875759,1.405014193058014,837.3946953667535,2
3.372550149758657,-4.038782742288378,55.38101545969646,4.022913230790032,1.3938734498288896,871.051018608941,2
3.3618128458658854,-4.054069264729818,55.51537780761719,4.044235610961914,1.3698647578557333,866.9274047851563,2
3.374718831645118,-4.033177089691162,55.23800775739882,4.016752881473965,1.4038789033889776,889.5961452907989,2
3.371409326129489,-4.037278286616007,55.44787178039551,4.026025401221381,1.391557558377584,872.4486436631945,2
3.3517036318778994,-4.031244206428528,55.48992176055908,4.012855672836304,1.370554143190384,871.7805938720704,2
3.35719445016649,-4.036994245317247,55.406714545355904,4.0229070451524525,1.3781435887018838,905.7872653537328,2
3.35658702188068,-4.038636575804816,55.74380158318414,4.030697417259216,1.3742526133855186,909.9965359157987,2
3.3507123072942098,-4.031205542882284,55.401227442423504,4.008682155609131,1.3771998286247251,941.8348795572916,2
3.347587090068393,-4.040184240871006,55.29309980604384,4.028049596150717,1.3677371833059524,933.6747982449004,2
3.3612131224738224,-4.0332589467366535,55.76049355400934,4.032276100582546,1.38534103764428,944.2255262586806,2
3.341455260912577,-4.047357559204102,56.078792889912926,4.0444895426432295,1.3533059557278948,944.731877644857,2
3.341389881239997,-4.046450683805678,56.03107621934679,4.038018359078301,1.3554019411404927,944.453407796224,2
3.3430868268013,-4.020413419935438,55.520534133911134,4.016922696431478,1.3724638793203563,940.0296746148005,2
3.337490129470825,-4.016846942901611,55.54070816040039,3.999517774581909,1.370824432373047,977.3680664062504,2
3.347593269083235,-4.026768085691664,55.66475488874648,4.024674958652921,1.3771837115287782,987.1148111979168,2
3.3428337044186063,-4.0451798174116345,55.8280283610026,4.032598151101007,1.3641568885909183,1001.9399820963542,2
3.3446996649106344,-4.037846128145854,55.71633027394613,4.030146511395772,1.3681907852490742,988.1029541015624,2
3.3189892980787485,-4.040834469265408,56.226373799641934,4.0191219541761605,1.3411504877938163,1034.3261094835073,2
3.324410637219747,-4.021343649758232,55.96939114464653,3.995110322369469,1.3574781742360864,1023.97679172092,2
3.3361451705296834,-4.0155789693196615,55.666245778401695,4.001425401369731,1.3737019141515097,1019.1936116536456,2
3.318857047292921,-4.031236860487196,56.5677104526096,4.034768515162998,1.3449129495355818,1088.575018988715,2
3.3189630137549506,-4.031949583689372,56.0089966668023,4.006002373165554,1.3468094772762726,1031.1513726128471,2
3.3224759221076963,-4.020169401168824,55.81492252349855,3.999048984050751,1.3626202881336211,1069.7303955078128,2
3.307160147031148,-4.0468545913696286,56.56651403639052,4.021974865595499,1.3293490873442757,1074.738079155816,2
3.314592250188192,-4.045400865872701,56.60052132076687,4.020375686221652,1.3434517025947572,1078.8008734809027,2
3.315800746281942,-4.036800384521484,56.31052907307943,4.020661989847819,1.348893443743388,1093.4742838541663,2
3.306884100702074,-4.03289897441864,56.71183867984349,4.01912010245853,1.3298965672651926,1069.1775458441846,2
3.312198106447856,-4.034040143754747,57.03375812106663,4.036484824286567,1.3352430754237703,1095.0745578342012,2
3.292747803529104,-4.03197451432546,56.87426503499349,4.014879314104716,1.3255888720353444,1132.356083170573,2
3.278637901941935,-4.04614290661282,57.19826897515191,4.014533827039931,1.311889198091295,1142.6905870225696,2
3.292095051871406,-4.043108065923055,56.55304145812988,4.022904263602363,1.325445734792286,1147.4077724880642,2
3.2951406955719,-4.025399971008301,56.30031776428223,4.006785297393799,1.343377375602722,1174.1046264648437,2
3.2897395425372653,-4.035761740472582,56.924709468417696,4.030604728062948,1.315283093849818,1145.5990295410156,2
3.277656412124633,-4.053384452395969,57.04811138576932,4.034826458825005,1.2964135222964817,1152.1789415147575,2
3.270621530214945,-4.035138448079427,57.34504998524984,4.01485915184021,1.3149306575457256,1221.9891215006508,2
3.28737825817532,-4.032670153511895,57.2953987121582,4.0259836249881324,1.32570258114073,1177.5558742947046,2
3.2727307359377544,-4.038938887914022,57.33933993445503,4.03114079369439,1.3058403737015194,1203.391239420573,2
3.2530128161112466,-4.044051043192546,57.5360844930013,4.033811632792155,1.2806994358698525,1214.95,2
3.2494322207238944,-4.040777688556247,57.47323008643256,4.025443124771118,1.2812338524394569,1238.9437832302517,2
3.273877991570367,-4.031179836061265,57.33564885457357,4.039902114868164,1.312973776128557,1235.4749593098957,2
3.272299110889435,-4.02935802936554,57.26300048828125,4.018904685974121,1.3183540105819702,1215.3892211914062,2
3.2662624094221324,-4.02622487809923,57.438499535454646,4.0138869815402565,1.313714133368598,1227.849240451389,2
3.260710044701894,-4.032699977027045,57.52061557769776,4.029818410343594,1.2957589579953086,1235.9992689344615,2
3.2541778167088826,-4.01800209681193,57.89870084126791,4.007251596450805,1.2938005646069846,1238.101839192709,2
3.2634486079216005,-4.007588640848796,58.209380319383406,4.014746528201633,1.2993378427293565,1252.096309407552,2
3.254128588570489,-4.0249636967976885,58.27741283840603,4.026078595055474,1.2865780062145658,1267.733113606771,2
3.2526399016380307,-4.026548186937968,58.257245763142905,4.03168310324351,1.287030432621638,1281.4415547688805,2
3.237501539124383,-4.032542122734918,58.17580765618219,4.026015276379056,1.270164167881012,1283.6949557834212,2
3.236534239186181,-4.037477575408088,58.54978175693088,4.03414376311832,1.2732140355639987,1331.2542738172742,2
3.2386839389801025,-4.0092002868652346,58.46066131591797,4.024712944030761,1.2729897975921631,1298.462060546875,2
3.223101887438032,-4.02078378200531,57.7979769176907,4.002463883823818,1.2679642074637942,1300.0154045952693,2
3.223344379001193,-4.017702976862589,58.08651661343045,3.992930459976196,1.272264782587687,1312.9234347873269,2
3.2281672875086467,-4.013447777430216,58.23132483164469,4.004110662142436,1.268682583173116,1308.1866841634114,2
3.2225685543484155,-4.025708060794407,58.230702548556856,4.009956381056044,1.263774111535814,1311.3715603298615,2
3.194376281897227,-4.022610192828708,58.16905367109511,3.998655630482568,1.2456805262300703,1394.423530409072,2
3.2346743345260625,-4.007103443145752,58.13014856974284,3.9917999505996704,1.287512640158336,1327.4356079101556,2
3.221741289562649,-4.02700248559316,58.19614007737901,4.004078986909654,1.2732782125473023,1343.5493903266058,2
3.2028979513380262,-4.040893321567111,58.39952774047852,4.004443963368733,1.252144349945916,1355.236056857639,2
3.176139438152313,-4.030015468597412,58.65512409210206,3.988741326332092,1.228524929285049,1379.5551086425785,2
3.169740133815342,-4.028981325361464,59.4488636440701,3.9949743297364977,1.2086489703920154,1391.4035902235244,2
3.189948360125224,-4.0102203157213,59.19980091518826,3.988882667488522,1.2330261303318872,1403.2740987141926,2
3.1846263885498045,-4.004543431599935,58.79685567220052,3.983561007181804,1.23153395652771,1407.1965657552084,2
3.173154979281956,-4.028855795330472,59.280573611789286,4.002654172314538,1.209610925780402,1411.1629333496094,2
3.155485600895352,-4.030507771174113,59.58284255133735,4.006625896030002,1.1930154826905992,1438.3729885525177,2
3.1478718956311544,-4.040913462638855,59.49267813364665,4.009865999221802,1.1799628138542175,1426.4732930501302,2
3.1398028797573514,-4.043703926934136,59.755607181125214,4.0114509264628095,1.1674479908413358,1429.3105875651042,2
3.1505212015575834,-4.014059901237488,59.43872905307346,3.992669151888953,1.1926721652348835,1451.5805976019967,2
3.130414247512817,-4.016363000869752,59.662796401977545,3.989693450927734,1.17461701631546,1471.246130371094,2
3.119944079717,-4.0167426215277775,59.62691146002876,3.984246998363071,1.1687916020552316,1496.2591966417106,2
3.1134808434380425,-4.024934980604384,59.841515350341794,3.9969477070702446,1.1595184882481893,1487.9128743489582,2
3.089595337708791,-4.032833576202393,60.13762696584066,4.005070010821025,1.122859477996826,1475.0398152669272,2
3.08078575929006,-4.020355955759684,60.08915006849501,3.99249639776018,1.1238173564275105,1506.2490180121529,2
3.052107422881656,-4.037866968578763,60.27232382032607,4.002255214585198,1.0940600209765954,1502.5758355034725,2
3.0107076009114584,-4.047772185007731,60.26479797363281,4.0048262278238935,1.0503021240234374,1529.617626953125,2
3.0013141287697684,-4.05495433277554,60.393515057033966,4.01206652323405,1.0445845511224534,1549.1612826877172,2
2.982272889879015,-4.045897801717122,60.50192303127713,4.0006866455078125,1.0280115538173251,1562.0666097005208,2
2.9336557149887077,-4.051018643379212,60.42824096679687,4.002949094772339,0.9870564311742772,1571.5968200683596,2
2.85886566374037,-4.0517241372002495,60.91326014200846,3.999168157577514,0.9195307585928174,1621.4945963541668,2
2.8082985957463578,-4.026462205251058,60.5962217119005,3.992029884126451,0.8705268793635894,1600.9888014051648,2
2.7228970209757475,-4.037299267450969,60.97432848612468,3.992321721712748,0.7836876908938081,1612.2027058919275,2
2.6497289538383475,-4.028472079171075,61.10123676723904,3.966612186696794,0.7212258328994106,1651.7974853515627,2
2.5826235824161103,-4.037861103481717,61.4705443488227,3.9769399642944334,0.6386800328890482,1654.0116617838542,2
2.4467407425244643,-4.04845400651296,61.48339792887369,3.95827153523763,0.5012105708320929,1684.274904378255,2
2.3254675520790955,-3.7434830427169583,61.65754674275721,3.714212796423153,0.3048379333482792,1668.6174492730042,2
2.9984985735681366,-0.2350858500434231,62.37533978356255,0.2988414357105821,0.027966518782906,1670.3122911241328,2
3.098149299621582,-0.1260637640953064,62.774879455566406,0.1356989294290542,-0.0005246708169579,1663.25830078125,2
3.841068744659424,-3.904369592666626,45.22968292236328,3.921396017074585,1.9360697269439695,-8.854050636291504,3
3.825217120391501,-4.042054731293587,45.71752024505098,4.052675963795117,1.8536795815505551,5.78988293200563,3
3.820605741382319,-4.028742014351538,45.81942027032712,4.040213137696692,1.8396290298235616,1.8531007928363332,3
3.812631360555099,-4.046404951709812,46.127091359283966,4.068846581345897,1.832701204186779,31.554531550003325,3
3.792679895788937,-4.038121694898875,45.23892392950543,4.032682588544943,1.8245286133329748,50.22988854963226,3
3.789223152365388,-4.027795371362719,45.78736569248351,4.028009279973089,1.821830517828128,45.33223832125044,3
3.7610970796164818,-4.063870341090833,46.17805694321454,4.077279826342049,1.781509953030085,76.85792399260959,3
3.756896964574264,-4.043932222377109,46.06713145196775,4.049144491637494,1.7837672038266887,81.55170126015183,3
3.755662608281367,-4.026391228713559,46.37752330370542,4.034530989867819,1.785514418014699,92.5687057581325,3
3.725203368623378,-4.027734489764198,46.406883369057866,4.045301970788988,1.7432979385731584,67.7479969606561,3
3.728018221882104,-4.027498926820055,46.788556697004935,4.044322070428881,1.7530527047518285,88.62693428858526,3
3.721558380935152,-4.0398154878346935,47.36528381520072,4.054700032465876,1.7347729893053991,85.20465721518305,3
3.724112765263703,-4.048023676468154,47.57974598771435,4.065956770363501,1.7326098256191964,82.6669488680565,3
3.7057342246427374,-4.0417299082050215,47.73269528318933,4.056218190381756,1.7127677087729931,96.1695785091422,3
3.703449773249653,-4.026884604308565,47.484359180859926,4.036873386404609,1.7177904817344103,101.79595774849928,3
3.6927216942027465,-4.035539231057895,48.14769285816257,4.032807511798406,1.7051682148949574,130.48065832105735,3
3.695703608841546,-4.018499492925439,48.09178237052961,4.03411025785457,1.7029096420201877,95.80655519302285,3
3.677167676936435,-4.0388696692084185,48.13889319209729,4.044471794602561,1.6777614577341888,117.25565859692246,3
3.679088923890712,-4.032818567954887,47.94756814988993,4.034417588832015,1.6880010123980247,130.1204559843419,3
3.6775689057711154,-4.02298625310262,48.09030500508971,4.0260315965124445,1.6854429548069585,120.79325746008232,3
3.676853619052865,-4.03621784845988,48.18000282675533,4.027801246966346,1.690536422918072,148.1277827031195,3
3.675178139896716,-4.031088295629469,48.32435588513391,4.029122845601227,1.6838930037062048,141.1140685000662,3
3.6477450233394815,-4.024001568724207,48.86025830716064,4.016974336009914,1.6501448572018729,162.3833012122893,3
3.647704932649257,-4.042763658836063,48.94776588914085,4.021850895746953,1.6554086821227425,190.32225691800733,3
3.63559310315019,-4.031371496491513,48.85663540080442,4.021059456518141,1.643304028753507,188.4267280707925,3
3.61650168558972,-4.026749309173412,49.01895298930885,4.010058675108656,1.624455697792398,210.8330866064729,3
3.625346878827629,-4.032562034951765,48.89655454818812,4.021697467329812,1.6333629169033073,197.87488568839376,3
3.616083468421031,-4.023860470723298,49.31959094031382,4.006830449831687,1.6183856624667927,217.58143460548536,3
3.6241001436265847,-4.035646799593995,49.49966641873289,4.008230841092471,1.641294198521113,248.54544300144,3
3.610677329833898,-4.064139387701864,50.21877952618788,4.06502810709894,1.6163877437343703,264.6612111754338,3
3.590053307808052,-4.052679773104392,50.37471991070246,4.0251036094406905,1.592333682512833,271.7157215183064,3
3.5938206271263167,-4.039100307529256,50.02450833078159,4.01312166957532,1.5951796365996538,257.20490062304145,3
3.5913004053514554,-4.040739848788848,49.99152290214926,4.005444012119272,1.6052713474984897,282.9262445309742,3
3.6063733626220182,-4.036282321154061,50.18678089723749,4.016167996293407,1.6212578446178112,277.9497334108514,3
3.588083816786944,-4.040435866447492,49.779765910347976,4.005858286625921,1.6120681385535978,299.38054781983794,3
3.590078892680885,-4.034242414485263,50.01328003877974,4.00824345033721,1.604804882895475,285.3030495508916,3
3.580739255678856,-4.028693077927929,50.295497958943,4.023951142521228,1.5880320051969108,289.7786818682138,3
3.5853920925808493,-4.037933319975427,50.42388230663235,4.019992583215574,1.6075615168964796,323.5712244066142,3
3.5772409789306296,-4.050073138738083,50.65234413793532,4.015083423442087,1.5913714944979565,321.8076447740113,3
3.5642789703304483,-4.049773693084717,50.94279007992503,4.004654819682493,1.5696759223937988,337.8339414434919,3
3.564318029220495,-4.039854731263414,50.9363452889825,4.022651510723566,1.5824130766809323,343.9588386837372,3
3.5565144140168097,-4.049506351772675,50.92268304770949,4.021163258848891,1.5747067126850622,351.2656199999449,3
3.551815283500542,-4.045822604227874,50.99289334830591,4.028604725659904,1.5676920777660304,355.66971342442406,3
3.538334348107462,-4.037873079547774,51.164827680857165,4.006064253338312,1.563031098263412,392.44699631168345,3
3.526296431061912,-4.044096240889554,51.51898641640184,4.014436689473815,1.5413438546455511,401.8065109683968,3
3.529489973844108,-4.045292361307952,51.373897875769664,4.010349281763626,1.5505794468572585,395.2107673257085,3
3.530372035031938,-4.026561952580167,51.21037652398233,3.984847404189029,1.5747100491981725,408.9046491202662,3
3.525955444001882,-4.03575489884716,51.6307394598837,4.027780834564381,1.5463795304971897,399.7340030993447,3
3.5260501716096524,-4.05331045086101,51.87085471718999,4.022807064702955,1.543093315625595,417.1748264118776,3
3.522268873150065,-4.034104002397613,51.39804148269912,4.023025615067132,1.5525436717911627,416.1103786317643,3
3.517213977662857,-4.027565907623808,51.79979160545909,4.001425549135369,1.5438778757375513,428.51118805448885,3
3.521285861225452,-4.016049231513072,51.97094157590704,4.012466228614419,1.5412120192737904,412.1557068905588,3
3.5151554164239918,-4.002014879452981,51.82102412423172,4.003187306183206,1.5511596290405183,439.12022649905134,3
3.4884094087417514,-4.025236757461634,51.79260969431387,3.999279334720245,1.528321200171433,481.888877566925,3
3.4948366941031765,-4.028908042584435,51.97453637850487,3.999784417071585,1.5327597270577642,481.640798277774,3
3.5008171628424005,-4.027488872829804,51.98129533239677,4.01758701249031,1.5320459536913424,460.2886074949792,3
3.492478979509429,-4.024875608541198,52.2614493504756,4.018178974841274,1.5205995585285337,470.0997888597392,3
3.484228869615975,-4.0225942417726674,52.55877504510395,4.018191870996508,1.5073448884285103,481.54628223483866,3
3.4827309584213517,-4.01504775763905,52.20325469970703,4.00809378273743,1.5216095838169592,507.2160910051423,3
3.4802388350168862,-4.032988707224528,52.916934967041016,4.016376972198486,1.5085875193277996,516.1917521158854,3
3.475246356705488,-4.030899379212977,52.96297590611345,4.034575769456766,1.490758109900911,499.1563818980072,3
3.4654932304964228,-4.027709112328998,52.90126190616586,4.019293049634514,1.491958734005858,530.004884536657,3
3.459699518936502,-4.023330486426919,52.9912539336641,4.00576737775641,1.4903666831679263,538.2547035001764,3
3.4581687531228797,-4.0020779835975775,52.79948683916512,3.981916621579962,1.4962233789896562,545.0669731528071,3
3.461456203191294,-4.006740621254269,53.01048181824765,4.0019546511483055,1.501290691100945,568.3005812477932,3
3.472973543371858,-4.018896108293264,53.413913015591895,4.014308614245916,1.5036286169526267,551.0077118092338,3
3.4600680238109525,-4.032688932903742,53.7084453388796,4.030374357255838,1.4864770921610169,595.915676310911,3
3.446627638434286,-4.026861662245066,53.454902993757166,4.0269168217976885,1.4743056061577664,596.4010761498059,3
3.4548810902288407,-4.023027713689428,53.35314708645061,4.012949437071375,1.4912925157169836,610.3842518262269,3
3.447959928189294,-4.021478418576515,53.61946907690016,4.02338214647972,1.4770400887828763,596.6513423596399,3
3.4410891479018044,-4.01296753802542,53.18181437691726,3.9939188391475353,1.4817178781423193,605.1588855463233,3
3.446558588642185,-4.03175610202854,53.38582473151428,4.021490115903865,1.479940264238476,621.1943862828831,3
3.431698621329615,-4.017846366106453,53.21431725712146,4.010318174200543,1.4657343019873408,608.4609778452726,3
3.428879605848237,-4.026754446622342,53.77761108053606,4.019814916923221,1.4551636196125697,631.9647878873147,3
3.4228297222805564,-4.042622277965654,53.943775845112775,4.04150711210434,1.4406940809077462,667.3563715185823,3
3.433545233839649,-4.025348824969793,53.61244040020442,4.017790802454544,1.4675370858887495,679.1249772411282,3
3.4235954648357327,-4.031725899647858,54.09538251801399,4.024088590158581,1.451185467553004,701.3327305680615,3
3.429601300234175,-4.013735070740435,53.6805951824296,4.009874642905542,1.468043366394474,691.8492410950741,3
3.423848839129432,-4.010699684337034,53.91631265413964,4.002113520088843,1.4638327481382982,703.5040500446904,3
3.401806350481712,-4.018854898248015,54.41079819673872,4.001623875677248,1.4365006173397863,731.076564293123,3
3.4345916583713167,-4.016834439530885,53.97508950960838,4.007298849396786,1.472947619729123,671.7701971194165,3
3.41508718264305,-4.023877935894465,54.02874193353168,4.023776830252954,1.444759063801523,713.0608696371822,3
3.407140527067885,-4.023406055687511,54.42853765972591,4.020093432927536,1.4386198540865365,755.7204927778515,3
3.401464301987556,-4.024706608831546,54.24250767594677,4.015380398701813,1.4335236327122831,763.2896856103239,3
3.397645477521217,-4.045806537240239,54.75769359782591,4.044400780887927,1.4110537242081205,729.9394686424124,3
3.394504021790068,-4.033266167182707,54.70326166099074,4.032708211133709,1.4133623757604823,733.6841658252782,3
3.3796067345613814,-4.019069588117007,54.36042158482439,4.006334482613257,1.4111328953403537,780.0733887408413,3
3.38153217202526,-4.025712312278102,55.00912397998875,4.019061775530799,1.4051667027554264,781.9190528998945,3
3.37650165180702,-4.037845226330946,54.756121640825,4.026051012136168,1.3980981475215848,789.1749288268007,3
3.386466174475891,-4.03386010692618,54.657723486086745,4.025129751970539,1.4100440693440413,773.4347427281957,3
3.3759945570412326,-4.013099314802784,54.89238952378096,4.00293426998591,1.41091701135797,832.9446731826008,3
3.383148175848406,-4.013509890453964,55.05944130245575,4.002278839800991,1.421424599017127,861.1499388958774,3
3.38295170546925,-4.0170440350548695,54.66598711175434,4.010717887662898,1.4160091001435189,827.9261557368909,3
3.374184988312802,-4.032076261811337,55.03245085376805,4.01630852586132,1.4010612540325875,851.4288712840972,3
3.3680849546766547,-4.048880105638235,55.67551885486322,4.04294502128989,1.3791856839831935,862.8470617606814,3
3.3691616651028564,-4.041899667621332,55.2193076139116,4.027271914616817,1.389809875165002,877.9910712807866,3
3.38116965455524,-4.031170077243094,55.35756974301096,4.017880334692487,1.4113609487727532,884.9468238959873,3
3.356756774719152,-4.033719429188529,55.5282715404101,4.019002499553444,1.373814033923176,867.8065495895128,3
3.361310010575979,-4.030299184012548,55.32646269717459,4.013286692947991,1.385657844570397,890.5756932490292,3
3.3568064560324458,-4.040848311731371,55.74416823306327,4.035097097946426,1.3736455359701385,901.8162127995894,3
3.3566657580898305,-4.028730764227398,55.566040426997816,4.0100150027517545,1.3839411742269656,933.2046467409295,3
3.3497019177776277,-4.037366894005382,55.27729668051509,4.022923905970687,1.3714073236379245,926.90773967161,3
3.3621482727891308,-4.033998634855626,55.61927336353367,4.034919520555916,1.3861271021729809,939.0458136089776,3
3.350126865893434,-4.040685518986761,56.044629199356685,4.0399772029812056,1.3669768255309194,939.518310546875,3
3.339352600992063,-4.050653759369069,56.083560059973074,4.042833452170851,1.351823007993106,948.8639191880732,3
3.350878121489185,-4.01961038880429,55.57904654034113,4.021160432847879,1.3812071266820876,928.561951718088,3
3.340729258154745,-4.016441382930777,55.570972787458345,4.000742607871018,1.3735288139116966,962.3300198484956,3
3.3484709599597307,-4.02114210829223,55.54741957497462,4.019355404848433,1.3807580100614472,981.6501654501016,3
3.344175520589796,-4.044111017453469,55.8739786309711,4.0342025191096935,1.3663125906960438,1002.6210896120232,3
3.348487014824388,-4.037138604848399,55.71435516702253,4.02932088119162,1.3733336413647494,984.6988608150156,3
3.3255417710643704,-4.039956356846006,56.1419202513614,4.023356642426744,1.34884945753604,1025.0203002240023,3
3.324663085452581,-4.026011224520408,56.06992740954382,4.000757059808504,1.3544678061695428,1020.0001893124338,3
3.340350058119176,-4.010728138314802,55.63876515189133,3.996327933618578,1.381314462861099,1011.5146974035576,3
3.322084068578515,-4.031504983955857,56.53042686591714,4.036275079694845,1.3482224045500244,1084.7937059995145,3
3.3197605852353376,-4.033241579088114,56.08193756362138,4.008184622910063,1.3457983307919266,1028.4564829680876,3
3.3249325954307944,-4.019544383226815,55.79075476005253,3.998359785241596,1.3650063229145977,1064.1238668840483,3
3.310105597232021,-4.045377828307071,56.54030660855569,4.021155672558284,1.3328626964051842,1071.1657266562938,3
3.3163881301879883,-4.045248872142727,56.598937729657706,4.020589836573197,1.3453333094968634,1074.495485467426,3
3.3176864782969155,-4.036814053853353,56.30865987141927,4.021063168843587,1.3509681224822998,1089.5792236328125,3
3.3091135307893915,-4.032495598335051,56.72117140602932,4.019219595160188,1.3322431758298712,1066.397060933087,3
3.313852439492436,-4.0338013778298585,57.030862711243714,4.037036831096067,1.3369800276675463,1092.2988012281517,3
3.294981004154615,-4.032885629578499,56.85968302064023,4.014263387453758,1.328088274109835,1126.3484555691646,3
3.2810692692880576,-4.04633407269494,57.16169040485964,4.015616010137871,1.314030583968944,1138.9072017346398,3
3.29695030390206,-4.041797201512224,56.49412588345802,4.022050857543945,1.3319540084418606,1143.058616508872,3
3.297262901640208,-4.022796086672336,56.3287195539744,4.005516569493181,1.3470675588327614,1174.7866728184597,3
3.2905901165331826,-4.040958366825082,57.02803274467167,4.036620837820452,1.311142382648705,1137.825198760814,3
3.276996818639464,-4.052729024725445,57.097377324508415,4.033671815516585,1.2980381694890684,1161.362054339911,3
3.2749235751265187,-4.034073536005398,57.41142779420325,4.016074552374371,1.3196230103067086,1213.1862089512713,3
3.29014302916446,-4.032872819631113,57.23537100236968,4.02684972515214,1.3264725262162376,1170.2806486140537,3
3.2727313809475653,-4.03946546780861,57.421324584443695,4.033793813091213,1.306044279518774,1205.3583260229084,3
3.250108035944276,-4.046575325357038,57.54839676248152,4.033538309194274,1.2761428538015331,1216.7871907552085,3
3.258395459018858,-4.038490158016399,57.39428851025252,4.026802836164917,1.29224741391543,1235.4050824009091,3
3.27631327257318,-4.029243719779839,57.35505417645988,4.040623592118085,1.316490682504945,1228.5630855237025,3
3.276571005751184,-4.027218085897844,57.27249591633425,4.011686828850353,1.326446915076951,1203.8028805835097,3
3.2639151090956,-4.029402207520048,57.47159923402603,4.02161974017903,1.3076616700759711,1230.8195159394868,3
3.2647821377899686,-4.03006400900372,57.57718554997848,4.024831295013428,1.2998795913437666,1230.0906920352224,3
3.2577965677121266,-4.010323427491269,57.98707563324837,4.002117647289556,1.298415188061989,1236.311046880517,3
3.267517813181473,-4.011235681630797,58.24835019731252,4.02136379446687,1.3012584703790266,1244.0530495508915,3
3.2578743312318448,-4.02968450319969,58.21974660582462,4.030291225950597,1.2904667551234617,1263.484428793697,3
3.249853865574982,-4.024674329380531,58.23013631098688,4.030766497897563,1.284728197728173,1280.8201145667815,3
3.238454764845681,-4.036527994662355,58.28884338120283,4.02603227270525,1.2745068315732275,1303.2703347071415,3
3.243933742329226,-4.027879141144833,58.55171585083008,4.038749492774575,1.2789595106900749,1312.0330769167108,3
3.2349444270807477,-4.006883260220458,58.143533954512606,4.01429199229526,1.2749807012956695,1291.414619747528,3
3.226057455364593,-4.024970208184194,57.84757635687704,3.997049438077851,1.275425330393732,1300.2534317620057,3
3.2254446037745077,-4.013450299279165,58.21804576809124,3.996724415633638,1.268053610446089,1311.605779098252,3
3.233383829310789,-4.01754502118644,58.15130371697205,4.009726535129008,1.2750669219399575,1298.001671742585,3
3.2075652308383225,-4.027643168713413,58.10938650874768,4.0017733897193,1.255129472010553,1346.3089165121833,3
3.2151203276747364,-4.017539048598985,58.16757641808461,3.996594978591143,1.2660915427288766,1355.6985111559852,3
3.2362674723910745,-4.012602307702188,58.18338135541496,3.995947358298437,1.2882709583993683,1320.9421407408636,3
3.2148712098935226,-4.038963805484233,58.40369046744654,4.011240972637457,1.2626779860695874,1348.7253838663046,3
3.1942521273079563,-4.033899832580049,58.31961421643273,3.990043191586511,1.2495769605798237,1353.8144779528602,3
3.1722066577544994,-4.0248505597734185,59.00086813457942,3.986997712129927,1.220443750505393,1382.928261277366,3
3.186014151169082,-4.021510498671882,59.42751710967156,3.99409048840151,1.2248182849021954,1389.9321213199594,3
3.1933860415119235,-4.003665018889864,58.96198899867171,3.987081248881453,1.2353496369668993,1397.495967541711,3
3.1821960082835394,-4.016812580453474,59.02971078042931,3.992098696487772,1.2266054544071687,1406.143924346751,3
3.1626213741841287,-4.032244892443641,59.47607273166463,4.008750233946547,1.1984257125585092,1422.212726485258,3
3.157457513324285,-4.034247632754052,59.4716865410239,4.007443815974866,1.190070340188883,1424.953044309454,3
3.1391271332562978,-4.050018817017981,59.715781648280256,4.015348474858171,1.1652013736929596,1426.8720358293608,3
3.156994439787784,-4.021127183558577,59.52225819819391,3.998598203820697,1.1930245309226255,1435.9881495244088,3
3.144050101102408,-4.010360952151024,59.5842289682162,3.989513966996791,1.186409123873306,1458.138543597723,3
3.130321171324132,-4.019121121552031,59.60539448193911,3.985899025437522,1.175747250433022,1481.115253685558,3
3.117518680917341,-4.020640227754238,59.767009045444645,3.992491354376583,1.165368849948301,1490.6697604939086,3
3.105309074207888,-4.03301289930182,60.08183198055978,4.00647232087992,1.139917375677723,1463.084336103019,3
3.0877261538963534,-4.020656828152931,60.06761518575377,3.9944139025305625,1.1267524237013136,1494.634544243247,3
3.069447343632325,-4.031809365008511,60.16394245557193,3.999416292050464,1.111997705394938,1494.9096341752736,3
3.025538549584857,-4.045726299285889,60.29303515159477,4.006342184745659,1.0622889429835949,1516.6633611129505,3
3.0148124748704124,-4.051939468599309,60.31476911986616,4.012036706094688,1.0560586937403271,1538.4640947762184,3
2.99264280809521,-4.04847482368771,60.422837575276695,4.003378306405019,1.038093461155218,1555.4969027244438,3
2.9633279695349217,-4.047319687018961,60.420805914927335,4.000948332123837,1.0111548718759564,1560.0673848814886,3
2.884783658604163,-4.056170129506602,60.83222269607804,4.003286350918355,0.9424168443949196,1606.3067433847557,3
2.8323541361059843,-4.029292413743876,60.596337140616725,3.991720300609783,0.8923464238980394,1597.9371703411898,3
2.7543272365958,-4.034355430279748,60.90115834898869,3.993861121646429,0.8117650201765148,1600.3742261983584,3
2.679271512112375,-4.026552394285041,61.09461960011283,3.9709266148044566,0.7479700695323406,1641.5489143328475,3
2.6184295732422727,-4.034976953840525,61.4590805614062,3.979897660724188,0.6734638042369121,1642.1874427579894,3
2.49267342939215,-4.048566292908232,61.600274037506615,3.969380681797609,0.5432122976092951,1671.8157503806942,3
2.3684000551363846,-3.80154631097437,61.618727560097234,3.767362458557725,0.3566676726785732,1653.734232929467,3
3.0339784541372548,-0.2002611960899996,62.38950216433423,0.2577163829641786,0.0184783631946234,1657.6615100580427,3
3.112745523452759,-0.1185707747936248,62.823028564453125,0.1278741508722305,-0.0048584687756374,1651.4593505859375,3
3.840999126434326,-3.9046950340271,45.22835159301758,3.921617746353149,1.9355497360229488,-9.208209991455078,4
3.8249709224700927,-4.043144683837891,45.70789779663086,4.053765792846679,1.8528309917449952,5.914879655838012,4
3.820620985031128,-4.027791538238525,45.8171418762207,4.03895788192749,1.8396266508102417,1.2832971191406255,4
3.8121420192718505,-4.047533206939697,46.11095825195312,4.070369682312012,1.83219162940979,32.915058288574215,4
3.792979049682617,-4.035933036804199,45.19847396850586,4.028884372711182,1.825848445892334,48.89216583251953,4
3.788797235488892,-4.029588508605957,45.8525016784668,4.031395149230957,1.8206119298934935,46.47615509033203,4
3.759772415161133,-4.064507656097412,46.172245483398434,4.077640838623047,1.780022234916687,78.11555511474609,4
3.756245393753052,-4.0406826210021975,46.04137222290039,4.045043067932129,1.7846128749847412,83.4674182128906,4
3.753938207626343,-4.0264448547363285,46.388437042236326,4.035222263336181,1.782367639541626,88.80416473388672,4
3.726451482772827,-4.0267202758789065,46.42735763549805,4.044861145019532,1.7449512147903443,67.02138275146484,4
3.728097724914551,-4.028767681121826,46.840023803710935,4.045079326629638,1.7527766704559329,89.45997619628906,4
3.721711645126343,-4.0399234580993655,47.38236572265625,4.055053405761719,1.7343737173080445,82.71924926757814,4
3.722383909225464,-4.050280838012696,47.72151870727539,4.067929782867432,1.7291195487976074,84.65455444335937,4
3.702389259338379,-4.036487236022949,47.62378112792969,4.05034143447876,1.7108402013778687,98.49224029541016,4
3.7063715362548826,-4.026065368652343,47.47520629882813,4.034226245880127,1.7227262449264529,102.02547485351562,4
3.6936984062194815,-4.037043762207031,48.24835433959961,4.035445785522461,1.7053283214569093,130.87303161621094,4
3.693751058578491,-4.021534538269043,48.14660171508789,4.035881996154785,1.6993249559402466,97.14909454345702,4
3.678169593811035,-4.039989948272705,48.05799133300781,4.0452783584594725,1.680142216682434,118.52414611816408,4
3.679917240142822,-4.030721054077149,48.019430236816405,4.035723152160645,1.6861495208740234,123.32704833984371,4
3.679524612426758,-4.023883686065674,48.045233001708986,4.024634666442871,1.6898041534423829,123.765959777832,4
3.676851129531861,-4.037952518463134,48.21596832275391,4.029075336456299,1.6908300638198852,151.10540771484375,4
3.6698063659667968,-4.025909919738769,48.39883682250976,4.02556640625,1.676671862602234,139.48795532226563,4
3.646657524108887,-4.026464214324951,48.905535583496096,4.015165271759034,1.650143761634827,170.36823547363275,4
3.646484270095825,-4.043994293212891,48.91283996582031,4.021953544616699,1.6553560543060304,193.4450830078125,4
3.634743165969849,-4.029249057769776,48.84537734985352,4.0200341606140135,1.6431160593032836,187.94261962890624,4
3.612919807434082,-4.0265631675720215,49.01367568969727,4.0103631019592285,1.6185704469680786,210.4435577392578,4
3.625082540512085,-4.033074684143067,48.95210433959961,4.027025241851806,1.6306723356246948,192.6204364013672,4
3.616512517929077,-4.016944179534912,49.2186245727539,3.9908377265930177,1.6286268854141237,228.44812683105476,4
3.626766357421875,-4.046600761413574,49.669441833496094,4.032097415924072,1.640881700515747,249.04021911621092,4
3.600177516937256,-4.064654579162598,50.39859069824219,4.05808162689209,1.603903398513794,270.04551513671873,4
3.594383764266968,-4.04472074508667,50.09954452514648,4.015064716339111,1.5971312999725342,260.5856536865236,4
3.590233392715454,-4.042313156127929,50.09729263305664,4.014606189727783,1.5931685829162598,266.2248168945312,4
3.596165199279785,-4.034086971282959,50.014931640625,4.000889568328858,1.613569884300232,287.82302734375,4
3.598586015701294,-4.035991153717041,50.04808731079102,4.010821857452393,1.6173782825469971,286.82375,4
3.5885563850402837,-4.03820255279541,49.733822631835935,4.004194297790527,1.610272660255432,291.8017492675781,4
3.5891907691955565,-4.031928062438965,50.07316360473633,4.017963027954101,1.6000272750854492,281.2694274902344,4
3.580536994934082,-4.029848861694336,50.3831462097168,4.0177133178710935,1.5921020460128783,301.3285021972657,4
3.58936824798584,-4.047760581970215,50.408125,4.030694332122803,1.613885293006897,328.5017614746094,4
3.5708594417572024,-4.044756317138672,50.62838027954101,4.001954803466797,1.5756680965423584,319.2078881835937,4
3.564440574645996,-4.04827543258667,51.03059585571289,4.016816024780273,1.5720697402954102,334.45317016601564,4
3.5573441982269287,-4.041106986999512,51.091375732421874,4.020899868011474,1.5775758028030396,356.3241455078125,4
3.554298076629639,-4.051931629180908,50.91359802246094,4.030429897308349,1.5703810358047483,350.64305419921874,4
3.5419930362701417,-4.040806274414063,51.0471989440918,4.019880466461181,1.5624693822860718,376.92071411132815,4
3.5313937664031982,-4.043122730255127,51.37501693725586,4.007505893707275,1.5493451023101807,399.0162915039063,4
3.532083759307861,-4.043020610809326,51.34655960083008,4.016052093505859,1.550090832710266,389.1221728515626,4
3.528127670288086,-4.0389727592468265,51.25210037231445,3.989849042892456,1.5656097412109375,411.31235961914064,4
3.531667833328247,-4.029427490234375,51.44048522949219,4.012551422119141,1.56631826877594,401.1163989257813,4
3.521395645141601,-4.045695934295654,51.69118713378906,4.024303016662597,1.5387396907806397,413.3056420898438,4
3.5301090812683107,-4.042903213500977,51.54588088989258,4.02114049911499,1.5579894542694093,413.5902758789063,4
3.514477939605713,-4.024487094879151,51.60224914550781,4.011088638305664,1.5438138818740843,428.22131225585935,4
3.5269131660461426,-4.028460502624512,51.81635665893555,4.0027594566345215,1.5496553182601929,411.344482421875,4
3.517462511062622,-3.999966592788697,51.90534317016602,4.008521308898926,1.5455738115310669,420.9377661132812,4
3.497926073074341,-4.01441442489624,51.866501312255856,4.0011476707458495,1.5337204885482787,465.1172021484376,4
3.488610534667969,-4.030946636199952,51.83903686523438,3.999344129562378,1.5297554302215577,487.24469848632816,4
3.4995604610443114,-4.027295246124267,52.07846832275391,4.009756965637207,1.5342866325378417,472.19289550781247,4
3.497659158706665,-4.024155712127685,51.971187591552734,4.017561626434326,1.5279393911361694,460.2255920410156,4
3.4880248165130614,-4.024982986450195,52.478670806884764,4.018477249145508,1.5112266302108766,473.1414660644531,4
3.48552921295166,-4.014664287567139,52.22894943237305,4.009861450195313,1.521982102394104,498.0556652832031,4
3.47932954788208,-4.026237907409668,52.59806076049804,4.009736633300781,1.5139530754089356,519.2140625000001,4
3.4796643543243406,-4.0358811378479,53.084895629882816,4.033196392059327,1.4989662504196166,507.1830114746094,4
3.4690587520599365,-4.02663221359253,52.79796524047851,4.022765064239502,1.4928941965103149,516.1997924804685,4
3.4613288402557374,-4.028243484497071,52.99299072265625,4.015102195739746,1.4904693126678468,542.4029711914062,4
3.453644313812256,-4.0042156219482425,52.76369064331055,3.980012378692627,1.491210489273071,547.9288793945312,4
3.458112907409668,-4.004541339874268,52.91106872558594,3.994899129867554,1.4995231246948242,564.0407153320314,4
3.4723157405853278,-4.013441925048828,53.27827392578125,4.010994205474853,1.5062260055541992,551.4368237304687,4
3.464565706253052,-4.032027339935302,53.67591247558594,4.026204395294189,1.491229510307312,585.3704101562496,4
3.448601274490356,-4.027478561401368,53.56546905517578,4.031419048309326,1.4743288564682009,594.252490234375,4
3.4541284370422365,-4.020945644378662,53.22967788696289,4.009080982208252,1.492700662612915,608.8017309570312,4
3.4515228939056395,-4.024555530548096,53.620546875,4.027105407714844,1.4795809936523436,595.9650512695313,4
3.442923402786255,-4.010957946777344,53.20160095214844,3.996365747451782,1.4830250120162964,601.014853515625,4
3.4508751392364503,-4.027288818359375,53.34869537353516,4.012606143951416,1.4881945610046383,619.4295654296875,4
3.434500494003296,-4.018826675415039,53.24706344604492,4.015197429656983,1.4680348777770995,609.9807568359375,4
3.430518112182617,-4.022058029174805,53.63718841552735,4.014277381896973,1.4602966547012328,627.3123364257813,4
3.424799175262452,-4.04376672744751,53.99499114990235,4.04223747253418,1.4419824695587158,666.699462890625,4
3.432663230895996,-4.025232677459717,53.54438293457031,4.019781341552735,1.4655524444580077,675.6268090820312,4
3.4285812377929688,-4.03171443939209,54.0989875793457,4.0230865478515625,1.457250714302063,698.7283325195312,4
3.4292774772644044,-4.014385509490967,53.67020614624024,4.010651264190674,1.4673074197769165,691.6270971679688,4
3.4284033489227297,-4.008878364562988,53.82885284423829,4.000790386199951,1.4701444435119628,697.3920678710938,4
3.403781843185425,-4.017521591186523,54.388406677246095,4.001577014923096,1.438946123123169,729.416845703125,4
3.433252773284912,-4.017050552368164,53.978374023437496,4.006410121917725,1.471576294898987,673.5710717773437,4
3.4193148612976074,-4.021785640716553,53.971710205078125,4.021160507202149,1.4509385347366337,706.6669189453124,4
3.4085342121124267,-4.023165321350097,54.38999938964844,4.020060024261475,1.4401119470596313,752.4060815429686,4
3.4042358875274656,-4.022623615264893,54.232939453125,4.013561573028564,1.4375543546676637,762.5718603515625,4
3.398982591629028,-4.045004730224609,54.68607070922851,4.04269208908081,1.414006142616272,730.8120239257815,4
3.3969374084472657,-4.033519611358643,54.70190414428711,4.033911647796631,1.4155386447906495,729.5078247070313,4
3.3808256149291998,-4.018779754638672,54.32677536010742,4.006183719635009,1.4128937005996702,779.0642089843751,4
3.3842141819000244,-4.024617767333984,54.97581573486328,4.018159828186035,1.4093380165100096,779.1030639648438,4
3.378490056991577,-4.036853923797607,54.74096618652344,4.025539875030518,1.4007258558273314,787.8162866210938,4
3.3884835624694825,-4.032931213378906,54.64197143554687,4.024498786926269,1.41259783744812,771.551611328125,4
3.377843360900879,-4.011901149749756,54.87867263793945,4.002258014678955,1.4139311981201172,832.5382226562499,4
3.3851333141326903,-4.012761783599854,55.03424224853516,4.002090740203857,1.4244005441665648,859.4314208984375,4
3.38462028503418,-4.016460628509521,54.628543548583984,4.010210609436035,1.4185869169235232,826.4540454101563,4
3.376497144699097,-4.031198902130127,55.06139526367187,4.015981788635254,1.404231433868408,852.8507397460935,4
3.3692219829559327,-4.048410797119141,55.63363067626953,4.043319168090821,1.3809193181991577,860.8969067382812,4
3.372792377471924,-4.038235874176025,55.190863037109374,4.02440258026123,1.397068901062012,877.7884936523438,4
3.3816024303436283,-4.031347560882568,55.35917892456055,4.019811534881591,1.4108368396759037,879.3743896484378,4
3.358074922561645,-4.031519641876221,55.50006072998047,4.016903591156006,1.376893286705017,866.17193359375,4
3.36310715675354,-4.0307419395446775,55.31990631103516,4.015899162292481,1.387981104850769,892.7032788085938,4
3.3593342113494877,-4.0389049530029295,55.741531677246094,4.034727840423584,1.3772440910339354,900.184660644531,4
3.35697283744812,-4.027700634002685,55.47250564575196,4.007472057342529,1.385867109298706,934.6228271484374,4
3.3508317470550537,-4.037420749664307,55.24549102783203,4.025228023529053,1.3728348016738892,924.1853637695312,4
3.3665950679779053,-4.031040115356445,55.68187225341797,4.033274612426758,1.3932247304916383,937.7882153320312,4
3.347719459533692,-4.0434382629394525,56.0517790222168,4.043389358520508,1.3629294347763066,937.8509912109377,4
3.344863052368164,-4.044662914276123,56.015555419921874,4.039087886810303,1.3605694675445557,940.2221728515626,4
3.3481201457977297,-4.0176122283935545,55.506754302978514,4.017593479156494,1.3797767686843871,933.1549047851564,4
3.342612361907959,-4.014170932769775,55.52940139770508,3.999559783935547,1.377903938293457,972.154382324218,4
3.352875232696533,-4.024990463256835,55.66459640502929,4.026372699737549,1.3848871183395386,981.781779785156,4
3.348695306777954,-4.042756633758545,55.800234375,4.032367897033692,1.3724242877960204,993.8131762695313,4
3.3480015659332274,-4.036093654632569,55.71547912597656,4.031918029785157,1.3736515283584594,984.4147119140628,4
3.3226348686218263,-4.039732761383057,56.221215362548826,4.017123203277588,1.3464718294143678,1026.8760473632815,4
3.33313307762146,-4.01297197341919,55.8459358215332,3.9901214599609376,1.3721988916397092,1016.3880126953126,4
3.3378924751281738,-4.019972343444825,55.71956329345704,4.011637191772461,1.3723349571228027,1021.5370312500002,4
3.32300332069397,-4.030384960174561,56.59902221679688,4.030406017303467,1.350105223655701,1080.319482421876,4
3.328208827972412,-4.024637298583984,55.76298797607423,3.999297904968262,1.3635815572738643,1022.0825830078128,4
3.32464096069336,-4.022558307647705,55.95622360229492,4.003262777328491,1.363768801689148,1073.0305078125,4
3.3134399890899657,-4.046955490112305,56.65371475219727,4.021256732940674,1.3357167959213256,1064.00126953125,4
3.3193533420562744,-4.041877384185791,56.43419677734376,4.019915790557861,1.3523959922790527,1083.418583984375,4
3.3174410533905028,-4.035569133758545,56.32437591552734,4.020535793304443,1.3465252447128295,1071.2875781250004,4
3.3125335693359377,-4.033863067626953,56.91320877075195,4.025182666778565,1.3381969785690309,1080.858193359375,4
3.3078538227081298,-4.03191946029663,57.02703277587891,4.033766746520996,1.332606267929077,1108.5258251953128,4
3.29361891746521,-4.039051342010498,56.8473159790039,4.010100936889648,1.3280388355255128,1116.6725830078124,4
3.2845294189453123,-4.048383827209473,56.9277914428711,4.022017765045166,1.3160434341430665,1140.048828125,4
3.3044025707244877,-4.036169986724853,56.29400817871094,4.016344833374023,1.3461162185668945,1147.6533935546877,4
3.297192401885986,-4.019984455108642,56.580917816162106,4.01020351409912,1.3418717098236088,1163.113305664063,4
3.2899320316314697,-4.051939258575439,57.08618011474609,4.040677528381348,1.3053389120101928,1126.69576171875,4
3.2733325958251958,-4.041353225708008,57.2082405090332,4.021820068359375,1.308380365371704,1198.20556640625,4
3.287736558914185,-4.030521812438965,57.39833831787109,4.022754192352295,1.3324085330963136,1190.6142138671871,4
3.2861381053924563,-4.035514812469482,57.22194320678711,4.0294928550720215,1.3201424407958986,1182.9208349609369,4
3.268535852432251,-4.039792861938476,57.52423583984375,4.035822792053223,1.301809539794922,1209.800361328125,4
3.248757486343384,-4.044848766326904,57.54576538085937,4.028000202178955,1.2784491348266602,1230.9515234375,4
3.276200723648071,-4.034704113006592,57.28529968261719,4.03743782043457,1.3141968727111812,1231.9727783203125,4
3.2776890659332274,-4.028280620574951,57.24631225585938,4.027078971862793,1.3223073244094847,1214.8870996093751,4
3.2763877964019774,-4.024144954681397,57.34823959350586,4.010523700714112,1.3274459409713746,1210.05865234375,4
3.2660353565216065,-4.032685108184815,57.46349105834961,4.031963024139404,1.304081997871399,1231.824521484375,4
3.26247727394104,-4.0232127571105964,57.81906967163086,4.014567451477051,1.3006054544448853,1228.53212890625,4
3.266793966293335,-4.006755924224853,58.15241165161133,4.013486862182617,1.304446816444397,1247.4268798828125,4
3.260242719650269,-4.02261173248291,58.288207855224606,4.026759567260743,1.292765064239502,1259.20158203125,4
3.259908437728882,-4.027169132232666,58.24738632202149,4.033955402374268,1.2941716289520264,1272.87216796875,4
3.2441732025146486,-4.032248382568359,58.14893081665039,4.028143711090088,1.2765832090377809,1275.2489794921876,4
3.24255467414856,-4.037367076873779,58.51600555419922,4.035654468536377,1.2797408294677737,1322.965537109375,4
3.244730758666992,-4.00928373336792,58.44531402587891,4.027504348754882,1.2798188686370848,1291.8400878906248,4
3.2286975383758545,-4.02173038482666,57.77668914794922,4.002859191894531,1.2745181798934937,1294.3639794921874,4
3.228915004730225,-4.016648597717285,58.07767715454101,3.994421138763428,1.277959485054016,1306.3230761718748,4
3.235505266189575,-4.013677940368653,58.18674591064453,4.007211437225342,1.276641240119934,1298.0585693359376,4
3.2238188171386715,-4.026141357421875,58.17279113769531,4.00898666381836,1.2671274185180663,1312.3915234375006,4
3.204697561264038,-4.02184419631958,58.15602951049805,3.999049568176269,1.256002855300903,1378.965258789063,4
3.242805614471436,-4.006467113494873,58.10803802490234,3.993255462646484,1.296311287879944,1315.158603515625,4
3.2240974712371826,-4.0318084144592286,58.19411270141602,4.008710327148438,1.2757509326934813,1340.3896240234376,4
3.20425012588501,-4.037846412658691,58.31704315185547,3.998584575653077,1.256075029373169,1349.3630029296876,4
3.175706443786621,-4.026485080718994,58.79967453002929,3.986990594863892,1.2270539569854737,1380.549365234375,4
3.180284023284912,-4.030259132385254,59.51172637939453,3.9986982345581055,1.2160274982452393,1383.3670654296875,4
3.1990651226043703,-4.005536613464355,59.04188003540039,3.9887547969818113,1.2406684494018554,1390.9449121093749,4
3.188019304275513,-4.008734798431396,58.8067057800293,3.986407060623169,1.2373260068893432,1406.36998046875,4
3.1707183647155763,-4.032350597381591,59.35035339355469,4.008405132293701,1.2058409881591798,1410.6917529296877,4
3.1625303840637207,-4.0308496856689455,59.494149627685545,4.006675930023193,1.196315131187439,1427.9737646484375,4
3.1450983047485352,-4.048556232452392,59.6132698059082,4.014186954498291,1.1727977275848394,1423.6325683593748,4
3.157976560592651,-4.028161602020264,59.587172546386725,4.002912940979004,1.1904565811157224,1427.31974609375,4
3.152700862884521,-4.009514789581299,59.48466445922852,3.989931325912476,1.1944323873519898,1450.7652001953124,4
3.13539927482605,-4.0202492904663085,59.59467193603516,3.988373022079468,1.1793491315841675,1473.1782128906252,4
3.1224665451049805,-4.017213287353515,59.68906127929687,3.9885108566284178,1.1718922424316407,1493.2773925781253,4
3.114659881591797,-4.031436443328857,59.96996002197265,4.005691051483154,1.152462124824524,1458.7558837890624,4
3.090779685974121,-4.022071552276612,60.04939453125,3.9964729881286623,1.1277150297164915,1487.80154296875,4
3.0800058650970463,-4.027906169891357,60.09190078735351,3.997736053466797,1.12365858078003,1492.8038037109377,4
3.034108686447144,-4.0448408126831055,60.29973098754883,4.007011756896973,1.070374817848206,1510.1696533203124,4
3.0202245807647703,-4.050907306671142,60.24553009033203,4.011787662506103,1.0611925554275512,1533.3559765625,4
2.997348403930664,-4.050502872467041,60.38379974365235,4.00573034286499,1.043019151687622,1553.4298828125,4
2.9773140716552744,-4.044980697631836,60.42998428344727,4.000423431396484,1.0236530971527107,1557.6870361328124,4
2.896174736022949,-4.0574415588378905,60.73759979248047,4.004645328521729,0.9533085966110232,1598.492080078125,4
2.838632659912109,-4.031877651214599,60.624978637695314,3.991967353820801,0.8986069631576538,1601.0255322265623,4
2.762555322647096,-4.034798698425293,60.8535968017578,3.9952980136871337,0.8194697546958936,1597.332680664062,4
2.6826685905456547,-4.029071617126465,61.08707809448242,3.973446321487427,0.7513294577598577,1640.6189697265625,4
2.620128335952759,-4.035431785583496,61.40596130371094,3.9802589797973633,0.676010792255402,1640.632060546875,4
2.4898198604583737,-4.051022224426269,61.580552368164064,3.9705732250213615,0.540816440582275,1672.5135205078125,4
2.355654850006102,-3.844375514984161,61.459183197021424,3.7999019145965818,0.3569310438633038,1654.1754003906244,4
3.049548692703246,-0.1815307569503797,62.38954467773438,0.2367717730999007,0.013433199338615,1655.5597265624997,4
3.1145122051239014,-0.1182023510336875,62.84586334228516,0.1273110508918762,-0.0058988294331356,1648.5274658203125,4
3.8409957885742183,-3.9037797451019287,45.22433853149414,3.920967102050781,1.935030579566956,-10.263051986694336,5
3.8243809159780513,-4.044070205247471,45.68923297507225,4.054557499857996,1.8515588720409857,5.2135349022859785,5
3.8199337397007582,-4.027189770185879,45.8071585418172,4.037619436407365,1.8383472138057555,-0.0205888555229054,5
3.8110032701767937,-4.0489326873955696,46.09845890199518,4.071897388193649,1.8304585390697323,33.568780204464254,5
3.792309766559932,-4.033907860000698,45.15221431489625,4.024825644630917,1.8255733396276568,47.19809725105418,5
3.787252315896095,-4.03154345054847,45.90925106423439,4.034394129163268,1.8177923267287328,47.00785737230599,5
3.757312488004652,-4.065405255797281,46.160403587914615,4.077974829370576,1.776868444646714,79.26612915744673,5
3.754367052475152,-4.037484915959353,46.0196887992021,4.040720592344427,1.7836916136603824,84.86114876807768,5
3.750656738446627,-4.026500473132712,46.392856818403125,4.035813301284878,1.777034352969572,84.02145959049291,5
3.725934370404723,-4.02481584052819,46.44037610533609,4.043635858965747,1.7444353234561192,65.83914943099711,5
3.726750894778037,-4.029569915264328,46.90099894793737,4.046272831845146,1.749403515992137,87.5274104300262,5
3.7214774492848126,-4.038930030227396,47.37900940117808,4.055349716561378,1.7333375353344602,79.64007475748227,5
3.7199774684244495,-4.049549662308886,47.77084690160145,4.067326071634458,1.7258935071140356,84.25910693923862,5
3.6983660934977447,-4.030301645312006,47.53337626374526,4.043441527151648,1.7084553200385475,98.90827690521418,5
3.7034026694435607,-4.024562485645272,47.54533298029376,4.030159073757988,1.7205787208038947,104.7956034048444,5
3.694515327497714,-4.033084670932307,48.26902612234127,4.035121950800019,1.7049728845585288,124.25213614226767,5
3.689004899449431,-4.024001195940668,48.17727456065272,4.036661440237409,1.6928442943991953,100.10960255881956,5
3.676640977749246,-4.037749604682702,47.95174138945651,4.042995080782499,1.6805226892405165,120.62292837683177,5
3.6779821070632495,-4.0266380006867335,48.08282790432087,4.034759736474538,1.6817938068698597,116.836868947641,5
3.6790071388200527,-4.02454392758408,48.02784402659863,4.023345690931199,1.6908877233549349,127.99530540863208,5
3.6750806990386433,-4.0372027248316416,48.24837306469162,4.028506576670387,1.688422533128992,152.34951376501536,5
3.658614347435836,-4.020676384082419,48.54251497742758,4.01960308703384,1.6640324999142244,143.17912239559814,5
3.6451634657865313,-4.028647207800364,48.9085264481561,4.014108445603035,1.6496766695397438,176.94261575158623,5
3.642823428776912,-4.039070231377045,48.86513587642956,4.020133503599663,1.650994104457039,191.8728586538679,5
3.627003731755163,-4.027256006450322,48.90638353645457,4.015919338071966,1.635570127839987,195.3344670113801,5
3.614700857614506,-4.025514630223975,48.930333881708926,4.012760848668269,1.6204455705047345,204.1713388255566,5
3.618004060205008,-4.031994116788654,49.16147582655008,4.025079173159737,1.6204568058080069,200.26113477056435,5
3.6189065268963057,-4.018424604669471,49.1985350592288,3.988772820875135,1.635861435377529,235.96133325830365,5
3.621054376480896,-4.054591625412075,49.88800600084955,4.0514660818728405,1.6298747062683103,250.81206252257945,5
3.590737200885839,-4.058110518262565,50.460691926107245,4.040405653804712,1.5917676570098525,271.1634895457009,5
3.595656593410955,-4.03804697742352,49.93275451660156,4.012249494563638,1.5963895127952443,252.189717199072,5
3.589065849436501,-4.0429917980480745,50.02488243235329,4.011711228100551,1.5967295803775678,273.3498027117956,5
3.603630504167149,-4.033755525688216,50.11592075590453,4.009991011867633,1.6185569832090698,278.4071704666049,5
3.5899601892239787,-4.037745263535164,49.83511557606604,4.005984455174794,1.6120722176711684,294.3035262444116,5
3.5888238339065817,-4.034619678651667,49.90524587465848,4.006070682768188,1.604674761005909,284.76210542359104,5
3.582681438137341,-4.028719036565351,50.21028946452058,4.025555770521219,1.5890449864326874,283.6778400399092,5
3.580916764419203,-4.03448656942114,50.42284227933498,4.018121768973466,1.600144679835766,317.923113696148,5
3.578637500718839,-4.049700389707708,50.56698271029257,4.020835432703096,1.596038292598173,323.3612111703509,5
3.5651737651383946,-4.046464076620995,50.81724129384653,4.002163616908079,1.5693145797431811,331.8269563355197,5
3.5652410956476466,-4.039590105155989,50.89476802583375,4.023227399484271,1.580951724438309,337.8101023414921,5
3.5569784393200297,-4.04801180183543,50.92865281297981,4.020454514233363,1.5740108682930125,347.8437117207257,5
3.552812332362798,-4.045455775508991,50.96416043408344,4.029907097017145,1.56744595896991,350.8073398832641,5
3.538193123878082,-4.036788921135699,51.12777784931866,4.00708025728347,1.5621148182477564,389.0957856812229,5
3.52558928004579,-4.042965117217489,51.49244332726981,4.01525849689638,1.539442562643503,399.12802864912624,5
3.528677551732587,-4.044591063019857,51.34492415499825,4.01083274797208,1.549023786032131,392.8288057360346,5
3.530092302774418,-4.0255809739835,51.17772248990274,3.9863235123584726,1.5737927724860308,404.7752944858088,5
3.5240558833745173,-4.035602150624887,51.61853205950963,4.029335300357356,1.5420543809846647,398.3036236184181,5
3.527675569402,-4.053849239569868,51.86453075078182,4.023110028636249,1.5448863595896376,414.1391860873713,5
3.520680889228865,-4.031831851584374,51.42537675978821,4.02249423341255,1.5504780876843225,416.6373492114117,5
3.5212554724919314,-4.028138957271686,51.764830705058365,3.9986771048838,1.547324137880623,422.306812617131,5
3.520017421314482,-4.0095575889411,51.96682796588523,4.012614740801684,1.540326698667052,410.5312371226405,5
3.511044364444093,-4.003877915398923,51.82185313053903,4.002785131421392,1.5464226524264828,444.06778871392913,5
3.487907653599116,-4.027321082319139,51.72961602183435,3.999184554711932,1.5288807401767357,483.24750673150754,5
3.4973423784178808,-4.027206569737782,51.99611430085464,4.002262628147368,1.5340906960426728,475.9198723059858,5
3.5012303335818253,-4.025258995894062,51.87385400320064,4.018712812765485,1.531184378386922,452.54268844692695,5
3.49083553159857,-4.025161384847123,52.36308722964601,4.018917916138048,1.516231058649934,469.0925598144531,5
3.48441117760763,-4.018423695095702,52.43508459102212,4.01567177414205,1.5123271287521185,487.2447654415416,5
3.479876128235304,-4.018749948181858,52.30539072731328,4.008202337805247,1.5178689543222414,513.2067031419348,5
3.4816512592955133,-4.035990362222484,53.07870662005651,4.025708408024959,1.5048553275235126,511.0632380667449,5
3.4718279204616658,-4.026057452824763,52.79024902520152,4.029494710051256,1.4898550730909226,500.06913025255153,5
3.4630858016151915,-4.025915471115553,52.90236000105136,4.017423811675497,1.4921556201284332,535.3819601246387,5
3.454903701826327,-4.010712535395099,52.803777000118544,3.989602237767567,1.488639200353898,538.1718287826272,5
3.459223770681833,-4.001204479636485,52.81233804074326,3.9880651283815416,1.4987000006471756,550.7465382835081,5
3.4686430782251967,-4.011395818236246,53.1300486746551,4.009815436567186,1.504416385137966,556.0656082065119,5
3.4680916532615704,-4.027369965018565,53.577014768743794,4.020701645426668,1.4954981617844862,567.38117654613,5
3.4505518130484343,-4.028245567586381,53.62221255881249,4.033277191867718,1.475775319027763,595.1545367819725,5
3.450843319038435,-4.021790989561577,53.1524834384808,4.011285878330297,1.4875208704457803,600.7804374915327,5
3.453130370619669,-4.026655301882353,53.578381709280734,4.028462688357844,1.4807658608938228,595.2428243118903,5
3.4429128831521623,-4.010350784125356,53.2549299780344,4.001190295798241,1.480890446315611,596.596426021157,5
3.450020156154743,-4.022560070015792,53.29984563485736,4.005141711648489,1.4895732237424464,616.4301923630554,5
3.4350578247467216,-4.020677759468211,53.26681417123431,4.020323135949284,1.4672043964352912,610.254364190074,5
3.429050581992706,-4.01818072864775,53.48226847124926,4.010546309410492,1.4603907531396505,619.7730345974078,5
3.4245906895984803,-4.042094961067155,53.97020637644509,4.040055247400537,1.4423318770579518,661.4955941790103,5
3.427678833118064,-4.028147333619223,53.5583637656504,4.024348484987469,1.4574542417691625,671.4429790518876,5
3.431412502520346,-4.030185376977645,53.99378810728216,4.021282537824157,1.4617081763427382,691.3964420384755,5
3.424830928703264,-4.017313146866815,53.71830138719151,4.013536591061278,1.459753813082083,690.0612941146586,5
3.42908988936099,-4.008782618307654,53.76484786017093,4.001848036154157,1.4703430330133165,691.4994979593794,5
3.403838861884409,-4.016391847864052,54.34872302016771,4.002469914496978,1.4385359397513329,724.9418232647671,5
3.4292588054789284,-4.017539644516962,53.98305928224773,4.0064387927854686,1.4666605698579998,674.5202982467033,5
3.4210172236999337,-4.02013107806961,53.909779146227535,4.0190097830888165,1.4540485550213411,698.5666994304327,5
3.407782460912804,-4.0234610855234845,54.35062348911528,4.020855570115106,1.438315749168396,747.7989272630283,5
3.404451446037072,-4.020898069260437,54.22101147602059,4.012193699103559,1.4383813363279223,760.3982120580067,5
3.397591542646375,-4.04448501498713,54.63177688686834,4.041609356169067,1.413066946013125,730.3017013638004,5
3.3967057087517887,-4.034083134866174,54.71490366059231,4.035778169687084,1.4137774161520722,723.909558599395,5
3.3796307999274635,-4.017980663762616,54.29648541577289,4.006308522527617,1.41082565150509,776.7367352612446,5
3.383821698282496,-4.024344243066159,54.93990566275712,4.018377772645454,1.4084324195894893,775.1292978628521,5
3.376955124684152,-4.036469600104184,54.71285377899346,4.025617756595501,1.3990040059723603,785.1470964905844,5
3.387320043034636,-4.032922747507261,54.61674501716746,4.024790849299789,1.4111749581518889,768.9350155516166,5
3.376514846878934,-4.011962052714618,54.87030252004634,4.002399684376799,1.4120294282891157,830.8793821830972,5
3.3841809812997807,-4.012824502294463,55.01789492127524,4.00290454467597,1.4222674493844798,855.6604677762599,5
3.383121534579062,-4.017014172724906,54.5936242252416,4.010766861755724,1.4162627224288236,823.2461110374142,5
3.3758052015580198,-4.03129148207648,55.0799361432908,4.016358372793032,1.402801889215591,852.6704510815574,5
3.367303889610864,-4.0496869335284815,55.60679421397303,4.044672888827462,1.3774819980466988,856.380453649973,5
3.373754601947145,-4.03594756264218,55.165994037782525,4.022300111076047,1.399550361440361,875.7728052745665,5
3.379409518545073,-4.032710224217762,55.36004936350564,4.022812892935869,1.405531996936467,871.2873496347764,5
3.356582507921781,-4.030918840728054,55.48196349392048,4.015826451296062,1.3755578808701796,862.6917865731124,5
3.362257702502212,-4.03249613811515,55.32575874108111,4.019797344428267,1.3859330939419696,892.7944981569501,5
3.360414910178653,-4.036674788921554,55.70975756783017,4.03226729486719,1.379293689148963,898.7470681956737,5
3.355544121968264,-4.028918145019884,55.394699692037065,4.0088176176038095,1.3833475030226514,932.1548684180816,5
3.352222206964658,-4.037326363469824,55.26168611559565,4.028304778082522,1.374147052020696,924.6032122132408,5
3.365180679828445,-4.030728067276795,55.74903285296666,4.032768122722648,1.3905289414301083,934.8480993722904,5
3.344378241224785,-4.046184476400387,56.0575901097645,4.045390787841268,1.3575442946715162,936.3727558113936,5
3.348761513054026,-4.038150467624554,55.93092471877964,4.035569643009605,1.3672260404322183,929.5100305810832,5
3.344190652659863,-4.0174391173213895,55.46993376891737,4.014211897216091,1.3750822688802815,935.043738216334,5
3.3425800469569387,-4.013950857812959,55.46515115285885,4.000011204295076,1.378660709871722,978.0165317072348,5
3.35258520545298,-4.031437355658912,55.769285301252594,4.032339311059499,1.3815470244843149,982.672246503003,5
3.351214705175058,-4.042039896022378,55.72156765006181,4.0309876789247365,1.3745929299062387,980.7485400955112,5
3.341966073637064,-4.038212765158946,55.750767834613775,4.034679148238518,1.3659221416263914,988.3693992306038,5
3.3210487503536865,-4.03903903024045,56.25366005869959,4.0142596525953,1.343151989010717,1015.1067176774748,5
3.33986099882622,-4.003379416603573,55.65089987605982,3.9833593148027537,1.385129151316737,1006.4558338319632,5
3.3292582186660327,-4.028572052200405,55.95237319593485,4.028082836570079,1.3558512953664528,1044.339298667246,5
3.319279707925168,-4.030508835191672,56.33983528269509,4.019705805475312,1.3436215413099075,1050.313339674403,5
3.328606755747272,-4.020074089138494,55.613943772508925,3.995144522948072,1.3674764846790732,1031.4049100489972,5
3.3189937751417213,-4.0334933121080345,56.20819550442558,4.012812738473705,1.350534933150848,1071.6633893492594,5
3.3157313807162248,-4.047014561691725,56.63905250681618,4.020538517505448,1.3407282202230026,1061.2711400379335,5
3.319296150538273,-4.03954481940738,56.30569813017211,4.020769791796028,1.3527946396370154,1084.6882401835712,5
3.313945976984983,-4.033543377253362,56.44911409940334,4.0184070829711205,1.3374213510855084,1053.0358653867863,5
3.317729466223303,-4.033888976697977,56.9497877793505,4.032668254278987,1.3431312886276685,1080.9675751614434,5
3.3012261735221555,-4.030183375915351,56.89979621578503,4.021314703660204,1.3312928552572438,1119.3002499266167,5
3.2871565529376783,-4.04396696311201,57.055526733398445,4.011760210026206,1.320157821467846,1121.9465818901288,5
3.293255927245741,-4.045148477388945,56.60056723886832,4.023151590644969,1.324795108999131,1134.9233984092757,5
3.301542040929629,-4.027879047945056,56.2155623463537,4.007946761357302,1.348292803488715,1157.9130570075415,5
3.2962900944527864,-4.03312427046671,56.824788661361424,4.027334246332245,1.3249850941531236,1137.2521746861455,5
3.2840022654891703,-4.0529197461343225,56.98073496294848,4.034568180238581,1.303019658678529,1138.3460121816297,5
3.2765908406649022,-4.034639047060399,57.30894595901401,4.015105740872421,1.3210305016853907,1210.5658939780524,5
3.2935372060433976,-4.031907558441162,57.22117857299099,4.0263201349732505,1.3316480686209795,1164.8974334187592,5
3.2767138329544507,-4.039034396926792,57.32917022705078,4.032256945020202,1.3101299525685393,1195.7378310716222,5
3.2547585288913266,-4.045762665698983,57.48639185028958,4.033436998466536,1.2811597799290124,1206.32112606688,5
3.2604650197001552,-4.038573411158744,57.36186229286855,4.025702244973596,1.2944446175084638,1228.7414353210802,5
3.2796574534708363,-4.029283416064488,57.30509690742272,4.040718362510549,1.320117312359672,1221.2178637554189,5
3.279976525058636,-4.0265085793644015,57.21641070856524,4.010858397952394,1.3305314076429158,1195.4061864952132,5
3.266614204197261,-4.029328878215282,57.41886381469021,4.02191893075932,1.310348394978253,1223.454658993407,5
3.268358803897924,-4.029406448320158,57.53385058717232,4.023217763514877,1.3039575146801898,1222.5982150921243,5
3.261705557045909,-4.008035320767088,57.95044311347036,4.0010525229349305,1.302848653297204,1229.094345533779,5
3.2703142221263377,-4.012442111968994,58.19841146744745,4.022724383139197,1.3039299842250138,1235.9027494750271,5
3.2613686757280647,-4.030405452485718,58.143282300475015,4.031103814957459,1.2940090839573413,1253.2103024521316,5
3.250306254866495,-4.024875618818867,58.16224328630921,4.029714132319985,1.2851371544633985,1273.7974380757769,5
3.2415747173948786,-4.037547050872979,58.33289967796016,4.028312283444267,1.278379927480841,1306.1134781148387,5
3.246504761580098,-4.020481153719687,58.52844086134365,4.036144873999447,1.2817952488199136,1302.7047972927203,5
3.233975888676726,-4.012309749691473,57.92092240614697,4.010681130293476,1.2754957331398318,1283.9346705089415,5
3.230237734800129,-4.021821887506915,57.887201033575685,3.994411281078537,1.2807836573937037,1292.7239799720014,5
3.2311891296695423,-4.0119676727780025,58.18726086478702,4.000403699158245,1.271696395956712,1299.0464982049314,5
3.234056854523675,-4.021094002475628,58.12361107534067,4.010908851733786,1.2754635342283749,1291.179695261696,5
3.203478183360458,-4.026156094721976,58.04939622823903,3.9989862648737913,1.253902666830603,1364.998214809881,5
3.235036570212745,-4.010924055397166,58.06410678135866,3.9949650433711232,1.2871583824212844,1320.2242558650194,5
3.230681522733214,-4.023606427143075,58.150755380619465,4.002734007862951,1.2821828237158714,1324.0267778517882,5
3.211477937036856,-4.041535551148343,58.34468105073609,4.006480685548286,1.2598743500737095,1338.827082815887,5
3.183823198252331,-4.030913325403467,58.54401227917974,3.9889315290947183,1.2363465831458915,1362.578733234736,5
3.176725037525155,-4.0291753256252045,59.38204669401136,3.995197943869354,1.2149496464370992,1376.7773141144328,5
3.197643827151701,-4.00985162382181,59.11396434541382,3.988490321043599,1.240421155973666,1387.734805421333,5
3.191339299857961,-4.004773947544869,58.70482260643402,3.982918954309012,1.2390341820744422,1392.962588624458,5
3.178044881434799,-4.032027487120876,59.254661229304496,4.0061360645845445,1.212067761173138,1396.891791371252,5
3.163621355343416,-4.029763103220504,59.520580798904334,4.007066495156701,1.1982613209355084,1426.04525845037,5
3.151576756052888,-4.04514092517037,59.47634742163509,4.0124693192498535,1.1801306911975662,1414.6043531825776,5
3.154241641821889,-4.035989323103359,59.64610874859584,4.007550653005611,1.18245342218807,1415.3000368327764,5
3.157572006214561,-4.009939061423947,59.39809133276085,3.990797989630286,1.1978441993625175,1439.7842248464594,5
3.137516063072778,-4.0206197259054015,59.56771588187687,3.9904455353069856,1.1795473636230291,1461.856561737943,5
3.125342061753907,-4.0160337652085145,59.59462252931099,3.985978123769595,1.174018578722298,1487.610686021044,5
3.120558226039644,-4.029354845168274,59.85609859400402,4.003745080418669,1.1602541580365573,1455.803348254606,5
3.0926230064017237,-4.024635028287855,60.02049136299618,3.999263611832106,1.12588899673065,1474.2131072468844,5
3.0853136674517154,-4.025240763074401,60.04186422976455,3.9963820972883632,1.1282461364834295,1489.0573257710894,5
3.0423862369074297,-4.043855041437755,60.26020001538227,4.006966935416867,1.0776625196368703,1498.6381779488802,5
3.0232159705520365,-4.050207774763162,60.14800359472374,4.011049276142451,1.06158436653931,1522.5709771834354,5
3.002706147342748,-4.051348046760339,60.33716816984849,4.007728397501686,1.046333686464784,1545.2498807521224,5
2.9916280707871974,-4.041061404123472,60.421758486356346,3.999251635777468,1.0348714631416889,1550.3344049178106,5
2.9096366532276137,-4.057245022988733,60.61455498403207,4.0061322030304485,0.9643470868898956,1583.652732540417,5
2.849357365183748,-4.033290912650224,60.6267221483881,3.9922236155912367,0.9071102652246552,1596.196909292585,5
2.779661164807447,-4.032393226733786,60.76712016287566,3.996188862475357,0.8333184023123952,1585.095971256322,5
2.700186287047546,-4.026644662625528,61.03649093098724,3.975531194940468,0.7662624444575667,1629.3413325844472,5
2.6427443303124742,-4.030934857495258,61.33572198062964,3.981237542422521,0.6974468503384221,1628.2864884393066,5
2.518226908810566,-4.046639544426362,61.59145769769746,3.97530346109688,0.5672735792364003,1658.1216935174314,5
2.386844739748564,-3.905308479518548,61.373025001128994,3.854696944958892,0.3998700016840315,1640.46951911353,5
3.080067757237164,-0.1520441714566579,62.3624545852573,0.2024772345502955,0.006049638686734,1643.7059749537116,5
3.1275429725646973,-0.1093867495656013,62.84526062011719,0.1196734905242919,-0.0096955180633813,1638.550537109375,5
3.8392932415008554,-3.910969257354736,45.23177719116211,3.927330255508423,1.928524374961853,-11.279414176940918,6
3.8180158695979434,-4.051704256158126,45.66393251028674,4.061542591853448,1.842551743077953,4.474377185977691,6
3.812990450719644,-4.031820523111444,45.77428866827,4.041238570073892,1.8269262634522732,-2.4865693906594446,6
3.803879796412953,-4.056018670399983,46.0511484648052,4.077028475309673,1.8189922863977,34.17537120350622,6
3.78522775465982,-4.034308118429798,45.09621574446472,4.023808780469392,1.815012580470035,47.25662342986168,6
3.778662029065584,-4.037970805028726,45.962413609376426,4.040920321704351,1.8054341956188804,48.59582325450161,6
3.7480256306497672,-4.068552811940511,46.14435497083162,4.080417348627458,1.7632582208566498,81.73762124044855,6
3.7449426901967904,-4.0368535783555775,45.98512640612864,4.0389211526391104,1.7730554391069022,86.61460697999476,6
3.739423793658876,-4.028537002920407,46.374023526732685,4.039052344205087,1.7606189655281648,78.93438975016275,6
3.717294642799779,-4.022607000250566,46.4356450532612,4.040864317040694,1.73326870014793,65.6560243305407,6
3.719004711909601,-4.030615471957023,46.97365367064002,4.048200166713425,1.7364433320642214,85.54205545347337,6
3.71402190721523,-4.036828707533273,47.38363578305607,4.055469864293149,1.7227122456009625,77.5787161665353,6
3.710765972472074,-4.046742991397255,47.8497956928454,4.064961759667647,1.713336921574777,83.49110693680613,6
3.686064678325988,-4.023540683657105,47.45556915015505,4.034661354377255,1.695772932286848,100.7985122412966,6
3.692053352880199,-4.022300781562314,47.67865336011028,4.026205640090139,1.7079698349300183,110.7626217401516,6
3.689481961099725,-4.0239305328904535,48.26205859267921,4.03209400177002,1.696766217549642,113.59241913912584,6
3.676093140540764,-4.025325741684227,48.198276252077335,4.035900590015434,1.676509304353368,106.42258493523852,6
3.667541234813936,-4.030496917969999,47.84642885442366,4.035605606279876,1.6731796062480635,126.00286191527609,6
3.6670493703139457,-4.019296344957854,48.142677307128906,4.0295384808590535,1.669848410706771,114.19397615131578,6
3.669641600714789,-4.026746167076959,48.10956827799479,4.022010485331218,1.680398040347629,139.88858371310766,6
3.668997467609874,-4.031801957136009,48.29715329443502,4.026526038409673,1.678418703246535,148.35178370782506,6
3.6433585652133873,-4.01700124405978,48.753577382941,4.0202679885061166,1.6417983728542662,152.19049527352317,6
3.638666716235423,-4.032308084922924,48.94553852639003,4.016762722305387,1.6419968486529346,183.8169990227237,6
3.6293533740685,-4.029012420721221,48.85317437690601,4.019874762373361,1.6350002198191411,188.3857461137381,6
3.612149092189053,-4.023372474469636,48.99336992230332,4.015400250752767,1.6168795468514423,207.13748838190452,6
3.614956561584919,-4.026862582268073,48.91558164183856,4.0207542341355,1.6196762218809966,199.89672842639223,6
3.608275724433319,-4.0227769857261615,49.28056393450464,4.015051470862495,1.6076580181456448,213.4680220397593,6
3.615941185700266,-4.030888331563849,49.42697886416786,4.004862032438579,1.630730848563345,244.263263100072,6
3.604005884705928,-4.0616776761952895,50.17112493236163,4.064371379495364,1.6063694291644626,260.0896918759709,6
3.583583314516391,-4.049788901680394,50.34482271071763,4.026754976016039,1.582569394195289,271.0230819969846,6
3.587058602717885,-4.03706367392289,50.034532379685785,4.015942464795029,1.584725676921376,259.59176260964915,6
3.586134482545462,-4.036040275417573,49.96145835117987,4.003968163540489,1.5982196540163274,285.7240961085984,6
3.59731678377118,-4.034592112602546,50.1173733493738,4.016652503208808,1.6097218104970386,276.45364433422424,6
3.581512166742693,-4.036517770666825,49.70064256902327,4.004039513437371,1.6026484924450255,295.61566108569764,6
3.5832754952168604,-4.030748950110541,50.03170200816372,4.015791853966071,1.5924431608434308,283.40906118649485,6
3.5739862946738974,-4.026436663510506,50.34581937287983,4.022958540777017,1.5787897597976597,296.00024895919,6
3.5821454399510437,-4.04275854010331,50.37131480166786,4.025876220903899,1.6035371579621969,323.1080820184005,6
3.567645760307535,-4.044574522832681,50.64355966222217,4.007246034187183,1.5721037380876597,319.0438418025859,6
3.5586220158471003,-4.047073046366374,51.01876025729709,4.015686723921034,1.5628090567058988,336.74127536349823,6
3.5528858711844995,-4.040986111289577,51.0450195178651,4.026378807268645,1.5691656313444438,351.25211267304,6
3.548254250085842,-4.05172970699288,50.88071158336617,4.032887302644071,1.5614621973874276,348.7108097187957,6
3.5369195240980003,-4.040869428400407,51.022889410543165,4.024994390052662,1.552803635597229,372.0138851411161,6
3.5263630047179104,-4.041545893016615,51.34094666598136,4.010611701429936,1.5410690997776233,397.5904573139392,6
3.526589790980021,-4.041446153183429,51.31672291448939,4.01947740086338,1.5409549788424843,388.1091856482432,6
3.523331840135898,-4.039640211919595,51.23142820213273,3.993769397512514,1.5585844426127209,408.8734211168792,6
3.526025270160876,-4.031143464540181,51.44873327957957,4.019370279814068,1.5554265975952146,396.8091816149259,6
3.5160604025188245,-4.047569564908569,51.70472889058074,4.028057092811629,1.5293008584028098,414.3091801872032,6
3.523134276183725,-4.0412412386888645,51.43626017877232,4.026307529873318,1.5491227099769993,410.88393361944895,6
3.5088339061067817,-4.025521771949634,51.63977017318994,4.012213974668269,1.5336566682447466,426.7814165081895,6
3.5200971204634994,-4.023967107137044,51.846259959259925,4.010406321252299,1.5378167336447195,409.2589411149945,6
3.511539117634645,-3.999257243864717,51.83111302336754,4.008252723872313,1.5398935553623223,425.404206393058,6
3.487488307450947,-4.02013569547419,51.78913457770096,4.003046629721658,1.52189222344181,470.20889335766185,6
3.486548033374095,-4.030785858979699,51.87145797551027,4.002777646159568,1.5232003146444846,480.7176527949104,6
3.4956808480602954,-4.028108959309539,51.99449220177723,4.018744407341495,1.5254627828709564,463.33640650699,6
3.4885060787200928,-4.025313302090294,52.12188419542815,4.020705674823962,1.5142914056777954,465.0179234554894,6
3.4794912714707222,-4.023131917094626,52.49618844818651,4.020380025718644,1.4991308848063152,476.0771114951687,6
3.4783438409281056,-4.014339887607864,52.13800265217385,4.010769417411403,1.5148418855945966,503.0967782003839,6
3.475420157114665,-4.032181898752849,52.86613082885742,4.019238789876302,1.501346270243327,513.154052734375,6
3.469855534402948,-4.029607128678706,52.86906082867181,4.035312142288476,1.4832572741815222,496.2573998880665,6
3.460042543578566,-4.026795105627405,52.84386234394988,4.021127561379594,1.4847560333229646,529.2585966768321,6
3.453554262194717,-4.020086664902537,52.90091015999777,4.003351395590263,1.48183180156507,535.9397765042489,6
3.454209007017793,-4.001762136381272,52.75891423364829,3.985036547421015,1.490044529675043,541.9785120556927,6
3.459254531135336,-4.008210374597917,52.99627333077771,4.006721691778528,1.4960293748922515,562.9628817017315,6
3.467456930562069,-4.023369262092992,53.4457564102976,4.019233427549663,1.49442972634968,552.4705425061679,6
3.451095698172586,-4.030070201695314,53.62820416723776,4.033533255259196,1.4759766672089782,595.9763983118604,6
3.442583689215588,-4.025058378253067,53.231530685870965,4.01977190776178,1.47294296855815,596.8665175410042,6
3.4502381441885963,-4.027654062237656,53.47941763359204,4.025847886738024,1.4788767705883896,599.7488820929276,6
3.439013903601128,-4.014874268693534,53.37326141268189,4.010758249383224,1.4716788432751482,594.989942405656,6
3.4405347115812246,-4.019014896705137,53.20678760015477,3.999899627172459,1.4797552398770877,615.4301993386788,6
3.432000101658336,-4.0249992504454495,53.255076692815415,4.026046426672685,1.4623811035825496,614.1909201103344,6
3.423799811748036,-4.015338289807414,53.31134211668494,4.008753179806715,1.4542260441863746,613.1242682919865,6
3.420786129800897,-4.0401690717329055,53.90637746888992,4.037305377380193,1.4391681527533726,657.7585813288104,6
3.4184790285010087,-4.033343465704667,53.59162541439659,4.030885796797903,1.4436754992133694,670.3635318153783,6
3.430002667053401,-4.029786583972953,53.87499571683114,4.020501220435427,1.461210296865095,686.8252188699288,6
3.4162592107092427,-4.020842510357237,53.76353305125097,4.017602965148569,1.4461307637175622,690.9288201583059,6
3.425567070643107,-4.00975787848757,53.69006059880842,4.004085457115843,1.4649005647291218,688.211938690721,6
3.3976438310411243,-4.016843107011583,54.31133524576823,4.0053929752773705,1.4302070670657687,724.4307183159723,6
3.4185109612537405,-4.0201843774806685,53.979530959101446,4.008488314890722,1.452991475138748,679.3579519171464,6
3.416760252233137,-4.020349151209781,53.85133147657963,4.018545493744967,1.449756053456089,693.3381508275082,6
3.4014033351028177,-4.025617351308901,54.29941594530965,4.023183228676779,1.4287397261948611,746.2390386570268,6
3.3989761517061825,-4.021466589810555,54.20050178215518,4.012665639843857,1.432205391906158,761.8870760376691,6
3.3902044170781185,-4.045764446258545,54.57061084948088,4.04209209743299,1.4046297951748496,733.9667229903372,6
3.3908777975896647,-4.036083291148581,54.72123214097051,4.038708935007017,1.404975402424907,721.7219406038697,6
3.3731849444539925,-4.017983205137197,54.271084121793336,4.007843773267423,1.4012179855714764,777.6264155873081,6
3.3790247189371208,-4.025681855385764,54.88659781740423,4.019967606193141,1.401198799150032,774.3815232661733,6
3.37028455873679,-4.038245491117065,54.68397243120517,4.026791201697455,1.3907912279430188,785.0056266561586,6
3.3814245218421983,-4.034114232537342,54.57811150355646,4.026062003353186,1.4038151425924916,769.3159433108325,6
3.370271285374959,-4.01447878385845,54.83581536276299,4.00355843493813,1.4030107887167678,832.3032472844717,6
3.378836555090564,-4.015600792845787,54.9846784357439,4.0047176651090215,1.4139024263236954,855.128009996916,6
3.377038626642952,-4.019860164463869,54.52917687934741,4.012525226637634,1.4073863928778128,822.1035902235243,6
3.3707728385925293,-4.033965763292815,55.08336579172236,4.017854565068295,1.3952806497875012,854.9448948910367,6
3.361278110080295,-4.053977132540697,55.56229240015933,4.046624509911788,1.368890637542769,854.6325348078856,6
3.3710241457175094,-4.036362023381462,55.12185196012084,4.021259887873778,1.395945695408604,876.0698202925121,6
3.373394434912163,-4.036797531864099,55.33604377612733,4.027158712085925,1.3938491720902288,864.1437902617868,6
3.351061894879704,-4.03297557886581,55.42940438700001,4.015399801800823,1.3684983392905077,861.5076129757173,6
3.3566111988491483,-4.037590874565972,55.32892015245226,4.024438911014133,1.37676907910241,894.8895331488718,6
3.356183127353066,-4.038523941709284,55.66142139100192,4.03109868367513,1.3729681947775056,898.4978991056745,6
3.3488613206740707,-4.033653811404579,55.29891374376085,4.0115332436143305,1.3725233175601177,931.8522763614768,6
3.348303132587009,-4.04065792184127,55.26005960207934,4.031598595847861,1.3677773322278295,927.0754173234194,6
3.3581318855285645,-4.034390901264391,55.80038070678712,4.032773519817152,1.3799936457684163,933.2600065532484,6
3.336844629711575,-4.051063347978202,56.04142680921053,4.046820054974472,1.3461273922557715,937.7294304384824,6
3.348459373440659,-4.033872225131208,55.79044257269965,4.031925717292473,1.3689550739979888,920.8837462308112,6
3.3367181744491843,-4.021343900446306,55.47126575938442,4.011236090409128,1.363390382967497,937.0149386221904,6
3.3385949622817903,-4.018803624381796,55.375780919839066,4.004529137360422,1.3726407108251115,982.2266931366504,6
3.3427237641741656,-4.041584346726625,55.82166566904526,4.035711241047285,1.364020535123278,992.2197308456692,6
3.346278040032637,-4.041983202884071,55.66573654977899,4.029259004090962,1.3674114126908152,980.1033100328948,6
3.331040703065214,-4.0402138135586565,55.8747911955181,4.0308095307378045,1.3522867738154896,1002.487029850832,6
3.3178071041553343,-4.037097735711705,56.153386411611095,4.01016178186874,1.339456756212558,1011.6263549090826,6
3.3388234816099467,-4.006967644942434,55.53498458862305,3.987492046858135,1.3823704092126143,998.6132073653372,6
3.3223473746874177,-4.032091762587341,56.25583916379696,4.035276775471648,1.3458167342414633,1064.7035825852072,6
3.316117612939132,-4.0343625280592175,56.1144735771313,4.0117205011914345,1.3389210631275736,1025.974241736339,6
3.323722002799051,-4.0213933743928605,55.65544128417969,3.997153763185468,1.3615821202596028,1047.3604479337998,6
3.310370445251465,-4.045242237068757,56.40178334643269,4.019606146896095,1.332457089981837,1061.8585197939508,6
3.315067524101302,-4.0475902278520905,56.51081111974883,4.020710624449435,1.341311906513415,1062.9863438299526,6
3.316906134287516,-4.037829717000325,56.20154571533203,4.020641167958577,1.3482954899470012,1078.5708821614585,6
3.3080813884735107,-4.034056975827579,56.6293478402478,4.019009012924998,1.3294882383960032,1055.861481605218,6
3.312005903288634,-4.034736005883468,56.93015963013409,4.036346287755241,1.332449104353698,1081.6563870614036,6
3.2944030385268364,-4.035864955500553,56.699725703189245,4.011195885507684,1.3260426772268197,1108.8087415193254,6
3.2812048817238613,-4.049314911602534,56.97904138397752,4.017801828551711,1.3113796320575022,1126.7344428168403,6
3.300834049258316,-4.0407380974083615,56.28237792344121,4.01850550355967,1.3373971173637793,1131.6489579050165,6
3.296276013056437,-4.021867593129476,56.357964365105886,4.0066535180075125,1.3418456065027335,1157.6718278851424,6
3.2888675014875086,-4.049997655968917,56.985021713881466,4.039593295047157,1.3027752847002263,1117.0198581985562,6
3.273409257855332,-4.048217642376994,57.080573656405626,4.026563722487778,1.299988499161793,1172.960409242508,6
3.281514891406946,-4.033029430790951,57.31728249265437,4.017320289946439,1.3250671353256496,1186.0594739412004,6
3.286107926340828,-4.035571154098065,57.088578452840885,4.025995145764267,1.3190034139923184,1163.9209755345398,6
3.2673715318155567,-4.03997432418734,57.4068410996108,4.032689052715636,1.2993892835594756,1196.8098672788742,6
3.2467859544252096,-4.046822422429135,57.4609903034411,4.028489514401085,1.2726109153346012,1217.5047607421875,6
3.272468442805329,-4.035533414249532,57.18166989332054,4.033731134314286,1.3085340603053224,1218.6635813573648,6
3.2758908704010365,-4.029160033889681,57.13251669365063,4.0244693616677445,1.318801435810781,1201.0149204187223,6
3.2743591132916903,-4.025726845389919,57.2392871923614,4.00791276965225,1.3241855909949851,1197.182816354852,6
3.2643495568057945,-4.033517650693481,57.366696229455066,4.029449069709108,1.3001005112776285,1218.168798257036,6
3.260890690206784,-4.021750380421242,57.73381305716888,4.011192533704969,1.2981091145186396,1216.228103726928,6
3.267084983357212,-4.007817460779558,58.04923315215529,4.013106136991267,1.3034003136450785,1232.4728597005208,6
3.258802149030897,-4.025689548916287,58.144574059380425,4.025702582465278,1.2910851769977143,1246.837632921007,6
3.2559617862366794,-4.027108214752019,58.13512775354218,4.0313103882192864,1.2894946239147966,1261.3756210594847,6
3.241815077631097,-4.0349041035300806,58.08116491217363,4.026156701539692,1.2741102544884932,1270.1996363589642,6
3.2429530327780207,-4.03487507502238,58.4374803688094,4.036226303256743,1.278023612429524,1305.1054694638613,6
3.23997534088224,-4.0081878154598485,58.18649976853041,4.0200290707816855,1.2759454110909625,1274.7117291723775,6
3.228969866769356,-4.025887606436746,57.66693101849472,3.999277399297346,1.275913305449904,1282.638342070998,6
3.2281866784681355,-4.015300443995069,58.04580779940064,3.9952084474396288,1.27282901047266,1295.6763680441338,6
3.236592460096928,-4.017285151788366,58.014745500352646,4.008363556443599,1.2780382668065746,1280.591478492781,6
3.2121938320628383,-4.028992326636064,57.97242797048468,4.001389244146514,1.2589629804878903,1324.769679019326,6
3.217267875782928,-4.019598963664986,58.02034248664365,3.996054797144661,1.268478502307022,1340.1220524659627,6
3.23940941046553,-4.014327799367626,58.02591379622967,3.9957739623666506,1.2919788813730428,1302.9881456163196,6
3.218636123757613,-4.041214742158589,58.22277049014443,4.010153293609619,1.2670455731843646,1328.9650814658717,6
3.1961467572820115,-4.035134178853174,58.18357298109267,3.9891517273863855,1.2505787004504283,1340.2614317776863,6
3.1771839264540644,-4.028320716835602,58.958842673496896,3.9901798872919807,1.2224505184686671,1365.9287601939418,6
3.1941741098437397,-4.0193126410768745,59.17108609383566,3.991308337763736,1.2359935777229176,1374.7150150767543,6
3.196872315211603,-4.005110933069597,58.68818176001833,3.9847146126261928,1.2420668051256771,1380.601239834613,6
3.1850459031891405,-4.025971398716084,59.00977207206146,3.998552995815612,1.2256550496084648,1386.5929033602888,6
3.1677323893496863,-4.031997404600444,59.37710785447506,4.009067117122181,1.2029827226672256,1412.2495823910365,6
3.161919669101113,-4.041335080799303,59.26683305439196,4.011287424299452,1.1917111929397135,1401.5648393240588,6
3.155091656578912,-4.045119444529216,59.52371682061089,4.012703895568848,1.1808006101184425,1403.3777804904514,6
3.1673195111124137,-4.014906055048892,59.204077068128086,3.993821959746511,1.2068423785661395,1425.7344199732731,6
3.1485279554512067,-4.019436451426723,59.38584003113864,3.990922562560143,1.1908423600838198,1446.1577698110837,6
3.1394764150095265,-4.018341569175497,59.37442596614012,3.9852104842314247,1.187240807633651,1473.3780317696912,6
3.139533620131643,-4.026447789710865,59.540713795444425,4.001914191664311,1.1846351142515217,1448.82746753358,6
3.114039764069674,-4.025821986951326,59.76109447813871,4.001967552809687,1.1507976278226977,1447.7260670801354,6
3.1111690398545293,-4.021942688010589,59.780607546979226,3.995291228879962,1.1582559814230042,1477.404940778052,6
3.0823365847269693,-4.040757915429902,59.86040001584772,4.007020138857658,1.1236050128936768,1470.4014721251372,6
3.060817895576968,-4.047551378172043,59.713539748163946,4.01144560317547,1.1034657711174056,1497.3918492724324,6
3.045409202575684,-4.050122486917596,59.9051136440701,4.011690407468562,1.0937874066202264,1520.2430334258495,6
3.052492342497173,-4.036374167392128,60.02752083226254,4.001417385904412,1.0998433514645225,1526.835950349507,6
2.984127461561682,-4.059407998246757,60.024974622224505,4.008696165698313,1.0397696055864032,1550.810151395742,6
2.934683332666319,-4.045803566425168,60.212069751226416,3.99880219621268,0.9925403737882424,1579.7584064327484,6
2.887996418434277,-4.048325362958406,60.25633654678077,4.0060626080161645,0.9422852919812787,1563.6309557462994,6
2.8435597154829235,-4.046104127203512,60.569642630236885,3.994754809385155,0.9105051337626944,1608.6016874257584,6
2.808280437313325,-4.049055093910262,60.88884103786179,3.998017058735005,0.8650680940750747,1604.0854113840917,6
2.71435330625166,-4.077366469199197,61.30544890018932,4.0195136070251465,0.7665419223015768,1614.8964008532073,6
2.64241746015716,-4.059548734921461,61.24143442075852,4.012610463371054,0.6838775726786831,1591.004470914428,6
2.4804448314577514,-4.035625223527875,61.153432299519146,3.968472437551844,0.5298047400357431,1653.5056387918037,6
2.44455361366272,-4.079817771911621,61.071510314941406,3.9847257137298575,0.5067456960678101,1675.4473876953125,6
3.839962720870972,-3.905970573425293,45.228946685791016,3.9232020378112793,1.9307465553283687,-12.149163246154783,7
3.821387066560633,-4.047773967069738,45.67233570323271,4.057958793640137,1.846759660804973,4.094636978822596,7
3.8171504076789406,-4.027319156422335,45.79262049057905,4.036936586043414,1.8333233440623564,-2.752344829895917,7
3.807164729342741,-4.052999084136065,46.05095230551327,4.074902531679939,1.8248178811634288,34.51528612024644,7
3.789719775143792,-4.030712441837086,45.09541738173541,4.019147356818704,1.8225338220596317,44.6690606509938,7
3.7830611747853897,-4.035466797211591,46.003641352934,4.039781205794391,1.8109327169025649,48.17246336095473,7
3.752235533209408,-4.066696262359619,46.14914057114545,4.078415259192972,1.7699161024654613,80.84347713694854,7
3.7497553068048814,-4.033628474964815,45.98675207250258,4.035044527053833,1.780198353879592,86.70749596988452,7
3.7433697111466353,-4.026568188386805,46.3905372170841,4.037159762662999,1.765839207873625,76.65864634794347,7
3.7232617181890153,-4.021407643486472,46.46661529541016,4.041479194865508,1.7415211593403537,64.71367658727311,7
3.7232527592602898,-4.031077861785889,47.00831963034237,4.048227001638973,1.741775582818424,84.87464500876034,7
3.719725454554838,-4.037086332545561,47.37397959092084,4.055483405730303,1.7300335743848014,75.57919589771944,7
3.714694387772504,-4.047161304249483,47.84403762817383,4.065285138522877,1.7190087472691256,83.78364922018612,7
3.691686541893903,-4.021479825412526,47.41505378274356,4.034200657115263,1.703777088137234,99.60015227373908,7
3.695436766568352,-4.023009188034955,47.71950095681583,4.025029782687916,1.7122957285712748,112.0773594575769,7
3.69501463805928,-4.021860262926887,48.21421757866354,4.031800228006699,1.703410039929783,107.54677312514364,7
3.6793758027693806,-4.0280746908748855,48.177456350887525,4.0368985119987935,1.6805233506595387,108.85601501464843,7
3.672808694839477,-4.028874826431275,47.796499252319336,4.033330011367798,1.6814431428909302,125.54107818603516,7
3.672441967795877,-4.018181189368753,48.1223684871898,4.027347407621496,1.677242319724139,112.60850614659928,7
3.673855471611023,-4.029029212278478,48.10498024435604,4.022730715134564,1.6864661321920509,142.1006923899931,7
3.673714245066923,-4.030550788430607,48.28392769308651,4.027018855599796,1.683790368192336,143.34857087976792,7
3.645523083911223,-4.017925711239085,48.80338648627786,4.0184675974004405,1.6454806145499734,155.34402968462777,7
3.644404133628397,-4.036188972697539,48.914037008846506,4.018174300474279,1.6498873163672054,185.74173566032852,7
3.6313197767033296,-4.0269330838147335,48.81937556547277,4.018284747179817,1.6380831662346336,184.96036376953128,7
3.612970318513758,-4.022947047738468,48.9928191241096,4.011488342285157,1.6182058502646053,209.44372881721048,7
3.62148776475121,-4.0289638182696175,48.89091581456801,4.021592869478114,1.6278108463567846,194.93908736285044,7
3.6120675619910743,-4.018324218076818,49.265472277473,4.004399953168981,1.6145061044132007,217.81985042796416,7
3.621071735550376,-4.037756642173318,49.536221650067496,4.013947139066809,1.6357788548750036,246.17490674187155,7
3.6013049826902503,-4.063432800068575,50.27902809591854,4.064155472026152,1.6035558953004725,264.4460230210248,7
3.5883653837091782,-4.045735897737391,50.21015842662138,4.018604177587172,1.5887404806473675,266.3302611407112,7
3.587777474347283,-4.038383652182186,50.08284871718463,4.01503428290872,1.586897941196666,262.36600808536303,7
3.590868561408099,-4.032524136935964,49.96102900785559,4.00019075309529,1.6057175622266882,287.2991376091452,7
3.595998514399809,-4.033677448945887,50.0587163139792,4.011847984089571,1.6112880468368531,280.8398617015165,7
3.584174370765686,-4.035557011996999,49.70781460930319,4.002953938876881,1.604273204943713,291.1649353027344,7
3.584551477432251,-4.029027462005615,50.07006607055664,4.01967191696167,1.5921991109848022,280.5713134765625,7
3.576627303572262,-4.028127053204705,50.38943975112017,4.01925802230835,1.5853592052179224,301.2374617632697,7
3.584232442519244,-4.046853003782385,50.39624081779929,4.0278682820937215,1.606382278835072,324.92452284869023,7
3.566544839915107,-4.042493587381699,50.64406033684226,4.002519492542042,1.5686986081740435,320.3798641429228,7
3.56188681826872,-4.04398712831385,50.97827911376953,4.020538907892564,1.5689940031837015,332.0228332519531,7
3.5529047390993904,-4.0429275456596825,51.07804197423598,4.0233252693625055,1.569113734189202,352.11745874741496,7
3.550748390309951,-4.050096736234777,50.93833676506491,4.034475466784309,1.5629511440501491,346.605811623966,7
3.5368472744436823,-4.037881337895113,51.07234620486989,4.016744319130392,1.5568006235010483,381.0585336124195,7
3.5241464250227983,-4.0414945714613975,51.45032178093405,4.011490025239833,1.537102484703064,400.9342019473805,7
3.529114128561581,-4.041594637141508,51.2951374278349,4.016435499752269,1.5448427698191474,384.7925411448759,7
3.5266218073227824,-4.030365854151109,51.1821366702809,3.98565473837011,1.5680842497769525,408.6255302877988,7
3.525808565756854,-4.032556365518009,51.56056280697093,4.027932798161226,1.5464614629745486,393.04019075281474,7
3.520691052605124,-4.052265537486357,51.809305527630976,4.02583558138679,1.5345495967304006,414.9349623736213,7
3.520093753758599,-4.033736226137947,51.312126069910384,4.025589895248413,1.5480770896462832,410.4659450755401,7
3.513755234550027,-4.026225695890539,51.75061528822955,4.0043717384338375,1.537372716735391,425.1261409983916,7
3.518202273985919,-4.014012022579418,51.934222030639646,4.0141761302948,1.5352985262870789,407.84199505974266,7
3.510724586599013,-4.000995299395393,51.79251749375287,4.004328082589542,1.5440188365824083,437.3880148494943,7
3.4849830150604246,-4.025371408462524,51.72418441772461,4.000483465194702,1.5228283166885377,478.54107971191416,7
3.493340671763701,-4.028275545905618,51.95462817023783,4.003407669067383,1.529120909466463,475.281344424977,7
3.498292436319239,-4.02567687034607,51.87086693258846,4.020074894848992,1.5264020975898294,451.7903280819164,7
3.4880319146549,-4.025071116054759,52.334970003015854,4.019888754451976,1.5119426194359276,467.4701157513786,7
3.480996987398933,-4.018724834217744,52.44391127193676,4.0175214094274185,1.506207350422354,484.9573696360868,7
3.4766344883862663,-4.018225237902473,52.28096466064453,4.009853660359102,1.5132966588525212,511.48265309053295,7
3.478309298964108,-4.035250559975119,53.05492755665499,4.026838835547952,1.4999272290398091,509.5954631132238,7
3.468050754771513,-4.025852624107809,52.75001027724322,4.029509578031652,1.484959265765022,500.0700396369486,7
3.459075598155751,-4.025832947562723,52.88799330767464,4.018007788938634,1.486639397985795,535.0017682243796,7
3.4510085021748265,-4.00933490079992,52.77721943574793,3.988359759835636,1.4833811872145708,538.1867747587315,7
3.455215548066532,-4.001830266503727,52.81916286244112,3.990618578125449,1.4932658356778763,551.5938630945541,7
3.466135787963867,-4.012227024751551,53.151352332620064,4.011432333553539,1.4995895750382366,552.2390711167278,7
3.462774345454048,-4.0289931269253,53.593959314682905,4.024709634219899,1.488594242404489,572.78902982824,7
3.4451968725989848,-4.026761043772978,53.5510150236242,4.032547238293816,1.469578420414644,591.2623793658088,7
3.448669279322905,-4.0207600593566895,53.15614599340102,4.010507162879495,1.4851639866828918,602.5210158404182,7
3.446994848812328,-4.024449314790614,53.56572997149299,4.028073580124799,1.4733203214757584,591.459086339614,7
3.4381180496776804,-4.010113135506125,53.16618578293744,3.997913848652559,1.4757197492262897,596.7538742963006,7
3.4456918716430662,-4.026572227478027,53.30965805053711,4.014522838592529,1.4812307596206664,616.3523681640625,7
3.429012891825508,-4.017635867174934,53.19187698364258,4.014790599486407,1.460931005197413,605.1266781077666,7
3.425882984610165,-4.022441807915183,53.64272420546588,4.016823375926299,1.4522125019746668,623.6815293255974,7
3.419361407616559,-4.04257199343513,53.91116981506348,4.042186344371123,1.435679384540109,661.8730465159697,7
3.429432307972628,-4.024881452672622,53.52908670762006,4.018557554132798,1.4627018521813786,672.8522302964155,7
3.4198123931884763,-4.031349515914917,54.03302852406221,4.024740538877599,1.446463186600629,696.0107745002298,7
3.4268436375786275,-4.013225920060101,53.60935619578642,4.009911037893856,1.4641046285629271,685.7126450482536,7
3.417671063367058,-4.011196823681102,53.917641471414,4.003413957708022,1.4554486274719238,702.0292214786305,7
3.40056952308206,-4.018583628710578,54.275831379609954,4.002230907888974,1.434517735593459,718.0245871151196,7
3.4299195836572087,-4.016193990146412,53.89446135128246,4.009242113898782,1.467163409205044,668.2539270737591,7
3.407722259970272,-4.025861930847168,54.06877418966855,4.025649642944336,1.4351857241462258,718.9927942612594,7
3.4047323072657867,-4.019741725921631,54.369691512163946,4.015915247973274,1.4379632641287412,754.7059581083411,7
3.3930622549617997,-4.032268692465389,54.21838491103228,4.024520256940057,1.4195547945359177,752.6633085363052,7
3.3970211337594427,-4.042936754226685,54.85275239383473,4.047617003496955,1.4069921093828537,715.2062169692095,7
3.382322171155144,-4.02478697720696,54.37823095882641,4.01806438109454,1.4091485570458806,755.450389906939,7
3.384353456777685,-4.017974180333755,54.47297347573673,4.0079801531399,1.4136354768977446,762.3307261747472,7
3.3661563929389504,-4.032241967145135,55.05927797205308,4.023493020674762,1.3826413364971386,792.5986026539522,7
3.381135582923889,-4.037262201309204,54.557233810424805,4.028038740158081,1.4033827185630798,770.1174621582031,7
3.3809741076301125,-4.017957670548383,54.591566422406366,4.009344830232508,1.413184032720678,791.519569307215,7
3.3779872796114754,-4.010901198667638,54.95443992614746,3.998992781078114,1.416046905517578,850.8694881663602,7
3.383178337882547,-4.013350475535673,54.7177111457376,4.008809134539436,1.417543613209444,826.7653471105241,7
3.372448326559628,-4.028078668257769,54.6850959777832,4.013705284455243,1.4006628050523646,831.5252337287452,7
3.370961988673491,-4.042897308574003,55.53599279067095,4.034452802994672,1.385799421983607,858.0893877814799,7
3.363547689774457,-4.049171899346744,55.231341418098,4.037063060087316,1.3777276936699363,863.2677332261032,7
3.3803562921636243,-4.0292071847354665,55.24209832584157,4.015994526358212,1.411167799725252,881.0567109949448,7
3.3593493096968707,-4.036203656477087,55.45077106251436,4.023792530508603,1.3753469726618597,857.5951868393843,7
3.358248469408821,-4.029563690634335,55.26843086691464,4.012231781903435,1.3819360985475428,877.9123276654414,7
3.3547790541368374,-4.040559305864222,55.62808205099667,4.033696216695449,1.3716804104692797,894.488868264591,7
3.3553929300869214,-4.029690663954791,55.52573201796588,4.0120720134061925,1.3803032089682186,923.0484468347886,7
3.347717784432804,-4.037721964892219,55.215599419088925,4.022938178567325,1.3683000725858352,919.0767904842602,7
3.3608406207140757,-4.033442822624656,55.57135817583869,4.03435905119952,1.3836551596136653,929.9003181008732,7
3.346468872182509,-4.041780109966503,55.98477819106158,4.041725447598625,1.3608190291068136,930.5612473431756,7
3.340275343726663,-4.046885125777301,55.99602261711569,4.040621280670166,1.3531230828341314,935.7926492130058,7
3.345618667322047,-4.018810631247128,55.47819655923283,4.01857954754549,1.3748131268164694,925.191791848575,7
3.3388468742370607,-4.016287803649902,55.48499221801757,3.999763584136963,1.3718820095062256,963.9520629882816,7
3.349282581665937,-4.026888151729808,55.63628780140596,4.0265720227185415,1.3783349212478189,975.1338091681988,7
3.3462659948012408,-4.044285465689266,55.74199209774242,4.032417465658749,1.366488034584943,982.8228099149816,7
3.342622259083916,-4.037823424619787,55.68323943194221,4.0326078779557175,1.3649492193670834,979.1906451056986,7
3.318382838193108,-4.040041413026698,56.21171601239373,4.015730330523323,1.339219490219565,1015.6236464556524,7
3.33379290524651,-4.008990228877348,55.7006721720976,3.98641334141002,1.3746127584401298,1004.8658662683824,7
3.3296281562131997,-4.026213791791131,55.82220409617704,4.021868010128245,1.3568145008648145,1030.025262810202,7
3.317607153163237,-4.031494979297413,56.3677672217874,4.022323378394632,1.3403779177104729,1051.5837265912228,7
3.3253632012535546,-4.022247146157658,55.61145827349495,3.9957890931297753,1.361858515178456,1024.166345932904,7
3.317299179469838,-4.033516331279979,56.1431723650764,4.011579516354729,1.3480760686537805,1066.3430147058823,7
3.313248830683091,-4.048458334978889,56.60803590662339,4.020887341218836,1.3354560389238244,1055.9127053653492,7
3.3172842306249284,-4.040113421047435,56.27101247450885,4.02053367951337,1.3487601911320406,1079.4514957203585,7
3.3114589915556065,-4.034019027036779,56.4099915897145,4.018087583429673,1.3332894928315109,1046.5344568589153,7
3.315750612932093,-4.034252783831428,56.91180318944595,4.032908874399522,1.338915484793046,1074.750254911535,7
3.2981246948242187,-4.030728278440588,56.83449675616096,4.01889337090885,1.327100846346687,1113.746121036305,7
3.28397276541766,-4.045725014630486,57.040683364868165,4.012313180811265,1.3154945478719824,1119.1160723517924,7
3.294191789627075,-4.04441322999842,56.493117657829735,4.022280883789063,1.325277043791378,1129.1012178308824,7
3.2992493391036986,-4.026028966903687,56.197720718383785,4.006124162673951,1.34617577791214,1156.9305175781249,7
3.2923597728504856,-4.038812917821548,56.8808629653033,4.0325356651754936,1.3139399570577288,1126.1079029756436,7
3.2788473311592554,-4.054070001489976,56.99071356829474,4.032975578308106,1.2976943801431096,1145.2124066521133,7
3.275745324527516,-4.034175020105699,57.317981899485865,4.013476293227252,1.3199606208240284,1199.4134521484375,7
3.290935596297769,-4.0328489023096425,57.09662796469296,4.023904657363891,1.326205497629502,1154.556160242417,7
3.27212856797611,-4.03902868383071,57.36542748843922,4.032145421645221,1.3049362855799058,1195.0142649931067,7
3.247856539838454,-4.047860524233649,57.47204185934628,4.031712686314302,1.2717770232873804,1210.767969468061,7
3.2649362704333136,-4.037037204293644,57.21432293162626,4.02740114997415,1.299344527020174,1220.694246897978,7
3.2759780981961417,-4.027453980726354,57.20019962086397,4.031517286861644,1.3172174755264732,1208.9173555261948,7
3.277762715956744,-4.0246193829704735,57.202781452852136,4.005284124262193,1.3291765717899098,1189.835107421875,7
3.2635148637435014,-4.031630984474631,57.36013349645278,4.027155110415291,1.302496056696948,1219.1383358226103,7
3.2642983268289005,-4.027043174294865,57.650291218477136,4.018687556771671,1.298556958927828,1214.368049172794,7
3.263753818063175,-4.006823385463042,58.01267395019531,4.007236698094536,1.3014946271391477,1232.9742165958178,7
3.2609007330501782,-4.020170469845042,58.18529995188993,4.023637743557201,1.292669543098001,1241.398173253676,7
3.2589291474398445,-4.0284878702724685,58.14138939801384,4.031417372647454,1.2916864605510936,1256.4206442440252,7
3.243764549143174,-4.030874364516315,58.06849589628332,4.027121605592615,1.2749208394218892,1262.130243278952,7
3.241352305692785,-4.037776666529038,58.42792084637811,4.032877445220947,1.27710601161508,1310.2477740119486,7
3.2432361125946043,-4.009198951721191,58.3517219543457,4.025374698638916,1.2771005392074584,1278.376123046875,7
3.228736770854277,-4.023093428331263,57.66821791704963,4.00217126678018,1.2730771765989417,1280.545796472886,7
3.2285870159373564,-4.016344726786894,58.003684055103975,3.993055503508624,1.2761543792836807,1295.083273494945,7
3.236307527037228,-4.01496340527254,58.07328006519991,4.006765287062701,1.2767010611646314,1282.947636862362,7
3.2188227737651154,-4.027405177845674,58.04461131376379,4.004374476040111,1.2628071728874657,1308.905345243566,7
3.2086512046701765,-4.021289163477281,58.07163184670841,3.995853429682114,1.259756938148947,1356.696520996094,7
3.242543963825001,-4.008923872779397,58.03548215978286,3.992706851398244,1.2953519779093126,1300.793230124081,7
3.221003833939048,-4.0375800244948445,58.219245506735405,4.009713226206162,1.2700224757194525,1330.2362326229318,7
3.200388151056626,-4.035682336021872,58.14145382151884,3.9899730906767,1.2551313077702242,1336.1482177734376,7
3.17688287005705,-4.026120746836943,58.8352092294132,3.987111344056971,1.2250591236002304,1366.351375804228,7
3.1907550783718337,-4.02215326533598,59.28267319623161,3.99241122638478,1.2306071000940662,1373.5130227481618,7
3.198083324993358,-4.003950497683356,58.78508285073673,3.985046590075773,1.241326703043545,1380.50458984375,7
3.1863920295939727,-4.020536417119644,58.96387198953067,3.993460133496453,1.2297246119555303,1387.4722512637868,7
3.16731138790355,-4.031735397787655,59.39236180922564,4.008753627889297,1.2024140932980705,1410.9928639131433,7
3.1630866106818702,-4.037942549761604,59.289676666259766,4.009578143849092,1.1933971643447876,1402.6700583065258,7
3.1506443865158977,-4.047215414047241,59.57188527724322,4.013940516640158,1.1750699183520148,1405.109954474954,7
3.1659423828125,-4.015329349742216,59.255102000517006,3.994136476516724,1.2046603707706227,1425.5021771599263,7
3.147123193740845,-4.016392660140991,59.44759101867675,3.990079116821289,1.188900697231293,1446.3230957031249,7
3.1375527578241686,-4.017272893120261,59.42346388872932,3.983831147586598,1.1845325792537016,1472.468307674632,7
3.1357058847651764,-4.024801170124727,59.59698116078096,3.9989203214645386,1.181707641657661,1455.2528004365804,7
3.109702676885268,-4.026785687839284,59.84377827363856,4.002717618381276,1.1433517049340638,1448.1355554917282,7
3.1059905907687018,-4.020396933836095,59.8735736173742,3.9947664106593415,1.1510159962317523,1481.8359726849724,7
3.074020206227022,-4.040021026835722,59.9927329568302,4.006112480163575,1.113345810946296,1475.0055161420037,7
3.0499672539093914,-4.047343026890474,59.83587157305549,4.010456138498643,1.089606945654925,1501.5786807789525,7
3.032567458994248,-4.050927049973431,60.06408826042624,4.011706548578599,1.07820743672988,1526.7262824563418,7
3.0387153429143567,-4.035918011384852,60.201208944881664,4.000349659078261,1.0829814546248493,1534.4159251493566,7
2.964508362377392,-4.059284227034625,60.1956038979923,4.007541353562299,1.0183647983214437,1557.8194623161762,7
2.904712747125065,-4.044435114019057,60.41419302996468,3.99821255347308,0.9629280440947592,1589.2894603056068,7
2.855045251285329,-4.040402272168327,60.40920284495633,4.00434544507195,0.9075633217306706,1568.601328412224,7
2.7949986177332264,-4.039020398083856,60.776335660149066,3.990417620714973,0.8609472355421854,1615.588199391084,7
2.7503780196694763,-4.04310074413524,61.06307171092315,3.9921955557430495,0.8069771275800812,1612.1130830652571,7
2.640985336023218,-4.0676999765283925,61.48405705620261,4.008941271725823,0.6914928310057692,1627.324126838235,7
2.5495287222020764,-4.051098655251896,61.318771945728976,3.996223937763887,0.5885374875629644,1609.712406652114,7
2.3554509583641496,-3.990658768485574,61.238481813318586,3.918360447883606,0.4043085054439654,1671.2681870404413,7
3.045540809631348,-0.2796787023544311,62.98733139038086,0.3041174411773681,0.0093877986073493,1609.5948486328125,7
3.840621709823608,-3.904097080230713,45.21018981933594,3.921321868896485,1.933350920677185,-11.683225631713867,8
3.8225453893343606,-4.046637713909149,45.652284940083824,4.056810597578685,1.8483503361543017,4.362779498100281,8
3.817907969156901,-4.026950756708781,45.78462282816569,4.036415060361226,1.834968477487564,-1.9620453516642264,8
3.806893825531006,-4.052583873271942,46.001007080078125,4.073697209358215,1.825277417898178,36.317569732666016,8
3.79064146677653,-4.029184103012085,45.08310317993164,4.016793489456177,1.824759085973104,44.12950197855632,8
3.782781998316447,-4.037967880566915,46.02417453130087,4.043477594852448,1.8105153441429136,50.31055625279743,8
3.7539643049240112,-4.064618945121765,46.14533996582031,4.075584292411804,1.7722947895526886,79.27082061767578,8
3.752021918694178,-4.032167931397756,45.99430433909098,4.0334360003471375,1.7833210130532582,88.38484064737955,8
3.73997974395752,-4.027488867441813,46.36178843180338,4.038570880889893,1.7613077958424883,75.073361714681,8
3.7263455390930176,-4.021342873573303,46.50286388397217,4.041419804096222,1.7464689761400225,68.08696460723877,8
3.723807811737061,-4.0325231949488325,47.07745774586996,4.04952605565389,1.7414244711399078,85.00373077392578,8
3.723025172948837,-4.038162469863892,47.31151819229126,4.0574114720026655,1.7341827203830082,75.30479272206624,8
3.712827682495117,-4.045368909835815,47.8133430480957,4.063071012496948,1.71773099899292,86.06318283081055,8
3.69604832927386,-4.0228314598401385,47.42095454533895,4.035631100336711,1.708802858988444,99.04454771677652,8
3.693336665630341,-4.027048150698344,47.87742042541504,4.026931722958882,1.7082962691783905,120.25860913594556,8
3.694943994283676,-4.016342341899872,48.08959627151489,4.030949771404266,1.703318566083908,97.4833574295044,8
3.676906108856201,-4.032382329305013,48.11769485473633,4.040063381195068,1.677569031715393,112.70904541015624,8
3.676065057516098,-4.028831740220388,47.85743379592896,4.032604495684306,1.6850656817356746,126.79104900360106,8
3.674543559551239,-4.018510460853577,48.04662895202637,4.024053692817688,1.6826005578041077,116.67593002319336,8
3.674836993217468,-4.031921287377675,48.13338915506999,4.024923205375671,1.688124343752861,145.82946077982584,8
3.671453475952149,-4.024478276570638,48.28121566772461,4.025218804677327,1.679559369881948,135.85125223795578,8
3.643979400396347,-4.020349144935608,48.850316524505615,4.015164732933044,1.6455908119678495,164.0781650543213,8
3.643795927365621,-4.039721369743347,48.86989720662435,4.019182085990906,1.651575247446696,190.4657821655273,8
3.631779263416926,-4.025163888931274,48.781083265940346,4.018288294474284,1.639323388536771,183.95807139078772,8
3.609964847564697,-4.023260116577148,48.9585189819336,4.010887145996094,1.614056944847107,209.31558227539065,8
3.621202727158865,-4.029968678951263,48.93753099441528,4.027833998203278,1.625062351425489,189.89159456888825,8
3.613580465316773,-4.014115691184998,49.157997131347656,3.988948504130045,1.6268859406312306,228.04572804768875,8
3.623495906591416,-4.048037946224213,49.69650268554688,4.039069771766663,1.6344960629940033,245.67221450805664,8
3.592100660006205,-4.059049606323242,50.39973131815592,4.048475742340088,1.5937992930412292,267.9974009195963,8
3.593955884377161,-4.038169860839844,49.91789611180624,4.012689371903737,1.5941110402345655,252.83016713460287,8
3.586674928665161,-4.041741490364075,50.026763916015625,4.013619661331177,1.5910168290138245,269.7151107788086,8
3.600246161222458,-4.031694908936818,50.04527028401693,4.006917039553325,1.614936957756678,278.53638331095385,8
3.5889503161112466,-4.0355118115743,49.80110041300456,4.005149841308594,1.6100939512252808,290.8699645996093,8
3.5872390270233154,-4.033458530902863,49.87475681304932,4.00603324174881,1.6022447049617767,283.8381462097168,8
3.580844084421793,-4.026919603347778,50.18447685241699,4.025767803192139,1.5859653949737549,282.8263422648111,8
3.580621679623922,-4.034031569957733,50.37796131769816,4.018400589625041,1.5994389057159424,315.885929107666,8
3.5767208337783813,-4.048056125640869,50.55552101135254,4.017016649246216,1.591418743133545,319.52284240722656,8
3.563226272662481,-4.046516915162404,50.86644045511881,4.004695177078247,1.567267467578252,333.2715746561685,8
3.562249183654785,-4.03824766476949,50.88006019592285,4.023858666419983,1.5791130165259044,340.6214472452799,8
3.553481012582779,-4.049210786819458,50.82186555862427,4.024261057376862,1.5700682252645493,347.60046005249023,8
3.5458136399587,-4.0431234041849775,50.92193094889323,4.028698762257894,1.5601806243260703,355.94708251953114,8
3.5346352756023407,-4.038744370142619,51.158737341562905,4.007674753665924,1.5545413394769034,388.2294578552246,8
3.5277034640312195,-4.041602730751038,51.3416690826416,4.017242312431336,1.5430390536785126,391.1880416870117,8
3.5270041028658548,-4.043299198150635,51.23464695612589,3.999637395143509,1.5568434645732243,401.2526041666665,8
3.530630866686503,-4.026734193166097,51.28798675537109,4.004325668017069,1.569851318995158,400.3785603841146,8
3.520413190126419,-4.041761338710785,51.589149475097656,4.025974631309509,1.5369475781917572,407.3770408630371,8
3.530073602994283,-4.044716318448384,51.56583595275879,4.021789749463399,1.5558516383171082,410.8387680053711,8
3.513497074445089,-4.023354192574819,51.5128493309021,4.012884179751079,1.541701098283132,423.3923034667968,8
3.526151418685913,-4.027103424072266,51.75077438354492,4.0036139488220215,1.5474181175231934,406.9905395507813,8
3.5161782105763755,-3.9979536135991416,51.82722520828247,4.007885217666626,1.5437852640946703,417.7162933349608,8
3.4943001071612043,-4.015901247660318,51.78132279713949,4.001108964284261,1.5295754770437875,464.38699086507137,8
3.4888390004634857,-4.029642581939697,51.80464029312134,3.999778926372528,1.5280162543058395,480.9343795776367,8
3.499360005060832,-4.026835759480794,51.98663139343262,4.014936765034993,1.5317527453104656,464.1214599609376,8
3.493064761161804,-4.023616313934326,52.03112109502156,4.018153071403503,1.5213596721490226,461.9535458882649,8
3.484097480773926,-4.021928668022156,52.45043087005615,4.018097877502441,1.5055482387542725,472.2178192138672,8
3.4838854471842446,-4.012779454390208,52.09157546361288,4.007844984531403,1.5227292378743489,499.642302195231,8
3.480761686960856,-4.030764102935791,52.82038752237956,4.015848477681478,1.5090251763661702,510.3215026855469,8
3.475406497716904,-4.027952671051025,52.83367776870728,4.03300017118454,1.49115189909935,492.5747871398926,8
3.46538511912028,-4.025185545285543,52.81927267710368,4.018820603688558,1.4926567276318867,526.2982533772786,8
3.4577899873256683,-4.0167586008707685,52.83335574467977,3.998649805784226,1.4895983984073002,533.2342300415039,8
3.459147572517395,-3.9999343156814575,52.73324203491211,3.9839447736740112,1.4976491928100586,541.7991333007812,8
3.465538809696833,-4.008044918378194,53.00219058990479,4.006350874900818,1.5033508837223053,557.8004938761394,8
3.470534344514211,-4.023297746976216,53.45628674825032,4.018072644869487,1.4991319576899211,555.8747304280595,8
3.453550398349762,-4.028187811374664,53.58607721328735,4.032334506511688,1.4794933199882507,592.3589172363281,8
3.4497567812601724,-4.02217165629069,53.139284769694015,4.0137038230896,1.4847107728322346,596.2242838541666,8
3.453640590111415,-4.026102960109711,53.50343624750773,4.026938239733378,1.4820565630992255,593.585932413737,8
3.442769169807434,-4.010156393051148,53.22620296478272,4.002267897129059,1.4801912903785706,593.5170745849609,8
3.449759383996328,-4.02171132961909,53.24396721522013,4.004917899767558,1.4894825567801793,614.0231170654297,8
3.4344237248102827,-4.019221862157186,53.19988123575846,4.019185622533163,1.466892957687378,606.8654276529949,8
3.429423838853836,-4.017385721206665,53.47487878799439,4.01095724105835,1.4598212540149689,618.412353515625,8
3.42338635524114,-4.042572895685832,53.9357000986735,4.041473031044006,1.4402973850568137,660.4669647216796,8
3.430660823980967,-4.024275402228038,53.45054022471111,4.019869724909465,1.4633332143227256,669.4416020711262,8
3.42732310295105,-4.030829906463623,54.02360153198242,4.0230889320373535,1.4559667110443115,693.3016357421875,8
3.428938945134481,-4.012892166773479,53.57280047734579,4.009599387645721,1.4670585791269937,685.4576619466146,8
3.425395925839742,-4.008556246757507,53.79835987091064,4.001092116038005,1.4660715659459436,694.6237436930336,8
3.402240037918091,-4.017335534095764,54.307923316955566,4.001353621482849,1.4371604472398758,722.4370803833008,8
3.4349974393844604,-4.015129486719768,53.87642288208008,4.007530132929484,1.473646601041158,664.8274943033854,8
3.4128572046756744,-4.0240212281545,53.99090051651001,4.024678945541382,1.4415592700242998,712.2966435750321,8
3.408043146133423,-4.019923567771912,54.33781337738037,4.016581296920776,1.4418465197086334,751.6584014892578,8
3.398174603780111,-4.029069344202678,54.157905737559,4.021401246388753,1.4268952409426372,751.5100733439128,8
3.400818347930908,-4.0426836013793945,54.80127843221028,4.046868642171224,1.412272254625956,713.159912109375,8
3.3872787952423096,-4.024718523025513,54.354315757751465,4.01864093542099,1.4148522168397903,750.3558731079102,8
3.387511114279429,-4.016887625058492,54.4074904123942,4.006330211957295,1.418733070294062,761.3314666748048,8
3.36972975730896,-4.0304960409800215,55.02552111943563,4.022550404071808,1.388206382592519,791.3774286905925,8
3.384891390800476,-4.036206483840942,54.5126953125,4.027326583862305,1.4081062078475952,768.3712768554688,8
3.3841637969017038,-4.016531387964885,54.56286843617757,4.008377412954967,1.4180226077636084,790.7539621988922,8
3.381877740224202,-4.009565591812134,54.92667102813721,3.9984242916107178,1.42184050877889,850.1220245361326,8
3.386665374040604,-4.012188255786896,54.66528224945069,4.008436918258667,1.422522097826004,823.7511138916016,8
3.375878890355428,-4.0273224512736,54.69051615397135,4.01369841893514,1.4051222801208498,830.8100992838539,8
3.3742011388142905,-4.042322814464569,55.52616580327352,4.036426444848378,1.390443300207456,856.1307856241863,8
3.3685582876205444,-4.045238375663757,55.14864635467529,4.033376693725586,1.3865403831005096,864.3993377685547,8
3.384287824233373,-4.027311384677887,55.221228917439774,4.015524446964264,1.4174394061168036,879.3028411865236,8
3.36080821355184,-4.032946189244588,55.42265129089356,4.0203910668691,1.379162132740021,858.1395060221353,8
3.3636544942855835,-4.028414011001587,55.20932531356812,4.013120770454407,1.3895999640226364,880.9775009155273,8
3.3587975899378457,-4.038445274035136,55.63174025217692,4.034793933232625,1.376940339803696,890.6757151285809,8
3.357532362143199,-4.027463714281718,55.4238936106364,4.008268574873607,1.385622893770536,925.786766052246,8
3.3508472442626958,-4.036696434020996,55.17750930786133,4.0251784324646,1.3728395700454712,916.5567626953124,8
3.367207119862239,-4.029513895511627,55.62295277913411,4.032739500204722,1.3933842579523723,929.418134053548,8
3.3460161884625754,-4.0435554186503095,55.97415637969971,4.044559001922607,1.3604465524355571,929.6011301676432,8
3.3480798304080963,-4.039176344871521,55.89916133880615,4.036397337913513,1.366094633936882,926.7491836547852,8
3.344934582710266,-4.016427993774414,55.4029738108317,4.014301856358847,1.376737455526988,929.3422851562495,8
3.3433048824469247,-4.0135855078697205,55.411301136016846,3.99978443980217,1.379889835913976,973.155967712402,8
3.352414608001709,-4.031986832618713,55.729618072509766,4.032573938369751,1.380898892879486,979.811767578125,8
3.3518969813982644,-4.040778458118439,55.657797495524086,4.0299696524937945,1.375585898756981,976.323666890462,8
3.340020497639974,-4.037293116251628,55.75331242879231,4.032506624857585,1.3649737834930422,989.1394042968744,8
3.322402983903885,-4.036161720752716,56.16430330276489,4.011276960372925,1.3461720049381256,1009.7919311523438,8
3.34295666217804,-4.0029243628184,55.54408009847005,3.984963377316793,1.3892486790815988,998.7422434488934,8
3.3280122379461923,-4.030460774898529,56.110209623972565,4.0323964556058245,1.3538615008195245,1055.6722208658848,8
3.3208154439926147,-4.031824827194214,56.12186622619629,4.012534856796265,1.346162497997284,1029.447723388672,8
3.328912734985352,-4.018205463886261,55.60361814498901,3.99513770143191,1.3696191360553107,1042.1429748535147,8
3.316388567288717,-4.041675130526224,56.32948780059814,4.017308076222737,1.3418967227141063,1061.942077636719,8
3.319801777601242,-4.04486495256424,56.48057794570923,4.019034266471863,1.349735662341118,1061.5767211914062,8
3.3214770952860517,-4.036251544952393,56.16756439208984,4.019679228464763,1.3562033971150715,1077.8072509765627,8
3.3130378325780234,-4.032252490520477,56.61967833836873,4.017812748750051,1.3372237881024678,1056.8336791992183,8
3.3165785670280457,-4.033244967460632,56.9007625579834,4.035788536071777,1.3399262428283691,1082.0152893066406,8
3.2997382680575056,-4.035114963849385,56.64251104990642,4.008820136388144,1.334579010804494,1105.1100463867192,8
3.2861719926198325,-4.047815402348836,56.91152191162109,4.017439444859822,1.3190773328145344,1125.778096516927,8
3.3079256117343903,-4.037558555603027,56.21086502075195,4.016302168369293,1.348513662815094,1131.5493621826172,8
3.3008159597714744,-4.019447644551595,56.40439287821451,4.006537834803264,1.3476499617099764,1154.4375508626306,8
3.2935869693756104,-4.05224734544754,56.97748804092407,4.039750337600708,1.3085269381602609,1113.086176554362,8
3.2765400409698486,-4.041952610015869,57.10115432739258,4.020966053009033,1.3110833168029783,1185.2701416015625,8
3.291898012161255,-4.030047396818797,57.26139243443807,4.021133601665497,1.3368118703365326,1174.9584350585944,8
3.2874437371889758,-4.035911440849304,57.12293783823649,4.0279470682144165,1.321617811918259,1173.5572713216145,8
3.268638104200363,-4.04007214307785,57.39849519729614,4.033057689666748,1.3009514957666397,1195.6456604003906,8
3.254594763120015,-4.042724132537842,57.40092531840007,4.024933099746704,1.2858090003331497,1219.0614624023438,8
3.2829174995422363,-4.032554388046265,57.182047526041664,4.039308329423268,1.3219984273115797,1215.7416381835938,8
3.282012522220612,-4.028722047805786,57.082122802734375,4.017359614372253,1.3292210698127749,1191.781707763672,8
3.2741441130638127,-4.026400446891785,57.27712074915568,4.014607071876526,1.3221049904823308,1206.2632242838538,8
3.2713114420572915,-4.032334168752034,57.39802042643229,4.027437527974447,1.3067026138305664,1215.551961263021,8
3.2632418274879456,-4.011106193065643,57.78087139129639,4.000685691833496,1.3063572943210602,1218.0305786132812,8
3.274084150791168,-4.009607632954915,58.0720796585083,4.019689718882242,1.3099466959635415,1227.0684305826824,8
3.264135241508484,-4.029546082019806,58.0616257985433,4.02913373708725,1.2981457163890202,1245.6024627685547,8
3.2545710802078247,-4.025055885314941,58.07939529418945,4.029763221740723,1.2899031043052671,1264.5023803710938,8
3.2450784742832184,-4.037865400314331,58.21932729085286,4.02780524889628,1.2820957005023956,1294.551818847655,8
3.250068028767904,-4.020890275637309,58.43731053670248,4.036448001861572,1.2861494918664296,1293.8958740234375,8
3.2373991906642914,-4.013503015041351,57.807464599609375,4.010273158550263,1.2798374444246292,1275.1533203125,8
3.2346072991689048,-4.021046479543051,57.78742853800456,3.993279218673706,1.2865678469340005,1282.403076171875,8
3.23636199037234,-4.011837363243103,58.076157093048096,4.001598487297694,1.277768313884735,1286.6031138102214,8
3.236513316631317,-4.023009896278381,58.04383659362793,4.011091589927673,1.278583198785782,1282.0499572753906,8
3.206192374229431,-4.025209387143453,57.969131787618,3.99847756822904,1.2581475178400676,1366.0483957926422,8
3.2458289464314776,-4.006869236628215,57.93739382425944,3.992637515068054,1.3003821174303687,1300.6227823893232,8
3.231917828321457,-4.029067754745483,57.99252367019653,4.006037712097168,1.2854989916086197,1319.790023803711,8
3.2122385700543723,-4.038601239522298,58.15863005320232,3.9984004100163775,1.263943374156952,1331.2731831868489,8
3.1821848650773368,-4.028129875659943,58.59258429209391,3.987051606178284,1.2342278659343722,1364.0434926350908,8
3.186143636703491,-4.030683517456055,59.3454704284668,3.997422218322754,1.2231152057647705,1365.741455078125,8
3.206008344888687,-4.005474388599396,58.856473763783775,3.987315724293391,1.2489009896914165,1372.7248891194658,8
3.193991700808207,-4.010753949483235,58.68624909718831,3.9861748218536377,1.244464457035065,1390.2803039550784,8
3.175209194421768,-4.033025085926056,59.20956373214722,4.008940696716309,1.2107324302196505,1399.0542907714844,8
3.1701821088790894,-4.032485485076904,59.28591410319011,4.006352027257283,1.202799240748088,1406.1465861002607,8
3.1533956229686737,-4.049450576305389,59.477351665496826,4.014505227406819,1.17908775806427,1405.8435821533203,8
3.172324061393738,-4.019934892654419,59.2840051651001,3.997763514518738,1.2083047926425934,1415.8462524414062,8
3.15904442469279,-4.012016634146372,59.35836807886759,3.989385704199473,1.2008425891399386,1439.3913370768228,8
3.1460913022359214,-4.01794974009196,59.35822550455729,3.9842782815297446,1.1919615268707275,1463.4211018880203,8
3.14028200507164,-4.021879374980927,59.51604700088501,3.9959462583065033,1.187216833233833,1460.1715698242188,8
3.123013814290365,-4.028631448745728,59.79698530832926,4.004765351613363,1.1592302024364476,1439.177276611328,8
3.1147057811419168,-4.018028338750203,59.81137148539225,3.9936596353848777,1.1598926534255345,1476.768315633138,8
3.088745713233948,-4.036258220672607,59.91868591308594,4.004456996917725,1.1305797696113586,1468.6633911132812,8
3.059690405925115,-4.0450278123219805,59.804771741231285,4.00949118534724,1.1001250992218654,1496.7699940999346,8
3.044156789779663,-4.050200462341309,60.032044410705566,4.013400197029114,1.089889427026113,1521.0319722493489,8
3.046215742826462,-4.036742448806763,60.14882278442383,4.001592934131622,1.090870663523674,1529.53076171875,8
2.978311697642009,-4.058411280314127,60.08327229817707,4.008085568745931,1.0319866736729946,1550.3833821614576,8
2.9166829586029057,-4.048229932785034,60.45137484868368,4.000670542319615,0.9738215704758963,1589.0646667480469,8
2.868420004844665,-4.041738271713257,60.325379371643066,4.004499912261963,0.9216130971908568,1566.8175354003906,8
2.804825574159622,-4.042125682036082,60.74810234705607,3.993199765682221,0.8699843759338065,1612.8562825520828,8
2.7575065294901533,-4.045218785603841,61.0098705291748,3.993074377377828,0.8158076107501988,1613.6739298502605,8
2.6465190052986145,-4.070042967796326,61.45785140991211,4.011084794998169,0.6978679522871971,1627.2127380371094,8
2.5529402891794857,-4.055861314137777,61.30063692728678,3.9991101622581486,0.5933568030595799,1611.3005574544272,8
2.3514563540617632,-3.980447540680568,61.29708655675252,3.91273061434428,0.3984682460625975,1671.3473714192703,8
3.045847177505493,-0.2825914621353149,62.9891471862793,0.3078594207763672,0.0091983377933502,1607.169189453125,8
3.8396542072296143,-3.9067587852478023,45.216495513916016,3.923807621002197,1.9291863441467283,-13.33656406402588,9
3.820654379316123,-4.048253475901592,45.63464233674199,4.058010288031705,1.8456248971353093,3.2445248451577613,9
3.81619457451694,-4.027565462043486,45.77162740316736,4.036549246454814,1.8319120766168615,-3.365904250776911,9
3.8036893950887474,-4.054254069385759,45.93004516233881,4.073257655982512,1.8207818887319909,37.11853048025844,9
3.788466623030513,-4.027911306863808,45.06352596972362,4.014811142381415,1.8217740374875355,42.95373466215938,9
3.779382935489517,-4.041091094534081,46.0516781634595,4.047241116144571,1.8053557915859912,51.57098827591862,9
3.75254914846765,-4.063072101179376,46.14926027964397,4.073225130517799,1.769450961825359,77.07162732963101,9
3.750508262450437,-4.031436983361302,45.99953603170004,4.032246253576624,1.7812762992927826,88.83634185791016,9
3.732886007033199,-4.027608561228557,46.32691996930593,4.039542956524585,1.7517310021871544,71.83961358127823,9
3.7250280466424415,-4.020602964493166,46.523667415940615,4.040432030896106,1.74566645866417,70.51583738212126,9
3.720851427101227,-4.033005162894008,47.16350380771132,4.050392966672598,1.7357689199677433,84.10357040956796,9
3.722866479172764,-4.037309224347034,47.27582547750818,4.057957907757127,1.733671368604683,74.3577142278832,9
3.7076636538448096,-4.041078803050949,47.81311710771308,4.058635125677269,1.7117968481707286,87.10498147987458,9
3.695769463677004,-4.022378743412983,47.44092339205454,4.035122477864644,1.7085313071687538,98.49266695689006,9
3.6881877600428568,-4.028764868357095,48.04804767470762,4.027861710054329,1.7004835031118737,127.17110921101398,9
3.690700160451682,-4.011572197259191,48.04425216582885,4.029678402176822,1.6974888774285832,89.85858572534768,9
3.672624453004584,-4.033791139901402,48.05985264605786,4.041368777493396,1.6727206649550472,115.64332920671946,9
3.6746920059962447,-4.0260534229048766,47.94316634212632,4.031852822705924,1.68166240654796,123.06961427251974,9
3.673912958926465,-4.017955050410994,48.00884462839149,4.0212796280182985,1.6840060978050693,120.34116685246848,9
3.672325789210308,-4.032026739005583,48.17203887112169,4.024897721876581,1.6850962157709053,148.85441001064808,9
3.6608380581959183,-4.018261777349265,48.39328117830208,4.020030883421381,1.666852321969457,136.86795558699643,9
3.64142139992082,-4.02218764374055,48.857215123004224,4.012543781694159,1.644260556582945,170.847743942077,9
3.639622762978795,-4.035249675612852,48.81420360703066,4.017613066248147,1.6468681513545025,189.3574544148273,9
3.624332685068429,-4.023528443761618,48.85789733335197,4.016569324286587,1.6310132785015796,192.3441519679793,9
3.6120248128132646,-4.022313267351633,48.88456514657262,4.013403220349048,1.6157779032925526,202.9278336490493,9
3.6134899553046167,-4.028770512845143,49.17340009758272,4.025265211082367,1.613246455250016,200.64204682499545,9
3.6170024010072273,-4.017862589962511,49.16468071075807,3.989559024213309,1.633926243667143,235.37119835543348,9
3.614583344344634,-4.056031387972545,49.94593009029526,4.05687700409487,1.6197136769811793,249.66258000753007,9
3.5854255492428697,-4.051501044307846,50.38185459734446,4.031528582055885,1.5844202458140362,268.73653807123026,9
3.5919059730437866,-4.034573264868863,49.90485634861222,4.013267304523882,1.5901759101683834,252.45430075404164,9
3.588590346186994,-4.037125397877521,49.92105916034745,4.0052238401160185,1.5995979093643555,278.38674301698984,9
3.6017158002738494,-4.033093820135277,50.07529254132007,4.014896823699216,1.614448423127094,272.53138861598734,9
3.5842531847666543,-4.03519845870604,49.65125573399556,4.00249381812222,1.606160726891943,292.759229177452,9
3.5857735326491205,-4.029383059007576,49.96930182123759,4.013985843543547,1.595563671675073,280.4309828425028,9
3.5767957245010926,-4.025412622704564,50.291730719876576,4.0211735748382935,1.5824702949409026,293.2003063523626,9
3.585433451526136,-4.04289903410946,50.3135877172631,4.025812539709619,1.6076916887099484,321.12666467873447,9
3.5687357402709594,-4.041797017476645,50.57610013111528,4.003996079226575,1.5722415648311017,315.57049450242374,9
3.561489563390433,-4.044469123863312,50.96431546038892,4.018030166625977,1.56685428447034,330.5487045839608,9
3.552792422742729,-4.040636361363423,51.06673183211361,4.023636088313826,1.5695162523223694,352.1852615540286,9
3.551050499261144,-4.050050534397723,50.88436999952937,4.034632901111281,1.563330307064286,344.50521721897354,9
3.5374876705996963,-4.037184807191412,51.0126517422228,4.017772025372609,1.557312149599374,377.6825807870153,9
3.525033122085663,-4.04029787592141,51.396398797092665,4.010807735374175,1.5382277082247906,397.97234555899377,9
3.531788981104472,-4.040587109255504,51.223782596817934,4.014141197664192,1.5496118370308931,382.3402364340175,9
3.5295091192406343,-4.027365132986781,51.10011456960655,3.983253395701029,1.573147203548845,405.4142132494823,9
3.527569081409868,-4.031887232539165,51.49326085469809,4.026551177702754,1.5489168210201951,391.9971648066877,9
3.525714348597699,-4.051795249961945,51.756751094956,4.023001067609672,1.5422914911465473,411.22382878682697,9
3.521371229585395,-4.030901001160403,51.29820789199277,4.022486853312297,1.5509601515459728,411.0572325924792,9
3.520629054092499,-4.026120812059885,51.67763167691518,3.9990701086549874,1.5460215627428997,418.536113141531,9
3.5197956246065805,-4.0070898216891,51.87802758274308,4.012085064347968,1.5398213920823065,406.392871534968,9
3.509394157363708,-4.003413026591382,51.7458759445742,4.002478231866676,1.5442626095679868,442.7663660623943,9
3.487384867955403,-4.02736586835011,51.63023978543568,3.998798657612628,1.5286949327193111,481.1615376300124,9
3.4987902928547685,-4.025255025151265,51.951442281883885,4.004044752523123,1.5345830479300169,470.19981053363847,9
3.5002095699310303,-4.0225788541587,51.76462582507766,4.017852559147111,1.529184258127787,446.9529889577843,9
3.4886975704905496,-4.024355724633458,52.34074286954949,4.018392364662814,1.5114122499902565,464.93912331454726,9
3.4847616345049386,-4.013355772179294,52.16734442653426,4.011340066611049,1.519061984786068,490.46446136106925,9
3.477944850921631,-4.023982154317649,52.484652438795706,4.0107293617294495,1.5119458329246704,512.7517687326455,9
3.4782254351190773,-4.032610267041678,52.96765334347644,4.033296878079334,1.4957450499017555,498.5554335260965,9
3.467174830206905,-4.024669546678842,52.72623831967274,4.022172807210899,1.4905282223081011,513.0678642916394,9
3.4593447834612374,-4.02357865528888,52.88247570359563,4.01045529239149,1.4883864960038518,533.1478058229009,9
3.4558380741670907,-4.000674975923745,52.67396182324513,3.980655464781336,1.4928849037871303,537.0574381265295,9
3.460685152605356,-4.004060848649726,52.86503964159862,4.000300410282181,1.5007258165313535,559.2609502953219,9
3.4728116127381843,-4.01744400449546,53.30446546623506,4.014257431030273,1.5032450499304806,542.5484141154461,9
3.4589357347373504,-4.029573406081602,53.5891405588173,4.03087430402457,1.4854955816843425,589.4119652437876,9
3.446776815207608,-4.024259380547397,53.23368552793939,4.020980924008841,1.4767288644629788,589.3925078978021,9
3.4562163726393,-4.025953103260822,53.39668182005365,4.022161943366728,1.4873000096125777,595.4698552510824,9
3.444950452770095,-4.0130842967205735,53.348598847906274,4.010142797447113,1.4789268266723816,588.9871517319277,9
3.4456376742167647,-4.01614623471915,53.14249539662557,3.996723588690701,1.4870404737541476,609.5211181640626,9
3.437767791460796,-4.022585317312953,53.19614509214838,4.023604194801974,1.4698946799140378,607.8886862145849,9
3.4291278396744325,-4.013658879751183,53.29191400918616,4.007162496268031,1.4615390674177422,609.6072733316078,9
3.4251199271305497,-4.038985100137182,53.86748049632613,4.03683487478509,1.4444255936576658,653.9968919868929,9
3.42610055280019,-4.02786489854376,53.48484411584326,4.024954600506518,1.455308529267828,665.6972156202936,9
3.431078589106181,-4.028868083494255,53.90306911698307,4.020701267633093,1.4617669496191554,685.8893189947289,9
3.425109372081527,-4.015311131994408,53.61096568279956,4.012157417205443,1.4605752014252078,684.1581817994635,9
3.427166989050716,-4.007581627512553,53.71368194488158,4.001027607056032,1.468173371022006,688.0595368534687,9
3.4009248923106363,-4.016356629061412,54.29185131946242,4.001889527562152,1.4353667310921543,721.3079091267415,9
3.4332127413117743,-4.015158460800906,53.87038508955255,4.007102796830327,1.4712969021624829,662.6969490510871,9
3.4136148705539933,-4.023059551974377,53.92381543998259,4.024144752916083,1.4427916773830551,704.3111292827562,9
3.408157664609243,-4.020793909049896,54.31258904790304,4.018181378582874,1.4409827668982818,747.3311524908228,9
3.39942479133606,-4.02635666835739,54.102205575230606,4.018778829689485,1.429744417408863,749.7967911685806,9
3.400805875479457,-4.04286804256669,54.75101300894496,4.046794012368443,1.4123486977025688,710.2258286073984,9
3.388675997056157,-4.024907048926296,54.34504511270178,4.019950194531177,1.415471994733236,744.2871939417829,9
3.387258760900383,-4.015908109136375,54.36573136570942,4.00569013802402,1.418458026575755,759.1285668798238,9
3.369932476296482,-4.029686795659813,55.00113687170557,4.022186612508383,1.3886425006820495,788.7564447242094,9
3.385037064552307,-4.035628795623779,54.4892635345459,4.027111291885376,1.4083520770072937,765.60888671875,9
3.3840617300516147,-4.015732179205101,54.53350843866188,4.007865038262792,1.4182073265673163,788.8119455360514,9
3.3825941042727736,-4.0089171191295945,54.89195876523673,3.998109833303704,1.4231492144515716,848.1026578236776,9
3.387053182326168,-4.012024264737784,54.60788083363728,4.008577053805432,1.4228157623704658,819.6062688253013,9
3.375717076910548,-4.0279217168509245,54.7013907375106,4.014554759106004,1.404340491955539,829.1357528502684,9
3.372901887778776,-4.043786996818451,55.544344430946445,4.0397637895790925,1.3872995821826428,851.2273162474115,9
3.3686948253447757,-4.043246559349887,55.06559702861741,4.030859711658524,1.388793661651841,864.1289952289626,9
3.3837910675140748,-4.027694845774088,55.21260833740234,4.016917159758418,1.4153055110609671,874.8204603080286,9
3.35841542123312,-4.032364621219865,55.40887386827584,4.018820087593722,1.3766947525093354,856.2821078013225,9
3.363319267709571,-4.029889589332672,55.198658586984656,4.016181784940053,1.3887100880404557,881.9109217632246,9
3.35967426558575,-4.036846646343369,55.61592582334955,4.033367001866719,1.3781397471944972,888.4611831113517,9
3.3560310300574248,-4.028479323329695,55.33580210122717,4.00920610542757,1.383313887090568,924.0912063782472,9
3.3523172499185585,-4.036623193557004,55.18518792577537,4.028073014983212,1.374426491289254,917.0966528467388,9
3.364811931747988,-4.029784846018596,55.6923460902938,4.032312421913606,1.3899473555116768,926.6063394201808,9
3.3432100838925467,-4.046265599239304,55.98795649517013,4.045759617564189,1.356180331075048,929.333563747176,9
3.3527740541710918,-4.031012115708316,55.76319021201995,4.032064857253109,1.37534404375467,915.8265579407472,9
3.342452448534678,-4.017446417406381,55.4204411334302,4.010814793138619,1.3727896529507924,930.557760583349,9
3.3444458835096245,-4.0146453179508805,55.32263601831642,4.004004650805371,1.381521141672709,976.9306949477602,9
3.347391503402985,-4.040194971015655,55.80511355112834,4.036310017827046,1.3707118414970765,987.7621831319422,9
3.35159761647144,-4.037994677761951,55.62978551473962,4.027749940573451,1.3761174750615317,974.7069452124906,9
3.33309908803687,-4.036769002316946,55.90473960968386,4.02779414854854,1.3583312544477988,1001.3810682181858,9
3.324641127184213,-4.029707897140319,56.0412511710661,4.004684046090367,1.351736588650439,1004.9934111445784,9
3.343882862343845,-4.007340462811022,55.500954478620045,3.9928511395511856,1.3873141716761763,994.429957746023,9
3.3258319935166694,-4.031113699258092,56.37501498302782,4.034165606441268,1.3512513364653989,1067.606561499906,9
3.324108851961342,-4.029182118105601,55.87064851048481,4.004103142094899,1.3540315721408431,1011.9669126947242,9
3.326676670327244,-4.02098090390125,55.74542893559099,3.9993325055363664,1.3654837838138445,1054.4461537556474,9
3.3141192398875594,-4.0474205706492965,56.48638215122453,4.02010648509106,1.3348332191088113,1051.045683711408,9
3.3203250844794585,-4.042616786726986,56.31250073536333,4.018953300384154,1.3520130694630634,1067.2377988516566,9
3.318673771547984,-4.035648750971599,56.1891923467797,4.0193976465478,1.3463705972016573,1055.0349224044608,9
3.3147312531988304,-4.034581442913377,56.81007757531592,4.025708238762546,1.3393974605813084,1067.108120470162,9
3.30717287580651,-4.030605953859996,56.87836038060935,4.028738386659737,1.3321077270680164,1098.2631968302896,9
3.2928575693842874,-4.042626800307309,56.82997517413404,4.00869965840535,1.3247135719621037,1099.7192662250566,9
3.290455128773149,-4.048301593366876,56.599141523062464,4.022839184266975,1.3185141158391194,1120.944074148155,9
3.3045111104666467,-4.03090651064034,56.069918666977486,4.008086727326175,1.348841411521636,1140.5733054287468,9
3.299317700317107,-4.031030071787088,56.66014322028103,4.023089041192848,1.3298984787550314,1126.6019698912835,9
3.2868337056722985,-4.05414775480707,56.8667513835861,4.033836255590599,1.304239543087511,1122.1172051487197,9
3.2782239755952216,-4.034854888916016,57.19939418011401,4.012910906090794,1.3225286703511894,1196.5876898708111,9
3.2952347491160934,-4.032048380518535,57.07015306403838,4.023671713220068,1.3327004478638431,1149.4791583325489,9
3.277079290654286,-4.039200349026416,57.25359555899379,4.030972268207964,1.3105033011321563,1185.3256115281438,9
3.2534055020435746,-4.047280857361943,57.39288330078125,4.031409861093544,1.2785213395773645,1200.3896131400606,9
3.268017039241561,-4.037759907274361,57.16766663057258,4.027051991726979,1.3026266370911197,1214.138188741293,9
3.2801707250526158,-4.027697965323207,57.12776753988611,4.031592190983784,1.3220705296619828,1201.296895590173,9
3.2817295918981717,-4.024210820715111,57.13387009034674,4.004905798349036,1.3340907829353608,1181.5070991975715,9
3.2675673502037323,-4.03200485620154,57.29217014542545,4.028020226811788,1.3067047294363918,1211.4363690112011,9
3.2678229133766816,-4.026839773338962,57.63089954422182,4.017774498606302,1.3028101389666638,1207.0969252988516,9
3.2685250000781325,-4.006207092698798,57.98827362060547,4.010120334395444,1.3062624586633889,1228.4112122317397,9
3.262610655233084,-4.02247737114688,58.13058264858751,4.024516295237714,1.294944964977632,1237.9486885530405,9
3.2613888418818093,-4.027171560080655,58.09128542980516,4.0312766741557295,1.295288387551365,1252.8211625800077,9
3.246290958071329,-4.03396293915898,58.02680601556617,4.026656193905566,1.2781363933919423,1259.5540536168112,9
3.24669934468097,-4.034719151186655,58.40673846509083,4.036147249750345,1.2819512321288329,1298.6468711761102,9
3.243897459593164,-4.007622454539839,58.14332672486822,4.020471386162631,1.2804282558969704,1267.5516291239176,9
3.232028154005487,-4.025426807173764,57.64724391339773,3.998345033231988,1.2795163694634497,1275.6242734610316,9
3.231492582573948,-4.013878153031131,58.03075289439006,3.995746691542936,1.2749176829694264,1287.5024958231363,9
3.239316248031984,-4.017472738243011,57.98069151912827,4.008763117962573,1.2807330869766602,1273.743018460561,9
3.2107501503932907,-4.028704261205283,57.9166529092444,3.999224438724748,1.2591241037989238,1330.4459927110784,9
3.229509482900781,-4.015648399490908,57.96336125753012,3.995722239276013,1.2810459682740367,1316.5720788427136,9
3.236713590392147,-4.020187751356378,58.02515002331102,3.999092537236501,1.2884945855083236,1302.126751635448,9
3.217394891991673,-4.043124830866434,58.2101403201919,4.0077808621418045,1.2653104354100055,1320.0517857563066,9
3.1892926951488816,-4.033567494656666,58.33442439803159,3.989237355898662,1.2418078579098344,1344.3788238893076,9
3.180804804147008,-4.030673986457916,59.23147334822689,3.9953909494790687,1.2189025074602609,1359.9517439876695,9
3.202238888625639,-4.01075141401176,58.96049481127635,3.9871866243431366,1.2456680845065289,1370.4476634565606,9
3.1955781413848143,-4.00684135505952,58.58173921883824,3.982542543526155,1.2442859267613977,1377.7719653026168,9
3.1799910341400697,-4.0337377140320925,59.12470971532615,4.007049741515194,1.214377309902605,1385.6093191123869,9
3.170435483197132,-4.031291346952139,59.3357386301799,4.007062067468483,1.2028156705649502,1406.2656220585466,9
3.153991495270327,-4.049285667488374,59.387907717601365,4.015037964625531,1.1795938287872865,1400.0443519684206,9
3.1684432489326206,-4.027826297714049,59.37395063653049,4.0027921171073455,1.1998458842197102,1403.2676751929598,9
3.16235429551228,-4.011078122150467,59.30159518230393,3.990333032895284,1.20221904386957,1428.7998855774665,9
3.146984094596771,-4.020766832742346,59.33783092268978,3.9868261785392303,1.1902403673493718,1452.032775143543,9
3.1376831718238005,-4.02113561170647,59.47155081507672,3.992891748267484,1.184333843639098,1462.5452351397776,9
3.127664522952344,-4.031761186668672,59.78026737075254,4.0076054664979495,1.163115899246859,1430.2776893707644,9
3.1151433680430958,-4.017473798200308,59.783672769385646,3.994044237826244,1.1572432338473309,1469.3714136330475,9
3.0940830104322314,-4.034470604126712,59.86679477002247,4.003909404019275,1.1360087581427696,1460.131194700678,9
3.060928228389786,-4.044146138501454,59.78817470964179,4.008940452552704,1.098981659814536,1488.5866890413215,9
3.047790811722537,-4.051075343626091,60.01102714078972,4.015050244618611,1.0909921778253764,1512.5353900955383,9
3.047014510775187,-4.038666374712105,60.085609183254014,4.002711181181023,1.0898274951670543,1520.947030308735,9
2.985224715198379,-4.056733165878847,59.97574569518308,4.008293295481119,1.0365089264260718,1538.4142919333583,9
2.9214303594037707,-4.050759384431035,60.48286980318735,4.00280764591263,0.9760401029902764,1583.5211615504986,9
2.8773404603981105,-4.040423404739564,60.22132836766991,4.004514188651579,0.9284383905939304,1557.4053440323796,9
2.8118416430002235,-4.041372500270246,60.69840242776526,3.9950808947344862,0.8736601809421218,1600.966076218938,9
2.766145281044833,-4.042627662061209,60.94069400465633,3.9924822313239776,0.8231818747807691,1605.7781173522212,9
2.6586415825119936,-4.067593224077339,61.4443210463926,4.012930060007486,0.7070604918232881,1617.3431558264308,9
2.568904104002985,-4.05418136895421,61.2959483043257,4.00182583820389,0.6066871062818758,1601.0946706748869,9
2.3748152514538123,-3.972083702144852,61.39271936071925,3.91511372773044,0.4134310054850855,1659.8537031426492,9
3.055800676345825,-0.2777327299118042,62.97933578491211,0.3027952909469604,0.0059208311140537,1598.9039306640625,9
3.840054750442505,-3.90567946434021,45.2111701965332,3.922829151153565,1.9307185411453247,-12.93221950531006,10
3.8208681973544034,-4.048079325936057,45.63894937688654,4.05788029757413,1.845810056455208,3.379442119598389,10
3.816684035098914,-4.027173285050826,45.79724576545484,4.036711065696948,1.8325253912896824,-2.971237221631135,10
3.803542154485529,-4.05397611097856,45.92683854536577,4.073019755970348,1.820870200070468,38.02882253473455,10
3.788863453720555,-4.026971036737615,45.08026733398437,4.013872869086988,1.8226072578719168,42.75284562544389,10
3.779288617047397,-4.042163054148356,46.08556978630297,4.049394679792,1.8050428520549424,52.64544307824339,10
3.753564734892412,-4.06189996545965,46.16997320001776,4.072167439894243,1.7706100052053275,76.21892963756214,10
3.751677406195438,-4.030562955682928,46.02777971209902,4.031770737965902,1.782745682109486,89.59796854654948,10
3.731026224656538,-4.027679076339259,46.339464384136775,4.04042107553193,1.7491270766113742,70.67622717655065,10
3.7263691035183992,-4.020632570440119,46.56467056274414,4.040841882879084,1.7477085286920722,72.2814895629883,10
3.720849615154844,-4.034145282976555,47.225272901130445,4.051256916739724,1.734897281184341,84.38052599357836,10
3.723695993423462,-4.038401508331299,47.303931172688806,4.0590675354003904,1.7342525879542032,74.81520182291669,10
3.7060743115165016,-4.039509018984708,47.78180597478693,4.056312517686323,1.7110082192854448,88.9702900279652,10
3.697847760807384,-4.022124819322066,47.44541274562027,4.03373259342078,1.7118335781675398,98.67580677379262,10
3.689269016728257,-4.030027242140337,48.11556169914477,4.0293534625660286,1.7009399739178743,127.41387643525096,10
3.690084045583552,-4.014052781191739,48.08684227683327,4.031242283907804,1.695915709842335,91.36319940740414,10
3.6734689351284144,-4.034954021916245,48.030387531627305,4.042230684107,1.6743038307536733,116.5122156316584,10
3.6752309062264175,-4.025171461972323,47.9962351249926,4.03250925468676,1.6808125481461034,119.20660913640802,10
3.675369024276733,-4.019327727231112,48.00606835105202,4.021226986971769,1.6861446250568737,122.88855549205437,10
3.6720528111313326,-4.033061524593469,48.212576640735975,4.025446290680857,1.6845998879634974,150.56891072591145,10
3.6558238954255073,-4.016465389367306,48.4940097693241,4.017879095944491,1.6605802124196831,139.57501313180637,10
3.641243648529053,-4.024545210058039,48.87275286587802,4.011545831506902,1.6450904694470492,174.4698994029653,10
3.637742471694946,-4.033468945821126,48.81715520222982,4.017757066090902,1.6446519374847413,188.63027852376297,10
3.620611900271792,-4.023398905089407,48.90546505089962,4.015341166293982,1.62689519145272,197.88376178163475,10
3.6153790777379817,-4.024249024824663,48.87614857066762,4.015929846330122,1.6200237707658247,199.7447920365767,10
3.612558220372056,-4.024425636638295,49.21940439397638,4.017604524439031,1.6125414082498262,206.9782479026101,10
3.61882081898776,-4.026649203444972,49.32503134987572,3.999521560379953,1.6348084572589758,240.17206624348967,10
3.608114251223477,-4.060389891537753,50.10958154851741,4.062323674288663,1.6114587805487892,256.7234172474255,10
3.586650936531298,-4.048295185782693,50.28991585933801,4.024094983303185,1.5864295562108357,268.076230505741,10
3.589433620915268,-4.036281649271647,50.018881225585936,4.014602516636704,1.587618306911353,257.76708725437976,10
3.5894606546922163,-4.0327723676508125,49.91163357821378,4.000033551996404,1.6035375053232368,285.8284274014561,10
3.5975405953147197,-4.032908069726193,50.04880151459665,4.0130818482601285,1.6116499416755907,277.09048665364594,10
3.5841568383303555,-4.0347853342692055,49.65264074152167,4.002475891691265,1.6046841086763324,290.04036236387304,10
3.584761142730713,-4.028207111358642,50.039405059814456,4.0195659637451175,1.5920776844024658,279.0070373535156,10
3.57663507606044,-4.027873227090547,50.36796021894976,4.01927077553489,1.5857278245868105,300.9944940740412,10
3.582732077800866,-4.046885013580322,50.38800719290069,4.026529109839237,1.603799223899841,322.7355642607717,10
3.5655968709425494,-4.041966195539994,50.64934158325195,4.002213980934837,1.56760140765797,321.261610551314,10
3.562803518410885,-4.041375613935066,50.90206460663767,4.022766775073428,1.5722733028007276,330.84714355468753,10
3.554076043042269,-4.045229004368638,50.97805393103397,4.022733121929747,1.5690518856048583,346.3698491876775,10
3.5509965549815785,-4.046224966916171,50.91605599143288,4.033174878900701,1.5631911819631403,345.16447698419745,10
3.535821856874408,-4.036164818388043,51.07573237563624,4.0110085660761055,1.5569657195698132,383.9013681122752,10
3.522907637104844,-4.039954176816074,51.45846733324456,4.016214055726023,1.5346844615358295,396.9974479906487,10
3.527650581706654,-4.043436752666127,51.287872453169385,4.010348909551447,1.5480366208336571,390.3357027920813,10
3.530137719530048,-4.024492671272972,51.16139059355765,3.990951854532416,1.5719119158658112,399.9918593897964,10
3.5211773554484047,-4.036823622385661,51.5789077758789,4.029325866699219,1.5367515722910563,398.9357869466148,10
3.52859674800526,-4.050457737662575,51.72869179465554,4.023431344465776,1.548595200885426,410.3278864080256,10
3.5151369484988124,-4.026552630915786,51.46866873538856,4.018777246186227,1.5426153948812773,418.4950533780185,10
3.5239219723325785,-4.027207773382013,51.740701224587184,4.001587075898142,1.5457402763944683,410.5436471650094,10
3.51572716886347,-3.9999209317294033,51.86393037275835,4.010112935846502,1.5395102522589943,412.7654202547941,10
3.496739794991233,-4.012582862738407,51.79157726403439,4.002631490880793,1.5304054737091064,457.65585031220405,10
3.486760493480798,-4.029720884380919,51.78432822949959,4.000609932523785,1.5250816489710952,480.2320908055161,10
3.4980056242509323,-4.026860514554111,52.019589788263495,4.014729829268022,1.5298299182545054,465.5033669211646,10
3.4923402294968118,-4.023533003257983,51.987251235499535,4.01896450736306,1.5198018550872805,459.5456964666194,10
3.483106748985522,-4.022168676780932,52.444485173080906,4.018824944351659,1.503056897539081,469.55629753344,10
3.482285235144875,-4.012568837946112,52.09710048328746,4.009620285034179,1.5195197062058885,497.7968522505328,10
3.478688875834147,-4.030543804168701,52.83129501342773,4.017624060312907,1.5053424040476482,508.806396484375,10
3.4730651060740154,-4.027598479299834,52.83299592914003,4.033928663080389,1.4872434182600542,491.6470342462713,10
3.462981822273948,-4.024837485226718,52.82319446910511,4.019517716494473,1.489146969535134,525.8546908291904,10
3.455423761136604,-4.015123901945172,52.82235972086588,3.997038777669271,1.4860837690757982,531.8674830581202,10
3.457614830768469,-4.00001413749926,52.74426743478486,3.985697491963705,1.4952580372492472,541.547149103338,10
3.465349479155107,-4.009574153206565,53.03668455644088,4.008985085920855,1.5011398467150605,553.7422818270595,10
3.467105012951475,-4.025722940040358,53.51604609633937,4.021092874353583,1.493937743793834,560.5767463452892,10
3.4486833110000146,-4.026760739991159,53.56460000240441,4.033398420160467,1.473339247703552,590.0165605024857,10
3.449362104589289,-4.020708734338934,53.10057941783558,4.010596587441184,1.4856201973828402,597.0097223455257,10
3.4495787562745988,-4.0247281565810695,53.53538961699515,4.028574527393688,1.476058639902057,588.823897298177,10
3.440001545530377,-4.00923676924272,53.14988616018584,3.9981507604772393,1.4778794303084866,593.084970185251,10
3.4474419593811034,-4.025957298278809,53.2868293762207,4.014298439025879,1.4831695318222045,612.881884765625,10
3.43045510523247,-4.016805648803711,53.16063845085375,4.0137470071966,1.462802863843513,601.232392282197,10
3.427428985364509,-4.023330928340103,53.65867875995058,4.018480884667599,1.4532828504388982,621.9013449928977,10
3.420763518593528,-4.040915229103782,53.849529196999285,4.041115613417192,1.4380805037238382,658.299209872159,10
3.4330983523166543,-4.02401893789118,53.551508585611984,4.016627152760823,1.4676064361225476,671.3600889263732,10
3.41755715861465,-4.029976567355069,53.99205881754557,4.024971857937899,1.44346477913134,693.4990204782198,10
3.4307783777063543,-4.011460781097412,53.60010972456499,4.008379372683439,1.4694310946898028,681.1984952059659,10
3.412131362972837,-4.013282839457194,54.05679323601001,4.00517650084062,1.447624199318163,708.5460867217095,10
3.4097477898453223,-4.018406570318973,54.10031116369999,4.003128652861624,1.4448384321097174,697.9235632694126,10
3.4281689687208696,-4.016179301521995,53.82798212224787,4.012239109386098,1.4649387381293557,673.1877441406251,10
3.406401842290705,-4.02554735992894,54.18239713726621,4.024462379108776,1.4339311021747012,731.436113207268,10
3.40544171333313,-4.017151991526286,54.25794143676758,4.010873126983642,1.4409830808639523,755.5437337239583,10
3.3935562697323887,-4.040928771279075,54.40101255937057,4.036292093450373,1.4124631318179042,735.810531338778,10
3.3968654762614854,-4.0362125945813725,54.75429752234256,4.041101374770656,1.410383187640797,713.7559670188211,10
3.3775884093660298,-4.01781381260265,54.23788648663145,4.00814777432066,1.407188740643588,771.0057576497397,10
3.3839093728498977,-4.023362480510365,54.804324826327246,4.017760406840932,1.4083970676768909,766.2629305752844,10
3.3740122997399533,-4.035911695884936,54.67764178189364,4.026034019932602,1.3952300714723993,780.5024358575993,10
3.3851820902390912,-4.031981520219283,54.54940837513317,4.024465870134758,1.4087833975300643,764.3356031013259,10
3.374479103088379,-4.011726145310836,54.82632335316051,4.001924315365878,1.4096379085020587,829.476371626421,10
3.382945501443112,-4.012831167741255,54.91495698871034,4.004815419514974,1.4196578191988396,844.808419892282,10
3.378765513680198,-4.019598212386623,54.50321951201468,4.011418773188735,1.4103636972831954,819.4064993193657,10
3.3749214865944603,-4.034223131699996,55.203321006081325,4.021034734899348,1.3980838017030195,854.130448774858,10
3.3637364705403647,-4.052588717142741,55.393359629313146,4.045223522186279,1.3738915046056113,851.1898763020835,10
3.3789944692091507,-4.029855751268792,55.13800968979344,4.016863987662576,1.4098200949755582,876.1428740530303,10
3.368919480930675,-4.036498893391002,55.38432034579191,4.02822377464988,1.386919411745938,851.9465221058236,10
3.357203836152048,-4.028156913410534,55.28628142385772,4.010690024404815,1.3803825559038103,863.9550329959753,10
3.3557391715772225,-4.038489700086189,55.50054124774355,4.030341665672534,1.375647186510491,892.546991521662,10
3.3603785037994385,-4.028936143354936,55.59623884721235,4.016353260387073,1.384826829216697,912.8072875976568,10
3.350968372460568,-4.0352357777682215,55.19100492072828,4.020571217392431,1.3733478488344135,916.371259839607,10
3.360952579613888,-4.034125848249955,55.47292304761483,4.036144372188684,1.3836303804859973,925.3733612985322,10
3.350680112838745,-4.038811388882724,55.93632542003285,4.039897199110551,1.3676841735839844,925.9975918856534,10
3.340851314140089,-4.047125816345215,55.978787000251536,4.042049110297,1.3540366122216891,933.3691742868132,10
3.348070172107581,-4.017676246527469,55.46248918013139,4.01945783441717,1.37811719937758,919.5795632102272,10
3.3409915447235106,-4.015235233306885,55.46068496704101,3.999963092803955,1.374793815612793,959.4331665039068,10
3.351555448589903,-4.026732921600342,55.62896994388465,4.028035510670055,1.3811672492460771,970.6943322383996,10
3.3492955785809144,-4.043292938579213,55.68962582674893,4.032173269445246,1.370217534990022,975.31826578776,10
3.3423781264912,-4.03753284107555,55.66004999334162,4.034079083529386,1.3652708292007445,977.0591819069608,10
3.319621786926732,-4.039611614111698,56.21054259791519,4.01472904031927,1.3406484842300417,1006.924053770123,10
3.3395592443870776,-4.004065617648038,55.58538871533943,3.984185416770704,1.3840210221030496,996.8058445785985,10
3.3271735364740547,-4.030538385564631,55.99626749212092,4.031105821782893,1.3509375940669666,1043.1043701171875,10
3.31831010760683,-4.032394328261867,56.19541676839192,4.015475871346213,1.340806497227062,1030.5193359374994,10
3.326954463033965,-4.020068304466479,55.59452160921964,3.995490787968491,1.3655879945466012,1034.4995006214488,10
3.3143401579423384,-4.042405466599898,56.33427318226208,4.017921187660911,1.3383054191415955,1058.9950838955965,10
3.3171921209855517,-4.046784470298073,56.50804780902285,4.020334599234841,1.3439683813037293,1057.4709886955493,10
3.31925892829895,-4.036968072255452,56.183153788248696,4.020432790120442,1.3514045079549153,1073.931884765625,10
3.310336975617842,-4.033144075220282,56.65568674260921,4.018951910192317,1.3320785305716774,1053.6013516512792,10
3.313064709576693,-4.033954030817205,56.93199664029208,4.03672412814516,1.3332313255830244,1079.1792317708334,10
3.2966146266821656,-4.037174106366707,56.643090935909385,4.008551574475837,1.329196630824696,1099.0831062085697,10
3.284186016429554,-4.049644296819514,56.890222792191935,4.01994591626254,1.313805068622936,1122.457947887074,10
3.3055751395948003,-4.037530133218476,56.18709529529918,4.015191713968912,1.3452532544280544,1129.5727021188452,10
3.298072914643721,-4.0221736185478445,56.49374290235115,4.010911028312914,1.3389468214728617,1143.9553259647253,10
3.2894483349540016,-4.054032343084162,56.95339355468749,4.038664054870606,1.302569935538552,1110.2102650035513,10
3.274657784086285,-4.040036311294093,57.157657507694125,4.018282393253211,1.311171262914484,1189.681272194602,10
3.2910891749642115,-4.031758056987416,57.22395523533677,4.022439474048037,1.3312174067352758,1161.92793264678,10
3.2798989252610635,-4.038461685180664,57.185038479891695,4.0288611758839,1.311681899157437,1176.0956920276994,10
3.259072685241699,-4.044432989756267,57.39457092285157,4.0330042521158855,1.2849963744481403,1190.44833984375,10
3.257951080437863,-4.0407814950654,57.3192156011408,4.025219454909816,1.288537816567855,1215.29140551018,10
3.2793944705616345,-4.03035553151911,57.20550308227539,4.039009241624312,1.3181388638236309,1207.580399946733,10
3.279976207559759,-4.027561274441806,57.119184551817,4.008288525090073,1.3296132774064036,1181.5013908617425,10
3.265671029235377,-4.030890262488163,57.33940829652728,4.0221256920785615,1.307064981171579,1210.487537730824,10
3.268313524939797,-4.029152861508456,57.512027601762256,4.02138617255471,1.3019503181630914,1208.911698774858,10
3.2638266332221755,-4.00737472302986,57.92676440152255,4.003224939288515,1.302548521937746,1220.7990456321022,10
3.2657883644104,-4.0177578059109775,58.13967014659535,4.023451828234124,1.297612008181485,1228.8273082386368,10
3.2606354713439942,-4.030243214693936,58.09458195079457,4.031574214588512,1.2923807772723113,1245.8541015625008,10
3.2459082314462373,-4.030375625147964,58.05382757475882,4.027939464106704,1.2769202788670857,1256.890343868371,10
3.2424898320978337,-4.038678880171342,58.40759832208808,4.033064715067546,1.2774259690082437,1303.488974461411,10
3.244492053985596,-4.009872245788574,58.3375358581543,4.026368713378906,1.2776034116744994,1271.8694580078122,10
3.2299012299739958,-4.024824613513369,57.6493056788589,4.00264131083633,1.2735074729630442,1274.8521565755211,10
3.2292293331839823,-4.016454286286325,58.01751665057558,3.994348904580781,1.2751529130068693,1290.7839984315815,10
3.238006591796875,-4.016694762490013,58.047245719216086,4.008722305297852,1.2776952440088445,1275.3771861683238,10
3.214925836794304,-4.028978079015558,57.99798570112748,4.00259800679756,1.2597501277923584,1313.939893317945,10
3.2166558670275145,-4.020148037419174,58.04501856023615,3.9963286443190142,1.2668165886040894,1337.1335123697909,10
3.2390736363150854,-4.015181307359176,58.04860153198243,3.996390264684504,1.290243296189741,1298.6947576349437,10
3.217573897043864,-4.042354410344904,58.24544772523822,4.00979934461189,1.2646936893463134,1323.205820904356,10
3.1924872976360894,-4.035894538417007,58.26552893898705,3.99039701981978,1.244858492504466,1339.224387428978,10
3.177370465885509,-4.030361270904541,59.1276012767445,3.993847738612782,1.2174573789943348,1361.3439297762784,10
3.1969344731533167,-4.015220994660348,59.088412914854096,3.989076003161344,1.2388733842156154,1372.5812559185608,10
3.1939248561859133,-4.006426048278809,58.63182093302409,3.983562612533569,1.2397603909174602,1377.1342692057292,10
3.179842558774081,-4.0341834675182,59.15021390047941,4.006417673284358,1.213170253146778,1384.3200195312502,10
3.165947603456902,-4.032234784328576,59.42201568141128,4.007526195410526,1.1990594791643547,1412.0572694720645,10
3.152621254776463,-4.049164390563965,59.39698622732452,4.015534158186479,1.178105131062594,1401.5749134410512,10
3.1614870158108803,-4.0336251518943085,59.49292408336292,4.006944413618608,1.1896728775718002,1402.7872736150573,10
3.1593096097310385,-4.012576409542199,59.33571694113992,3.992121355461352,1.1981959191235627,1428.5955758759471,10
3.141561966231375,-4.023792948867335,59.41801949703332,3.990380457675818,1.1829451560974122,1452.729068270597,10
3.1308959830891,-4.022289536216042,59.53182497891513,3.9929453676397153,1.17713247645985,1469.3990034623578,10
3.121562421683109,-4.033926299124053,59.82370968442975,4.008549357905532,1.156279173764315,1435.934248490767,10
3.104906784404408,-4.021204650763309,59.8676848671653,3.996390117298473,1.1439478830857712,1472.3132294625948,10
3.0853709047490896,-4.036415420879018,59.95018303611062,4.004363528164951,1.126277223500338,1466.7008145419034,10
3.0477001825968424,-4.047466977437337,59.91177368164063,4.009821001688639,1.08382089138031,1493.1111653645837,10
3.035562247940988,-4.055410861968994,60.110184640595406,4.01690098733613,1.077085039832375,1516.945242217093,10
3.0298135887492785,-4.044530521739612,60.20343655672941,4.004418381777676,1.0708344112743031,1526.894666637074,10
2.965335776589133,-4.060325330676455,60.097438003077656,4.009974942062841,1.0156896988550816,1543.2928984670932,10
2.895724776296904,-4.053418035218209,60.62741581309924,4.004365522211248,0.9514296538902044,1591.1828198982005,10
2.848427941582419,-4.040444287386808,60.290646847811615,4.006486667286266,0.9006615400314325,1562.1340398615057,10
2.771458640243067,-4.046696171616063,60.78220483028527,3.99678754084038,0.8339549664295075,1607.0473410866484,10
2.7158354571371364,-4.047364214694861,60.992787725275214,3.993106524149577,0.7748031262195468,1614.402811316288,10
2.5993959166786875,-4.073464809764515,61.46088506525213,4.00837494243275,0.6476767323233853,1629.2757013494322,10
2.4796408985600324,-4.05786095532504,61.12120791348544,3.98719660874569,0.52285077752489,1620.567715731534,10
2.2684803977157117,-3.9021365888190966,61.43229733091413,3.838566673163209,0.3124370452129464,1680.2019235321982,10
3.056187152862549,-0.2692770957946777,63.01840972900391,0.2910727262496948,0.0051784384995698,1599.5555419921875,10
3.8392210006713863,-3.910691499710083,45.232852935791016,3.927145481109619,1.9272701740264893,-12.675772666931152,11
3.8180557053263593,-4.0516052769451605,45.643687876259406,4.061105800838005,1.8418520267416791,3.720140122785801,11
3.813101974929251,-4.030490578674689,45.79729126720893,4.040194296255344,1.826786685280684,-2.903479930831166,11
3.799613949729175,-4.056772767043695,45.90412321323302,4.07502217118333,1.8146123966065848,39.67020516279267,11
3.784887017273321,-4.028842274735614,45.08327949337843,4.015758223649932,1.8171004696590145,43.91963353971156,11
3.7747954086559576,-4.045787721145444,46.11290375779315,4.053784803646367,1.7981761381393526,54.603340195446464,11
3.749753669994633,-4.062874369504975,46.17744794706019,4.073154641360771,1.7646024576047572,76.1674437173983,11
3.7480186718266175,-4.03162447708409,46.05225069929914,4.033591418731503,1.77755721749329,90.88733286973904,11
3.724108800655458,-4.028155291952738,46.3308756758527,4.042157056854992,1.7400086565715511,70.74185013189549,11
3.7225052510819774,-4.02101573420734,46.59043735411109,4.04015021207856,1.7429976652308208,74.44617955277606,11
3.716235942956878,-4.033905221194756,47.26303370405988,4.051599002465969,1.7283378010842858,84.30138527474753,11
3.718363793884836,-4.039079648692433,47.40675333069592,4.060014166483065,1.7262039882380789,76.42198060198527,11
3.699172409569345,-4.036840369061726,47.759608012873954,4.052367361580453,1.7036525476269606,91.347661646401,11
3.694659039741609,-4.021516288199076,47.469117280913565,4.032451202229756,1.7085339906739023,100.14562816154668,11
3.685819643299754,-4.030302501306301,48.19789551525581,4.030788950803803,1.695502295726683,128.6607412943026,11
3.6843140052586074,-4.014952642161672,48.13485664274634,4.0320619257485,1.6878373659238584,92.55311793815795,11
3.669794576924021,-4.0354170217746645,48.00229216784966,4.042978356524212,1.670030570611721,118.5276697670541,11
3.671021635939435,-4.023771222044782,48.05798593381556,4.033055692184262,1.674106875570809,115.96346701645273,11
3.6723050140753024,-4.020476882050677,48.02979236695825,4.021100992109718,1.6828142986065004,126.83447265625,11
3.669047317853788,-4.032173880716649,48.24805306225288,4.025364425124192,1.680011593713993,150.72096075662756,11
3.6488122242253,-4.015615905203471,48.59971618652344,4.019055424666986,1.6501401110393246,144.6406089968797,11
3.639233038192842,-4.027764425045106,48.90421190494445,4.014424329850732,1.6422589944630137,178.73167289175643,11
3.631617633307852,-4.029159481932477,48.82059855577423,4.018505997774078,1.6375306001523646,186.83566879644627,11
3.613067695280401,-4.02209074904279,48.96090195818645,4.015115653596274,1.6174028951947284,204.4450631490567,11
3.616216008256121,-4.026209819607619,48.88538248946027,4.020775574009593,1.6209940997565666,197.161111226896,11
3.608619394825726,-4.019529438600308,49.2578947951154,4.010740698837653,1.6082661718856996,213.6390302704601,11
3.617830924871491,-4.035452941568886,49.48859461342416,4.010805769664485,1.631811383293896,244.7050662157012,11
3.5985395661214503,-4.062199519901741,50.25928353100288,4.06467370289128,1.5995803489917662,262.64247168564214,11
3.585976827435377,-4.044434989370951,50.17062117413777,4.020149870616634,1.5848023571619172,265.0606830876049,11
3.5846392323331133,-4.038362892662606,50.06247506490568,4.016457915306091,1.582982560483421,263.5540583540754,11
3.590864861883768,-4.031440159169639,49.96714377984768,4.003008964585095,1.6041841797712373,284.51800388243146,11
3.5906108356103665,-4.033200150582848,49.93888326970542,4.010139427533964,1.606836971713275,283.46980341469373,11
3.583136570162889,-4.034055500495724,49.79002101246903,4.005110554578828,1.599074142735179,287.0313847239425,11
3.5799851417541504,-4.027111434355015,50.13381960333847,4.026530443168268,1.583795297436598,279.5027341144841,11
3.5744912449906514,-4.031922142680099,50.4177700135766,4.019892093611927,1.5884385835833663,311.04343246832127,11
3.5759034738308046,-4.048688818768757,50.46922930275522,4.022843424866839,1.593695168815008,321.9692768003883,11
3.5617962697657144,-4.044071313811512,50.76583052844536,4.003826699605802,1.5637160365174456,329.1254689286395,11
3.561013830871117,-4.039459333187196,50.8728934032161,4.026523732557529,1.5742728891896038,335.23571498219553,11
3.551817658470898,-4.048816070324037,50.86423022572588,4.025366748251566,1.5661817411097083,345.17232643685685,11
3.5446218019578515,-4.04309699012012,50.92438935070503,4.031088936619643,1.5571880878471749,353.08183028058306,11
3.532585917449579,-4.038569520159466,51.15265525259623,4.009983283717458,1.550808839681672,386.9338200266768,11
3.52521288394928,-4.040612816810608,51.34433460235596,4.018952488899231,1.5388428270816803,391.0628509521485,11
3.523843212825496,-4.044362062361183,51.24553875806855,4.002072090055885,1.5522839659597816,400.7785536603231,11
3.5274023399120424,-4.028657959728706,51.323019678999735,4.01056744412678,1.563691835577895,398.3048157110447,11
3.5165440396564764,-4.043786328013351,51.61533551099824,4.028520781819413,1.5301890780286092,409.28825341201406,11
3.5254900775304656,-4.042828260398492,51.47626472100979,4.025666335733925,1.550543923203538,408.88805333579455,11
3.509681053277923,-4.024486262623856,51.576625917016,4.012775002456293,1.5346996391691814,422.9145701338605,11
3.521358116370876,-4.02291174632747,51.80247478950314,4.010478255225391,1.5389891005143888,405.6924194708103,11
3.513132031370954,-3.9986101127252343,51.77154820139816,4.007020752604415,1.5426983513483188,424.1303547184642,11
3.4873261349957163,-4.021476890982651,51.72787329045738,4.002288617738864,1.5226465994265022,470.0632309332124,11
3.4908246179906333,-4.029607924019418,51.867025003200624,4.002824422789783,1.5272351430683602,474.9662777040064,11
3.498262116094915,-4.026973997674337,51.861204054297474,4.020931680028031,1.526802354469532,452.53702638207415,11
3.488828786989538,-4.0248476005182034,52.25953060243188,4.02047021214555,1.5133302182686037,465.0782627012672,11
3.480779615844168,-4.019448550736032,52.44503091021282,4.018807164052638,1.5041331423491966,480.40168724990457,11
3.476765903030954,-4.017561453144725,52.21955452895746,4.010244410212447,1.5134818670226309,508.580234806712,11
3.478372300543436,-4.034902494128158,53.018840766534574,4.027821401270424,1.499671385782521,507.15129703428687,11
3.4699928004567218,-4.0248608821775855,52.69704455864139,4.027828030469941,1.488787581280964,499.1540400807448,11
3.460664795666206,-4.025986904051246,52.86533285931843,4.017394449652695,1.4890005901092436,534.1238291670636,11
3.452122647587846,-4.005548552768986,52.69030580288026,3.983614831435971,1.487043220822404,538.5709786764005,11
3.4564327394090046,-4.002422139412019,52.80556985808582,3.9940414428710938,1.496201539184989,555.7549832972081,11
3.470425989569687,-4.012581278638142,53.1879201749476,4.011600494384766,1.5032565593719482,544.0289768125954,11
3.461369620590675,-4.031387346546825,53.60128700442431,4.028620923437724,1.487192120493912,583.149514919374,11
3.445267886650272,-4.025010050796881,53.39466029841725,4.028603658443544,1.4712447654910203,585.8917422410918,11
3.4538139322908914,-4.021317281374117,53.240727517662975,4.013208700389397,1.4898161350226984,602.6193107046734,11
3.445790174530773,-4.018350729128209,53.46978313166921,4.02002748628942,1.4753816418531465,588.0500741353849,11
3.4422381970940568,-4.01288332008734,53.10745441622851,3.994623303413391,1.4824827015399933,603.4220644322837,11
3.4410978701056507,-4.0267196166806105,53.23571409830233,4.025074394737802,1.4732095846315711,611.6873109398819,11
3.4288896336788084,-4.01334508163173,53.17761383987055,4.006378438414597,1.462498180023054,605.0704096352181,11
3.426454538252296,-4.035905256503966,53.8402270805545,4.032520166257533,1.4477471055054083,648.5529085484945,11
3.4221191202721943,-4.032658193169571,53.56915466959883,4.030993479054149,1.4474173275435844,665.3848880674781,11
3.435324828799178,-4.027866061140851,53.833964324579,4.018855641527874,1.467786671184912,681.4631928234564,11
3.4214056817496696,-4.01870386774947,53.696034245374726,4.015350190604606,1.4540486459325,686.3332660954173,11
3.428835240806021,-4.008003013889964,53.6668246199445,4.002113423696378,1.469812224550945,685.894697980183,11
3.4013155451635035,-4.016181471871167,54.27858192164723,4.0033387876138455,1.4352808594703674,720.6307413985088,11
3.4290252749512837,-4.016637668377015,53.88942834807605,4.007429378788646,1.4661685577253014,667.5914976538683,11
3.4151225438932094,-4.022035316723149,53.880627841484255,4.022463845043648,1.4455370423270435,700.3360938095465,11
3.406113665278365,-4.02240658969414,54.30376369197194,4.020111712013803,1.4372057943809322,746.727869545541,11
3.398468783715876,-4.025875361954293,54.10600785511296,4.018133776943858,1.4290364319231452,752.446826097442,11
3.398715574566911,-4.044623921557171,54.754622389630576,4.048096377675126,1.409243856988302,711.5366248154058,11
3.388036379000036,-4.0266874505252375,54.37007373716773,4.0225099383330924,1.4131972847915275,742.0748919975467,11
3.385217218864254,-4.016283070168844,54.35630658777748,4.006316940958907,1.4155500981865858,760.8044091201411,11
3.3683766490075646,-4.030843443986846,55.014856687406215,4.023222193485353,1.3859569553921862,789.5705592457841,11
3.3835188150405884,-4.036622524261475,54.49605369567871,4.028136730194092,1.4061216115951538,766.5634460449219,11
3.382326421214313,-4.016463756561279,54.54420903833901,4.008598944035972,1.415691457143644,790.8140433706891,11
3.381630577692172,-4.010196243844381,54.90520365645246,3.9989468295399737,1.4213098665563073,849.9278445360139,11
3.385899819978853,-4.013534531360719,54.59691473332848,4.0098614227481,1.4203682229286287,819.046937523819,11
3.3741495812811504,-4.030124123503522,54.75745717490591,4.016296613507154,1.40120829023966,830.7444964153009,11
3.3706666958041307,-4.046469912296388,55.57422286708181,4.0426727097208905,1.3829212828380306,850.7331412710795,11
3.369172247444711,-4.041747197872255,55.06339757035418,4.028936083723859,1.3905289114975343,865.9326186761623,11
3.381243414995147,-4.030484365253914,55.22981985603891,4.020399064552493,1.409451961517334,870.1785062464272,11
3.3565141369656817,-4.032709767178791,55.40018649217559,4.017959112074317,1.3746189024390243,856.6092559070122,11
3.3614687687013207,-4.033244505161192,55.235535202956775,4.02064209449582,1.3848705647922146,886.008482398056,11
3.359543509599639,-4.036741279974216,55.613625503167874,4.032107771896735,1.37791066053437,891.494646770198,11
3.353300593248228,-4.0311622939458704,55.266448718745536,4.011045566419276,1.379024318805555,926.3291767399484,11
3.3526431351173214,-4.038209234795919,55.21145862486304,4.0317030592662535,1.3742082031761726,922.1978052651008,11
3.3613378725400787,-4.031904851518026,55.77655350289694,4.032526964094581,1.3850048627795244,928.3261365192692,11
3.3395359283540307,-4.050307401796666,56.00654425272128,4.046812022604594,1.350963054633722,933.1822926591084,11
3.3534578855444743,-4.025817356458524,55.64994239807129,4.028292411711158,1.3791719231663682,912.3790365079554,11
3.341038866740901,-4.017805965935311,55.44233247710437,4.0068331637033605,1.3715585135832062,938.1323755776004,11
3.346964898632794,-4.017860491101335,55.36498414016352,4.012561981270952,1.3818020173689214,973.5553019453844,11
3.345781524006913,-4.043246618131312,55.77617189360828,4.035247000252328,1.3672075300681883,989.2892649580792,11
3.350850679525515,-4.035759972362984,55.58535040878668,4.029444249664865,1.375700924454666,968.8527530577126,11
3.323625582020457,-4.039447104058614,56.07460729087271,4.019960292955724,1.3472905740505312,1014.3211446622522,11
3.330414885427894,-4.017425234724835,55.81341880705298,3.9932686293997417,1.3659286135580482,1004.2691147967082,11
3.3390240611099613,-4.019600786813876,55.59229994983208,4.009969932277029,1.373127568058851,1005.7139044040592,11
3.322801552167753,-4.031298535626109,56.4429481785472,4.028581034846423,1.347202198534477,1061.821734172543,11
3.3280378405640763,-4.023386670321953,55.62757706060643,3.997879304536959,1.3640956166313911,1012.9350496617756,11
3.3220455530213147,-4.030065673153574,55.99978177140398,4.008185055197739,1.3552780769220216,1061.2612215367758,11
3.3156960301282927,-4.048955580083336,56.5503015285585,4.020997989468459,1.3382879233941798,1050.2797017911585,11
3.3199397994250788,-4.040719407360728,56.2059453871192,4.020538117827439,1.352403949673583,1074.1992090736946,11
3.3143980270478783,-4.034843444824219,56.35871454564536,4.017996851990863,1.3364784048824776,1040.9189066072788,11
3.3197159563622822,-4.03386477144753,56.8436322328521,4.033947107268543,1.343829550394198,1068.942404398104,11
3.30084533807708,-4.03200925268778,56.71317877420565,4.014808317510093,1.3323376585797566,1109.5438887433304,11
3.2854966026980703,-4.046601766493263,56.99577089635338,4.012756679116226,1.3179152876865574,1117.1428632038394,11
3.30262581604283,-4.041820212108333,56.297430178014245,4.0195763518170615,1.3381965305747052,1122.735702886814,11
3.301617270562707,-4.022927793060861,56.254895419609255,4.005586999218639,1.3489836236325707,1153.6364336711606,11
3.2943268229321734,-4.048682224459764,56.92883765988233,4.038888024120796,1.3100577476547983,1112.1969440739329,11
3.278280141876965,-4.048129468429379,57.02680997150701,4.026255334295877,1.306054619754233,1165.8201040872716,11
3.2877680179549422,-4.032000512611575,57.24883581952352,4.018184312959996,1.3323670000564758,1176.218912264197,11
3.2894706028263747,-4.036056024272267,57.047603514136334,4.026523491231407,1.3232065962582102,1161.4667924090122,11
3.270420714122493,-4.040092270548751,57.35302483163229,4.032615161523586,1.3028835261740337,1189.4758777153202,11
3.253421889572609,-4.044218298865528,57.387905376713455,4.025248684534213,1.2827818662655062,1212.5478002036489,11
3.2827494057213387,-4.033749155881928,57.14180848656631,4.038945733047113,1.3206788141552994,1209.4773693549923,11
3.2820836901664734,-4.029807686805725,57.03718566894531,4.016942620277405,1.3284439444541931,1184.7738342285156,11
3.2735004599501445,-4.027881471122184,57.23988723754883,4.014994574756157,1.3203160268504444,1200.1909566739712,11
3.271606561614246,-4.032713105038899,57.36985229864353,4.026269145128204,1.3061020781354205,1208.7418555282966,11
3.2640069112545107,-4.010377093059261,57.77817395838295,4.0006408807708,1.3059222320230994,1212.5914321527248,11
3.2739297267867298,-4.012495372353531,58.03948344253912,4.021464935163172,1.308664891777969,1220.1338724275915,11
3.264741944103706,-4.031836277101098,58.00777584168969,4.030880637285186,1.2972792561461286,1236.709043921494,11
3.251717108051952,-4.026437837903092,58.01383800041385,4.028610514431465,1.286353795266733,1258.5776650033347,11
3.245465182676548,-4.03974199295044,58.27159932764565,4.0301905666909565,1.2823489599111604,1298.0712086747333,11
3.248629395554705,-4.014973343872442,58.39322690265934,4.032643521704324,1.2839443051233523,1282.752515095036,11
3.234528913730528,-4.020387242480022,57.63515109550662,4.006263221182475,1.2777139878854518,1269.6417295874617,11
3.2341942496416047,-4.018714739055168,57.86019697421934,3.9930107549923215,1.2840989348365042,1280.1076265660724,11
3.239852477864521,-4.014587262781655,58.0057942460223,4.006278811431512,1.2806202027855849,1273.874601038491,11
3.226057157283876,-4.027603457613689,57.979583251767046,4.006794185173221,1.269911519637922,1294.1307685665963,11
3.212870074481499,-4.022987272681259,57.98932629096799,3.997505926504368,1.2643683799883214,1348.2773407726754,11
3.2474079568211627,-4.00979443294246,57.944084655947805,3.993919443793413,1.3009958347169364,1289.4991737923972,11
3.225232199924748,-4.039759095122174,58.1498428437768,4.011442004180536,1.27445486696755,1319.737569669398,11
3.2034080900797037,-4.035214970751507,58.06030834011914,3.988704541834389,1.258063154249657,1327.9218831876424,11
3.1818222069158786,-4.028582049579155,58.860814071283095,3.989769737894942,1.2277433261638735,1356.657363519436,11
3.199326465769512,-4.018992621724199,59.09678466145586,3.990867970920191,1.2415261203195989,1365.421023485137,11
3.200966230252894,-4.005405129455939,58.60375585788634,3.984366408208521,1.2469522138921223,1371.5181453053544,11
3.1876617568295176,-4.029623909694393,59.00331327391834,4.002392515903566,1.2258846519923792,1378.6237353813358,11
3.1726928978431514,-4.031865119934082,59.33651324016292,4.009175033104129,1.206595976178239,1405.6015773866236,11
3.161773792127284,-4.045870338998189,59.26074890974091,4.013488525297584,1.189781603289814,1394.719818115234,11
3.166750998031802,-4.036898252440662,59.42905705149581,4.008125875054336,1.1950524434810723,1394.5631520341085,11
3.170487777488988,-4.012198282451164,59.19225574121242,3.9922370634427886,1.209585017547375,1421.272924655821,11
3.1513345532301,-4.023188439811149,59.28984972325767,3.990401814623577,1.193347948353465,1443.0854730373474,11
3.142184532270199,-4.019324151481071,59.3649036826157,3.989773401399938,1.1898923399971753,1466.2058961449602,11
3.1370564786399284,-4.031508550411317,59.6196233237662,4.007476097199975,1.1765561249197984,1427.6735899390244,11
3.1188034284405592,-4.020186110240657,59.73610998944538,3.9965600327747626,1.1606217826285017,1460.263002721275,11
3.1071920743802703,-4.031579343284048,59.72848045535204,4.002120076156244,1.151915105377756,1455.8316441977895,11
3.074503796856578,-4.043895453941532,59.69742121347567,4.009393325666102,1.1147881993433326,1479.109034096322,11
3.060202412488984,-4.050758344371144,59.8758259749994,4.015863988457657,1.105438341454762,1503.196097025057,11
3.060399022044205,-4.040997787219722,59.940709625802384,4.005329321070415,1.1051115822501298,1512.049577666492,11
3.008087960685172,-4.056051672958747,59.741421490180784,4.009175637873208,1.0604197135785731,1524.585758860518,11
2.948877224108068,-4.05625677399519,60.4176734831275,4.0055121008942765,1.0023896792312947,1577.3451947468084,11
2.91247391991499,-4.046643571155827,60.03438014518924,4.0053541253252725,0.9645576666041116,1550.8709032012196,11
2.851299438534714,-4.05140767155624,60.53383515520793,4.002023984746235,0.913146380244232,1593.6069343380805,11
2.8109345610548817,-4.049581097393501,60.765919569062014,3.9970006710145527,0.8704743981361397,1602.5216779011057,11
2.7150881130520896,-4.080663079168739,61.292108256642415,4.022998661529727,0.764513320675711,1608.343061493664,11
2.637005736188192,-4.06788167139379,61.19050993570468,4.017525056513344,0.6785531254803271,1589.4244712271343,11
2.460082256212468,-4.041428071696584,61.07318445531333,3.970894857150753,0.5081588531412733,1647.941874434308,11
2.400746583938598,-4.080214977264404,60.95802307128906,3.9778687953948975,0.4636761844158172,1678.7001953125,11
3.839461326599121,-3.9083077907562256,45.23397064208984,3.925229072570801,1.927931308746338,-13.319204330444336,12
3.8205013918730377,-4.048681551693408,45.64471217898503,4.058450277597626,1.845021965313543,3.4885996514302824,12
3.8161672668223,-4.027459732593934,45.80992779409959,4.037187374442633,1.831617769288139,-2.9217454407112724,12
3.801591728362569,-4.05490609619515,45.88536963433576,4.073086548436639,1.818404868336543,39.90886501008017,12
3.788112428290712,-4.025838661778924,45.09164323397209,4.012371861861527,1.821985158452227,42.40408903250665,12
3.777366636720903,-4.045401555628865,46.13923368863533,4.05433230312324,1.801829567716165,54.96347893088874,12
3.753710878407297,-4.060260670316731,46.19989713423091,4.070346513408825,1.7701169574187576,74.54564886736723,12
3.752155495567556,-4.029353840950808,46.066923059568815,4.030954957739708,1.7832413816744566,90.857362337639,12
3.725897468672208,-4.027726887193926,46.33935837072829,4.041857444435541,1.7423213654500576,68.81506710403535,12
3.725509217911703,-4.021934839845435,46.62355284895634,4.041453867602202,1.7472151459360414,75.94453116574903,12
3.718817785473689,-4.034163475036621,47.280586406497136,4.051382243267597,1.7315794880404791,82.7004231646017,12
3.7205794691308154,-4.040696161656292,47.48442658032376,4.060982920640817,1.7284051867350478,77.14546437643787,12
3.700010835027402,-4.035045138165994,47.69660900560625,4.050062764641697,1.706188869622587,92.8833893852,12
3.6995885854849786,-4.021345077116797,47.46022616427369,4.03100516020886,1.715340413930226,99.38022332688784,12
3.6892067537717295,-4.031666504093474,48.2487644827439,4.032157865770024,1.699053506909704,128.03093518216187,12
3.68648851722296,-4.017720046950264,48.16621974640829,4.033423944484968,1.6899449562002544,93.78787418669717,12
3.672832137967912,-4.034830186995992,47.94526433652164,4.041830835166884,1.6753725530179733,118.88516637884037,12
3.6734129782834666,-4.021741796856277,48.07101140870638,4.031626318130025,1.6772283593569797,113.46131625497266,12
3.674515259046496,-4.023158801845247,48.03994378868056,4.021534744215889,1.686059602930502,131.25537516588085,12
3.67288936720304,-4.031400531347544,48.24560394755171,4.026214915550559,1.6840362519574312,146.56202707115128,12
3.648258744573301,-4.015959101951927,48.69288628232991,4.018633432914874,1.6491178764156036,148.50004633804042,12
3.643471413594813,-4.03245931754083,48.88862970270262,4.0164489804601375,1.6482328666499788,181.43044032933528,12
3.631014443614,-4.026237584330553,48.79849996742296,4.0180643350800125,1.6373179383073118,183.50093659008945,12
3.6125739849418217,-4.021852756570453,48.9668347645391,4.011891754126988,1.617351071234861,208.01824848198453,12
3.620773923909006,-4.028027083976137,48.88200441606206,4.022682593644031,1.6262914922339784,192.76620071504743,12
3.611206072239788,-4.016377349572679,49.22529800976712,4.001264509247855,1.6158008268274413,218.54649109635625,12
3.621195705390415,-4.041089122280753,49.58060066831624,4.023641396153924,1.633632486583265,243.9960638877073,12
3.594960612022072,-4.060218266914228,50.34148493573709,4.056608805627179,1.5962320207818157,264.482495266967,12
3.591030052103148,-4.040012605351173,50.00486259226419,4.015373326518053,1.5900066374269732,256.4637137570995,12
3.584730850406951,-4.040831700424476,50.06188002978366,4.015813534976514,1.5854462875178987,266.393354357386,12
3.5967489824704595,-4.030837506604341,50.03351525148731,4.005839087480417,1.6101931765035618,279.4088003708541,12
3.58802060554364,-4.033829253144059,49.8278082631117,4.00582657269905,1.6074928535274202,288.5449392868697,12
3.585525457113067,-4.032735634435174,49.8818805203116,4.00666843601531,1.5989876195696966,283.48970565327835,12
3.578780027986304,-4.025595790769425,50.2024206383828,4.026493116390486,1.581942085839488,282.5091807359568,12
3.5797020394377914,-4.034409171964493,50.37914758225892,4.019451021416787,1.5977263523757093,314.27876871495164,12
3.574439563634205,-4.046938931283775,50.59994680018513,4.014285816005403,1.5854615250979465,316.79168064608893,12
3.560606587883885,-4.047453997325312,50.97920959566269,4.008532869303885,1.5635030708430004,335.7431715514763,12
3.558226953986232,-4.037938457325192,50.934410727097216,4.026689269060007,1.5751151307228883,344.30052437811554,12
3.550183345935096,-4.050597056289392,50.804337179733935,4.029642175311691,1.5647809717552794,346.7433887317868,12
3.5395962402133123,-4.040322444190277,50.96315126477575,4.026741574878342,1.5540931129748106,363.8224859881255,12
3.52927644267404,-4.040043857200014,51.29492580671252,4.009906994053191,1.544123713224212,391.6403108374473,12
3.53110074411872,-4.040450084428846,51.264649935295246,4.017282304588271,1.5467796808371514,383.0508048402751,12
3.527543470172063,-4.034890455702331,51.16066819173427,3.9880701939752496,1.5663041249374672,405.9567974067174,12
3.530219402781293,-4.029710213830866,51.451398533546126,4.022378084849726,1.5567495435293464,390.7884558929255,12
3.5206646056263,-4.04996060739997,51.73100086516398,4.025431902130689,1.5347521078367174,411.909991492523,12
3.5237250664482818,-4.03392142898466,51.22238578094295,4.024868798402189,1.5526138134529257,405.5926113011647,12
3.515599198136593,-4.02486407976209,51.70252857325267,4.003777509818048,1.5400607607847343,422.3664198799368,12
3.520730366736102,-4.012635968214164,51.88440222242858,4.013514647454572,1.5388926289564262,405.0080034688938,12
3.511864515901343,-4.001416267792871,51.75724785459553,4.00340697809231,1.5458108830305697,436.85074189543,12
3.487224264378928,-4.026239049946604,51.67156294372184,3.999608848723897,1.5267589282404426,478.1360432443444,12
3.497406274994458,-4.026211390466046,51.95699038827346,4.004183631733151,1.5327762562804428,470.67173664116416,12
3.500224983765304,-4.0231804613686775,51.78855245391284,4.01891912858179,1.5284123193998278,446.2086994194545,12
3.4886824572744546,-4.025097776775711,52.35783016462268,4.019531440149787,1.5108666632073056,464.20138400025166,12
3.4842686170449286,-4.013833604707308,52.20668612521119,4.01265119189865,1.5173107085783788,489.774726540033,12
3.4773856277114774,-4.023978025635327,52.50544013274959,4.011294429287589,1.5107637417097033,512.3164060627756,12
3.4775882674141165,-4.03267657976209,52.98907040086992,4.034197602535318,1.4940754570112638,497.9585490782568,12
3.4663754738181645,-4.025105101930583,52.76677586842168,4.022675961804536,1.4891549890026723,514.3480078574339,12
3.458619468782577,-4.0231526965743925,52.91015433094984,4.009455537503483,1.4871060328980896,531.9241037193251,12
3.456623426975648,-4.000568533236264,52.71087735415968,3.981740811119782,1.493156202000343,535.423008082103,12
3.4615137489295447,-4.004892790975746,52.91703314283874,4.00291740674914,1.500729054029734,559.3241977808666,12
3.472062858335811,-4.0203017544892665,53.38366636030513,4.016755156721805,1.5005969854951635,543.9099461842167,12
3.455671193409551,-4.02887268885513,53.60623723597615,4.032465101019737,1.481278432658845,590.0967343570264,12
3.447284384007834,-4.023151678541686,53.188947291461965,4.017283717547458,1.479238547430448,591.4755795718702,12
3.4532212333445167,-4.025917456925281,53.47911216876258,4.026257690476494,1.4815711741067148,591.7286931137365,12
3.442067434451332,-4.010796380189299,53.24612309742559,4.004476754943286,1.4779686957049225,590.2776530447182,12
3.4484645033175227,-4.021547560311534,53.24640449570732,4.005676260755106,1.487104901506857,610.9879648407544,12
3.4326304716566587,-4.018274573460678,53.20409674147155,4.018965285248552,1.4642185879631275,603.025394369488,12
3.4284197874595783,-4.018418859119064,53.53027736921252,4.013205326407965,1.456607229870521,616.9900684941767,12
3.421711269331856,-4.04263931695669,53.91279779913966,4.042556227350527,1.4377355144067776,657.8905100442149,12
3.4308094729675105,-4.024258048987828,53.48820336464724,4.018968728422387,1.463872404186272,667.9265028128594,12
3.421775409780397,-4.030653816059323,54.005118598235896,4.024693611940723,1.4485741948788882,691.4346684180886,12
3.42957436819018,-4.012201010815205,53.584924592562245,4.009340736763609,1.4675286840076096,681.0383742630847,12
3.41674723800706,-4.011705740829187,53.96300569780034,4.004229855683684,1.453620377493782,701.8101342324101,12
3.4057206785752,-4.018456935882568,54.166819566597965,4.002719367208656,1.4401210853658573,704.7391196408884,12
3.4301127626852024,-4.015607596906416,53.83919087509436,4.010905572973146,1.467347367409548,667.0096929819307,12
3.407416472405744,-4.0258980938262,54.144149335615474,4.025255846830965,1.4346422702988233,726.6561399120498,12
3.4068672013429047,-4.016428985478687,54.287697166021616,4.011072881382667,1.4428077197513698,754.0953477730781,12
3.393966714297336,-4.039670151435525,54.354416408421805,4.034736709360696,1.4140428165716628,737.1309316436207,12
3.398182810449893,-4.0365363805571945,54.77368252994093,4.04213674521885,1.411225335729634,711.7542132980253,12
3.3783752494063117,-4.01804448929301,54.2419714196328,4.008560397142282,1.4081462299896896,768.9456554951113,12
3.3850181819471112,-4.022875847260645,54.79247894755171,4.01723531711321,1.409772216908039,763.8161276600845,12
3.3745327420029905,-4.035442516116277,54.67932266984249,4.025919358423151,1.3957665727182402,779.3596120260975,12
3.3859504453975,-4.031548146089893,54.54520903043221,4.024198780761906,1.40974324100588,763.0757083073717,12
3.3752723018084567,-4.011629025628961,54.83382701288703,4.002062670292299,1.4105981968663222,828.9994057497363,12
3.38385125610726,-4.012362643984929,54.89673724496291,4.00517463391544,1.4206990610602444,841.3663300122215,12
3.378916292834136,-4.020069441181019,54.504949651612826,4.011376919190576,1.4105679074679416,818.794177470763,12
3.375894290537922,-4.034673503571493,55.26224953119009,4.022607288477611,1.3981755708624248,853.7100305849791,12
3.36445357024304,-4.052546255427636,55.352284998981496,4.045006073325689,1.375088688054699,850.375275968774,12
3.381525064538593,-4.027825966934485,55.16261539576244,4.01557650887893,1.4140404221470368,876.3125198457868,12
3.3670158444738094,-4.036796970601462,55.41327695319989,4.028717880600069,1.3838552514468232,848.2523140936543,12
3.3587084094439548,-4.028198063739239,55.265866659901626,4.011167368274525,1.3826057618381056,866.0797194030386,12
3.356150606658561,-4.0389382853829785,55.56206243316089,4.032547666982639,1.3748262989009084,889.6289036288582,12
3.3581897656610407,-4.029105844673204,55.5328945557764,4.0139697314771405,1.3829316785730468,915.2004604222584,12
3.350435839108894,-4.036199423433081,55.19234162313075,4.023310988958628,1.3719677193764528,913.5418716149828,12
3.3642011376246352,-4.031480923752112,55.56885182199303,4.0346180558936,1.3880825942279371,923.9727573511792,12
3.346789184523506,-4.041872773433756,55.967039166784,4.043959702450805,1.3607795925959485,924.8006955012222,12
3.34546348507419,-4.042229590971777,55.945726172324335,4.039086447171639,1.3606646975125274,924.7556178555166,12
3.344093031678463,-4.016817546329615,55.41108546812841,4.015887819184847,1.3741480565509914,924.583090940136,12
3.341961335550788,-4.014975185043242,55.41833269084158,4.000779026125106,1.377078835949576,968.3269466095908,12
3.350292480796393,-4.034079961250165,55.7551269999311,4.033825587641242,1.3763444877109643,977.0815807880798,12
3.3507421279977434,-4.040848857786027,55.66874444411576,4.030179617595088,1.3728174366102628,971.7423904512558,12
3.336126759008396,-4.03756065895221,55.828350933051546,4.031347011495953,1.3593497612725007,991.1144985830856,12
3.321609728175438,-4.03483145076073,56.14206737682132,4.009656803739583,1.3448187412659816,1004.230621525115,12
3.343114216634832,-4.005449815761824,55.52126904353042,3.988774561443212,1.3874495073330184,990.8343067754264,12
3.325096724223505,-4.031591602629679,56.37650666500162,4.036324392798488,1.3491570547314509,1066.4361497375862,12
3.321352696857569,-4.032040481918428,55.988377717375016,4.007256250439977,1.3474328020598991,1012.328239955785,12
3.325826308478607,-4.021625223335313,55.76295508636287,3.999660860541408,1.3634444731144817,1051.351667345667,12
3.312753310232806,-4.048126293837658,56.51288927698428,4.021041384503885,1.3321014935253588,1050.5610973147525,12
3.31913569953544,-4.043797375965704,56.363561875981055,4.020122542703079,1.3491974747254074,1066.126550218079,12
3.3173835760245294,-4.03621010692573,56.22934765025882,4.020339146713538,1.343420340970981,1053.6442788715003,12
3.3137977094006685,-4.035347821522344,56.85812670467821,4.027387820869867,1.3371053173498142,1067.1253302638518,12
3.30523742927364,-4.030589811641014,56.89230793677956,4.028149400020669,1.3298492592536597,1100.2770883759115,12
3.290506358526967,-4.0443132757409215,56.90688885647827,4.010409571641794,1.3211168123900523,1101.6746077274254,12
3.2920980497371928,-4.047488645541887,56.57112233916675,4.0232985970432775,1.3202649940010958,1120.8776233883725,12
3.3028751619023047,-4.029184639819561,56.13245576729804,4.007700811865871,1.3476685563479465,1144.5305894722972,12
3.2962348812196884,-4.036834403781072,56.7968156030573,4.02980213516329,1.3201444734093604,1121.079949314609,12
3.2821142220058324,-4.054348164540858,56.955553323944656,4.0332578735117535,1.3003881891812283,1135.8448988089542,12
3.278539957444361,-4.034385619719336,57.29236869577981,4.013508565586768,1.32261013545873,1190.7894923672354,12
3.293551396738532,-4.0333820939795375,57.03752063681012,4.024033944299616,1.327755606978949,1145.2257132500956,12
3.2730622949775743,-4.039583393401164,57.37968175689136,4.033317083230048,1.3055687213967913,1190.2755516379889,12
3.2489837298364,-4.048316004817472,57.4487071125054,4.030385403545356,1.2730900356374637,1208.808783969996,12
3.273734082473568,-4.036080822622849,57.16505757431311,4.032344162829815,1.3088631074121395,1211.847982020466,12
3.279204637726392,-4.028687202125971,57.12957300291471,4.025156737836592,1.3215055538832776,1193.5974278362253,12
3.2767118178993644,-4.025433569598052,57.24241975187524,4.008813571344856,1.3257414577928786,1190.933882824483,12
3.2682200414271443,-4.033717661547515,57.37008744222255,4.029784468785385,1.3023025828636496,1209.9554600627876,12
3.2614000501808214,-4.016574891798335,57.75745258448315,4.005070320667664,1.3008054187692748,1209.862342881279,12
3.272893869072382,-4.007977111207927,58.06979124385155,4.01743789392015,1.3074475607257678,1221.5014296455618,12
3.261448424286637,-4.029176840752912,58.084586886540514,4.027449640028316,1.2939366094905174,1240.8815243960887,12
3.2538129303352963,-4.025294967955607,58.10154813052687,4.030069781227346,1.2872034186965848,1256.688198721482,12
3.2427662340409915,-4.03809041918421,58.20464266443545,4.026472577288107,1.277658749943131,1284.5801859662574,12
3.2473639271742,-4.022313340309939,58.45126649353402,4.036077774375494,1.281155597944201,1287.7270006051092,12
3.234775606108589,-4.0144185113029245,57.810084898779,4.010957559924916,1.2742251969553942,1267.8224378714533,12
3.2327551900243465,-4.021960802604816,57.84057659312992,3.994015904292007,1.2817210288135552,1276.8528079167463,12
3.2348394584070688,-4.013197717491103,58.09791567281712,4.002949360689502,1.273127168965486,1278.843347093079,12
3.2313817000827902,-4.026061941509598,58.08890886833331,4.010868537645398,1.270613828319713,1279.7726062236395,12
3.20420833599348,-4.024958876744369,58.03055766755087,3.997592389217915,1.2548296056642123,1360.8550523629217,12
3.24462132219888,-4.008214856949321,57.98193965514014,3.992706949725473,1.296738871767477,1291.8310232338,12
3.2250384362928703,-4.035934383883798,58.11704485840593,4.009032582944156,1.2744396793330373,1318.809693880608,12
3.2036457661470754,-4.038486325667679,58.13537082789134,3.9929548874954506,1.2563102040554115,1326.5780291411045,12
3.1788262106889595,-4.028164202450244,58.801088695877176,3.9890147498780233,1.2253375982214336,1358.1594567796203,12
3.1926952768688555,-4.023399221385184,59.267936215078905,3.9927119857694473,1.2315207588160697,1365.2045246896569,12
3.1991381440425943,-4.004893788530783,58.74219309332912,3.9854784041094633,1.2412511944039468,1372.0291515888614,12
3.186079089626944,-4.025716100002359,59.00778717789913,3.997516687662324,1.2258213473243946,1378.8632243337806,12
3.168022429284874,-4.032752636751514,59.40479250480792,4.009143077522699,1.2013160121952828,1405.7382715143312,12
3.16042748989503,-4.043689432319688,59.31087124128283,4.013096434938396,1.1874917145887034,1394.9435840442868,12
3.157528319973156,-4.041435341162185,59.54016335610232,4.011688761915897,1.182172129490624,1396.5001138324387,12
3.16497199667012,-4.013230759673323,59.270090629718055,3.9931614793882777,1.2028278397636178,1421.601141619536,12
3.144535253384362,-4.023523564718984,59.42244191550039,3.992213057594065,1.184413312402971,1443.933284455282,12
3.1338204225879505,-4.019197376227818,59.47356747118242,3.988886170592045,1.1805128729416547,1471.7667004169864,12
3.1284684973991723,-4.032592545257756,59.73841675366361,4.007519871179311,1.1657621304681696,1432.507937565903,12
3.106243262261701,-4.022203708718891,59.86704300956493,3.9980633536730807,1.1422881158583007,1463.773218072997,12
3.0941158043094936,-4.0319216383015455,59.888355980621526,4.00203745496785,1.1359652697674334,1463.9550549091737,12
3.055100132351273,-4.046151050029357,59.9395420565927,4.010178934577053,1.090130446878679,1485.4351903997317,12
3.041650397645915,-4.053680469653358,60.06317735449668,4.016624708117152,1.081890311709211,1511.2327304208206,12
3.0337286361156064,-4.045311152569355,60.14849116319528,4.005522087307796,1.0747679969284432,1522.476177566622,12
2.9799951410001038,-4.058294737997231,60.02997720168412,4.009728098208187,1.0284573234663412,1534.873189914446,12
2.9088993365047897,-4.05625264922534,60.68162120046791,4.006167119266065,0.9623982694251404,1588.5666593773965,12
2.866670279415106,-4.03894728970674,60.21987563993303,4.006087996476999,0.9175693824247336,1556.5512755224313,12
2.789018040054415,-4.046063025304877,60.76898757372897,3.9985801881076366,0.8486289030935134,1599.106541171396,12
2.735176193202199,-4.044717891084637,60.96464206250899,3.9918287414714606,0.7938393120385375,1611.028920928393,12
2.62286748622824,-4.07063150698422,61.47396331038212,4.011152984174482,0.6698378624360248,1622.140827951256,12
2.516783063397086,-4.059089774734404,61.20356642834248,3.9958849991757446,0.5560114230114994,1613.0936781058283,12
2.3110031876827297,-3.920778755761361,61.47235498252823,3.8687032219822406,0.3496793707821254,1666.3338720403574,12
3.0499424934387207,-0.2769039869308471,63.05693435668945,0.3002306222915649,0.0066518560051918,1600.287841796875,12
3.8395800590515137,-3.9074063301086426,45.23505783081055,3.9245433807373047,1.9280649423599243,-13.69927215576172,13
3.820331801538882,-4.048834178758704,45.63603426062542,4.058446842691173,1.8445874763571697,3.193764303041541,13
3.815830127052639,-4.027660204016644,45.8154351607613,4.037448240363079,1.8309490784354832,-2.997160476187002,13
3.800051720246025,-4.055271065753439,45.835977471393086,4.072405421215555,1.8166249990463257,41.41929875249446,13
3.787693448688673,-4.024209292038627,45.090943875520125,4.010092714558477,1.8219055507494053,41.45344709313434,13
3.775601480318152,-4.048268152319866,46.18323782215948,4.058678357497506,1.798869024152341,56.88608783224355,13
3.753510464792666,-4.058626651763916,46.19834335990574,4.067865703416907,1.769699418026468,73.24281709090522,13
3.751655464587005,-4.028680987980055,46.11963603807532,4.0312151701554,1.781851509343023,90.34511931046195,13
3.723364187323529,-4.026326428288999,46.331217890200406,4.041410010793935,1.7396168086839758,66.86287025783373,13
3.7245824129685112,-4.023266315460205,46.68918758889903,4.042095142862071,1.7466579727504563,79.08310334578805,13
3.717249009920203,-4.034004874851393,47.32331085205078,4.05142415088156,1.7289682937704998,80.5280940843665,13
3.7180509670921,-4.042991223542587,47.658910834270976,4.062966719917629,1.7232943617779275,79.2743682861328,13
3.6949051048444654,-4.030055522918701,47.59141855654509,4.043587435846743,1.7028129670930945,96.06083579685377,13
3.698803528495457,-4.020617194797682,47.5141598245372,4.028060581373132,1.7155929078226504,102.01265981922978,13
3.6911145915155834,-4.026781413866126,48.24769409843113,4.031816441079845,1.699903871702111,118.76059756071676,13
3.681410032769908,-4.021981218586797,48.16540809299635,4.03452842131905,1.6833885700806328,100.80670099673064,13
3.671581185382345,-4.029005444568137,47.81413136357847,4.035106099170188,1.6782756266386611,122.36274022641388,13
3.6708112384962,-4.016314693119215,48.10556561013927,4.027669471243153,1.6749936290409253,109.88654924475632,13
3.672817499741264,-4.027208494103474,48.09314197042714,4.022040615911069,1.6848903427953306,140.54582612410834,13
3.6717358672100566,-4.026942812878152,48.27229110054348,4.025683071302331,1.6808186251184214,139.56986667798915,13
3.643201610316401,-4.017038780709972,48.82353409476902,4.017703180727751,1.6425425073374873,158.09872701893684,13
3.64176811342654,-4.036198201386825,48.87319614576257,4.017934591873832,1.6478065666945083,186.95925505264935,13
3.629571603692096,-4.023583121921705,48.78756747038468,4.019067660621975,1.6356992306916611,182.26954385508665,13
3.607686996459961,-4.021351337432861,48.95307540893555,4.012295722961426,1.6099826097488403,208.5045623779297,13
3.617531734964122,-4.028738892596701,48.98436256076978,4.028840686963952,1.6192939177803372,189.778050298276,13
3.612384661384251,-4.014329474905263,49.1639054339865,3.9904683465543,1.6254676476768826,228.0428174889605,13
3.618503104085508,-4.05076729733011,49.79835394154424,4.046711175338082,1.625750842301742,244.9457098919412,13
3.5863509074501367,-4.054120084513789,50.42424210258152,4.039994447127633,1.585034562193829,267.44901176120925,13
3.592480379602184,-4.0343808298525605,49.88310822196629,4.013921198637589,1.5898557383081189,249.83449852984887,13
3.587363813234412,-4.039459228515625,49.95090915845788,4.008970613064974,1.5955462663070017,273.8915405273437,13
3.602312875830609,-4.0336028803949775,50.110905854598336,4.017512590988822,1.6131481968838235,269.9217396611753,13
3.5836315776990806,-4.035292003465735,49.67923355102539,4.003455535225246,1.6048042411389558,292.64767721424937,13
3.585168983625329,-4.029406837795092,49.98747850501019,4.015100375465725,1.5939368216887764,279.7621658988621,13
3.576104485470316,-4.025166138358738,50.32000749007516,4.0217081774836005,1.5807233064070991,293.1973240064538,13
3.58534372371176,-4.044551745704982,50.33439470374066,4.02758728939554,1.6069553364878115,320.7638470193614,13
3.566612212554268,-4.041035154591436,50.60698053111201,4.003877453182055,1.5678108567776887,315.9549149222996,13
3.5615991924120034,-4.042584979015848,50.94582167915676,4.0216529680335,1.5679245306097942,329.19817319123644,13
3.553320480429608,-4.043581962585449,51.01785941745924,4.024044700290846,1.5680651716564011,347.17987060546886,13
3.553555187971696,-4.046521249024765,50.88997152577276,4.032450468643852,1.5664702913035518,343.556676449983,13
3.5386195182800293,-4.035353204478389,51.03933649477752,4.010343178458836,1.5607463017753933,381.5679361094599,13
3.5256017809328823,-4.039788412011188,51.42228101647419,4.014899751414424,1.5382705978725268,393.93463532820994,13
3.528296833452971,-4.042964251145072,51.27516008460003,4.0097132973049,1.549060095911441,389.1427200980808,13
3.5307894893314526,-4.024555061174476,51.177709828252375,3.9940074837726094,1.57170918195144,398.0137647545856,13
3.521341468976892,-4.038057493126911,51.56963116189708,4.028646800829017,1.5366421937942505,399.6527869183085,13
3.529755042946857,-4.047152415565822,51.631583835767664,4.023186559262483,1.5521869192952695,408.1951015306556,13
3.513915777206421,-4.023691073707912,51.484797270401664,4.015036914659583,1.5409290531407234,418.9420099673063,13
3.5260918140411377,-4.026262283325195,51.73376083374024,4.004543781280518,1.5459649562835691,403.533203125,13
3.515918959742007,-3.997343229210895,51.79225755774456,4.007751858752707,1.543307268101236,416.0847804857336,13
3.492150897565096,-4.017605657162873,51.736680403999664,4.0015772114629335,1.5270523351171743,463.626305621603,13
3.4913837391397227,-4.028897223265274,51.82981491088867,4.001268822213878,1.5285580624704775,474.4216149371603,13
3.5003112399059795,-4.026122238325036,51.89058718474015,4.0189528465271,1.5299333748610124,453.327522609545,13
3.491589307785034,-4.023574248604152,52.20602068693741,4.019345366436502,1.5170351785162222,461.70985611625343,13
3.483364084492559,-4.018781744915506,52.45857388040294,4.01819952674534,1.5064894116443135,476.6361866826596,13
3.479515386664349,-4.0164419671763545,52.20104466313901,4.009478258050006,1.5166604000589123,505.6123949133831,13
3.48046408528867,-4.034161298171334,53.01210901011592,4.02749368418818,1.501812281815902,504.2511901855469,13
3.470174022342848,-4.024421111397121,52.70469847969387,4.02776342889537,1.4886186485705168,497.9487516983695,13
3.460445093071979,-4.025843744692595,52.88243351811948,4.017499965170155,1.488085881523464,532.2345448369564,13
3.4516925708107324,-4.003714291945748,52.68887130073879,3.981732399567314,1.486692770667698,537.3296933381454,13
3.4567051348478897,-4.002939763276474,52.83466272768767,3.996520757675171,1.4961426672728164,555.6179172681725,13
3.4712136517400327,-4.014170003973919,53.241579802139945,4.013089884882388,1.502500523691592,540.5605070694634,13
3.460160421288532,-4.030283368152121,53.60427176434061,4.030300803806471,1.4857131864713586,583.498659880265,13
3.445917419765306,-4.024522387463113,53.31171765534774,4.02499592822531,1.473435562589894,585.3200365149456,13
3.45519378910894,-4.024465001147727,53.35707656196926,4.020249263100002,1.487117772516997,595.3288998811142,13
3.4448060056437617,-4.014301217120627,53.38822887254798,4.013097804525624,1.477070523344952,586.5028872282609,13
3.444928967434427,-4.016333870265795,53.15469625721807,3.997511158818784,1.4853625919507898,607.1030432659646,13
3.436883584312771,-4.022261619567871,53.20551814203677,4.023930176444676,1.468281186145285,605.3318799889607,13
3.428811570872431,-4.014730349830959,53.34487019414488,4.009163586989693,1.4595260101815928,609.0793112049932,13
3.423678460328475,-4.0408305914505664,53.88914920972741,4.039881789165994,1.441012512082639,653.6717821204144,13
3.4280508082845937,-4.025568775508715,53.44664416105852,4.022242089976436,1.458999556043873,664.1455741550611,13
3.426004409790039,-4.031005382537842,53.99747848510742,4.024163246154785,1.453883409500122,688.4634399414062,13
3.4280748056328814,-4.012873483740766,53.551361083984375,4.010319647581681,1.4652247325233791,680.1413494607677,13
3.421220375143964,-4.009857322858728,53.84806292989979,4.003050285836925,1.4596487283706667,693.9033256199045,13
3.403512840685637,-4.017645255379055,54.21429194574771,4.002411469169285,1.4376588230547698,709.2529111115829,13
3.4318222481271494,-4.015238678973654,53.83858987559443,4.010108616041101,1.4691801641298377,663.1392689580503,13
3.4080119132995605,-4.025905028633449,54.0935698799465,4.025872624438742,1.435008800548056,720.2818178923229,13
3.407482250877049,-4.015719040580418,54.30992640619693,4.0113930494888965,1.4435417081998745,751.6627834154212,13
3.3935173387112822,-4.03847775251969,54.28829690684442,4.033415960228961,1.4145667967589006,737.8772184952447,13
3.3987471746361777,-4.037021512570589,54.7740825155507,4.043526608010997,1.4111040208650671,709.2887360945991,13
3.378659320914227,-4.018020090849503,54.21950514420219,4.009148576985234,1.4082040734913035,766.2850049889606,13
3.385451451591824,-4.022444123807161,54.74617866847826,4.016888908717943,1.4104234239329465,760.7572817595106,13
3.3743879795074463,-4.035416022590969,54.673583984375,4.026411595551864,1.39522239436274,777.7166641898776,13
3.38598690862241,-4.031325671983802,54.53371910426928,4.024335239244544,1.4096232186193052,761.1989905315896,13
3.3754612051922344,-4.011164955470873,54.8186036814814,4.001861489337424,1.411017993222112,827.5055223547892,13
3.384302356968756,-4.01208205845045,54.85724606721298,4.005641667739205,1.4210866586021755,837.2310047978946,13
3.378478278284488,-4.020594907843548,54.481769727623984,4.0114827156066895,1.4099958720414536,817.4368631114128,13
3.376397941423499,-4.0353883038396425,55.28762253471043,4.024475284244703,1.3975321935570757,852.7683689283289,13
3.364332966182543,-4.052644584489905,55.2710189819336,4.044705142145571,1.3757933015408723,848.806664508322,13
3.382620904756629,-4.027423236681067,55.16665234773056,4.015915559685749,1.415185518886732,874.5746911090354,13
3.3643098499463955,-4.035976036735203,55.397768766983695,4.026598598646081,1.3812400309935862,848.1067531419835,13
3.3616113040758213,-4.028192478677501,55.21070248147716,4.012611264767854,1.3866555794425632,868.7559973675268,13
3.357931841974673,-4.038456750952679,55.58647553817085,4.034385743348494,1.3760715930358225,885.0485892917801,13
3.35771481887154,-4.02832437598187,55.44371165399966,4.011052214581033,1.383855850800224,917.161018703295,13
3.3501973152160645,-4.037013053894043,55.17034149169922,4.026115417480469,1.3711849451065063,909.8209228515624,13
3.3660268679909087,-4.029707680577817,55.63362867935844,4.033509648364523,1.3908047416935796,921.9854179050612,13
3.344237876975018,-4.044585476750913,55.97978326548701,4.046036720275879,1.3567800055379455,924.3024796195652,13
3.350876124008842,-4.033732704494311,55.818500684655234,4.03453951296599,1.370862634285636,914.3196278447696,13
3.342058586037677,-4.017638952835746,55.43485409280528,4.012171413587487,1.3710269979808645,926.6163011633828,13
3.3437673423601235,-4.015646001567012,55.33903121948242,4.005343955496083,1.3797104617823726,973.563434103261,13
3.346091446669205,-4.042359746020773,55.82916773920474,4.0377432367076045,1.3674858912177708,985.703507133152,13
3.3511366636856743,-4.037786877673605,55.62687019679857,4.029210256493609,1.3745933149171912,968.620610776155,13
3.3288638280785605,-4.037857325180717,55.98600752457328,4.024909973144531,1.3524772136107737,1002.8394855001696,13
3.327463668325673,-4.023675068565037,55.94126013050909,3.999564606210461,1.3579509776571517,1000.4239024286684,13
3.340827910796456,-4.015321876691735,55.56920358409052,4.004153168719748,1.377506209456402,996.5212535028874,13
3.32408242640288,-4.031167963276738,56.48326508895211,4.031469490217126,1.3479328051857329,1062.6808285920515,13
3.327853772951209,-4.024260396542757,55.67008590698242,3.999207548473192,1.3624577729598335,1005.4964121942934,13
3.3229825496673584,-4.028642094653586,55.96794957699983,4.006756492283033,1.3564546782037488,1057.002239724864,13
3.315588557201883,-4.048938398775847,56.55586027062458,4.02111173712689,1.3368571841198462,1046.0288351307745,13
3.320205657378487,-4.040490855341372,56.21718365213145,4.020737917526908,1.3519181479578433,1070.2955109969428,13
3.3143823457800825,-4.034129267153532,56.381733604099445,4.0178830519966455,1.3355207028596296,1036.7393268087635,13
3.3202969405962075,-4.033235902371614,56.86276245117188,4.034987387449845,1.343407366586768,1065.4676460597825,13
3.3008809296981148,-4.032299290532651,56.70316613238791,4.013564731763757,1.3321607683015906,1104.3256199048917,13
3.2861965635548467,-4.047052113906197,56.97563917740532,4.014329537101414,1.317709715470024,1114.3723038383152,13
3.304998791736105,-4.0405378341674805,56.261041060737945,4.018425464630127,1.3413913509120108,1120.1910824983015,13
3.301248063211856,-4.02172909612241,56.33870862877886,4.006689589956532,1.346479099729787,1146.6648957625682,13
3.293503211892169,-4.052006866620935,56.96108328777811,4.039757894433063,1.3065408312756082,1104.307664954144,13
3.276524782180786,-4.0431060791015625,57.10323715209961,4.022096157073975,1.308148980140686,1175.5634765625,13
3.2919200917948848,-4.031081531358802,57.24335645592731,4.021073859670888,1.3340682516927305,1163.307134213655,13
3.2845829051473867,-4.037488273952318,57.1338008383046,4.028105196745499,1.316501591516578,1166.818396526834,13
3.263730505238409,-4.043013075123662,57.37522307686184,4.032801006151282,1.2911894217781403,1185.326267408288,13
3.259373436803403,-4.04139520810998,57.31561810037365,4.025296563687532,1.289622965066329,1209.9492240574048,13
3.2816857566004214,-4.030847943347434,57.18729964546535,4.039289101310398,1.319991718167844,1202.260588272758,13
3.282313025516012,-4.027442082114842,57.1026379129161,4.008466305940048,1.3317785470382026,1175.5085183848505,13
3.2679088530333145,-4.031143478725268,57.31831044736116,4.023128385129182,1.3086005034654038,1204.6268204398775,13
3.2694846961809243,-4.029009943423064,57.52851851090141,4.020928921906845,1.3025898155958755,1202.805669369905,13
3.266270989957063,-4.007359774216361,57.94691185329271,4.006223263947859,1.303718131521474,1218.2923796280566,13
3.264242327731589,-4.020530099454133,58.14891533229662,4.024531281512717,1.2950513414714653,1228.367914614469,13
3.2616454622019893,-4.028731014417565,58.11020925770635,4.032012213831362,1.293710822644441,1245.783792246943,13
3.2461442740067192,-4.0339704181837,58.03595119973888,4.028310962345289,1.2752871979837832,1250.683880349864,13
3.2457106631735098,-4.036364928535793,58.42420959472656,4.0363390342048975,1.2794135135153064,1294.933699898098,13
3.2433339409206225,-4.008379604505456,58.15925714244014,4.021388509999151,1.2778951085132102,1262.4336945906928,13
3.2322033591892407,-4.026664920475172,57.6809899703316,3.999240730119789,1.278400270835213,1271.5096913213315,13
3.231966920520948,-4.014105859010116,58.07380526998769,3.998027065525884,1.27233160060385,1283.075980808424,13
3.239027178805807,-4.019294427788776,57.97271031918733,4.009799252385679,1.2794928550720217,1269.052251401155,13
3.207031726837158,-4.029492170914359,57.92584145587424,3.9984601373257846,1.2557644688564795,1338.5469227666438,13
3.237125065015709,-4.0127653453661045,57.959558404010274,3.995245705480161,1.2878406047821045,1299.9118705417802,13
3.2324745551399565,-4.027252964351488,58.03220649387526,4.00407077955163,1.282919977022254,1305.3473855723505,13
3.212082396382871,-4.042771297952403,58.19136097120202,4.002059376758078,1.2609400334565537,1318.949983016304,13
3.182082756705906,-4.031625022058901,58.57115438710088,3.990390342214833,1.230603850406149,1352.6040198284647,13
3.1850569248199463,-4.033446788787842,59.37469100952149,4.000454902648926,1.2180360555648804,1356.8115234375,13
3.2036196356234345,-4.007691466290018,58.846311486285664,3.987688043843145,1.2439911883810293,1362.9572966202445,13
3.190984601559846,-4.016638880190642,58.777266460916266,3.9891570547352666,1.2370277902354367,1379.028129245924,13
3.171719457792199,-4.034563831661059,59.30596874071204,4.010274887084961,1.2040960218595422,1394.7980957031248,13
3.167210516722306,-4.038896083831787,59.27494812011719,4.011378371197244,1.1950004048969436,1391.123704993207,13
3.1539054020591406,-4.04908041332079,59.53904392408288,4.016339115474535,1.1756751330002495,1391.6363843834918,13
3.1696938535441523,-4.016421919283659,59.21506666100544,3.995649182278177,1.2059993070104849,1413.795070482337,13
3.1485790688058604,-4.020362439362899,59.41655963400136,3.9924077262049136,1.1875232302624246,1434.9359077785325,13
3.1384961190431016,-4.019898165827212,59.42062792570695,3.987631279489269,1.1833128929138184,1463.3022248641305,13
3.134745442348978,-4.030359351116678,59.63920958145805,4.005049664041271,1.1748112595599636,1433.2965353260877,13
3.108975348265275,-4.024462015732476,59.81903756183127,4.000849050024281,1.1425305604934692,1451.1521739130426,13
3.1019471624623174,-4.028051687323529,59.81442924167799,4.000077682992687,1.1446819409080171,1460.6577519955842,13
3.061952155569325,-4.045607525369396,59.959849813710086,4.010926080786663,1.095732357191003,1476.566745923913,13
3.046795585881109,-4.05283548520959,59.99488697881284,4.016676135685133,1.0856835272001184,1504.5356233016305,13
3.034756121428116,-4.0476903708084775,60.08199874214504,4.00745791974275,1.0760428698166555,1518.1734247622285,13
2.992970394051594,-4.055619115414826,60.02783269467562,4.009176979894224,1.0388543605804452,1527.938657014266,13
2.918882328531017,-4.059157495913299,60.64684859566066,4.008308141127877,0.9705407334410634,1581.3875944718063,13
2.879031461218129,-4.039333944735319,60.15484685483186,4.0065826955048935,0.9287284923636394,1551.3724312160325,13
2.798976452454277,-4.0471680889958925,60.73499281510063,4.000995573790177,0.8560259523599045,1591.0544964334238,13
2.7442321881004004,-4.044414375139319,60.90738694564156,3.9917410041974937,0.8032299254251568,1607.680037788723,13
2.6328925982765536,-4.070444791213326,61.46443441639776,4.013660638228707,0.678591419821201,1616.6891134510868,13
2.5282038398410984,-4.060790041218634,61.21216500323752,3.9994045444156816,0.566657286623252,1608.551566745924,13
2.322255694347879,-3.9119008624035367,61.53184675133747,3.866051642791084,0.3544242939223408,1661.2811067000682,13
3.053758382797241,-0.2770034074783325,63.06229782104492,0.3007932901382446,0.0051509737968444,1595.0174560546875,13
3.8395843505859375,-3.9067153930664062,45.21946334838867,3.923956632614136,1.9278478622436523,-14.602042198181152,14
3.8197345403755234,-4.048949967390336,45.61312549519089,4.058089895068474,1.8436891972643772,2.2086176984715014,14
3.814938873614905,-4.027695589845285,45.79788464720144,4.037068076103738,1.8294035691135333,-3.997334576252872,14
3.7977035720393344,-4.05575780148776,45.76477864103497,4.071225427231699,1.813617706298828,42.61470521171138,14
3.786604899280476,-4.022502860183236,45.07564657439226,4.007411111075923,1.821069856859603,39.98210988554565,14
3.772553203990624,-4.051060889501992,46.186751839499806,4.061986539348866,1.79432875480292,58.68543641672196,14
3.752424244610769,-4.055301063465622,46.12923179482514,4.062641998506942,1.770064578866059,72.76091233739314,14
3.7506104520281904,-4.027351169466223,46.16975210897578,4.03098538236798,1.7797285190918162,88.43203231523621,14
3.719714139242592,-4.023884437369101,46.30788685540733,4.039789976563844,1.7357259021615083,64.17839525330741,14
3.722644769920493,-4.02405450928886,46.73166836432691,4.042390184582405,1.7448019284122396,81.4082751004201,14
3.715508900348496,-4.032770522735404,47.33170253825637,4.0509939763531,1.7262673310513763,77.60227035426493,14
3.7153569002571354,-4.042526098167372,47.72922969314288,4.06260869787924,1.719421773586633,79.16181571528597,14
3.690454181635155,-4.023791583079212,47.473376939881526,4.036270429503243,1.7000400682665266,96.39861139261498,14
3.694700597966992,-4.019227660676968,47.61068176173564,4.024363061916903,1.7116664010773666,106.51463149928448,14
3.692963417221165,-4.018857164202996,48.21083668642824,4.029512510359663,1.7010813636599846,105.75576091262528,14
3.675665225622789,-4.025255158262433,48.13834136387087,4.035640563604967,1.6763971189282976,106.5603012948666,14
3.671335491744228,-4.025932443966656,47.8105450996063,4.0312397944852245,1.6793229834838483,124.20469137707596,14
3.669864044249433,-4.014709988480094,48.048630048643865,4.022850867337401,1.6770117545277818,112.973401579467,14
3.671185448484601,-4.028630418597527,48.1355245338296,4.022982948231247,1.6832598560261276,144.84595072044516,14
3.6650419850019538,-4.018702051174715,48.294466702443245,4.022221931121634,1.671700340396953,131.60986203367602,14
3.639465549456998,-4.018148269293444,48.86003702991414,4.014750579618058,1.6394054087452918,166.79526495783588,14
3.637527771715848,-4.033817255272056,48.82156300094893,4.016964507552813,1.6438414398229346,187.80402331082325,14
3.622605097368828,-4.02145280178238,48.84300119172102,4.017708538463281,1.6275783679770224,189.47095542283927,14
3.609933074915184,-4.020399666432315,48.87720499098676,4.0146644670258524,1.6118423436422769,201.92196281001256,14
3.610523322843156,-4.025527738175303,49.18780020947726,4.023832959948845,1.6084414765519917,201.6414861139262,14
3.6160617759392695,-4.022288544372943,49.25926227689539,3.996465275122684,1.6311136401674282,236.03057774957617,14
3.606618049009791,-4.058186917934778,50.068550733650255,4.060942122021562,1.6092044025097252,252.82180267909789,14
3.585027811662206,-4.046420034372582,50.25554109969229,4.02452036119857,1.5832743442283486,266.4460391638414,14
3.587389872508979,-4.035118477899323,50.02790918890035,4.015823154329504,1.5838523653318295,257.90048524868564,14
3.589799720536238,-4.03035929517926,49.91760383462006,4.001065029288238,1.602401687664056,283.9546455047416,14
3.592817391989366,-4.031628491743556,49.93968323041808,4.011019931649262,1.6073720140277217,278.7640870292232,14
3.5836277982723788,-4.032717326901993,49.74422303685602,4.004339134168325,1.5993591224622428,284.8616910730518,14
3.580160580341172,-4.025451618170588,50.10705134553729,4.026113573110329,1.582856000594373,277.0313528768671,14
3.575108249232454,-4.031041109336997,50.39630745941738,4.020064111025828,1.5887719325299534,309.6787921257739,14
3.575262563033674,-4.046893467693209,50.48335071779647,4.019679750286558,1.58979339644594,317.1931649453985,14
3.5609126705793464,-4.043651733758314,50.83561236303557,4.006026492928559,1.562399501320701,329.4076396054442,14
3.55894214252256,-4.037800159094469,50.88372162153136,4.027302274164164,1.5731811905806918,337.6220282788546,14
3.5494886689216085,-4.049003718034276,50.76721220196418,4.028499969146536,1.563875230603248,344.1267608066775,14
3.5391248262153483,-4.038991196350482,50.91312274093148,4.028264150679487,1.5519684110797427,359.1983419934158,14
3.5286434326531757,-4.038071407462066,51.24953367125313,4.010310038080755,1.5426040460478585,388.4827690844266,14
3.527486186357414,-4.038285012515086,51.2571373465676,4.019494116681177,1.5405539859015986,381.2584224676936,14
3.525066926044488,-4.034687399114453,51.1663485593016,3.991037800626935,1.5612676885892758,402.8401343387627,14
3.526155525783323,-4.030592495540403,51.47492275597914,4.028280168209435,1.5473026846939664,385.5901178323998,14
3.519397591644863,-4.049924940433142,51.74736478793546,4.027251690438709,1.5313368128530631,410.01407052286015,14
3.51864980301767,-4.032078053216514,51.28683286942776,4.026685756707342,1.544710770343085,405.4852492614363,14
3.516798986578887,-4.026004647308925,51.699989174896814,4.003317778965212,1.5383274825114124,416.11917056677487,14
3.515695961766273,-4.005788746120045,51.894656631181824,4.014381576634054,1.5322899803425531,402.8508404425855,14
3.5037067041457077,-4.004719959115082,51.7725636704163,4.005417838786383,1.534886375163336,442.3253999146276,14
3.4843362097470267,-4.028513188632029,51.680765907719454,4.002033143673303,1.5214907605693024,476.58225235849056,14
3.4959760941799334,-4.026333335060744,51.98751320029205,4.013019252873067,1.527056959440123,464.76304482514,14
3.4928045692683765,-4.022930157259575,51.89820710668024,4.020538402053545,1.517948661960146,450.8204537637577,14
3.4818936788810877,-4.022359955985591,52.40252469620614,4.019864154311846,1.4995674817067273,463.45166361107016,14
3.480936326320816,-4.011511775682557,52.06674069578543,4.010956884180225,1.5160906532275602,492.0768311698482,14
3.476913054784139,-4.029615720113118,52.80831146240234,4.019774754842122,1.5016427040100098,504.871571858724,14
3.4707246546475394,-4.026286323115511,52.78099175219266,4.033887053435704,1.4832723410624378,487.5021713544738,14
3.460480231159138,-4.023500757397346,52.79507765380092,4.019791789024881,1.48572642323356,523.5506015993514,14
3.4514902177846656,-4.012067725823361,52.76195171044308,3.99376801574755,1.4805341764066204,528.245030049258,14
3.4547836060793893,-4.000694958668835,52.76030033039597,3.990196313498155,1.4908156170035307,541.4985409142837,14
3.465126611901529,-4.011587601787639,53.103741747778166,4.012539179819934,1.497171233285148,543.8656382050906,14
3.460652235918825,-4.029282135033758,53.569212715580775,4.028000021880528,1.4849225207694672,569.8788010699193,14
3.4423757274195834,-4.024662764567249,53.43923539935418,4.031771587875654,1.4656364782801214,579.623965857164,14
3.4497412030801837,-4.019294804747,53.17633025451276,4.011056057312204,1.4855435801751955,598.6624771214131,14
3.442571906923498,-4.018777196512282,53.48623614041311,4.022959280313936,1.4693401984448702,581.5599000558913,14
3.4387422642617853,-4.012293338775635,53.11396983884416,3.996590375900269,1.475724827568486,596.7441947505158,14
3.437061314312917,-4.025464582743135,53.23329323342761,4.026010543295422,1.4671353679033197,605.5788293994448,14
3.425430597749146,-4.012373300468397,53.197793372772026,4.007252834128134,1.455859341711368,600.0905274205238,14
3.422247288362035,-4.037919440359439,53.85482550567051,4.036285616316885,1.4405423177863066,646.626903605911,14
3.420798678068245,-4.030212174421586,53.51071380519267,4.02852061709518,1.447193534119324,660.1101838117875,14
3.4272199351832557,-4.029691369278626,53.89945456066971,4.022623850864434,1.4562310685151778,680.6833691866892,14
3.422553840673195,-4.0146355628967285,53.58843821399617,4.013232492051035,1.4555163788345624,678.2882252819134,14
3.421932725786413,-4.008715059772228,53.74594857557765,4.002946238847649,1.460230473452394,685.0439798607017,14
3.397107218796352,-4.017720846260119,54.278667138057685,4.003241509011707,1.4294826594538657,714.0568356304052,14
3.429114323741985,-4.015566421004961,53.850853830013634,4.010261319718271,1.4650430814275202,658.3212245725235,14
3.4059595072044515,-4.02598895066939,54.033944855696,4.026501610593976,1.4324503747172326,712.2809294694624,14
3.4043574902996325,-4.017133955685598,54.296754513146745,4.013793198567516,1.4381603452394591,747.553561996364,14
3.389503825385616,-4.037826592067503,54.235797666153815,4.03249092821805,1.4109053251878272,738.2346652048941,14
3.3957782601410487,-4.037953283801769,54.79286318605051,4.0455363921399385,1.4060061622715596,706.3462969701994,14
3.375609059003914,-4.017978392307113,54.22752646680148,4.010285209559794,1.4034520215208426,763.0734755797956,14
3.3826704969945944,-4.022818538377869,54.72699017794627,4.01765927728617,1.4058247782149405,757.1400238612913,14
3.370695524995432,-4.035910306486693,54.672420261790926,4.027141310134024,1.390069174316694,775.1589409210399,14
3.38277586151219,-4.031270872871831,54.51538546580189,4.024746049125239,1.4054646866876377,758.9726957884976,14
3.3725617876592677,-4.011802619358279,54.80628434667047,4.00248880206414,1.406750870200823,825.5446673699145,14
3.3816409365935893,-4.0131599228337125,54.83054769264078,4.006985817315443,1.416743367722949,832.0122895630656,14
3.3747927842650025,-4.0223125151868135,54.47086120701436,4.012364216570584,1.404574695623146,815.0823483257175,14
3.373798005985764,-4.036989346990046,55.339883624382736,4.026775054211886,1.3923981324681696,850.1765965875588,14
3.361561658247462,-4.052396939235663,55.21703043523824,4.043269214390208,1.3739226764103154,847.6703775273932,14
3.380351462454166,-4.029102697312457,55.17967099363699,4.017999217195331,1.4098015851194754,869.8163325471698,14
3.3585106696722646,-4.037079649151496,55.4179290195681,4.025656196306337,1.3734602478315248,846.8902092699733,14
3.3592157333901844,-4.031001969703339,55.21485764125608,4.015833368841207,1.3824283431910869,870.6529349081173,14
3.355536681301189,-4.04057772954305,55.64310354556677,4.036789690173647,1.3701534616122455,879.8414095512726,14
3.3530750634535305,-4.03081938905536,55.37839162574625,4.011889457702637,1.3767579591499186,916.117666568396,14
3.348950353058629,-4.038692795255649,55.20681040541931,4.029327173652889,1.3684291307281398,909.8622908682194,14
3.360870503779477,-4.032223071692125,55.72872399384121,4.033497582441606,1.3830806211855426,918.678553551248,14
3.338714635597085,-4.048373717182088,56.01170471479308,4.047702681343511,1.3476893092101474,923.6496075324294,14
3.3519541362546525,-4.0276291145468655,55.70412241138003,4.030688318816371,1.3744314084262967,904.4732005761103,14
3.338329046777209,-4.018675255325605,55.4663325855567,4.008442230944364,1.365482801161472,929.7807379188774,14
3.3445516982168524,-4.019264230188334,55.39660421407448,4.014023537905711,1.3765420621296145,963.8371685675854,14
3.3435608935805985,-4.044807551042089,55.77696278410138,4.035416657069944,1.3618515107616689,980.239523449784,14
3.3484682571962945,-4.035611845412344,55.58967676702535,4.030416329701741,1.3715875868527394,956.120530230444,14
3.319198437456815,-4.0392363746211215,56.143951056138526,4.018066046372899,1.3397075342682172,1007.2530632738795,14
3.3321274286546045,-4.012517764133477,55.73347921791317,3.9901281587732655,1.3691771120395295,992.700059806776,14
3.331089935962509,-4.026105178976959,55.75765468189552,4.02142305194207,1.3569096619228145,1014.8464340114,14
3.317650988416852,-4.031974702511194,56.28620500384637,4.020518680788436,1.337906266158482,1032.7106311726122,14
3.326223872742563,-4.021361500961976,55.541748214817645,3.9949370795076,1.3632042677897327,1016.5112822910518,14
3.314906343723993,-4.041467579655677,56.26491537034137,4.01706866798161,1.338559588546273,1051.6468590310535,14
3.316532440905301,-4.048182343536952,56.49742061686966,4.020954446972541,1.3406377063607269,1047.3798897221402,14
3.3191398779551187,-4.037063439687093,56.16175587972005,4.020840644836426,1.3492414553960164,1064.619425455729,14
3.309878128879475,-4.032971259183104,56.66488321172366,4.019259956647765,1.3294732563150753,1046.259691154432,14
3.3110626598574084,-4.033757200780904,56.9137521419885,4.036362252145444,1.3290617038618844,1072.9853031950172,14
3.2944166870237144,-4.039766074726416,56.69320858649488,4.008887087024233,1.3241352435177975,1090.2198785745873,14
3.286743772854595,-4.050007793138612,56.74207418669695,4.021989252582286,1.312329187333209,1112.1769113600628,14
3.303913305390556,-4.034758873705594,56.10294147707382,4.011570066775916,1.3438292921714063,1126.5354119066917,14
3.2985234965318404,-4.029018666009483,56.60377368087289,4.020338715247388,1.3287772959883108,1119.078141122494,14
3.2860225221645907,-4.055751302707121,56.86702951395287,4.034664333991285,1.2995051857810351,1108.8644842951546,14
3.276691895610881,-4.035816444540924,57.22185933814858,4.0131680650531125,1.3181208282146817,1186.2437721108488,14
3.293266546801201,-4.0330095501066,57.0667080429365,4.023770512274976,1.326880725674659,1138.3681870946343,14
3.273532880927032,-4.039675742575208,57.31675163604928,4.031525275992148,1.304226240272042,1178.9742838541663,14
3.248399001247478,-4.049343091137004,57.434045251810325,4.031585702356303,1.2694260489265874,1198.8728925596993,14
3.272445347324107,-4.036553757745515,57.14104744773241,4.031176654047936,1.3054297855065302,1203.0155374778892,14
3.2786662158726148,-4.0287816599480015,57.104194809055926,4.024287895586506,1.3190896038739186,1183.6731955090406,14
3.276021795452765,-4.025712031238484,57.22127281045014,4.007561746633278,1.3235120166022822,1182.3273557267098,14
3.268408135048249,-4.034072015270497,57.36310982854111,4.029942872389308,1.2996427592991284,1200.6631458210495,14
3.2609324590215145,-4.014450427121337,57.7578615392529,4.0030477541797564,1.2990389365070272,1201.2451125810733,14
3.271932889830391,-4.010266304016113,58.06539981770066,4.018790811862585,1.3041274007761254,1212.0028698039505,14
3.261457537705044,-4.0306966799610064,58.043713863540745,4.028316416830386,1.2917824586232505,1229.2472491954109,14
3.250839662251982,-4.025740116647205,58.05182674096066,4.028723215906875,1.2824013000764187,1247.4727836944771,14
3.2425102197899007,-4.039399371956879,58.273512930240265,4.0272930703073175,1.2770622113965593,1286.97196758918,14
3.2467503382724785,-4.015202405317774,58.41616228691437,4.0322839059169935,1.2789263710285883,1273.4672521435236,14
3.232622394021952,-4.020802833749063,57.66207153992083,4.00699253502132,1.2721035450509508,1259.6687725714917,14
3.232364654541016,-4.01868026661423,57.915860661920505,3.9943797813271575,1.2779620121110162,1273.954191387824,14
3.238991803343191,-4.016105474915895,58.028622633256255,4.007426942669371,1.2766017299028314,1264.6251596894654,14
3.218607139287505,-4.029143918235347,57.98320820646466,4.003519118207056,1.2608377191255675,1296.4527526471595,14
3.217072378914312,-4.021164903100932,58.01249514885669,3.996063038987933,1.2660998375910637,1327.1695326319273,14
3.2404212096952043,-4.016269875772344,58.01099830003655,3.996806690527958,1.290335458779485,1286.8179693641905,14
3.218516661685968,-4.0437854730858,58.20526763628114,4.009058574460587,1.2645579074163855,1310.1698251400355,14
3.1909965074287268,-4.036651683303545,58.29987284822285,3.991796507025665,1.2405263050547184,1332.2628910856429,14
3.1802940503606254,-4.032536290726572,59.228770250044526,3.997259014057663,1.2153810075244065,1349.7091409935142,14
3.2018033948334508,-4.0120762849004015,58.95589883672367,3.987360787841509,1.24274362183217,1359.919438200177,14
3.194357053288873,-4.010000543774299,58.61145825655955,3.9842853591127216,1.2409168234411276,1370.2979459942512,14
3.1760155839740105,-4.0359472088843775,59.15933949692444,4.0090412283843415,1.2073411701610255,1380.7959475727198,14
3.1704840495151543,-4.034127826210837,59.28178544914198,4.009035488344589,1.1988530503878805,1392.0118976329106,14
3.1496193049088963,-4.053230348623024,59.44833266060307,4.018606293876216,1.1709434198883344,1390.5828189489978,14
3.170401853585393,-4.021529383629373,59.26086648905053,3.999945649560893,1.202547787120507,1399.9545046248522,14
3.1528496442350957,-4.017367977766121,59.36734759732612,3.992588909916908,1.19041837161442,1424.356545118416,14
3.140238087132292,-4.021392390413104,59.35674955260079,3.9871487797431215,1.182849278989828,1452.28146419885,14
3.138667195098205,-4.0281330954353765,59.5499478706024,4.002201980015017,1.1803226036095766,1434.371667250147,14
3.1102944590010733,-4.027456118625665,59.78399905318734,4.004695177078247,1.1393453752469715,1435.5186598675805,14
3.104850557615172,-4.0256734704071615,59.80094880877801,3.998795068488931,1.1467318737281944,1459.8847817474943,14
3.067800070504722,-4.044662409608469,59.93739844268223,4.011302282225411,1.1002657945800876,1464.8734253697428,14
3.049709645457238,-4.051947581693062,59.89417607529358,4.016288388450191,1.0860117104068492,1494.7672326429831,14
3.034604063573873,-4.049710975503022,59.99066997024248,4.008838464628975,1.0753993290775226,1511.5945008475826,14
3.006366320376126,-4.051874070797327,59.9874564596692,4.008104117411487,1.0492591265612428,1518.246921371364,14
2.930346478456222,-4.0602825992512255,60.548520933906985,4.009634548763059,0.9796743111790356,1569.607731273339,14
2.8888924931580164,-4.038913924739046,60.08978760917232,4.005754407846703,0.9374471093123812,1545.813020526238,14
2.8131034659139766,-4.046005812830895,60.6638967645993,4.002606892735703,0.8665727193250596,1578.0745519482114,14
2.7624805213520367,-4.041028244690325,60.826338522089344,3.990734787107264,0.8204680058941158,1599.457101114141,14
2.6554666015337096,-4.06782496650264,61.43604321749705,4.0165487415385694,0.6990282175675876,1605.5890399285083,14
2.5592819459783214,-4.058899279660399,61.23956968199532,4.004571674754785,0.5951781385349785,1595.7005400267788,14
2.3613215992285785,-3.910109518459013,61.613489115013245,3.876059517170651,0.3806910295531456,1648.1767723995176,14
3.065004110336304,-0.2723771333694458,63.02182769775391,0.2969770431518554,0.0018672980368137,1585.7530517578125,14
3.840633392333984,-3.9031383991241455,45.2186279296875,3.9208717346191406,1.931893348693848,-13.432482719421388,15
3.8215223520616943,-4.047434870200821,45.62953495073922,4.057059719592711,1.8459338145919992,3.02647374098814,15
3.817156737363791,-4.026130857346933,45.83084096787851,4.036222270772427,1.8330829988552044,-2.6402415323861046,15
3.7990094755269306,-4.055111625526525,45.76537576506409,4.070924713641783,1.8161978042578395,43.730198292792586,15
3.7886729300776616,-4.020945392077482,45.09852242771584,4.006075327909445,1.8241485840157616,40.07888359359548,15
3.7733633306962022,-4.051509890375258,46.20263990571228,4.063045088248916,1.7958963453015195,60.01931386054314,15
3.75472222400617,-4.053314323666729,46.13001091872589,4.0603612465194505,1.774076842054536,73.58424164977254,15
3.752859586401831,-4.026587712613842,46.21970041492317,4.0308845224259775,1.782408119002475,88.75585271135161,15
3.7214345328415495,-4.024038218244722,46.33040469205832,4.040718380408951,1.738076406189158,63.63697621792178,15
3.724597042119956,-4.025304939173445,46.78341660318495,4.043349413932124,1.7473301012304765,83.08628391314157,15
3.718136241164388,-4.034311463561239,47.34803264955931,4.052444874485837,1.7291132664378686,76.8722192305553,15
3.716805192488658,-4.044527778142615,47.7663189851785,4.064119281648081,1.7213340273386315,80.23597161981124,15
3.691945537736144,-4.022262325769739,47.43103877200356,4.035073250154905,1.702860130539423,97.127700322791,15
3.695570598674726,-4.020946004722692,47.67973989172827,4.024239398256133,1.7125819468800023,109.47206313700612,15
3.69434079942824,-4.017533290235302,48.157321350483954,4.030338341676736,1.7024484827548645,101.25841155233266,15
3.6763989683947984,-4.028731186178666,48.126404991632775,4.037974909891056,1.676845977577982,109.48001711881612,15
3.674850650980503,-4.026648467100119,47.86423323426065,4.031536965430537,1.6832698236537884,125.03319317781472,15
3.673270589188685,-4.01587964009635,48.0336394491075,4.021568403968328,1.682224322723437,115.6156336627429,15
3.673259040977381,-4.030953165851062,48.1672842291337,4.024693519254274,1.6858042523830752,146.3720156512683,15
3.66275708433948,-4.017964912366264,48.38357964044885,4.020916941799695,1.668699116646489,134.56487921219838,15
3.641695113121709,-4.021575535400005,48.86598804329015,4.012700545636913,1.6441602329664593,169.8524969559681,15
3.639092855815646,-4.033805189253409,48.809642646886125,4.017519640017159,1.645838504350638,187.51180682604823,15
3.6212371572663513,-4.022278966782968,48.88905382759963,4.0158428904376455,1.6267201010184953,195.02926152869108,15
3.6159430576276175,-4.023522467552861,48.861771523198,4.016604016098795,1.6200943958910206,197.6217651367188,15
3.612325589868087,-4.021341384211673,49.22149242932284,4.014278502403935,1.611900015722347,207.6456464936461,15
3.6202350402180152,-4.031812200063391,49.412433938135074,4.006362054921404,1.635041386266298,241.01397251177437,15
3.602131535735312,-4.062058128888094,50.22008374371106,4.064430363570588,1.6036088874068442,260.0322818031794,15
3.5889293317553363,-4.042988405951971,50.11701236193693,4.018443077425413,1.5880445460729962,261.3037094888808,15
3.586840336835837,-4.038300936735129,50.04056587702112,4.015422591680212,1.5858954870248143,261.6333842217168,15
3.595282974122446,-4.030272689046739,49.97796246975283,4.0041658561440965,1.6084929878198648,279.36654624456094,15
3.5892714639253254,-4.032263894624348,49.82510796076135,4.005854051324386,1.6078232089175453,285.2299360444274,15
3.585781729674037,-4.032141208648682,49.85528716558142,4.006532865234568,1.5989039170591135,281.83493679384645,15
3.578813459299788,-4.02453974228871,50.18437349343601,4.026287827310683,1.5813114839264109,280.98507420020763,15
3.5808746528021898,-4.034448216233073,50.34836431092854,4.01971632015856,1.599166825602326,312.59710500210144,15
3.5738029510160034,-4.045489938953255,50.61951069892207,4.011356595196301,1.5818568317196038,312.97025695028185,15
3.5606230059756507,-4.046238045149211,50.99420607844485,4.011695611326,1.5635704398155212,333.4297607035577,15
3.5556714564939087,-4.038717686375485,50.99450389041176,4.026414219337173,1.571269937708408,345.41157551053203,15
3.550345509867125,-4.049754984771149,50.86109047901781,4.033876536767694,1.562430116949202,343.09454326388203,15
3.537361775772481,-4.0374505187891705,51.02129871030397,4.022147015680241,1.554104074647155,372.2245008251335,15
3.524160827262492,-4.039164642744426,51.41292494761793,4.012143983116633,1.5354959217807915,395.8026957451543,15
3.528285992296436,-4.040340767631048,51.26693445519556,4.017452058912832,1.5429407478887824,380.933814326419,15
3.527998208999634,-4.027427202538599,51.15358371976056,3.9890469176859793,1.5675993908809709,399.7181995246985,15
3.521455595764933,-4.033613379997543,51.56231752226624,4.031472260438943,1.53598345533202,391.0039278827135,15
3.5272370954103107,-4.0534884718400015,51.82636048522177,4.026220849797696,1.542717397967471,407.90396040904375,15
3.514328334904924,-4.027383230909517,51.45842385593849,4.02239727068551,1.539505284043807,413.5429339831388,15
3.5225445303735854,-4.02666585656661,51.74194707749765,4.003748033620134,1.5419438979293727,407.6279773953596,15
3.513794766196722,-3.998329980463921,51.8434417821184,4.010695433314843,1.5362124292156365,409.9094307814971,15
3.492190887656393,-4.01449048066441,51.78890694243999,4.003853864307645,1.523109577879121,457.1690494199341,15
3.487116560151305,-4.02949955493589,51.81935457640056,4.002663226067265,1.5224946163877655,473.8931405755538,15
3.497637600838384,-4.026470528373236,51.9380850248699,4.019885941396786,1.5258663734303246,454.8992307638822,15
3.489713339865962,-4.023731593844257,52.17032039014599,4.020807453348667,1.513529351994961,459.1526593558396,15
3.480970417396932,-4.019205054150352,52.474370932277246,4.0194104411934,1.5016414907914173,473.8679911939402,15
3.477392585971688,-4.016097865527189,52.20376258560373,4.010915907123421,1.5128490366513216,503.1575920008405,15
3.4781209834014315,-4.033915721917454,53.02088206327414,4.029355453539498,1.4976220877864694,502.7165567905088,15
3.4667283221136165,-4.024564730970165,52.69628022592279,4.028300068046473,1.483670530439932,497.9474885192097,15
3.456590948225577,-4.02634832527064,52.90451431274414,4.018643285654768,1.4823828799815115,531.7145362564279,15
3.449316948275023,-4.003500594368464,52.704412436183496,3.982599874086018,1.482568322857724,535.5515801152097,15
3.4554699417911,-4.00377896164037,52.862865037555935,3.999731996391393,1.4928734574136855,554.3686874969096,15
3.4690653070618835,-4.01728011384795,53.30178499825393,4.016254823419112,1.4973264766644827,538.6019109412084,15
3.4555464303946195,-4.029552224316174,53.61625231972224,4.033230280574364,1.4798059139070632,585.1239454052115,15
3.443097027042244,-4.024182711975484,53.23222481449948,4.021893917759763,1.4713375492940974,585.725377336333,15
3.4513047133819965,-4.025883928129945,53.45172068438952,4.026348292073117,1.4789126538023163,589.170121977601,15
3.4396475900577594,-4.011410845985895,53.27662847011904,4.007469171210181,1.4728140121773827,585.8932031559038,15
3.445591054385221,-4.021614690370198,53.24436590943155,4.007456100439724,1.4822928354709963,607.1193198674841,15
3.429435618316071,-4.017634548718417,53.192013269738304,4.0197889110710046,1.4593101136292084,598.9251322685918,15
3.426054034052016,-4.019950601119029,53.57312760172011,4.016285983822014,1.4511521254913715,614.2687493819225,15
3.4186661183079585,-4.041943055164965,53.866684056535554,4.042977164063273,1.4338116540184505,653.2733671936808,15
3.430285399473166,-4.0247571377814575,53.52870306184021,4.018754747849477,1.4632717612423474,665.5911409402195,15
3.414973189559164,-4.030261009554319,53.9776915055287,4.026405509514145,1.4392382329023337,688.3941325899921,15
3.4288009571123728,-4.011696860760073,53.602130382875856,4.00914386857914,1.466068992131873,676.0909906701197,15
3.406552052196068,-4.014231524889982,54.127616834036914,4.006432961814011,1.4397674104835414,706.4573055219047,15
3.4136100781114798,-4.018769231023668,54.01924485798124,4.006676559206806,1.447182177742825,680.1190583434287,15
3.4206028739108314,-4.018253447134284,53.80846115305454,4.017471126363247,1.4541251372687425,677.7069709874406,15
3.403396521942525,-4.024633461915994,54.27002073843268,4.023525778251358,1.4303673966021475,735.4673624159415,15
3.399130504342574,-4.022248841539214,54.156598054910006,4.014978330346603,1.431073087680189,749.3349037653284,15
3.3940478653847417,-4.044556318959104,54.65561437003221,4.046059587333776,1.4049477811101116,713.1206101043315,15
3.387738110143927,-4.029294237305846,54.47156403939936,4.028498456447939,1.407952679863459,727.2117533623417,15
3.3807156734828707,-4.014756404900853,54.33982590784,4.005991999107071,1.408825869047189,756.9403280910058,15
3.365875512738771,-4.030965454970734,55.04332602778568,4.024365986449809,1.3808772820460646,783.6406551312797,15
3.3806629180908203,-4.036993980407715,54.51499366760254,4.029478549957275,1.4015929698944092,760.7749938964844,15
3.378755647924882,-4.016319522374793,54.574869614613206,4.0091243454172645,1.4104931097996387,787.7739311894277,15
3.38057784943641,-4.011110806766944,54.94364709491971,4.00046146066883,1.4188132980201815,846.2663744190071,15
3.3823423808134057,-4.015580485138712,54.57296207283117,4.012461988231804,1.4138348328916337,810.7291344751286,15
3.3718723164329045,-4.031840979298459,54.91644530960277,4.018399567543706,1.3964926374109483,833.9403767646114,15
3.3644927815545964,-4.051455678819101,55.55284572553031,4.046507304227805,1.373741072944448,842.8634295886076,15
3.372610495060305,-4.035708370088022,55.089471092706994,4.022994509226159,1.39775110800055,864.4555505680132,15
3.373113988321039,-4.036793485472474,55.33671101437339,4.029880348640152,1.3921473871303514,849.6792525279373,15
3.3538709697844107,-4.03124607062038,55.36488426787944,4.014894633353511,1.3731837664978417,853.3608251644087,15
3.355962282494654,-4.038929214960412,55.4402246595938,4.030548234529133,1.3747216508358342,885.0530248714398,15
3.3588015520119967,-4.031485880477519,55.60750925088231,4.020797415624691,1.379853225207027,901.6044114511224,15
3.3493460130087938,-4.036782602720622,55.19792286353776,4.022083795523342,1.3696218261235875,909.52965999555,15
3.359762919100025,-4.03484022768238,55.49802961228769,4.036881434766552,1.380924654157856,917.1788894073871,15
3.3471854940245427,-4.040694828274884,55.95008111301856,4.043106863770304,1.3606208940095543,918.6292431022548,15
3.3422639988645724,-4.044562379016152,55.96541771707656,4.041391194621219,1.3548072591612612,921.3105491927906,15
3.3426935642580444,-4.017344076422196,55.413922611671154,4.017584764504735,1.370409656174575,918.147504202927,15
3.3397128038768527,-4.016930921168267,55.41629388060751,4.002309198620953,1.3727046243752106,962.0905197723004,15
3.347437279133857,-4.036346984814994,55.7584316398524,4.034971780414822,1.370384163494352,973.43795814997,15
3.348692839658713,-4.041398151011407,55.657602913772,4.030680849582335,1.368893784058245,965.2837671207476,15
3.331434337398674,-4.038056602960901,55.90289229380933,4.030206939842127,1.352811644348917,991.9544739542124,15
3.321718683725671,-4.032067329068728,56.07866806319997,4.006738895102393,1.3454383973833883,996.9508130037332,15
3.33983686905873,-4.012523777877228,55.55619474000569,3.998556131049047,1.3778196392180049,988.4658658957176,15
3.322408182711541,-4.032055553001694,56.45283141317247,4.033480662333814,1.343935653378692,1058.0942375086531,15
3.324374041979826,-4.027341903010501,55.75180092340784,4.0019857913632935,1.355040418950817,1000.9859696400318,15
3.321662487862985,-4.028703321384478,55.948154859905,4.006238204014452,1.354112776019905,1052.2992043796974,15
3.313175530373296,-4.050390189207053,56.5847302207464,4.022549592995945,1.3315539646752272,1041.4926077927214,15
3.318344677550883,-4.04147721242301,56.2371107898181,4.021540714215629,1.3475948398626303,1066.039894586877,15
3.3118029817750183,-4.03414606746239,56.40375779550286,4.018204266511941,1.3309858614885357,1031.562067345728,15
3.318227457094796,-4.033486662031729,56.88142395019531,4.035896265054051,1.3388649783556974,1061.7532572685918,15
3.2976954315282123,-4.03345610220221,56.71697322024575,4.013124399547336,1.3266222386420528,1098.011624493177,15
3.28413284428512,-4.04916654659223,56.964231611807136,4.017030284374576,1.312687168392954,1111.2524383158625,15
3.304753194881391,-4.040529124344451,56.23244582550436,4.018192888815192,1.340418608882759,1117.1566223917127,15
3.298327934892872,-4.020749188676665,56.427876750125165,4.007990293864962,1.3400136353094363,1138.9892160922666,15
3.2901353202288663,-4.0548906326293945,56.94104588182667,4.039244639722607,1.3007608169241798,1098.7855966302411,15
3.27506049222584,-4.040648620339889,57.15069314497936,4.01874000513101,1.3093915008291417,1180.1716718070118,15
3.2917551752887197,-4.032517179658141,57.197884909714325,4.022738903383665,1.329147873045523,1149.0688430206687,15
3.2777496229244183,-4.039967642554754,57.19425452510013,4.029759820503525,1.3072016865392273,1170.2923800311512,15
3.255424659463424,-4.047094562385656,57.39140575746946,4.033681235735929,1.276921098745322,1183.6419445955298,15
3.263834443273424,-4.039529634427421,57.23614728903468,4.027308065680009,1.2940599390223058,1205.2252923506724,15
3.278190582613402,-4.028889945790738,57.175754981704905,4.032783858383758,1.316435500036312,1192.2097384295887,15
3.2789182014103178,-4.025489761859555,57.17778065838392,4.004158065288881,1.328146751168408,1173.1744771064082,15
3.26490202734742,-4.033495987517925,57.33275662192816,4.029175166842304,1.29943127571782,1202.2243806863132,15
3.2634402166439007,-4.023893754693527,57.71267627764352,4.014223128934449,1.2962442998644672,1198.6790052969243,15
3.269048892998997,-4.008556215068962,58.05664144588422,4.014374171631245,1.3020099220396597,1216.2471460269976,15
3.2597352009785325,-4.028184604041184,58.10413780695275,4.026174997981591,1.2900650591789922,1231.849573835542,15
3.2538566347918936,-4.025784933114354,58.1105842590332,4.030521833443943,1.2852701552306551,1246.8271685250195,15
3.2416346088240418,-4.038475591925126,58.17005717603467,4.025724392903002,1.2742586747000488,1272.1652546170396,15
3.246402541293373,-4.0235145303267466,58.44517275653308,4.036173862746999,1.2782760330393346,1279.0736423927017,15
3.233999854401697,-4.015500192400776,57.785996038702464,4.011707852158366,1.2708986537365974,1258.261473836778,15
3.232871200464949,-4.022201761414733,57.86746577975116,3.9945781019669546,1.279445322254036,1268.941641119462,15
3.2356087572966947,-4.0148974279814125,58.08873304536071,4.004939694947834,1.2716829429698893,1269.2022805515726,15
3.225689323642586,-4.028038598314116,58.05295891097829,4.008193257488782,1.2646481779557242,1281.676482767998,15
3.208011080947103,-4.024510271941559,58.045825861677336,3.9968021081972727,1.2567994375772111,1343.1158941727658,15
3.243666591523569,-4.011240892772433,58.011229647865775,3.9941126998466783,1.2935614268991011,1283.0009657461433,15
3.2204231325584125,-4.042390083964867,58.23136037512671,4.011363799058938,1.265910465506059,1312.8151075145868,15
3.195548510249657,-4.038626459580434,58.20118974130365,3.991625628893889,1.2463095474846757,1325.3347307036192,15
3.1783878078943566,-4.031768560409546,59.090580010715904,3.995141177237788,1.21628083156634,1350.4828892961332,15
3.198231002952479,-4.016126807731919,59.05242948894259,3.988773454593707,1.2388072647625883,1361.822111105617,15
3.194511374340782,-4.008387647097623,58.59418724156633,3.98471610757369,1.238781067389476,1366.7626072364512,15
3.177714679814592,-4.036302222481257,59.1594359482391,4.008448220506499,1.2085825370836862,1377.498201394383,15
3.1680304279810265,-4.034465370298941,59.36847162850296,4.009632674953606,1.1967963191527355,1397.538014858584,15
3.148323913163777,-4.05387999739828,59.45214254644853,4.019319389439836,1.169726320459873,1392.7054242484178,15
3.168027695221237,-4.025276528129095,59.34678246703329,4.003145625319662,1.197769112979309,1398.0578250160695,15
3.1531436081174053,-4.016237126121038,59.39793159388289,3.993289561211309,1.1900792680209196,1423.7590532906447,15
3.139440764354754,-4.023055417628228,59.39576653589176,3.988629953770698,1.1807353270204763,1451.4498723669894,15
3.1345344102835355,-4.028661257104028,59.58288810826555,4.001828670501709,1.176062143301662,1441.3706178303007,15
3.107563780832894,-4.030398064021823,59.82251630855512,4.007277352900445,1.1349948886074603,1433.528533549248,15
3.102030908005147,-4.025847718685488,59.85447422462174,3.9988293647766113,1.1435405710075477,1465.737874864023,15
3.064137018179592,-4.046141319637057,59.99801927880396,4.012169943580145,1.096338562573059,1465.634528437747,15
3.043435703350019,-4.053549724289134,59.92727052712742,4.016587613504144,1.0784032465536384,1495.63798580894,15
3.025424205804173,-4.053180428999889,60.05788404730302,4.010610245451143,1.0656861270530316,1515.4195085356507,15
2.99951661689372,-4.053439411935927,60.08502791199504,4.008837054047404,1.0412634807296948,1521.3101806640625,15
2.918381606476217,-4.062817996061301,60.61139302314082,4.01155946828142,0.9679268508017824,1571.875990469244,15
2.872597881510288,-4.039578564559357,60.16780104818224,4.007245673408991,0.9222403342210794,1550.3207976908625,15
2.792296586157401,-4.048937021931516,60.70831668226025,4.004182661635967,0.8460621098174329,1581.5610112057452,15
2.7348508231247526,-4.044079557249818,60.86150587057765,3.9906757028797006,0.7942576461200473,1605.8143434162382,15
2.621528036986726,-4.071281279189677,61.43445763406874,4.014647625669649,0.6651245291474509,1612.274328304242,15
2.5067974132827566,-4.06154855897155,61.13256140600277,3.9962734995009024,0.5464058209069168,1608.551179910008,15
2.297309990170637,-3.866757815397243,61.5937471269052,3.826099096974243,0.3209903434484837,1660.1819233954698,15
3.0559234619140625,-0.2742999792098999,63.05946731567383,0.2987060546875,0.0043479539453983,1589.7022705078125,15
3.838616371154785,-3.914797067642212,45.22370910644531,3.930445671081543,1.9249783754348757,-12.57686996459961,16
3.81551275613173,-4.054895230059354,45.60736338297526,4.063613378776695,1.8382658261173177,4.126647953717214,16
3.810323379324667,-4.032290233756012,45.802484692267655,4.04254844953429,1.822989178153704,-1.4480810945138995,16
3.793346710924832,-4.05941416182608,45.76039670548349,4.075202824934474,1.8068338115260285,45.44040010560234,16
3.7810174399201975,-4.027603860171336,45.07592012897228,4.012945900923051,1.8141908203280948,43.56988712526717,16
3.767620554510152,-4.053950807583407,46.18965004974941,4.065444049595287,1.7870441487750166,61.59814669051261,16
3.74712886900272,-4.0578618769375785,46.1329843053278,4.066663472157605,1.7624673416029732,74.68786765044591,16
3.745204478689709,-4.029951986276879,46.18060969706601,4.034580077765123,1.7725960541071382,90.84438568691036,16
3.7140497261623167,-4.025396188100179,46.30779143999208,4.04084490530146,1.7286385785108842,66.9771406065743,16
3.717932183787508,-4.0253385507835535,46.74745415741543,4.043643690505117,1.7383134005204686,83.5833232087909,16
3.7101562188106514,-4.034012515589876,47.3550076754588,4.051936968317571,1.7196510767786757,80.40754968415266,16
3.7101751183563807,-4.043389317374559,47.76269622418865,4.0628665018381565,1.7124698904325375,80.83927552805007,16
3.684728222073249,-4.025168229948799,47.49780575734265,4.036448874563541,1.692465696694716,99.08718598563716,16
3.68981483297528,-4.020544774877201,47.64278027996327,4.026027553486374,1.705241974044896,109.39308420817058,16
3.6879857216241225,-4.01983198729701,48.23633808159978,4.030769033252068,1.694618580476293,107.88892369300314,16
3.670849620171313,-4.026381168725355,48.15838623046875,4.036762543444364,1.6701865241212666,108.95724645650613,16
3.666534197405449,-4.027359878492056,47.83245444147842,4.031531103002201,1.6730935880972904,126.9913451956503,16
3.664988984101973,-4.016187934755529,48.07584625819944,4.023739709794146,1.6706725209014222,115.30872925572424,16
3.6670600153365225,-4.02995310189589,48.1736133503464,4.023583151259512,1.677738569817453,147.86300803130527,16
3.661297612220237,-4.020186334286096,48.32157550068022,4.02308925892572,1.6666868737658616,133.85902088093306,16
3.6362762601120666,-4.019402012135248,48.89913371823869,4.016110357248558,1.6348983694172503,169.2105919220163,16
3.634948824936489,-4.034941331395563,48.85325744916808,4.018300281380707,1.6407549313779146,190.46340942382807,16
3.620164985176902,-4.022877069389296,48.87939213206933,4.01976128344266,1.624900553211476,191.74047678821492,16
3.607540463501552,-4.021678528695737,48.90065316734074,4.016175486006826,1.6095290333969787,204.3839994226612,16
3.608377731071328,-4.026866570958552,49.20576189149101,4.025264128199163,1.6064773190696284,203.90220872411192,16
3.614244222640991,-4.023878541382604,49.278112855347445,3.998039656465159,1.6293292240526691,238.52468718522744,16
3.6047541915245778,-4.059418432367672,50.094044715353526,4.062500455844328,1.607082522890103,255.35399392565844,16
3.5831510030998373,-4.047730337898686,50.27684524824035,4.025804114791582,1.5815519814221364,268.7017407687205,16
3.5850596098030136,-4.036516168582365,50.04622986031778,4.01709250983952,1.5818336219907556,260.3622645731992,16
3.5878478431101866,-4.031458881666076,49.93148798912576,4.002015353748633,1.6007305121271864,286.5064357541643,16
3.590885481744442,-4.032968674065931,49.96142146272479,4.01240008732058,1.6056469094078496,281.164565176334,16
3.5817280010607258,-4.033957109511274,49.76498684193353,4.005643001892282,1.597563347726498,287.4193176653401,16
3.577809857122553,-4.026656813591531,50.136187883293104,4.027616851734665,1.5804617060055524,279.6596873541298,16
3.573010561601171,-4.032255523609665,50.41776455573316,4.021283770507237,1.5869021550664362,312.3129186090434,16
3.573375039130637,-4.04818571738477,50.50591822690184,4.020862333429684,1.587982457388872,319.827373960483,16
3.559257885195174,-4.045041057298768,50.849306262514126,4.006890060016944,1.5608860681641776,332.4525392160476,16
3.557248704838303,-4.039155708169037,50.90337681320478,4.028441267193489,1.571480910733061,340.03860991855834,16
3.5476317795567542,-4.050168121385874,50.78199134682709,4.029267548015283,1.5621072181365774,346.51118306094,16
3.537508943545743,-4.040423312277164,50.935055642757774,4.029244500885969,1.550458938820557,362.2458304159296,16
3.5282637218259416,-4.039760229722509,51.25402428968898,4.01057058910154,1.543220783179661,391.4684793724204,16
3.52731473490877,-4.039859468831956,51.26080099141823,4.019515670320523,1.5413933767462678,383.8307241763708,16
3.524463028277991,-4.035424022554602,51.15598280324876,3.99052562353746,1.5620821639426847,406.3661700554613,16
3.5257344560803108,-4.031795240798086,51.47473223704212,4.0284892298140615,1.5479942335272736,388.6267809597952,16
3.518464827687485,-4.051406467485728,51.75544222945687,4.027736981709798,1.5311365007604445,413.2288067895661,16
3.5173627160630137,-4.033401276330528,51.27990693866082,4.027120917098327,1.544512575527407,408.815974205545,16
3.515554882445425,-4.0273335024995625,51.69897590493256,4.004002274207349,1.5379737818016197,419.5405359808005,16
3.514675597724674,-4.007047425276078,51.90479506486616,4.015164306328732,1.5317335248743214,406.0208162511669,16
3.502614072283859,-4.0060645799216985,51.78382854341711,4.006226020788996,1.534440815823633,446.0171103807365,16
3.483177972289752,-4.029861936029398,51.68465862634047,4.003119441698182,1.5208092995409697,480.1301874124779,16
3.494743249701254,-4.027409718471503,51.988882556651376,4.013382818713878,1.5264927981034764,468.1210628485529,16
3.4917758305867515,-4.024257557946931,51.88795706311112,4.021004427903853,1.518024796209995,454.3127554647576,16
3.4808369717507994,-4.023543924655555,52.4128958504155,4.0207316830473125,1.4990451313414663,466.924148847472,16
3.4796097743436225,-4.012771750396153,52.06783441027756,4.01148167796105,1.5152263258988004,495.8515538629496,16
3.475654681523641,-4.03120231628418,52.811106363932296,4.020415782928467,1.5010432799657183,508.7881164550781,16
3.46953059592337,-4.027478721906554,52.772438481168926,4.03440997285663,1.482874796075641,491.2020707040463,16
3.4592875249730715,-4.024867453665103,52.79804299312568,4.020556920729344,1.485044911972382,527.6883786759286,16
3.450518912489309,-4.012877620241177,52.76239299174375,3.9942651634696142,1.479785938682796,531.8731946645293,16
3.4538328827552074,-4.001654543966617,52.76115417480469,3.9908505070884273,1.4898917022741065,545.3595546506486,16
3.4642297741752,-4.012591568928844,53.10573026069305,4.013021442125428,1.4962378650341397,547.9866855069528,16
3.4594946807285525,-4.030399796347948,53.564827613110815,4.028510717475939,1.4838475761173655,574.4207690736781,16
3.440762659288802,-4.0257817124420745,53.43767943472233,4.032383324964991,1.464051568283225,584.2901772553066,16
3.448183725465019,-4.020650170884043,53.17612925115621,4.012150671497081,1.4837187101256173,603.253711628464,16
3.4407058346946284,-4.020024740471031,53.48504307584943,4.023717679317643,1.4672672516145049,586.1732077928459,16
3.438100976764031,-4.013355920899589,53.108518492500735,3.9969522953033447,1.4754950550367247,601.3627204175264,16
3.4364857793604053,-4.026656420725696,53.224071382726514,4.0266235939361765,1.4670678114741105,610.2964412281349,16
3.424916993147172,-4.013427923310478,53.19601087750129,4.007897427996749,1.4556751266215582,604.685766448015,16
3.4215931982364296,-4.039014429416297,53.84823572410728,4.036868761170585,1.4400550419429563,651.506840543927,16
3.420200967188901,-4.031216429464473,53.50678771396853,4.029171142938003,1.4464383327736043,664.7687466219536,16
3.4263686653952927,-4.030719745084175,53.89722888874558,4.023262065911443,1.4552479142662864,685.1859990725727,16
3.42154740837385,-4.015708914342916,53.5891367354483,4.014126147864,1.4542391165247504,682.9265021558077,16
3.420772246594699,-4.0097545917678925,53.74097272285125,4.003733065143321,1.458912915403738,689.8847771410673,16
3.3959199647483587,-4.018874636236227,54.27918824009926,4.004257828934388,1.428137774737376,719.0651087730938,16
3.4279219789325066,-4.016674914450015,53.84217143508624,4.010882773489322,1.4638096543977843,662.88128086306,16
3.4045314698849083,-4.027074489953383,54.03118013585888,4.027339638404127,1.4305935580775422,717.4852640403891,16
3.403105816751156,-4.018246635700922,54.294636540442895,4.014720835775699,1.436586207563772,752.432025645514,16
3.388164551752918,-4.038717431842156,54.23267134180608,4.032925893675606,1.4093232514723293,743.3078809054396,16
3.3958086157744787,-4.038734463025939,54.78728725025489,4.045655850344484,1.4066378283050824,710.943231162785,16
3.375549295413419,-4.0187492460574745,54.21446446352785,4.010473977094926,1.403863790650038,767.4163561167207,16
3.382541593515648,-4.023265937589249,54.70528879705465,4.017480841222799,1.4066745042800903,761.7110112028303,16
3.370513022320825,-4.036847786333576,54.65771851449643,4.027168909708659,1.3904416861024291,779.4657581257371,16
3.3824487392257594,-4.031990228209105,54.50671967320472,4.024883216282107,1.4055225369315478,763.195772374951,16
3.3720436636007056,-4.0127103013812375,54.80549571199237,4.002649892051265,1.4060964179488848,830.1333019328566,16
3.381164942147597,-4.014039453470482,54.82475144008421,4.00704363457062,1.4160949486606524,836.7449609528553,16
3.374061425526937,-4.023395574317788,54.45152570616524,4.012646381210232,1.4037066383181878,819.6102233502851,16
3.373190704381691,-4.0382343598131865,55.31978456029352,4.026844141618261,1.3914740850340646,854.8873371628094,16
3.361080256648034,-4.052994578139587,55.20782648242494,4.043145386677868,1.373113273074792,851.9368835065353,16
3.3796612136768847,-4.029906458824685,55.1627601527568,4.017685350382103,1.4091737225370586,874.165138484547,16
3.3576304822597867,-4.037778161606699,55.3980018327821,4.025346261150432,1.3724986314773562,850.8837476046579,16
3.358212348050292,-4.03193155324684,55.198727613725005,4.0156686770841015,1.3810997181718454,875.3175624631488,16
3.3540931017893665,-4.0423048337300616,55.63803743566357,4.0373736237579925,1.3681049002041603,884.5845912717423,16
3.3513421337559537,-4.032366977547699,55.36568659656453,4.012049333104548,1.374532958246627,920.8708104547464,16
3.3480481651594056,-4.039711169476779,55.1866591111669,4.0294423313260825,1.3675098074307233,914.980981982729,16
3.359707661394803,-4.033377587420386,55.71751914834076,4.033452738755904,1.3818194648754674,923.6076629446736,16
3.3375377789983207,-4.050042701217364,56.001008375635685,4.047594007456078,1.346734046936035,928.4172305700916,16
3.3508921269350838,-4.028879213633028,55.68713693198918,4.030336556944457,1.373674324473495,909.1388557482064,16
3.337245204913541,-4.019984524205046,55.4450064125301,4.00834584985889,1.364716035015178,934.1327514648434,16
3.343495742330012,-4.020384995442517,55.38283423657688,4.013973479001027,1.3755992516031803,968.8600751768868,16
3.3423678050251127,-4.045613303874274,55.76127641305983,4.035447633491372,1.3606718351256173,985.2971179890184,16
3.3472126055063693,-4.0370341636849645,55.57052000513617,4.03069991285696,1.370135544980847,961.6475292661652,16
3.318011283874512,-4.04071851946273,56.13235703954157,4.018277636114156,1.338526984430709,1011.8500965046431,16
3.331072152035791,-4.01376348171594,55.715103749209234,3.990165536508621,1.3682181565266731,997.3408606187354,16
3.329975261628253,-4.027034750524557,55.74973534638028,4.021825106638783,1.3559350892432829,1019.3744203579506,16
3.316458427681113,-4.032964607454696,56.278378036786926,4.0209914693292585,1.3370294570922852,1036.923146373821,16
3.3251837469496817,-4.022073352861704,55.51047607038006,3.99500291302519,1.362251897278072,1020.8434974142584,16
3.3138139532796997,-4.0419496770175,56.24280987145766,4.01710204958166,1.3379913456035109,1055.283939385564,16
3.3154123414237544,-4.049190215344699,56.48053561516528,4.021189878571708,1.3395780459889826,1050.7820952793336,16
3.318014701207479,-4.038311163584392,56.1448605855306,4.020939350128174,1.3482489585876465,1068.0697021484375,16
3.3087654728559577,-4.03436401055294,56.64242001899383,4.019523191751924,1.3288031291661773,1049.3420379446736,16
3.310023798132842,-4.034890570730533,56.900022614677,4.036299210674359,1.3282098320295226,1076.3134834721398,16
3.2934218667588144,-4.04063792198709,56.67233948137776,4.008947918250126,1.3236402228193462,1093.5649176063778,16
3.285400669529753,-4.050625735108957,56.72344210162853,4.021995781352685,1.3115220632193223,1115.8499755859375,16
3.3028533998525367,-4.034932127538717,56.07362682414505,4.011046022739051,1.3434212342748102,1130.732246830778,16
3.2974646796220504,-4.029810167708487,56.58333575650581,4.020366248844555,1.3282226016686398,1123.0227680326257,16
3.2850192582832194,-4.056473273151326,56.847786933371104,4.034814753622379,1.29886516685006,1112.5002234117032,16
3.2756225388005094,-4.036530782591622,57.19935140069926,4.0132806526040135,1.3176681680499382,1189.8630209868809,16
3.292340044705373,-4.033980729444972,57.020761261946,4.023357994151565,1.3268269285465937,1141.273256313876,16
3.2729913873492547,-4.040289051127884,57.28079972177181,4.031288006020792,1.3047085243201106,1182.0680292477396,16
3.247666664843289,-4.049980343512769,57.39648207178656,4.031119292637087,1.2696318693880766,1202.0095099683078,16
3.2716221299561314,-4.037083595803699,57.104415317751325,4.0306538905737535,1.3055709255566386,1205.9105032674922,16
3.2780749992754474,-4.029481225043723,57.0562203365302,4.023870570104827,1.319709592645273,1186.568092969978,16
3.2755113142841266,-4.026346026726489,57.1795901172566,4.007530860181125,1.3239867979625486,1185.1232011903007,16
3.26800011838757,-4.034722004296644,57.322204853753625,4.02948234366171,1.3004177831253916,1203.5716859829502,16
3.260638934261394,-4.014898642054144,57.71088414222189,4.002380413079412,1.3003458249493964,1204.4373779296875,16
3.2717761228669366,-4.010550498962402,58.01229628077093,4.018199542783341,1.3056519638817266,1214.555065227005,16
3.261521205962079,-4.031307937214209,58.00470980758188,4.028381998434007,1.2929574303657003,1232.029649266657,16
3.2503993256287003,-4.02640762269122,58.00877320391577,4.028138607552966,1.283339020591112,1250.7668480063385,16
3.24275098206862,-4.040065900334772,58.23277800937869,4.027776907075126,1.2783162121502858,1290.1211190853471,16
3.246406525186023,-4.015718022232536,58.37808066793957,4.0317916570219605,1.2801902526579565,1276.7716970383742,16
3.2327394290540203,-4.021380724397096,57.61149825090133,4.006139929189622,1.2739654891895795,1262.863918472386,16
3.2323411095817134,-4.018949940519513,57.87138625810731,3.993736064658975,1.2796737405489078,1276.536883660082,16
3.2391804824085355,-4.016110870073426,57.97595545930682,4.006959249388497,1.2786880814054478,1266.6296501879422,16
3.219071598172938,-4.029330823406483,57.918721420959855,4.002791746607366,1.263364276046273,1298.6499737433662,16
3.217965076554497,-4.02129106701545,57.95696402495762,3.9960405646630055,1.2685154271575645,1329.140758586379,16
3.241152916314467,-4.016401332879217,57.947072442972434,3.9963842667873553,1.2929426251717333,1288.5227319489484,16
3.2197025332061,-4.043644974066776,58.145389029065015,4.008956336375302,1.2672468423843386,1312.3408502542748,16
3.191994199212992,-4.036389089980215,58.23260116577149,3.9904366259304975,1.2436234838557692,1334.4324467497054,16
3.1811229582852536,-4.032818644301696,59.18063800739792,3.996860636105328,1.2181964452911471,1352.3266041113895,16
3.202889599890079,-4.012409057257311,58.88997575771885,3.9876682053571977,1.245844229962091,1362.1778994386302,16
3.195537283735455,-4.009905743149091,58.5441089126299,3.983700410375055,1.2444518489657708,1372.369518352005,16
3.1775385238839395,-4.035984339204225,59.08428676773167,4.008941956286161,1.2112082557858164,1382.8929573874802,16
3.1717573336835176,-4.034040076177825,59.20930017915162,4.007944068068978,1.2027299951457378,1393.910623802329,16
3.1528643752044103,-4.053002006602737,59.388372169350674,4.017642731936473,1.1761411226020668,1392.9391491008255,16
3.173450272038298,-4.021961398094705,59.18723157966662,3.9994189964150486,1.2075628177174982,1402.2386052353577,16
3.1573346770784387,-4.017399332058504,59.27624864398309,3.9918292423464217,1.197040782034772,1426.1901256633255,16
3.145549756176067,-4.021113638607961,59.268747869527566,3.986367378594741,1.1902187972698572,1454.7106311726118,16
3.1451652005033672,-4.027186648650739,59.42824911921279,4.001886313816287,1.1891472819466258,1435.3532200459413,16
3.1183252514533275,-4.02645499751253,59.6863694820764,4.003243327890552,1.153061773042259,1434.2209633881191,16
3.114282477576778,-4.024556034016159,59.683318731919776,3.997618751705817,1.1595817894305824,1459.6456506117338,16
3.0819456667270297,-4.042985373323068,59.75071644333173,4.010139201422158,1.1198792854944863,1461.955766018082,16
3.062880265637764,-4.049804501563498,59.7170367210916,4.014804273281457,1.1048962320171811,1491.2241686934944,16
3.0515419762089566,-4.047593215726457,59.79835611019494,4.008747568670309,1.0972159156259498,1507.3617035487914,16
3.028336247558114,-4.049574627066559,59.76953556852521,4.00722658109365,1.0756462819921144,1513.1747187008648,16
2.961988563057762,-4.060624329548962,60.33106481204243,4.008914851542539,1.013405555449192,1563.8231715556208,16
2.9281667448439688,-4.04354144042393,59.88526520639096,4.002906317980784,0.979497748725819,1543.4811781397405,16
2.8639914854517525,-4.052838862317163,60.42744167495823,4.005843186528428,0.9214796675076276,1576.522829451651,16
2.8262732043956063,-4.045289264535004,60.6120133070076,3.9941707857,0.8870790627017717,1596.8911992678854,16
2.737962857732233,-4.078133295167167,61.22879884827812,4.024086079507504,0.7836882618238339,1596.757923054245,16
2.666102260913489,-4.066721229433264,61.1368225625476,4.020152325900096,0.7074313819783296,1580.7271022196835,16
2.4965925111710665,-4.038452751231644,61.074880108143546,3.9774965250267176,0.5411504769475217,1632.4555287870962,16
2.455127954483032,-4.079566955566406,60.99894714355469,3.990686893463135,0.5141609311103821,1658.5390625,16
3.8386175632476807,-3.91004490852356,45.22113800048828,3.926762342453003,1.92489230632782,-14.706249237060549,17
3.8184523627443134,-4.050443913201866,45.60708850884588,4.059372149173568,1.842212382352577,2.69711031703829,17
3.814045124833689,-4.028559894681727,45.79492888060756,4.037886046763486,1.828461431857175,-3.4159348835735206,17
3.7966926997562624,-4.05646793797331,45.76057189365603,4.0717667993509545,1.8123786629370924,43.4143159254542,17
3.785272235390525,-4.0238070098109215,45.07667541503906,4.008764533876623,1.819642623265584,41.2357929397679,17
3.771692973262859,-4.051378037194786,46.18757298307599,4.062447793828617,1.7933792588095994,59.36362001431065,17
3.751259340430206,-4.055917227043296,46.132002848499226,4.063632038404357,1.7685457940371532,73.50309868578641,17
3.749477152554494,-4.027843823222994,46.17074901652786,4.031676658294486,1.7785056574539568,89.35232169673128,17
3.718814981808453,-4.024295566966699,46.314527355649936,4.040260422904536,1.7347854390834112,65.12931156758242,17
3.721739274150921,-4.024742981172958,46.74236340792674,4.0427006955416696,1.7436822472878222,82.46074978810435,17
3.7145610500431663,-4.033239850458109,47.338818340181554,4.051093845247473,1.7252162305064171,78.64194373364717,17
3.714337179495853,-4.043039219934236,47.73655309617145,4.062680859235847,1.7182496246301904,80.14200385711479,17
3.689300681060215,-4.024532003222771,47.48384749214604,4.036632591823362,1.6986046152294807,97.60221747632296,17
3.6935412193994095,-4.019826085312562,47.61689931041789,4.024771369478238,1.710296372947453,107.65094953812894,17
3.691677226960284,-4.019306569729212,48.218401782917525,4.029639364038624,1.6995648003224306,106.96161651611328,17
3.674718703863756,-4.02589109708678,48.15398622908682,4.035812027049515,1.6751929589037626,107.78453783719044,17
3.6703108991466977,-4.026414271420653,47.82566751923951,4.031365328614816,1.6781007193919248,125.45188606310192,17
3.6686983918243983,-4.015455632839563,48.06029906362858,4.023173161272733,1.6755550297551185,114.38428070260294,17
3.670096698796974,-4.029240248338232,48.149465956777895,4.023047357235315,1.6819555646968338,146.23093428701725,17
3.664097162162733,-4.019561983504385,48.30825493770576,4.022386616880789,1.6705246414028625,133.1313072540475,17
3.638684512684181,-4.0187915796004,48.88687695197339,4.014911240751639,1.6383429990624483,168.12951544995582,17
3.6368617786551423,-4.034630010712822,48.84764811677753,4.017450278660037,1.6430702254457294,189.4447473490013,17
3.621972545887689,-4.022329408417708,48.874486671303806,4.018394212302922,1.6269625980149274,190.9462630553816,17
3.6092942735683993,-4.021169506528842,48.90748850504557,4.0152171722748,1.6111536250924163,203.36992074258677,17
3.6096801667843215,-4.026236165244624,49.21399048139464,4.024441872002943,1.60751762480106,203.10836878362696,17
3.614986280225358,-4.022976332490549,49.284587452246704,3.9969887313602857,1.6299450015122037,237.6975835644224,17
3.605651243677679,-4.058798538064057,50.09488877110511,4.0615937994711055,1.608134835021301,254.5401668908461,17
3.5841997209584937,-4.047156558846528,50.28210290872826,4.025023568351314,1.5824298161380697,267.98144185767984,17
3.586066554927226,-4.035822397507961,50.06105535735124,4.01645198258214,1.5823430197793733,259.72259770999165,17
3.5886293222319403,-4.031036850791307,49.94561050223105,4.0015693670548735,1.6011361535990012,285.815036989608,17
3.5914776999995395,-4.032329010513593,49.97297610876695,4.0117681161412655,1.605935256436186,280.69336858785374,17
3.5824094673372664,-4.033231798207985,49.7696651242814,4.00472344092603,1.5980027329246953,286.69367069268384,17
3.578905405488404,-4.026076508767949,50.14030451744608,4.026617748932269,1.5814307530721028,279.0552494840802,17
3.573733131840544,-4.03167362932889,50.42608275503483,4.020501208755205,1.5873553505483664,311.82109386516066,17
3.5739195151898846,-4.04735023270613,50.50905268447204,4.0198428945721325,1.5883352254171792,319.2119946749705,17
3.559496692141647,-4.044419153681341,50.86339058066314,4.006419529704928,1.560751922475467,332.1450358456786,17
3.5576659373517305,-4.038793329922658,50.91407416001806,4.02808445804524,1.5716682537546698,339.44846444759725,17
3.548092320280255,-4.049843014411207,50.79865406444237,4.029124625823783,1.56224913342194,346.096867975199,17
3.537948128562304,-4.039502296807631,50.95498736399525,4.028661293053777,1.550282101211308,361.389786822241,17
3.527476319726908,-4.03869929403629,51.28797322399211,4.010703608674823,1.5411225602311909,391.0191068829231,17
3.526438735566049,-4.039005030626021,51.29225936025944,4.019847599965222,1.5392805330408443,383.6670530307217,17
3.523808143423788,-4.0355437596639,51.19007559242488,3.991609069536317,1.5598354197148256,405.27545012468056,17
3.524957836798902,-4.031390082161382,51.50549928197321,4.0288691610660194,1.5457475207886606,387.5382494656545,17
3.517995726387456,-4.050603455717459,51.77790383872746,4.02802415763807,1.5296326373358191,412.5946661031471,17
3.51689324288998,-4.032962625131667,51.32019714739338,4.027641986151162,1.542408449844744,407.65621180504377,17
3.514862901759597,-4.027296759047598,51.73574670755638,4.004716666239613,1.5358631318470215,419.22681585347885,17
3.5136259936686582,-4.006499875266597,51.93449742539124,4.015044470253231,1.5295508980001291,405.2283597742236,17
3.5017559063509576,-4.005371480617883,51.81161002393039,4.005881915302397,1.5323664834664303,444.7214430323187,17
3.482617918050514,-4.029168830727631,51.71373626421083,4.002757990135337,1.5192262788988509,478.7924637704525,17
3.494280180841122,-4.027007081973478,52.02225228075712,4.013577209328705,1.524938424428304,467.3513880315816,17
3.491006299384735,-4.023702093640214,51.927673483794585,4.021117312353362,1.5158633526016332,453.3606479092962,17
3.479879658177214,-4.023101761655988,52.43325345021374,4.020525653407259,1.497157742392342,466.2385259664284,17
3.479308695163367,-4.012256949202819,52.09153322903615,4.011452410955849,1.514055848121643,494.7024783728258,17
3.475156386693319,-4.0306010246276855,52.829522450764976,4.020522753397624,1.499649167060852,507.8995259602864,17
3.468902970260044,-4.027213699412796,52.80032247867224,4.034359886961163,1.4813070949518456,490.79285071031103,17
3.458830884417648,-4.024433102997594,52.82695204057034,4.020220321679266,1.4837531248728435,526.9570469886252,17
3.450075109049959,-4.0128075431727765,52.79800415039063,3.994222321600284,1.4786338431280364,531.0657352471502,17
3.4533431440029503,-4.001311671059087,52.78409079785617,3.990446612520038,1.4891004269977786,544.3952049399323,17
3.4637791870525048,-4.012289080229945,53.12327050263027,4.01290081132133,1.4955423013219291,547.2288357716687,17
3.459163581800161,-4.029975114378539,53.59038406947874,4.028248352074773,1.4832989644704375,573.3382683520045,17
3.441059827804565,-4.025373710776275,53.46325280531397,4.032050447643928,1.4642296962018282,583.2493677679098,17
3.448400519928842,-4.019736074051767,53.19989738224437,4.011227418791573,1.4841154873745996,601.8059235578812,17
3.441249300099019,-4.019425830001351,53.50846913175763,4.023165049043092,1.4679159413343703,584.9346662797268,17
3.437371703813661,-4.0129667138153655,53.133562124000406,3.996767853790859,1.474181056022644,599.7408907908313,17
3.435647519129627,-4.0261044562237815,53.25622239502721,4.026242355130753,1.4655599676588047,608.6461388929835,17
3.42385060532288,-4.013268413783619,53.223547953479695,4.007746975376921,1.4539065473484545,603.4430042962608,17
3.4207721026438587,-4.038680787356395,53.86846491975604,4.036718899348997,1.4388344265379995,649.9757540720815,17
3.4193480914493777,-4.030871445277952,53.52983721847055,4.028836940069619,1.445529006562143,663.3857003457891,17
3.425823776976867,-4.030331956515522,53.92240469110837,4.022887325886661,1.4546151416106794,684.0041780291863,17
3.421148992934317,-4.015411071057589,53.61218052990032,4.013777363975093,1.453710598765679,681.5441145986881,17
3.4204480063240483,-4.009486915180518,53.76205612278584,4.003489785224387,1.4583470986324285,688.3572794596355,17
3.3955410321553545,-4.018320236565931,54.29861920434724,4.003407796223958,1.4277479536128492,717.8687187530712,17
3.427432487595756,-4.0163408495345205,53.87706137603184,4.010534772333109,1.4630321061836098,661.8608283276827,17
3.4043380464397885,-4.026692183512561,54.06037211867998,4.026740640964148,1.4305941481260385,715.6963451073605,17
3.402997724665036,-4.017745215937777,54.32293094179165,4.01414472951829,1.436433789115282,751.0431038718554,17
3.3877633832535654,-4.038555963984075,54.27032895358104,4.032676336900243,1.4089156456713408,741.894937767173,17
3.394075786542593,-4.038610824249076,54.818759750270246,4.04564731525925,1.403993179213326,710.0175919442806,17
3.3741560477130816,-4.018397763090314,54.2484062722644,4.010184761863084,1.4019485397158928,766.7100638143671,17
3.381188622060812,-4.023252082320879,54.74665235123545,4.017594373451089,1.4041717547290729,760.8946510170991,17
3.369131989449075,-4.036917179635486,54.69384489719224,4.027260885298627,1.3882393619549347,778.6351398971847,17
3.381321023845073,-4.031842834544632,54.54491959577836,4.024855913606079,1.4037886820499257,762.6293714991157,17
3.371011491091746,-4.012527825697413,54.83196640014648,4.0024578706273495,1.4046000872018205,828.8338335145194,17
3.3800486648607557,-4.013596435762802,54.8562559211779,4.006705982880023,1.414650856323962,835.6353325993765,17
3.372950622870487,-4.023285619867673,54.489630549208925,4.012297594322349,1.4022119615062978,818.9281094149225,17
3.371903765876338,-4.037639240048966,55.35145914329672,4.026275679750262,1.3899152638777248,853.8613787956957,17
3.3597428063926458,-4.052766820919588,55.24080017377745,4.042589808410068,1.3715402892550586,851.5334933298941,17
3.378642700003378,-4.029590930578844,55.19238139698341,4.017286402624358,1.4075934826952856,873.7148061308471,17
3.3567642895680554,-4.037282925731731,55.43037033081055,4.024882145647733,1.3713901200384466,850.7715431069427,17
3.357251822573584,-4.03161365281111,55.23617160245308,4.015360334384367,1.379795925422285,874.5685520771916,17
3.353931728399025,-4.041644048390898,55.67437604988146,4.0366056850121455,1.3678022248190154,884.371106033805,17
3.351203967940133,-4.031242586531729,55.38973149713481,4.011264342182088,1.3746725118385172,920.246904481132,17
3.347121090259192,-4.039539049256523,55.22227672360978,4.028955588550688,1.3660302304621763,913.749752020686,17
3.3591717744023546,-4.032932134544325,55.74685138726384,4.032827665221016,1.380987842877706,922.6342581503046,17
3.337140398205451,-4.049253121861872,56.03590731350881,4.047403398549782,1.3454105224249495,928.3463088701358,17
3.3502224301392176,-4.028706349666764,55.71788238429424,4.0301088147193385,1.3722270089875228,908.90169040512,17
3.336650959350778,-4.019286122711949,55.48449116832805,4.007717099579625,1.3633621166337209,934.1203095058222,17
3.3427309180205724,-4.019988707776339,55.42100308976084,4.013496587861259,1.3739511539351266,967.9538355413472,17
3.341819956617535,-4.045208954961045,55.79366926277208,4.034994710166499,1.3597033608634517,984.4691331011694,17
3.34643450922936,-4.036447108166772,55.60789417770673,4.029709974924724,1.3690789765531912,961.0772394144308,17
3.3175886711984317,-4.039300855600609,56.16127697926648,4.017406166724439,1.337615798104484,1011.558047888414,17
3.3299178507343026,-4.012865474389034,55.74679870125633,3.989294337026728,1.3667287016814609,997.481383509606,17
3.3290456840827027,-4.025935337978339,55.78088662009569,4.020856989254741,1.3547159770749646,1019.3962932082846,17
3.3156782321210176,-4.031930302673915,56.31198364833616,4.020247666340954,1.3359049738578077,1036.493060417895,17
3.3243464688834905,-4.021513701984717,55.55462188240867,3.9945343650362015,1.3609433968861897,1021.3786490578316,17
3.312828287388544,-4.041011999238212,56.28925844108534,4.016723734777679,1.3367666425944873,1055.7670015539013,17
3.31469312253988,-4.048098213267776,56.516383980805024,4.020687499136295,1.3384380070668345,1051.742841612618,17
3.31726868947347,-4.036914666493733,56.18476359049479,4.020489692687988,1.3471711079279582,1069.1842854817708,17
3.3076575822050467,-4.032795291276848,56.69118953201006,4.019056863005057,1.3273593884594037,1051.2484706662735,17
3.308567060614532,-4.033396046116667,56.94659963643776,4.035884587269909,1.3262821660851534,1078.0507144568096,17
3.291942830355662,-4.039006898987968,56.725221741874265,4.008444378211063,1.3216142624429186,1095.3758007505403,17
3.28401454439703,-4.049649067644803,56.77883788774599,4.02214577512921,1.3093799007763651,1118.7392186578716,17
3.3010844914418347,-4.033987648082229,56.12995982619952,4.011273842937542,1.3412713172300808,1132.327572228773,17
3.2958296334968424,-4.028318995949607,56.62848411416108,4.019931391350128,1.3263186711185384,1124.6954583701847,17
3.28330208820367,-4.055276738772602,56.89232210843068,4.034305671475968,1.2969470826334923,1114.6151913816816,17
3.274032529794945,-4.03518682155969,57.24085710633476,4.012577173844823,1.3156816059688352,1191.8113460900647,17
3.2905342249000595,-4.032631313275991,57.093143463134766,4.023266084539066,1.3242021776595203,1144.645433341932,17
3.270807129781951,-4.039064428341463,57.347688399020974,4.031072097754328,1.3016491933438763,1185.2615959119494,17
3.2452804997282207,-4.048830752102834,57.46085854296415,4.031109342035258,1.2665012512566909,1205.2364133438975,17
3.2694760553491937,-4.035466506046319,57.16070640611949,4.030192288212806,1.3029484718850572,1208.9718624091,17
3.2753620477592422,-4.028040118187478,57.138488601588605,4.023585592425844,1.3160378310665397,1191.186162600727,17
3.272907365043208,-4.024891214550666,57.256886968072855,4.006513361660939,1.3205808131199963,1190.0777426665684,17
3.2651994063419365,-4.03276163377102,57.38889142402313,4.02891136865196,1.2968272083210497,1207.1175291433274,17
3.257697804169085,-4.013928419389065,57.794266826701616,4.002543329442822,1.2955306318570985,1208.835685681997,17
3.268742093500101,-4.009665786095385,58.09637278430867,4.017460373212706,1.3010150059214178,1219.1573394199588,17
3.2583392596094862,-4.029743179585199,58.06841993032012,4.027096505435008,1.2888906346926898,1236.4549499127852,17
3.2478523179420136,-4.024668249694057,58.07279320482938,4.027550838278525,1.2797710798071615,1253.8454605198506,17
3.2390415938395374,-4.038034879936363,58.28338867763303,4.025137964284645,1.2743467474883456,1293.2560044774464,17
3.243876980535639,-4.01409654197453,58.42561520270581,4.030164607665824,1.276748444299278,1280.3869506068197,17
3.229457789247141,-4.019441955494431,57.68307967755779,4.005556001603228,1.2694049031479553,1266.3882519224155,17
3.2293191360977462,-4.018016833179402,57.95237393649119,3.9935642593311815,1.274941900991044,1281.945416144605,17
3.2357496900378533,-4.015349145205516,58.05478385109571,4.006029929754869,1.2738187410546549,1272.9706048545595,17
3.215450166906201,-4.028332146458656,58.00897588669879,4.002255112869935,1.25804817826493,1304.4110614128829,17
3.2138809123129217,-4.01953486676486,58.03118608582695,3.993905350847064,1.2636918616744712,1334.804593068248,17
3.2372227344872817,-4.015264169225153,58.038800797372495,3.995139876251701,1.2877170027426954,1295.5323455618611,17
3.214883843307975,-4.042506949706647,58.24841824417594,4.007401643309203,1.261214296023051,1319.3312650476612,17
3.1872696516648777,-4.035339697351995,58.352431603197786,3.9911927097248574,1.2372123047990615,1341.3462121351713,17
3.176225372830277,-4.030637576145196,59.27580757860867,3.995850816462775,1.2118520706704576,1358.3495080336086,17
3.19741109032301,-4.010469574598397,59.00151841745437,3.985748069091413,1.2388426050450068,1369.1858555056017,17
3.189940191664786,-4.008777573423566,58.65245128127764,3.983123558872151,1.236915651357399,1379.410748175855,17
3.1711083208240054,-4.034683242533942,59.20207204758746,4.007007556891291,1.2032966951154316,1389.5160633782918,17
3.164637084277171,-4.033130012968051,59.34130907358613,4.0075186273586825,1.1941632219830398,1401.80612777614,17
3.142605912010625,-4.052196331743924,59.52071891640717,4.017371762473628,1.1646621429695274,1401.612408332105,17
3.1620294882816338,-4.020080695362212,59.33182640795438,3.9981597174638472,1.1954108401664396,1409.5717527761396,17
3.1436476857407287,-4.015808558314101,59.44823309460526,3.990935856441282,1.1825740734736123,1434.690537938532,17
3.1302179930345067,-4.019143959261337,59.43508853552476,3.985711826468414,1.1740024539659608,1462.9584154812794,17
3.1273475158139594,-4.027531974720505,59.66494475070785,4.001108988276068,1.1677886412578555,1446.6509625896715,17
3.094259515498419,-4.028544536926462,59.901883299245775,4.004214193835948,1.1213665128503956,1449.9955125724744,17
3.0869237162032217,-4.025721280079967,59.934667695243405,3.996839311887633,1.1272242833983226,1474.742341815301,17
3.0425035413706074,-4.0453098195153965,60.13737504587233,4.009327003790897,1.0736166508692613,1482.536873679491,17
3.024843827733453,-4.052118094462268,60.06649569145539,4.013592537094212,1.0596009147991925,1509.7405245798936,17
3.003535720537293,-4.0501912224967525,60.204444381425965,4.005833499836472,1.0438601745749418,1528.76534400796,17
2.967251789644829,-4.048910632823248,60.194873929773486,4.004473149401587,1.0110009391352814,1534.868047366352,17
2.884627813063328,-4.052393439430861,60.74938657748624,4.003879178245112,0.936843815089772,1587.6191736377257,17
2.832511330550572,-4.028156802339374,60.34711168397148,3.9998554643595,0.8823013879218188,1557.7261041605243,17
2.7359477364042277,-4.030667526916888,60.87451478970126,3.990041106002136,0.7906024523501127,1588.3812401729558,17
2.6716266233216297,-4.022048257431893,60.97260013316412,3.9756662170842008,0.7303890720853273,1611.3166519261008,17
2.554886404073463,-4.043654558793554,61.52549347787533,3.986671897600282,0.5973514464666255,1629.7434312352595,17
2.4291591404369046,-3.8457303272103407,61.802334191664194,3.829671139987013,0.4185037061853246,1622.9368835065352,17
3.0563790123417576,-0.2473371812382813,62.30832619337166,0.315034332140463,0.0060202958027165,1608.5251065620068,17
3.159820795059204,-0.08700842410326,62.77885818481445,0.1079713180661201,-0.0205240100622177,1607.3770751953125,17
3.840137243270874,-3.904330968856812,45.20735931396485,3.921842336654663,1.9305461645126345,-13.838737487792969,18
3.8206339003933465,-4.048311728580742,45.61119883834936,4.057604889960805,1.8449162533328791,3.081149453570129,18
3.815847114392906,-4.0273672243592085,45.81658809200214,4.037086574894608,1.8314064179256464,-2.4748329751810454,18
3.796961539869855,-4.056118129924604,45.72594055856109,4.07104052100212,1.8136178277860024,45.1601141668429,18
3.786783532731852,-4.021591235118307,45.09963002781959,4.006367425250399,1.8220420233003651,40.5082776743895,18
3.7701269471721286,-4.05335807496575,46.17916403606439,4.064570487684505,1.7915697788736622,61.72185866240485,18
3.75295142611121,-4.052344823339183,46.0930766208916,4.058527551638853,1.7726966780462083,74.11768253593688,18
3.751289463346931,-4.026419381427157,46.24703442518878,4.031430614981682,1.7801682060691202,88.5847681616522,18
3.7189617369584975,-4.023239059812704,46.32499534461149,4.040357143256315,1.7354167396095908,63.28385913144251,18
3.723275779918501,-4.0263567122684165,46.81704500526379,4.044336513349205,1.7447813005204411,83.16164184375933,18
3.71726529461563,-4.034452653994226,47.34271198928736,4.053006576125029,1.7277383698020012,76.23438782904556,18
3.714796242440582,-4.044497799721493,47.79351481054999,4.063835903337806,1.7188507075522357,80.79467020217021,18
3.6895925497553153,-4.020182172204279,47.390569699038366,4.032211634763486,1.7011701984769978,98.04011229496852,18
3.692223544333391,-4.022582205997151,47.78009368507725,4.024816148600001,1.7078022273482791,114.63066256577804,18
3.6918116284024185,-4.013911010353429,48.10813840635263,4.029257005946652,1.699347789879817,96.0569147972545,18
3.67242525489467,-4.030623390416431,48.11152721818085,4.039323624531934,1.6719385909426745,112.58603950063132,18
3.673809829031586,-4.025951160746775,47.91579774990203,4.030853195554891,1.6815627464063607,125.4328578292944,18
3.672280287287038,-4.016639524204716,48.019988746400095,4.020932373727203,1.6819135345471132,118.76505697456896,18
3.671017959619024,-4.031110235080598,48.19065334538745,4.024419161924131,1.683137926326436,148.7052251730755,18
3.655848861499957,-4.015450131361652,48.46994176488014,4.018689878427299,1.6600681831882258,138.01086600722778,18
3.640169937899158,-4.0235173626310505,48.876967849245496,4.012005477953869,1.6432173646939028,174.10851428766924,18
3.6346262959158335,-4.030203740308239,48.80605097485196,4.0174875320143,1.6409095222023642,186.0571015959333,18
3.615844474476614,-4.021501219196684,48.93303726585048,4.014143609696893,1.620521377605997,201.8060677886768,18
3.618904986958595,-4.026008757815998,48.85909968576613,4.0201750955763895,1.624259446836581,194.5263872085863,18
3.610297032981921,-4.016839382754769,49.24275936442576,4.006018754023655,1.6113923704548243,214.4078341927498,18
3.6199529186175887,-4.038611436345775,49.54271110000124,4.019450321318997,1.632387117975077,242.67553283302647,18
3.5941896757502465,-4.059285318775541,50.329421365337005,4.056844231429373,1.5949121592151132,263.22380639337433,18
3.5906765643198777,-4.0385814047163455,49.97794667626642,4.015513122461404,1.588440475190521,254.34901049182668,18
3.5841181293414657,-4.04033037659469,50.04489541509349,4.015256289463894,1.5850691947208089,267.0216437661723,18
3.598314141012301,-4.031479814249998,50.06226820247189,4.011196160772044,1.6096112842013122,274.56080520532703,18
3.5848475717435218,-4.034175171214304,49.75167628002775,4.004766315411611,1.6050395798531307,291.2549492902816,18
3.5847938075946395,-4.030650788811362,49.95361262521926,4.010178408045678,1.5950817461985691,281.95174568322057,18
3.574877707062253,-4.023575351496411,50.268416896747176,4.024792698538228,1.5769121062224078,288.0984955805882,18
3.582450026919128,-4.039676326095679,50.33925677256979,4.023648489812377,1.6026151241010922,316.87181139903464,18
3.5680664512002545,-4.042087351440624,50.61788311126126,4.00669770635617,1.5707482934757402,314.6251374262913,18
3.5597324113177646,-4.043253057321925,50.99395166384946,4.019531353264098,1.5631116575496211,329.54062278407395,18
3.551124996440426,-4.042121392146797,51.07584607069659,4.025855231436954,1.5650476141340417,348.8637893579568,18
3.549277264601106,-4.047332001339858,50.92678313042708,4.035471424175675,1.5598674936659016,343.22414305863106,18
3.535094315838662,-4.035970703052108,51.07334144252121,4.014717496884097,1.5537013407725435,379.790404690299,18
3.521629549135828,-4.038364419511929,51.45881293229996,4.01721322612398,1.5317074455273378,395.27066739805184,18
3.5241314149965906,-4.0436225089297935,51.31077981450755,4.0127557371832,1.5426749871794587,389.9660351018239,18
3.5270192729439707,-4.026549840429027,51.2466472212676,4.000729633744355,1.5637947609470149,395.9957236514729,18
3.516816401937205,-4.039372954398963,51.608671492072425,4.030414648116774,1.529027326851134,402.33153538795017,18
3.526514800490847,-4.044677318281429,51.57129399487927,4.026534548230991,1.548577329155746,406.7586339476762,18
3.508705767856282,-4.02397580966828,51.5723948144609,4.014877112807742,1.531982177382062,419.3948057138236,18
3.5201318127334496,-4.021842516151962,51.82576000918249,4.011744274455271,1.535449101666736,403.01766792831904,18
3.5113218316606654,-3.997694666977901,51.76316537067389,4.006820757677601,1.5399920917620324,423.3401936330612,18
3.4837843096180325,-4.023518823514319,51.71421704626387,4.00304327800775,1.5175442528572811,469.4404226898389,18
3.491285073529383,-4.0286938005192265,51.92811156837804,4.005736979709309,1.5247707799741417,469.8200434788018,18
3.4965132269889687,-4.024721142592703,51.84149719043902,4.0221776142241845,1.5215498915143832,445.49974769543695,18
3.4851479849238305,-4.025163310348608,52.33987616277804,4.021644625694129,1.5053079424390368,461.6916058777245,18
3.479935978628268,-4.01463682332616,52.246599962756896,4.015531919564412,1.5091910582439154,486.0165970917719,18
3.4729115704821933,-4.024013151788408,52.50245365215715,4.014276568297368,1.5038166957296384,510.1536223782096,18
3.4727539120206408,-4.032140898856388,52.96769857710334,4.036278758079383,1.4862595880107516,495.82820625062215,18
3.46140971305264,-4.025546368519971,52.78484711373687,4.023788224359986,1.4822384946665186,516.2171304301852,18
3.454365977815762,-4.022100457719937,52.92987330248401,4.008082845408445,1.4797858440192642,528.8084265836485,18
3.4536722814960843,-4.0009935190723205,52.75029178789467,3.985408133002603,1.4879128348295856,533.9730737771197,18
3.460079256896001,-4.008615691191072,52.99981650577229,4.009129879580941,1.4947538140473091,553.2498176720492,18
3.4640809441827667,-4.025649924187144,53.50105023232235,4.022910588865827,1.488848380222442,554.826947449119,18
3.4448404722153003,-4.026694765516147,53.56017799134467,4.034774904797791,1.4676821300178575,586.0658981420431,18
3.446117979705713,-4.020706826714194,53.12471868429974,4.011901897989261,1.480394964005537,594.5443239637241,18
3.444231816917468,-4.0232337265257625,53.54569616135518,4.028685630506771,1.4688565503260131,583.8253908582553,18
3.4362466426412013,-4.00977162039204,53.1306442698096,3.9973994334032574,1.4711693791067524,590.885940843327,18
3.440609124056093,-4.028916489546466,53.29507040521901,4.024657012550694,1.4710570634550348,609.0506238026223,18
3.42523704212942,-4.014669685606744,53.15403375807841,4.009604083504646,1.4558886760359355,597.5268749066978,18
3.422629439906709,-4.033188710546797,53.82714141554133,4.030894255182545,1.4422103242509683,635.7650029856684,18
3.4171233982037585,-4.034900240078094,53.63004839951825,4.034456578029949,1.4391347473594034,659.4762456614501,18
3.4309111431146126,-4.028616883952147,53.85020009423517,4.020433182928972,1.461990131694041,676.5711063457901,18
3.4183029703273893,-4.018457269972297,53.70800917315635,4.016752431347112,1.4480388688433703,680.9277720846188,18
3.423197075060219,-4.009119304122438,53.727079330735904,4.00386919944909,1.4612667598542135,682.7855613368331,18
3.395219400430181,-4.017848464334087,54.3389526172808,4.004179237754482,1.42681266395909,718.6620152953325,18
3.428904752063144,-4.016433694560057,53.90139155782712,4.010229107680594,1.4642141852409216,658.3985716218401,18
3.4063009183118296,-4.025862630005855,54.02451113075208,4.026761401231122,1.4328532105038878,708.4467855076883,18
3.4032307946757907,-4.019259212882655,54.340113014172594,4.016360067258216,1.4353195444034164,747.5591730008459,18
3.38904562877242,-4.036832760853373,54.24752904806927,4.030936183443495,1.411343583635464,741.5384467058122,18
3.3951655542774564,-4.039066466556233,54.850384876226926,4.047067204858087,1.4042059198306625,707.4371217375349,18
3.3749116970475312,-4.019060323192815,54.26297094260052,4.011164109418346,1.4024895346088777,764.1844404670082,18
3.382240647722961,-4.023043750957319,54.7398971994971,4.01757147357722,1.405219897343095,757.8654264219248,18
3.369734902290781,-4.036616774880962,54.7123886642942,4.027514372661615,1.3884445094758535,776.7965783769158,18
3.381974394913692,-4.031579871086558,54.55854833809433,4.024919391437701,1.4042231573420725,760.7733375889482,18
3.3717649104488885,-4.012369881769654,54.85173702847426,4.002656292763485,1.4053784851815292,827.7540730275929,18
3.3808540979008765,-4.01352760290644,54.84737299050496,4.007596638551942,1.4152489399454395,831.3848632034985,18
3.372781715575297,-4.023941717330058,54.50526253281126,4.012494679469212,1.4017864260703894,817.7847849851961,18
3.3716290771581563,-4.039366145042857,55.41766874957237,4.02966495987716,1.3880625515227103,850.908455818322,18
3.3609925728694647,-4.051009047562909,55.21354461475543,4.040543213012112,1.3742331038614743,852.300949971387,18
3.3791728353804085,-4.029972043007043,55.2246625620848,4.018638951003931,1.4072640724242873,870.7800425146796,18
3.3540782381774514,-4.036816217337444,55.454965214820426,4.023153125860129,1.3682777684205656,850.822781896895,18
3.358067422915416,-4.033160759385225,55.25201258082299,4.018553211430835,1.379955202151256,876.8531964538965,18
3.355572812876124,-4.039776568200178,55.66972662081385,4.034676594339358,1.3704392219045358,884.542624309564,18
3.3504857303230624,-4.032656827550025,55.328870129433405,4.012910038042979,1.3731037196080396,919.7283916108928,18
3.3495010737400905,-4.039667132553781,55.25683734675122,4.03212884732872,1.368809840481752,915.6407381288566,18
3.356913180867578,-4.034496310410226,55.83859163029178,4.034473312888176,1.3770820023907222,921.1939716703572,18
3.3361226024141737,-4.0501431234323295,56.034366607666016,4.04693144597825,1.3443765328947903,929.6117647013086,18
3.3500658478706504,-4.022593944695345,55.59808896301658,4.026123022577565,1.3756922901056374,907.348371177722,18
3.338064594633261,-4.0180995084677535,55.50306842585278,4.003398324273953,1.3673981450925208,941.276107885276,18
3.3470321992400343,-4.023186759584269,55.53060876639785,4.022714229146386,1.375328535486938,960.9412705731238,18
3.3447806865546355,-4.045565228553334,55.74062374139288,4.0340134474881895,1.36245673629129,974.0169669959196,18
3.341242529024744,-4.037865073817551,55.65981917168684,4.033730440079027,1.3620977227095583,967.4632393417846,18
3.3170676854006045,-4.040114919091486,56.23388411892447,4.015571144735738,1.3352840007490414,1000.8546515786728,18
3.337131667289005,-4.005642660104545,55.5939443065862,3.985771060749224,1.3791276148170422,989.4683841778216,18
3.324008776124116,-4.031212922114476,56.12407645450276,4.033177873890871,1.3451918006702592,1044.3896818707703,18
3.3163306880149115,-4.033765340306957,56.119071255823606,4.011853895369608,1.3372060645158124,1014.0429092698791,18
3.323461023865232,-4.02230772091325,55.69915081437226,3.998219152924362,1.3596529823959254,1041.9315294399378,18
3.3092058373105,-4.048612685719872,56.511580813462565,4.021374869498477,1.3263309017108504,1045.9550167010848,18
3.31654148192922,-4.045493824466778,56.39465341750224,4.020958964232427,1.3435733014610922,1059.7912893113055,18
3.314620835006617,-4.03588328391883,56.25011349331801,4.020354428868385,1.3379635074336065,1047.4970570946962,18
3.3118207120591667,-4.035986939812921,56.89524739259368,4.029021594175108,1.3326460001574958,1063.612541830464,18
3.299855567847088,-4.030050350602266,56.882151828450006,4.02425554603528,1.3232120609587166,1096.73916839794,18
3.2852551299295607,-4.046174347021018,56.997953329875976,4.01249923523824,1.3137196477051754,1104.1681592418893,18
3.2954650654154976,-4.044428637073298,56.4619315080582,4.022462519870443,1.3243139245707514,1117.0366716324145,18
3.2988766378657832,-4.024595029794487,56.22533358434203,4.005589366718462,1.3447627117679375,1148.5145644655654,18
3.290504640834347,-4.047069479705422,56.95635442065585,4.03842844932702,1.3035481507611122,1106.3077726910828,18
3.274797618768777,-4.048719512429208,57.06226861552828,4.026797929387184,1.298407537162683,1158.034259771844,18
3.2847596627132147,-4.031737521955162,57.29217679940971,4.016805241821678,1.3264126443559194,1168.7518287221342,18
3.2831986527534047,-4.036224966595887,57.14783988029334,4.0276913673255095,1.3122707332015795,1160.978868618133,18
3.261915196279052,-4.041626462511196,57.41948214002476,4.032842487286611,1.287997423463566,1184.1608389107284,18
3.2541292928586336,-4.041993472226866,57.37118003019103,4.025562034291067,1.2812744158848073,1207.8601773984872,18
3.277479214273441,-4.03072981925527,57.217346531570335,4.038088388503737,1.3137630732955448,1200.641448391471,18
3.277913190756634,-4.027592616476071,57.14382900553904,4.006635052383325,1.3257006232146245,1175.404513802498,18
3.26358006714256,-4.030698566679742,57.35167383084632,4.022401059509083,1.3019557272552684,1204.0648302211885,18
3.2649821536556174,-4.027690598919134,57.6118471182076,4.020009435665835,1.2958415837804225,1201.113362889381,18
3.26330753800216,-4.007588769220243,58.034038325024255,4.007954925488514,1.2974644398233692,1221.3951252736863,18
3.257936781379068,-4.022537611092732,58.199729603566944,4.024632918606898,1.286391103343599,1232.3587102221836,18
3.255921732847858,-4.026669077053191,58.14649300058936,4.030474349951288,1.2869653967535422,1247.2722797758258,18
3.241066275128893,-4.035144329071045,58.11697283216343,4.025962407421914,1.270775340924597,1259.8921458250395,18
3.244436690761785,-4.030717509567358,58.45688274407842,4.036851220829472,1.2762171455249665,1286.4111926813794,18
3.236395026468168,-4.008392765263843,57.98852126006108,4.015333111878413,1.2718536846197337,1261.690140450836,18
3.230101817732404,-4.024791954429286,57.79698399829257,3.99598175097423,1.2761948184602578,1272.210230736216,18
3.231321687151672,-4.013587708685808,58.11727258961672,4.001423556333895,1.2673139777153162,1277.8042855232386,18
3.2306605235786194,-4.025110293345846,58.09519875884816,4.010100622845304,1.2676391996395815,1272.777171141023,18
3.200199238054312,-4.025533120343639,58.04202333681143,3.9964689676928673,1.2499324592055785,1358.1618551266429,18
3.242108767199668,-4.008260468768466,57.99857344900727,3.991460046950419,1.29247032836744,1287.5613026224123,18
3.221218672527629,-4.037537766110366,58.17908871401647,4.008694818824719,1.2681981332742485,1316.0415241217158,18
3.198237329531627,-4.039223974677408,58.14613898696413,3.991495882629589,1.2502889625585762,1323.4074201644607,18
3.175741239717812,-4.028529091245809,58.92654035045842,3.9906512430519054,1.2178351180568625,1354.22242143959,18
3.192821684916308,-4.018908449039338,59.19698073757682,3.989406843853604,1.231749040305994,1364.6488006008658,18
3.193737614686322,-4.005966283713176,58.688478724971695,3.984655249650311,1.2357063126412169,1370.3518797273089,18
3.178207728513487,-4.033616357548222,59.14465062329723,4.004678176466826,1.21003825269687,1377.5633785952427,18
3.1637599954179896,-4.032881408740001,59.442386165546,4.008096998664224,1.1943775673580777,1406.1624141620223,18
3.1464388431257504,-4.050741353612037,59.449971144366415,4.017055666370756,1.1689979711155982,1396.8237102532842,18
3.1598022166331106,-4.027845291575049,59.44844346744999,4.003866997494059,1.1878368945638087,1399.3298013286228,18
3.148935594376485,-4.012588582980405,59.446429453078345,3.9911575529985366,1.186087108721399,1426.511399967655,18
3.133008197614342,-4.021892577979216,59.45282065033153,3.987853780673568,1.1738433276012443,1454.1920702502985,18
3.123908465075645,-4.0264546248563535,59.66015265397965,3.999487946747215,1.1643755048703237,1452.789576439341,18
3.097863983956112,-4.032232205579235,59.94098512685982,4.007969024075065,1.1224597662117828,1440.846626038764,18
3.089094496077033,-4.024216645842145,59.96317551242318,3.996289467356008,1.1280466872415724,1475.7940308394705,18
3.047215537660441,-4.045619937264995,60.17189059895315,4.010662103154857,1.0772198096961734,1474.7985108976911,18
3.022614503362376,-4.0526434904450825,60.05458411441487,4.014072299762896,1.0539245203042489,1502.0588604386446,18
3.0010432695886893,-4.053636875881511,60.25054584187307,4.0092505041960695,1.039444782931334,1526.0650370409537,18
2.9731184813627016,-4.047793002644921,60.26140633358317,4.004270465510666,1.0133454685757877,1530.3821197315383,18
2.885905376665152,-4.055809421903768,60.75444096364793,4.006825273963297,0.9362154781438742,1581.039975306031,18
2.829211976118148,-4.029195664035287,60.39939562074698,4.001010724693347,0.8781026673924387,1557.2887227246715,18
2.731229820069234,-4.033277384035147,60.88988711120216,3.9938215267886026,0.783370569253424,1582.8490565597629,18
2.6619985179536663,-4.023189480896968,60.9691496442078,3.975849263986964,0.7205774514538469,1610.094619265028,18
2.542055385127948,-4.044663754238445,61.51348216062898,3.986974324390387,0.5828430603264241,1628.4985048330516,18
2.412181183031411,-3.824890522440541,61.77167537713503,3.8068858969743182,0.393028224919257,1625.1566706371918,18
3.045854729451946,-0.2587703515769663,62.34634477165854,0.3274617608945189,0.0080187200171182,1603.6856914933312,18
3.159888505935669,-0.0880943089723587,62.8170051574707,0.1082070618867874,-0.0217038728296756,1603.249267578125,18
3.84096622467041,-3.902044057846069,45.17095947265625,3.919424295425415,1.933841586112976,-13.557504653930664,19
3.82237518987348,-4.046517562866211,45.578161055041896,4.0557801154352005,1.8473875484158917,3.2238468323984453,19
3.8179413210961126,-4.0256832276621175,45.80463232224987,4.035212938247189,1.8353266392984695,-1.4879816301407345,19
3.797584968997586,-4.05568745828444,45.64561053860572,4.069035582388601,1.815905774024225,46.43317883399226,19
3.789652238353606,-4.020236636746314,45.14619273524131,4.006307103556972,1.8255814136997344,39.19656096427671,19
3.7694441656912527,-4.055400479224421,46.13074333437027,4.066044976634364,1.7917020974620697,64.41883505544355,19
3.755363824290614,-4.048707374449699,46.01319319202054,4.05264166555097,1.7782627044185515,74.9482208251953,19
3.753124543159239,-4.025339723402454,46.27221221923829,4.030638270224294,1.7820838474458265,87.37858817808089,19
3.7229943167778754,-4.02293589192052,46.33593053510112,4.04018288581602,1.7406987774756646,62.79939914826424,19
3.725363835980816,-4.027533888047741,46.860420522382185,4.0456987473272505,1.7466606640046642,83.00035951675908,19
3.7209023198773785,-4.035329972544024,47.31311798095703,4.054645461420859,1.7318237058578,73.47298849782635,19
3.7147622369950817,-4.044162633342127,47.780633815642325,4.063141607469128,1.7197040734752531,82.4634260608304,19
3.695742250257923,-4.021222240694107,47.38392784364762,4.034341682926301,1.7086415529251098,97.12044790944744,19
3.691143744991672,-4.026998458370086,47.94179170670048,4.026708402941304,1.7049995268544842,123.13122233729212,19
3.6929722462930985,-4.011073632394114,48.00704714867376,4.029617820247527,1.7003979367594566,88.6729460685484,19
3.674694615025674,-4.033756932904644,48.00026653658959,4.041818357283069,1.6758790708357287,114.41289766373173,19
3.67651256592043,-4.0239183979649695,47.95816743912236,4.032672580595939,1.6821317765020556,116.233934562437,19
3.6772186725370335,-4.0194211375328806,47.963919264270416,4.0209060699709,1.689100125528151,123.3768453290386,19
3.674333121699672,-4.031110237490746,48.19033500917496,4.025794641433223,1.686635301190038,146.1395327660345,19
3.6507317143101847,-4.015113089161535,48.62846522177419,4.0177015519911246,1.6531579448330789,145.81245658628404,19
3.646068380724999,-4.032789445692493,48.83548096687563,4.0165605545043945,1.651902287237106,180.2924248480028,19
3.632641456973168,-4.024537754058838,48.73992046233146,4.016714456004481,1.6396900623075423,180.8107882591986,19
3.6121787348101217,-4.021056885873118,48.91064165176884,4.010649573418402,1.6166093057201754,206.3912856563445,19
3.621224820229315,-4.0281400434432495,48.874092741935485,4.026267980760144,1.6251634590087398,187.18702107091104,19
3.613056212086832,-4.012735080718994,49.120711640388734,3.9894641999275455,1.625785348492284,224.7578570950416,19
3.621245361143543,-4.049273183268886,49.7317861741589,4.043867941825621,1.629720426374866,243.48743955550657,19
3.588204897603681,-4.053777414752591,50.38930607457315,4.038605446969309,1.5875952828314996,265.93424308530746,19
3.594667490067021,-4.033110827784385,49.83966384395476,4.012496083782565,1.592510223388672,247.473909045804,19
3.589577053439233,-4.036661129613076,49.90155292634041,4.005562923800561,1.5998281640391196,275.2707194666709,19
3.6012683468480264,-4.032404727320517,50.03966982441564,4.014478778839111,1.6138908493903374,271.38687704763106,19
3.5852422022050425,-4.033955912436208,49.59839310184602,4.001898780945809,1.606357720590407,288.08699773973035,19
3.585656690597534,-4.026978015899658,49.99089431762695,4.0191953659057615,1.592672348022461,276.24285888671875,19
3.577246290637601,-4.027870332041094,50.33516973680066,4.018932625555223,1.5877307053535217,301.2927817067793,19
3.580178483839958,-4.047092317765759,50.39731339485415,4.023701427828881,1.5992605570823917,318.9451223065776,19
3.564257843263688,-4.041896041747062,50.70951323970672,4.002209263463175,1.566129663682753,324.0212522445187,19
3.5626997793874438,-4.037610469325896,50.8429810308641,4.025276153318344,1.5767120469001032,333.58412121188263,19
3.5527027453145674,-4.048287803896012,50.78394108433877,4.026006787823093,1.5677514614597443,343.58599499117946,19
3.5416126912639987,-4.039861396051222,50.88490347093151,4.028549668096727,1.5548436303292552,356.345881702054,19
3.530888262102681,-4.038382607121622,51.21664086618731,4.009352788617534,1.5461111845508697,386.85828109249,19
3.529294293926608,-4.038878256274808,51.23299154466199,4.018847687013688,1.5434847316434306,380.4135576801916,19
3.5263391694714947,-4.032804612190493,51.12983051423104,3.9882667372303615,1.5648625666095366,403.4918714954008,19
3.526663174167756,-4.030638857810728,51.469400861186365,4.02814125860891,1.5473232592305828,386.3528231713081,19
3.5230786477365803,-4.051376515050088,51.754193238289126,4.026465400572746,1.5368023003301314,408.3450917889994,19
3.517785998313658,-4.030139886179278,51.347598857264366,4.025388843782486,1.5441509662135957,408.6954335858744,19
3.521543478196667,-4.026769659596105,51.69402736540764,4.000199920900406,1.54344815592612,412.173111454133,19
3.515006596042264,-4.001193408043154,51.855333635883945,4.012394105234454,1.5349571743319113,406.0802425261468,19
3.496782425911196,-4.010706206290953,51.75748960433468,4.004421910931987,1.528168567534416,451.2348215410787,19
3.485663354012274,-4.029415444404848,51.76891939716954,4.002320145022485,1.5215832841011785,474.9445483792213,19
3.497483805687197,-4.026383393810641,51.94457020913401,4.018532623783234,1.526841107491524,457.7708704794606,19
3.4903228036818965,-4.023458003997803,52.09428290090254,4.020633829793622,1.5149037814909412,457.7143001433343,19
3.4814011819901003,-4.0192179679870605,52.44477192048104,4.019088791262719,1.5021159533531436,472.1460837087324,19
3.4778282103999967,-4.015649275625906,52.16895343411353,4.010669037603563,1.513678191554162,502.17085256268894,19
3.478229901098436,-4.033676805803853,52.99741804061397,4.029420926493983,1.4979541263272684,502.1673694241432,19
3.4665343423043526,-4.024302239571848,52.66489641743321,4.027491944836032,1.484367080657713,498.6775965536797,19
3.4564367340457056,-4.026257911805184,52.884774558774886,4.018060705738683,1.482557232918278,531.77323234312,19
3.450842642015026,-4.002537250518799,52.68826257028887,3.982654763806251,1.484578832503288,533.9027847782259,19
3.4571245624173077,-4.004243549223869,52.86946381599672,4.001778051930089,1.4946516406151555,554.6256312216482,19
3.4699036705878474,-4.019383359724476,53.336336148169735,4.017585271404635,1.4971691846847537,538.0566677954889,19
3.4533536234209614,-4.028384079471711,53.58424970565304,4.033766331211213,1.4776478767395018,585.8130756993447,19
3.445257125362273,-4.022199550751717,53.13545667586788,4.016727376753284,1.476682706802122,587.4573466639364,19
3.449356102174328,-4.025260556128718,53.484540262529926,4.029054072595412,1.4750705765139671,584.7171276461693,19
3.438557755562567,-4.008221847780289,53.13743699596774,4.0005457970403855,1.4741756731464015,586.7964682302168,19
3.445643424987793,-4.0253746032714846,53.25670166015625,4.016018199920654,1.479751420021057,606.981689453125,19
3.428104269889093,-4.015431970165622,53.10982518349925,4.012803588374968,1.4593694079306818,594.5904190555696,19
3.425578218890774,-4.026029340682491,53.73120872743668,4.02355432510376,1.447616369493546,619.1331924930696,19
3.418522842468754,-4.037761042194981,53.70971052108272,4.038624932689051,1.437355841359785,653.9930045835434,19
3.4328294969374133,-4.026126898488691,53.69393756005072,4.018429088592529,1.4656858928741947,670.6138667937248,19
3.4170174983239945,-4.020929090438351,53.75219901300246,4.019077959368306,1.444954781378469,680.8779639459426,19
3.427058298357071,-4.008232298204976,53.64193144767516,4.003686068134924,1.4662591057439005,677.3600440240676,19
3.398371027361962,-4.016138359808153,54.278929261238346,4.004487308379143,1.430562167013845,713.9520960653983,19
3.428279176835091,-4.0162812817481255,53.88307768298733,4.009258731718986,1.463778926480201,658.6433715820311,19
3.4093912355361446,-4.024295160847325,53.938332293110506,4.026146258077314,1.4367965036822905,700.816289298765,19
3.404489884837981,-4.019942415914228,54.30116719891948,4.017670975961993,1.436205852416254,743.8147527879285,19
3.3918069747186474,-4.033843295804916,54.17609147102603,4.028109282831992,1.4160179245856497,740.3945851972024,19
3.3971659568048294,-4.039080302946029,54.81720974829889,4.047541196884647,1.4065336658108618,704.728230531754,19
3.376731041939028,-4.018675604174214,54.22566124700731,4.011161588853406,1.4049427009397937,761.1505146641884,19
3.383895204913232,-4.02205882533904,54.679508627614666,4.016590278379379,1.4079518102830455,754.5102716261342,19
3.370987023076704,-4.03561949576101,54.68742424749559,4.0271678401577855,1.3901695766756614,774.8917555286037,19
3.383308915169008,-4.03095506852673,54.51714455389208,4.024566585786881,1.4061359028662404,758.8240128055694,19
3.373357425197478,-4.011409667230422,54.81721631942257,4.0021300900367,1.4080169985371251,826.574594017767,19
3.3823886609846547,-4.012810584037535,54.78415212323589,4.007709995392831,1.4174637179220877,826.9865821100049,19
3.373640375752603,-4.023739937813051,54.47202259186776,4.012291096102807,1.4031795594000045,816.5503732988913,19
3.372191661404025,-4.040525113382648,55.41620879634735,4.032673491201094,1.388176818816892,847.6878378591227,19
3.363165796956708,-4.04819669108237,55.12489688011908,4.0376461644326485,1.3790699228163688,853.0291385773688,19
3.38060640827302,-4.029428841990809,55.21318167409589,4.019220161437988,1.408867589119942,867.9093316847278,19
3.3540120663181425,-4.035141006592781,55.42433966359784,4.021015259527391,1.3694876163236556,849.3803986580141,19
3.3589488890863235,-4.034416100286668,55.254862114690965,4.022165240010907,1.3804788658695837,878.0053978704635,19
3.358321938976165,-4.036859103172056,55.63414368168,4.03209554303077,1.3751411084205871,884.4024291992187,19
3.3505160377871603,-4.033570181938909,55.24484289846112,4.014744783216907,1.3728396231128324,917.5672217584424,19
3.3537517470698206,-4.037917613983154,55.314727118707474,4.034784581584315,1.373856262237795,914.6517015026462,19
3.353899655803557,-4.036156946612943,55.8717774421938,4.037415904383506,1.3720899012780954,917.4369073683216,19
3.3361298361132223,-4.049694559651036,55.98785016459804,4.045150304609729,1.3458931892148909,930.0893676757812,19
3.3482132234881,-4.018164631628221,55.47722096596995,4.021807978230138,1.376285086139556,908.6049064390122,19
3.33899827003479,-4.016934108734131,55.45407943725586,4.001641368865966,1.3705458879470829,950.6495483398442,19
3.350568576012888,-4.028912331981044,55.65616469844694,4.0307520589520855,1.377127322842998,963.4366002236642,19
3.348762819843908,-4.043456785140499,55.65949901457756,4.032377227660149,1.3677419462511615,962.7586965253277,19
3.3354934938492318,-4.037706771973641,55.774060403147054,4.032258839761057,1.3568147959247712,979.6743286132814,19
3.3193227075761365,-4.035970306396484,56.13697504843434,4.010419688686247,1.3403542964689197,996.3702278383316,19
3.340595431481638,-4.008118232603996,55.5135871394988,3.9917363997428654,1.3820239036313944,983.4847258537052,19
3.3227152578292354,-4.031957035679971,56.38330481744582,4.034424317267633,1.3441733037271808,1056.6922552293347,19
3.3225537115527737,-4.028499126434326,55.79941238895539,4.003185702908423,1.3514814569104103,1001.3400819839968,19
3.322165972186673,-4.027021832619944,55.88798970868511,4.004290150057885,1.355625973209258,1050.7229358303937,19
3.31252636601848,-4.050459877137215,56.570405061783326,4.022354787395846,1.3303678151099911,1039.625353610131,19
3.318092901475968,-4.041212447997062,56.23033331594159,4.021118148680656,1.3471683448360812,1064.6826321509575,19
3.3111484989043203,-4.033433258918024,56.41091178155715,4.0176957991815385,1.33013106776822,1030.2326872794858,19
3.3168898628604024,-4.033355174526092,56.877505763884514,4.035642608519524,1.336941026872204,1061.87980405746,19
3.296667423555928,-4.033951374792284,56.68235057707756,4.011292909806774,1.3257416094503094,1094.9879134639614,19
3.283644768499559,-4.049542067127844,56.91276926840505,4.01785888671875,1.3114599197141583,1111.0713709677418,19
3.3055310987657114,-4.038754469348539,56.17171857280116,4.016069609119046,1.3426661968231202,1117.9519105972784,19
3.297786589591734,-4.023605740454889,56.489921323714725,4.012212467193604,1.3349817283691896,1130.75367313508,19
3.288014035071096,-4.055213128366778,56.88897163637223,4.036640920946675,1.2995383816380657,1100.6166716544858,19
3.274823465654927,-4.036983148513301,57.1771116933515,4.0139573097229,1.3143881590135635,1188.7284793976814,19
3.29227613326042,-4.032645570078204,57.12346449821226,4.023355671667284,1.326912006255119,1140.5057640814011,19
3.2736093797991352,-4.039715797670426,57.29088403024981,4.030807965801608,1.3033437421244958,1176.4172292401715,19
3.24865849402643,-4.048909599550309,57.43794095439296,4.0320875721593055,1.2692352664086122,1195.980803458922,19
3.270372183092179,-4.036509683055263,57.15270836122574,4.030103760380899,1.3027100370776268,1203.4316681892642,19
3.2771217653828284,-4.028503051880867,57.131212960520095,4.024246311187744,1.3169138039312056,1184.542155997984,19
3.2742637634277343,-4.025455419478878,57.25023264731131,4.007254668205015,1.3210027110192082,1184.0478791267644,19
3.2675389474438084,-4.0336578430668,57.39241291169197,4.029787894218199,1.2975822148784515,1200.605591607863,19
3.26016190590397,-4.012589956098987,57.80107707362021,4.00242875314528,1.2972300429497996,1202.769601341986,19
3.2695444014764603,-4.011876706154116,58.0913923940351,4.019785896424325,1.3006295850200038,1211.750244140625,19
3.260362640503914,-4.0315170872596005,58.03585798202023,4.029137602160054,1.289519671470888,1227.3256024760583,19
3.24734899613165,-4.027018537828999,58.05561880296276,4.02820828653151,1.2771786243684826,1247.0469702935986,19
3.241821584393901,-4.038677350936397,58.3683834937311,4.030122000171292,1.275135104886947,1291.3297686176916,19
3.244634342193604,-4.009630870819092,58.31575775146485,4.026121330261231,1.2753061532974244,1259.6270019531248,19
3.230148430793516,-4.0259252055998775,57.64914986395067,4.002301185361801,1.2716682726337063,1264.008485855595,19
3.2301894557091497,-4.015310721243582,58.04326125114195,3.996511790060228,1.270878867949209,1279.507117092994,19
3.237435582376296,-4.018388452837544,58.00952214887065,4.008544838813044,1.2755179812831263,1265.319982516381,19
3.2059172568782683,-4.030109562412385,57.94075410904423,3.998471763057093,1.2522736034085673,1330.652087008569,19
3.2347618902883224,-4.012512022449124,57.97212760679184,3.993749907708937,1.283885042898117,1295.9547678301408,19
3.229445680495231,-4.028271921219365,58.04395171134703,4.003603443022698,1.2783780174870645,1302.9719632056458,19
3.2070333296252835,-4.043189424084079,58.19095914286952,3.9988573505032448,1.255999352855067,1315.8854169291835,19
3.1777015639889625,-4.030762789326329,58.66585351267169,3.99080482298328,1.2230091902517504,1351.580736517137,19
3.187085223967029,-4.028240289995747,59.322760920370776,3.996055670707456,1.221075167963582,1355.350374873992,19
3.1989769074224657,-4.0056140253620764,58.77178012478736,3.985584183662168,1.2383548805790563,1361.8923237462195,19
3.1851390100294545,-4.025195260201731,58.96620818107359,3.9953625355997393,1.2238582218846967,1370.240021736391,19
3.16579475402832,-4.033425789494668,59.40690735847719,4.008529666162306,1.197153091430664,1397.9984894783267,19
3.155596117819509,-4.046238705419725,59.32728928596743,4.014855846281975,1.179831246406801,1387.7747471963207,19
3.157259858039118,-4.036679723185877,59.5359258590206,4.00902753337737,1.1805462314236554,1388.5638215095769,19
3.1572100485524826,-4.011962204594766,59.33673312279486,3.992246800084268,1.19314416685412,1416.0312846522177,19
3.138050325455204,-4.023773562523626,59.42916845506237,3.99023485952808,1.1767732827894148,1443.3699557396674,19
3.125876611278903,-4.023974547847625,59.57354332708544,3.996127746951196,1.1678524432643766,1456.1252378402214,19
3.1095364524472147,-4.033790917550364,59.916109269665135,4.00975185209705,1.1350677228743034,1431.2249362084171,19
3.0956893505588656,-4.02234615202873,59.90050848684003,3.996105014124225,1.1323919188591742,1469.6323313067037,19
3.0596392508476007,-4.042618757678617,60.10337374287267,4.009447177763908,1.0906378323032009,1465.7276453818045,19
3.028899908065796,-4.050816028348861,59.9425155885758,4.013284729373071,1.05823100766828,1491.462079448085,19
3.008947266301801,-4.054055001658778,60.190956312610254,4.0112219872013215,1.0465324232655189,1520.0920638545867,19
2.9904981920796057,-4.044645801667245,60.24932221443422,4.003004480177356,1.028664012878172,1526.043839780746,19
2.901282182816536,-4.057880029370708,60.6489122206165,4.00923744017078,0.9501482182933436,1570.590335181452,19
2.8425998472398324,-4.02914293350712,60.34609015680128,4.001225259227137,0.8918166898911993,1554.5251622353828,19
2.748000898668843,-4.033565075166764,60.80939778973979,3.9965331477503625,0.79827319998895,1574.060617754536,19
2.6776454756336827,-4.022059046837591,60.93173520488124,3.976351373426376,0.7357065419996939,1605.4252866683469,19
2.563516722956011,-4.0443895924475886,61.52477736934539,3.991618860921552,0.6025628589814703,1619.6570076234882,19
2.4387807015449763,-3.8300061272036503,61.75076323478456,3.812481897108006,0.4165287146645159,1618.3222459362396,19
3.044069928507664,-0.2626082381894288,62.33143851987776,0.3320647270448489,0.0102277599515427,1594.7746857673912,19
3.1666390895843506,-0.0848805680871009,62.79707717895508,0.1077150255441665,-0.0238388869911432,1595.5987548828125,19
3.8411810398101807,-3.901998519897461,45.18309783935547,3.919368982315064,1.934365510940552,-13.077903747558594,20
3.822679888118397,-4.046496543017301,45.58528917486017,4.055940736423839,1.847619121724909,3.6267029372128574,20
3.8186311288313433,-4.025234352458607,45.82601824673739,4.035219495946711,1.836428934877569,-0.8134269714355455,20
3.797396215525541,-4.056199897419322,45.63107646595348,4.069544835524126,1.815924194726077,47.716443321921616,20
3.790269613265991,-4.0205417546358975,45.1899247602983,4.007610147649592,1.826073863289573,39.279329473322086,20
3.768706993623213,-4.056652610952204,46.130200299349696,4.067536007274281,1.7908063422549854,65.93731325322935,20
3.756325418298895,-4.047023166309703,46.00059127807617,4.050533207980069,1.780401955951344,75.51840001886542,20
3.753199880773371,-4.02549992908131,46.2889140735973,4.031368060545488,1.78156225789677,85.89744186401369,20
3.725061590021306,-4.023112947290594,46.36278013749556,4.040723237124356,1.7431961406360974,62.89613654396751,20
3.72646468335932,-4.0287112105976455,46.90869764848189,4.046799573031339,1.747391402721405,83.3467209555886,20
3.7233095385811543,-4.036588105288419,47.30152060768821,4.056062481620095,1.7346435460177334,73.52317532626066,20
3.714465260505676,-4.044035911560059,47.78441429138184,4.062589406967163,1.7198067903518677,84.18119430541992,20
3.699061263691296,-4.0222814733331855,47.398996179754086,4.035801020535556,1.7121664719148115,96.94240708784623,20
3.691915002736178,-4.02933127229864,48.023724122480914,4.028378096493808,1.7050282900983638,125.59641439264472,20
3.693158301440152,-4.014084252444181,48.04570111361417,4.031534455039284,1.6997954520312222,90.29514798251064,20
3.676576820286837,-4.0353970310904765,47.96207653392445,4.0431201024488965,1.6787922328168696,115.02312642877752,20
3.6780635226856577,-4.0230817794799805,47.99882507324219,4.033093755895441,1.682737328789451,112.7573908025568,20
3.678175406022506,-4.022746346213601,47.98584105751731,4.021812503988093,1.6907852779735215,128.5177359147506,20
3.677137266505848,-4.030818939208984,48.19855117797852,4.027055870402943,1.689077453179793,142.902021928267,20
3.649391456083818,-4.0162271369587295,48.71621235934171,4.01764726638794,1.6512357809326863,150.60264518044212,20
3.647616516460072,-4.036157304590399,48.82561215487394,4.018109494989568,1.654748970812017,183.40687006170103,20
3.6341354196721856,-4.024328231811523,48.72154409235174,4.017224246805364,1.641852010380138,180.60944782603872,20
3.611889600753784,-4.021887302398682,48.90178680419922,4.00994873046875,1.6160887479782104,205.9676971435547,20
3.6210866949775,-4.028803240169179,48.958348187533296,4.026089408180931,1.6240999861197036,189.95647777210596,20
3.618356076153842,-4.015395597978071,49.10551695390181,3.988469947468151,1.6342982812361284,229.48847961425784,20
3.619820410555059,-4.054128538478505,49.86371976679022,4.053929198871959,1.6264558867974714,245.93943855979225,20
3.5890749367800625,-4.051005796952681,50.32728888771751,4.029196045615456,1.5892009301619097,265.6886485706676,20
3.5940958478234037,-4.03492621942,49.914093711159445,4.012733112681996,1.5933122743259776,251.5023893876509,20
3.592516465620561,-4.0321103876287285,49.86093000932173,3.9992021213878286,1.6073939150029963,282.15373646129257,20
3.599106105891141,-4.032305609096181,49.95014051957564,4.009908134287054,1.6153968572616575,276.4833165949042,20
3.5883408026261763,-4.033232255415483,49.67417907714844,4.002454280853272,1.6070280942049893,283.11756758256394,20
3.5855308012528853,-4.026644424958662,50.0585301139138,4.024666937914762,1.5912237980149009,275.34649380770594,20
3.580356988039884,-4.031597007404674,50.34594310413707,4.0175347761674365,1.597526105967435,309.7909323952415,20
3.578502058982849,-4.046717166900635,50.49995994567871,4.016546726226807,1.5927776098251345,314.854736328125,20
3.5638005516745825,-4.046205867420543,50.90614943070845,4.006906119259921,1.5679008960723877,331.36600563742905,20
3.5606133179231123,-4.036931037902832,50.89882989363237,4.02416036345742,1.5789095163345337,343.43484080921525,20
3.553529500961304,-4.049506490880793,50.78688396107067,4.030267151919278,1.568230466409163,343.51337224786926,20
3.540700099684975,-4.037602706388994,50.95484577525746,4.02122391353954,1.559164664962075,369.8173939098013,20
3.52725117856806,-4.039662014354359,51.36308704723012,4.01037259535356,1.5404200012033635,393.74465110085225,20
3.531040581789884,-4.040592453696511,51.22005462646485,4.015430667183616,1.5479081869125366,380.1268477006392,20
3.530317176472057,-4.025232358412309,51.09732645208185,3.987310192801736,1.572211330587214,398.6168129660865,20
3.523035331205888,-4.033933726224032,51.53197392550382,4.030396201393821,1.538196948441592,391.9884102561259,20
3.5299399115822534,-4.049859740517356,51.69636500965465,4.024202953685414,1.549669233235446,406.3771223588423,20
3.514989668672735,-4.024228529496626,51.44662961092863,4.016827344894409,1.54177556254647,415.6391421231357,20
3.526482105255127,-4.025562286376953,51.71677017211914,4.0049147605896,1.5457926988601685,401.2267456054688,20
3.5161290168762207,-3.9969320513985376,51.74848504499956,4.007130752910268,1.54417962919582,415.7269869717684,20
3.4903687780553643,-4.019576419483532,51.68879769065163,4.001536542719061,1.5255636843768032,464.2470120516692,20
3.494466976685957,-4.028316476128318,51.84842733903365,4.002773761749268,1.5304648171771658,468.99961436878544,20
3.5008316690271557,-4.024562575600364,51.79741183194247,4.020599148490212,1.5286434021863071,445.0803860751065,20
3.4900515404614536,-4.024128697135232,52.27690939469771,4.020121596076272,1.5128023028373718,459.9926938143644,20
3.4843511798165063,-4.014079484072599,52.22541982477362,4.014537074349144,1.515062082897533,483.85273603959513,20
3.477028261531483,-4.023152654821223,52.45433096452194,4.012803402813998,1.5098941163583235,508.62126991965545,20
3.476786895231767,-4.031150557778099,52.93229605934837,4.035209525715221,1.491794477809559,492.40243530273415,20
3.465141556479714,-4.024684385819868,52.76645903153853,4.022499279542402,1.4879444620826028,514.7990667169746,20
3.457153407010165,-4.019444595683705,52.85968017578125,4.004699793728915,1.4850674976002087,526.6610606800426,20
3.457464694976806,-3.999859094619751,52.71213340759277,3.985470533370972,1.4937477111816406,534.3774108886719,20
3.465051781047474,-4.009172396226362,53.004811720414594,4.009880716150457,1.4999817609786987,548.3075450550426,20
3.465789816596291,-4.026564251292836,53.5163705999201,4.023944182829424,1.4912866950035093,559.6836631081325,20
3.4468613321130928,-4.025533762845126,53.48845707286488,4.033131989565763,1.4705866466869006,581.5825972123579,20
3.4513988278128886,-4.019140742041848,53.14305478876288,4.010417873209173,1.4877145290374756,596.3696954900569,20
3.4460220336914062,-4.019857970151034,53.50378487326882,4.02512806112116,1.4725773226131091,580.629843971946,20
3.441247658296065,-4.011686845259233,53.10090602527965,3.996148011901162,1.479144443165172,594.787969415838,20
3.4395260594107886,-4.025339126586914,53.22140468250621,4.026288075880571,1.4701085632497612,604.5614402077414,20
3.4275571432980625,-4.012443369085139,53.21753397854892,4.007344852794301,1.4586661566387522,601.0737665349789,20
3.4237047108736904,-4.039276643232866,53.8650973926891,4.038349715146151,1.4413258270783855,647.8356101296165,20
3.4257584051652388,-4.026933366602117,53.46158651872115,4.02453478899869,1.455013697797602,659.8870960582386,20
3.425161600112915,-4.031209468841553,53.989891052246094,4.025197505950928,1.452096462249756,684.8297729492188,20
3.4280171177603984,-4.012522784146396,53.54329802773216,4.010737852616743,1.464318551800468,676.0190623890269,20
3.417243675752119,-4.011232722889293,53.90869175304066,4.004935004494407,1.4536080143668433,694.8329634232957,20
3.4061486395922573,-4.018069765784524,54.11773664301092,4.003460277210582,1.4399417530406606,696.9206570712,20
3.427465547214855,-4.016168247569691,53.806805003773086,4.013653235001998,1.4629791975021362,666.0464810458097,20
3.4057777253064243,-4.025065877220848,54.18096941167658,4.0246100425720215,1.4327739477157593,727.4678982821379,20
3.40365947376598,-4.018820589238947,54.16360959139737,4.01212081042203,1.4375431862744417,749.1421453302557,20
3.395028862086209,-4.043715932152488,54.54157309098678,4.043179880489003,1.408552343195135,717.0061312588775,20
3.3916335105896,-4.030400839718905,54.50983082164417,4.031568917361173,1.4104434035041116,719.8970059481537,20
3.38175275109031,-4.014574614438144,54.292438680475406,4.005781520496715,1.4105464761907405,757.065274325284,20
3.3674473762512207,-4.029909437352961,55.03805368596857,4.023896260695024,1.3832049369812012,782.4772616299716,20
3.3822277784347534,-4.036607027053833,54.495317459106445,4.0293145179748535,1.4035300016403198,759.4009399414062,20
3.379614179784601,-4.015135418285023,54.564899791370735,4.00828877362338,1.412367744879289,788.5028686523436,20
3.382199926809831,-4.010981147939509,54.93049344149503,4.001102750951594,1.4207426743073897,844.8525501598011,20
3.382575425234708,-4.01599138433283,54.53322705355557,4.012580698186701,1.4142312136563384,809.2432140003551,20
3.3737941655245693,-4.031535213643855,54.989053726196296,4.018356041474775,1.3989041935313833,839.3570223721598,20
3.363675724376332,-4.052795930342241,55.47032997824928,4.047462636774236,1.3732698397202925,841.8260664506394,20
3.377450737086209,-4.031484083695845,55.09792744029652,4.0197060975161465,1.4061797694726428,866.574890136719,20
3.368743007833307,-4.037147521972656,55.368593042547054,4.030130993236195,1.385982285846363,844.078751997514,20
3.3575416911732066,-4.028706572272561,55.23817929354581,4.011896285143766,1.3808950077403677,857.8670765269889,20
3.356048475612293,-4.039225708354604,55.56093181263317,4.034032344818115,1.3736817620017312,882.3423628373579,20
3.356873653151772,-4.02968675440008,55.47463885220614,4.013796697963368,1.3807895454493435,911.054951060902,20
3.3487043380737305,-4.037755012512207,55.181583404541016,4.026864528656006,1.3683353662490845,904.908447265625,20
3.3637711026451806,-4.030861594460228,55.666689439253375,4.033965240825307,1.3870321728966453,916.8255060369318,20
3.341224171898582,-4.046737757596103,56.00402485240589,4.04769906130704,1.3512426506389272,921.5727705522016,20
3.3528642546046865,-4.028422507372769,55.72091640125621,4.031840844587846,1.3751602552153854,903.9426158558232,20
3.33955285765908,-4.0181894735856485,55.46038749001243,4.00883202119307,1.3673367500305178,928.6688787286936,20
3.3461294824426826,-4.0192226930098105,55.40096456354315,4.015444148670544,1.3783718293363398,962.7280967018816,20
3.3447826342149214,-4.045019626617432,55.77325508811257,4.035387429324064,1.3633664412931965,979.5314719460226,20
3.347851601513949,-4.035621187903664,55.605167388916016,4.03201302615079,1.3710392280058423,958.2027393687856,20
3.31995905529369,-4.039207458496094,56.17635761607777,4.016996080225164,1.3404646461660212,1002.1885265003548,20
3.3375959396362305,-4.00594314661893,55.61863951249556,3.986025961962613,1.3794139352711767,988.670224276456,20
3.327314181761308,-4.031121990897439,55.96188285134056,4.031351392919367,1.348914081400091,1033.111305930398,20
3.3185150623321533,-4.033004522323608,56.14509582519531,4.014114618301392,1.3399297595024109,1016.2849731445312,20
3.326136914166537,-4.021493304859508,55.65665782581676,3.997664299878207,1.363019054586237,1034.9304532137785,20
3.3114403702996,-4.048391233791005,56.471920707009055,4.021364385431463,1.3291551904244856,1044.3135098544035,20
3.318691990592263,-4.04531921039928,56.36516536365856,4.020775101401589,1.346741405400363,1056.3930109197447,20
3.3168821768327192,-4.036254189231179,56.22695992209695,4.020545742728493,1.3405371145768594,1044.431590687144,20
3.314376961101185,-4.035715016451749,56.8745151866566,4.029647523706609,1.335840485312722,1060.7567693536932,20
3.30198994549838,-4.03086087920449,56.82209587097167,4.022340037605979,1.3269209265708923,1094.6827836470172,20
3.286372163079001,-4.046491146087647,56.986948186701,4.012305216355758,1.3161331848664717,1103.375210848722,20
3.30053664337505,-4.042996124787764,56.35659651322798,4.021333932876587,1.3321118246425283,1113.3222101384945,20
3.30062595280734,-4.023552331057462,56.283659501509234,4.006441939960826,1.345104618505998,1142.5305841619318,20
3.292360880158164,-4.051269856366244,56.95161229913885,4.039397413080389,1.3040467500686646,1099.2505049272015,20
3.2753939628601074,-4.043361663818359,57.10303115844727,4.022202491760254,1.3048909902572632,1169.28564453125,20
3.2907262065193867,-4.031787633895874,57.229888049038976,4.020534775473855,1.3304986357688904,1154.8017189719462,20
3.280384497209029,-4.038810036399148,57.17776662653143,4.029120792042125,1.3097376931797375,1165.3889160156248,20
3.257515896450389,-4.04623538797552,57.38287214799361,4.033853812651201,1.2795202894644295,1179.9681618430398,20
3.264397751201283,-4.039644761518998,57.24467676336115,4.026578383012252,1.295072707262907,1205.1744273792613,20
3.2801484086296773,-4.028519478711215,57.17107859524813,4.033260497179898,1.3189886970953508,1192.0912642045453,20
3.281071121042425,-4.024191639640114,57.16859713467685,4.003919167952104,1.331383683464744,1172.5930841619318,20
3.267591324719516,-4.033233620903709,57.33014887029474,4.02946324781938,1.302420594475486,1201.4721235795455,20
3.263978524641557,-4.020547866821289,57.72255359996449,4.010367263447154,1.29927151853388,1199.314852627841,20
3.272652485153892,-4.008048339323564,58.07062807950106,4.0166708556088535,1.3056796680797231,1214.417763449929,20
3.262025161222978,-4.0290070013566455,58.07681066339666,4.026954477483576,1.2932436249472878,1231.627041903409,20
3.2534213066101074,-4.025448322296143,58.0858211517334,4.029633522033691,1.2852712869644165,1247.7604370117188,20
3.243411996147849,-4.039157000454989,58.274676236239344,4.027578223835338,1.277707403356379,1284.7328657670453,20
3.248065157370134,-4.015409577976573,58.43417982621626,4.033200198953802,1.2802977941252969,1274.2310901988626,20
3.233072822744196,-4.021285967393355,57.675649469549,4.006597345525568,1.2728996168483389,1260.5638316761367,20
3.232317328453064,-4.017437653108076,57.96592486988415,3.9947296380996704,1.2772187373854895,1276.5694025213072,20
3.240341663360596,-4.016792297363281,58.025770013982594,4.008948369459673,1.2783932252363726,1264.16552734375,20
3.2144351872530845,-4.029245484958995,57.97264029762962,4.001607298851013,1.2587056810205632,1310.3611172762792,20
3.227633367885243,-4.017084728587757,57.989806088534266,3.996129447763616,1.2766802419315688,1309.9085693359368,20
3.2345854694193057,-4.023168498819524,58.05646116083319,4.000942121852528,1.2836003574458037,1295.1203613281252,20
3.212979620153253,-4.043979818170721,58.22411693226207,4.004340518604625,1.2599090229381211,1312.8315873579545,20
3.182477517561479,-4.032739769328725,58.539892023259945,3.991336464881897,1.2295294512401926,1346.2871926047585,20
3.184448480606079,-4.03359317779541,59.37506866455078,4.000619888305664,1.2159059047698977,1352.310791015625,20
3.202022357420488,-4.007019303061745,58.83911427584562,3.9866098924116655,1.2411495392972771,1359.10673939098,20
3.188549128445712,-4.020116632634943,58.865088376131936,3.991316448558461,1.2309046333486378,1372.3448042436075,20
3.1678755283355717,-4.034153808246959,59.38738441467286,4.009612365202471,1.199453814463182,1394.2561922940345,20
3.1608793735504146,-4.043264215642756,59.30384965376421,4.013635071841153,1.1860077489506111,1385.0357333096592,20
3.1554265997626567,-4.041632717305963,59.56458733298562,4.01222918250344,1.1770296205173842,1388.6376675692472,20
3.1610312461853027,-4.012293035333807,59.31863021850586,3.993406469171697,1.1962897994301536,1413.5738192471592,20
3.1397400444204155,-4.025098063729026,59.44762420654297,3.9923616864464497,1.1774458289146423,1439.9605879350145,20
3.1271010528911245,-4.022844184528697,59.556304238059305,3.9942786260084673,1.1697041988372805,1458.8860640092328,20
3.1134401234713467,-4.034503741697832,59.91915286671032,4.010194344954058,1.1401087099855596,1429.7949274236505,20
3.0975516059181905,-4.022080074657094,59.9126056324352,3.996483325958252,1.1329027847810225,1468.962002840909,20
3.0637484788894653,-4.041879177093506,60.11300849914551,4.00899338722229,1.0954830646514893,1464.7813110351562,20
3.0288855162533843,-4.051322156732732,59.9715610850941,4.013484347950329,1.05798357183283,1491.1663818359375,20
3.008477210998535,-4.055961457165805,60.23526070334695,4.013103290037675,1.0455231829123062,1520.8748834783382,20
2.993302150206131,-4.04487908970226,60.32179017500443,4.003329450433904,1.0301540114662853,1527.1634854403408,20
2.90143631805073,-4.059539729898626,60.65245212208142,4.010494839061391,0.9496704096143886,1568.2119473544044,20
2.83920780095187,-4.030731851404363,60.38090515136719,4.00230919231068,0.8889427997849197,1557.3292458274143,20
2.7417861765081226,-4.036562962965531,60.83728946339001,3.9988625157963145,0.7916630127213212,1574.9053233753557,20
2.665154262022538,-4.025708501989191,60.96041662042792,3.977669672532515,0.7235344323244958,1608.336503462358,20
2.547750072045759,-4.04674243927002,61.5150352824818,3.9910554127259688,0.587193925272334,1624.1862903941765,20
2.40872859954834,-3.828144333579318,61.66814561323688,3.8042550086975058,0.3896185430613413,1625.1968994140625,20
3.0362664027647552,-0.2697491591626921,62.3752722306685,0.3398465622555096,0.0108417485925281,1595.7486516779122,20
3.163541793823242,-0.0870217680931091,62.82192993164063,0.1082477793097496,-0.0235576592385768,1596.5233154296875,20
3.8408265113830566,-3.9039156436920166,45.16255569458008,3.920833349227905,1.9338079690933228,-12.846646308898926,21
3.820740309628573,-4.048444596203891,45.55938911437988,4.057271155444059,1.8454083421013567,3.621626994826577,21
3.815702048214999,-4.028163996609774,45.789208845658735,4.037331060929732,1.832242759791288,-1.0177651535380958,21
3.794587839733471,-4.057488311420787,45.6058372150768,4.070305087349632,1.811746879057451,48.7448099309748,21
3.7869148471138696,-4.022752241654829,45.17019202492454,4.008943340995095,1.8220162174918435,40.33260935003107,21
3.765513853593306,-4.057712403210727,46.112167531793766,4.068246754732999,1.7863014232028611,66.70074081420901,21
3.7529851740056817,-4.048444097692316,45.97958894209428,4.051523772152987,1.7759650295430964,76.3307148326527,21
3.7495970726013184,-4.026222272352739,46.27609582380815,4.032377741553566,1.7769106897440825,85.94924822720616,21
3.7207810662009497,-4.022439956665039,46.33724143288352,4.040281729264692,1.7381185401569714,63.417478734796696,21
3.723003018986095,-4.028944622386586,46.89753411032937,4.0471580462022265,1.7424598011103545,82.92848032171075,21
3.7194832238284015,-4.035438580946489,47.29692701859908,4.055327892303467,1.729877775365656,73.8892260464755,21
3.710837960243225,-4.042710065841675,47.78493881225586,4.06132698059082,1.7150541543960571,84.06545639038086,21
3.69430760903792,-4.021606011824175,47.39575958251953,4.034639575264671,1.7069026665254072,97.88007007945669,21
3.6878095756877554,-4.028204679489136,48.02925057844682,4.027924125844782,1.7001103433695706,126.70934642444958,21
3.688787677071311,-4.012487108057195,48.04740212180398,4.030414017764005,1.694549397988753,90.02807062322442,21
3.67235867543654,-4.034454952586781,47.9606727253307,4.04246828772805,1.6735981973734768,116.38722055608577,21
3.673454653133045,-4.02239313992587,48.00999069213867,4.032529917630282,1.6774268583817915,113.4890074296431,21
3.6741176518526943,-4.021897250955755,47.99679045243697,4.02102635123513,1.6859711354429072,129.87486371127048,21
3.673131314190951,-4.029765822670677,48.20617745139382,4.026015281677246,1.684120850129561,144.02464710582382,21
3.645190076394514,-4.0151283307508985,48.73025200583718,4.018448829650879,1.6450376022945752,151.73190099542794,21
3.643022233789617,-4.034647031263872,48.83666367964311,4.017334634607488,1.6491274508562954,184.23291293057537,21
3.629971287467263,-4.023337971080434,48.74586209383878,4.018172047354958,1.6365200226957148,181.6901432384144,21
3.607800722122192,-4.02085018157959,48.915470123291016,4.011662483215332,1.6106210947036743,208.0257110595703,21
3.616589470343156,-4.028212070465088,48.97848094593395,4.027339523488825,1.6181969263336875,191.1121181141248,21
3.613923246210272,-4.015308380126953,49.1257209777832,3.9899246475913306,1.6288829391652888,230.2983287464489,21
3.6158944476734503,-4.054289839484475,49.87003621188077,4.054821859706532,1.6212324391711843,246.2971163662997,21
3.58505316214128,-4.0503286448392,50.3405779058283,4.030973044308749,1.5837511907924309,267.3435807661577,21
3.58992198380557,-4.034697012467817,49.93698518926447,4.014552896673029,1.5875310626896946,254.15935446999293,21
3.5886938788674096,-4.031866637143222,49.88055558638139,4.000398289073598,1.6020222793925891,284.49796364524144,21
3.5951177315278486,-4.032407847317782,49.960934205488726,4.01220178604126,1.6096084659749812,277.15423167835587,21
3.5845473029396757,-4.033242312344638,49.70437344637784,4.003824234008789,1.6018451127139004,285.2945029518821,21
3.581177061254328,-4.026141751896251,50.09061622619629,4.026186162775213,1.585132279179313,277.1110534667969,21
3.57669076052579,-4.032068382609975,50.36040739579634,4.019441344521263,1.5922859040173618,310.5673661665483,21
3.575125932693481,-4.0465476512908936,50.50573348999024,4.016793251037598,1.588294267654419,316.2267761230469,21
3.560426278547807,-4.046175739981911,50.91643801602451,4.0083889094266025,1.5633208860050547,333.4165871360086,21
3.557077256116,-4.037604527039961,50.91683838584206,4.026518843390725,1.5735341906547546,343.6786388050426,21
3.5497118559750644,-4.04968396100131,50.80285921963779,4.031998634338379,1.5631170814687556,344.2504827325994,21
3.5372636426578867,-4.037796215577559,50.97273323752663,4.022805604067716,1.553976682099429,370.7053402987395,21
3.5234217210249468,-4.039289344440807,51.38404534079812,4.012143481861461,1.5353008725426414,396.825703014027,21
3.5273128639567983,-4.0406879728490654,51.24230506203392,4.017387065020475,1.5426516695456072,381.890547318892,21
3.527569207278165,-4.026865135539661,51.1268757906827,3.990089915015481,1.5673358223655007,399.3526472611859,21
3.519280184398998,-4.034550883553245,51.546492316506125,4.031975312666459,1.5327763774178245,393.2644195556643,21
3.526551203294234,-4.050673658197576,51.70679890025745,4.026401736519554,1.544771671295166,407.9686418013139,21
3.510985374450684,-4.025488723408092,51.4493992545388,4.018911881880326,1.5365372571078213,416.6062233664773,21
3.523040771484375,-4.02610445022583,51.72502899169922,4.006808757781982,1.5408958196640017,403.2859497070313,21
3.512638850645585,-3.9972703023390337,51.76160153475675,4.008349288593639,1.5392132564024492,416.96149930087,21
3.487103678963401,-4.020289984616366,51.69856158169833,4.003234213048762,1.5206593491814353,465.3312877308241,21
3.491075949235396,-4.029231721704656,51.8484803980047,4.004134373231367,1.5261475985700437,470.0256902521306,21
3.4972809661518443,-4.025469216433439,51.816110437566586,4.022240421988747,1.523445649580522,446.2880637428977,21
3.486505855213512,-4.025075392289595,52.29292019930753,4.021638653495095,1.5078559517860413,461.3062369606712,21
3.4806826331398706,-4.015120072798296,52.23510222001509,4.016010674563321,1.5099899768829346,485.30680431019175,21
3.473811908201738,-4.023705569180575,52.46174257451838,4.013699358159846,1.505729095502333,510.1335920854048,21
3.4734392382881856,-4.031708847392689,52.92908651178533,4.036062674088911,1.4875651923092927,494.7143859863279,21
3.461987083608454,-4.025490088896318,52.76311146129262,4.023355549032038,1.483959685672413,517.1792491566052,21
3.454457716508345,-4.02021954276345,52.863372802734375,4.005707697434858,1.481176939877597,528.5778697620739,21
3.45476233959198,-4.000701189041138,52.711557388305664,3.986489772796631,1.4899802207946775,535.9665832519531,21
3.4625153975053267,-4.010090004314076,53.00127757679332,4.01089299808849,1.4965350302782925,550.4766512784091,21
3.4631188566034488,-4.027365641160445,53.5166599967263,4.024804808876731,1.487903459505601,561.6580810546878,21
3.44389271736145,-4.0257955897938125,53.47600243308327,4.03332857652144,1.467216675931757,583.3229370117186,21
3.448719078844244,-4.019924228841608,53.13109363209118,4.011262460188433,1.4844114672053943,598.5981251109731,21
3.442886807701804,-4.020483190363104,53.50067866932262,4.025695757432417,1.4687254970723933,582.7261796431108,21
3.4383472095836294,-4.01228217645125,53.10247611999512,3.9969515150243584,1.475097428668629,597.1987776322798,21
3.4364180131392046,-4.025693763386119,53.21722516146573,4.026547345248136,1.46657272902402,606.8345392400568,21
3.42497806115584,-4.013028318231756,53.21932549910112,4.008115681734952,1.4548736160451714,603.0207741477275,21
3.420859770341353,-4.040225202387029,53.85583704168146,4.039205767891624,1.437835920940746,650.4762351296165,21
3.4229214191436768,-4.027845837853172,53.45131128484552,4.02528866854581,1.451624951579354,662.3404513272372,21
3.422200918197632,-4.032036781311035,53.9793586730957,4.025985240936279,1.448503851890564,687.3831787109375,21
3.425360202789306,-4.012981609864668,53.540146741000086,4.011519930579445,1.4604122638702397,678.1819458007812,21
3.4141309044577857,-4.012075770984996,53.90109911831943,4.005751263011586,1.449781157753684,697.7264459783383,21
3.402816739949313,-4.019111156463623,54.10519877347079,4.004494580355558,1.4358163584362378,699.8794999556105,21
3.424237077886408,-4.0169382962313565,53.79643388227983,4.014152310111306,1.4591490030288696,668.3000155362217,21
3.402655124664306,-4.026156793941151,54.17420543323864,4.025393811139193,1.4287715445865283,730.2695645419035,21
3.4003271623091265,-4.019539659673518,54.14738464355468,4.012538086284291,1.4337715127251365,751.7630004882812,21
3.39127685806968,-4.04473614692688,54.54409998113459,4.043948455290361,1.40395911173387,720.2822903719812,21
3.3875566179102115,-4.031543038108132,54.518762068314985,4.032484618100253,1.4052637707103384,722.9775723544037,21
3.3784325447949497,-4.015019178390503,54.296605890447445,4.0067597302523525,1.4060078750957143,759.819571755149,21
3.364380359649658,-4.03134671124545,55.02866224809127,4.0246616276827725,1.379041682590138,784.7170687588779,21
3.3791619539260864,-4.03746485710144,54.49461364746094,4.029917001724243,1.3998533487319946,761.9642639160156,21
3.376570051366633,-4.016348838806152,54.56736269864169,4.009122024882924,1.4080034711144187,791.2198541814629,21
3.3792911659587515,-4.012592293999412,54.934076829390094,4.00174786827781,1.4163720228455283,847.5692721280185,21
3.379487427798184,-4.017407460646196,54.53084390813654,4.013471646742388,1.4098028378053142,811.6438654119319,21
3.37056611884724,-4.033209648999301,54.98331382057884,4.019162676551125,1.3943469741127708,841.5494495738643,21
3.3604862689971924,-4.054913824254816,55.48120151866565,4.048029509457675,1.3687580607154153,844.0646528764206,21
3.374412980946628,-4.033705342899669,55.104059566151015,4.020590955560857,1.4010580019517382,868.968630704013,21
3.3654719699512827,-4.039326884529808,55.37076637961648,4.030939665707675,1.3809286355972288,846.3221768465908,21
3.354233991016041,-4.030233903364702,55.23850198225541,4.012649687853727,1.3764904412356291,860.3756963556466,21
3.352860494093461,-4.041824600913308,55.55856357921254,4.034891562028365,1.368784644386985,885.0411931818181,21
3.3533755107359453,-4.03187049518932,55.47003069790927,4.014488892121748,1.375449538230896,913.02163141424,21
3.345081090927124,-4.0401387214660645,55.17852783203125,4.027294635772705,1.3630110025405884,907.3905639648438,21
3.36021194674752,-4.033153057098389,55.66495149785822,4.034195054661144,1.3819013454697349,918.8528858531604,21
3.337751800363714,-4.048455455086448,55.99990463256836,4.047825899991122,1.34598754752766,923.8080943714488,21
3.34949220310558,-4.031289555809714,55.73443603515624,4.032563469626687,1.3699776476079777,906.656713312322,21
3.3358698758212,-4.020520383661443,55.46948797052557,4.0093792568553575,1.3614566868001767,930.4536132812506,21
3.3425412286411635,-4.021235292608088,55.41489826549184,4.015420848673041,1.3727251453833147,964.4538269042964,21
3.3412057269703257,-4.047197775407271,55.77263329245827,4.035660917108709,1.3579201806675305,981.41826282848,21
3.344135728749362,-4.038188782605258,55.60189801996405,4.032416040247137,1.3654606017199429,959.9880232377488,21
3.316419579766013,-4.040959965098988,56.186443675648086,4.017764178189364,1.3346553607420488,1004.346202503551,21
3.334036848761819,-4.008609815077348,55.63033693486994,3.986938509074125,1.3738763549111108,990.3578352494671,21
3.3240884000604805,-4.03179593519731,55.967265042391695,4.031943451274525,1.344204458323392,1034.4136075106535,21
3.3148657083511357,-4.034537553787232,56.155853271484375,4.014845132827759,1.334498167037964,1017.5533752441406,21
3.322630730542269,-4.023735696619207,55.66452928022905,3.998591141267256,1.3578978776931765,1035.8918900923295,21
3.3079301443966957,-4.049618699333885,56.486456264149055,4.021956205368042,1.3243845917961814,1045.0179221413352,21
3.315676537427035,-4.046999801288951,56.37948747114701,4.02150448885831,1.3416386842727663,1057.1494806463072,21
3.3136227130889893,-4.037154956297441,56.234258825128734,4.021044904535467,1.3360720168460494,1045.0606911399138,21
3.3114571354605937,-4.037088350816206,56.88414313576438,4.030163114721125,1.3310816179622305,1060.970780806108,21
3.2985302209854126,-4.0318380919369785,56.838589061390266,4.023003058000044,1.3217864524234426,1095.5807217684662,21
3.2833859703757544,-4.048101078380238,56.99852579290217,4.013571262359619,1.3114744424819946,1104.602261629972,21
3.297531778162176,-4.04398174719377,56.36584732749245,4.02202413298867,1.327522554180839,1114.6015403053975,21
3.2974658879366787,-4.024417053569447,56.29314318570224,4.007082332264293,1.340664885260842,1143.5738747336648,21
3.2890599207444624,-4.052250428633257,56.96231460571289,4.039945949207652,1.299082869833166,1099.6259765625,21
3.272394180297852,-4.044449806213379,57.11249923706055,4.022989273071289,1.3001374006271362,1170.0458984375,21
3.287124265323986,-4.033003005114469,57.24087125604803,4.020074779337103,1.3256092396649448,1155.7240378639915,21
3.277530800212513,-4.039858731356534,57.17491427334872,4.0296033078973945,1.3054093989458952,1165.698985706676,21
3.254821929064664,-4.047070243141868,57.38305872136896,4.034231749447909,1.2753976312550623,1179.8241133256392,21
3.260001919486306,-4.04045499454845,57.25922081687233,4.0270278670571065,1.288547602566806,1204.6943026455965,21
3.275503331964666,-4.029389121315696,57.178404894742094,4.032526753165505,1.3127175786278464,1191.8350774591618,21
3.276799895546653,-4.026038863442161,57.18441078879616,4.00349742716009,1.325385808944702,1173.4611150568182,21
3.263143008405512,-4.034148628061468,57.344894582575016,4.029377720572732,1.2960535829717463,1201.8781571821733,21
3.2602389725771816,-4.021815213290128,57.73478802767667,4.0112481117248535,1.2933614579114048,1199.2563698508525,21
3.2685810652646152,-4.009611476551402,58.07777127352628,4.016219615936279,1.3002808744257146,1214.2463045987215,21
3.257944345474243,-4.030709526755593,58.090027895840734,4.027595086531206,1.2872145609422163,1231.9455899325285,21
3.249104380607605,-4.026322364807129,58.09263801574707,4.029515504837036,1.2793779373168943,1247.274169921875,21
3.2391118786551734,-4.040090257471258,58.27260069413619,4.026706782254306,1.2722500887784092,1284.8194580078125,21
3.243699485605413,-4.016162200407548,58.43694652210581,4.032047510147095,1.2748722813346167,1274.2379538796156,21
3.2296545939012007,-4.0222980325872255,57.68583505803888,4.007232102480802,1.2678294290195813,1260.4616366299715,21
3.2290896502408115,-4.0193586782975625,57.98168008977717,3.995959509502758,1.272359875115481,1278.270629882813,21
3.2367184378884053,-4.018161860379306,58.04052734375,4.008739081296054,1.2736046747727827,1264.970536665483,21
3.211424751715226,-4.030810312791304,57.98019443858753,4.0022405494343145,1.254295609214089,1311.417108709163,21
3.2237685593691743,-4.018468683416193,57.99929601495916,3.995888644998724,1.2716354240070693,1310.930408824573,21
3.23138398473913,-4.02468356219205,58.05664305253463,4.0011070208116015,1.279430476101962,1295.8289572975857,21
3.210318630391901,-4.045907540754839,58.21919077092951,4.004879041151567,1.2564232566139917,1312.8383234197445,21
3.180053483356129,-4.034635977311567,58.54905995455656,3.992966716939753,1.2258958328853953,1347.2720225941052,21
3.1813931465148926,-4.03563404083252,59.39680862426758,4.002923011779785,1.2114382982254028,1353.537109375,21
3.199112339453264,-4.009053360332143,58.844223195856266,3.987857937812805,1.237456359646537,1359.5524680397727,21
3.1858414303172715,-4.02230774272572,58.86531760475854,3.99277873472734,1.227525353431701,1373.414328835227,21
3.1648383248936045,-4.035662976178256,59.38545209711249,4.009842677549883,1.1967956152829256,1395.2252918590202,21
3.15886943990534,-4.045375910672274,59.28472588279031,4.014965967698531,1.183719309893521,1385.287741921165,21
3.154088670557196,-4.04398664561185,59.5349929115989,4.013820388100363,1.1756290793418889,1388.67412220348,21
3.160517649217085,-4.014952486211604,59.28755153309216,3.995124925266613,1.1959095434709028,1413.263261274858,21
3.139572956345298,-4.027615807273171,59.40472134676847,3.9940349730578335,1.1775601668791338,1439.9623967950995,21
3.128477465022694,-4.025426864624023,59.51594924926758,3.995788140730424,1.1716262102127075,1459.0337357954545,21
3.1174967722459277,-4.036379944194447,59.84067257967863,4.011590979316018,1.1469138264656065,1426.4133078835227,21
3.1024444319985127,-4.023763830011541,59.86490665782582,3.997846061533148,1.140082749453458,1467.434803355824,21
3.0727334022521973,-4.043418645858765,59.99163627624512,4.010650634765625,1.107066810131073,1459.0496826171875,21
3.0414065664464776,-4.052793069319292,59.84269991787997,4.014827338131991,1.0737346194007178,1487.1329123757105,21
3.0222988453778354,-4.057348879900846,60.08537517894398,4.014821312644265,1.0620227510278877,1515.109619140625,21
3.0139059803702604,-4.048179366371849,60.18645026467063,4.0066471533341845,1.0533480535853983,1522.0063809481533,21
2.9271700598976818,-4.065160447900945,60.50128641995518,4.013542933897539,0.9757151901721944,1561.6269753196032,21
2.875053362412886,-4.03919284993952,60.19255100597034,4.006755655462092,0.9265636314045294,1554.6074884588063,21
2.797600724480368,-4.049976608969948,60.65802920948376,4.0072924007068975,0.8490625945004546,1573.6272194602277,21
2.7369726787913926,-4.042359872297808,60.840483925559305,3.9893768483942207,0.7973310405557802,1605.5247247869318,21
2.630676540461453,-4.06916897947138,61.45205012234774,4.01575907793912,0.6729002892971033,1608.1662320223722,21
2.52153054150668,-4.062653888355602,61.17301039262252,3.99929835579612,0.5604819655418389,1606.9142511541193,21
2.3193260539661757,-3.8535010597922574,61.70303708856756,3.8215550400994034,0.3325973573056131,1654.0520629882817,21
3.059857130050659,-0.2705342769622803,63.06855392456055,0.293938398361206,0.0029985308647155,1588.217529296875,21
3.840466976165772,-3.904431104660034,45.21584701538086,3.9218671321868896,1.9313050508499143,-13.342903137207031,22
3.821190519766374,-4.048245299946178,45.609054218639024,4.057688062841242,1.845367989756844,3.679804465987466,22
3.816914753480391,-4.02675199508667,45.85108080777255,4.037232442335649,1.8332570682872424,-1.1742837645790778,22
3.795655131340027,-4.056845101443204,45.66377084905451,4.07075647874312,1.8128258260813623,48.32235162908381,22
3.7882258458571,-4.021545626900413,45.223668185147375,4.0088112571022725,1.823169556531039,39.89155127785423,22
3.766877781261097,-4.057176893407648,46.170334729281336,4.068886691873724,1.7875326709313826,66.06760198419748,22
3.753989739851518,-4.047888278961182,46.03831828724254,4.052078940651634,1.7767530246214434,75.83568295565519,22
3.7507098371332335,-4.026019139723345,46.33241115916859,4.0331736694682725,1.777821123600006,85.64679544622248,22
3.721900766546076,-4.022541306235573,46.40229970758612,4.0414674498818135,1.7389439886266536,63.31599252874201,22
3.723748347975991,-4.029585058038885,46.950289292769,4.047454833984375,1.7428486347198486,83.26632551713423,22
3.719918511130593,-4.036466988650235,47.35490244085138,4.055945353074507,1.729834328998219,74.24612079967152,22
3.7112672328948975,-4.043622255325317,47.838111877441406,4.061911106109619,1.7151913046836853,84.46881866455078,22
3.6950374733317983,-4.022214282642711,47.45041795210405,4.035081299868497,1.7072452956979924,98.08086256547408,22
3.688439510085366,-4.029101241718639,48.07632463628595,4.028408917513761,1.700240677053278,126.83622568303888,22
3.689394322308627,-4.013672395185991,48.10354579578746,4.0312722379511055,1.6947838284752583,90.56120439009231,22
3.6729501485824585,-4.0352302031083545,48.01552321694114,4.042939684607766,1.67364300922914,116.5533561706543,22
3.673838420347734,-4.023096171292392,48.06234567815607,4.033027475530451,1.67724918235432,113.74475860595702,22
3.6741032166914502,-4.022815010764382,48.05283875898881,4.021616155450994,1.6852092959664084,130.4536569768733,22
3.672911362214522,-4.0307323715903545,48.2623291015625,4.0265981500799,1.6832602999427102,144.74975863370022,22
3.6447820229963823,-4.015915285457265,48.79897689819336,4.01964690468528,1.6432807066223838,152.37421972101387,22
3.64228816465898,-4.035350626165217,48.90720402110707,4.01815163005482,1.6472339305010708,184.90011180530905,22
3.6293800202282993,-4.024292902512983,48.8205601085316,4.019909338517622,1.6349089741706848,182.2833577936346,22
3.607009172439575,-4.021373748779297,48.98974609375,4.01343297958374,1.608246088027954,208.5228271484375,22
3.6158712235364048,-4.028725537386808,49.055170405994765,4.029515981674194,1.616257830099626,191.5266799926759,22
3.613133322108876,-4.015906810760498,49.20347317782316,3.991352298042991,1.6266143647107212,230.63349637118256,22
3.6147874268618496,-4.05506723577326,49.938782778653234,4.056014819578691,1.6192517659880898,246.43805625221947,22
3.5843141945925625,-4.051039218902588,50.41297010941939,4.032560695301402,1.5815871086987583,268.06918889825994,22
3.589503602548079,-4.03550800410184,50.01670525290749,4.016094619577581,1.585690205747431,254.8367489901456,22
3.5880190459164707,-4.032627322457054,49.95730937610973,4.001887928355824,1.5998179153962568,285.1422396573153,22
3.5939701145345517,-4.033237587321889,50.046145872636274,4.014217138290405,1.6069666363976218,277.8570071133701,22
3.5833702954378994,-4.033954663710161,49.77970400723544,4.005296663804487,1.5991199233315208,286.0896550958807,22
3.5797560106624258,-4.0266687436537305,50.16699184070934,4.027822689576583,1.5819655711000615,277.95921464399856,22
3.5752111998471348,-4.032815282995051,50.44283433393999,4.0214176611466845,1.5892086787657305,311.44750699129975,22
3.573635458946228,-4.04758882522583,50.58464431762695,4.018457174301148,1.585183024406433,317.2360382080078,22
3.5586902011524546,-4.046680190346458,50.99791266701438,4.010007944974032,1.5597306489944458,335.08062466708105,22
3.555529767816717,-4.039268667047674,51.000639308582656,4.029378414154053,1.5699989904056897,343.86124212091624,22
3.5482512387362397,-4.0505947199734775,50.88609799471769,4.0341220769015225,1.560030839659951,344.7693509188565,22
3.536170721054077,-4.038706237619573,51.0655781139027,4.025215669111772,1.5507098273797468,371.1450486616656,22
3.5223375233736904,-4.039677793329412,51.47242944890802,4.013908559625799,1.53219135241075,397.5477461381392,22
3.5262108499353584,-4.041034004905007,51.329345703125,4.019237539984963,1.539460306817835,382.9373460249467,22
3.52636473829096,-4.028185974467884,51.21407977017489,3.992169726978649,1.5638171326030386,399.0555836070666,22
3.5180871053175493,-4.035477681593462,51.63422705910423,4.034073179418391,1.5294257510792124,392.9597140225499,22
3.525626551021229,-4.051244042136452,51.7845774563876,4.028392531655052,1.5417902144518767,407.8540593927556,22
3.5101380348205566,-4.026147538965399,51.5463809967041,4.020654223181984,1.5331790989095515,416.3875011097301,22
3.521667718887329,-4.027151107788086,51.81549835205078,4.009021759033203,1.5373499393463137,404.0770568847656,22
3.510832288048484,-3.997785611586137,51.85081533952193,4.009998798370361,1.5354621356183833,417.3538624156605,22
3.485728480599143,-4.021437644958496,51.78687390414151,4.005015936764804,1.5172090205279265,465.1417319557885,22
3.4896310459483755,-4.030183683742177,51.93961264870384,4.0060365200042725,1.5227713097225537,470.32152071866113,22
3.49629731611772,-4.026040250604803,51.89737007834695,4.023874542929909,1.5206603570417925,446.3920815207741,22
3.48532620343295,-4.025507861917669,52.364595586603336,4.022919503125277,1.5049419836564495,461.3546447753906,22
3.4795635613528164,-4.015605146234686,52.30957447398793,4.017220583829013,1.507004521109841,484.75354558771306,22
3.4726288101889877,-4.024419047615745,52.53593583540484,4.015479131178423,1.5026496323672207,509.79202964089126,22
3.472197337584062,-4.032531174746427,53.0051585110751,4.037414464083585,1.4844541224566372,495.3488075949927,22
3.46064491705461,-4.026228449561379,52.84284210205078,4.024544087323275,1.4807593009688638,517.94472434304,22
3.4529941298744893,-4.02142875844782,52.9490290555087,4.0069072896784,1.477802872657776,528.7149491743608,22
3.4531023502349854,-4.00226616859436,52.79758262634277,3.988389253616333,1.486508548259735,535.8196105957031,22
3.460914460095492,-4.0114147879860615,53.084151874889024,4.013033129952171,1.493058356371793,550.7134066495029,22
3.461201646111228,-4.028788761659103,53.588640906594016,4.02677228234031,1.484214121645147,561.5936223810373,22
3.4422405633059414,-4.02671497518366,53.5573862249201,4.034970673647794,1.4639733162793245,583.2790693803266,22
3.4468889236450195,-4.020936315709895,53.21510176225142,4.012886264107444,1.480824584310705,597.7550021084872,22
3.4412348487160425,-4.02122822674838,53.57941055297852,4.027126052162864,1.4655562097376045,582.1110895330256,22
3.4365147135474463,-4.01374923099171,53.18122014132413,3.9987032521854746,1.471496820449829,596.1238763982599,22
3.4346228512850674,-4.026468623768199,53.30930467085405,4.028037808158181,1.4627928191965274,605.9567205255681,22
3.4228515841744165,-4.014735286886042,53.30803732438521,4.009795405647972,1.450867701660503,602.730291193182,22
3.41910136829723,-4.041436845606024,53.94146138971502,4.040987881747159,1.434139912778681,649.067332874645,22
3.420865470712835,-4.029567436738447,53.53861392628063,4.027390631762418,1.4478853236545215,661.389687278054,22
3.4204471111297607,-4.03351640701294,54.070709228515625,4.027960300445557,1.4447760581970217,686.4658813476562,22
3.423590064048767,-4.014978300441396,53.6250166459517,4.013709891926158,1.4569272886623037,677.249189897017,22
3.41231801293113,-4.013439655303955,53.99283149025658,4.007539489052513,1.4458898522637105,696.4603992808952,22
3.400999210097573,-4.020576607097279,54.20491877469149,4.005977218801325,1.432022961703214,699.214017001065,22
3.422395337711681,-4.018349517475475,53.89877978238192,4.016017697074196,1.4553613554347644,667.170682040128,22
3.400952545079318,-4.027592528950084,54.270681554620914,4.02692461013794,1.4256969473578711,729.0065612792969,22
3.3985601121729068,-4.020894570784136,54.24673496593128,4.013793685219505,1.4308421828530051,750.1613214666194,22
3.3895488652316006,-4.045545599677346,54.63509039445358,4.045222022316673,1.4005229364741931,719.0932090065693,22
3.3863289139487525,-4.0325163927945225,54.60498948530717,4.033929391340775,1.4021552909504285,722.1093528053981,22
3.3769905783913354,-4.016451358795166,54.388320576060906,4.008121750571511,1.4031630104238335,758.7100136496803,22
3.363184777173129,-4.032587268135765,55.12360416759144,4.026020960374312,1.3753972161899914,783.5584383877841,22
3.377774477005005,-4.038288354873657,54.57796096801758,4.030937433242798,1.3969643115997314,761.033935546875,22
3.3753035068511963,-4.017575307325884,54.64908634532581,4.010458599437367,1.4050581780346958,789.8747503107243,22
3.377956997264515,-4.013408855958418,55.00412871620872,4.002793008630926,1.4135974483056502,845.890458540483,22
3.377809719605879,-4.018719889900901,54.62143811312588,4.0147835124622695,1.4063702821731563,810.3798828125,22
3.3687114390459927,-4.03419058973139,55.07529865611684,4.020253138108687,1.3908774798566643,840.3873818137436,22
3.3584492206573486,-4.056182471188632,55.58340523459694,4.048940571871671,1.364939418706027,843.0037619850854,22
3.372736204754222,-4.035151394930753,55.2059813412753,4.022040042010221,1.3970809958197856,867.9542763449931,22
3.363621733405373,-4.040634892203591,55.47312268343839,4.032284259796143,1.3769698684865774,844.975031072443,22
3.352393876422535,-4.031462235884233,55.32715693387118,4.014051220633767,1.372830856930126,858.597692316229,22
3.351967746561224,-4.042924404144287,55.66215272383256,4.036150932312012,1.3657402233643965,884.3141645951704,22
3.352416049350392,-4.032584688880227,55.54876934398304,4.015628207813609,1.373181326822801,911.8304554332389,22
3.344144582748413,-4.041017532348633,55.26124572753906,4.028314113616943,1.3606600761413574,906.30419921875,22
3.359194527972828,-4.033839117396962,55.74496199867942,4.03493781523271,1.3794572895223445,917.3027593439276,22
3.3372045213525947,-4.048680782318115,56.08349748091264,4.049042354930531,1.3431444276462905,923.7273892489346,22
3.348551977764477,-4.03207778930664,55.82311300797896,4.033764297311956,1.3668356483632875,906.0183188698504,22
3.334859999743375,-4.02101603421298,55.55777393687856,4.010289105502042,1.358171192082492,930.3716874556112,22
3.3413782769983467,-4.021769220178777,55.49569095264782,4.016154094175859,1.3693484338847075,963.3088240189982,22
3.340248628096147,-4.047916672446511,55.85881007801402,4.036659284071488,1.355602405288003,980.194746537642,22
3.343050252307545,-4.038689569993452,55.69718620993874,4.033063585107977,1.3624019026756284,959.1079046075996,22
3.3155241229317407,-4.041228597814387,56.269292311234906,4.018862897699529,1.3315087773583152,1003.790255459872,22
3.332316647876393,-4.009644876826893,55.7230430949818,3.988073619929227,1.3700599562038076,990.348310990767,22
3.322880679910833,-4.031622886657715,56.06638787009499,4.032610156319358,1.3416015343232588,1033.5765269886365,22
3.313649177551269,-4.034575700759888,56.24770164489746,4.01593279838562,1.331141173839569,1016.5824279785156,22
3.3211330500516025,-4.024711999026212,55.752179926091976,3.999902811917392,1.3547589562155984,1035.1643066406248,22
3.3064867474816064,-4.049414157867432,56.58611280267889,4.023083751851862,1.321063843640414,1045.1368297230115,22
3.314202742143111,-4.047006650404496,56.47560847889293,4.022896983406761,1.338342460719022,1058.2465154474437,22
3.3120506026528096,-4.036510077389804,56.332006974653765,4.021883140910756,1.3327282829718152,1044.879355690695,22
3.3097359917380595,-4.03628193248402,56.98695789683949,4.031358588825573,1.327607880939137,1062.7685435901988,22
3.2957899462093003,-4.030456044457176,56.94173275340687,4.023737994107333,1.3175400278785012,1097.4246493252842,22
3.281196810982444,-4.047718654979359,57.11827607588335,4.015338334170255,1.3069430698047984,1108.445689808239,22
3.2952919873324307,-4.04400558905168,56.47665717385031,4.023756785826249,1.3230339722199875,1117.567538174716,22
3.294836000962691,-4.023840774189342,56.38889000632546,4.008211786096746,1.3362924294038252,1144.85205078125,22
3.286468668417497,-4.051567381078547,57.05683378739791,4.040715629404241,1.2951074188405818,1101.9112160422585,22
3.2699170112609863,-4.043873310089111,57.20185852050781,4.023936748504639,1.2958685159683228,1171.9149169921875,22
3.2844532186334785,-4.032969279722734,57.35992483659224,4.021304412321611,1.3207866657863965,1158.9021329012785,22
3.274631630290638,-4.039533918554133,57.30483835393732,4.031538573178378,1.299877296794545,1169.4543346058238,22
3.251257842237299,-4.046582048589533,57.50872681357644,4.035775856538253,1.26953544399955,1183.3772583007812,22
3.256660959937356,-4.039904421026057,57.376463109796696,4.028298508037221,1.283215847882358,1208.4103560014205,22
3.2719613530419087,-4.028961159966209,57.31207292730158,4.033683625134555,1.3069561448964206,1196.2028420188208,22
3.272676944732666,-4.025803175839511,57.32606090198864,4.004167426716197,1.31885826587677,1179.2379039417615,22
3.2594443342902446,-4.033289714293047,57.47675271467729,4.030798651955345,1.2898427898233586,1206.6860240589488,22
3.2559458992697974,-4.021506352858109,57.88136534257369,4.01302636753429,1.2858996824784712,1204.038152521307,22
3.264343944462863,-4.009533275257457,58.22311557422985,4.017451849850741,1.292793783274564,1218.8208562677555,22
3.25352144241333,-4.029717315327037,58.22965205799449,4.0288030017506,1.2799186489798806,1237.4014115767045,22
3.245439291000366,-4.02533221244812,58.21816825866699,4.03056263923645,1.273147165775299,1250.7377319335938,22
3.233932516791604,-4.039098782972856,58.38992205533114,4.026075406508013,1.2650144750421697,1288.328058416193,22
3.239881320433183,-4.015872044996781,58.557428359985344,4.03226806900718,1.2681652903556822,1278.212352405894,22
3.2250130610032515,-4.021226319399747,57.81672217629172,4.008344303477894,1.260188341140747,1264.2692427201707,22
3.2246975031766025,-4.019577568227595,58.12242230502042,3.997638149694963,1.2642129442908543,1284.102455832742,22
3.231586391275579,-4.018561840057373,58.17943260886452,4.008831977844238,1.2654320326718418,1272.1690784801135,22
3.206465309316461,-4.030849326740611,58.134858564897016,4.004510250958529,1.2457367398522114,1317.818631258879,22
3.2183950814333837,-4.018198056654496,58.14886960116299,3.996229583566839,1.2629505179145124,1318.108376242897,22
3.225297819484364,-4.024919119748202,58.22015675631437,4.001331567764282,1.2699999050660566,1303.9552445845172,22
3.2029055031863125,-4.046539480035955,58.40625069358132,4.005526499314741,1.2457786039872605,1320.9496626420455,22
3.172805753621188,-4.034385312687267,58.73583325472745,3.994744495912032,1.214917784387415,1354.4821499911222,22
3.1727871894836426,-4.034390449523926,59.5885124206543,4.003658294677734,1.197744607925415,1362.2008056640625,22
3.19030330397866,-4.008981076153842,59.05419956554066,3.990669055418535,1.2233340794389898,1369.7730601917613,22
3.177440990101207,-4.023237705230714,59.063989465886905,3.9952492063695737,1.2141884565353387,1382.7240545099428,22
3.1521751447157422,-4.037248828194358,59.601616599343046,4.011974421414462,1.1813284538008948,1404.0856156782677,22
3.1442528854716905,-4.045460354198109,59.490547526966445,4.015411983836781,1.165826927531849,1393.856900301847,22
3.135992722077804,-4.044129393317482,59.76318099282005,4.014123873277144,1.1533083373850046,1401.1766246448865,22
3.140351685610685,-4.014788367531517,59.54734316739169,3.99436751278964,1.1721045537428425,1425.890447443182,22
3.1156215125864204,-4.027939384633845,59.68292271007191,3.995173519307917,1.1499234492128545,1454.6183527166197,22
3.0979508486661045,-4.027318260886452,59.830636111172765,3.996868870475076,1.1350761651992798,1474.5745072798295,22
3.078847668387673,-4.04241529378024,60.25385232405229,4.014531200582331,1.097330115058205,1450.3638916015625,22
3.060235023498535,-4.029515266418457,60.18006272749467,3.9991531372070312,1.0896153233268044,1485.4313631924715,22
3.017095446586609,-4.049306392669678,60.48675537109375,4.012639284133911,1.043508529663086,1484.17333984375,22
2.972297538410533,-4.05517374385487,60.36635832353071,4.013879385861483,0.9973313429138876,1508.04091574929,22
2.947598013010892,-4.062178546732122,60.63981784473766,4.015022321180863,0.9823447194966398,1537.873856977983,22
2.918021288785066,-4.04754656011408,60.67240524291992,4.0065716396678575,0.9550861011851906,1541.9509832208807,22
2.814073931087146,-4.051332647150213,60.95130642977629,4.007958715612238,0.8640885949134816,1587.9297485351572,22
2.7260570309378878,-4.030125878073952,60.71839003129439,4.000947908921676,0.7765647877346376,1573.7466486150568,22
2.60223487290469,-4.037634351036766,61.11621475219727,3.98691941391338,0.649272368712858,1604.2535455877137,22
2.4909518415277647,-4.023186857050115,61.03078911521218,3.955056298862804,0.54931984164498,1639.9356800426135,22
2.330301523208619,-3.9445000453428656,61.38246362859555,3.877608754418102,0.3643178580836784,1659.1295055042615,22
3.0691135363145325,-0.195196452465922,62.678932189941406,0.2421495778994101,0.0103883678940206,1616.4970370205965,22
3.189775889570063,-0.0303509459746154,62.11475476351651,0.0677601126107302,-8.009882135799964e-06,1625.0971069335938,22
3.215900182723999,-0.0101587397512048,62.42668533325195,0.0393592678010463,-0.0135478061856701,1603.5220947265625,22
3.8411169052124015,-3.9018945693969727,45.2214241027832,3.919755697250366,1.933148503303528,-13.316617965698242,23
3.822634322753805,-4.046598004979014,45.61197242989445,4.056231072406895,1.846897364452185,3.510029262264833,23
3.818373099068143,-4.025196343857721,45.87694294405299,4.036198000244747,1.8354488777009068,-0.6657030250852456,23
3.795839551268824,-4.05464351098269,45.596126253241735,4.066151053700226,1.8148257408710504,48.50596803071483,23
3.789918206385429,-4.020934016499298,45.343230215918936,4.010607883630209,1.824265991615144,38.33803543191872,23
3.763397313111666,-4.060646988698189,46.14248462702265,4.072193900480965,1.7831155582769027,69.71781294866906,23
3.754574355700158,-4.0420991063907445,45.9982020144431,4.044705510928931,1.7806020398803104,78.22636863253766,23
3.7489943741173146,-4.025783816710213,46.3553226294107,4.034343580536495,1.773695517059983,79.15453707461323,23
3.726018165121016,-4.021255758424468,46.45420279092347,4.041098499929668,1.7442808561767174,62.97031099433143,23
3.724468876983946,-4.031845999079824,47.09406295675316,4.049624989364321,1.7413783349738217,82.84210306129708,23
3.725573364472547,-4.037684289035418,47.29273014194918,4.05841747182884,1.736620946435739,73.28292109003131,23
3.707559100839476,-4.03905424850666,47.77236918266246,4.056384355027155,1.7128909392072664,88.43780583261655,23
3.702033363430705,-4.021450323774325,47.44833197183167,4.032287862916656,1.7172833183743306,97.54757170014034,23
3.691924824619925,-4.032323600440625,48.26169295658339,4.033234634146785,1.7020685878021038,126.76645261246637,23
3.686481357410254,-4.020556348838554,48.15339506540867,4.034596920013428,1.689668166716367,96.87032282747184,23
3.6748887813643902,-4.029412992742677,47.80560785255685,4.035841048158558,1.6820439250263948,120.53485461102416,23
3.674256102138797,-4.016294507790875,48.08991435979376,4.0268454867482975,1.6795325271341186,109.18540297754556,23
3.67540549284575,-4.029127316759122,48.11437404708357,4.023961484037487,1.6880395215078694,141.27987266692108,23
3.671123008854342,-4.02197751619958,48.28271615742058,4.024686150203477,1.6786855261846882,131.74345094794467,23
3.643886717739484,-4.020484599056623,48.86395465775041,4.014423285099054,1.6456641014048596,165.68636822226827,23
3.642113568767017,-4.035565161547124,48.82277884072816,4.018442176035698,1.64911158116448,187.08432380726796,23
3.6241906320811896,-4.023114946504302,48.88077770005789,4.0159317799751335,1.6302439155957558,192.90179827355388,23
3.618331023399404,-4.024537661217696,48.86320947811304,4.016899339410643,1.6229779957146044,195.90345036588755,23
3.613758856097594,-4.019305087083223,49.23172701905105,4.010273977620712,1.6139011130427685,209.54071994806765,23
3.622846221292256,-4.037185258423256,49.50097567829865,4.015579630997007,1.6365570145726993,241.45709956087023,23
3.597418469309017,-4.060281554594734,50.321009831712736,4.057341329309325,1.5985066930189826,261.6426943343207,23
3.594014169364576,-4.03805347783676,49.94399165475605,4.014229471320348,1.5922313865446889,250.8244755220729,23
3.5876380355152864,-4.040400274541994,50.01947519163422,4.013606301996092,1.590773559563997,266.0979094852675,23
3.60373773006414,-4.032602967015955,50.10348174745673,4.015023177822695,1.6144688421527282,268.8118902547469,23
3.5859267364274587,-4.035531899786943,49.70581395736593,4.003735823347079,1.6072176797500508,291.27626371067873,23
3.587068650896186,-4.029149497581633,49.9852252732839,4.01474362809137,1.5956016463159726,277.29892412400403,23
3.577742323970163,-4.025118328877632,50.33622888224014,4.021038456468393,1.5824498988145237,292.24527401955714,23
3.5844828040394563,-4.046359396928193,50.37396801070662,4.027552699411152,1.6045803786903028,318.79407445642335,23
3.5655122655906424,-4.041518306100605,50.68513281613786,4.00362015086294,1.5662562641876423,319.34945880814115,23
3.5642553859988584,-4.038947891715346,50.85756885452776,4.026753785594409,1.5755800585083617,328.19064937364203,23
3.553683858833565,-4.048145711027233,50.86632570683562,4.026326428975491,1.5672951857775252,341.8071733689466,23
3.543148054981863,-4.040961682401745,50.94018019114109,4.03090990142317,1.554927361722024,353.3903145695365,23
3.5312625019755584,-4.038830962402142,51.26767349243164,4.011290900754613,1.5452018186746053,385.2438069526724,23
3.529178965170652,-4.039095869127488,51.28820270260438,4.020598664189016,1.5418353664953977,379.6097133207005,23
3.5265052792252294,-4.032593543955822,51.176011041300185,3.988546838823533,1.5645852349451836,402.7402911659897,23
3.524942380703048,-4.031907021604627,51.53566044687435,4.03077300810656,1.5423841184338194,386.5419111441304,23
3.5252912202418245,-4.052949807501786,51.83391050629268,4.02772300922318,1.5385936206539736,406.9532442408682,23
3.515498019212129,-4.028515660999626,51.459674430998746,4.025149803287936,1.5397706094956556,410.6679976507528,23
3.52261706693283,-4.026768030709778,51.76088186605087,4.004851960188506,1.5411113319018028,406.1643337224492,23
3.513392898420624,-3.9973636115623625,51.84294204206656,4.010983366050468,1.5357982954442106,409.26041498247366,23
3.490278772960435,-4.017200103658714,51.78227895774589,4.004756924332372,1.5210650993498744,458.4454941907469,23
3.4899682903921367,-4.0296587091408025,51.87880019636344,4.004906051206273,1.5237443826056474,469.4225132417994,23
3.4985725137571624,-4.025916740594321,51.87532801343905,4.023492238379472,1.523863417423324,444.9467850236703,23
3.48799319930424,-4.024482881786018,52.3136852087564,4.022100925445557,1.5087797010181754,458.67122584462953,23
3.4818519061764346,-4.015138417679743,52.29382981054041,4.01687686806483,1.5093705985719794,481.51339216421775,23
3.474714238122599,-4.023458455572065,52.497099617459135,4.014809081096523,1.505500038728019,507.31066510535226,23
3.474417419623065,-4.031186318555415,52.96389891769712,4.036853142921498,1.4870842426817936,491.25127789832095,23
3.4627305435029085,-4.025182705051852,52.8185163586345,4.023516269709101,1.4839324185390346,515.8284184537977,23
3.454405723028625,-4.018671086292393,52.88541349196276,4.003622828729895,1.4807273773168097,525.8749013736548,23
3.4555833181798064,-4.000912356850328,52.76755824310101,3.988461259185084,1.4903017029857004,534.7837657802153,23
3.464582070609592,-4.011400349092799,53.09274403148929,4.013251014103163,1.4966529891980405,544.3259135871534,23
3.4617322533335906,-4.029270364748721,53.59793068083707,4.028603279037981,1.48513516527138,565.6556925994673,23
3.4428213842657227,-4.025206231123565,53.48540976821192,4.033273608479279,1.4649600208989833,577.3705868752587,23
3.450880388550411,-4.021467685699463,53.2806775680441,4.015711459103009,1.4839140792556156,594.3023010658111,23
3.442640009305335,-4.016731274838479,53.465494522195776,4.019249139242614,1.4707942924752142,580.6381900610513,23
3.441500979543522,-4.016630804301888,53.18594403298486,3.999517134483287,1.479206862039124,601.3480135683982,23
3.433001316146345,-4.021327577679362,53.2354158818327,4.024744122233612,1.4618604317406154,599.3596345004655,23
3.426226718536276,-4.017517336156984,53.4829353938829,4.013962073041904,1.4521726669854675,608.0441983456644,23
3.4190149796719584,-4.042956548021329,53.91363896755193,4.044389835256615,1.4327297392270424,650.1858504339559,23
3.4297169675890182,-4.024990542834957,53.53260469752432,4.019857153987253,1.4619086372931274,661.6559553335835,23
3.4150092317568546,-4.0304701344066896,53.99615117256215,4.027292336849188,1.4383988688323672,685.179468824374,23
3.428803699695511,-4.011332142432004,53.63189045482913,4.008762346987693,1.4658502056109195,672.9255957192933,23
3.403112959388076,-4.014951049097326,54.229337553314814,4.006727215470067,1.434842378887909,706.185573552618,23
3.4208006353567773,-4.018810029061425,53.97066848956986,4.0095899562962005,1.453929703756674,665.025642445545,23
3.414607239085317,-4.02162408197163,53.90434189348032,4.023079676343905,1.4443469592277576,686.9214400739862,23
3.404177048348433,-4.023065611226669,54.34532276684085,4.021968841552734,1.432931753183832,737.9803135347682,23
3.3938473534110365,-4.030294882540671,54.17676059141854,4.024267695597466,1.4202917443205976,740.6413784406042,23
3.3967602126645726,-4.0410479678223465,54.837028048685845,4.049019630381603,1.4047726984845093,702.1856988565811,23
3.377139607802132,-4.020191018944544,54.26924269720418,4.013176949608405,1.404646534003959,757.3413797340647,23
3.384865893433425,-4.022285894052872,54.68582027005834,4.017026995980976,1.408287255179803,749.8945745000779,23
3.370828429594735,-4.03606558793428,54.74677402925807,4.0282787013527575,1.3885642740110689,772.7763215121844,23
3.3833262715118613,-4.030989002707778,54.56817157063263,4.025100654324159,1.4052121639251711,756.6783528106894,23
3.373667536981848,-4.011908723818546,54.87716073547767,4.002985183766346,1.407650487312418,825.8975587554327,23
3.3827980290975,-4.01351059667322,54.79117276021187,4.010033970637037,1.4166717260878607,819.455282249198,23
3.372689695547748,-4.02706336027739,54.62034715564045,4.01569158351974,1.3995236111003042,816.6862797010813,23
3.369795426627658,-4.045565946212668,55.56193092800925,4.040672460139193,1.3817226010442565,842.0868239244876,23
3.365087400209036,-4.044819045540512,55.11686913698714,4.0334544750238885,1.3833031693831188,855.6010657304172,23
3.3771126665026934,-4.034010192416361,55.31907019709909,4.026211223854924,1.3997936517197562,856.0116334624636,23
3.3519304509194483,-4.033932471117437,55.462182152350216,4.018908762773931,1.3678139069222457,846.3372111541546,23
3.3568107087091104,-4.038721062489692,55.40041932364963,4.029945964055345,1.3750767889401772,880.5272528035752,23
3.358714552115131,-4.03339657562458,55.65975467100838,4.02479432908115,1.3776133415714795,894.2435985843084,23
3.3493515892534065,-4.037449467261106,55.23510307665692,4.023226175876643,1.368577494526541,905.8345349040252,23
3.360135097377348,-4.034778247605886,55.549470686754645,4.037493737328131,1.3806173067219212,912.832282666339,23
3.344657910580666,-4.042359475268434,56.00078554974487,4.046250153851036,1.3549825932016435,915.5225074212284,23
3.345091263979476,-4.040617165976013,55.95251078321444,4.03999967764545,1.3584418423128444,912.2796186232408,23
3.3394342242487216,-4.018984911457593,55.48448855671662,4.015291981349717,1.364200894406299,919.30248861755,23
3.34002272972208,-4.018292998636006,55.39691470316704,4.007771403584259,1.371922878240118,966.972016795582,23
3.342925235925131,-4.044825054951851,55.86267491523793,4.038201808929443,1.3599569773831903,977.5423915433568,23
3.347885553410511,-4.037951131530155,55.66100076334366,4.031873709318654,1.368921762270643,954.4077023133536,23
3.31872485015566,-4.03971327535364,56.19704755568346,4.019899823018257,1.3371836112824498,1004.5074410343802,23
3.33196101914968,-4.0127993577363466,55.77129801061768,3.991216226918808,1.3677562262048792,988.4912990544802,23
3.3274476180802903,-4.030113040216712,55.90208543689047,4.028578695082508,1.3480910339102834,1020.2960560779708,23
3.3160262155217053,-4.03363016267486,56.25593304160415,4.017662102023497,1.3341314097903425,1018.3412588763706,23
3.32420044071627,-4.023791104752497,55.68318595633602,3.9988595113059535,1.3587170957729515,1027.4531799720614,23
3.309203746303028,-4.048957082609467,56.509847249416325,4.022332365149694,1.324881978382338,1042.0598783177256,23
3.3168036542980874,-4.046808653319908,56.429773646474665,4.022390574019476,1.3422018952717056,1053.3365494683885,23
3.314823535893926,-4.03682457058635,56.2786438291436,4.021670316228803,1.336225851482113,1040.7953689272033,23
3.313036883903655,-4.036160450108004,56.93118101713673,4.0316905091140445,1.331972418241943,1058.109916636486,23
3.2988574299591265,-4.0313392790737534,56.86203412188599,4.021588884442058,1.322357926147663,1093.5478507540874,23
3.2831995945103123,-4.048038334246503,57.08431137792322,4.014720856748669,1.3106956718773242,1105.4078846104098,23
3.30076389912738,-4.042658578481106,56.363703291937206,4.021571020416866,1.3314927445342215,1112.2104492187502,23
3.2978252085628887,-4.022587204611065,56.41738512658127,4.008532546213921,1.3385577454472215,1137.0362888361442,23
3.2893731357246043,-4.0548878916052,57.00193182837884,4.040436889951592,1.2976849118605354,1093.9286454560745,23
3.2738695934118813,-4.041155568811278,57.19448839907615,4.019621621693997,1.306120840918939,1176.305505613618,23
3.2907465530547086,-4.033140223547323,57.23133713678019,4.023876992282489,1.3250527950312128,1141.9156203112066,23
3.274088712717524,-4.04075765293955,57.30885744410634,4.032064472602693,1.300925668501696,1170.8711446799978,23
3.2495185334161416,-4.049064314128548,57.483355414788456,4.034161523477921,1.2679548468810828,1189.014442292271,23
3.268214986813779,-4.03774086529056,57.21187470290835,4.030975019694954,1.2979359713611227,1200.759383245809,23
3.27599394084602,-4.029458576480285,57.195691418174086,4.025873234729893,1.3134554316665954,1181.494021788338,23
3.272777475268636,-4.026778031658653,57.32653722699904,4.009188377304582,1.3169158878705358,1182.780341344164,23
3.2666655660465063,-4.033865164447304,57.466093960187294,4.030349043031402,1.2945069737781751,1197.1683511291908,23
3.260272474478412,-4.012063692737099,57.90015204221208,4.004358787410307,1.294335195560329,1201.0848469513144,23
3.2677444638005944,-4.015023095718283,58.18747375185127,4.024063741923958,1.2956207295916726,1208.691836325538,23
3.259019605371336,-4.031435249657031,58.135113899281485,4.031886037611804,1.286341836910374,1229.5121997555364,23
3.2446488939373697,-4.03160540157596,58.10937254949911,4.03021922964134,1.2701354563630969,1241.3608358016866,23
3.242004173480912,-4.039135797134298,58.490914502680695,4.035723660955366,1.271985227698522,1290.0346784781148,23
3.2407962454865307,-4.00885080185947,58.19703371161656,4.0225032496926,1.2707046578262025,1252.9830419275145,23
3.2299161178386764,-4.028076077139141,57.76735366417083,4.000213155683302,1.272640195113934,1264.2697462877693,23
3.2303770520039743,-4.01501506527528,58.15495939444232,4.002054347107742,1.2641724442804096,1274.4623287781972,23
3.232294665267136,-4.024772214573741,58.1117616615548,4.011141161255489,1.2672717231788382,1265.3365882721955,23
3.199501301279131,-4.02757986333986,58.08126340954509,3.998683522079165,1.2469661677910002,1353.5186694820986,23
3.242018731224616,-4.009924266512031,58.04195649102824,3.993307794166717,1.2897577388397117,1280.7317969720095,23
3.2200218415418207,-4.040722973299342,58.26070775417303,4.011164703116512,1.2638095183088287,1310.1240242459128,23
3.195327237741836,-4.040818394414637,58.22686871155999,3.993950996967341,1.2437603299980915,1320.0061318100686,23
3.1751713168542115,-4.031941739139178,59.13772737111477,3.995830193260648,1.2101393614383722,1348.1132408293668,23
3.195589717650256,-4.015750496592743,59.11809062326192,3.988600263532424,1.2334811734837412,1360.1484560934914,23
3.1907566051609466,-4.010565628279124,58.70750078618132,3.986832468714935,1.2323034867545626,1368.1714901955718,23
3.1705946969670173,-4.037910783527702,59.27065499413093,4.010427623395099,1.1984948843520205,1380.0406849842202,23
3.162626898051887,-4.036738553584017,59.4054784964252,4.012116356401254,1.1870082356282416,1389.7880689608337,23
3.141743344186948,-4.054006121805961,59.60797419769085,4.0198850410663525,1.158540700445112,1391.297998693605,23
3.15922884120057,-4.019452963443781,59.3629408830049,3.999365211322608,1.189899533789679,1405.1035802980132,23
3.1360289150515928,-4.023731680105854,59.55029135192467,3.99515079820393,1.1699261373242005,1431.03448284225,23
3.122191148088468,-4.022335036700924,59.56057916098084,3.99134279402676,1.162932388829869,1460.1732905305778,23
3.1139457462639206,-4.036367789009549,59.88184816474157,4.01134902120426,1.141779466970077,1428.1253322576056,23
3.0878468554540976,-4.027389084266511,59.99014342857512,4.00172502315597,1.1154353058101327,1461.8756863423532,23
3.06562067657117,-4.039920579518704,60.13762384376778,4.007858127947674,1.0967134987281646,1461.6383970146935,23
3.0190969034535997,-4.051852270467392,60.11403201273735,4.013448083637567,1.0439539247790708,1486.899032491722,23
3.0032255239044585,-4.06022597938184,60.332536811070725,4.017718703541535,1.035556236639717,1515.869189938173,23
2.993198626878246,-4.044443755749835,60.4691354612641,4.003487249083866,1.02536700735029,1524.9688510515834,23
2.896785317667272,-4.061167865399494,60.59168261092231,4.013391109491816,0.942307611569663,1555.1729170439264,23
2.824641917715009,-4.03411793235122,60.54326968161475,4.00328336172546,0.8722236180147587,1560.9135701766866,23
2.726675071463678,-4.039874228420636,60.86973435357707,4.004273332507404,0.7729567190669215,1566.392215147714,23
2.6394365496982792,-4.028160224687185,61.02340453192098,3.977474602642439,0.6950688614750531,1607.5926990635346,23
2.5208141756373506,-4.045953295878228,61.471869563424825,3.986408959950832,0.5582071834842082,1625.3664324425708,23
2.3675480536277727,-3.845026262548571,61.43867538148997,3.809598144316504,0.3579072132213183,1628.2028169947744,23
3.0277057420339046,-0.2725509845263074,62.45336151123047,0.3429573955914778,0.0118982181545118,1592.378061458765,23
3.1654438972473145,-0.0844619274139404,62.88394927978516,0.1044730767607688,-0.0256171375513076,1592.1004638671875,23
3.8407697677612314,-3.903576850891113,45.22418212890625,3.921184539794922,1.931915521621704,-13.32682991027832,24
3.82175052876504,-4.047570961200639,45.61549089444394,4.057091416112635,1.8457066854893769,3.592494513025347,24
3.8174865814234247,-4.026147482410962,45.88056003494768,4.0371936583361085,1.8340331955461315,-0.6068104939744945,24
3.795196890041528,-4.054877025402145,45.6096485718986,4.066636098141702,1.8137322956363096,48.84226446593834,24
3.788857043184192,-4.021636214477337,45.351051330566406,4.011322766739801,1.8228883538025105,38.79797373386408,24
3.762563206502144,-4.061018489054497,46.14881783289625,4.072775067083094,1.7817841263006855,69.97729128401804,24
3.7535575257231857,-4.042650784877752,46.007827859840646,4.045491679614742,1.7791098403614878,78.63160553989033,24
3.7479994186502417,-4.026200073444291,46.364504454151685,4.035092713817066,1.7722779875559522,79.37737213538969,24
3.725098363611082,-4.021283831817425,46.47040711964993,4.0415927969067305,1.7430565120368604,63.34078898650922,24
3.723476062547292,-4.03237159362692,47.10432087980359,4.050102309675406,1.7398930393307417,83.32814308823339,24
3.724474996920453,-4.038086821701353,47.30420417027758,4.058800586801491,1.7350942685904092,73.8486797509604,24
3.7064787441531553,-4.039307259565947,47.78205214746741,4.056356370054333,1.7114813690943431,88.8647635756739,24
3.700892704212113,-4.021765882605749,47.45958457087839,4.032383173506781,1.7159557232004128,98.15148279051118,24
3.6909977773956895,-4.032488431362127,48.27102042191866,4.033373305339687,1.700815640537944,127.2793973202737,24
3.68550427702089,-4.02084607320116,48.16732204513045,4.03478455385625,1.688318317299647,97.36767517494054,24
3.6739086599539448,-4.0298577270760445,47.821772897480336,4.0361456397353415,1.6806154835303098,121.15587171339833,24
3.673172004964968,-4.01667415858894,48.10904938653605,4.027148609919264,1.6780010564437766,109.84217834472658,24
3.674359204753345,-4.029515181156183,48.13120421352765,4.024159090408427,1.686553022719377,142.0649819279349,24
3.669812993498038,-4.0223637764027576,48.3038865146258,4.024959469473125,1.6768864424812873,132.39798438470092,24
3.642663107802536,-4.020692939000414,48.888742686896926,4.014960431105254,1.6436768114961535,166.42638078904315,24
3.64053481461986,-4.035844256546324,48.8482365639794,4.018798799704242,1.6469590356018369,187.8695608985345,24
3.622659954803669,-4.023509060310213,48.91358470285176,4.01737595867637,1.627959058774228,193.63557039980853,24
3.616997120396191,-4.024722800349558,48.8915847374114,4.018042381236096,1.6209235972916054,196.8292385884468,24
3.6122701799632697,-4.019641895167875,49.257615120995126,4.011340365504587,1.6116816800161702,210.22335259645985,24
3.621256615152422,-4.037778036483866,49.53052621803536,4.016450553540363,1.6342422670086487,241.96296833366748,24
3.5960753848221128,-4.06043078567808,50.3417884877186,4.058035569475186,1.596675891749906,262.36301063386026,24
3.592727629554193,-4.038345267441099,49.96715972597236,4.015259739578954,1.5902548452086795,251.57365781266168,24
3.586305583549651,-4.040764723392512,50.04387109011214,4.0144916275479146,1.5887682698420342,267.0911776308982,24
3.6021154147899703,-4.033362742291381,50.12589071918008,4.016700848838352,1.612005784811563,269.41160351077446,24
3.584359724790055,-4.035758264806886,49.71964748963615,4.004487896597149,1.6051894544765648,292.16171547592864,24
3.5855928619965813,-4.029627383150013,50.00885050186258,4.015995180370003,1.593451157310941,278.16597459805723,24
3.5761865227427703,-4.025510658491526,50.366513612254565,4.022130887239974,1.580163982530303,293.4258230853555,24
3.5828787222603298,-4.046800231302021,50.39623768282252,4.028162684661663,1.6023223060645804,319.31088822724803,24
3.563983479872445,-4.04189608428652,50.71296027480372,4.004542852869097,1.5639806314809432,320.881949923686,24
3.5627543784135223,-4.039963504336527,50.88534801053685,4.0282869654775455,1.5732670288212252,328.80979303018955,24
3.552476263993624,-4.048711198844657,50.89532311546881,4.027320804974891,1.565325125163754,342.29929922748084,24
3.541842375370051,-4.041342252137645,50.96957306514513,4.031885030253833,1.5529098431795638,354.4363219406432,24
3.5298614201956235,-4.039054832711125,51.2941335210737,4.012411569127973,1.542995325776915,386.3271646057534,24
3.5277245834173745,-4.039415915280778,51.318074788478825,4.021822866225085,1.5395403342531218,380.7888806071501,24
3.52531468631416,-4.033816773370401,51.211189421596906,3.990320272003578,1.5621457842012114,403.3915890321037,24
3.52358841738164,-4.032560446404464,51.57157903001798,4.032031444524297,1.5398391682580603,386.94240241650726,24
3.523914158739001,-4.053467857916624,51.86518056503195,4.029302571783003,1.5361403653163783,407.8069793499069,24
3.514135591241698,-4.029349327087402,51.49183290999456,4.026555206601983,1.53730510481146,411.14433015734943,24
3.52109459535965,-4.027609610399663,51.79527472186562,4.00649886099708,1.538455862872648,407.4086978735512,24
3.511446815452828,-3.9980058733201194,51.88079856720981,4.012373952676129,1.532600615198249,410.0173869354046,24
3.48860826871253,-4.018130226640512,51.812852897391416,4.006305129322785,1.5181944307112536,459.0592097604514,24
3.488375962175281,-4.03041664654056,51.90779967655409,4.00618194744287,1.5212369249356503,469.9426273573313,24
3.497171264610543,-4.026553191886043,51.90695976105747,4.024663119916095,1.5214306384522394,445.48998720282754,24
3.486556580524571,-4.025118230983911,52.344087739653936,4.023273190125725,1.506296332308788,459.2396420106193,24
3.480317459990647,-4.0157031823467735,52.321442888272514,4.01781192046917,1.5068033752062464,481.81245978147,24
3.4734143058195808,-4.023951369405582,52.52599178086844,4.015772115315823,1.5032198318582497,507.6650261278973,24
3.4729188167496234,-4.031989719694024,52.9978863040343,4.037939756911322,1.4845967119103234,492.5166844247981,24
3.461303633569881,-4.025908334365743,52.85109564168564,4.024476714481581,1.4815659680903353,517.1360683820105,24
3.453097681336056,-4.019639548876428,52.916701689461206,4.004786396658184,1.4783372886922974,526.6203993235202,24
3.4541444241605848,-4.001953058684898,52.79844670579923,3.9896984431917306,1.487829653632562,535.4706627043668,24
3.463206398566037,-4.012494532477777,53.1249921685023,4.014728353512997,1.494117983919106,545.4137492400921,24
3.460156944413848,-4.030167093340135,53.62483670064156,4.02981753696669,1.4826604230514424,566.6529031715648,24
3.4414549552841693,-4.025843661352499,53.51064532955751,4.034222059691978,1.4628392165859805,578.1059966434706,24
3.449469048455851,-4.02228229409022,53.30052720631985,4.016863273469029,1.4816240309090014,594.7942605934394,24
3.441174169249882,-4.017567416690043,53.49338028762514,4.020407689328225,1.4683458607717856,580.98435074762,24
3.439870779088001,-4.017526989741041,53.21169791316355,4.000688158123698,1.4765134189302558,601.5534429487013,24
3.43130489216735,-4.0220742573011785,53.26995708137159,4.0259012102291285,1.4590782361314785,599.9619670135295,24
3.4244128126182303,-4.018591296593875,53.51674902202278,4.015150430186695,1.4491160318551477,608.7215956125829,24
3.4174019532487883,-4.044081770031657,53.938391173912194,4.04576790727527,1.429992886568537,650.5927067434551,24
3.42790895739928,-4.026269315883813,53.5602504654436,4.02130125374194,1.4591364189489,662.2070506519041,24
3.4134514094977977,-4.031495245876691,54.01898056939738,4.028534589224304,1.4358105075280398,685.5246371843957,24
3.427264815134718,-4.012480779988876,53.6592301880287,4.010142569510353,1.463189457426008,673.1665132029957,24
3.401393285650291,-4.015906520237197,54.25272960536528,4.007987811865396,1.4320760846927465,706.5221501028302,24
3.4188494666522704,-4.019813793384476,54.0001881833108,4.0106612388661365,1.4508667394814905,665.4722767002531,24
3.412869554481759,-4.022402728630218,53.93161624630556,4.024019231859422,1.4418057313818011,687.1151931459543,24
3.4026677924276187,-4.024168500837112,54.3797138542529,4.023210042359813,1.430269972378055,738.1703386117291,24
3.3921014062616206,-4.031662164144958,54.21501616926383,4.025716983719378,1.417460901847738,741.1152974311877,24
3.394927381679712,-4.042033786015795,54.88138946634255,4.050383094130762,1.4015740764062137,702.8311743325745,24
3.375558338417912,-4.02140124112565,54.31628971226168,4.014559423686653,1.4017981203976055,757.8299075499277,24
3.383226055183158,-4.023409511869317,54.73230745934493,4.018352388546167,1.4051890578491006,750.2944643134316,24
3.369089028693193,-4.03723371581526,54.77908628350062,4.029286946681951,1.3856291999880053,772.9232250491515,24
3.3816447479045944,-4.031939086535119,54.59584151514319,4.026206635481474,1.402441541880172,757.0509053413443,24
3.372005127913115,-4.0133163155309415,54.91328286177275,4.004234257123328,1.4044461005570874,825.7725595638453,24
3.3809703170069008,-4.014855675349962,54.829143953639154,4.01117888507464,1.413473501900174,819.3369779271005,24
3.370683205838235,-4.028429122950068,54.65202505856949,4.016620648617776,1.3962588239189806,816.9285084301272,24
3.3676241565224347,-4.047333000511523,55.59710104733904,4.041629172318819,1.37797105549187,842.3637355779179,24
3.362723849467095,-4.0461535485375,55.15093498987867,4.034352552022365,1.379652782781235,856.0209427385142,24
3.3751661603813927,-4.035487222355723,55.35813052449006,4.027304099885044,1.3962054615778636,855.6303468413698,24
3.3496778516579937,-4.035041562768797,55.481885644773776,4.019629642663412,1.364511884600911,846.0496252198883,24
3.354854547424821,-4.040281981032416,55.4395313136625,4.030921288673452,1.3715920195674265,880.7059394886951,24
3.356868634950246,-4.034704779947041,55.684296007977416,4.02552673516684,1.3743684133946503,893.8666187816905,24
3.347629092387016,-4.039033273987423,55.26072796448967,4.024073935502413,1.3654435004619572,905.6644012249068,24
3.358365218370956,-4.03592022207399,55.57785064495162,4.038003902561617,1.3774807066317427,912.427486596518,24
3.343270415501878,-4.043235763019284,56.030265656528094,4.046980782060434,1.352062672179266,915.7577191283372,24
3.3435623456310752,-4.041649992102819,55.9877827625401,4.04059693355434,1.3552365326723514,912.5516005762366,24
3.337926750940992,-4.019804695584127,55.52542321413559,4.015917793804446,1.3608482081369055,919.6427062584078,24
3.338185226680427,-4.019526825835373,55.42747692082891,4.008409367491868,1.368396830874563,967.0497476944074,24
3.341274962519968,-4.045990315494159,55.889125950289085,4.038850916931961,1.3568496467261917,977.6457260839196,24
3.346036142071352,-4.039172775698024,55.68927850786424,4.032340084480135,1.365649776742948,954.3475527731788,24
3.317120001016073,-4.040281655772632,56.22815085404756,4.020545586844944,1.3339178309535349,1004.4918330110462,24
3.329911849356645,-4.01455946789672,55.815515455031225,3.9924001567411103,1.3639734817656468,989.0987981328898,24
3.32591650975461,-4.030360739752157,55.9371218144499,4.0290294135643165,1.3454480123835677,1020.3068746604677,24
3.3144515618583226,-4.034264198202171,56.28514831745071,4.018352094865003,1.3312767894062776,1017.8928558147502,24
3.3225806801524382,-4.024994477530979,55.72161935970483,3.99981566296508,1.3557519849562487,1027.2456329547808,24
3.307477295793445,-4.049467838363142,56.55830802664852,4.023255534519423,1.3218297113645945,1042.1735977273904,24
3.3153100645305305,-4.047316611207873,56.470446226612616,4.023239113637153,1.3393159575809708,1053.8602868894873,24
3.3133030758788253,-4.036809431796042,56.31981466937539,4.022199078111459,1.3336096196774612,1040.4845754863402,24
3.311342038855648,-4.036332098853509,56.98210780667943,4.032461911637262,1.3288260540425385,1058.889150455298,24
3.296532793550302,-4.031049971548927,56.91183461574529,4.02213086513494,1.3187953754766095,1094.4409009920842,24
3.2812884643377846,-4.048331778570517,57.14004577232512,4.015882984691898,1.3071836359453517,1107.4991293395592,24
3.2986806654772223,-4.043022215761096,56.41649953576902,4.02261458959011,1.3278403669003624,1113.8867138995242,24
3.295471690348442,-4.0229838447065545,56.471778642262855,4.0095603292351525,1.3347049406822151,1138.1976326443498,24
3.287050463505928,-4.055252672031226,57.05920021107654,4.041334957476483,1.2940475553866253,1095.6010499663705,24
3.271723480414081,-4.041146376275068,57.24930625561847,4.020368010792511,1.3025747956029627,1177.7801400494104,24
3.2882693461235,-4.033535524709335,57.28978736826915,4.024277238656354,1.3211426971763964,1143.545473212438,24
3.271749226462762,-4.04119514945327,57.3669890852164,4.03323266048305,1.2968769736637342,1172.6971815500826,24
3.2469577047209075,-4.049308966327187,57.54143481223,4.035093689596416,1.2639641832831676,1190.930714184086,24
3.265655313896028,-4.037884241697804,57.26928718516369,4.031784768136132,1.2941084452812248,1202.814453125,24
3.273022211150618,-4.029726558963195,57.26349382211041,4.026463843339326,1.309027094714689,1184.2414243584435,24
3.2697152854591014,-4.026869303343312,57.3984597566112,4.009378458490435,1.3122867180022182,1185.9733611858444,24
3.2637450221358546,-4.0335907083473455,57.53275640121359,4.030995558429238,1.2901574515349028,1199.5466098406455,24
3.2574861697013806,-4.012762271805315,57.98316963145275,4.005889270479316,1.2891108634456103,1204.4691558231582,24
3.264696795419352,-4.01527287628477,58.26867392836817,4.025225130927484,1.2904113199537162,1211.9082645643623,24
3.2560558571720755,-4.031494484831955,58.20523359286075,4.032694235542752,1.281836593387932,1232.8832417671256,24
3.241683142074686,-4.0313788976100895,58.17688124700887,4.03086397663647,1.2654839083058944,1243.3444953564776,24
3.238612040778659,-4.039328846710407,58.5667057163668,4.035673662526718,1.2670201781569728,1293.5727813922806,24
3.2380947529874886,-4.008862391212918,58.271922231509976,4.023157176592492,1.2657040776006434,1255.2567348859168,24
3.226549075928745,-4.028184278121847,57.85543739874632,4.0014662332092685,1.267115616640508,1267.2362165640525,24
3.2271473944581897,-4.015678497339716,58.23420846699089,4.00329231742202,1.2586645851072098,1278.8523943566329,24
3.228596946261576,-4.025563937938766,58.1950436775258,4.011587976619897,1.261648363624977,1269.7996745330609,24
3.195851400198526,-4.027801788405867,58.16802619782505,3.999973245014418,1.2415651548777196,1357.212368390418,24
3.238158603377689,-4.010505695216703,58.1331672668457,3.993703453746063,1.2838260464320908,1285.6609501112375,24
3.215921125664616,-4.041217226066337,58.35267495161651,4.011352466431675,1.25775192904946,1314.9228070998035,24
3.1911747739804497,-4.041387668508568,58.3294563546086,3.9958441225898182,1.237361229808125,1325.3301727092824,24
3.170192309562734,-4.0318083005235685,59.2296533647752,3.996496127930698,1.2027592587944689,1353.0342120240066,24
3.1906354948384874,-4.016493765723626,59.22997635089799,3.9907059685283937,1.2256480179085636,1366.2644778624276,24
3.1853155647682034,-4.011961355904081,58.822578910170805,3.9892978020851184,1.223983378599811,1374.8834479123557,24
3.1635516621419133,-4.03938305772693,59.38833913739944,4.012399660830466,1.1896373704569223,1385.6475547133696,24
3.153811246354058,-4.037853957801465,59.52025056043208,4.012722681689736,1.1767011549299125,1395.3771051065808,24
3.130936741039453,-4.054922937557397,59.732388704817815,4.02129118016224,1.1455287435986348,1399.2367541584747,24
3.146795738611789,-4.020811696715702,59.50896863116333,3.999843984250201,1.1754953048087111,1413.693946282595,24
3.120878666441961,-4.02511339945509,59.70117692757916,3.996581469150569,1.1520042679957203,1441.442622911062,24
3.104422105069192,-4.0241366822198525,59.73930732777577,3.992477050680199,1.142405915733994,1471.9553626862585,24
3.092163584879692,-4.041579448624162,60.1214004920808,4.01449766538001,1.1142771188786482,1443.3771261253105,24
3.0625020731363866,-4.031680062906632,60.17948494210148,4.003280456492443,1.0859173425775492,1473.821028753622,24
3.035009835729536,-4.045158471492742,60.3897254388064,4.009997680487222,1.0625525357707446,1477.260822220354,24
2.97782876002078,-4.053438256118471,60.40790108181783,4.013256041419427,1.000418429343116,1499.7186360138144,24
2.9607253358853565,-4.06468597626844,60.61625300022151,4.018292177591892,0.991171577513612,1528.967839727339,24
2.935684301995284,-4.047315471219701,60.74352011775339,4.006969391904919,0.967772451852331,1536.7533355106582,24
2.828959144503864,-4.0540350888738566,60.82528971994161,4.011872923137337,0.8766447005682427,1572.1827473419396,24
2.7337189747008264,-4.033189003041248,60.79340511599913,4.002281138439052,0.7834892908468939,1575.0450504126136,24
2.608155920016053,-4.040089424082775,61.10039073110416,3.9922060398076535,0.6523179751358269,1596.4115814815302,24
2.4900016626774857,-4.025042518085201,61.04394783878958,3.955836283450095,0.5474954034318971,1638.5990499534353,24
2.3257143907989075,-3.91075611746074,61.68303392422912,3.864630054953869,0.3562893780651444,1652.9701647221652,24
3.096824437577206,-0.1553827482738213,62.711959384135056,0.1934347725072412,0.0002818923468223,1615.4401402757655,24
3.1925775862687478,-0.0297066402677075,62.14723539036631,0.066539381538203,-0.0014899308509532,1619.295071431343,24
3.219102382659912,-0.0094982851296663,62.43745803833008,0.0380929186940193,-0.0148458282928913,1597.432373046875,24
3.840948820114136,-3.902581691741944,45.19275665283203,3.920090913772583,1.9325348138809204,-14.171903610229492,25
3.8216331949170006,-4.047533873743659,45.58101871669693,4.056527118554851,1.845504822346988,2.951051305604461,25
3.817384942265965,-4.0258781285894,45.85485097385893,4.036306547638554,1.83405952565622,-0.9764810632539288,25
3.7946085305821975,-4.052874945954189,45.5281509553026,4.061930755640836,1.81431496463366,48.19763854366021,25
3.788858919335692,-4.021556409413383,45.39733067454908,4.011903794819877,1.822387744116303,37.346895281900494,25
3.7601182716804864,-4.062451298604875,46.10539245605469,4.073284795620298,1.778941599314645,71.72154619869771,25
3.7523366812891608,-4.038931251372267,45.95185524345244,4.039952646165887,1.7798867321654457,80.36072565885198,25
3.745210325957945,-4.026068658636721,46.34673724078492,4.035468859960569,1.7674821887240315,74.32380338323196,25
3.726186347487789,-4.020722565234908,46.48178656149231,4.040665044080491,1.7456612426962628,66.35585539132956,25
3.7225706737313495,-4.03302360381056,47.17878487606176,4.05093594365472,1.7372504056700124,82.51183022108654,25
3.7237804736066975,-4.039155822472284,47.37408923462733,4.060305669003685,1.7331771842585313,74.74738526824338,25
3.701327055092626,-4.033055727913876,47.64048078396176,4.048815727233887,1.708373797019856,91.97661175823852,25
3.7020803665954793,-4.019982533166872,47.45791866635316,4.028602347277955,1.7192543753041516,99.17389750640665,25
3.6943188977721553,-4.024724717108195,48.21014322370491,4.031453612666802,1.7036573830866977,114.06571586660093,25
3.6810040169914298,-4.024659025589092,48.14147314289272,4.035283536718996,1.682767793636194,104.14948032046324,25
3.675385316746347,-4.026179038438221,47.79707856146281,4.031978299953794,1.6842354632064,122.68451537061856,25
3.674300592217669,-4.015275590371766,48.01782508184446,4.022149015593048,1.6830578746411624,113.39427098011808,25
3.6741347152914776,-4.03054287289613,48.15209771482736,4.024885856065174,1.6867879029088373,145.10535261935036,25
3.660140479171036,-4.015953739217464,48.42600700839254,4.019428121963603,1.6655234826491183,134.96171569824216,25
3.6432028616834806,-4.02459737598496,48.845501330074846,4.012385310742679,1.647328771200756,172.3732048905135,25
3.6356256472184354,-4.028268641273447,48.76807301156473,4.017403714608826,1.642132843100785,182.14072925132396,25
3.614340378934105,-4.020897311652266,48.92100970377058,4.011691346264525,1.6191347125392632,204.62889457549025,25
3.621593345731697,-4.027333720418431,48.86044178393063,4.024086449770319,1.6260476560400636,188.00243372565149,25
3.611834196436325,-4.012736186085132,49.152258700172375,3.993193623203559,1.6215283478666471,220.60826827695695,25
3.621433682089684,-4.048593789939113,49.72111032473161,4.04272752160194,1.6294851463113056,241.34691082231151,25
3.5875870989473078,-4.053362398339598,50.40596471696892,4.039476007423145,1.5857733064049844,264.6025765438208,25
3.593754758770834,-4.033354365585635,49.8815408745068,4.014224695679325,1.5903875147736313,247.56547915055447,25
3.589573719357484,-4.03416394867353,49.91169472508783,4.004129313782558,1.6000187485010031,277.7808186575869,25
3.598003136231595,-4.032344206867602,50.0299887945188,4.014755818667828,1.6101979513296345,272.68967289252566,25
3.585440792493372,-4.032966594568035,49.70703729207084,4.004151830737222,1.6021168984022718,283.26411816897814,25
3.581912035910076,-4.025606680236407,50.11273940937631,4.027121886310962,1.5844415634270483,274.571439807047,25
3.578227912019563,-4.032479068576889,50.37600408464471,4.020764901334007,1.5932983224023909,308.69167394446043,25
3.574884104248661,-4.045780258690751,50.57709446849439,4.014847816236867,1.584318673850706,312.1919897706717,25
3.5604539429581403,-4.0456622078914775,50.99357973649198,4.012459287707437,1.5625420832793984,331.6081772362626,25
3.5546109084314947,-4.0391711804690775,51.01930723254313,4.027295387831311,1.5690936202170864,344.6741617701997,25
3.5504708674130026,-4.049141925453339,50.89906638740693,4.037176570636314,1.5606829768059238,340.1896538446414,25
3.5369077688895616,-4.035706062444905,51.04621958892617,4.017822019205798,1.554385490065453,374.2980410172635,25
3.5233150360568257,-4.037561490231712,51.44683072390973,4.017895100100729,1.5325624342732782,390.6703782049602,25
3.5252684826818887,-4.043101313930229,51.28228647116847,4.011996102813106,1.5447119402405398,387.4620396146837,25
3.5277151837444944,-4.027049698285609,51.27946484968966,4.008132033700111,1.5623471608897983,391.5455164557336,25
3.5175637654810146,-4.042060864851779,51.62815634196237,4.030201345482128,1.5286695573153912,403.2118962435114,25
3.523841313867761,-4.037765573335174,51.33478809843128,4.028444312562878,1.5476189579739668,399.991439716928,25
3.511122839562845,-4.024355168310588,51.69967405588035,4.009520825123627,1.531257458181189,417.12467557151854,25
3.5171538199354337,-4.010244926350229,51.88357551625911,4.016656862809354,1.5313367795624189,398.6385612743813,25
3.5049395913245696,-4.003302150124672,51.78157760312893,4.006787514526572,1.534403210518344,436.4030534373034,25
3.484345148073747,-4.029241705900871,51.71236043328407,4.004280605572182,1.5193397302755574,472.4334135119547,25
3.496269266077336,-4.026595160465113,52.01502895995274,4.01757022998477,1.5249222148984871,459.76418903530055,25
3.4905905467551825,-4.023230597476831,52.024259400847775,4.022668624084268,1.5135630961232538,452.04229715846526,25
3.481313356617153,-4.019847994682773,52.45041848509104,4.02053549785742,1.4995224483861218,466.2159442261561,25
3.478215155185469,-4.014656063694282,52.17089390594688,4.012017864508917,1.5123714368615375,497.15406625222846,25
3.4777756025327133,-4.033451099523762,53.01848494766543,4.031821855762661,1.4954422096278044,498.6265232162989,25
3.4653891749029992,-4.024071757425398,52.68258774520567,4.027603360630522,1.482286322836908,497.9034665510957,25
3.455727956439025,-4.024876520937721,52.91529953719785,4.016029796344322,1.480269811297423,526.4317819480128,25
3.453131424500638,-4.001669963734262,52.72167359422517,3.9846536937175983,1.4858895004195656,527.3346893515362,25
3.4595553138912125,-4.006727586656608,52.93755568433928,4.007907284986253,1.494839324247117,549.9127549549079,25
3.466113776968629,-4.024469234799379,53.47202298465191,4.023327702643887,1.4901865840758255,545.7833088100354,25
3.4463398408569748,-4.026336244288707,53.55455590574533,4.035929635067114,1.468272371580137,579.4056097453073,25
3.448098811527226,-4.020091594465627,53.13515124224976,4.012774189046565,1.4817189330222622,589.2340599930526,25
3.44442032327588,-4.0210568248825584,53.53986110303226,4.028261543120314,1.4684178781189374,575.7008019773752,25
3.4388522285743046,-4.011717303487278,53.12876205956376,3.998045412486032,1.4738987500235536,589.0362380879035,25
3.436807776457512,-4.024775626675394,53.24529778397324,4.027537880327878,1.4652780942468835,599.2956149722106,25
3.425331854980264,-4.013875922900718,53.29326550272487,4.010105401877589,1.4530855897288997,598.4548462733326,25
3.4201132531134077,-4.041399606922329,53.89828189107396,4.04223299986564,1.4344994333766452,644.6123431929004,25
3.425745205591189,-4.025223645587896,53.434636084025335,4.022524078420345,1.456091707984873,655.9289845716232,25
3.418693294461141,-4.031083903856725,53.98679182833473,4.027308537656029,1.4427231734231016,680.9511202613779,25
3.428337437994528,-4.01267567576978,53.58423696428337,4.01142843297664,1.4638778123279546,669.7610711219327,25
3.4069118883785787,-4.013991003868564,54.10337274026551,4.007495368087052,1.4391003167069198,698.8262058744494,25
3.4154903968708625,-4.018822058735278,53.98823857147422,4.008746819208132,1.4478454733854969,669.4004049621178,25
3.416877116132903,-4.019576299910577,53.83004730019793,4.021054827926943,1.447983760161688,677.1824742259593,25
3.4035204624969686,-4.023674238448175,54.29577954183489,4.023142411404808,1.4310256586778884,732.575657377307,25
3.394405867429388,-4.027990165172807,54.13129235594064,4.022184698373679,1.4220891862907663,738.3965269767198,25
3.3958451347863114,-4.041738110100663,54.79980192248453,4.049665326240079,1.4031877837725133,698.6248504843488,25
3.377574837447813,-4.020679032242538,54.26365190544384,4.01488588000304,1.4037549919730066,751.398528847918,25
3.384747663600333,-4.021822836575092,54.64449548401288,4.016861086723789,1.4079391020256402,745.0306146608901,25
3.3700530385011,-4.035722598133472,54.727539779355865,4.028578412612813,1.38730444124081,769.6436403005715,25
3.3827679349272044,-4.03071247331248,54.534417888462144,4.025357761639077,1.4042914337759849,753.420580972761,25
3.373377889594776,-4.01180580958424,54.85115376414869,4.003211821485686,1.4072335822470234,822.803657275718,25
3.382564727091949,-4.013919955131992,54.7456408251052,4.010996485716545,1.4158777158532367,813.3802654087145,25
3.371881859414529,-4.0279366506026095,54.6400182839208,4.01695868472925,1.397642775669994,814.0979872325922,25
3.368140411056928,-4.047888330165172,55.57934007068609,4.044204849524786,1.3785621863883613,836.7601895940384,25
3.3665974460192176,-4.042257113744748,55.08854846826336,4.031183550021792,1.3866821415472352,853.5067859624056,25
3.3748039783247363,-4.035994958557539,55.32177936630761,4.029706871749571,1.3947854186064443,846.2672373112414,25
3.351794370868862,-4.032718027998137,55.39327467847991,4.017675150160822,1.3692880180858122,843.8285354511847,25
3.3550252690411253,-4.039616120741671,55.4654686434957,4.032488307696861,1.3724154777974893,876.9522205327181,25
3.358141468675345,-4.031108715390199,55.59623331671594,4.020441407325284,1.3784219314587998,896.5370450627881,25
3.347693766523528,-4.038446157570653,55.21084694574344,4.0259844952781725,1.3657162573513568,899.7363912083159,25
3.362646619745549,-4.031858933852023,55.6126823425293,4.035408404049457,1.384200209739224,907.3836395468488,25
3.3407561795023466,-4.044947208174123,56.00828646973476,4.048600859290001,1.3485226263135872,912.980831683882,25
3.3496424207751385,-4.031730888673923,55.80290191445575,4.035139323881008,1.3676346212425488,899.1789665478187,25
3.3372196159106773,-4.019090930887517,55.50047033425145,4.010910190991908,1.3613514172150785,921.1131862153944,25
3.3441313897203275,-4.020582227898924,55.44351631522978,4.017440523877239,1.3729563543460512,954.0702408144144,25
3.3430945729249277,-4.0470217698372455,55.7824234674441,4.036255721277839,1.3592357339474976,969.8974101431425,25
3.3434569835662846,-4.037251437270402,55.64836445750806,4.034453811261478,1.363448479831619,952.9403203157768,25
3.317277100262226,-4.0402595660830505,56.24407715765422,4.017113663206165,1.3338491108593524,990.6393461291424,25
3.337627004457,-4.007376376414459,55.605267902348665,3.98921794219305,1.377329385520628,978.361401449114,25
3.323632797138803,-4.032808607856699,56.26080578285576,4.036471117262872,1.3422569788542371,1042.804650223495,25
3.318442584684231,-4.03306271725853,56.00120856777934,4.009231756197527,1.3401566015793973,996.1863554884123,25
3.3217435939199973,-4.0277878806095,55.8610912809436,4.0041082881441055,1.3532772808266966,1037.8344333315856,25
3.3107501756424877,-4.052200166971091,56.62754919064925,4.02493366459072,1.3246761624445051,1031.1227576748638,25
3.31729520727324,-4.042154145720821,56.27608146923501,4.0227691247159205,1.3433514801447823,1056.6772854184144,25
3.3098142915124065,-4.033264918615354,56.47058533022067,4.019405236980259,1.3255968197880177,1020.841211920617,25
3.3142582122111484,-4.033641776782554,56.92919363751507,4.037273333376686,1.330597371863039,1056.7721815685295,25
3.2945584450792147,-4.036180512217067,56.67828463868007,4.009932399596144,1.3210047459442344,1083.6927719628252,25
3.284226894378662,-4.051027688404058,56.85078089669247,4.021839449069644,1.3074027403889086,1104.7362445600882,25
3.3023912042579395,-4.0363958537978615,56.15477025588887,4.013555353919932,1.3388765906327522,1117.120242534868,25
3.296401988739935,-4.031722433615051,56.69179857497247,4.023893919567134,1.3211577250653466,1108.2637890297294,25
3.281464816739895,-4.056502835062526,56.95652187270606,4.034368409406419,1.2935294096901913,1113.3036380230185,25
3.276131943568287,-4.035099138349495,57.33142071922353,4.012117734691441,1.3160352890923517,1171.5795554346691,25
3.288275624281608,-4.034967124862159,57.11277064381029,4.026680783137379,1.3152751594581864,1135.0994627267714,25
3.265675600743134,-4.040668327536359,57.43652008363865,4.033725348094966,1.290546016405093,1173.3585188692848,25
3.251624696206726,-4.044552537418852,57.43587368446709,4.0271477699279785,1.2740368499051802,1195.9648773398176,25
3.277112216757448,-4.032116099492016,57.233450332744006,4.038079578604474,1.3100253527596493,1188.666748046875,25
3.277156919440967,-4.027776446118451,57.18571615539141,4.006151170538576,1.3220847917083125,1163.945748348364,25
3.263170645540993,-4.032214110329647,57.384012388703006,4.025680650800666,1.2965658807114466,1192.5897618236158,25
3.262914851207861,-4.0275105661993855,57.73473557849859,4.020000137738734,1.2899569921045495,1188.4405771549916,25
3.2659845848211506,-4.008764455782488,58.1186855751396,4.014245775722017,1.2950777735486128,1209.9512202115666,25
3.2575187347079284,-4.0280712338902,58.17419671692304,4.027381557746222,1.2838628588106806,1224.9226393731649,25
3.251019231425036,-4.025415052503547,58.15200344828151,4.030891415256782,1.2787152032724165,1237.7917570587772,25
3.2387623498903824,-4.0390251370884425,58.293454215030536,4.026038989124682,1.2693256091751508,1272.3974248898903,25
3.2442536770097363,-4.0160897722180255,58.48642589901918,4.033284875370512,1.272342025833642,1265.5988450018356,25
3.2294322356281664,-4.022569672373317,57.736872807445145,4.0082827510449714,1.2644366353950245,1251.9752369311032,25
3.228803461830088,-4.018205684303437,58.0577563855472,3.997532791739342,1.267904788055676,1272.271254981124,25
3.235733169837286,-4.019131775670403,58.07254071843704,4.008926045974629,1.26994952339454,1258.1922992475882,25
3.206165643346389,-4.03144635130095,58.00539372591364,4.001684403259482,1.24781049978013,1318.2763073812396,25
3.23208012996904,-4.013859422414895,58.02206295448661,3.9942977556446255,1.277606724892686,1288.9555991768043,25
3.2261612319306243,-4.030797967974771,58.11160664910438,4.005077173245833,1.2714538078180098,1297.957303245595,25
3.201777043758623,-4.045308973965229,58.244225956449576,3.998797234272797,1.2480559709088117,1310.4810479695363,25
3.174499506918376,-4.031819474777119,58.81309307021582,3.993227227422215,1.214264204838132,1344.6660713349413,25
3.188740891898238,-4.025131091175464,59.34078726032437,3.994504115725524,1.2210437835462935,1352.009614880453,25
3.1931063856854536,-4.007700888102487,58.77774493326277,3.988274820698988,1.2290123317065655,1359.3058008795615,25
3.176624298095703,-4.035577121196977,59.18449959978961,4.00692341311666,1.2040035492621814,1367.2489832935717,25
3.159708127079394,-4.03549503480028,59.50956103945739,4.011917434282751,1.184735855000131,1394.4309475277894,25
3.1379312636868266,-4.054800881635423,59.557833933990274,4.020759624122773,1.1542141933569172,1390.178694552223,25
3.1557019812948752,-4.024689965600135,59.488129839801154,4.002656277394135,1.1801178479354653,1395.0446269400163,25
3.134600674546005,-4.018989274965836,59.58743908261293,3.9944978768393495,1.1651480669943282,1424.46638970087,25
3.117953460488544,-4.022682993204001,59.569563155206254,3.9891157726313446,1.1554146677055617,1455.9738105927534,25
3.109853264469429,-4.03502737275706,59.90222467512092,4.008995859414939,1.1371826021463285,1436.779173985424,25
3.0752665836539044,-4.030653659129303,60.05962046680835,4.0051593876525065,1.0954771457902537,1455.4970866977765,25
3.0577914714813232,-4.036975966203933,60.16726154609015,4.005394545177485,1.0867743836153276,1465.2836840328755,25
3.0017969304283194,-4.050592476889591,60.294485591402,4.013201652757274,1.0223767517397069,1484.92106474806,25
2.990431387152448,-4.061020479906325,60.44368646608904,4.018705614461195,1.01751387039287,1514.1159749895137,25
2.966701240347536,-4.043863114094575,60.563613046735725,4.004347292368844,0.9956137621962786,1522.302534474622,25
2.874414848801275,-4.056040927067699,60.59833757029283,4.013243428812731,0.918441838466082,1549.230390919934,25
2.788955104431051,-4.029948826604242,60.731114509121696,3.999992229794496,0.8354559832771362,1566.1365483431214,25
2.6783326216192065,-4.0315805249566194,60.98171159885073,3.998345199047319,0.7204678546662311,1569.2614967294985,25
2.575443107809797,-4.018952308885203,61.09362790408551,3.96574779484896,0.6281572704347195,1614.900069473574,25
2.438153684539284,-3.912651641256861,61.95229344720007,3.891598347849496,0.4471124954671688,1627.9999025076029,25
3.12506944541163,-0.1211309347976784,62.724711910990266,0.156499027055783,-0.0069725780541564,1613.2179725186138,25
3.1962199307128087,-0.0316996955556558,62.14320688439696,0.0675377105206452,-0.0024264578820025,1612.4700886771182,25
3.2229151725769043,-0.0103988610208034,62.426361083984375,0.0388034358620643,-0.015455225482583,1590.343017578125,25
3.840571165084839,-3.906486034393311,45.1952018737793,3.923098802566528,1.932320237159729,-12.165170669555664,26
3.82000817052576,-4.050330739937081,45.58720107425917,4.059538838089696,1.8438395514393484,5.002009941252652,26
3.815609153532824,-4.028708353737332,45.85550699802424,4.039244632847262,1.8319993050682624,0.5644435393099769,26
3.7931443713358695,-4.056646416518862,45.579568900809385,4.068078877910083,1.8111177019725573,50.7745097078235,26
3.786656477593428,-4.023973976539461,45.325434956329545,4.013124715413479,1.820710239031457,40.67726448513814,26
3.7606059747026457,-4.062378450734726,46.122873192591385,4.073865798924932,1.779549487379213,71.74942592595589,26
3.7517454624176025,-4.043997673009405,45.98508670630044,4.046542489765495,1.777025244883354,80.30683130933751,26
3.746267460829375,-4.027187849512163,46.34228588887398,4.0359171368428415,1.7704328953825086,80.87385473188183,26
3.722844651203282,-4.022461900647903,46.435123569918,4.042152208997714,1.740587083709161,64.99758961658605,26
3.7216841495589694,-4.033166648536328,47.08229850617466,4.050857281842768,1.7378753171061838,84.65562292440048,26
3.722729146085828,-4.038797451170865,47.28677777422974,4.059481055531281,1.7330822881483874,75.23440107130847,26
3.704759935669552,-4.040075002127136,47.76779723009526,4.056670242587463,1.7095050124932598,90.02908496983005,26
3.6992462044520096,-4.022457463851827,47.440560574563136,4.032915064830654,1.7142621081396443,99.44212972880987,26
3.689550016100044,-4.032943040329889,48.25711398093116,4.033879813769006,1.699163986357632,128.4978177405351,26
3.6842392327769695,-4.0215077968622674,48.15325864577135,4.035146852202763,1.6868223749249187,98.58690203736164,26
3.672569322270273,-4.030306879258314,47.80303187086093,4.036302563370459,1.6792979737780742,122.33184854873758,26
3.671839006689211,-4.0174436474478,48.09423686652784,4.027587034844405,1.67654639600918,111.17865626859351,26
3.673040825799601,-4.029984218395309,48.11712239751753,4.024267038762175,1.6852083269333995,143.29817573597893,26
3.668762930181642,-4.022841254606941,48.28534978904472,4.025111277371843,1.6757904164838475,133.57601746818085,26
3.641297283551551,-4.021158818377565,48.87837055029458,4.015088315041649,1.642306931760927,167.58853826459674,26
3.6394613768091264,-4.036291258224589,48.83624206947175,4.019010265931389,1.6460940356286156,189.22149840095972,26
3.6218659135679534,-4.023938460065829,48.89837416592023,4.01721894977898,1.6278610142650984,194.93693330272143,26
3.6163115785611386,-4.025029280327804,48.87087762592644,4.017699980577886,1.6209471075740085,198.0502034370473,26
3.6116148999195214,-4.020331606959665,49.23984664007528,4.011287240792584,1.6117160707120075,211.4620395685664,26
3.620859534535187,-4.038363879879579,49.51328598426667,4.016702607767472,1.6344186114949106,243.47884353738743,26
3.595820411151608,-4.06101931009861,50.325582567429706,4.058136529480384,1.5970633669404792,263.7225533794884,26
3.592597936162885,-4.038704212138195,49.94399514103567,4.014755994278864,1.591206995856683,252.48853963889823,26
3.5861344653249576,-4.041167688685537,50.026250927653535,4.014279210804314,1.5895739099047832,268.3058835465387,26
3.6021847330181807,-4.033850641440082,50.117616590285145,4.016103589771599,1.6131298463076156,270.8805341910052,26
3.584472018361881,-4.036312074850726,49.70599926070662,4.004426981439654,1.6059333678112917,293.4373609530215,26
3.585794392011024,-4.03008310368519,49.988525542202375,4.0152734983835785,1.5949000475422437,279.1858548802256,26
3.576330808614264,-4.0262380688395725,50.341189908665534,4.021660634223989,1.5818024494790084,294.5906196240558,26
3.583124631288036,-4.047164961202255,50.38236052153126,4.028327600845438,1.6035159763121447,321.23328829127433,26
3.564200055520266,-4.0426261409229,50.6938007683154,4.003928939238289,1.5652133384287752,322.1482174096519,26
3.5627546342003424,-4.040059070713473,50.86249143082575,4.027423574435001,1.5744463268494764,330.7890186436131,26
3.551911110909569,-4.049330881889293,50.87468959479932,4.027026236452015,1.565667297666436,344.2302005590982,26
3.541524356564149,-4.04227360036989,50.9598190105514,4.031677040832721,1.5534265530819924,356.2625247374276,26
3.529645111387139,-4.039962099087949,51.28034326414399,4.012151853927714,1.54380590868312,388.36409875730817,26
3.527815419317081,-4.040195076670868,51.30345931905784,4.021170467730389,1.5407067726779458,382.3851259749456,26
3.525117086258945,-4.033934327940278,51.18428774701049,3.989413940353898,1.563525451729629,405.9056054930024,26
3.523769983392677,-4.032988403017158,51.54753062267177,4.031374675548629,1.5415171124287783,389.0731896406768,26
3.5241143498199667,-4.053781203086802,51.835360318619685,4.028152892131679,1.5377697581486989,409.35470298110255,26
3.5145954801546817,-4.02952871891047,51.47031819425671,4.0255287309356085,1.5394368061166726,413.5116627674229,26
3.5214848028902974,-4.028001804225492,51.77053390907136,4.005535040470149,1.540534318677637,409.3006015802849,26
3.51232712000411,-3.998749227713276,51.85666042605773,4.012078427321074,1.5350237982162578,412.2813902595975,26
3.489272286560362,-4.018470451531821,51.7885802313192,4.005409123881763,1.5207508297156025,461.61315473341807,26
3.489010188753242,-4.030598027816671,51.887661510745424,4.005411798590856,1.5232773861348234,472.3295864079961,26
3.497672639935222,-4.027232144842085,51.88066629068741,4.024258136749268,1.5236858697916498,447.9795796981711,26
3.487198526496129,-4.025381906143087,52.3282170327294,4.022682534148362,1.508331273565229,461.4255134633045,26
3.4809951655912084,-4.016162853367281,52.30312478779168,4.017554592612563,1.5088113443740947,484.5095904015548,26
3.473944297689476,-4.024489484875407,52.50643122590931,4.015118261046757,1.5051706034616128,510.4366172133691,26
3.473432959310266,-4.032432843517784,52.97833269637152,4.037388766838225,1.4865712858983222,494.7855046758587,26
3.461908446242478,-4.026312853326861,52.833106590422574,4.023994951058698,1.4834895481336985,519.3837882540873,26
3.453816368090396,-4.019631022649095,52.894103498648334,4.004452705383301,1.4803253159617746,528.917954198572,26
3.454866575089512,-4.00197426372806,52.78003386945914,3.989276735987884,1.4895452663598472,538.3836560786166,26
3.4639859752149773,-4.0124938661689,53.1033394163018,4.013930143899476,1.495892001303616,548.1741878686362,26
3.460882469518295,-4.030361207115729,53.603399011473,4.029130935668945,1.4843131209051372,569.725281974338,26
3.442358305912144,-4.026026062618028,53.48775065339954,4.033609737623606,1.4647249599166263,581.0886250679066,26
3.4503033713789177,-4.022405810703505,53.283640829932615,4.016316657034767,1.4833773658765073,597.9326927740841,26
3.4419812682448634,-4.017957355802422,53.47467359328112,4.020072400175183,1.46997473255688,584.207054289761,26
3.4401480441061865,-4.017983793422876,53.19674536092392,4.000665250992933,1.4774091322690446,604.953092259287,26
3.4318975297031025,-4.022564389058296,53.2512104716522,4.025797338675189,1.4605368675775086,603.1002843995757,26
3.424881052497207,-4.018926244697823,53.50141217061226,4.015110180077963,1.4504372781475647,612.0036269434241,26
3.417879805659616,-4.044475928047635,53.92629486993448,4.045704743720048,1.431065710964582,654.1657844189776,26
3.4284920360868343,-4.026359264424305,53.54934780802948,4.021086572811304,1.460015754036556,665.564281741515,26
3.414148234373686,-4.031535069674056,54.00569468618229,4.028122494552309,1.437235529849071,688.5729588388607,26
3.42776539625711,-4.012530888942694,53.6412130949513,4.009945594711809,1.464266626250665,676.5127312868636,26
3.402147943610387,-4.01613704416136,54.23477198114458,4.007838173417856,1.4335212383838678,709.8915344642488,26
3.419656780381866,-4.01998110638549,53.98054855548783,4.010568719825997,1.4524065982427032,668.6845577821033,26
3.413530103418211,-4.022478176268521,53.91300870882755,4.023683532184323,1.442939200148677,690.6462632741362,26
3.40317109089024,-4.024103429933257,54.35538555928414,4.022865686985041,1.4315221357029797,741.6610645016298,26
3.392921851960239,-4.031466970380569,54.18276040285629,4.025228888783234,1.418854198708439,744.3956193734477,26
3.395643548460196,-4.042213531519404,54.85365131201333,4.049977608863881,1.4033426267421798,706.2213878505278,26
3.376246573909229,-4.021464666783415,54.29097884222372,4.014011714632148,1.403527064828683,760.9448577678758,26
3.3840215932454494,-4.023426052750342,54.70296276168318,4.017868436724934,1.407215101039962,753.8008220748399,26
3.369918250090239,-4.037513852908911,54.75795975741961,4.029042613427371,1.3873377533148457,776.2787786824813,26
3.3825259777094354,-4.032054771650706,54.5745981986949,4.025838160356938,1.4042450268537006,760.2167273515109,26
3.3728424855415398,-4.013295202065778,54.8902185200066,4.003829501322563,1.4060817088512396,829.3315187163702,26
3.3819267702418445,-4.014496035923232,54.80715677122407,4.010465192479014,1.4152148030451592,823.1548134506933,26
3.3715346175313785,-4.028243753294282,54.63060280503026,4.016093595138448,1.397853638162676,820.1809013316173,26
3.3684032279134586,-4.046958067559249,55.5752717327598,4.04108500638545,1.3793607168639728,846.1994576359424,26
3.3636621892057508,-4.045939767597527,55.12732196327866,4.033643738323489,1.3810981701541425,859.7577704625415,26
3.375888900251578,-4.034999610572461,55.32705051851588,4.026245890863684,1.3979855175839353,859.5212681246117,26
3.350651701554557,-4.034603264158135,55.45957926567027,4.018769381062085,1.3662348488308735,849.7034726174462,26
3.355537201395098,-4.039824068941028,55.41331916455401,4.030026906373485,1.3732498173682106,884.3279604880225,26
3.357492871631849,-4.034361656138439,55.6594977473581,4.024717201460276,1.3760665497243012,897.9098045904911,26
3.348235945038448,-4.038641285422622,55.24127391789923,4.023536164239543,1.3669978814409267,909.2931280072952,26
3.358900035453948,-4.035722896752768,55.55700289492576,4.037654147242868,1.3789892772965084,916.516800836222,26
3.34367299079895,-4.043417396924354,56.00447797459482,4.046243399184271,1.3537927392302758,919.3961141219992,26
3.343864099868876,-4.041705501000613,55.95353299576716,4.039837417223596,1.356987487401394,916.162615845535,26
3.338239627168668,-4.019921056482176,55.49717037883026,4.015204290680538,1.3626231957745076,923.1195541280788,26
3.3387578702130853,-4.019424495318078,55.39672785878971,4.007975758306238,1.3703651215066974,970.7514854582734,26
3.3416912539905272,-4.045967512572838,55.85617340795252,4.038468689318524,1.3584650604930144,981.8260696107976,26
3.3463313816398976,-4.039185463987439,55.65681156891071,4.032042162307841,1.3669368423373494,959.0675889577296,26
3.317533622514333,-4.040863911837142,56.204772140806085,4.020218097610979,1.3355344620761491,1008.216045051221,26
3.330187862282558,-4.014578696118285,55.783632973172,3.9918342110337006,1.3652905281016376,993.0306194381204,26
3.3261538530817094,-4.030770898654761,55.91579502939389,4.029198687597616,1.3467135484644903,1024.4013320215502,26
3.3147963040711863,-4.034364052955678,56.26543355777563,4.018120200428742,1.3327225280913295,1021.59084011861,26
3.322945975309965,-4.024685619682666,55.70311547588828,3.999564208731746,1.3570323219362477,1031.3731891556297,26
3.307749639283742,-4.049450088020982,56.54186145201424,4.02304397671428,1.3231535107884187,1045.8561470082263,26
3.3154746222969718,-4.047229735267083,56.45642883098677,4.022739678818659,1.3405717358683908,1057.428405357513,26
3.31344715648929,-4.037235449481484,56.311991735799424,4.022250162844626,1.3344905794851034,1044.440760328279,26
3.311467188083573,-4.036861959672132,56.96401735015263,4.032219021525604,1.3300302565492543,1062.428761867498,26
3.2966733657761127,-4.031681237631286,56.89917376183516,4.022237291399216,1.3199325594680988,1098.716205116929,26
3.281092656369241,-4.048538729055038,57.131487739007206,4.0156415377231625,1.3082346529360638,1111.2020166662355,26
3.2984861380217096,-4.043159854333132,56.405726477010354,4.022344892388148,1.3288064476670025,1117.9687540420634,26
3.295538235973838,-4.023178429003583,56.45665152341326,4.009359549212929,1.335850741689568,1142.2657341357096,26
3.2871668101935985,-4.055265300321263,57.04685713913267,4.0413571793512,1.29529154774369,1100.0773367976512,26
3.2716304055902343,-4.04123294906111,57.23508794418234,4.02007343595391,1.3037507123505043,1182.0021414851517,26
3.2883769471124307,-4.033800403013924,57.2863330462121,4.024759633651632,1.3220993840931268,1147.8622084863928,26
3.271775474611497,-4.041082202204016,57.36350843922192,4.032920771087242,1.298204845150575,1176.7033747995135,26
3.2469589473395946,-4.049620849407272,57.5221440397351,4.034733604911147,1.265343201081484,1194.9799279219274,26
3.2656202411020043,-4.038100239456884,57.24986284773871,4.031357326254939,1.2954048210421938,1206.567952743429,26
3.273026335318357,-4.029898952964126,57.25497673994658,4.026676699025741,1.31013162957122,1188.636817376345,26
3.26967621796968,-4.027268270783077,57.39124010098691,4.00989714679339,1.3130370702175114,1190.437809622051,26
3.263666242953168,-4.033836579480708,57.52290857075066,4.030778067001444,1.2912725431240155,1203.5831355417013,26
3.257142150638909,-4.012950041436201,57.96864260742996,4.005386725166775,1.2900750297584282,1208.5534918576675,26
3.2644104562847818,-4.015414247449661,58.25479148713169,4.024543875890062,1.2913566519882504,1215.7716767772145,26
3.2560002282755263,-4.031703506873932,58.18491995097786,4.032328305654968,1.282904607570724,1236.7307581617345,26
3.241555971815097,-4.031600304786733,58.16496559799901,4.030404239300861,1.2666907428905665,1247.8138734931188,26
3.23865086669164,-4.0393155773743885,58.55676797525772,4.03580552221134,1.26811375365352,1297.6867126060638,26
3.237736896173843,-4.008896316124114,58.26231687432092,4.022397562368027,1.2667999922834483,1259.620755025093,26
3.22615258741063,-4.028182070776327,57.84655248881965,4.000959342678651,1.2678233945606563,1271.6537722151802,26
3.2265967170134284,-4.015685210954275,58.23150000666941,4.002818461285521,1.2592268274319882,1283.1445563107925,26
3.2281722075102346,-4.025523700461482,58.19679391620964,4.0116965533881785,1.2621657919410048,1274.1730965115378,26
3.1953158678597964,-4.027505078852571,58.16600357459871,3.999439766864903,1.2420121936608624,1361.5927993067053,26
3.2375512391526176,-4.010644104307061,58.13494256632218,3.993906415850911,1.2839445570446797,1290.3001749405007,26
3.215265772990044,-4.04112215231586,58.35425615626456,4.011445670727863,1.2577825832051153,1319.5688767591062,26
3.19043550743962,-4.0413215144580565,58.33468127724351,3.9955505566881193,1.2375565948865268,1329.8589424992242,26
3.1695812522180824,-4.031996149101005,59.24007041880627,3.996518971904224,1.203210906477164,1357.791044727856,26
3.1893931745693385,-4.016536466333251,59.23096867744496,3.990424520922023,1.2254782820379495,1371.1947514616102,26
3.183996603188925,-4.011988756672436,58.82581288925071,3.989065966069304,1.2235961718275057,1379.846490518937,26
3.1623185786190406,-4.039735563543458,59.39063962721667,4.012057860166032,1.189675437693564,1390.5412856348307,26
3.152013316059744,-4.038497807963795,59.52238226884248,4.012876993772999,1.176271557807922,1400.145787523282,26
3.129174161431016,-4.055385321181341,59.73822218534962,4.021279966594368,1.145102099867057,1404.174335808154,26
3.144519621173277,-4.021255859476051,59.526413519650895,3.999908933576369,1.174453934296867,1419.327866307947,26
3.1184218987723846,-4.025898087103635,59.72225462048259,3.996833250222617,1.150712542975975,1447.1296572653666,26
3.1016291135194285,-4.0246511010934185,59.75658730007955,3.992770624476553,1.140740955902251,1477.632119690346,26
3.088666443793189,-4.042385464472487,60.14734677447389,4.0144138367760265,1.1121272046044957,1449.207338446813,26
3.05890076523585,-4.032461725323405,60.20055093828416,4.003228737029018,1.0838188382963472,1479.331595515573,26
3.031049284713947,-4.04589723751245,60.41375570739342,4.009870453386117,1.0600591763755345,1482.9772690526695,26
2.9729003164152434,-4.054160954936451,60.426308941367445,4.01306985387739,0.9977298607889388,1505.2951926932433,26
2.956505928607965,-4.065259065059637,60.64045455124205,4.017875984015054,0.98882722538828,1534.1809001189988,26
2.93172329466864,-4.047626362731125,60.76957081169482,4.006542581596122,0.9655502268810144,1541.9141263646006,26
2.824177966212594,-4.053924607914804,60.84098922022132,4.010934491820683,0.8736401208189143,1577.9166647803709,26
2.72896135563882,-4.033597273542392,60.80942649083421,4.001440951366298,0.7807378358398839,1580.2670898437498,26
2.60459387223452,-4.041074168603152,61.10426583195365,3.991321394775087,0.6505261355677961,1602.0143921706858,26
2.488824992779863,-4.02583579511832,61.0547867073918,3.955151810551321,0.547490064671496,1642.8223440410284,26
2.335082594132579,-3.930239914268844,61.64803491049256,3.880452295012819,0.3687973472456242,1653.180807959955,26
3.0945371997277493,-0.1550908550521366,62.721423749102655,0.1921536155686442,0.001429600354333,1620.6645087437912,26
3.18993369948785,-0.0304015218372769,62.15470618443773,0.067522765834205,-0.0007145785347292,1623.9496310404595,26
3.216991901397705,-0.0090762539766728,62.443580627441406,0.0380680151283741,-0.013916395837441,1602.6529541015625,26
3.839211225509644,-3.906903028488159,45.21478271484375,3.9242467880249023,1.925794243812561,-16.0943546295166,27
3.817802020021387,-4.050895307515119,45.57062752182419,4.058654872146812,1.8400810683095776,1.5135029296617248,27
3.812898523098714,-4.027928249256031,45.85041092537545,4.03839490864728,1.8262739600362004,-2.957141425158527,27
3.790084086559914,-4.0527227504833325,45.50778378667058,4.0608458712294295,1.8071101750876453,48.32938073132489,27
3.783597456442344,-4.023814278679925,45.43501498248126,4.013847557274071,1.8147495469531496,36.65056269877666,27
3.754458317885528,-4.063511526262438,46.11375102481327,4.074424785536689,1.7700027646245182,72.01839122256716,27
3.746518202730128,-4.037146774498192,45.94567102999301,4.038748335193944,1.7728016183183,79.69145656276395,27
3.7368356778814986,-4.0261556586703735,46.32900658169308,4.03657903864577,1.756074854651013,71.29738122063713,27
3.720817185736992,-4.019057724926923,46.50019640535922,4.038165208455679,1.7392831299756024,67.52605953732052,27
3.716662073457563,-4.031259333765185,47.23239280082084,4.050012601388468,1.7288660560105298,81.83700762568294,27
3.7171651124954224,-4.037744799175778,47.49309998589593,4.05944366712828,1.723492074657131,75.0585503449311,27
3.692395656495481,-4.027968139261813,47.618475604701686,4.04251677603335,1.6991565114743,94.10322050146152,27
3.694395542144776,-4.017962661949364,47.54406820761191,4.025639662871489,1.710682269689199,102.55699095854892,27
3.690089997407553,-4.0186191217319385,48.23392416979816,4.02909877815762,1.6976248452792295,106.65871625333216,27
3.672038049311251,-4.024599655254467,48.13950755145099,4.035941452593417,1.6718584009118982,106.56389483890018,27
3.66998032299248,-4.024212518253842,47.87017177891087,4.029686283420872,1.6774570885542277,124.0995301427068,27
3.668285221666903,-4.013743529448638,48.02769913544526,4.020197997222075,1.67692760196892,115.99661626042544,27
3.667908465540087,-4.028838473397332,48.20952438663792,4.023063865867821,1.6787418956692155,148.135580320616,27
3.649067711185765,-4.011627680546528,48.54588194151182,4.0190445732426,1.6496082012717788,139.56742941366656,27
3.63818157524676,-4.025585222888637,48.8871383924742,4.014341982635292,1.6403280907386055,176.37068495879305,27
3.626884892180159,-4.02223928554638,48.79321515882337,4.019251707437876,1.6306000625765005,180.6075959076753,27
3.6056600422472567,-4.018889633384911,48.955092816739466,4.014404725384068,1.6063542792925964,205.97155782338731,27
3.613341788987856,-4.027329670416342,48.93646322714316,4.030461478877712,1.6127233376374115,186.15025638889625,27
3.608402295692547,-4.013330143851203,49.17722758731327,3.993240261400068,1.6195140658198175,225.58626442986565,27
3.611777885540112,-4.052602291107178,49.8872299194336,4.053519313399856,1.6153756057893909,241.55633256242083,27
3.5815953000171765,-4.048266887664795,50.37470191233867,4.033327798585634,1.5767286347376333,266.2237484906171,27
3.5860420239938278,-4.034108993169424,50.01435032406369,4.018180151243468,1.5800660558649011,254.7425673201278,27
3.587500968494931,-4.0296662047102645,49.94638827040389,4.003881644558263,1.597374178267814,282.8528388770851,27
3.588293307536357,-4.030482975212303,49.91071659809834,4.010575835769241,1.601881977674123,280.64140938423776,27
3.581734291605047,-4.031214275875607,49.87244211660849,4.007828361279255,1.5919211369913977,281.83755286964214,27
3.5737971002991133,-4.022345414032808,50.21977043151856,4.027687871778333,1.5725786863146602,281.01295306231526,27
3.578518042693267,-4.035927166809906,50.348084965267695,4.023146494014843,1.5956426544769389,310.6097245087494,27
3.567069904224293,-4.041603423453666,50.630127984124265,4.009945521483551,1.5684807526098716,312.43975005278713,27
3.55741914381852,-4.041187360480025,50.99079222292514,4.021342006889549,1.5585363974442352,327.28892063450166,27
3.549170838819968,-4.042864915486929,51.045538515658,4.027989335962244,1.5601032215195734,343.5641042348501,27
3.547275792908024,-4.042769618936487,50.93758601111335,4.035757329012896,1.5557187272084725,340.1350149206213,27
3.53158839328869,-4.034932149423136,51.12926173854518,4.014059711146999,1.546664134876148,379.435980719489,27
3.522293508052826,-4.036985516548157,51.36262130737305,4.021697640419006,1.5315980315208435,385.6562881469727,27
3.521523649628098,-4.042146740732966,51.248053731145085,4.003356170009922,1.5483035300229049,396.4278910868877,27
3.5234409957318693,-4.0302949821626814,51.44746860297951,4.026232664649551,1.5455277352719696,384.56369307234496,27
3.5160632004608976,-4.048101463833371,51.76914307877824,4.030455563519452,1.5247592571619393,408.6157474002323,27
3.514809130011378,-4.0319431085844295,51.34837743398305,4.029739231676669,1.537056014344499,402.9396156104835,27
3.518007639292124,-4.027735555494154,51.74218579885122,4.004819128964399,1.5357927164515934,410.7996859163851,27
3.5105182415730245,-4.000111476795094,51.88266609810494,4.014253194267686,1.5271794916810215,403.4572413676495,27
3.4896519248550004,-4.013581018190126,51.80333585996885,4.00736462103354,1.516279449334016,451.176195299303,27
3.484670292686772,-4.029821263777243,51.845481408608926,4.006288637986055,1.5159510100210034,468.44970785604943,27
3.494919812357104,-4.026188373565674,51.90222198898728,4.024467545586663,1.5179602246026735,445.31410505964953,27
3.4849351161235087,-4.024761228948026,52.29266901273985,4.024057327090083,1.5034990576473442,456.5062534229176,27
3.477928110071131,-4.015433569212218,52.30723221237595,4.018184816515124,1.5022803093935992,477.4941851641682,27
3.471226242748467,-4.022917521966471,52.48413910736908,4.015965007446908,1.4996938930975423,504.1970408671612,27
3.470638062502887,-4.030627038027789,52.94314374150456,4.038020900777869,1.4808794630540385,489.2272309999209,27
3.458618549076286,-4.024792896734701,52.81366448789029,4.024049955445367,1.4779551915220313,515.5703545647699,27
3.4499369440851986,-4.017768885638263,52.86740535014384,4.00287085610467,1.473804006705413,524.0820955843539,27
3.4518614685213245,-4.00146776598853,52.77781651471112,3.991202903760446,1.4845174108002637,533.8650776631122,27
3.4617883804682137,-4.013016952050699,53.13576992138012,4.015607737206124,1.4908442851659414,539.1783472009608,27
3.455467676794207,-4.031134901820002,53.623963304468106,4.032654166221619,1.4768973500341982,570.9798600480362,27
3.4385426173339018,-4.024359677288984,53.38607963355812,4.030380442335799,1.4609134648297284,575.5837319863809,27
3.4479610050046765,-4.024698808386519,53.39111820427147,4.024128040751895,1.475505727368432,586.6922883729676,27
3.436510028065862,-4.013290482598382,53.34798982981089,4.013174430744068,1.465368311147432,579.0547534839527,27
3.441185964120401,-4.0217686827118335,53.24927879024196,4.009195099005828,1.474568669054959,600.4941806277714,27
3.424922633815456,-4.01711806735477,53.18447948146511,4.020115452843744,1.4522985187736717,592.6789781725084,27
3.421984696710432,-4.02381529034795,53.68051034051019,4.02250569897729,1.4417046767634314,611.7879185032201,27
3.413780660242648,-4.04042607384759,53.780292974936,4.042909744623545,1.4281500207411275,647.1952968288111,27
3.428179228628004,-4.027461718868565,53.7000736545872,4.021168741019997,1.4586128189757064,664.9463034964896,27
3.413204992139661,-4.020915340732884,53.76852530402106,4.021016468872896,1.4378144676620896,674.6639057881124,27
3.4213682300335653,-4.009790391535373,53.70581763499492,4.006511575466877,1.4567124400589917,673.9029862687395,27
3.3916106256278784,-4.018610799634779,54.34685712247281,4.006200932167672,1.4207244354325372,711.2808376002956,27
3.424694944072414,-4.017090607333827,53.89888711877772,4.01321074124929,1.4572846784784987,651.7666217700854,27
3.4005638199883537,-4.028115156534556,54.08875357138144,4.028876356176428,1.424744589908703,708.9864468961147,27
3.399780547296679,-4.018264809170285,54.27814813562342,4.014756470113187,1.4314744899401797,742.3351221857844,27
3.3863065113892428,-4.042543495023573,54.434322563377584,4.040742487520785,1.4002437575443372,720.7011463062182,27
3.3866959085335604,-4.033773789534698,54.65359064050623,4.03922331977535,1.398324309168635,705.739886309649,27
3.3737765389519767,-4.015553255338927,54.305357443319785,4.008928105637834,1.398601580310512,754.0663881044131,27
3.361397736781352,-4.0316129149617375,55.08171496520171,4.026444779860007,1.3729189650432485,777.267971554318,27
3.3760409355163574,-4.037646532058716,54.52574348449707,4.031393527984619,1.3944124579429626,754.2127685546875,27
3.3727330243265308,-4.016259731473149,54.59693547841665,4.009817861221932,1.4020903464910146,785.8866148252747,27
3.376832691398827,-4.013865870398444,54.95279745153479,4.004568409275365,1.4111299224801963,837.9206757416596,27
3.3750498874767407,-4.019671594774401,54.50657890938424,4.015681038031707,1.4023573889925671,802.1345095247835,27
3.368530711612186,-4.035262217392792,55.15748993126121,4.023439246254998,1.388501640912649,838.3385578877215,27
3.356345052654679,-4.056162128577361,55.330914832450254,4.04775696187406,1.365688070252135,836.9645707413956,27
3.3765039572844637,-4.031534426921123,55.19027101671374,4.020541319975981,1.4023651239034292,862.3666332347974,27
3.353183211507024,-4.040077689531687,55.44889981037861,4.027787479194435,1.365465586249893,839.5829847181164,27
3.355239790839118,-4.035113527968123,55.25520886601628,4.021055008914019,1.3756491912377848,866.993420575116,27
3.3537063437539176,-4.040537808392499,55.666255590078,4.035664896707277,1.3665103928462878,874.779515859243,27
3.347376752544094,-4.035649273846601,55.27851496516048,4.016739046251452,1.3664693284679104,909.775390625,27
3.3508565184232357,-4.039450187940855,55.36044149141054,4.036578007646509,1.3678065949195142,906.0876097808014,27
3.349460833781474,-4.0385765900483,55.919596130783496,4.0406946169363485,1.3627282509932646,908.8194868757918,27
3.3360978139413366,-4.04744657632467,55.99953641118231,4.044799082988018,1.3435789596390075,917.8197429760088,27
3.3409178514738342,-4.018221043251656,55.45117630829682,4.020225357364964,1.3644149722279733,907.4452250712624,27
3.335686147212982,-4.019217987318297,55.43506508904535,4.00430716372825,1.3644582870844248,952.8626857448264,27
3.3416470643636345,-4.040774680472709,55.81217564763249,4.03736907082635,1.3587046136727206,968.1767982276708,27
3.344646824372781,-4.041632761826387,55.6569422386788,4.0309766982052775,1.3627790913388536,952.7226240828232,27
3.3197690022958293,-4.038784826124036,56.09009830371753,4.023824627335007,1.336611573760574,993.5326439110008,27
3.324700688993609,-4.019510169286986,55.85863765510353,3.995110168650344,1.354587127228041,985.7767408216322,27
3.3277956182892257,-4.026569778854783,55.78754708573625,4.021244732109277,1.349790979076076,1003.8454589843752,27
3.3125641023790515,-4.033240021886052,56.29214413101609,4.019249548783173,1.3281632089937057,1016.14708400417,27
3.321367721299868,-4.024832493550068,55.6482000608702,3.99850075309341,1.353984726441873,1016.5409529402456,27
3.3066523316744214,-4.048200604077932,56.49717699514852,4.022200710064656,1.3206978166425554,1036.7344079919765,27
3.314455299764066,-4.047603832708822,56.42054727915171,4.022547715419048,1.3370209062421643,1046.4659060916383,27
3.312091126635268,-4.035987315951167,56.26399568609289,4.021013540190619,1.331787262413953,1033.2823667783998,27
3.310958069724005,-4.035677239701554,56.911816158810176,4.031683032577102,1.3273275414028682,1051.165012668919,27
3.2953477969040743,-4.030969284676217,56.80901532559781,4.018359625661695,1.3175557666533702,1086.5340056548248,27
3.280838457313744,-4.048891628110731,57.05848023698137,4.0166345222576245,1.304794654652879,1101.3113898199958,27
3.3004289172791146,-4.041570611902185,56.29382027806462,4.020068684139767,1.330569952726364,1107.6446104307431,27
3.294470277992455,-4.022061695923677,56.48490648011904,4.009923470986856,1.3305102103465312,1126.436483847128,27
3.2851189890423336,-4.05610564270535,56.94876291945174,4.037842918086696,1.2918898366593026,1090.06121661212,27
3.271818370432467,-4.037961508776691,57.22279306360193,4.015148787885099,1.3072368712038605,1179.5214926229935,27
3.288782140693149,-4.0336096125680045,57.14375562925597,4.023983791067794,1.3180399738453532,1129.4491750356317,27
3.2685455438253044,-4.040304699459592,57.394254220498574,4.033091094042804,1.2935546121081791,1170.987908440667,27
3.2449054943548665,-4.048202704738927,57.48048650896227,4.030656972446957,1.2622608937121726,1190.3560510583825,27
3.2727351768596757,-4.034745209925884,57.2030200958252,4.034863471984863,1.3029762152078987,1190.7933465081292,27
3.2737752199172974,-4.030474424362183,57.15565872192383,4.0157904624938965,1.3116822838783264,1167.8038024902344,27
3.2632110441053235,-4.029539546451053,57.36621403049779,4.016807066427695,1.299886993459753,1186.713108372044,27
3.2637580745929,-4.028848023027988,57.54062508247994,4.022108345418363,1.2903021791496792,1187.9111930228569,27
3.260768407099956,-4.00872473458986,58.03787339700235,4.0083755995776205,1.2900296514098708,1206.1715731234167,27
3.255297655994828,-4.0228738817008765,58.24667595528268,4.02632098906749,1.278951001328391,1219.8888368348817,27
3.252580178750528,-4.026352392660605,58.17325406461149,4.031047563295107,1.2794885570938523,1234.562589078336,27
3.2379156624948657,-4.037881967183706,58.16940047289874,4.026254309190287,1.2648984789848328,1254.2081785459773,27
3.241897605560921,-4.024487604966035,58.4928709494101,4.035054026423274,1.2697490598704364,1269.3729050095017,27
3.229262121625849,-4.015744315611349,57.810327272157416,4.012210133913401,1.260834135719248,1247.1125133617504,27
3.22853844874614,-4.021575206034893,57.97599112020957,3.997154905989363,1.2684498864251217,1263.83087323163,27
3.2337720700212427,-4.017608123856622,58.11537990054569,4.007951336937982,1.2656281485750869,1259.4236681139146,27
3.2113733613813245,-4.031224109031059,58.06557057354901,4.005474709175728,1.2481165576625517,1298.558950063345,27
3.220543937103169,-4.018600289886062,58.05332946777344,3.995985298543363,1.264353752136231,1304.738863558382,27
3.2275620602272657,-4.025595484553157,58.12200979284338,4.000676657702472,1.2719937272973965,1289.8371483055316,27
3.204165524727589,-4.04655794517414,58.284111873523614,4.002540725308496,1.2475113377377796,1307.285422660209,27
3.172517045124157,-4.033886986809808,58.7232195879962,3.9946057764259546,1.212420399124558,1345.6842750343117,27
3.181047533009503,-4.030188325289133,59.418047054393874,3.999300797243376,1.2085429518609432,1349.9282721442144,27
3.192208592956131,-4.007226840869801,58.85488592611777,3.9896080365052096,1.2250760568154826,1356.951930690456,27
3.177427459407497,-4.031650465887946,59.11686054435936,4.002968554561202,1.207276332217294,1366.1963047336887,27
3.1567410842792407,-4.036003666955072,59.53917441496978,4.012445875116296,1.1823694560978864,1396.2945375184756,27
3.138666396205489,-4.053079566440067,59.48113209492452,4.019572431976731,1.156009293891288,1387.534163191512,27
3.151073281829422,-4.028756103000125,59.52277209307696,4.004867734135808,1.1729472778938914,1391.1771999049831,27
3.1346387347659554,-4.0164459396053,59.568408141265046,3.993878414502015,1.1643246863339405,1421.035314611486,27
3.115605193215448,-4.024105639071078,59.55982161856986,3.989951256159189,1.1517595374906386,1453.6709182326856,27
3.1088072931444324,-4.034305939803252,59.85244235476932,4.007605472126523,1.1374423020594833,1439.9103566762565,27
3.070821542997618,-4.033183974188727,60.062053268020215,4.007542455518568,1.0881983009544578,1450.422693201013,27
3.056203587635144,-4.035580776833199,60.13548023636277,4.004234265636753,1.0851751807573682,1466.179557181693,27
2.996806615107768,-4.051070509730159,60.33603539337983,4.013914095388876,1.0166698178729496,1482.8661367055531,27
2.987434549911602,-4.061588110150518,60.43154268007021,4.019081441131798,1.0133521363541886,1511.7766674144848,27
2.9609043662612504,-4.044647152359421,60.55486720317119,4.005388221225223,0.9896150924064018,1520.6962428737331,27
2.871283598848291,-4.054491829227757,60.546486519478464,4.013767841699961,0.9151215734514028,1545.659098857158,27
2.7838105962083155,-4.030008857314651,60.76018720059783,3.9996402070329,0.8304546821761785,1567.2077669710734,27
2.675173595144943,-4.03048703155002,60.9339097254985,3.99829676344588,0.7167593099780997,1566.3920007654133,27
2.571680197844634,-4.017443412059063,61.07093604835304,3.964250087738037,0.6242483580434651,1613.446480415963,27
2.440408252380991,-3.88985176344176,61.99480886717099,3.871929374901027,0.4433958131719301,1625.7621327993031,27
3.140481352806091,-0.097995064045127,62.69523811340332,0.133315290450245,-0.0103124056288318,1616.7045618005702,27
3.198415316439964,-0.0296166519810622,62.127376375971615,0.0648180954913433,-0.0022003306516421,1612.556378338788,27
3.22515082359314,-0.0080204489640891,62.39801406860352,0.0364284999668598,-0.0150468333158642,1590.09326171875,27
3.8394625186920166,-3.9066104888916016,45.18238067626953,3.923671007156372,1.9270366430282595,-16.17171859741211,28
3.8179774511428106,-4.050591832115536,45.5348036629813,4.057908921014695,1.8405560822713944,1.2918559454736256,28
3.812993696757725,-4.027668294452486,45.82197479974656,4.0374740645999,1.8268475646064395,-3.051368736085437,28
3.789816958563669,-4.051873820168631,45.44861548287528,4.058311939239502,1.8076921020235333,48.12428828648159,28
3.783450149354481,-4.0238941964649015,45.43937592279343,4.013813109624953,1.8146031697591145,36.06174305507115,28
3.753344206582932,-4.064029875255766,46.0786863054548,4.074206624712263,1.7690671682357788,72.98150998070125,28
3.745655332292829,-4.035302843366351,45.90173830304827,4.03578976222447,1.7730844872338432,80.79461887904576,28
3.73380700747172,-4.026102224985759,46.28492609659831,4.036533673604329,1.752424438794454,70.295171101888,28
3.720984947113764,-4.018853323800223,46.48922148204985,4.0374222710019065,1.740481552623567,69.19413357689268,28
3.7157723903656006,-4.030755247388568,47.22536414010184,4.0496734891619,1.7278288091932024,80.5680171421596,28
3.7158561661129914,-4.0382662046523325,47.56141262962704,4.059885501861572,1.721205331030346,75.85399736676897,28
3.690223796027048,-4.0251471655709405,47.52919496808733,4.038813159579322,1.698140331677028,94.53419167654856,28
3.692602872848511,-4.017292499542236,47.57716315133231,4.023764337812152,1.709255678313119,105.07857186453684,28
3.68941304797218,-4.014350119091215,48.15725962320963,4.027927444094703,1.6967491479147048,100.10801224481492,28
3.6692819595336914,-4.026295185089111,48.08301417032877,4.03736686706543,1.6688410441080728,109.01752471923832,28
3.6699119976588657,-4.022893565041678,47.8922963823591,4.029210226876395,1.6770522935049874,122.48417118617462,28
3.6687901814778647,-4.014356885637556,47.9951308114188,4.019201687404087,1.6787224951244537,118.77056848435176,28
3.666766019094558,-4.028130712963286,48.20048468453543,4.022796585446312,1.6773566007614136,148.2837379092262,28
3.644420828138079,-4.010791165488107,48.62641525268555,4.019298144749233,1.6428101062774658,144.77311488560264,28
3.6383421307518367,-4.028687136513846,48.84706315540132,4.014675571804955,1.642058940160842,178.98298645019534,28
3.6250548589797247,-4.020887987954276,48.76517377580915,4.019623892647879,1.6285805021013533,179.97767929803757,28
3.60223388671875,-4.0185370445251465,48.92616271972656,4.01442289352417,1.6020092964172363,206.18785095214844,28
3.609706685656593,-4.02632254645938,49.03824524652391,4.029389404115223,1.6070919320696877,192.2673630487352,28
3.610919010071527,-4.015361649649484,49.15663964407785,3.9918319384257,1.6249652760369435,230.6434885660807,28
3.604394401822771,-4.055812222617013,50.02158573695591,4.059720311846052,1.6062074388776506,248.06572614397325,28
3.582368952887399,-4.044466518220447,50.22259775797526,4.025024436769031,1.5785014969961983,265.4450131370908,28
3.5831496602012995,-4.035819326128278,50.032915932791575,4.018384116036551,1.5783464170637584,259.53972807384673,28
3.591267619814192,-4.028679370880127,49.98145730154855,4.007921900068011,1.6011278118406025,277.8607482910156,28
3.583480834960937,-4.031176884969075,49.76736323038737,4.006490707397461,1.600172758102417,286.4687601725261,28
3.5812679813021706,-4.02924919128418,49.923296792166575,4.012249219985235,1.5890390475591023,280.5359584263393,28
3.571033239364624,-4.021365983145578,50.25921630859375,4.025345325469971,1.5703470025743758,287.5017918178014,28
3.580026865005493,-4.042205083937872,50.30384753999256,4.027268069131034,1.5983409484227498,314.0302240280878,28
3.5616668178921653,-4.038245836893718,50.61030106317429,4.0060785838535855,1.5596591631571453,315.3508765811012,28
3.5581270967211043,-4.038502761295864,50.87263107299805,4.026981898716518,1.5644117764064245,326.4352242606027,28
3.5487679640452066,-4.046180407206218,50.89248729887463,4.027022225516183,1.5598349287396385,338.7784743536086,28
3.5392959117889404,-4.038291295369466,50.91096878051758,4.032210508982341,1.5482593377431233,350.1901448567709,28
3.526544775281634,-4.035768781389509,51.227806091308594,4.012886387961252,1.5382108858653478,384.2431902204241,28
3.5236505213237943,-4.036569004967099,51.2606333778018,4.021916116986956,1.5340334177017212,378.6262730189732,28
3.5230340844108947,-4.032726923624675,51.166382925851,3.99351860228039,1.5571022033691406,399.41862560453865,28
3.51814443724496,-4.032666751316616,51.531765529087615,4.034110614231655,1.5310197557721816,385.23727416992193,28
3.523135321480887,-4.053733939216251,51.819388253348215,4.031135286603655,1.5347028800419398,405.1142985026042,28
3.507978938874744,-4.026726018814814,51.46716508411226,4.023951235271635,1.5289747771762667,409.81005859374994,28
3.51934814453125,-4.025892734527588,51.75455856323242,4.011035442352295,1.532403826713562,400.06781005859375,28
3.5079492841448103,-3.9966108798980713,51.76571437290737,4.00998610541934,1.5313416719436646,414.6087646484376,28
3.4810722328367687,-4.023637476421538,51.69824200584775,4.0063473383585615,1.509989585195269,463.0272144135976,28
3.48907927104405,-4.028096607753208,51.93032945905413,4.0100120816911975,1.5186538185392109,464.20737130301336,28
3.4927429244631814,-4.023597036089216,51.78616369338263,4.0247331119719005,1.513717753546579,437.0627078101749,28
3.4797740323202957,-4.024494489034017,52.36440912882487,4.023197015126546,1.4949315218698411,457.62315731956846,28
3.4774364062717984,-4.011418683188302,52.08757781982422,4.013897146497454,1.508401564189366,485.1226239885603,28
3.472660621007284,-4.029556115468343,52.81322987874349,4.023748397827148,1.4937132994333904,501.5210774739583,28
3.465381826673235,-4.025599320729573,52.72809673490978,4.034867286682129,1.475230790319897,484.6151631673177,28
3.4543424333844865,-4.02415554864066,52.83461597987584,4.021344797951834,1.4771040848323278,524.4157366071428,28
3.4443954967317127,-4.007260072798956,52.73539443243118,3.9881470998128257,1.4722570748556227,529.8205479213169,28
3.450146822702317,-4.004294826870873,52.86146963210333,4.001435847509475,1.48366227604094,549.4986717587426,28
3.4641085352216447,-4.019592353275844,53.32520621163505,4.020033768245152,1.488573704447065,533.3598545619419,28
3.4481717972528365,-4.028753553118024,53.59203211466471,4.0362644876752585,1.469668019385565,580.9790329706101,28
3.440267006556193,-4.02215846379598,53.12592315673828,4.018058617909749,1.4693480332692466,583.0398356119792,28
3.441872767039708,-4.0246003695896695,53.51539448329381,4.031583854130337,1.4637762478419714,576.9910888671875,28
3.4330103510902044,-4.009720734187535,53.13965588524228,4.000858681542533,1.4638159899484544,583.7630586170015,28
3.436178343636649,-4.027734279632568,53.26452872866676,4.026123410179501,1.4641342276618594,601.2952648344494,28
3.421202114650181,-4.014049530029297,53.18039049421038,4.01130165372576,1.447730881827218,593.5165056501116,28
3.4177438758668446,-4.038537774767194,53.859087807791575,4.038973195212228,1.4328372875849404,640.4754871186757,28
3.4168575150626044,-4.030109496343703,53.49221674601237,4.029414971669515,1.4415002663930256,654.2904517764136,28
3.417548418045044,-4.032917022705078,53.994239807128906,4.028556346893311,1.440882682800293,679.8118896484375,28
3.4218365805489674,-4.013563723791213,53.56657119024368,4.013828459240141,1.4534988914217268,670.218270438058,28
3.4055410907382058,-4.014296963101342,54.006713503883,4.009427910759335,1.4367165735789706,695.270699637277,28
3.404195853642056,-4.020048209599087,54.04471806117466,4.008625302995954,1.4343798671449937,679.8583199637272,28
3.414044266655332,-4.018680390857515,53.80740574428013,4.019790717533657,1.444896556082226,670.607209705171,28
3.398068802697318,-4.025497459229969,54.269276391892205,4.024845463888986,1.423362720580328,730.3195597330729,28
3.3900698934282576,-4.027324335915702,54.12246867588589,4.021321092333112,1.4179043088640486,740.2067609514509,28
3.3901418844858804,-4.043262799580892,54.771620432535805,4.050577799479167,1.395891269048055,698.4139404296875,28
3.3735108829679943,-4.021520705450149,54.27970759073893,4.017125788189116,1.396952333904448,748.0945434570317,28
3.3800934042249406,-4.022015707833426,54.611345018659314,4.0173749923706055,1.4017343861716136,743.8017403738838,28
3.364370221183413,-4.037190142131987,54.7261586870466,4.029552664075579,1.3798392102831885,769.6028326125372,28
3.37779966990153,-4.03130901427496,54.52361570085798,4.0260898272196455,1.3980211814244587,753.8769269670759,28
3.368557929992676,-4.013880116598947,54.84418160574777,4.004323414393833,1.40012640612466,823.2862461635046,28
3.377768255415417,-4.016540890648251,54.71556454613095,4.012856687818255,1.4084874902452742,811.043268112909,28
3.366124232610067,-4.031535466512044,54.67270660400391,4.019178549448649,1.389055013656616,815.5081583658856,28
3.3618106842041016,-4.05256496156965,55.59146772112165,4.046723706381662,1.3695125920431952,835.553972516741,28
3.36378060068403,-4.041658855619884,55.07165273030599,4.029222193218413,1.3841093097414294,854.689392089844,28
3.3677043574196954,-4.040419147128151,55.3282588777088,4.033248174758184,1.3834217786788945,841.4184831891743,28
3.347785915647234,-4.033327783857073,55.30624117170062,4.017191886901856,1.3659681592668804,845.7316196986606,28
3.3496644383385066,-4.0432056699480325,55.54718598865328,4.035770983923049,1.3640064966110956,876.9386306036087,28
3.3513867060343423,-4.033798149653843,55.50734674362909,4.0183085941133045,1.3699114947091966,900.404084705171,28
3.342397928237915,-4.041269779205322,55.20122909545898,4.028554916381836,1.357759714126587,897.0391845703125,28
3.356884547642299,-4.034460658118839,55.70559274582636,4.035414877391997,1.3757772615977697,907.4322393508183,28
3.333806355794271,-4.049327963874454,56.03634970528739,4.049882593609038,1.3382454259055,914.9593709309896,28
3.3471691608428955,-4.026626178196498,55.66748918805804,4.030492510114398,1.3670045137405396,896.3060477120536,28
3.334437438419887,-4.020223640260243,55.511275881812686,4.006245499565488,1.3591353836513702,928.8163975306924,28
3.3440467630113875,-4.026261806488037,55.55249404907227,4.0259263174874445,1.3679628031594413,950.2437104724704,28
3.3434126717703685,-4.0476796967642645,55.68700081961495,4.035100596291678,1.358018449374608,954.0648018973208,28
3.3324906031290693,-4.038620948791504,55.739822387695305,4.033972422281901,1.349331537882487,965.7601928710932,28
3.3145511604490734,-4.039032095954532,56.18040538969494,4.012857073829288,1.3302173217137654,986.4618646530878,28
3.334603990827288,-4.0138532774789,55.57478387015206,3.997798374720982,1.3691174813679288,976.12158203125,28
3.317599273863293,-4.033115931919643,56.45176515125093,4.033424377441406,1.333764524686904,1043.7083798363096,28
3.319735731397356,-4.028807867140997,55.69618661063058,4.001905168805804,1.3477661779948644,992.4180821010044,28
3.312568017414638,-4.038598741803851,56.16997637067523,4.014559405190604,1.3352281025477817,1041.2391183035716,28
3.3107333864484514,-4.051898275102888,56.57376443772089,4.024454752604167,1.3275895402545022,1034.878888811384,28
3.31490977605184,-4.038535435994466,56.20867411295573,4.0228041013081866,1.3391863505045574,1054.2447509765625,28
3.304727043424334,-4.034181186131069,56.77038901192802,4.022726944514684,1.3196341821125577,1038.5484619140627,28
3.3006789457230337,-4.031912235986619,56.94397263299851,4.031781219300769,1.315393743060884,1072.5270414806553,28
3.28508364586603,-4.046189807710194,56.93878391810826,4.013989811851864,1.307443056787763,1085.5164562407,28
3.290021794182913,-4.046798706054688,56.5286500113351,4.02406815120152,1.3124938181468415,1104.1664515904015,28
3.295958257856823,-4.025687989734468,56.24960962931315,4.00699333917527,1.336664909408206,1134.566173735119,28
3.2868506340753463,-4.051339649018787,56.97563153221493,4.03969533102853,1.2935737201145718,1088.7057001023063,28
3.270334482192993,-4.045260429382324,57.12529373168945,4.0235466957092285,1.293412208557129,1157.2716064453125,28
3.284782568613688,-4.033417928786505,57.24591100783575,4.019835835411435,1.3185272614161174,1140.611113048735,28
3.271711156481788,-4.041150433676584,57.25009427751814,4.031450612204416,1.2941523222696212,1160.12884812128,28
3.247232130595616,-4.048666409083775,57.447242736816406,4.034172603062221,1.2623275348118372,1176.2392403738845,28
3.2626928147815524,-4.038539318811326,57.20064490182059,4.030180522373745,1.288626557304746,1192.435093470982,28
3.271406764075869,-4.029690242948987,57.19094775971912,4.025351161048525,1.305273214975993,1174.1845819382438,28
3.267418588910784,-4.0270087378365655,57.32201222011022,4.007658004760742,1.3082510573523385,1176.0847865513397,28
3.2621119817097983,-4.032999833424886,57.474107106526695,4.02871815363566,1.2865660190582275,1189.0989583333333,28
3.2566614151000977,-4.010994933900379,57.93486131940569,4.004525411696661,1.2863499437059676,1195.682169596354,28
3.2600234917231967,-4.017890589577811,58.21089608328683,4.02565792628697,1.283469762120928,1206.4199044363838,28
3.2534797078087214,-4.029630751836868,58.17088463192894,4.031759262084961,1.2787114835920788,1228.6246105375744,28
3.2382599966866628,-4.034687905084519,58.11935152326311,4.029321738651821,1.2599921907697404,1236.2088623046875,28
3.2387289660317555,-4.03335782459804,58.48445020403181,4.035348687853132,1.265895826475961,1273.737322126116,28
3.231667700267973,-4.010001500447591,57.994598751976376,4.017154852549235,1.2606330201739355,1245.1458217075892,28
3.226747274398804,-4.02556832631429,57.89444096883138,3.998469352722168,1.2663021087646484,1258.384724934896,28
3.229531696864537,-4.0167942728315085,58.15562656947544,4.00684438432966,1.258371319089617,1262.339617047991,28
3.217161723545619,-4.03085352125622,58.11849194481259,4.009171917324975,1.249739215487525,1280.1778738839294,28
3.2066605885823574,-4.024064540863037,58.12213752383277,3.9980787322634734,1.2487156050545836,1324.8209926060256,28
3.2300254276820595,-4.020292963300432,58.126552036830354,3.997089896883283,1.2736446176256455,1282.7589285714284,28
3.20602069582258,-4.048394248599098,58.3479243687221,4.007068974631173,1.2454440082822529,1303.6310570126486,28
3.1747299830118814,-4.038121813819522,58.60707946050734,3.9971443812052407,1.2140907105945409,1338.7127743675594,28
3.1727890968322754,-4.036320209503174,59.507598876953125,4.004513263702393,1.194844126701355,1347.68408203125,28
3.19010261126927,-4.010181835719517,58.95691935221354,3.9919271014985593,1.2206012918835594,1354.3788423084077,28
3.177309785570417,-4.028930754888625,59.04929533458892,4.00006297656468,1.2091456594921293,1366.0553617931546,28
3.152805021830968,-4.038525649479458,59.53415407453264,4.013809544699533,1.1782780885696411,1393.655482700893,28
3.138260466711861,-4.052325702848889,59.43556213378906,4.019528911227272,1.1557963802700948,1385.3464878627235,28
3.1434432665507,-4.035556793212891,59.60542279198056,4.009758381616502,1.161304655529204,1389.443987165179,28
3.1332508836473734,-4.016862528664725,59.57585797991072,3.9953272683279857,1.160665052277701,1418.243129185268,28
3.11205252011617,-4.02686882019043,59.58138529459636,3.992287556330363,1.1464484135309854,1452.6012369791672,28
3.101812941687448,-4.035490036010742,59.875599634079705,4.007703009105864,1.1300835836501348,1445.8828648158485,28
3.0630453654697964,-4.037485463278634,60.1124403817313,4.011066164289202,1.0769409452165877,1447.3057686941963,28
3.048753227506365,-4.037645930335636,60.17889022827149,4.005321411859422,1.0770428294227237,1471.3825857979912,28
2.984772341591971,-4.054416838146391,60.43100647699265,4.016300632840111,1.003849276474544,1482.765904017857,28
2.973842144012451,-4.064491816929409,60.45363780430385,4.020245483943394,0.999228503022875,1511.969970703125,28
2.942559003829956,-4.048817952473958,60.62473242623466,4.009032976059687,0.971474528312683,1522.775599888393,28
2.850926160812377,-4.054133256276448,60.559206644694015,4.015271822611491,0.8952314058939611,1546.2709960937505,28
2.754080295562744,-4.035195418766566,60.82784380231584,4.002863679613386,0.8026157617568962,1572.263985770089,28
2.6361451035454144,-4.036571162087577,60.92951129731679,3.998225972765968,0.6774527004786887,1575.1354282924112,28
2.517758482978456,-4.022429012116932,61.025626954578215,3.959895985467093,0.5727813045183804,1625.047374906994,28
2.3781407220023025,-3.856309686388293,61.88846533639089,3.831073216029579,0.3759738590036139,1635.850934709821,28
3.1468951134454635,-0.081226414158231,62.6985582624163,0.1169888047235356,-0.0125338725213493,1623.1739618210568,28
3.19162004334586,-0.0314808065692584,62.19072505405971,0.0693685380475862,-0.002902907008926,1614.9435511997767,28
3.220201253890991,-0.0094449250027537,62.44110870361328,0.0376232378184795,-0.0158561891876161,1593.8255615234375,28
3.8397510051727295,-3.904979705810547,45.18281936645508,3.922351360321045,1.927720546722412,-16.548095703125,29
3.818031676062222,-4.050579926063275,45.526470236942686,4.057645146600131,1.8403023045638511,1.0218954016422406,29
3.8130377177534434,-4.027870691233668,45.83508035067855,4.038024244637325,1.8268270706308296,-2.564655460160349,29
3.789053808409592,-4.050109360135835,45.399589143950365,4.054666361315497,1.8076378920982623,47.87237412025189,29
3.782979087171884,-4.025293843499545,45.52117998846646,4.016757087049813,1.813121666579411,36.26180333104627,29
3.751227995444988,-4.065164648253342,46.067768886171535,4.075066829549855,1.7664608708743392,74.75257163212217,29
3.7455309851416234,-4.032840429503342,45.905388772898704,4.032915118644977,1.7738779306411745,82.52380965660359,29
3.728126576851154,-4.025970975283919,46.26773226507779,4.037769294607228,1.7449130041845913,68.2076709615773,29
3.721494220865184,-4.019709317437534,46.55116727105502,4.0383137604285935,1.7418687064072182,72.69537237759296,29
3.714320016729421,-4.03063031887186,47.2733323195885,4.049602531564647,1.7254474352146016,78.13000730317215,29
3.7138602569185455,-4.039911286584262,47.695243440825365,4.061220908987111,1.7173896329156284,76.94333359290813,29
3.686436052980094,-4.020441117779962,47.40894685942551,4.031933235299999,1.6960224340701926,95.24561304552805,29
3.6890043127125702,-4.01921836918798,47.744167696196456,4.023317685620538,1.7041808728514047,112.58063265044116,29
3.687013663916752,-4.00694680707208,48.02849018491548,4.026481556070262,1.6932716320300925,87.82115531132138,29
3.667784572469777,-4.029603024186759,48.02151407702216,4.039882360655686,1.6671817483573124,112.55662415603112,29
3.66895604133606,-4.021131334633663,47.97832265393488,4.029655390772327,1.6726968000675069,112.62086302658602,29
3.6695940774062574,-4.018332254475561,48.01751482733365,4.019181751382762,1.6803918748066342,127.55253822063582,29
3.669270684801299,-4.025204596026191,48.222543624351765,4.023657982924889,1.6783070630040662,141.07415582064925,29
3.639187178118476,-4.012163721281906,48.78235539403455,4.018519684364056,1.6356552773508533,155.4975826921134,29
3.636279474455735,-4.032552100872171,48.82840991842336,4.016153282954775,1.6411268661762106,185.44470004377695,29
3.620843533811898,-4.01987519757501,48.80319621645171,4.019234509303652,1.6236007583552394,184.50235090584584,29
3.607497724993475,-4.018638673321954,48.85854739485116,4.016745268065354,1.6073926498150004,199.278350514379,29
3.606543820479821,-4.01982652401102,49.19248559886012,4.018518609014051,1.603388658063165,204.2923168313915,29
3.6159074931309134,-4.032788618679704,49.44013761323074,4.011419687599972,1.6274425169517257,238.3014591611665,29
3.5910921294113685,-4.056201737502525,50.28466723211881,4.057668873359417,1.5900146147300456,258.831216114965,29
3.58837366926259,-4.035210362796126,49.90345632618871,4.017245325548895,1.583034811348751,249.52038416369209,29
3.583206364204144,-4.037749010941078,49.97511488815834,4.013879970024372,1.5846489947417686,267.45365032327584,29
3.5988759238144445,-4.031462008377601,50.09094475055563,4.021598398274389,1.605499880067233,265.1235654633621,29
3.5803934870095087,-4.032393807378308,49.634554606470566,4.004329290061161,1.5978849674093312,287.5001273319638,29
3.579964351654053,-4.025378036499023,50.01802978515625,4.02293872833252,1.5822727918624877,274.6599548339844,29
3.571894464821651,-4.027642250061035,50.38869568397259,4.023078671817122,1.5794309747630153,303.25637291217686,29
3.57252139223033,-4.045049101730873,50.47190977951576,4.021723773561675,1.5846544643928264,313.98751894194504,29
3.556921889864165,-4.042841082605823,50.91990414323478,4.01028836020108,1.5561764396470168,330.26993429249734,29
3.552201299009652,-4.0381215917653055,50.965667461526806,4.03077633956383,1.5639304835220862,340.15929523336484,29
3.545669115000757,-4.047682880533152,50.876222071154366,4.037261689942459,1.5544631736031893,339.2793734846444,29
3.5330844007689377,-4.034004359409727,51.03784127070986,4.021341586935109,1.547281733874617,372.1660177296606,29
3.519054647971844,-4.035173948879899,51.42947571853112,4.019055182358314,1.5259885681086574,389.7202407310749,29
3.521293490508507,-4.042366491515061,51.27178802490234,4.013598593350115,1.5392022157537526,386.83494852000274,29
3.5239046869606807,-4.028397662064124,51.30142340824522,4.014329999068688,1.5544254237207873,388.0945828141837,29
3.513855156405219,-4.042026894668053,51.65089495428678,4.031249158135776,1.5224363770978204,404.3007355788659,29
3.517347442692724,-4.034895485845105,51.21301032756937,4.031614862639328,1.5395402086192165,395.7259395204742,29
3.511985819915245,-4.026096626807903,51.70293939524684,4.009091331218851,1.529126788007802,412.0187550511853,29
3.511064075601512,-4.003081936671816,51.90290506297144,4.016670227050781,1.5237701884631454,397.3061834927264,29
3.4940299412299844,-4.009272697054107,51.77629776000977,4.008116225538583,1.520075959172742,443.0028726511989,29
3.482382391239035,-4.030059137015507,51.7900647656671,4.006589376515356,1.5129056568803458,467.70276110418905,29
3.494179972286882,-4.026376296733988,51.90888503502155,4.024174953329152,1.5175760943314125,446.5954084725212,29
3.485365361180799,-4.02425537109375,52.24215940278152,4.0243115951275,1.5037139637716883,453.7821276434537,29
3.477624745204531,-4.015394115447998,52.29705529048525,4.018622454281511,1.5007697261612991,473.9811068830819,29
3.4708296430522,-4.022416417352084,52.44196253809436,4.0162524354868925,1.4989824829430416,501.6922746329472,29
3.470130948362679,-4.0298061239308325,52.89628203819538,4.038098121511525,1.479793228774235,486.049985688308,29
3.457955664601819,-4.024013881025643,52.77855840222589,4.024008454947636,1.4773482248700898,513.9620571794183,29
3.448706511793465,-4.015923608582595,52.821368171428816,4.000764968477447,1.47232382873009,521.7144851158405,29
3.4509296680318897,-4.001783446607918,52.77819816326273,3.993627862272592,1.4832059342285682,534.9190101360452,29
3.4624177110606227,-4.013905791578622,53.16067104997306,4.016469514781031,1.490072223235821,533.3047451676993,29
3.4533627099004285,-4.030311794938712,53.60063963265255,4.034308453263908,1.4745668468804194,572.4827598834861,29
3.438555964108171,-4.023503385741135,53.25736578579606,4.026576025732632,1.462833046913147,575.6371754613417,29
3.446350122320241,-4.025175127489813,53.434727767418174,4.028685836134286,1.4707483784905793,579.2298125168371,29
3.434360629114612,-4.009617187236917,53.19431407533843,4.006090456863929,1.464433090440158,578.3973161368534,29
3.440299654006958,-4.025310707092285,53.25322723388672,4.0180174827575685,1.4708178758621215,598.3445678710938,29
3.422750918618564,-4.014485836029053,53.089608133250266,4.013386098269758,1.4505254416630189,586.8159537479795,29
3.4202060288396376,-4.031594325756204,53.79551762547987,4.032021538964633,1.4365684616154637,623.1543452821933,29
3.4140698449365026,-4.033594792464684,53.56472023273336,4.035089311928584,1.4339728585604965,649.7479210162986,29
3.4232169496602025,-4.030735374319143,53.88414353995488,4.025775925866489,1.4492063193485656,671.0459514749462,29
3.420724857264552,-4.013597205589558,53.53011835032496,4.0146653142468685,1.4512301157260763,668.225119965652,29
3.4112623395590944,-4.011819599414694,53.88776005712049,4.007986627776047,1.443603441633027,684.8440206593482,29
3.3996341146271805,-4.019657151452426,54.1015914390827,4.007036389975712,1.429398849092681,686.3768899851827,29
3.4174725187235864,-4.017612227078142,53.804355331947065,4.018233414353996,1.448704825598618,661.6350939520478,29
3.3984949095495818,-4.025754714834279,54.2305440705398,4.025521222476302,1.4232885377160434,725.0545456458782,29
3.3922283764543204,-4.025402713644094,54.1192955543255,4.019768616248822,1.420911374585382,737.3398071289063,29
3.3908288709048566,-4.043605863636937,54.74535746081122,4.050856636310446,1.396341188200589,694.6221443965517,29
3.3753168993982774,-4.022181066973456,54.28232798083075,4.018813051026442,1.3979506040441578,741.0022835567083,29
3.3814712425758096,-4.02113098933779,54.57144430752459,4.016827836529962,1.4033966154887756,738.8850148168107,29
3.365180304954792,-4.036290484461291,54.71356145924536,4.02950335864363,1.3806262969970702,766.5848994814116,29
3.3788502660290947,-4.03042007643601,54.50427793305496,4.02562374904238,1.3992481379673398,750.3849735654634,29
3.369911646020824,-4.012870716226512,54.83284241248821,4.004016981453731,1.4022576874700086,820.8005072231952,29
3.378840742440059,-4.016223463518866,54.663748642493935,4.013387022347286,1.4097290943408831,805.6539054081356,29
3.367078005034348,-4.0315810894144,54.69468986248148,4.01995452025841,1.3896326525457974,813.1924320615573,29
3.3616948423714472,-4.053018444982069,55.550826210811216,4.047588134634084,1.3699160723850643,831.3349832469019,29
3.3676128650533745,-4.038316213673559,55.04921246232658,4.026522896207612,1.3901956278702312,852.6095437937771,29
3.3658370067333347,-4.040385193660342,55.33783892927499,4.033470104480612,1.3809681917059005,835.1542067955278,29
3.350435125416723,-4.031457555705104,55.22605856533709,4.015718690280257,1.3711709195169908,844.659533270474,29
3.3512392093395365,-4.042316561731799,55.5828771130792,4.03742278197716,1.3646446622651198,870.7001923659752,29
3.350550018507859,-4.033139889815758,55.42762009193157,4.015820871550462,1.3700136505324263,901.7086707805764,29
3.3455751484838023,-4.040554359041411,55.21714327581998,4.031764655277647,1.361729151627113,897.0596288220636,29
3.355943359177688,-4.034570562428441,55.78807688745959,4.036248690506508,1.374149016676278,905.3827640928072,29
3.3338069669131576,-4.048914383197653,56.00017521299165,4.048347736227101,1.3395758373983977,914.5530669113688,29
3.347237585330832,-4.019316719318258,55.513922540072734,4.02550226737713,1.3709338451253956,893.6346490268052,29
3.3356199264526367,-4.018889045715332,55.463826751708986,4.004229736328125,1.3626823425292969,936.956030273438,29
3.3464923842199914,-4.032242584228516,55.68996739880792,4.033836088509395,1.3677687472310556,952.8095513705556,29
3.344865641100653,-4.044114093122811,55.64289490272259,4.032399286072829,1.3615358878826274,948.4042413119612,29
3.3251367684068347,-4.037775812477901,55.94249738495926,4.028793466502222,1.3423943684018886,980.0109042463638,29
3.321473238385957,-4.026043776808114,55.95431544862945,4.001096413053316,1.3462877553084798,981.3895490975216,29
3.3311016049878357,-4.023295481451626,55.67589555937669,4.014886415415797,1.3562000044460956,987.7448393723058,29
3.314051532745361,-4.033173452574632,56.31789450809873,4.022522291643866,1.3292472452952944,1018.3854197535022,29
3.3216104967840785,-4.0251934972302665,55.59435230123586,3.9984470301661,1.3537276054250782,1007.0011882913524,29
3.3074886058938917,-4.047745408682988,56.438990231218014,4.0218748224192655,1.321620382111648,1032.5380396349676,29
3.314720832890478,-4.0481139446127,56.38529134289971,4.022516184839709,1.3366902959757838,1040.4601343615304,29
3.3123323818732957,-4.036052730165679,56.23658320985992,4.0209595581580855,1.331379073241661,1027.522284987877,29
3.311809146815333,-4.0354108514456914,56.88216350160796,4.032212527044888,1.3274394545061836,1045.4271206559806,29
3.295189069879466,-4.031492499647469,56.75162229866817,4.016051959991454,1.3176382508771174,1081.747774952856,29
3.2817606679324447,-4.050031629101984,56.9845470560008,4.017922352100241,1.3043451185884145,1095.7990385910562,29
3.303299346463434,-4.040429227105502,56.20277578419652,4.018281614369359,1.334756553584132,1102.7494191136857,29
3.2953676256640203,-4.026155863137081,56.53177198212722,4.015072056342816,1.3258500608904609,1112.5407319167566,29
3.2840790567726925,-4.057026386260986,56.880034137594286,4.035548331819732,1.2911567235815111,1087.4920620622306,29
3.2737699853962865,-4.037147633782748,57.252721089330215,4.013644119788861,1.3099777205237026,1168.4842529296875,29
3.28951437719937,-4.034168358506828,57.06331331976529,4.025421487873998,1.3149321490320665,1120.024860250539,29
3.2655921919592497,-4.04083451567025,57.40573443708749,4.033559575574151,1.288475678706991,1165.916886954472,29
3.2487944520753005,-4.045575385258116,57.427277111185006,4.026864068261508,1.2683906152330595,1187.275979929957,29
3.2752079980126743,-4.03233014468489,57.19735291579674,4.036429365750017,1.3062519616094128,1180.4604887863684,29
3.2755578649455104,-4.027887469324572,57.14933576912716,4.004683445239889,1.31888719016108,1155.4866387728987,29
3.261862639723153,-4.032665449997475,57.35267941705112,4.026581583351925,1.292347242092264,1185.2488171807652,29
3.260662374825313,-4.025698464492272,57.73105337208715,4.017224153979071,1.2866188756350814,1181.1514471646014,29
3.2662369267693885,-4.009177651898614,58.11238145499394,4.016793149093102,1.2927586415718344,1199.5226604593208,29
3.2563673677115603,-4.029932544971334,58.11537699206122,4.028245087327628,1.2810916908856096,1216.235015658675,29
3.246955294444643,-4.02593188121401,58.09992807322535,4.030411358537345,1.271860458110941,1230.1230325633082,29
3.237382773695321,-4.039756544705095,58.35996062180092,4.027653694152832,1.2664222100685385,1272.983411065463,29
3.2425425052642822,-4.010683917999267,58.332707214355466,4.028280735015869,1.266397190093994,1242.0794433593749,29
3.2280063119427918,-4.02755835631798,57.69761081564016,4.003869000796614,1.2643715644704885,1247.608334455819,29
3.227878539315585,-4.015800706271468,58.10905614392511,4.001336498918205,1.2591531654884074,1263.6250547211746,29
3.2316763647671403,-4.023862743377686,58.05029417892983,4.010036156095308,1.2638911691205252,1252.7418347588905,29
3.1983343897194696,-4.02890917350506,58.03510244961443,3.999261576553871,1.242718840467519,1338.216136011585,29
3.239907881309246,-4.0103861743006215,57.98530034032361,3.990907113305454,1.2855783158335192,1266.994560715248,29
3.2173049532133957,-4.043045405683847,58.246385245487616,4.009618463187382,1.2582947089754295,1297.1141913052263,29
3.190030242656839,-4.042274205438022,58.26794794016871,3.996613175293495,1.2330824827325757,1314.7547211745689,29
3.171520208490306,-4.0336396546199405,59.2964060553189,3.9988688781343655,1.197378500576677,1337.6861530172414,29
3.1949735674364814,-4.012924884927684,59.024669910299366,3.9902159756627578,1.2272587603536145,1346.0134361530172,29
3.18581846993545,-4.016511167328933,58.75212236601731,3.989144555453597,1.2263027363810044,1364.0989594558189,29
3.1605663809283024,-4.038836525226461,59.36889164365572,4.013722459201155,1.1854298558728449,1378.6325119544722,29
3.152623651767599,-4.044917195418786,59.32458385599071,4.01539328344937,1.1715749740600585,1369.6855190934807,29
3.1436253695652403,-4.044147655881684,59.60030854323814,4.014939722521552,1.1574413480429817,1378.2333243534483,29
3.146905570194639,-4.014752075589937,59.40893804615942,3.995016393990352,1.1745747697764426,1402.916423929149,29
3.1233430533573543,-4.027816354817357,59.49167417328933,3.99383859798826,1.1555345288638412,1435.330410661369,29
3.109505133793272,-4.030339862560404,59.70274626633217,4.002911965600376,1.140281653404236,1444.1623400457968,29
3.0796266835311354,-4.037796365803685,60.0434352480132,4.013384874935808,1.0920840871745134,1430.2911738954745,29
3.0663135725876383,-4.031491769593337,60.06015948591561,4.001799626185976,1.0949150660942342,1464.5759858230065,29
3.009063284972618,-4.051640362575136,60.34616957039669,4.016476992903085,1.027043552234255,1468.8000698747303,29
2.9938570778945395,-4.060084296917093,60.28197310875202,4.0192220852292815,1.016680751997849,1498.510083849677,29
2.9678285121917725,-4.047380500004209,60.48193098923256,4.007827673287228,0.9939469933509828,1510.37017695986,29
2.8899139798920723,-4.054569724510456,60.39572714443865,4.016004572243526,0.9300370031389692,1527.2154524178345,29
2.800978591524321,-4.033149403539197,60.82158555655644,4.001093591492752,0.8448636211197946,1565.4083361395471,29
2.698989366662912,-4.028497005331105,60.80619667316306,4.002557499655362,0.7377115303072425,1551.2741993871232,29
2.59098872151868,-4.017920405289222,61.04661449563914,3.96767117072796,0.6413664879470027,1602.490654465248,29
2.4792828740744737,-3.858124226537228,61.973232111437625,3.848343193119958,0.4655185580253538,1614.865074420797,29
3.157519555914008,-0.0920840209927718,62.58841915788321,0.128467897711091,-0.0076471014012578,1613.6941204202612,29
3.207241025464288,-0.0284445367753506,62.10089082389042,0.0611365978830847,-0.0039675487558646,1601.0513983364765,29
3.23421573638916,-0.0063092825002968,62.35036849975586,0.0339643210172653,-0.0158504098653793,1577.896728515625,29
3.839348554611206,-3.905956745147705,45.18339538574219,3.923230409622192,1.9261387586593628,-17.11754035949707,30
3.817470832003488,-4.0509031944804725,45.51636412408617,4.05755051639345,1.83944070008066,0.5610968578192923,30
3.812234401702881,-4.028594579961565,45.84406757354736,4.039204948478275,1.825532032383813,-2.086175388760036,30
3.788106858730316,-4.049109727144241,45.37673902511597,4.052616010109584,1.806780181825161,47.617043336232506,30
3.7814748220973535,-4.026993619071113,45.55485068427192,4.019007033771938,1.8108414709568024,36.88465764787462,30
3.749106261465285,-4.065854705042309,46.059083965089584,4.07575782471233,1.76365201589134,75.46559752358333,30
3.744981934626897,-4.032268345355988,45.91758108139038,4.032523055871327,1.773030087351799,82.91377385457358,30
3.724070742726326,-4.02546125319269,46.25632386737399,4.038198288944033,1.739734342528714,67.06963046391805,30
3.7201816108491688,-4.02017527156406,46.58415243360732,4.0387076536814375,1.74040640062756,74.42938401963976,30
3.712408423423767,-4.030254781246185,47.29844903945923,4.049248993396759,1.722925879061222,77.03441667556763,30
3.712087959051132,-4.039419445726606,47.73117462793986,4.0605367223421736,1.7150361587603886,76.70528835720486,30
3.6833656347460217,-4.018175876802868,47.35192849900987,4.028136173884074,1.6936076747046576,95.40710073047214,30
3.685747762521108,-4.020484248797099,47.84598159790039,4.023693760236104,1.699448545773824,117.56354077657068,30
3.684069804019398,-4.005004306634267,48.00651608573066,4.026049256324768,1.6891313278012805,84.59418715371025,30
3.6664094030857086,-4.030425681008233,47.96877182854546,4.039873169528113,1.6660835560825136,113.71899127960204,30
3.665565798679987,-4.018681804339091,47.98776499430338,4.02734899520874,1.6685227776567142,109.5100612640381,30
3.667412201563517,-4.02036804623074,48.042283376057945,4.019059658050537,1.6781166659461126,133.8562232123481,30
3.66590015259054,-4.02121286590894,48.23601735962762,4.022300475173527,1.6737925757964451,136.17693132824365,30
3.6359996497631073,-4.012837469577789,48.833547592163086,4.017184555530548,1.6319133788347244,161.56997108459473,30
3.6335510926114183,-4.030086606740952,48.80220235718621,4.015546888113022,1.6385294960604773,184.6041078567505,30
3.61617773771286,-4.019162986013624,48.85518550872803,4.018440418773228,1.6178658107916513,190.46062808566631,30
3.6108355472485214,-4.020951171716054,48.84289010365804,4.020128279924393,1.6121664692958195,194.6161835988363,30
3.604514929983351,-4.014800628026326,49.200798988342285,4.009435925218794,1.6030861420763862,210.0149627261692,30
3.616023823618889,-4.039239098628362,49.55269424120585,4.02653627594312,1.6247622710135248,237.7469138039483,30
3.584635694821676,-4.053049802780151,50.36471430460612,4.050793409347534,1.5816765228907266,261.9615478515625,30
3.588174525234434,-4.032348735464944,49.85907279120551,4.017420560121536,1.581772944993443,247.20665062798392,30
3.5840376052591534,-4.034714705414242,49.92022969987657,4.009032527605693,1.5891648613744311,273.4481247795952,30
3.593872487545013,-4.029605805873871,50.03435730934143,4.018642008304596,1.60222377628088,270.14894676208496,30
3.5798480775621204,-4.031222926245795,49.68165906270345,4.005380007955763,1.5939507517549727,284.2371927897135,30
3.5753582881556616,-4.022747526566188,50.10965993669298,4.028505093521542,1.5741620784004529,274.4055741628011,30
3.5737255613009133,-4.031964361667633,50.36999114354452,4.023851613203685,1.5860994358857472,307.5130818684896,30
3.569095133079423,-4.043551252947913,50.61954492992825,4.01440981692738,1.572691731982761,310.68244976467554,30
3.556090858247545,-4.041361172993978,50.968343098958336,4.017821364932591,1.555995437833998,328.64469061957465,30
3.5471878548463187,-4.040533761183421,51.0609347820282,4.029230326414108,1.5575224086642263,343.769687016805,30
3.5457585983806186,-4.042647726005978,50.89212157991197,4.036338176992205,1.553665371404754,338.31929821438257,30
3.530906619297133,-4.033219195074505,51.08038232061598,4.014956871668498,1.5455860247214634,377.1467478010389,30
3.52096825838089,-4.035674691200256,51.31939029693604,4.022056818008423,1.529721826314926,383.1343231201172,30
3.5209161225292416,-4.040733089049657,51.20387342241075,4.003497146897846,1.5475646414690547,394.3346896701389,30
3.522191481457816,-4.030634694629246,51.45322587754991,4.030430992444356,1.5407084491517808,380.51152123345264,30
3.517753526568413,-4.049021442731221,51.77039893468221,4.031361202398936,1.5263198390603068,405.60956255594886,30
3.511414739820692,-4.029937982559204,51.39806895785862,4.02992598215739,1.5320952865812512,403.4305606418187,30
3.5182526575194464,-4.026553422212601,51.72239216168722,4.008983800808589,1.53291148526801,402.8891944885252,30
3.508393128712972,-3.995541622241338,51.78945811589559,4.011851032574971,1.5280258705218632,405.7540334065754,30
3.4840420766009226,-4.019500351614422,51.71856069564819,4.006996472676595,1.5108646137846842,455.877579583062,30
3.488514131969876,-4.028047521909078,51.8798123465644,4.00881224208408,1.517801238430871,461.4718509250217,30
3.4933377355337143,-4.023795902729034,51.78701949119568,4.025327891111374,1.513829305768013,435.3808460235596,30
3.480776998731825,-4.024460011058384,52.33783266279433,4.023529754744636,1.4954729229211807,454.0450337727865,30
3.4777706497245364,-4.011082943942812,52.0788754357232,4.014278057548735,1.507940861913893,481.7231828901503,30
3.472885529200236,-4.028947353363037,52.794932047526046,4.0242330233256025,1.4933548768361409,498.6575317382813,30
3.4654082457224527,-4.024635917610592,52.69369149208069,4.034483684433831,1.4748636020554435,481.492215262519,30
3.4539285004138947,-4.024114860428704,52.82786316341824,4.021439347002241,1.476182503832711,522.3433668348525,30
3.4438473085562387,-4.005070269107819,52.698196252187095,3.9858128130435935,1.4722038209438324,528.1564903259276,30
3.45167949464586,-4.004646738370259,52.85220252143012,4.003930581940545,1.485034661160575,547.1319681803385,30
3.4643796814812555,-4.021568096346325,53.3593385219574,4.021838933229446,1.4874123972323203,531.4521547953287,30
3.4448746740818024,-4.026894092559815,53.544729232788086,4.03652286529541,1.4656050205230713,576.0005874633789,30
3.4422387381394706,-4.020592341820399,53.06815531518724,4.014825029505624,1.4731211852696209,582.4993913438585,30
3.439765002992418,-4.021333085166083,53.4952572716607,4.029695192972819,1.4617344405916002,572.0269538031683,30
3.4341577738523483,-4.0112654368082685,53.11344194412232,3.999866013725599,1.4653004581729572,585.0160814921062,30
3.43107772204611,-4.023925695154402,53.21612527635362,4.028222620487213,1.4574318180481591,595.3887413872612,30
3.420946440762944,-4.01485272248586,53.32703344027202,4.012951261467404,1.4440747367011175,597.1324696011015,30
3.413936634858449,-4.043021440505981,53.88259410858154,4.0463448365529375,1.424778829018275,642.7969106038411,30
3.423127439286973,-4.025801337427563,53.46484216054281,4.02256335483657,1.452582555512587,653.962910970052,30
3.409515437152651,-4.030266874366337,53.94485097461277,4.029115445084042,1.429744851258066,678.0073835584852,30
3.423712059855461,-4.010705769062042,53.59794330596924,4.009950011968613,1.457254871726036,666.0643081665039,30
3.393574343787299,-4.015843391418457,54.24844784206815,4.008311483595106,1.4219111733966403,701.9738226996528,30
3.420738110939662,-4.017936968141132,53.89534060160319,4.012532578574287,1.4521195052398577,650.769726647271,30
3.402717034022013,-4.025527636210124,53.953812281290695,4.028570433457692,1.4276998241742451,692.9501241048179,30
3.3999937309159174,-4.019095132748286,54.27622448073493,4.017486489481396,1.4297956534557874,736.051624721951,30
3.384890834490458,-4.040056731965807,54.29338709513347,4.037655327055189,1.4011026157273183,722.2946726481117,30
3.3874995509783425,-4.035052527983983,54.668966452280685,4.042856236298879,1.3970971629023552,697.1031316121419,30
3.372039566437403,-4.015441609753503,54.24862204657661,4.009737299548255,1.3960507031944065,751.4611875745986,30
3.361535723010699,-4.031126336918937,55.03651274575128,4.027235527833303,1.3728022476037345,771.769868214925,30
3.375365614891052,-4.03727650642395,54.479042053222656,4.03165602684021,1.3933843970298767,749.7864074707031,30
3.3718927403291064,-4.015301204389996,54.56813658608331,4.00986631711324,1.400510664615366,783.599483489991,30
3.376355207628674,-4.014631350835164,54.91142071617974,4.006168438328637,1.409850595725907,832.5624728732639,30
3.373153472940128,-4.020973702271779,54.44460995992025,4.01637922724088,1.399671311179797,798.4828707377114,30
3.3687137034204278,-4.037841664420234,55.22396447923449,4.027842548158434,1.3861124714215596,835.1888326009115,30
3.3560447047154107,-4.05389146010081,55.16464516851637,4.044949283202489,1.3685421761539247,835.5981449551051,30
3.3763037423292794,-4.032296200593312,55.19067732493083,4.023031552632649,1.400711660583814,854.5735549926757,30
3.348166932662328,-4.038203563955095,55.40851322809855,4.024142540163464,1.3616420734259818,836.4497066073948,30
3.353479146957397,-4.039995564354791,55.28571616278754,4.028973897298178,1.371684537993537,869.3723687065975,30
3.3547541797161102,-4.036516726016998,55.59977316856384,4.028856068849564,1.370012365281582,878.7288932800293,30
3.345781813065211,-4.039510561360253,55.17806010776096,4.02428952852885,1.3622965216636655,895.559757656521,30
3.357165813446045,-4.035055071115494,55.51220626301236,4.036860297123591,1.375513832602236,900.0492379930284,30
3.3393755356470747,-4.043052991231282,55.94550768534342,4.048181414604187,1.3457351823647818,905.213643391927,30
3.345633774995804,-4.034843378596835,55.81134822633531,4.037024567524592,1.3600582157572112,895.3196601867674,30
3.334264592991935,-4.01982178290685,55.46269448598226,4.012255357371436,1.3554505556821823,914.1577996148002,30
3.3415989081064863,-4.0216266711552935,55.41766945521037,4.018175741036734,1.367955597738425,945.6251996358232,30
3.3410995403925576,-4.048163758383857,55.72001838684082,4.0360636711120605,1.3556568556361728,958.6202969021268,30
3.3380747586488724,-4.0377165410253735,55.621984799702965,4.0353623032569885,1.3552903797891402,949.1676190694176,30
3.314804792404175,-4.039754033088684,56.19760656356812,4.015139877796173,1.3296467512845993,981.9078903198242,30
3.336474350757069,-4.009973234600492,55.53909940189785,3.9927693290842905,1.3739389760626688,967.3882793850366,30
3.319516552819146,-4.033321393860711,56.37382655673557,4.034961303075154,1.3352115088038974,1038.2962205674912,30
3.320422574877739,-4.02935333053271,55.71619764963786,4.003373752037684,1.3474047631025312,982.8939832051592,30
3.314563218090269,-4.037084056271447,56.09859010908339,4.012747287750244,1.337958514690399,1035.001924302843,30
3.311560407280922,-4.051921602752474,56.54964436425103,4.024507042434481,1.3280784669849606,1028.5849177042642,30
3.3162060578664145,-4.038113594055176,56.166534423828125,4.0224690437316895,1.3405284881591797,1048.5018310546875,30
3.306472561425633,-4.034490949577755,56.744344313939415,4.023410896460216,1.3210410368111398,1033.396503024631,30
3.3011567095915475,-4.031317174434662,56.899535285102,4.0301154255867,1.316299244761467,1068.8874087863503,30
3.285270616412163,-4.046510636806488,56.9385998249054,4.014398157596588,1.307612955570221,1082.8977127075195,30
3.29529396030638,-4.044803897539774,56.4107199774848,4.023010545306735,1.319675717088912,1097.6943732367622,30
3.2967997093995414,-4.024592700931761,56.30575349595812,4.007708539565404,1.3352002518044577,1125.0856213039822,30
3.287921925385793,-4.05593063433965,56.964871406555176,4.040265262126923,1.2919998417298,1077.643951416016,30
3.272368614872297,-4.041921257972717,57.144387642542526,4.019180668724908,1.3008165963821945,1160.9798846774634,30
3.289321356349521,-4.033943229251438,57.15936194525825,4.023248884412977,1.31906349129147,1123.4869316948786,30
3.270430728793144,-4.041095435619354,57.31196252504985,4.0324887335300446,1.2935373882452643,1159.8313090006511,30
3.245102382368512,-4.049562745624119,57.44056203630235,4.031625356939104,1.2602964573436313,1180.3663380940754,30
3.272533252835274,-4.035874836974673,57.16203814082675,4.034489999214808,1.300823532044888,1182.3103485107422,30
3.274597942829132,-4.031063318252564,57.11562347412109,4.015856742858887,1.311116635799408,1158.4486694335938,30
3.2633352594243155,-4.0304819908407,57.32919751273261,4.017899897363451,1.297831528716617,1178.3099848429365,30
3.263754944006602,-4.02929726574156,57.54667064878676,4.021706018182966,1.2886769274870555,1178.6576453314888,30
3.26221897204717,-4.009178012609482,58.03590591748555,4.011200686295827,1.2894635225335758,1200.9289296468096,30
3.2555832068125405,-4.0258845753139925,58.1696785820855,4.026927100287543,1.278883483674791,1212.2960476345486,30
3.250701157583131,-4.025321427318785,58.1322836611006,4.031316661172443,1.275803387992912,1226.401067945692,30
3.2371056377887726,-4.03950822353363,58.23228756586711,4.026171843210856,1.2645048399766283,1258.0063273111984,30
3.241730241311921,-4.016390475961897,58.44931899176704,4.032038937012355,1.2677282045284908,1255.006156921387,30
3.2278141710493298,-4.023965332243178,57.69344001346164,4.008280966016981,1.2602490418487124,1241.514146592882,30
3.227270618081093,-4.018437296152115,58.04822635650635,3.999517992138863,1.2620181068778038,1262.0570449829102,30
3.233574330806732,-4.021023174126943,58.0342313448588,4.009625766012404,1.2651338676611583,1249.4829644097222,30
3.200853190488285,-4.031855586502287,58.00036758846707,4.001316900054614,1.2416057371430926,1321.5786878797744,30
3.237509965896606,-4.010353724161784,57.98075675964356,3.991219123204549,1.2818718751271565,1268.8979492187505,30
3.22003829644786,-4.03856251306004,58.14361723264059,4.007414519786835,1.2622321463293498,1293.726471794976,30
3.195564395851559,-4.0445753004815845,58.14037132263184,3.996657427814272,1.2396689736180837,1304.5586954752605,30
3.171146949132284,-4.03317192196846,59.074535926183074,3.997141261895498,1.2009921446442602,1336.000503540039,30
3.193042390876346,-4.015932705667284,59.09196556939019,3.9904063940048218,1.22587560945087,1346.5753648546008,30
3.1869532267252603,-4.014215558767319,58.70682639545865,3.9892986863851543,1.2251750437749758,1357.8728968302412,30
3.161875516176224,-4.040685534477234,59.29297256469727,4.014777660369873,1.185632348060608,1373.3008728027344,30
3.1541039413876004,-4.04263699054718,59.33543308575948,4.014604406224357,1.1729561545782616,1370.1681077745222,30
3.1386580997043185,-4.049706406063503,59.60554504394531,4.018638451894124,1.149914344151815,1377.6261121961804,30
3.147920995950699,-4.015973190466563,59.39015754063925,3.996572027603785,1.174239049355189,1398.7254791259766,30
3.12262370189031,-4.028948949442969,59.49881156285604,3.9964208437336817,1.1526244150267708,1430.323421902127,30
3.1072970430056253,-4.029341008928087,59.67269444465637,4.0013666235738325,1.1382895318998232,1446.5344297620986,30
3.0824503501256304,-4.039769291877747,60.051499366760254,4.015203833580017,1.0945592025915778,1427.2107137044272,30
3.0675875511434345,-4.030614965491825,60.05389057265388,4.001275171836217,1.095489263534546,1464.9447580973308,30
3.0116529266039525,-4.051632265249888,60.35183922449748,4.016949825816685,1.0294541137086015,1464.5835571289065,30
2.993034780025482,-4.059866935014725,60.24157905578613,4.01928186416626,1.0148862674832344,1494.868293762207,30
2.9624890089035034,-4.049689186943902,60.46015654669868,4.009815825356378,0.9889556070168812,1509.3080037434895,30
2.888646971848276,-4.054029633601506,60.35320742925008,4.017342345582114,0.927656912555297,1521.4668375651042,30
2.797499020894369,-4.035018126169841,60.8406310081482,4.002266764640808,0.8408811266223594,1564.81559753418,30
2.6963713566462197,-4.028537879387538,60.76679208543566,4.003751620650291,0.7339918654825948,1547.811327616374,30
2.5851220753457813,-4.018849730491638,61.02915541330973,3.968345834149255,0.634668075376087,1600.4047410753035,30
2.476108918587366,-3.8606698612372,61.88631908098859,3.8466512511173816,0.4597120198110707,1611.7927881876626,30
3.1400963366031625,-0.1220485410756576,62.59062963061863,0.1625209823250818,-0.0045665136228,1609.7519938151038,30
3.206732541322708,-0.0296002966481153,62.10194799635145,0.062949275365099,-0.0044429596649326,1598.9143524169926,30
3.2338826656341557,-0.0071547999978065,62.34529876708984,0.034878596663475,-0.01622179383412,1576.3607177734375,30
3.8398704528808594,-3.9058239459991455,45.151763916015625,3.922649383544922,1.929006576538086,-15.883124351501465,31
3.8180294930934906,-4.0508268806669445,45.4905874464247,4.057537787490421,1.840804733335972,1.7181543310483298,31
3.813047856092453,-4.029492590162489,45.81524340311686,4.039161052968767,1.827869297729598,-0.6856028503841809,31
3.789047415057818,-4.049647827943166,45.34622120857239,4.052679429451625,1.808965099354585,48.644293467203774,31
3.7828197214338513,-4.027058839797974,45.53435749477811,4.019255015585157,1.8131766219933827,38.00852584838867,31
3.7506757560703488,-4.066370715697606,46.03295249409146,4.075504594379002,1.7667117507921324,76.96122450298735,31
3.7467801372210174,-4.03264449040095,45.89178276062012,4.032125969727834,1.7760086009899776,84.68287531534831,31
3.7260530988375344,-4.026978419886695,46.23348710272048,4.038797328869502,1.7425162295500438,68.31786002053154,31
3.722113913959927,-4.021159225040012,46.566750844319664,4.039853466881646,1.743410885334015,75.30030102199979,31
3.714294210076332,-4.031434923410416,47.26845741271973,4.050360769033432,1.725310020148754,77.67047834396362,31
3.713696824179755,-4.04095592101415,47.69794485304091,4.061794049210018,1.7175292505158315,77.91578600141737,31
3.68585741519928,-4.019248409403695,47.32035893864102,4.029650830560261,1.696667027970155,96.37682331932916,31
3.687617639700572,-4.021936138470967,47.8224671681722,4.024670481681824,1.7018849352995555,118.0164241790772,31
3.686766490340233,-4.006587564945221,47.97920189963447,4.027154697312249,1.6928601894113753,85.60199960072835,31
3.669082717763053,-4.031363997194502,47.93629890018039,4.040904151068793,1.6695520000325308,114.1849987241957,31
3.6688745667537055,-4.019492268562317,47.97820250193278,4.028473416964213,1.672613089283307,110.12258656819662,31
3.6699588033888073,-4.02161349190606,48.00886323716905,4.019942230648464,1.6814085377587211,133.90960862901477,31
3.6678093804253473,-4.0223661462465925,48.20713064405653,4.02317092816035,1.676247629026572,136.5137500762939,31
3.6379205882549286,-4.014152526855469,48.79836702346802,4.016621172428131,1.6357184648513794,161.5508213043213,31
3.6356104711691537,-4.031563139624065,48.774698707792496,4.01600734392802,1.6415457535121176,185.4492458767361,31
3.618207123544481,-4.019917196697659,48.829550213283966,4.017499407132466,1.6216445797019534,190.82135942247183,31
3.612597187360128,-4.021651903788249,48.81760263442993,4.01912076274554,1.6153712272644043,194.98096847534185,31
3.606350004673004,-4.015322380595737,49.18311405181885,4.00827956199646,1.6060839576853645,210.63941086663135,31
3.6173852251635656,-4.040109329753452,49.52923642264472,4.026376787159178,1.6271751705143187,238.73294109768335,31
3.585999051729838,-4.053844213485718,50.335632960001625,4.049517313639323,1.5844707091649373,262.2931162516276,31
3.589383014374309,-4.032749848233329,49.83806173006693,4.0162807901700335,1.5843286729521222,247.38871775733097,31
3.5849282344182334,-4.035203774770101,49.89404175016615,4.008249786165026,1.591496287120713,273.707824283176,31
3.5946833044290543,-4.0304765701293945,50.009493350982666,4.017933666706085,1.6043284088373184,270.6879577636719,31
3.5809119211302862,-4.031648490164015,49.65098105536567,4.00473862224155,1.5964201390743256,284.3713387383355,31
3.576713828576936,-4.023563921451569,50.083545949723984,4.027911795510186,1.5769857101970248,274.96077749464246,31
3.5748147865136466,-4.032186230023702,50.34139092763265,4.022709250450134,1.58875006934007,308.3762499491374,31
3.569915375775761,-4.043859799702962,50.59661398993598,4.013457116153505,1.5748034235503938,310.9186017778185,31
3.556648201412625,-4.041953510708279,50.950928158230255,4.017315069834392,1.5575463506910536,329.3095533582899,31
3.5480500708023706,-4.040857136249542,51.04968865712484,4.0286544263362885,1.559308538834254,344.8871542612711,31
3.546538624498579,-4.043419765101539,50.88086493810018,4.0360340343581305,1.55535593132178,339.46176528930664,31
3.531610662738482,-4.033896360132429,51.06204817030165,4.013914131455952,1.547484106487698,378.0510467953152,31
3.521722435951233,-4.036264657974243,51.30373001098633,4.021403431892395,1.5315560400485992,384.17813873291016,31
3.520958400434918,-4.040936198499468,51.19400297270881,4.002724392546548,1.5486565339896414,395.6283726162381,31
3.5223755505349903,-4.030735088719262,51.43569813834296,4.0298707948790655,1.541903042131,381.7195031907823,31
3.5179159492254257,-4.049472838640213,51.7493257522583,4.030806332826614,1.527506490548452,406.590923945109,31
3.511570612589518,-4.030196110407512,51.38073327806261,4.029497173097399,1.5334009726842244,405.00558980306,31
3.518403811587228,-4.026721431149377,51.71297454833984,4.008428100082609,1.533940060271157,404.2107001410589,31
3.5085336367289224,-3.995905419190725,51.78175640106201,4.011822362740834,1.528814415136973,407.09021886189765,31
3.483967082368003,-4.019831170638402,51.70775943332249,4.00691051946746,1.511700701382425,457.3863680097791,31
3.488405320379469,-4.028433296415541,51.86812835269504,4.008695695135328,1.518521934747696,463.0566058688694,31
3.493420347571373,-4.023981690406799,51.77664637565613,4.024970054626465,1.514754794538021,436.8832244873047,31
3.480984949403339,-4.024807314078013,52.33000066545274,4.023648348119524,1.49651942981614,455.6286116706,31
3.47791707681285,-4.011503587166469,52.07151820924547,4.014216591914495,1.50877612332503,483.5717894236247,31
3.4730215867360434,-4.029369672139485,52.787540435791016,4.023936907450358,1.4942785898844402,500.291015625,31
3.465523362159729,-4.025019864241282,52.69602717293633,4.0345099998845,1.4755856610006757,483.2124597761366,31
3.4540631704860263,-4.024519821008046,52.82125202814738,4.021465824709998,1.4769756297270455,523.9982113308378,31
3.444056163231532,-4.005218913157781,52.696226358413696,3.985724593202273,1.4728900839885075,529.9603373209635,31
3.452040765020582,-4.00509426328871,52.852126863267685,4.004047890504201,1.4858489996857114,549.1199357774523,31
3.4645795689688788,-4.02182541290919,53.36079748471578,4.021906862656276,1.4878646085659664,533.3760079277886,31
3.4450196623802185,-4.027361989021301,53.54347848892212,4.036677539348602,1.466027915477753,578.3713226318359,31
3.442381567425198,-4.020982970794042,53.07296993997362,4.014850364791022,1.4735360211796231,584.6663780212402,31
3.440051476160685,-4.021682394875421,53.49876954820421,4.029529333114624,1.4623740911483765,574.0210910373264,31
3.4342822978893914,-4.011323084433873,53.11363093058268,3.999494065841039,1.465935123463472,586.7205734252931,31
3.431399378511641,-4.02442091041141,53.21192079120212,4.028426561090681,1.458226912551456,597.5141474405924,31
3.421275233229001,-4.015152871608734,53.322371641794845,4.012991686662038,1.445008099079132,599.240917629666,31
3.414202034473419,-4.043344855308533,53.8783229192098,4.046183745066325,1.4254341026147208,644.980728149414,31
3.423325589961476,-4.026012476947573,53.46014295683967,4.022415422730976,1.4532140865921974,656.1553437974718,31
3.4096782240602703,-4.030528843402863,53.93814033932156,4.029064761267768,1.43031488193406,680.0965338812935,31
3.423722594976425,-4.011010736227036,53.5959529876709,4.009997487068176,1.4576352834701538,668.2061538696289,31
3.393480724758572,-4.016318003336589,54.25197643703885,4.00854131910536,1.422023892402649,704.351304796007,31
3.4206599675946765,-4.018361455864376,53.89686067899069,4.012746291028129,1.4521589966283903,653.0562184651692,31
3.4025213917096457,-4.025923689206441,53.95761632919312,4.028771817684174,1.4274594336748123,695.6121597290041,31
3.399692710902956,-4.0193610688050585,54.27692612012228,4.017576691177156,1.4296014565560553,738.4946662055122,31
3.3843374848365784,-4.040597558021545,54.297175619337295,4.037914805942112,1.4005545907550387,724.9769524468313,31
3.387074659268061,-4.03562851746877,54.67244728406271,4.043144861857097,1.3966962844133377,700.0239969889323,31
3.371751858128442,-4.015911718209584,54.24776755438911,4.010012825330098,1.3958578490548663,754.108367919922,31
3.361180815431807,-4.031632360484865,55.03617201911079,4.027322527435091,1.3725311565730307,774.0718540615505,31
3.374970555305481,-4.037851333618164,54.47945976257324,4.031960964202881,1.3930160999298096,752.2825317382812,31
3.371337776382764,-4.015682833062278,54.56752427419027,4.00991842812962,1.400047245952818,786.143683115642,31
3.375694543123245,-4.015492426024543,54.91889460881551,4.00652555624644,1.408706612057156,835.396122402615,31
3.372279465198517,-4.021731048822403,54.45868976910909,4.016685962677002,1.3983629122376442,801.1267878214517,31
3.36802159415351,-4.038783563507928,55.23637633853489,4.028168823983934,1.384894735283322,838.0563117133247,31
3.3552727980746164,-4.054670112000571,55.182362503475616,4.045200804869334,1.3670986054672134,838.3978017171222,31
3.375515431165695,-4.033002138137817,55.201859156290695,4.023084143797557,1.3994434823592503,857.4112497965493,31
3.347185911403762,-4.038990361822976,55.41435056262546,4.02429950899548,1.360199708077643,839.2175759209526,31
3.3524611790974936,-4.040758715735541,55.297240363227,4.02903774049547,1.3701286051008434,872.0598822699656,31
3.3536118268966675,-4.037550628185272,55.60188984870911,4.028935700654984,1.368388570845127,881.846565246582,31
3.3444959488179946,-4.040678209728665,55.18465190463596,4.024539762073093,1.3605077465375264,898.1954744127058,31
3.3558080477846994,-4.036251442299949,55.529488033718536,4.037340660889943,1.3733377547727692,903.166817135281,31
3.337790628274282,-4.044536709785461,55.971677144368485,4.048671682675679,1.3430291016896567,908.4054565429686,31
3.342845133609242,-4.03711630569564,55.84654503398471,4.037705265813403,1.355129472083516,898.5763575236001,31
3.3315948413478003,-4.021590623590681,55.49817212422689,4.012872033649021,1.3506775498390198,916.9131910536024,31
3.3390325109163923,-4.023448824882507,55.445797284444176,4.018663654724757,1.3636487200856209,948.480499267578,31
3.3386387295193143,-4.049885193506877,55.74999851650662,4.036479632059733,1.351622462272644,961.2205132378472,31
3.335617644919289,-4.039378152953254,55.64663736025493,4.03578132390976,1.351262156334188,952.3277486165368,31
3.3124554455280304,-4.041464805603027,56.22486543655396,4.016052603721619,1.325474202632904,984.8067016601562,31
3.33384382724762,-4.011992391612795,55.560188637839424,3.993475336167548,1.3698891310228245,969.9611523946124,31
3.317139254675971,-4.034249305725098,56.40882629818387,4.035865823427836,1.3316804932223425,1040.5852593315972,31
3.3179257959127426,-4.031437486410141,55.75237663586935,4.0044553478558855,1.343084059655666,985.488529205322,31
3.312029391527176,-4.038134713967641,56.14002884758844,4.013841138945685,1.33431509633859,1037.234831068251,31
3.3092505070898266,-4.052777449289958,56.59935585657756,4.0256962147023945,1.3240013478530777,1031.446316189236,31
3.313886880874634,-4.038974444071452,56.21511713663737,4.023296197255452,1.3367561499277751,1051.1300455729163,31
3.303859745462736,-4.035137034124798,56.784561448627045,4.024194449186325,1.317385115557247,1035.6793000962998,31
3.2983260254065194,-4.03198120991389,56.93714274300469,4.030665695667267,1.3123369316260018,1071.6091732449006,31
3.282798081636429,-4.047256678342819,56.9774534702301,4.015304923057556,1.303948074579239,1085.8659286499023,31
3.292363266150157,-4.045543458726671,56.46126482221815,4.023997121387057,1.3154853979746506,1101.3325873480903,31
3.2940342211061053,-4.025175746944216,56.345208485921226,4.008552210198508,1.3313666474488046,1128.2780405680337,31
3.285169929265976,-4.056550582249959,57.00936937332153,4.041117648283641,1.288290838400523,1080.9381154378257,31
3.2697255313396454,-4.042801204654905,57.18726865450542,4.02016254928377,1.2970796210898294,1164.468400743273,31
3.2863825956980386,-4.034880479176839,57.20685492621528,4.024185021718343,1.3146967358059354,1127.2190348307292,31
3.2677813967068987,-4.041763951381047,57.359103202819824,4.03347572684288,1.289620041847229,1163.297238667806,31
3.242145031690597,-4.050166441334619,57.48974079555936,4.032531181971232,1.256127018067572,1183.771692911784,31
3.269560467865732,-4.036493688821793,57.21466488308377,4.035412046644423,1.2968350657158432,1185.827155219184,31
3.271432936191559,-4.031885623931885,57.17209911346436,4.017000913619995,1.3065142929553986,1162.742156982422,31
3.260325228174527,-4.031224300463994,57.377003351847335,4.01887877451049,1.2935403014222775,1182.5237714979387,31
3.260707782374488,-4.029846211274465,57.596481429206,4.022554728719923,1.28446646200286,1182.175816853841,31
3.2593883027633037,-4.010392785072327,58.0877423286438,4.012307693560918,1.2851212819417317,1205.0849227905271,31
3.2524570888943143,-4.026560571458605,58.21301735772027,4.027667469448513,1.27463870578342,1215.9493272569446,31
3.247884652680821,-4.025957110855314,58.17030167579651,4.0318939122888775,1.272065685855018,1229.9012400309246,31
3.23414879043897,-4.040116906166077,58.27398665746053,4.026767055193584,1.260600244005521,1262.1538645426438,31
3.238922928770384,-4.017067972156736,58.48111820220947,4.03185909986496,1.2642239704728129,1258.7845865885415,31
3.2249738242891097,-4.024648865063986,57.73774528503418,4.009039282798767,1.2564654449621837,1245.4580044216582,31
3.224243089556694,-4.019508749246597,58.09812617301941,4.000509291887283,1.2579161524772644,1267.095329284668,31
3.23074276248614,-4.022027942869398,58.08525466918945,4.010455442799462,1.2612704402870605,1254.408594767253,31
3.197946402761671,-4.032476166884105,58.04580079184638,4.002221104171541,1.237911441259914,1325.8988961113826,31
3.2343842983245845,-4.011390447616577,58.04216766357422,3.9923729499181113,1.2773826320966082,1274.7627360026045,31
3.216728010111385,-4.039625657929315,58.2007032500373,4.008108284738329,1.2578029988540542,1299.0962838066948,31
3.192383858892653,-4.045903676086002,58.20522117614746,3.998329281806946,1.2352599650621414,1310.100319756402,31
3.167146901289622,-4.033700158198674,59.12410815556845,3.998078147570293,1.195880855123202,1341.5453847249348,31
3.188924173514048,-4.017377177874248,59.16090848710802,3.992541326416864,1.2202825480037265,1352.380103217231,31
3.1829527649614544,-4.015622738334868,58.78364539146423,3.991334969798724,1.219614424639278,1363.9243859185117,31
3.156796932220459,-4.042264461517334,59.36029291152954,4.015906453132629,1.1805923730134964,1378.8875885009766,31
3.148419646753205,-4.04376322693295,59.40167066786024,4.0155761043230696,1.1665906434257822,1376.4522815280488,31
3.132396486070421,-4.0508533583747015,59.67837609185113,4.019814809163411,1.1429112487369115,1384.4338921440972,31
3.141191283861796,-4.017475813627243,59.45982424418131,3.9980632116397214,1.1668681477506957,1405.244753519694,31
3.1151143113772077,-4.030484391583337,59.57678895526462,3.998063885503345,1.1445727861589856,1437.734066433377,31
3.0979663183291755,-4.031748490201102,59.76446549097697,4.00272933476501,1.1280630172954669,1453.8010525173613,31
3.072151521841685,-4.042505780855815,60.14666398366292,4.016363541285197,1.083353519439697,1434.71484375,31
3.057086356812053,-4.033594436115688,60.11825770801968,4.00260955426428,1.08486643847492,1472.189181857639,31
2.9975096186002093,-4.054231021139357,60.44276899761624,4.01779055595398,1.0157685925563171,1470.9210188123918,31
2.979293093085289,-4.061712235212326,60.339138984680176,4.01987886428833,1.0015329159796238,1501.3087997436523,31
2.9463025728861494,-4.052145057254367,60.554792404174805,4.011598428090413,0.9745004971822102,1517.0696614583333,31
2.870747493373023,-4.054140892293718,60.42252278327942,4.017183598544863,0.9114475088814892,1528.9717076619468,31
2.774088104565939,-4.036972622076671,60.90480836232504,4.003343900044759,0.820193859438102,1571.8957621256511,31
2.6667552176449028,-4.032697604762183,60.8163213994768,4.002700587113698,0.7059235630763896,1559.2700144449873,31
2.5488820274670925,-4.021332833502028,61.04497040642632,3.964731282658047,0.6005633241600464,1613.4762980143228,31
2.432176167766253,-3.85704877972602,61.8325499693553,3.834001526236528,0.4164698788275289,1623.5084533691406,31
3.132380565007525,-0.1256274208426517,62.633556524912514,0.1673255852527136,-0.0040773324047521,1615.9106580946177,31
3.2003924945990243,-0.0291049193539135,62.16329110993279,0.0643592862050149,-0.0039651974188421,1606.2398173014326,31
3.228721857070923,-0.006398297380656,62.39095687866211,0.0343416631221771,-0.0161177203990519,1584.362060546875,31
3.838387966156006,-3.9101736545562735,45.20052719116211,3.9268083572387695,1.9222477674484253,-17.494470596313477,32
3.816340639874652,-4.0522244360063455,45.51316347989169,4.058509289801537,1.837745815723926,0.574677990449892,32
3.811483094742248,-4.029529391468822,45.850342143665664,4.040446848302454,1.8245006082774875,-1.3607236688787316,32
3.7871614186080182,-4.048603588050896,45.35036567207817,4.051121171537813,1.8059835775748836,47.83759654651988,32
3.780541179897068,-4.028766265282264,45.59677668218013,4.021854467325277,1.8091965638674223,37.92974458707796,32
3.747797742590204,-4.066676846750966,46.05691416280253,4.076583432150888,1.7620180703543282,76.57766723632812,32
3.74507726989426,-4.031817372862276,45.93102859283661,4.032202834015959,1.7731213661340566,83.81936842911726,32
3.720724352589854,-4.025382902238753,46.24869630720232,4.038984462097808,1.7354682292137946,66.40178701760885,32
3.720016377789157,-4.02088270987664,46.62609300413332,4.03968010415564,1.740520798243009,76.34919877485795,32
3.712233283303001,-4.030600774538267,47.29589969128162,4.04999977058464,1.7223574273236149,76.04182620815465,32
3.710960298151403,-4.039748228513277,47.7614316340093,4.060474852581958,1.7135756791054786,77.05223504980127,32
3.684865107903114,-4.018609927250789,47.36841319157527,4.0290632614722615,1.6953206429114709,95.74751751239484,32
3.683579786674126,-4.022694751099273,47.951199298138384,4.0247055667263645,1.6958913261240178,122.80073344624124,32
3.6824800751426,-4.007259498942982,48.04146992076527,4.027429233897816,1.686495759270408,86.13855465975674,32
3.667060998769907,-4.031780593045108,47.9153525345809,4.040236403058459,1.6674076660529715,115.11368662160592,32
3.6640117501879073,-4.0160624030586725,48.005072933810574,4.0251650043300815,1.6670535661123849,107.71796870731808,32
3.667322857396586,-4.022829535957817,48.06654016454737,4.019827055764365,1.678069624867473,138.70101352504915,32
3.6627704363602858,-4.017225318855339,48.24544773235188,4.021083535014332,1.6696073983932709,130.8615808020105,32
3.63533670418746,-4.01497507762242,48.847176318402056,4.015715245600347,1.6325319897044788,165.84769626430696,32
3.631953417838037,-4.028270327961528,48.77079079367898,4.015482749138679,1.6373780582334612,183.68746766843995,32
3.6113459730481767,-4.018641275125784,48.88209461665654,4.016753876959528,1.6128782559108068,196.8279795613322,32
3.614581975069913,-4.0238994485014805,48.84027510422926,4.023614970120517,1.6172793903550902,190.05604777302776,32
3.604012049161471,-4.012506044827974,49.16276902418871,4.0012526512146,1.608557022534884,215.56593674879807,32
3.614853147026542,-4.046007093016084,49.6817426614828,4.04089137390777,1.6209566176354469,237.878820352621,32
3.580910802721144,-4.049877553553015,50.39363468943776,4.042074330203183,1.575462307963338,264.24134175760764,32
3.586840301126867,-4.031770452752814,49.91015630335241,4.018182927911932,1.5796306858529578,249.11386780638796,32
3.584416454488581,-4.029731490395286,49.90426184914329,4.004616000435569,1.592522848736156,281.9137073863636,32
3.5884739285582428,-4.029368847400159,49.910424986085694,4.013223084536466,1.600055192733978,276.7587429660183,32
3.580318332552076,-4.030342508862902,49.826006002359456,4.008385088060286,1.589683364321302,280.5882214099377,32
3.5717815652593865,-4.020839164307067,50.18960437908039,4.027916988292774,1.5693415753491275,279.8763963392564,32
3.577328506883208,-4.037110155278986,50.31555183784111,4.025362981782926,1.5934422683048914,308.9239384577824,32
3.5634231300620764,-4.038704818778938,50.59108755471823,4.009296013758733,1.561728726733815,311.2867277985686,32
3.5566457151533006,-4.038564285198292,50.91510225842882,4.025118627748289,1.559345577980255,325.10795241135816,32
3.5486171062176046,-4.044566594637358,50.92819184523363,4.026931872734656,1.558561425942641,336.9285160945012,32
3.540342642710759,-4.038177396867659,50.913086417671686,4.033768740567294,1.5480235856729787,345.6304568844241,32
3.5264571163204166,-4.034693487874278,51.21433394105284,4.014173314287946,1.5370618396705682,380.9063889296738,32
3.5228431041424093,-4.035716823764615,51.25795137632143,4.023066634064787,1.5319699815936856,376.1214964539855,32
3.5228313932885658,-4.031593075999013,51.172324574077045,3.995448479285607,1.554845534838163,395.4485800149559,32
3.5157438208173204,-4.032498276317036,51.54792545558689,4.035879511933227,1.5255166283854238,383.82317261595824,32
3.5228609388524834,-4.050043496218595,51.72196787053888,4.0325758673928,1.5352999297055332,401.49159934303975,32
3.504887410810777,-4.024177534596904,51.50249595908852,4.021248350610266,1.5237910464093405,409.39936860624726,32
3.516282305017218,-4.020714242975195,51.80831469022311,4.0164473040120585,1.526231646537781,395.679994596468,32
3.5064778578031315,-3.9972274853633,51.71770255882423,4.008394784860678,1.5320951321741918,420.0515879384287,32
3.4795975568411235,-4.027730078130335,51.67728167980701,4.007834284455626,1.5089812020321829,465.32972109067697,32
3.490407558587881,-4.027199378380408,52.00099710317758,4.016589714930608,1.5166975626578698,459.24281193659857,32
3.4866536163783577,-4.024074357706351,51.93901307432801,4.026308926669034,1.5053639803733023,443.26660839160814,32
3.4758958866546203,-4.021373872156744,52.42267576631132,4.022952429898135,1.4893347541769069,460.33343761950937,32
3.473169563533543,-4.01385346325961,52.14172245905949,4.014024861209043,1.5040090775989985,491.45415790264434,32
3.4726333934944,-4.033284684161206,53.00987035577948,4.035760262629369,1.4864855496199816,495.9762916831704,32
3.459292008326604,-4.02412814693851,52.66421391413762,4.028316837924344,1.473578744001322,497.8468521224866,32
3.450292405548629,-4.024127420011934,52.919234455882254,4.015041001193174,1.470596668603537,522.0041469760708,32
3.449159765576983,-4.002114162578449,52.733258574159,3.988832096953492,1.4788348691446798,523.3510947060753,32
3.4570036367936567,-4.01123081554066,53.008977369828656,4.014825344085693,1.4867375113747336,540.987060546875,32
3.4561070528897373,-4.029296608237954,53.55573408753722,4.030904349747238,1.47624250892159,556.8675899905754,32
3.436560192308226,-4.024342076761739,53.42651177786447,4.034679722952676,1.4558612725117823,568.5061636971427,32
3.4452872276306152,-4.022968255556547,53.30658193734976,4.022235320164607,1.4730165830025306,583.7594557542067,32
3.434880496738674,-4.014456959037514,53.35718088216715,4.016835612850589,1.4612893991537028,573.6458394510762,32
3.438768740300532,-4.0217675229052565,53.23309809011179,4.01062481886857,1.4699754664947935,595.1148963341345,32
3.422474267599466,-4.016751789546513,53.1561301971649,4.020682818406112,1.448063407744561,588.1221304940177,32
3.4198399340356147,-4.02603143745369,53.7324057892486,4.026445108693797,1.4361930768806617,609.3577620499618,32
3.411835798850426,-4.038088291675061,53.69790051867079,4.041462234683804,1.42646048035655,644.8766718510981,32
3.426114617527781,-4.029486262714946,53.79589523635544,4.0241205875690165,1.453654412623052,663.4360876550206,32
3.415308570528364,-4.017359346776575,53.6315350565877,4.0191127403632745,1.4415526590147218,668.0838290127841,32
3.414435666757864,-4.010335595457704,53.79201318167306,4.008005649059802,1.446395459708634,675.5473526107683,32
3.3943154795186503,-4.020190889185125,54.19035141951554,4.008155589337116,1.4222149257059695,692.6088180008469,32
3.418107336217707,-4.018019112673673,53.83838896317916,4.018312540921298,1.4482652599161323,654.0718439275564,32
3.396394582895132,-4.027388242574839,54.22017170832707,4.027616134056678,1.4195613769384532,719.8839393028845,32
3.3914524541868194,-4.024632934090141,54.14002307811817,4.01927326775931,1.4200401747976985,736.2881047175481,32
3.388394420797175,-4.044861460065508,54.74104695886999,4.052101808828073,1.3925141546276063,693.0989678656306,32
3.3741555113892456,-4.024095575292628,54.31881073638276,4.02175387469205,1.3946415952869229,735.8443390105982,32
3.380026757300317,-4.02136436542431,54.56889791421957,4.017635532192417,1.4007873401775228,735.5279105659964,32
3.3632570713550063,-4.036876718481104,54.73623289094938,4.030722438038646,1.3769258027310138,764.6527167900458,32
3.377005618768972,-4.030798461887386,54.51414401714619,4.026599870695101,1.3961878306382185,748.5887131057418,32
3.3683170688735853,-4.014100731669606,54.84355214259007,4.0053851321027,1.3995696739716963,818.7583741941648,32
3.377130345031098,-4.017653601986545,54.654111181939406,4.015366580936458,1.406392498449846,800.9441024673573,32
3.3649694502770484,-4.034112340086824,54.76575403280192,4.022431446955754,1.3849751990991872,812.3200039096647,32
3.358177193394908,-4.055712939975979,55.54480978158804,4.049391806542457,1.3652123246159589,828.2785132348121,32
3.367948146966788,-4.037481711460994,55.08250955434946,4.026001966916598,1.3905943448726945,851.5787259615383,32
3.360762552781538,-4.042367805134166,55.38771403919567,4.034697836095637,1.373641881075772,829.4024658203124,32
3.3502529517753974,-4.033369357769306,55.22718608296001,4.018310530202372,1.3701502276467277,847.0849976439578,32
3.350101142496496,-4.043178004818363,55.651385353995366,4.03990925608815,1.360943159023365,865.7252385066106,32
3.3477454235503723,-4.035630436210366,55.360577536629634,4.017868555509127,1.365420635763582,900.1680067369153,32
3.3463697433471675,-4.0413961310486695,55.26850365592049,4.035871188957374,1.3613103453095974,897.7638362004207,32
3.350625648365154,-4.037498757555769,55.87629838423295,4.040328392615685,1.3638050881299104,901.3154441993552,32
3.3331085068362576,-4.048838482036457,56.01004316423323,4.047224324899954,1.3381218993580424,913.1176514525516,32
3.3404265750538222,-4.018656814014995,55.46953137271054,4.022576662210318,1.3612145552268398,899.0218894264912,32
3.334111668846824,-4.0198302835851285,55.44678494646833,4.005982075537835,1.3602223938161675,945.8566117720172,32
3.3389081238033054,-4.043602319864126,55.82086130955836,4.039266462926264,1.3529240634891535,962.8209757771526,32
3.343122757398165,-4.04140985929049,55.6294432419997,4.032289248246413,1.3598752205188458,941.2240084134615,32
3.3140029407047726,-4.039808693465653,56.1824595844829,4.021771967827857,1.3280816520010676,990.9962631972522,32
3.3277709117302523,-4.014653719388522,55.74306653429579,3.992269422624495,1.3600325942873115,974.6559546410624,32
3.3216919032010166,-4.032847101038152,55.97850452769887,4.032670974731445,1.336657079783353,1014.7571022727274,32
3.312195784562117,-4.035478035053173,56.15177138535293,4.0147121869600735,1.326542413318074,993.2907309365442,32
3.318197440434169,-4.029080457620688,55.80891773250553,4.003569529606746,1.3470203484688608,1023.3390362079324,32
3.306358990969358,-4.053433198195237,56.65259319918973,4.026850743727251,1.3151886863308353,1022.6271784855768,32
3.3137975539360847,-4.043395949410392,56.29582144997337,4.02388543349046,1.3354380772663996,1047.421523300918,32
3.305538154148555,-4.033304277833525,56.5160508589311,4.021170946267935,1.3172792154592234,1010.4210520924388,32
3.3083503096253724,-4.034686725456398,56.95466787164862,4.038178770692198,1.3193499966934847,1049.675142728365,32
3.2886422280665046,-4.039029568225353,56.74094230811912,4.011065423071801,1.310426629506625,1074.2533812622924,32
3.282482037177453,-4.051373481750488,56.74887642493615,4.024947496560904,1.2993008631926315,1095.985116811899,32
3.2970647094966647,-4.032271115096299,56.18516889985624,4.010616785996444,1.3323872889672126,1116.9279033954326,32
3.2879707613191407,-4.045008049144611,56.9505048098264,4.0378440543488185,1.2963199298698591,1087.543731902863,32
3.272241500707773,-4.051761300413759,57.0968367036406,4.029054618381954,1.2873791556258305,1134.4156750232196,32
3.2832394179764326,-4.0330296829863865,57.31211415537587,4.017938600553499,1.3174185252689814,1140.3507327633304,32
3.2742591337724165,-4.040426340970126,57.24628413807262,4.031429247422651,1.2944727160713891,1147.8635808771303,32
3.248923450083166,-4.048304427753795,57.45847184507997,4.03551292085981,1.2617594153731022,1165.097672469132,32
3.261526226163744,-4.039365314937138,57.243238622492015,4.030657984993675,1.284736941744397,1185.2922738882212,32
3.2715691203004,-4.030097501261251,57.22656620799245,4.026910268343412,1.302672236949414,1166.5222372842002,32
3.2672974046293675,-4.027172948930647,57.36225720385571,4.0091927735121935,1.3053015228751657,1169.5393535907451,32
3.2620432410206828,-4.0323426573426575,57.51623471133359,4.028110447463456,1.284433986757185,1181.5504594282672,32
3.25745912698599,-4.009856957655686,58.00967465914213,4.005925325246958,1.2836954777057354,1191.279240534856,32
3.256207182690814,-4.020821614698931,58.27492216417006,4.027442305238097,1.2764041182044503,1205.1803943127186,32
3.251989896480854,-4.027951914113719,58.21599469484983,4.032725170775727,1.2753119110227464,1224.8181886472903,32
3.2366917283384957,-4.038225410701512,58.1868472332721,4.028464497386159,1.2588448157677283,1240.6961379684765,32
3.2395975122918617,-4.025966307500026,58.5104842819534,4.035324760250278,1.2642147307629352,1259.5315863335884,32
3.2268686211192525,-4.017521284676932,57.81737830422141,4.013864123737895,1.2543270212787014,1236.8883304195804,32
3.225867198063777,-4.021983280048504,58.04292038604096,3.999735517101688,1.2609666185779171,1257.5198667299496,32
3.232183391397649,-4.020444003018466,58.1455605246804,4.011152397502553,1.2602150440216064,1251.8245294744318,32
3.203708987135987,-4.033556214579336,58.07335161329149,4.005669313710886,1.238826190675055,1305.163671533545,32
3.2273790719625834,-4.0163074640127325,58.07885664826507,3.9966822954324575,1.2671781845026082,1282.459063763385,32
3.2202790183620853,-4.034429530163745,58.16809271432303,4.005826866710103,1.2611408583767765,1292.0007990056818,32
3.195453350360577,-4.04801764855018,58.290173457219055,4.001895537743202,1.2358762117532585,1305.5606971153843,32
3.166445605404727,-4.031879328347586,58.94775905475749,3.9960937199892697,1.1979360930569525,1338.8586963573537,32
3.1850225591993,-4.02202460482404,59.30871590034111,3.995568593898853,1.212431187396283,1348.3277476917613,32
3.1823657325931363,-4.01279116343785,58.792831287517416,3.992244940537673,1.21471646448949,1356.143949922148,32
3.1587826955568543,-4.042387982348462,59.35653913271177,4.015966528779143,1.1796423471890969,1370.8652599841562,32
3.1472130371974063,-4.0410888745234566,59.49070072840977,4.01513812258527,1.1636009583106406,1377.9060596386034,32
3.1254554628492235,-4.054679233711083,59.72779003223339,4.022837075320157,1.132682726933406,1384.7216429810424,32
3.137202406263018,-4.018562063470587,59.5184056742208,4.000310912832513,1.1589010878876371,1402.6056053321677,32
3.109462809729409,-4.030644263420905,59.67998368590028,4.000379905834064,1.1344394467093728,1434.818110966182,32
3.0894343852996826,-4.030334776098078,59.852626453746446,4.000635905699296,1.1172369176691233,1458.931363192472,32
3.064983766395729,-4.044981346263752,60.29354295530519,4.017767029208737,1.0725186988190338,1436.611842869045,32
3.0454822320204515,-4.034058314103347,60.22487611037034,4.003151160020095,1.0680773625007045,1473.530057466947,32
2.98182610531787,-4.054032922624708,60.60860435112373,4.017803055423123,0.9983190047991032,1472.1722284063592,32
2.9567910857967563,-4.060208874148922,60.46168800834176,4.021172583519996,0.97618902479852,1501.6583012934334,32
2.9164777935801687,-4.052683580171812,60.71029889833677,4.013970315039575,0.9449185716522324,1523.5252403846157,32
2.841490978961225,-4.048377483874768,60.534277535818674,4.014659834908438,0.8807979663768852,1529.409352976125,32
2.728635461180361,-4.034642022806448,61.08542579704232,4.001342009831141,0.7745323222833922,1579.4353437090256,32
2.6044035424719345,-4.028353507702168,60.88893484902548,3.99315914574203,0.6430639320320204,1575.1631055711855,32
2.4581703156024424,-3.918635486722826,61.50248222084312,3.888345326577033,0.494761490946883,1624.2673450816762,32
3.088853532617741,-0.1959732289497694,62.831469449129976,0.2292690564702467,0.0031740093551631,1594.2341018356638,32
3.222102176893007,-8.703034918248337e-05,62.32985220422278,0.0339826590843972,-0.0021191749980646,1625.4163724459138,32
3.246206361930687,0.0144710106371375,61.75150107003592,0.019272009242925,-0.0006164863243229,1620.2609197443185,32
3.2665765285491943,0.0266877319663763,62.041770935058594,-0.0025679538957774,-0.0143051180057227,1595.1109619140625,32
3.839449405670166,-3.9061529636383057,45.17118835449219,3.923215866088867,1.9266555309295652,-16.99646759033203,33
3.816963674316944,-4.051895803129169,45.502459163397134,4.058215987514442,1.83862627056283,0.975938322678418,33
3.81287373287577,-4.029930544571138,45.850187919509246,4.040616330966143,1.827105223293036,-0.1281823406756803,33
3.7881682036628175,-4.047341628813408,45.31029120969101,4.048616053352894,1.80846446668598,47.72008022791903,33
3.7819956893652256,-4.028864471005722,45.63155343498982,4.023145373438446,1.8108294614603824,38.60614819593832,33
3.748522283325733,-4.067144843893991,46.045960869587645,4.07646748717402,1.7635299252792145,78.12882608762928,33
3.7477861928268217,-4.030799106812813,45.93968114718585,4.030849114270278,1.7768905733672666,85.09120629538953,33
3.721730069375374,-4.025273279404976,46.235864746738486,4.038686795973442,1.7370924286439386,65.29783568583746,33
3.721353225305047,-4.022361305398001,46.65268787867586,4.041557647812534,1.7427458343371538,78.52163502867792,33
3.714481247982509,-4.031071542014538,47.29122648104816,4.050940251686203,1.7245543338883091,74.48139351858221,33
3.711556078682483,-4.040937598322479,47.77897251827616,4.061441461804887,1.7144115793872887,77.68602978343695,33
3.6883141507565136,-4.019184340893383,47.3630820260921,4.030570607789805,1.6994819850988792,95.71938538887132,33
3.684630763362831,-4.02429401370841,48.01977619654696,4.025906415052817,1.6962820560159817,124.48994413563904,33
3.682784253442791,-4.009955809149943,48.071332582285706,4.029189381800907,1.686268301916794,87.66189317300287,33
3.668110478092248,-4.029466528288076,47.8244438708668,4.036714157588046,1.6713287209121277,116.87943891068576,33
3.6646202483647303,-4.013380188337514,48.02306427754147,4.023439541668959,1.668309122743741,105.73230442530674,33
3.668694324896369,-4.024726431134721,48.08425623934034,4.021097942137383,1.6798562734899387,140.9562521921077,33
3.660690240457024,-4.014717394197491,48.27729569018727,4.020703957114421,1.666331065372682,128.96335386894117,33
3.636972497886336,-4.017755924815863,48.83165665747414,4.013689625431114,1.6369756376239617,168.9455873731156,33
3.630677429723068,-4.025899514346055,48.74425622107277,4.016892725313213,1.6357913714059642,181.7060536129374,33
3.60824196103593,-4.017980897930307,48.89273791246011,4.013949985235509,1.6105181045935189,203.02987520459664,33
3.614096376257883,-4.025739384369111,48.85670989667866,4.027026992448619,1.6148724337698708,186.5721065897337,33
3.606187101820825,-4.011684948289898,49.12943235585387,3.994319848611321,1.616239418446178,221.1230481644751,33
3.611937573258306,-4.050666987056464,49.81113589649469,4.051259997864844,1.616000326586441,239.16398932228623,33
3.58138731163992,-4.047021328563422,50.31878447196853,4.0330684554408975,1.576203339536425,264.3667624030315,33
3.585275849825899,-4.033261013702608,50.00060446833221,4.0186546218227335,1.5787077646859935,254.20160771759464,33
3.5894153487514444,-4.028453793324215,49.9383259625502,4.0067619135682015,1.5986252670556726,278.16359656965227,33
3.584576831737035,-4.03015650493998,49.77183433317803,4.0073497564020295,1.6001334047653306,283.2029375962807,33
3.581481097449719,-4.02885008529878,49.89706356424681,4.012600428621534,1.5888388257631114,278.6348309584067,33
3.571237987195942,-4.020870336344545,50.24743773232044,4.0254134258753815,1.5701501982312809,286.18272765253624,33
3.580731385190722,-4.043882927424471,50.288308479416536,4.028987528572619,1.5986997073804827,312.8679727903554,33
3.5603577419066093,-4.038069876146988,50.63829427369883,4.00628835046795,1.5579478866617444,316.3866929604973,33
3.558070226454399,-4.036916618615809,50.83732046207911,4.0297028044579735,1.5664011961977249,326.2107058243012,33
3.5459563446716524,-4.047297363549891,50.791393978495,4.0306899581156985,1.5574722835715389,338.65974490743287,33
3.5346734926734173,-4.035325849559945,50.943287433033255,4.029283805632256,1.544602098599286,358.6029095716879,33
3.519980210653493,-4.0355674179506975,51.37990793040101,4.015364203654545,1.5273949562663764,390.2869294932191,33
3.5223551333790093,-4.038441154318796,51.25998902656663,4.02040047712729,1.5338380336761477,377.7945642605633,33
3.524542828680764,-4.025888879534224,51.17179075429137,3.9996960633237593,1.557151090091383,388.62936379875936,33
3.512889133372777,-4.036500077852061,51.56989879339513,4.033106911350304,1.5212559851122571,396.7473239092758,33
3.5212508322487417,-4.040304855561592,51.40577251810424,4.03183938751758,1.540441481160446,397.4965579610476,33
3.505772782043672,-4.024982022567534,51.66546421319666,4.013877579863642,1.5223293791354542,413.5700442891725,33
3.51209766596136,-4.009047273179175,51.86878717449349,4.018781413494701,1.5225537486479317,394.8624074156855,33
3.497684341081431,-4.005728560434261,51.7678317755041,4.009905002486538,1.522991009161506,435.73199548855627,33
3.480469613008096,-4.030614728658971,51.75195796053175,4.008303957925716,1.5099334884697282,466.8157542054082,33
3.492301769659553,-4.027264621895804,51.94981771119883,4.024899516307133,1.5153952887360478,449.2123993349748,33
3.4843762072039324,-4.024586758143466,52.22229568051621,4.025657502698227,1.501706274462418,451.418437689123,33
3.476224402306785,-4.016069627143968,52.324612577196575,4.020019289473413,1.4972716334839942,471.3858517928862,33
3.4696335842911625,-4.022322157738914,52.42943720750406,4.017176282237953,1.4967820065122257,499.7138650383748,33
3.468421630456414,-4.029762899371939,52.88232395010935,4.039045904723691,1.476756089170214,484.2726840166978,33
3.4565541223740914,-4.0238407732735215,52.77487607069418,4.024512982704271,1.475424928564421,513.5240072330959,33
3.446677651203854,-4.014732333975778,52.79261409061056,3.9993986344673274,1.4695865738559777,520.1540192080216,33
3.449239017258228,-4.002976434331544,52.79823139351858,3.9971599209476527,1.4804827411409835,537.6241055340835,33
3.461966850388218,-4.0162157542269,53.21311338182906,4.018668335928044,1.487414625329031,529.5673939879512,33
3.450330517661404,-4.029662444557943,53.58990405982649,4.036548023492518,1.4708356034587806,574.2169692348427,33
3.438606742402197,-4.02289197142695,53.170470116843646,4.023259115890718,1.4644237941419571,576.3135616678586,33
3.442333496792216,-4.02489192385069,53.48946762084961,4.032983014281367,1.4632889284214503,572.5064860599143,33
3.432623285642812,-4.00989723877168,53.14109517487002,4.003043443384305,1.4616598998996573,578.4972448214678,33
3.435320043228042,-4.027295784211495,53.26065990286813,4.027393075781808,1.4618017018680842,595.8020578303808,33
3.420297021597204,-4.014024338252108,53.199808631144776,4.0124665112562585,1.4445912099220384,590.5688330421984,33
3.415871749461537,-4.040105692097838,53.867048344142,4.042546278993848,1.428323250421336,637.7675923092263,33
3.4185980071484203,-4.02729087480357,53.4232463030748,4.026696252151274,1.4446706486419891,649.9781949755171,33
3.412640998061274,-4.0321101000611215,53.96663343402702,4.030192250936803,1.43316392243748,675.5939567458462,33
3.423316482087256,-4.013138200195742,53.58603904616665,4.013647307812328,1.454993404133219,664.3069268884793,33
3.396594740975071,-4.015602447617222,54.18193964891031,4.010091543197632,1.4244160794875993,696.70688639896,33
3.41552158812402,-4.0196136017920265,53.92081800648864,4.013266583563576,1.4452326516030538,654.1017180966661,33
3.4037108589226093,-4.024481702858293,53.92254230338083,4.028546910890391,1.4287070396920325,685.1420803875989,33
3.3989049649574388,-4.021379370084951,54.28750911229093,4.020536557049819,1.4265627508432093,732.5317632111025,33
3.383237810202048,-4.039860920167305,54.260653294308085,4.037143902039864,1.3997341226524032,724.0454148843255,33
3.38684313398012,-4.036659804868027,54.70323428301744,4.045525624718465,1.3948932902913698,695.0633235447843,33
3.3702922941933213,-4.016425371170044,54.254306981261344,4.011112700045948,1.393215728477693,751.030770745076,33
3.361263523639088,-4.03187539543904,55.03269507179797,4.028601881483911,1.3716959113806066,768.9436336033781,33
3.374340772628784,-4.038111925125122,54.49912452697754,4.032965183258057,1.3911682963371277,748.09716796875,33
3.37063282644245,-4.016170387536707,54.595116037718,4.011201428695464,1.3978583678393297,782.5293570505055,33
3.375346306344153,-4.016270083440861,54.93186354301345,4.008194943548928,1.407345605568147,830.027754232917,33
3.3711593889854323,-4.022935793433391,54.45999865464761,4.017570542617583,1.3964917072108096,797.4222403512872,33
3.367735825793844,-4.0403927480670765,55.29717289561957,4.031229301237724,1.3828179920223398,833.7697538993729,33
3.355399467575718,-4.052919058732583,55.139902302916624,4.043256430558755,1.3687719576795334,836.8919144751318,33
3.3746674799583327,-4.034368427706436,55.23520324599575,4.025976446312918,1.3967630628129126,849.4449480083625,33
3.345815930567997,-4.037767074477505,55.41360000825264,4.02360397661236,1.359019504466527,833.9580413388534,33
3.351363830163445,-4.042371612199595,55.38282821547818,4.0328474044799805,1.3673560627749268,868.7051344320807,33
3.3539230521296117,-4.035268179127868,55.59322512989313,4.024989356457348,1.3698808307379065,884.143410266285,33
3.34353266971212,-4.041437239714072,55.198883002912495,4.0278688786735,1.3582390966549724,891.4741159358495,33
3.358561132995176,-4.033596193286734,55.62697203730193,4.036262055517922,1.3769094591409388,897.4298319212147,33
3.335048388427412,-4.047307884189444,56.01844011226171,4.050670042843886,1.3388359991597456,905.845820037412,33
3.347180762761076,-4.02776833655129,55.69847332591742,4.032890138491778,1.3646914791053448,888.8090347504951,33
3.334181585782011,-4.020531734950106,55.50848103912784,4.0081479012126655,1.3568808117382964,921.361462660239,33
3.343906248119515,-4.027408492397255,55.57560735353282,4.028211224247032,1.3659312406056363,943.5072425519916,33
3.3436873546788397,-4.0481127987445245,55.67397990696867,4.035873261975571,1.3573500581190618,943.6600028024592,33
3.3287296933187567,-4.038311871004776,55.84007075135137,4.033546931307081,1.3438847988424167,965.9169655383472,33
3.316205113706454,-4.034923556824806,56.1027668160452,4.008998471246639,1.3334676447048983,978.2194162288182,33
3.331660287480959,-4.0209807207886605,55.63376133878466,4.009400975536293,1.3582068849617328,975.9580232862016,33
3.3137164988987884,-4.034159636833298,56.4018777390601,4.02744028601848,1.3266872805608831,1021.8119008238896,33
3.3197161378994795,-4.02717139015735,55.60514052485077,3.999946480066004,1.3493320404643745,998.342208647392,33
3.305941380245585,-4.0478387214768095,56.45718445576412,4.022737885864688,1.318522400419477,1029.8090553820975,33
3.312695640913198,-4.049516986793195,56.43972853539695,4.024078557189082,1.3316410779953003,1036.9674588055675,33
3.310203038470846,-4.0365715664877015,56.28607967537893,4.022395436192902,1.3267274809555272,1022.73642010756,33
3.3101533332341155,-4.035956852872607,56.92940188125825,4.034189821968616,1.3229526785058034,1042.0043343557438,33
3.291739692150707,-4.032772843266876,56.77176505075374,4.015355781770088,1.3124599800982946,1078.3425903320317,33
3.279802869743025,-4.052044190151591,56.98814354480152,4.020727244900986,1.2989122615733617,1094.1475830078125,33
3.300427700432253,-4.039641467618271,56.21796986754512,4.017569934818106,1.330692339111382,1102.715277013644,33
3.2929934380759653,-4.030379355793268,56.657049044756825,4.021520869832643,1.3162619815745824,1101.3725723481514,33
3.277845930045759,-4.0578239131981215,56.98099036955497,4.035200961878602,1.2848319537203077,1100.4922683071077,33
3.2733615888676173,-4.037244105003249,57.35054569513025,4.0141960869372735,1.308217829381916,1159.8822812362455,33
3.282041507707516,-4.037233003428285,57.1681598609602,4.028872882816153,1.302859984653097,1129.28652567259,33
3.2577376667882354,-4.043501229353354,57.46986931814274,4.0354776583926775,1.2748919641467884,1162.984325140295,33
3.2521796427981955,-4.043345619255389,57.38070152175258,4.027771472930908,1.27209339679127,1185.5774063325264,33
3.2716872054086603,-4.030914017851924,57.26131439208984,4.0347479766523335,1.300946505976395,1172.3768981073945,33
3.2716957280333614,-4.026388641814111,57.29794093924509,4.003630607900485,1.3126939551931034,1156.6117037920883,33
3.2602847361228835,-4.034812121324136,57.468256292208814,4.032199194733526,1.282919829999897,1183.022868411642,33
3.254167419084361,-4.016433846782631,57.92433268587354,4.008191864255449,1.2803420869397446,1185.6559052803148,33
3.262358971045051,-4.01575750700185,58.24539818562252,4.02632879203474,1.2828015894956994,1194.6875618948063,33
3.2532734417579543,-4.031509882967237,58.17630262777839,4.032976489671519,1.2748845714918324,1215.9188335579884,33
3.238543342536604,-4.034504480764899,58.13524573957416,4.031469237636513,1.256139874458313,1222.31602456536,33
3.2376324509231136,-4.034713775339261,58.51854101369079,4.035640763564849,1.262005864734381,1265.619450958682,33
3.23102974220061,-4.011189910727487,58.01753573350504,4.018901059325312,1.256471786700504,1235.6466287962148,33
3.2263780362169507,-4.025909857011177,57.96684192603743,4.00023963249905,1.2624923536475277,1250.614737497249,33
3.2300223599017506,-4.019062492209421,58.18243118071221,4.010136752061441,1.2559738394240256,1253.3352927624342,33
3.211137293090283,-4.033807069482938,58.14022241511815,4.009917282722366,1.241507024832175,1285.518895968585,33
3.216532834818665,-4.021540426872146,58.13115880187129,3.999573808320811,1.254828362397744,1298.989132303588,33
3.223111866225659,-4.0289955474960975,58.18149623064927,4.002191751775607,1.2632348604605232,1283.193222690636,33
3.19852029773551,-4.050335118468379,58.34122558378838,4.005458482554261,1.2369356071445303,1302.3722061372137,33
3.166205466633112,-4.035064092824157,58.85320002596144,3.998324787113028,1.198813777574351,1339.5251181159222,33
3.1809876771040364,-4.0281521971796606,59.42589526109293,3.998825140402351,1.2055757163276133,1346.345871616417,33
3.1833258682573344,-4.011708894246061,58.8443635215222,3.993097639419663,1.212931686723736,1352.8395256794674,33
3.163486282590409,-4.042156414246895,59.31482492366307,4.01521502078419,1.183174657150054,1364.408041510783,33
3.147277909265437,-4.040053236652428,59.55147700242593,4.014991041640161,1.164187340669229,1382.4726304604972,33
3.1215509058723985,-4.057696678269077,59.71484160087478,4.02465927768761,1.1285757011091204,1387.231844190141,33
3.136334736582259,-4.021146059036255,59.517100750560495,4.002738853575478,1.1568165362720757,1400.326816612566,33
3.1077476555192973,-4.029885654718104,59.70148715166979,4.001090163915929,1.1310928959242057,1432.495191117407,33
3.0866161500903924,-4.029580133062013,59.835446048790295,3.999045501292591,1.115496270253625,1462.3473270040167,33
3.064786430815576,-4.046959977754405,60.29041290283203,4.01922019098846,1.072670768684065,1436.463614450374,33
3.0427875619539075,-4.0348957155791805,60.23980586629518,4.004369174930411,1.0629519719473073,1472.0539335868723,33
2.980996343451487,-4.054879631794674,60.654326801568686,4.018248793105005,0.9973578369113764,1470.7525927046654,33
2.947823022452878,-4.060121257540206,60.48775568142743,4.022350697450235,0.9664519135381132,1499.7908600283336,33
2.907929762988023,-4.055019439106256,60.73606781220772,4.01609690760223,0.9368003136675124,1524.7750708351673,33
2.8353957827662093,-4.04791655003185,60.577618209409046,4.014753956190297,0.8734434977383692,1529.0249006244496,33
2.717006132636272,-4.037869527306356,61.13655917745241,4.002943791134257,0.7631613679335153,1582.2108721665934,33
2.590776294050084,-4.029644170277555,60.8672714502039,3.993160870713248,0.6293197295195638,1577.3312773368718,33
2.435886322612494,-3.89465742044046,61.547366719850345,3.866041243915827,0.4667988268422412,1630.5778000522666,33
3.101420840746917,-0.1745527080247143,62.85858487411284,0.2031123420931968,-0.00208436912065,1593.5315775266822,33
3.2189364701929226,-0.0018956337753736,62.36151526007854,0.0359768812400354,-0.0023648308550702,1626.9276501292914,33
3.2446683745988656,0.0136061959808138,61.77763546688457,0.01944153931674,-0.0014241676003686,1620.6456573916148,33
3.265333890914917,0.0270287524908781,62.05341339111328,-0.0025632278993725,-0.0142382737249135,1595.8447265625,33
3.8394737243652335,-3.905919075012207,45.17512130737305,3.923074722290039,1.9264997243881223,-17.190893173217773,34
3.817747183725344,-4.051015759190769,45.50157844597566,4.057449712820932,1.8395510201758527,0.9093527644872664,34
3.812923431396485,-4.030320485432942,45.86302958819883,4.041345535440648,1.827162849987652,0.4441484221329927,34
3.787847250065905,-4.046354963424358,45.29270204584649,4.046802317842524,1.8085228001817744,47.60130228894822,34
3.7812241831569806,-4.030561081906583,45.67520763857145,4.025892609400107,1.8092928685195055,39.48520617113046,34
3.748501906158231,-4.066368174045644,46.05864764274435,4.075628094639338,1.763193521939271,77.19274242211742,34
3.748031037919065,-4.030339038118403,45.96026822353931,4.030635752576463,1.7769914231401809,85.85824130443817,34
3.720345618877005,-4.024276990417048,46.24211924126808,4.038464295948651,1.735612171761533,64.07848763973153,34
3.721333527395912,-4.023033798163664,46.69943015457045,4.04246112809959,1.7429271750416315,80.27922307007702,34
3.714606269877008,-4.03102823013955,47.29248452693858,4.051528737900105,1.7241931697155566,72.9918584620699,34
3.70957849549909,-4.039564754946012,47.78472326833305,4.059669210555706,1.712433396501744,78.85448672247269,34
3.689788265431181,-4.01951565641038,47.39029809938255,4.031497505539698,1.701031483656971,95.75028288279864,34
3.6849112865772655,-4.025284990351251,48.10015771744099,4.027540217054651,1.695251152870503,124.59913586555643,34
3.680238255372284,-4.012715633879316,48.10484522285191,4.030857782837347,1.6824327656563292,90.13106866931236,34
3.667077581933204,-4.027008969733056,47.75528213825631,4.032466063262723,1.672602913058396,118.7939362221576,34
3.665088070199845,-4.012422125390235,48.0185947012394,4.022068023681641,1.6702928568454498,107.77534793285616,34
3.668469579507273,-4.026244768859647,48.12289166281409,4.022080664939069,1.6795078896461648,143.5532449492326,34
3.6551651430468186,-4.012170389188943,48.37889610452855,4.019741667077897,1.6584473636978907,132.33679009836615,34
3.637464147932986,-4.021002678160972,48.83845828441864,4.013521346640079,1.6387647136728811,172.02346217378656,34
3.627631479966725,-4.021921803765263,48.737090712743445,4.018248574953553,1.6315782957888665,179.05038376395584,34
3.605294844782944,-4.017879043065064,48.89701237238891,4.014302903033317,1.6061338067900206,203.55973567015732,34
3.611743536401302,-4.0270660887373255,48.91229588934716,4.03046241719672,1.609807126065518,185.3176694829413,34
3.609855594364464,-4.013825203510041,49.13421116822155,3.992766542637602,1.622420571374555,226.13769109198392,34
3.605419380445007,-4.054688348837778,49.98421886795801,4.058995233359911,1.6071462665043823,244.67090525525677,34
3.582821399607557,-4.043685415957836,50.20068838241252,4.024937589117822,1.5782575810209234,263.45557225004154,34
3.582887512572268,-4.036157060176768,50.02330487839719,4.019207108950784,1.577838934059684,258.6883778673538,34
3.594057262366545,-4.028857785759243,50.00541954852165,4.01278857981905,1.602316383774399,271.7314656575521,34
3.581407831070271,-4.032434889610777,49.690620584690826,4.005801971922529,1.599142221694297,288.0808540506566,34
3.581120208645544,-4.02706712019359,49.95390503795434,4.01806030205801,1.58559136103231,275.73498578443593,34
3.571584072518856,-4.022904869512463,50.334927768572,4.023330563349082,1.5727669998263636,293.3948104533743,34
3.575121083158128,-4.045015233628293,50.38619337690638,4.026418006166499,1.5902269165566627,313.52370956096246,34
3.55745623128634,-4.04036183391057,50.79860476230053,4.008203053305335,1.5554662832977078,324.4229902984402,34
3.5534782257485897,-4.03724342373246,50.91469668665676,4.03249015875742,1.5645209914403604,336.3565067805297,34
3.5450738795260164,-4.047560570087839,50.84229392193733,4.0363832433173,1.554234836963897,338.3612839719082,34
3.5326420669014573,-4.033583066142198,51.02832967338833,4.023468271214911,1.5457027068374851,369.8629936055934,34
3.518471339070205,-4.034641259105493,51.42554322371246,4.019990992038808,1.5244735031263204,387.7666232061724,34
3.5204802726177458,-4.042382585241439,51.26157858016643,4.01410100815144,1.5381690010111382,386.0277800864361,34
3.522876002264361,-4.029270158591846,51.331296880194486,4.019173138530542,1.5502208615025728,385.0821572161734,34
3.5135457989171885,-4.043494231311987,51.69017107266907,4.0321150705324,1.5207368219997863,404.2719564234957,34
3.514633244656502,-4.033137727291026,51.26882342074779,4.032263065906281,1.5353952240436637,396.35273775141286,34
3.516269132600608,-4.027738435894039,51.713355287592464,4.007750402951071,1.5322213418094823,406.97269758941445,34
3.508820526988793,-3.998771692844148,51.84030665404408,4.01498712039163,1.5242410035843543,399.98363716720695,34
3.4860115355633674,-4.016242818629488,51.767578774310174,4.009215496956034,1.5103052321900712,449.73228097469246,34
3.486332206861347,-4.028935212615534,51.86917820382625,4.009509685191702,1.5144266735577414,460.720726716603,34
3.49300465685256,-4.024807486973756,51.817864411266136,4.027113512052712,1.512443703962556,434.7548399580285,34
3.480840429346612,-4.025281408999828,52.33617173864487,4.024960426574058,1.494702288445006,451.685028725482,34
3.4771977400948817,-4.0114948259177785,52.10050428674576,4.0157253725308895,1.5059408608903275,479.357695018146,34
3.472287575403849,-4.029092311859131,52.80564753214519,4.025513648986816,1.491599440574646,496.9591573079427,34
3.4644455148818647,-4.024672234312017,52.69699323938248,4.03539277137594,1.4728727442152956,480.0663900172457,34
3.452590739473384,-4.024958279115934,52.85819582567147,4.022518868141986,1.473576342805903,521.7956871952571,34
3.444344197604673,-4.004975014544548,52.71838213873248,3.987211267998878,1.4718792852780498,525.0572661271332,34
3.4525189602628665,-4.006116562701286,52.888843455213184,4.007711877214148,1.4850838869176013,545.9480214220413,34
3.4614094876228494,-4.024768000798868,53.4408433521893,4.025645418370024,1.4823594025686275,536.853463680186,34
3.4407291665990303,-4.0261167905009385,53.52866014521173,4.037927945454915,1.4599108729802124,572.3643292366189,34
3.4432775213363325,-4.020407595533006,53.14159182284741,4.0159617789248205,1.4737809414559222,584.1444689162234,34
3.437304877220316,-4.018502137339707,53.47224439796827,4.026249395194629,1.4599024311025093,569.5658534706062,34
3.4357900788598026,-4.015612446669992,53.17181472237228,4.00324262456691,1.4674116542153326,590.8196844006263,34
3.425856909853347,-4.019988749889618,53.19343964597012,4.026187795273801,1.4508800734864904,589.6287984645113,34
3.420747403557419,-4.02061911846729,53.57514921147772,4.020443314356162,1.4394343702505668,603.166840681793,34
3.412182111266657,-4.041693545402365,53.81022392435277,4.046114093022989,1.4235831237008385,641.1411578672152,34
3.4260789282778474,-4.027683318929469,53.66325386534346,4.02290167707078,1.454799012934908,657.4994506835939,34
3.41221218413495,-4.020466719958799,53.72785873954178,4.022275180681377,1.4354580606974607,667.797859354222,34
3.418453926735736,-4.009982115833472,53.72408700496592,4.008361789351659,1.4508397232556174,669.309081165503,34
3.391978253709509,-4.019644209679137,54.26373794231009,4.008193005906775,1.4193760080540434,698.3182593812331,34
3.421083269389809,-4.0175258758220265,53.85523440313678,4.0171434862393856,1.4513931993051623,647.1838638630319,34
3.3973475550928858,-4.028043483165985,54.18092889988676,4.028804072251557,1.4200955265802695,714.1173065401982,34
3.3933238526608083,-4.0230125772192125,54.14280806196497,4.017843916061077,1.4227545438928806,735.2345801820146,34
3.388268881655754,-4.044673591640824,54.69690287705009,4.051112922370857,1.3932736799226586,694.3099231043606,34
3.375823014171411,-4.025403496221448,54.33688267917498,4.023832618767488,1.3953781339293676,730.3174918966089,34
3.381013494856814,-4.021105167713571,54.5464347677028,4.0175321355779126,1.4018993529867616,732.3327247132648,34
3.363647411901055,-4.036766870647457,54.75150093457378,4.031088534821856,1.3769562574143106,763.0372236535903,34
3.377461536556271,-4.030527896069466,54.51601639876129,4.026595649989784,1.3965588326149798,746.8223084794714,34
3.3689742189772587,-4.014184322762997,54.8518641045753,4.005806182293182,1.4002822231739125,818.1877532309672,34
3.377361789662787,-4.018141675502696,54.63933595697931,4.016452802833936,1.406007315250153,797.1868186571922,34
3.365479107444168,-4.034168818318252,54.82254607288551,4.022955204578156,1.3852113426154389,813.6873961103728,34
3.357035297028562,-4.057034857729648,55.519541233143904,4.050675270405222,1.3639163007127475,825.9966326774435,34
3.370379716792005,-4.036273263024945,55.10280100504557,4.025410817870012,1.3936524847720533,851.4990178101452,34
3.357401032819816,-4.043172325648315,55.40317110643319,4.0348284734901805,1.3693587450270956,825.9965733737811,34
3.3520830996493074,-4.0352975459809,55.22997202771775,4.02079494963301,1.3720392140936344,851.529143637799,34
3.3514817251381297,-4.042175881406094,55.66217611867486,4.039220661136276,1.3623243612600555,864.2291614721852,34
3.3466113662043364,-4.037292355341268,55.28275399174251,4.019456102492962,1.3637233668185296,899.7857055664061,34
3.350324037227225,-4.03985784408894,55.36851688141519,4.038703116964787,1.3649911855129486,896.0270048100898,34
3.3462069136031127,-4.039947438747325,55.934397054902206,4.044315409153066,1.3554832546423512,899.4197145286181,34
3.3381545780398323,-4.045137479795632,56.00025923708652,4.044744809468587,1.344252540710125,903.1725104582224,34
3.3359276538199567,-4.0192724187323385,55.47519383531936,4.019081846196601,1.354693681635755,903.7175383872174,34
3.3352415341857475,-4.020510030976424,55.390313249953245,4.0106938815285975,1.3616060111539583,952.0090574440384,34
3.338193387849957,-4.04862420778748,55.81694717948319,4.03883049674068,1.3505370879004188,960.5753675961328,34
3.3411747597633523,-4.038545476629379,55.63055281943464,4.034900076845859,1.3573311440488125,937.6586160862704,34
3.3128917403254947,-4.041713738272376,56.26456627270854,4.018965447202642,1.324604095296657,979.9827071386024,34
3.333392107740362,-4.0113883661040175,55.61627776233863,3.992793257354845,1.368458497608807,966.1777694377492,34
3.319003297927532,-4.03466300761446,56.37099529834504,4.038124967128672,1.3323214358471809,1034.2178175905915,34
3.3174471043525857,-4.032736923677701,55.85214125180076,4.007444858551025,1.3394115605252852,979.5505578873008,34
3.313623144271526,-4.0369974163407125,56.10943944403465,4.012941045964018,1.3355468520035982,1030.047178011414,34
3.3095775563666163,-4.053203156653871,56.6279817134776,4.02696726169992,1.322593151254857,1024.8428903133313,34
3.314653476079305,-4.039208730061849,56.23402659098307,4.024365266164144,1.3360021114349363,1044.545166015625,34
3.3048700187223177,-4.035116679279517,56.82264915087544,4.02591764166,1.3167059861176402,1030.2188893852506,34
3.297604885507137,-4.0310738746156085,56.95609388960169,4.029750864556495,1.3109087335302474,1068.272107712766,34
3.282249959648078,-4.048039128594365,57.03533786746627,4.017052697797194,1.3018214829424597,1083.5823316641731,34
3.2960195338472404,-4.044373052340028,56.41195094331782,4.023740981487518,1.3194695871772493,1095.2497749058066,34
3.2936103952691917,-4.024255082962361,56.458416390926274,4.010307575793976,1.3273516157840162,1118.4243241979725,34
3.2838054261309035,-4.057665178961788,56.99102147420247,4.039650274506697,1.2864015153113832,1077.2458946282138,34
3.270564030248223,-4.039743416698267,57.26352872916147,4.016819013771436,1.3018191942931914,1167.9308536610704,34
3.287231009057228,-4.035321631330125,57.1723244038034,4.026721487654016,1.310530736091289,1116.4041020819482,34
3.26456240897483,-4.0420035470462015,57.46250655803274,4.035504178797945,1.284295082937741,1161.6394354637632,34
3.2452395841584982,-4.047472923359972,57.49749923597837,4.029033200960633,1.260670022761568,1181.3440149185506,34
3.272742119241268,-4.03379159278058,57.25831888077107,4.038184602209863,1.299970657267469,1175.3233149102396,34
3.2727558376095818,-4.029149914464207,57.23629533483627,4.007105918640786,1.3117844339803602,1151.385144822141,34
3.2586980339483165,-4.034127475522089,57.43168588732997,4.029747337314254,1.2845043755592185,1181.098878684619,34
3.256084853030265,-4.024759231729711,57.83846648195957,4.016582773086872,1.2789038952360765,1178.0606793342754,34
3.264334296503811,-4.011103004428512,58.21710602780606,4.021322571639473,1.2857720243169906,1193.148917123781,34
3.2532954452731087,-4.032105716407722,58.17769425304223,4.031797442875855,1.273634025391112,1209.803728252438,34
3.24155949024444,-4.028965168810905,58.15668869018555,4.031946395305877,1.261121694077837,1223.3005163314497,34
3.234983006267683,-4.041063978316936,58.51294416062376,4.033252645046153,1.258774624648669,1271.6582645930298,34
3.2354914550240155,-4.009774498905696,58.22605806715944,4.024188772160956,1.256071315589526,1232.968312797817,34
3.2250084674104733,-4.029447778742364,57.870778591074846,4.002477909656281,1.2601182410057554,1246.1385679853724,34
3.227263893641479,-4.017719847090701,58.21125173906908,4.008402175091683,1.2513852060263884,1254.493280938331,34
3.219381293506487,-4.031778267934813,58.188783118065366,4.012966328478874,1.2464692119165517,1265.2944413854718,34
3.2043670542696687,-4.0263599943607415,58.18019355611598,4.001307923743066,1.2418833438386303,1316.788696289063,34
3.2281204757960977,-4.0226231027156745,58.16260236374875,3.9983443537502414,1.2680613901598237,1272.8346570603387,34
3.2033046915176064,-4.050518881344626,58.385537492468,4.008793370943542,1.238868859642786,1295.5987219844303,34
3.1677935681444533,-4.037669222405616,58.76161201964034,4.00009270931812,1.201098158004436,1336.586142682015,34
3.1755832780337503,-4.03315975649137,59.51397994562244,4.002647851375824,1.1952810109929837,1342.0743235053749,34
3.1850933166260416,-4.010870730623286,58.93370627004204,3.9940352896426585,1.211189496601727,1348.7486537635748,34
3.168014551730866,-4.039479002039483,59.257921908764125,4.012382689942704,1.1882179163871929,1358.408436876662,34
3.1482002532228512,-4.040306443018271,59.61156493383097,4.015683380424553,1.1656895571566643,1385.5046845564607,34
3.120744689981988,-4.060054028287847,59.6866583857976,4.026120206142994,1.127686645122285,1387.1540761095412,34
3.138399311836729,-4.024044067301649,59.553482786138005,4.004969698317508,1.1562751912056133,1393.6096061544215,34
3.110078245190018,-4.028267261829782,59.707196012456365,4.001071757458626,1.1318339329239324,1426.8725282926086,34
3.0893667352960463,-4.028106466252753,59.79259285351909,3.9972892720648585,1.1188938448615109,1460.8242464539007,34
3.0703674630915865,-4.046439931747761,60.25203274665995,4.019239699586909,1.079046003361966,1432.9648229720744,34
3.046249325393785,-4.033929182282576,60.225506451113006,4.004437865940392,1.0638883798680407,1467.312752798094,34
2.989780990789969,-4.053566438931945,60.61911600532261,4.018061394387103,1.0060597814566707,1466.8148825354608,34
2.9488510020235754,-4.058657473706185,60.46394656566864,4.022387900251023,0.9657226154144776,1494.216350149601,34
2.9110060549796897,-4.056922631906279,60.715796152750656,4.017593055752152,0.9393851604867488,1522.5227423052415,34
2.845348826536896,-4.047141149534402,60.589286154889045,4.014684781960562,0.8811334709749152,1524.484063331117,34
2.7278837295288736,-4.038629582587709,61.17515109447723,4.00367993496834,0.7728070286994286,1580.1354097406916,34
2.602633053529348,-4.02902311636201,60.85579583999958,3.995487202989294,0.6396336200389462,1571.1640417220742,34
2.453416898740945,-3.878686989452828,61.61226150837348,3.8525286143553217,0.4773046748435261,1626.5373266774711,34
3.1241588541801955,-0.145614901121624,62.86389850048308,0.1723639686056883,-0.0087321781493883,1589.5087838680197,34
3.221780856450399,-0.0016287137813705,62.34601595723037,0.0352108480395574,-0.0027935650589354,1623.0087146082665,34
3.2483866045661007,0.0146089097392475,61.76239668392966,0.0190710065133393,-0.0014751466413867,1616.2260361258866,34
3.268510580062866,0.0266164224594831,62.05453109741211,-0.0029156687669456,-0.0154241402633488,1591.3326416015625,34
3.8402605056762695,-3.903442859649658,45.16054534912109,3.9208457469940186,1.9293588399887085,-16.850242614746094,35
3.818789827823639,-4.050042748451233,45.48947715759277,4.056556797027588,1.8409488558769227,1.0118671357631683,35
3.81383695602417,-4.030501937866211,45.86712799072266,4.041575622558594,1.828784668445587,1.29863791465759,35
3.78854101896286,-4.045153045654297,45.26125831604004,4.044554853439331,1.8103146016597749,47.452559852600096,35
3.782070779800415,-4.0311598777771,45.71758499145508,4.027636432647705,1.8100512266159057,40.16202316284179,35
3.749756634235382,-4.065208673477173,46.057326316833496,4.073934197425842,1.764912635087967,76.2224292755127,35
3.74962899684906,-4.029640531539917,45.96334838867188,4.029612112045288,1.7791436553001403,86.91861648559569,35
3.720175015926361,-4.023975825309753,46.23538055419922,4.038529181480408,1.7356596887111664,63.10347270965576,35
3.7221470355987543,-4.024111270904541,46.734405517578125,4.043646240234375,1.743224596977234,80.13383331298829,35
3.716331744194031,-4.031561422348022,47.2830587387085,4.052594184875488,1.7258616924285888,71.47107543945312,35
3.7087453603744502,-4.038771390914917,47.77453804016113,4.058642387390137,1.711975872516632,80.36025619506836,35
3.6926174402236938,-4.019486379623413,47.38415012359619,4.031740021705628,1.7050102472305295,95.65870056152345,35
3.686616706848144,-4.026491355895996,48.15676498413086,4.029273605346679,1.6962367057800294,124.34545288085936,35
3.679472529888153,-4.015738797187805,48.09712181091309,4.031877422332764,1.6816522359848023,94.24609909057612,35
3.6684073925018312,-4.024888229370117,47.70095291137695,4.029692459106445,1.6761553049087523,120.0400863647461,35
3.6677265763282776,-4.011844992637634,47.99165344238281,4.020966410636902,1.675263375043869,109.90729522705078,35
3.6692134380340575,-4.026999473571777,48.13137283325195,4.022764873504639,1.6805044412612915,144.3679016113281,35
3.651015496253968,-4.010111689567566,48.464223861694336,4.018686962127686,1.6526977598667143,135.70653610229488,35
3.6396456480026247,-4.025503444671631,48.81886749267578,4.014328575134277,1.6427736759185791,174.4421585083008,35
3.626813769340515,-4.020687627792358,48.71915187835693,4.018627738952636,1.6306454122066498,177.4701370239258,35
3.603616714477539,-4.017970085144043,48.87859344482422,4.014008045196533,1.603685736656189,203.48199462890625,35
3.609974813461304,-4.025702571868896,49.052419090271,4.02880859375,1.6066734969615937,192.15138092041005,35
3.61369845867157,-4.020013761520386,49.20289459228516,3.997160196304321,1.6271398901939391,230.8125411987305,35
3.59885003566742,-4.05826210975647,50.1381893157959,4.063998365402222,1.599028217792511,252.9555160522461,35
3.5868637561798096,-4.038580417633057,49.996140289306645,4.020133781433105,1.5821945667266846,253.9349822998048,35
3.582969665527344,-4.037736654281616,49.98931121826172,4.017106652259827,1.5813965201377869,262.65828704833984,35
3.599401092529297,-4.03148889541626,50.07580146789551,4.021822786331176,1.6055498003959656,263.6615997314454,35
3.5810702085494994,-4.032247161865234,49.62242603302002,4.004790925979615,1.5985540628433228,286.22545623779297,35
3.580487108230591,-4.0249251365661625,49.9950927734375,4.023146343231201,1.5825018882751465,272.6599609375,35
3.572056007385254,-4.028071498870849,50.37975368499756,4.023605036735535,1.5802792012691498,303.3957000732421,35
3.571864128112793,-4.044377565383911,50.50836753845215,4.019930839538574,1.5808563232421875,311.0477600097656,35
3.556346833705902,-4.043076229095459,50.97661972045898,4.014361047744751,1.555563348531723,330.19574584960947,35
3.5491156578063965,-4.039353656768799,51.03501358032226,4.0304234504699705,1.5596426963806151,341.8541381835937,35
3.546466088294983,-4.044155788421631,50.88511924743652,4.037574052810669,1.5542667150497436,337.08348846435547,35
3.532295823097229,-4.032997894287109,51.06091804504394,4.015916776657105,1.547166347503662,374.70097045898433,35
3.5217710733413696,-4.035464882850647,51.31120586395264,4.022771596908569,1.5301748216152191,380.90240478515625,35
3.5217863082885743,-4.039611339569092,51.18848266601562,4.002834701538086,1.5489792823791504,392.6829162597657,35
3.5222941994667054,-4.030844807624817,51.47597618103027,4.033854293823242,1.5379756569862368,377.58580780029286,35
3.5212108612060544,-4.051274156570434,51.794315338134766,4.032671880722046,1.5302226424217222,402.1264099121094,35
3.5097066879272463,-4.027398633956909,51.43144721984864,4.027012324333191,1.5294978141784668,403.92104034423824,35
3.5199708938598637,-4.025385856628418,51.72777557373047,4.012757301330566,1.5317870378494265,395.1856689453125,35
3.508419144153595,-3.9962877869606017,51.72064533233642,4.0101706981658936,1.5317104399204255,412.0213272094728,35
3.481120800971985,-4.02569522857666,51.677009963989256,4.008096218109131,1.509071695804596,460.4573120117186,35
3.491357982158661,-4.026776266098023,51.97044086456299,4.014361619949341,1.5185863852500916,458.60949249267577,35
3.489179897308349,-4.023581695556641,51.87981796264648,4.026452827453613,1.5081171989440918,438.8418762207031,35
3.4775059819221497,-4.021427392959595,52.40440654754639,4.023116111755371,1.4904797077178955,456.8349533081055,35
3.4747534513473517,-4.01343936920166,52.11495819091797,4.014112663269043,1.5057663083076478,488.97348022460943,35
3.473713755607605,-4.032945609092712,52.991263961792,4.036127257347107,1.4875878870487214,493.6405471801758,35
3.460158920288086,-4.023836994171143,52.65392074584961,4.028149032592774,1.4750349044799804,497.059991455078,35
3.451289916038513,-4.023304915428161,52.90852565765381,4.013595938682556,1.4714487373828888,518.7500823974609,35
3.4505027532577515,-4.001858472824097,52.7288875579834,3.9903316497802734,1.4806116223335266,523.3313598632812,35
3.459627163410187,-4.012647557258606,53.05280227661133,4.016821718215942,1.4880671083927155,535.6645324707031,35
3.4550663948059084,-4.030252933502197,53.58586807250976,4.033706474304199,1.475003361701965,562.2373657226559,35
3.437893009185791,-4.023788404464722,53.335641098022464,4.031378221511841,1.4590166270732878,568.8124969482421,35
3.447075057029724,-4.025111055374145,53.4129280090332,4.028908205032349,1.4712536811828614,576.6195861816407,35
3.434421956539154,-4.010454893112183,53.21759796142578,4.008937478065491,1.4626167118549347,573.2862091064453,35
3.439719486236572,-4.025654602050781,53.25565872192383,4.01973180770874,1.4686982870101928,593.5581665039062,35
3.4220274567604063,-4.014498281478882,53.09979038238525,4.014409518241882,1.4481917917728424,583.6047088623046,35
3.419022965431213,-4.034788513183593,53.81817283630371,4.036608648300171,1.4333356618881226,626.0077392578122,35
3.415776789188385,-4.031102085113526,53.49698753356934,4.032530927658081,1.437178188562393,646.3580932617188,35
3.417684316635132,-4.033000946044922,53.97997283935547,4.029996395111084,1.4396711587905884,671.9544677734375,35
3.422737419605255,-4.013616418838501,53.55634689331055,4.015062975883484,1.4534800350666046,662.6848754882812,35
3.402137517929077,-4.014752721786499,54.07196998596191,4.010720539093017,1.4307813525199893,690.3836303710935,35
3.412117123603821,-4.020193243026734,53.93839359283447,4.012796640396118,1.4411313533782957,657.1449829101566,35
3.4074715614318847,-4.022384166717529,53.87590789794922,4.026490211486816,1.4337774753570558,676.2977539062499,35
3.3993876576423645,-4.023074507713318,54.29503154754639,4.023047208786011,1.4255911707878113,728.3113861083984,35
3.384294772148132,-4.038312101364136,54.21518707275391,4.03547101020813,1.4020764112472532,723.8364746093749,35
3.388222408294678,-4.037442231178284,54.72094821929932,4.047354078292847,1.3954328775405884,691.5740295410155,35
3.370233488082885,-4.016663074493408,54.2463996887207,4.01173677444458,1.3927806615829468,749.3616088867188,35
3.362427043914795,-4.031571316719055,55.022657775878905,4.028886961936951,1.372889786958695,765.2939880371092,35
3.374870538711548,-4.038135051727295,54.49871826171875,4.033434867858887,1.3913016319274902,745.5308227539062,35
3.370869445800781,-4.016490149497986,54.60109748840332,4.011890745162964,1.3979855835437776,781.052285766601,35
3.375753927230835,-4.016970825195313,54.92997436523437,4.009571933746338,1.4072691202163696,827.0420532226562,35
3.370698070526123,-4.023725771903992,54.46116199493408,4.017876410484314,1.3959321677684784,795.778463745117,35
3.367937731742859,-4.042321300506591,55.35461273193359,4.03449330329895,1.381710040569306,830.7399902343752,35
3.3567429184913635,-4.050567984580994,55.085235595703125,4.040798187255859,1.3720475435256958,837.3767395019531,35
3.3730892658233644,-4.036874866485595,55.264208221435545,4.029957866668701,1.3927094221115115,841.6005249023441,35
3.345630979537964,-4.036398434638977,55.39821434020996,4.022477293014527,1.3595184087753298,831.5892700195313,35
3.3507174968719484,-4.043071365356445,55.46900177001953,4.035892629623413,1.3654003381729127,866.204833984375,35
3.352781796455384,-4.03478045463562,55.53740100860596,4.02233874797821,1.3693511962890623,887.3224151611324,35
3.342771530151367,-4.041755676269531,55.20815658569336,4.0306925773620605,1.3568577766418457,887.1150512695312,35
3.356793868541718,-4.034505558013916,55.73530349731445,4.037635135650635,1.373888123035431,896.9261352539062,35
3.3332774877548217,-4.048899221420288,56.03468971252441,4.050858449935913,1.3366568684577942,906.2990722656252,35
3.3469093799591065,-4.020589661598206,55.56143207550049,4.028386521339416,1.3677182734012605,886.7132507324219,35
3.334382486343384,-4.020011329650879,55.49000930786133,4.006468105316162,1.35869083404541,931.137292480468,35
3.3442588448524475,-4.035035014152527,55.73107051849365,4.036225914955139,1.3623492419719696,948.5319061279296,35
3.3434521675109865,-4.044990205764771,55.660407638549806,4.033265447616577,1.3589149236679077,941.7942016601562,35
3.3196573495864867,-4.038925051689148,56.06803455352784,4.0270916461944575,1.333907788991928,979.9364837646486,35
3.3241097450256345,-4.020857810974121,55.85549240112305,3.997226619720459,1.351647853851318,973.7427734375,35
3.3238907814025884,-4.031389188766479,55.867695236206046,4.029107451438903,1.3397727906703956,1001.0013641357413,35
3.3119561672210693,-4.035477638244629,56.20976066589356,4.0177388191223145,1.3248255848884585,994.6648559570312,35
3.3187427878379823,-4.029244375228882,55.76799564361572,4.003161764144897,1.3471526443958284,1017.3792541503904,35
3.306205463409424,-4.053581047058105,56.64008712768555,4.027365493774414,1.3142869234085084,1019.395361328125,35
3.313874673843384,-4.044015383720398,56.29392528533936,4.024473977088928,1.3346266865730283,1043.347149658203,35
3.305576610565186,-4.03394193649292,56.533885574340815,4.022357368469239,1.3162436723709108,1007.425219726562,35
3.307499408721924,-4.035126328468323,56.9716215133667,4.039015412330627,1.3169784247875214,1047.2801513671875,35
3.2879810333251958,-4.04119529724121,56.79581527709961,4.012883377075196,1.308323907852173,1071.3380859375,35
3.2842075109481814,-4.05094883441925,56.684910964965816,4.026169729232788,1.2996813058853152,1091.5040222167968,35
3.2970508337020874,-4.030134153366089,56.228455734252925,4.009742975234985,1.332963478565216,1117.954504394531,35
3.287190055847168,-4.0505815029144285,56.99080944061279,4.04031229019165,1.2915291309356691,1078.094439697266,35
3.270947217941284,-4.0467376708984375,57.15090560913086,4.024918079376221,1.290378451347351,1144.709716796875,35
3.2860124230384824,-4.034817028045654,57.26790561676025,4.022935461997986,1.3147800266742706,1124.9951965332036,35
3.269775938987732,-4.042814683914185,57.34033660888672,4.034178733825684,1.288774299621582,1152.5544555664064,35
3.2430681586265564,-4.051204109191895,57.50612812042236,4.0345261812210085,1.2543020725250245,1173.5557678222654,35
3.269622421264648,-4.037541103363037,57.223847198486325,4.03585262298584,1.2941920757293697,1177.2778564453126,35
3.272317349910736,-4.032283186912537,57.20381450653076,4.018393397331238,1.3048880994319916,1153.93798828125,35
3.260441589355469,-4.032148170471191,57.409925079345705,4.021300840377807,1.2902716279029849,1174.640283203125,35
3.2602423787117005,-4.029923748970032,57.67220325469971,4.022885179519653,1.2815318167209624,1173.675323486328,35
3.261303520202637,-4.010920524597168,58.15329666137695,4.016093254089356,1.28361713886261,1196.896826171875,35
3.252749741077423,-4.029327178001403,58.214178848266606,4.029223847389221,1.2735001504421233,1210.0388854980467,35
3.245987296104431,-4.026730298995972,58.17653465270996,4.032695293426514,1.2671053409576416,1221.9775390625,35
3.234016716480255,-4.041387510299683,58.40681400299072,4.028731322288513,1.259307289123535,1264.8091369628903,35
3.240212202072144,-4.012106227874756,58.39912490844726,4.029701042175293,1.258611750602722,1235.1278808593747,35
3.225351321697235,-4.029509258270264,57.78497219085693,4.006121110916138,1.257619249820709,1241.166418457031,35
3.22527961730957,-4.017435884475708,58.19333267211914,4.005472612380982,1.2506985068321228,1257.5441528320316,35
3.226833701133728,-4.028549790382385,58.17384052276611,4.013886451721191,1.253268152475357,1250.715362548828,35
3.198734855651855,-4.0288104057312015,58.15645599365234,4.001850318908692,1.2378070831298826,1327.391870117188,35
3.235272264480591,-4.0153710603714,58.12192802429199,3.994398713111877,1.2759507417678833,1262.7849914550782,35
3.208459210395813,-4.049239635467529,58.38114624023437,4.010468482971191,1.2435333609580994,1291.2664306640625,35
3.1749264121055605,-4.041127681732178,58.61146411895752,4.001366305351257,1.2095774114131932,1325.9471191406244,35
3.1712372303009038,-4.037886142730713,59.56977081298828,4.006102561950684,1.1870671510696411,1337.385009765625,35
3.1877486944198608,-4.011337423324585,58.99391441345215,3.9943036079406737,1.212467098236084,1343.6779541015624,35
3.172761535644532,-4.034743356704712,59.17209587097168,4.007642459869385,1.1961647629737853,1354.4402587890625,35
3.1500815987586974,-4.040167427062988,59.64300193786621,4.0159773349761965,1.1685755372047424,1387.4558837890625,35
3.127033615112305,-4.058000564575195,59.59572067260741,4.024946212768555,1.1354590892791754,1381.000634765625,35
3.1416357159614563,-4.026871919631958,59.56756019592285,4.006794095039368,1.1575030088424685,1386.2127380371094,35
3.114713478088379,-4.025701284408569,59.69480094909668,4.000475287437439,1.135522246360779,1420.6218627929684,35
3.094835829734802,-4.027413082122803,59.741844749450685,3.9960984230041503,1.124210226535797,1455.7863220214845,35
3.077465438842774,-4.045607185363769,60.18224639892578,4.01910924911499,1.087770223617554,1428.9944580078125,35
3.050630390644073,-4.033684396743775,60.186570739746095,4.005216646194458,1.066678327322006,1462.029992675781,35
3.0006649494171143,-4.051544189453125,60.55456733703613,4.017237424850464,1.0174531936645508,1462.7714233398438,35
2.953363025188446,-4.056876301765442,60.40867366790771,4.021857762336731,0.9688765823841092,1488.6523010253904,35
2.919654941558837,-4.058593940734864,60.68422012329101,4.01875867843628,0.9466961741447448,1519.2019287109376,35
2.85954978466034,-4.046687293052673,60.59352779388428,4.014374923706055,0.8931149154901508,1520.2989685058594,35
2.743810224533082,-4.039055395126344,61.20692138671876,4.003910303115845,0.7876298248767865,1578.1679321289066,35
2.621866762638092,-4.027452707290649,60.834792137146,3.997820258140564,0.6576378047466278,1564.1196899414062,35
2.4765830516815197,-3.870389175415048,61.56365432739255,3.84690518379212,0.4919468760490441,1620.9826904296874,35
3.1503304958343508,-0.1106428263708943,62.8428768157959,0.1373618789017194,-0.0153838730417191,1588.4089965820317,35
3.2243746519088745,-0.0022167201153935,62.34031295776367,0.0352541945874692,-0.0033495939336717,1618.466162109375,35
3.251811075210571,0.0147993574384596,61.75012512207032,0.0192906923592092,-0.0015385307953694,1611.223364257812,35
3.272294282913208,0.0263877008110284,62.01918411254883,-0.0025277840904891,-0.0158646604977548,1586.6177978515625,35
3.84017276763916,-3.905771970748901,45.15163040161133,3.922520875930786,1.9300824403762815,-15.28288745880127,36
3.817981762243501,-4.051407269552245,45.481603608909225,4.0579733206025255,1.8405878433944485,2.492238232429991,36
3.812929261660745,-4.031867419574278,45.84571724749626,4.042417942209447,1.828302265059018,2.3148093443390327,36
3.78792604486993,-4.047718413332675,45.273087197161736,4.047905475535291,1.8094688603218565,49.57810722513402,36
3.781729845290488,-4.031513417020757,45.66673884831422,4.027103616836223,1.810717263120286,41.33808095404442,36
3.7489155877566502,-4.067358118422488,46.038016758912,4.0762718112756176,1.764560285189473,79.0118843240941,36
3.7483383848312055,-4.031370497764425,45.95091848170504,4.0314336127423225,1.777847226629866,88.17294538781998,36
3.720769217673769,-4.026317525417246,46.23664853251572,4.040187341947082,1.7362311630384295,66.1141365538252,36
3.7216074686523872,-4.024832597015597,46.68204214217815,4.04383576169927,1.7436829019100109,81.90978911920642,36
3.7154237412391824,-4.032909494765262,47.27947226991045,4.052957271007782,1.7253560563351245,74.53743451706907,36
3.710350479640014,-4.041808287302653,47.77635825948512,4.061482774450424,1.7135949988737174,80.71723775660736,36
3.691089897291034,-4.020595915774082,47.374765680191366,4.032848956737112,1.7028467097180957,96.78709584770472,36
3.6856992143265743,-4.0270420033881,48.086411415262425,4.02884319995312,1.696347358378958,125.79321500088308,36
3.6812625861337,-4.01435889927208,48.10155227336477,4.031892654743601,1.683753475229791,91.74810450127782,36
3.667840834205032,-4.028080311227352,47.744217216545806,4.033679671321355,1.6735176794917872,120.09514877643991,36
3.666255529890669,-4.014021000963576,48.01497942336062,4.023348432906131,1.6716498770612351,109.37333776595746,36
3.669053891026382,-4.02788859225334,48.113509374307405,4.023197623854833,1.6804190087825694,144.5173797607422,36
3.6560535752181456,-4.014116452940812,48.372395833333336,4.020241368746927,1.659916213218202,133.6372467473889,36
3.638359526370434,-4.022661361288517,48.83455544329704,4.013430169288148,1.640613502644478,172.9941448455161,36
3.628646903004207,-4.023666848527625,48.74070106668675,4.018335491207474,1.6335608477288104,180.454286832336,36
3.6064673873549657,-4.019225911891207,48.90005595971507,4.01393269816189,1.608442689510102,204.939036267869,36
3.613004349647684,-4.027967838530845,48.91201611782642,4.030092411852897,1.6124645496936554,186.46423177516203,36
3.6107204011146057,-4.01482112356957,49.13235987670033,3.992478056156889,1.6240527038033128,227.9323717482547,36
3.60693685382816,-4.056251962134179,49.98066508516352,4.059862931569417,1.6091148760301848,246.7453678212267,36
3.5834583982508232,-4.044605133381296,50.1920340517734,4.024328546321138,1.580337146495251,264.3689815440076,36
3.5833411521099983,-4.037147883827805,50.014388307612,4.018649862167683,1.5796956796172663,259.8632630693152,36
3.59434506910067,-4.029839820050179,50.00553453053143,4.012376879969387,1.6036915753750092,273.3856361335052,36
3.581891151184731,-4.033501675788393,49.6927441536112,4.005891170907528,1.600748653107501,289.4855028517703,36
3.5821629179284926,-4.027988579256315,49.9499663224457,4.017406984423915,1.5881022443162631,276.71614258678244,36
3.572343778948412,-4.024010878082708,50.32429030939197,4.022985935211182,1.575275629124743,294.6913069055435,36
3.5757135837636094,-4.0463003300605935,50.384533334285656,4.026619921339319,1.591804544976417,315.44777663210607,36
3.557939872674063,-4.041818726992776,50.79899299567473,4.008153567077421,1.5569310213657137,326.1747384578623,36
3.5541432952204493,-4.0378685099013305,50.916718746753446,4.031849763072129,1.5664279055088124,338.3154394271526,36
3.5456464696437755,-4.048791479557119,50.84842965957967,4.036442158070017,1.5556283276131813,340.4708440253075,36
3.533043403152033,-4.03513420727236,51.03037364770335,4.02329979213417,1.5472514054453963,371.9655142709718,36
3.5187445363254413,-4.035983876979097,51.42834429368905,4.019996233865724,1.525849831865189,390.2764148035793,36
3.5207332753120584,-4.043368694630075,51.26853926638339,4.013684140874984,1.5395996672041872,388.37802188954447,36
3.5230029846759554,-4.030032729426174,51.33141164576754,4.018973874707594,1.551702835035662,387.51974292511625,36
3.5139978185613105,-4.044726432637965,51.69480011310984,4.0319758983368565,1.522204006817324,406.062283346839,36
3.515051004734445,-4.03366169016412,51.26727927999293,4.031875377005719,1.5372045268403722,399.0877114153922,36
3.5165171132865525,-4.028350573059515,51.70853580988891,4.007367492567563,1.5338956472721503,409.5927100215399,36
3.5092689432996385,-3.999734736503439,51.845672553312696,4.015434698010167,1.5257691728307845,402.6542053222657,36
3.4862781128984817,-4.017018490649284,51.76904337456886,4.009063588811996,1.5120642337393253,452.6380939889461,36
3.4864874105926944,-4.029856604041783,51.86287865063823,4.009465555772714,1.5161736459596782,463.7864646099984,36
3.4934530934543475,-4.025460087661202,51.82216146482644,4.026992906069925,1.514196646128986,437.8294041410405,36
3.481436770013038,-4.025830207987035,52.34308031772046,4.0252839250767485,1.4964997185037492,454.6210476489777,36
3.477683102830928,-4.012203023788777,52.11014462193699,4.015733641090122,1.5073257092888472,482.47059382445417,36
3.472635587056478,-4.030026912689209,52.81236139933269,4.02543576558431,1.4930644432703657,500.0108337402344,36
3.464908158525508,-4.025247594143482,52.70081621535281,4.035302618716625,1.4744567693548,482.9625646712932,36
3.4531251234365694,-4.0256546372217485,52.86137741846396,4.022516105191928,1.475259479901469,524.492410429826,36
3.444899352729743,-4.00566562016805,52.72511104827232,3.987648424527324,1.4731178883965137,528.5111391324523,36
3.4530919409812766,-4.00691409821206,52.88684723225046,4.00784221608588,1.4864273629289992,549.4666592212434,36
3.461531933317793,-4.025351135443288,53.445509132764016,4.025822805174699,1.4828379323296514,540.2251816336989,36
3.441052940720362,-4.026944204425136,53.54577298536368,4.038258413896493,1.460569073122444,576.2165449426528,36
3.443698675074476,-4.021171874188362,53.15576602042989,4.016005982743933,1.4746352738522468,587.7882716402095,36
3.437867578885234,-4.019418341048221,53.48306001162698,4.026473887423252,1.4609128143770476,573.2441311017841,36
3.4359579052485474,-4.016255909669484,53.17176648403736,4.003046695222246,1.468401718646922,594.3161759613256,36
3.4261174912148333,-4.020897063803165,53.21037048989154,4.026553346755657,1.4516517811633172,593.2214199634308,36
3.42082375837556,-4.021344485857808,53.58318282864618,4.020670457934657,1.440150300661723,606.80667828499,36
3.4124361335808504,-4.042386842957625,53.8131918399892,4.0460438085786,1.4242860898903922,644.5554571489915,36
3.426503967731557,-4.028345209486941,53.66984192868497,4.023092462661419,1.4555817208391555,661.3564102497508,36
3.412509853958238,-4.021275601488479,53.729250211242245,4.022541181415531,1.4361010586961789,671.3147544049202,36
3.4185851161361587,-4.010433934259076,53.72861956873684,4.00818295512639,1.4517047515152195,672.8264177471187,36
3.3925111699611583,-4.020254064113535,54.27012691091984,4.0083986241766745,1.4204534013220604,701.9578104222072,36
3.4215020118875707,-4.018121086959297,53.85676366386684,4.017184440125811,1.4522666736697474,651.1986343708444,36
3.397688747297788,-4.028646286497725,54.18910363379945,4.029103525986908,1.4206625628978649,718.4046513983543,36
3.3936349686155927,-4.023717991849209,54.15605147341464,4.018240472103687,1.423015607164261,739.3980920669879,36
3.3882289084982364,-4.045578855149289,54.71222172730358,4.051496620719314,1.3934270642327924,698.6914841672207,36
3.3759950390944247,-4.026152820451886,54.34781995732734,4.024128176641803,1.3958687325741383,734.2989887210492,36
3.380989465307682,-4.022091814812193,54.56425248815658,4.017898458115598,1.4021293914064443,736.5413675511139,36
3.363360027894906,-4.037886758222648,54.754345427168175,4.031317359166788,1.377016858851656,766.8497595820867,36
3.3760633198082024,-4.031772410615962,54.540788068839,4.027470818648101,1.3947372715523902,751.0050278251052,36
3.367592659402401,-4.0157426976143045,54.88599558079496,4.006453128571206,1.3977715690085228,822.1788161257477,36
3.3761173985528607,-4.019382929971032,54.6613363712392,4.0171052141392485,1.4040004742060994,801.876366148604,36
3.364170766045861,-4.035575315461936,54.83804115674175,4.023422860084696,1.383270673718013,817.8450962364255,36
3.3557250398270626,-4.058257336312152,55.54665577665288,4.051039908794647,1.3615800573470744,830.4258682575631,36
3.3691143144107034,-4.0375673889268375,55.13619895015203,4.025740014745834,1.3913792414022677,855.8212366848128,36
3.356230228505236,-4.044477188840825,55.43521166862325,4.035279233404931,1.3671013412746131,830.299931086547,36
3.3508651763834854,-4.036434457657185,55.25218874342898,4.021081031636989,1.369988144712245,856.0176937022106,36
3.350353849695084,-4.043422780138381,55.68356482864272,4.039263370189261,1.3606332878694465,868.7449713091478,36
3.3452742082852844,-4.038490569337886,55.30473062501732,4.019462676758462,1.3617826438119227,904.0741256822084,36
3.3489916070978696,-4.04118530801002,55.386637992047255,4.038972063267485,1.3631079196929934,900.6949371987201,36
3.344956342210161,-4.041210428197333,55.95631976837807,4.044386927963148,1.3537534813508918,903.9941912711936,36
3.3367736779206187,-4.046852328253131,56.01567556502971,4.0450846624712575,1.342377170603326,908.089810851618,36
3.334453141435664,-4.020745307841199,55.49004201686129,4.01915594872008,1.352870910725695,908.2345113551364,36
3.3338308926169757,-4.0218870927256045,55.40414063473965,4.01075668199688,1.3597067281709494,956.4207131676642,36
3.3367960791215827,-4.050059869779763,55.8358877736626,4.039347729784377,1.3484679435161837,965.7225004155586,36
3.339534338484419,-4.040055041617536,55.65272172968439,4.035116621788512,1.35494075937474,942.8038382022942,36
3.311422513731828,-4.043168395969039,56.29863958155856,4.019725836760609,1.322108652574796,984.8340341554464,36
3.3315760074777807,-4.0131582199259,55.64534096684016,3.9934785450603942,1.3657251249813864,970.8315265195588,36
3.317453384399414,-4.035561987694273,56.40853143245616,4.039165740317487,1.330518991389173,1039.1116631690493,36
3.3160102113764336,-4.034190533008982,55.8775263306097,4.0082185488220645,1.3371440468105016,984.106390337572,36
3.312135909466033,-4.037860708033785,56.13914408582321,4.01393046615817,1.3338334078484395,1034.4914697958222,36
3.308029976296932,-4.054009366542735,56.6626059349547,4.0276839276577565,1.320441357632901,1029.3279120262634,36
3.3129754861195884,-4.0400004386901855,56.27683766682943,4.025065581003825,1.3337918519973757,1048.9114583333333,36
3.3030764025153845,-4.0359443468405,56.86513229802991,4.026658020966442,1.3145728948268485,1034.8726217932735,36
3.2954149296943176,-4.031831345659621,56.99752693987907,4.030633023444643,1.3083443134389026,1073.7454730094748,36
3.280326469570187,-4.048839883601412,57.07642491658528,4.017845025299288,1.2994829669911812,1088.8656170351285,36
3.2936386842254204,-4.044861029225884,56.453364027307394,4.024431644602025,1.316735506903195,1100.5588422193591,36
3.291410583130857,-4.024854254215322,56.49259518562479,4.011111523242707,1.3248293222265042,1123.5345355094748,36
3.281711759296715,-4.058332118582218,57.02772205433947,4.040567600980718,1.2839972406414384,1083.038862512467,36
3.26835276387262,-4.040262171562682,57.30197676530121,4.017552981139921,1.299370857840734,1173.5118884363917,36
3.28476515222103,-4.036154036826276,57.21174775793197,4.027599618789997,1.3074492444383337,1121.9601401471075,36
3.2620713355693414,-4.042985811301157,57.50498607987208,4.036379651820406,1.281308984925561,1166.8956030446586,36
3.242643100995544,-4.048307564241666,57.536565063693,4.030023148719301,1.2575292147643176,1186.7191326601285,36
3.27002903755675,-4.03432308359349,57.30930174157975,4.038982766739865,1.296917585616416,1180.8299430684842,36
3.269919992338681,-4.030234793399242,57.29739720770653,4.008514052587198,1.307988221763719,1158.0056888228614,36
3.2558041531988917,-4.034615161571097,57.482448442607904,4.030447723172236,1.2812006050813285,1186.9298762328235,36
3.2533857568781426,-4.025410073868772,57.89422445094332,4.017555368707535,1.275514635633915,1183.876768720911,36
3.2616664112036955,-4.011920719282002,58.27602359420019,4.022018669344854,1.2823019813983998,1199.2444202612478,36
3.250437156528446,-4.032752720176751,58.227933383157065,4.032707018209687,1.270081213180055,1215.5766540960217,36
3.238731084985936,-4.029461830220324,58.20464779468293,4.032492333270134,1.2577885414691683,1229.110148977726,36
3.232068788920734,-4.041542087040894,58.55517413091998,4.033554459294529,1.255562334195942,1277.486372278092,36
3.2332162468145924,-4.010051294421474,58.26893337060373,4.023973914748388,1.253552869702062,1238.9334560962434,36
3.222235101334592,-4.030007900075709,57.92279377389462,4.003195478561077,1.2568424382108323,1252.608439993351,36
3.2243995649594788,-4.018642459355347,58.2641387290143,4.00910984877999,1.2481478232863947,1261.5331148188166,36
3.2166086037953696,-4.032529066640435,58.244229823985,4.013695426021062,1.2432118189250323,1271.9730016830115,36
3.201049119868177,-4.0269308597483535,58.24135613948741,4.002333336688102,1.2379786816049128,1323.5335381690495,36
3.22487891650369,-4.023580334710736,58.22956626296889,3.9994527465062784,1.2637879375024892,1280.4775849470852,36
3.1998157078492726,-4.051546198256473,58.45366655173876,4.010257785201918,1.2344506057441655,1302.9597990428304,36
3.1637604490239566,-4.037968706577382,58.82030243569233,4.0007397367599165,1.1964654795666956,1343.646351915725,36
3.1710532776852878,-4.034144949405751,59.577570976095,4.003864129384358,1.190100318151163,1349.6255445547984,36
3.179805023450378,-4.012584175623901,58.99941180614715,3.995432633880182,1.205550047522741,1356.726493240248,36
3.162653775925332,-4.040967870265879,59.34910112746218,4.013587150167911,1.1823429122884224,1366.757069689162,36
3.14143180847168,-4.041396485998275,59.69468369720676,4.016334307109211,1.1591645411565794,1393.8572781610153,36
3.1132711823104966,-4.061473633380646,59.77212943760216,4.026795657813972,1.1201923603707171,1395.836936571919,36
3.1302177449490163,-4.02586128356609,59.63653109936004,4.006390317957452,1.1473558253430305,1402.3133155335777,36
3.1008490670657327,-4.030466671531082,59.79777202200382,4.00245755784055,1.122267521019523,1435.9370550060949,36
3.078720662610751,-4.030502843518629,59.90528563912033,3.9984887085907848,1.1078234606600823,1470.0015349692487,36
3.058312847259197,-4.049339010360393,60.35874443865837,4.020291084938861,1.066647123783193,1442.473170503657,36
3.034085574724996,-4.036534397314626,60.31473284241155,4.00544629536622,1.0517868995666504,1475.5747044340092,36
2.972967709209903,-4.055608451789152,60.73109950072376,4.018567146138942,0.9905447160944032,1474.7229280945255,36
2.930780821658196,-4.060484480350576,60.58008250784367,4.023905054051825,0.9495773657839351,1502.9507926778592,36
2.891987917271066,-4.057045094510342,60.80537961053511,4.017889492900659,0.9222596782319088,1530.6117869708555,36
2.8210641373979284,-4.0476768405724926,60.675492523409794,4.014754440767545,0.8590973852374028,1533.0843012383643,36
2.6961644507469016,-4.041091726181355,61.23735403507314,4.002879994980832,0.7431188720337889,1590.3273354388298,36
2.5641705786928224,-4.029728842119798,60.90116503559951,3.9895779190334015,0.6023754950956256,1588.7270204801084,36
2.4095902578205086,-3.870447052286032,61.58373490462064,3.8355177361914494,0.4345979443255908,1639.1920365137412,36
3.116211683192153,-0.1478024128269617,62.907355207078,0.1731131733097903,-0.0075021460553275,1597.206223508146,36
3.215906476298123,-0.0012193669413101,62.4085870566943,0.0356129529681185,-0.0022954485859682,1632.1558301127543,36
3.242301876663316,0.0143120321610296,61.837469709680434,0.018301048613292,-0.001890264841206,1624.646485240747,36
3.263481855392456,0.027845649048686,62.101844787597656,-0.0038902894593775,-0.0145706865005195,1599.3609619140625,36
3.838550090789795,-3.910065889358521,45.19474792480469,3.926665782928467,1.9228993654251096,-17.24279022216797,37
3.815727340414169,-4.053169399288529,45.50297895390937,4.059125792050192,1.8368533190260543,1.0329578115162277,37
3.810690318439024,-4.031770591194748,45.87740266407635,4.043405779710053,1.823679913020303,0.8172736979545436,37
3.785624722216992,-4.047537265939916,45.30259388051135,4.0481739247098885,1.8051165088694143,48.628686215015165,37
3.7789263454734856,-4.031851149619894,45.685251952908565,4.027314368714678,1.8063263326671952,40.098076786555296,37
3.746211550759931,-4.0668464383334975,46.068280429704814,4.076838706402069,1.759886679074443,77.18214297463709,37
3.745295620979147,-4.030885006519074,45.97568787919714,4.031881149778974,1.7733595802428874,86.01328261355137,37
3.717112607144295,-4.0242566893286735,46.25464378519261,4.038880162205256,1.7317370091769713,65.09956873900501,37
3.718706105617767,-4.023052536849434,46.72212541187909,4.042321337030289,1.7392917964475374,81.05211092901568,37
3.711993430523162,-4.031458793802464,47.31717673768389,4.051543408251823,1.7210956177812942,74.30229105847948,37
3.7072128759208303,-4.039914800765667,47.814638070180905,4.059438340207364,1.7092735522182276,79.6601347145459,37
3.687006125213407,-4.019922827997951,47.40915460789457,4.031158186865191,1.6975310068603948,96.92957587275944,37
3.6825840320992977,-4.025532326799758,48.12460789781936,4.027710945048231,1.6922199142740129,125.802450788782,37
3.677514390742525,-4.012588193230595,48.123610097465786,4.030560547578419,1.6790782297756657,91.0952365415316,37
3.66429100307167,-4.027603656687635,47.77408632319024,4.032173149974634,1.669150082777578,120.3095584084802,37
3.661889482051768,-4.0128092765808105,48.043087086779,4.022105227125452,1.6660606759659788,109.2999019216984,37
3.6653827572545263,-4.026649610370609,48.14902274490248,4.021887187416672,1.6754722738942356,145.51195412493766,37
3.6518982674213167,-4.012578220232158,48.40419601548648,4.020009416214963,1.6539245759341734,134.04692207498752,37
3.634336441121203,-4.021109205611209,48.87416807134101,4.014211472044599,1.6342595663476498,173.76374232515374,37
3.624647945376998,-4.022031354565993,48.78386593541355,4.019917285188716,1.6273551325426034,181.4106624954981,37
3.6022585621962318,-4.018436100466031,48.94088025465079,4.016126321562639,1.6021702179672026,205.49481666510832,37
3.608563626066167,-4.027464653583283,48.9555904307264,4.032517636075933,1.605294351882123,187.42324536911983,37
3.606655499613877,-4.014952784734414,49.18171759531008,3.995079865692355,1.6183197295412104,228.37062949322643,37
3.602206940346576,-4.054706482177085,50.02038022305103,4.059879022287139,1.6033868121762649,246.45414874570585,37
3.580071890607793,-4.044232074250567,50.2360593917522,4.026507255878855,1.5745082307369151,265.6243078353557,37
3.5798523375328557,-4.036924500837394,50.069109815232295,4.0209703174888665,1.5737812578255403,261.29914628698475,37
3.5912890620265445,-4.029592114982876,50.05414045617936,4.014637294390523,1.5984618629969602,274.10121879848185,37
3.578556943447032,-4.033327954880734,49.741286987954,4.007388926566915,1.595239093963136,290.5962920493268,37
3.578344466838431,-4.027847942731059,50.01029889803407,4.019693716197994,1.5816405191489145,278.23173274046985,37
3.568472332988225,-4.023468683797417,50.38727437012584,4.024499132278118,1.5684999024614374,296.3823209721991,37
3.572059961075478,-4.045508212231575,50.43159444281395,4.027537883596217,1.5862716969023358,315.9627224536652,37
3.554227806997637,-4.041085757262318,50.85244953885992,4.009571342603534,1.5509549218712124,328.119771754488,37
3.5502143447280776,-4.038296794214992,50.97106403323775,4.034312204266271,1.5598461399687098,338.4330450829039,37
3.541651264150092,-4.048473317572412,50.89815131654131,4.037917563255797,1.549650544815875,340.71886622652096,37
3.529530641880441,-4.03423799352443,51.087334626109886,4.025056747680015,1.5411865051756517,373.0494808981604,37
3.5149185065682054,-4.035607057260283,51.47348985604361,4.02167274258661,1.5198622975789062,391.8438805113448,37
3.5175170644800717,-4.043461444530081,51.31804324210958,4.016039361345007,1.5338252985731085,389.77922415226055,37
3.519911600342879,-4.031175566057787,51.393585529733215,4.021647602108354,1.545104052158112,387.0695138484873,37
3.51044477300441,-4.044165361012127,51.73396274214941,4.033457458441984,1.5165343969426257,408.0204660402122,37
3.511411595851817,-4.034793579832036,51.31894700070645,4.034462888190087,1.5307462976333943,398.8154576078374,37
3.5129517325272794,-4.029859404191903,51.77048000038093,4.010366176037079,1.5274535172374537,410.71852901810456,37
3.505226008435513,-4.000561633008592,51.90173748368067,4.017319831442325,1.5190350070912788,403.0064972140265,37
3.4826341233354934,-4.017892380978199,51.82104037670379,4.011095807907429,1.5056857251106424,452.93747143035233,37
3.4830103495442275,-4.030437371409532,51.91404526622583,4.011576638999561,1.5099985760154453,464.1963773686836,37
3.4897161713728666,-4.026549599694867,51.87516281452585,4.02915084784758,1.507792796648986,437.65794881184894,37
3.477520136123008,-4.026916706815679,52.383208741533,4.026696042811617,1.4904645706744903,455.0744687344165,37
3.474092204520043,-4.012677081087802,52.146487783878406,4.017055129328518,1.501665173692906,482.1726305806045,37
3.469254414240519,-4.030392169952393,52.8528569539388,4.026924928029378,1.4873138666152954,500.5044352213542,37
3.46119705666887,-4.025850062674665,52.74591527086624,4.036637184467722,1.4685498450664765,484.71387497922206,37
3.449604626242996,-4.026446017813175,52.90656848663979,4.023992031178576,1.4693955478938758,526.1782490615303,37
3.4413252265740795,-4.006941687130759,52.77534647190824,3.989207749671124,1.4671369419030265,528.9668903756648,37
3.4496145654231944,-4.007734998743585,52.94154934172935,4.009394889182233,1.4806945501489843,550.037563892121,37
3.4582100624733783,-4.026791210715652,53.49057179985317,4.027591712085913,1.477677770540224,540.6909958859707,37
3.437410593032837,-4.0274358438261855,53.578056930650206,4.039255108393676,1.4555007379951206,576.439166562777,37
3.4400837979418166,-4.022311312087039,53.19586660506877,4.017903307650951,1.4691098446541644,587.7799513796543,37
3.433951168195576,-4.020047066059519,53.52260067446012,4.027665270135758,1.4553571584376883,573.4877882071421,37
3.4323139985402427,-4.01745360962888,53.21565457607837,4.00513644252263,1.462187890465378,594.6022027198306,37
3.422289564254436,-4.02157638428059,53.250042610980096,4.027657742195941,1.4458955044442034,594.2656262986203,37
3.417276754446909,-4.022729623402264,53.61943863131476,4.022527089355685,1.4342218011829024,607.2770506946753,37
3.4084695670621614,-4.043515300074367,53.85279689274781,4.047871423951277,1.4182704408118063,644.9878747818318,37
3.422336050804625,-4.029783411228911,53.714656748670215,4.0250327536400325,1.4493723854105522,661.5033036901597,37
3.4085224114411266,-4.022270922965192,53.7763929164156,4.024038216746446,1.4302138555134445,671.7174003005873,37
3.4146642414390618,-4.0117636572384665,53.77689559070777,4.010345465748022,1.445111060818882,673.2986112554022,37
3.388127453783725,-4.021552522131738,54.32392891417158,4.010178231178446,1.4135027692673054,703.5665542927193,37
3.416937571045355,-4.019607033289916,53.9023028705137,4.018788709708139,1.4456776684903083,651.6973483038287,37
3.39322877944784,-4.029904700340109,54.23745072817972,4.0305889481348345,1.4143512181356444,718.6230304258088,37
3.3891086629096496,-4.025064671293218,54.210469185037816,4.019569934682643,1.4169479253444264,739.9732782891456,37
3.383568508405212,-4.046399028588694,54.76266138604347,4.052644134413266,1.3868252064319366,698.995629709663,37
3.371612697628373,-4.027216887643151,54.40151761102338,4.0256476740465095,1.3893603086471558,735.4021801238363,37
3.377049070723513,-4.023095881685298,54.61802941180291,4.019406988265667,1.3960689483804904,736.9119937977895,37
3.3593854498355946,-4.039538640502497,54.8086649306277,4.032929322398301,1.3705320451276524,766.9797661963929,37
3.373556804995165,-4.032326958703656,54.57786319272738,4.028323163377478,1.3909853062731157,751.2999090100011,37
3.3646769929439464,-4.017588950218038,54.91616358655564,4.007852503593932,1.392965704836744,821.2454080784572,37
3.3730117293959814,-4.0209428976613575,54.70347995622784,4.018446316955783,1.3989484022695122,801.4884111120349,37
3.360446033748329,-4.037803149392419,54.87742614746095,4.024814382512519,1.3777762609170685,818.16004197141,37
3.3520068158494665,-4.060404290544226,55.59280403624189,4.052083745915839,1.356122351707296,829.8751415496176,37
3.365364490671361,-4.039470719952956,55.18198332549832,4.026976162660207,1.38567272652971,855.6976114908855,37
3.3522156383974333,-4.04657408531676,55.47225632904269,4.036251673461698,1.361436368725824,829.774110185339,37
3.347008679775481,-4.038509541369499,55.30634762378449,4.0222451027403485,1.364172468794153,855.4475759952625,37
3.346849373891844,-4.045553741725624,55.74428542116855,4.040177088257269,1.3549457602467097,869.132941929161,37
3.3420250686347908,-4.040997694570122,55.348613116758095,4.020675283797244,1.3562758560721755,904.0530252659572,37
3.3459199337249106,-4.04264469349638,55.43710108006255,4.039706280890932,1.3572608638317027,900.8444473591256,37
3.342083743278016,-4.042740815074732,56.00648181996447,4.045189928501211,1.3482444430073943,904.1888908223904,37
3.3335671932139297,-4.048284720021782,56.06991517628338,4.045730543474779,1.3363438844680786,908.4440710189494,37
3.33126921856657,-4.022284832406552,55.546835960225856,4.020255088806152,1.3464238034917957,909.036835366107,37
3.3305440980491907,-4.023320171004492,55.4666679328215,4.0115256005145135,1.3532444644481578,956.6713442971522,37
3.333684838409965,-4.05153585663924,55.884834803588,4.039629652145061,1.3427421733842675,965.343530100288,37
3.336256128676394,-4.041483432688612,55.70713513962766,4.035666161395134,1.3488058638065417,943.2204641788568,37
3.3082376608611845,-4.044221198305171,56.35139808925331,4.0206832006468,1.315894935993438,985.31308870789,37
3.3279492669071717,-4.015331234492309,55.695873720426086,3.994422435760498,1.3596103461921638,971.182489922706,37
3.314313797240562,-4.035888824057071,56.45773323546064,4.039693426578603,1.3253328698746702,1038.354635035738,37
3.312645780279281,-4.035654233702531,55.92799369325029,4.009217069504109,1.330636405775733,984.3696574758976,37
3.3087481184208647,-4.038429899418608,56.20426575680996,4.014914607325344,1.3284751405107218,1034.4375631995233,37
3.304728507995605,-4.054143296911361,56.72154714706096,4.028707382526804,1.3145462680370252,1030.0628246550866,37
3.309730768203736,-4.039973417917888,56.33498891194662,4.025594075520833,1.3285785516103108,1049.4398193359375,37
3.2997083055212144,-4.036122565573835,56.91877960313297,4.027638935873695,1.3092512264319347,1035.1174628075134,37
3.2911936374420816,-4.032030947664951,57.055629405569526,4.0312500608728286,1.3019160285909126,1074.4495485995678,37
3.276620695776973,-4.049032694904517,57.14557250002597,4.019296886227656,1.2932357187812211,1090.5175140597296,37
3.2897588496512555,-4.044950738866278,56.51527629338258,4.025215693399415,1.3106831396725158,1101.6870065242686,37
3.287674995178872,-4.025268108286756,56.55532707052027,4.012001250652557,1.318962543568713,1124.3516611951466,37
3.277700608503734,-4.058693615257317,57.09749286732775,4.041400490077675,1.2780631848260866,1083.8638682263966,37
3.2646506847219263,-4.040651541229681,57.35703174780447,4.018384585143827,1.2931080025138586,1174.2300341450575,37
3.2807618760048074,-4.036738182636017,57.28261671675013,4.028801593374698,1.300811082758802,1123.9204465176197,37
3.2581871350606284,-4.043291545083337,57.5732061507854,4.037462518570271,1.2748107842519774,1168.5114105441046,37
3.2385403281408,-4.048458870421065,57.59727542958361,4.030687278044139,1.2511750780944282,1187.8116437763183,37
3.265815983427332,-4.034168598499704,57.371286838612654,4.039654062149372,1.2905472973559764,1182.1399834815493,37
3.265689922562728,-4.031131866130423,57.37185057511567,4.010006011800563,1.3008875077497877,1161.1314757867908,37
3.251202559640221,-4.034494866716101,57.54306901431253,4.030893467842264,1.274329640341143,1188.9764092627993,37
3.248352324708979,-4.025548123298807,57.96790711423184,4.018116991570655,1.2676446057380517,1185.9640567860706,37
3.2566503091906824,-4.012544408757636,58.36961516251801,4.022839546203613,1.2736021128106625,1202.9118583083998,37
3.245360722778537,-4.032396323291968,58.30361332453735,4.033192201709071,1.2625100671822298,1218.0380054230386,37
3.233978159884189,-4.029146651004223,58.271315229699965,4.032751742829668,1.250659694062903,1230.6432040600068,37
3.226963247813232,-4.041306502430151,58.62190141069129,4.033974349921477,1.2477424060199278,1279.3387702238476,37
3.2286973084118347,-4.01001342475837,58.33668188000401,4.023215493411882,1.2454247922762065,1241.3370768229167,37
3.2171240309451488,-4.0301889764501695,58.0044071116346,4.004127958987621,1.2488563847034535,1254.7197135762965,37
3.218409051286413,-4.019215698783279,58.33940267901048,4.010440755397715,1.2388202797436545,1264.842956975842,37
3.2115199498250977,-4.033553789693413,58.32226889860546,4.015156012054876,1.234890716295716,1276.0980544935726,37
3.194803111096645,-4.027125460036258,58.3201526885337,4.004345224258747,1.2291389551568537,1326.8288028798208,37
3.219375015150571,-4.025226917672664,58.31744906919222,4.001316831466999,1.2548712348261626,1286.2515843168214,37
3.193892664943181,-4.0531487126722405,58.57319446320229,4.012957133299915,1.224689761797587,1308.4596951532028,37
3.1551964130807426,-4.038013478542896,58.93162187616876,4.003320359169169,1.1835338156274022,1349.0646972656252,37
3.161758862488659,-4.034630640178707,59.683485558692446,4.004692419200924,1.1778331614555198,1355.5335650072032,37
3.1694888696602894,-4.014087690529248,59.12130150220073,3.996775500317837,1.1924852563979778,1363.040148146609,37
3.151950704290512,-4.043281159502395,59.455761118138085,4.014699418494041,1.1693470122966363,1373.8624085771276,37
3.127862718933863,-4.042445825346818,59.79350313227228,4.017576549070101,1.143371879631746,1400.1132682637967,37
3.0973618233457527,-4.062447003438963,59.89625909142461,4.028111681025079,1.1015489642501723,1402.7437545018836,37
3.111921701025456,-4.027369215133343,59.77303119415932,4.008009677237653,1.123893476547079,1408.1115514876997,37
3.0780179263852165,-4.03279743465126,59.95406804186233,4.004262241065925,1.09487251440684,1441.9794913217531,37
3.049884990597448,-4.03345208472394,60.10610634553517,4.000511199870008,1.0737807649247189,1476.859004460328,37
3.0227993194093097,-4.053021349805467,60.60214371376849,4.022429882211888,1.0253784935525123,1451.5554926446143,37
2.9927107340900614,-4.038492473304695,60.4806168468286,4.007119077317258,1.006239192705628,1477.8129051695478,37
2.918516941949832,-4.054017675683854,60.93572194525536,4.016339532027008,0.9380649197186148,1481.7755551169105,37
2.8655388507437203,-4.052580305870543,60.76858301365629,4.026123036729529,0.8812041967473134,1508.7047976230056,37
2.812954630412108,-4.048466083851267,61.05079201772704,4.016550398887472,0.8432695544357839,1539.942003615359,37
2.705226455174439,-4.049293616139297,60.82108742463673,4.013243049594528,0.7453119289790483,1543.4940289436504,37
2.54094745757732,-4.042633685659856,61.17288143076795,3.9858910377989423,0.5853766000017209,1619.7309180726395,37
2.337752301642236,-3.9312924882198903,60.95582585977324,3.8829760805089433,0.3664107817284612,1633.6514347157577,37
3.093575450545502,-0.1923317907127149,62.73724284070604,0.215922898857313,0.0063899482157857,1595.1725269074132,37
3.2339906185231317,-0.0119856785031704,62.56895389962703,0.0392053925452076,-0.0132774022070966,1581.328179542055,37
3.2792701602827576,0.0287873463057881,62.04131812237679,0.0044800241193766,-0.0098424142239787,1603.2926111965314,37
3.294094513494072,0.0408419916762951,61.350106773647006,0.0019172222208204,-0.006630835727729,1611.3281440464318,37
3.311817407608032,0.0460672080516815,61.52656173706055,-0.0183411017060279,-0.0213267840445041,1585.3743896484375,37
3.8395512104034415,-3.905513048171997,45.14739990234375,3.9225454330444336,1.9269256591796875,-17.72014617919922,38
3.816617236621138,-4.051973277244015,45.45774338210838,4.057158649831578,1.8379290907279304,0.3181733558143395,38
3.811452157255532,-4.032695936120075,45.86651981740758,4.044103463490804,1.825331606726716,2.336580134820247,38
3.7857939160388447,-4.043581319891888,45.19438345535941,4.040462918903517,1.8076201210851253,46.553533637005344,38
3.778533697128296,-4.0347460802050605,45.78207944787067,4.032758367234382,1.804606584535129,41.62684576062189,38
3.747877343841221,-4.063246460928434,46.05740248638651,4.071666413459225,1.7619920683943706,73.45983925418578,38
3.747197368870611,-4.028452997622282,46.0133174398671,4.029631490292757,1.7754331982654077,86.04175070057744,38
3.714166822640792,-4.021398685980534,46.21075312296549,4.036909155223681,1.72941214537275,60.89254412443741,38
3.7190248309702114,-4.024256858272829,46.81103642781576,4.044192383254784,1.7374982332837754,79.57976299783458,38
3.715100723764171,-4.031089482100113,47.24928673453953,4.0534509368564775,1.72406135952991,70.72065320222275,38
3.7017105765964673,-4.034745485886283,47.77091123055721,4.053224473759748,1.7048457981883616,83.20797607864156,38
3.69271459268487,-4.016319558240365,47.37427929864413,4.027698012365812,1.707651876884958,96.44378827965778,38
3.68607032817343,-4.020474558291228,48.186184758725375,4.02818138703056,1.6940542252167412,114.37242756719166,38
3.670595213986825,-4.02034078128096,48.0882276452106,4.033821793570035,1.671082439629928,102.71539936894956,38
3.667365070702373,-4.023010696189991,47.803549393363625,4.0278032551641045,1.6748684022737583,122.0160733651424,38
3.6664979406025098,-4.012231598729673,47.96333512015965,4.018468193385912,1.6761294344197148,116.01027463830032,38
3.666157788124637,-4.025606652964717,48.17182386094245,4.022055681200995,1.676238419353098,145.067072108172,38
3.63945464293162,-4.009033282597859,48.68844383350317,4.019445384758106,1.6348650515943333,148.04034036829856,38
3.635020287140556,-4.029025513192882,48.79741867728856,4.014629426209823,1.6391980648040771,181.1557829483696,38
3.618760399196459,-4.0193997016851455,48.74596711863642,4.019343175749848,1.6202148846957996,181.8151985942453,38
3.6055310670880303,-4.017650915228802,48.8232439013495,4.017805507217628,1.6046920859295388,197.6752887670545,38
3.603224173836086,-4.016560855119125,49.17570321456246,4.015511543854423,1.5996611144231714,205.6161399509596,38
3.6144113817076753,-4.036794227102528,49.50291686127152,4.023346389549366,1.623040467068769,236.8944310727327,38
3.5830966234207158,-4.051955302556356,50.33994992574056,4.0515391031901045,1.579315006732941,260.82932027180993,38
3.587045026862103,-4.03078609964122,49.8302003611689,4.018287928208061,1.5794505451036536,245.62953318720275,38
3.5830852553464365,-4.031681796778804,49.8913882435232,4.007976925891379,1.5887399842773655,276.4820877296337,38
3.5892301262288853,-4.028570119885431,49.933420430059016,4.015915559685749,1.5989197924517202,273.40713677890056,38
3.5795939331469326,-4.029838354691215,49.78644735916801,4.008544548698094,1.5887773840323738,279.7738912831182,38
3.570607216461845,-4.019829204117042,50.155431940935664,4.027965538743613,1.5679837119752082,279.26459226746493,38
3.577222578767417,-4.03825681105904,50.2778920436251,4.026552303977635,1.59332647703696,308.1709298396456,38
3.560926592868308,-4.036622959634532,50.5681618400242,4.00796886112379,1.5574657295061194,310.7288420304008,38
3.556894722192184,-4.036497713862985,50.83383023911628,4.028245998465496,1.5623989692632705,323.51369841202444,38
3.545589626699254,-4.045813242594401,50.81795357966769,4.029599887737329,1.556004740189815,336.3523692255435,38
3.533726909886236,-4.034612800764001,50.913026229194976,4.030657021895699,1.5420269681059795,355.08372762928843,38
3.519038075986116,-4.034479569697726,51.3565769471984,4.015650866688162,1.5257377037103623,388.2478951716769,38
3.5207828594290693,-4.038182203320489,51.25232251485189,4.0211210561835244,1.5316397685935532,377.13607765971744,38
3.5231957539268164,-4.026772125907566,51.19074199510658,4.004244783650274,1.5536156270814978,386.4895815641983,38
3.510834474494492,-4.037065848060276,51.56267589071523,4.032746850580409,1.518261233965556,399.895768981049,38
3.5172300753386123,-4.037369707356329,51.2712651681209,4.033470243647479,1.5367255089939504,393.8549667579541,38
3.508859489275061,-4.026376599850862,51.67175433946692,4.012142917384272,1.5240868770557905,409.49689516813856,38
3.508445560068324,-4.002527292223944,51.86366940926815,4.017876362455064,1.5197328588236934,395.0270253057065,38
3.4881757877875064,-4.012293722318566,51.76035966734956,4.010320269543191,1.5111418902010156,443.43718907453024,38
3.4830398041269053,-4.029773649962052,51.817620650581695,4.010222455729609,1.510238414225371,461.4394876231318,38
3.4919342597325644,-4.025856830071712,51.81736592278964,4.028329306754513,1.5108433175778044,434.7632866458617,38
3.480022959087206,-4.025841236114502,52.31052078025928,4.0258815737738125,1.4934146006902058,450.1180362424989,38
3.47586885224218,-4.0115530801856,52.09418180714483,4.016138595083485,1.5036755644756814,477.6535359258237,38
3.4710259437561035,-4.028960069020589,52.78273264567058,4.025923093159993,1.4897717634836831,496.1015116373698,38
3.4627876730932705,-4.023975358493086,52.66132089366084,4.034849298173103,1.471171049968056,480.07336669037306,38
3.450863786365675,-4.025267310764479,52.85582633640456,4.022654180941374,1.4710138569707456,522.2819293478262,38
3.4445303678512573,-4.004406548928523,52.70827406731205,3.9880229096481767,1.4716592163279436,522.5672036875849,38
3.45296861814416,-4.007467573967533,52.89851252237956,4.01069010167882,1.484295520229616,544.3295774598054,38
3.457998871803284,-4.027234699415124,53.47813083814538,4.028398472329845,1.477706349414328,543.6812213400137,38
3.4373890006023906,-4.025010779284049,53.45985959923786,4.036847867827484,1.4558721832607104,568.3536739625793,38
3.443537181702213,-4.021392742792766,53.21481516741324,4.019583705542744,1.4722864653753198,583.3954343933989,38
3.4342367234437363,-4.015226011690886,53.363281581712805,4.019233019455619,1.4594721690468166,570.4464907438859,38
3.437650709912397,-4.02152769461922,53.21306427665379,4.011335587155991,1.467821422694386,592.2327213010926,38
3.4212527102318364,-4.016205960425777,53.12588031050088,4.020446210667707,1.4459610607313074,585.3599552762681,38
3.4188307420067163,-4.028119315271792,53.75816859369692,4.029808044433594,1.4331941500954006,610.0008067255434,38
3.411176664241846,-4.035507139952286,53.59644102013629,4.038948985113613,1.4270454092302185,644.413920969203,38
3.4204329217689624,-4.031544837398806,53.86917222064474,4.027750792710678,1.4445220542990642,665.9091947251472,38
3.4185608677242114,-4.01420259475708,53.53202985680622,4.016935763151749,1.4469739768816077,663.503518809443,38
3.4046900894330894,-4.013817949571472,53.9628245588662,4.011432834293531,1.433099775210671,685.7017176531365,38
3.40408800650334,-4.020587402841319,54.003030694049336,4.0118042558863545,1.4317180885784868,667.5711802606999,38
3.4080411195755005,-4.020506806995558,53.82319815262505,4.024290561676025,1.435342464758002,669.1970811926802,38
3.397101488666258,-4.025007213371388,54.27942569013955,4.025301947109941,1.4213509300480718,726.0013392351676,38
3.383187468501105,-4.03652791009433,54.1843723628832,4.033363971157351,1.4021745799244316,725.636444091797,38
3.3864920139312744,-4.039001174595045,54.73878147291101,4.049636218858802,1.3923176734343818,690.7207429305367,38
3.367416262626648,-4.017065718554068,54.2298430290775,4.012699521106223,1.3888939066209651,750.5523155322974,38
3.3612665162570234,-4.032033132470173,55.0086550505265,4.029545991317086,1.3710820674896238,763.9090169270836,38
3.372668623924256,-4.038311004638672,54.492483139038086,4.0337464809417725,1.3884661197662354,745.4014892578125,38
3.368648864220882,-4.016739693240843,54.598878501118094,4.012255875960641,1.3947182496388753,781.5181230185685,38
3.373729966688847,-4.018255071363587,54.929035407909446,4.010644194008648,1.404045595638994,825.9937001103941,38
3.3675796674645464,-4.025385752968166,54.45025585008704,4.01818387404732,1.3921492669893347,796.5386511761211,38
3.364508813705997,-4.045684486195661,55.40007701818494,4.0382046043009,1.3760940717614214,828.8063027202219,38
3.355072750561479,-4.049353703208592,55.036365287891336,4.038360948147981,1.37155006242835,840.2918550795403,38
3.3686078061228213,-4.040391756140667,55.28905238275942,4.033654275147812,1.3849899069122649,835.6350389563521,38
3.3446470481761987,-4.035904614821725,55.32426369708518,4.021500089894171,1.359717654145282,833.8479755788608,38
3.347894234933715,-4.0449965207473095,55.56281219703564,4.038818055304928,1.3600646041441655,865.6686534052309,38
3.348409082578576,-4.036066677259362,55.46665473606275,4.020036427871041,1.3641645649205083,892.3608769955844,38
3.3427240122919497,-4.042574049769968,55.23940517591394,4.034056224684784,1.3558829331743545,890.3549972755321,38
3.3510197556537134,-4.0371941759966425,55.828304401342415,4.039497306381446,1.3642708615980288,897.2567182900249,38
3.329842790313389,-4.050527997638868,56.01434691055962,4.049225672431614,1.3327314698177837,910.5364486030908,38
3.339315359143243,-4.019822894663051,55.4801838086999,4.024602689604828,1.3581009360327234,893.8562303626021,38
3.3320237847342007,-4.020988695863364,55.44223857271498,4.007375903751539,1.3561321902966157,942.253629822662,38
3.3359922740770425,-4.046786536341128,55.83727579531463,4.040818753449813,1.3471117071483447,960.1253900942596,38
3.341550744098165,-4.040903526803722,55.6141802193462,4.033779849176821,1.3567248021346936,933.1177434506624,38
3.311556505120319,-4.041316060052401,56.22301173555678,4.021374391472858,1.3227717358133069,982.0126263162366,38
3.330118951590165,-4.012025926424109,55.64354058970576,3.99138779743858,1.3638682987378992,966.593613334324,38
3.318317541177722,-4.03524927470995,56.26025661523792,4.038304169972737,1.3304415388383728,1027.0874005746152,38
3.3139659615530483,-4.034832173499508,55.9167883499809,4.009828636611718,1.3321062542390132,978.850150730299,38
3.31281708634418,-4.036320955856986,56.05005181354024,4.011744395546291,1.334886644197547,1026.3980606742527,38
3.3075147245241245,-4.053908721260402,56.6301209822945,4.027763097182564,1.3186535809351048,1021.781647613083,38
3.3130149046579995,-4.03958797454834,56.22566095987956,4.024540742238362,1.3330728610356648,1041.9605305989585,38
3.3034251980159595,-4.035969257354736,56.82551806905995,4.026893387670103,1.313948154449463,1027.6482437797215,38
3.294729239698769,-4.031378407409226,56.9305399466252,4.027978399525518,1.3074840946473938,1066.8821207682292,38
3.2794626329256142,-4.049528726633044,57.067475636800125,4.018457644227622,1.2975846719050754,1084.1809825067933,38
3.296530505885249,-4.043403791344684,56.34314744368843,4.02221969936205,1.3207112447075229,1093.4190249235735,38
3.291530540024025,-4.025453273800836,56.53271777387979,4.013136963913406,1.3207768564638882,1109.8721163100088,38
3.2801753299823706,-4.058630114016325,56.94291593026424,4.037237678748974,1.2829033274581467,1077.9455796393795,38
3.270494087882664,-4.039486532625944,57.30961194245712,4.015773783559385,1.3018570490505383,1159.4130938986077,38
3.2834300511125205,-4.036987415258436,57.13077235567397,4.0281449193539824,1.3028989304666936,1115.7860779693158,38
3.2588053699852764,-4.042757721914762,57.46675264662591,4.03562427258146,1.2752956462943033,1158.2681283259735,38
3.2493178844451904,-4.044932158096977,57.40165461664614,4.028317327084749,1.2663593447726709,1179.267673658288,38
3.2703190160834272,-4.031661479369454,57.26175794739654,4.035658010538073,1.297125038029491,1166.5817437655685,38
3.269837341446808,-4.0273250773333125,57.307690330173656,4.004693632540495,1.308046793592149,1151.583351024683,38
3.25901676779208,-4.035607534906139,57.48385213769,4.032898923625117,1.2785570595575415,1176.8627186650815,38
3.253211695214977,-4.015112303305363,57.964653678562335,4.007871489593948,1.2762347062428794,1182.0748485620472,38
3.258188755615897,-4.019001338792884,58.27369847504989,4.028001329173213,1.275460748568825,1192.981041065161,38
3.250918761543605,-4.0299580822820245,58.21729029779849,4.033660639887271,1.2712477860243423,1215.9353292713995,38
3.23518971774889,-4.03854379101076,58.18360618923021,4.030174272647803,1.2532794397810232,1229.3937775985053,38
3.237304905186529,-4.027641628099524,58.52608158277429,4.036419426185497,1.258874093276867,1252.9396848816805,38
3.224640509356623,-4.019389028134554,57.819185174029805,4.014972344688747,1.2490662828735684,1229.7867219344432,38
3.223137668941332,-4.022664975428927,58.08504104614258,4.001872083415156,1.254469430964926,1253.280337126359,38
3.229648092518682,-4.023063037706458,58.15514722077743,4.013273149296857,1.254782219727834,1246.5346847755322,38
3.196607620819756,-4.034550811933435,58.08676446002463,4.00561757709669,1.2311869341394177,1312.0703124999998,38
3.2325988610585528,-4.013429959615072,58.08802096048991,3.995183229446411,1.2706284125645952,1265.6067708333337,38
3.213423618371936,-4.043239123579385,58.28797630641772,4.009983719259068,1.2495894207470657,1290.394782467165,38
3.1862802557323286,-4.047318147576373,58.31695465419604,4.002205444418866,1.2233057048009788,1306.934485394022,38
3.1609650211057803,-4.035468910051429,59.38242566758308,4.004717757736427,1.1779789544533992,1334.927877674932,38
3.185508790223494,-4.016190134960672,59.16193177043528,3.995728066002113,1.2084620560424917,1341.6830895465353,38
3.175386211146479,-4.025080514990765,58.96456842837126,3.998931584150895,1.205344977586166,1357.470220151155,38
3.145892267641814,-4.042585749557053,59.59878401825394,4.017073385957358,1.1652348067449487,1381.5728750919952,38
3.1314580094987066,-4.053781426471213,59.47101526675017,4.022615349811057,1.1415222226709558,1373.3529035043027,38
3.133807529573855,-4.036573306373928,59.66660740064538,4.013624357140582,1.1438322507816812,1379.2318221382473,38
3.1185121536254883,-4.021368185679118,59.67722127057504,3.999876464622608,1.1364435423975408,1409.689686650815,38
3.0937506288721943,-4.028878930686177,59.6975696950719,3.996040779611339,1.1223002343937971,1451.4205278037248,38
3.078095467194266,-4.044974119766899,60.109829114831015,4.017300087472667,1.0913842346357256,1432.8492750084918,38
3.0406294888344365,-4.03741170703501,60.20934677124024,4.009484716083692,1.0518941257310952,1456.7879161005435,38
3.00351077231808,-4.050234379975692,60.52413006105285,4.016621665678162,1.0217427101688108,1460.62769085428,38
2.939973789712657,-4.055967952894128,60.47262755684231,4.02266091885774,0.9550482086513352,1485.6181720236073,38
2.9115954793017846,-4.061470895573713,60.71825757233993,4.0219280132348985,0.9372570229613264,1518.6148699331975,38
2.856457959050717,-4.043385840844417,60.63988729836284,4.014228305954864,0.8883130364659896,1518.0351863252945,38
2.7293767410775884,-4.043447971343994,61.18187448252802,4.00717482359513,0.7738331556320187,1577.1348770805027,38
2.605902946513632,-4.027405002842778,60.76697808417721,3.9978015060010166,0.6405681077984796,1565.503078294837,38
2.454854699148648,-3.910839982654744,61.26367856454157,3.86465282025545,0.4759997371314244,1623.1152697576993,38
3.1287200917368274,-0.1559831189072792,62.804713622383446,0.1925774423972581,-0.0119226310888047,1582.8487336531914,38
3.222607128862022,-0.0027177708520402,62.34677610535552,0.0358961603563761,-0.0033875357467627,1619.874101279438,38
3.2520158342693164,0.0149093334617067,61.75828881194626,0.0189499339507217,-0.0021586615534876,1610.5743611653647,38
3.272501945495605,0.0270910859107971,62.018741607666016,-0.0031854072585701,-0.0161180035211145,1586.578369140625,38
3.839653968811035,-3.906395196914673,45.18933868408203,3.923490047454834,1.9263473749160769,-17.11925506591797,39
3.8176224214317154,-4.051205213922653,45.49404361474253,4.057201587370712,1.8387980687357213,0.7972192534782591,39
3.813544348208574,-4.032293820903249,45.91729588752246,4.044736729921215,1.8284480928504556,3.783186811600288,39
3.7881163663237634,-4.041910777126786,45.212399865589006,4.038901771072053,1.811483230904071,46.07346577887988,39
3.780846418255437,-4.034946466014333,45.86766038323841,4.034996875011138,1.80705062316282,42.730494979524266,39
3.750709584159573,-4.0621918692205945,46.09944726428847,4.070624236642879,1.7654706370221438,73.17262552080365,39
3.749728180196164,-4.028021795036149,46.08752232572458,4.03026560275224,1.7780493054076705,86.3844885721694,39
3.717093986316319,-4.0217105176327,46.264844267907804,4.038479401247344,1.7324489868470352,60.56916934382306,39
3.721440200387996,-4.02619984898254,46.887370534186815,4.0461519686845095,1.739420679363891,79.52405915643178,39
3.718890221449581,-4.0332117985634905,47.260109337576985,4.05567750095451,1.7281310636631764,71.01365466709555,39
3.701358520201523,-4.03385737342556,47.72482895677107,4.051814709266607,1.7056321245040338,86.10224396642975,39
3.697307922544271,-4.016975148750918,47.402050408133626,4.027652695231194,1.7138741938737188,96.79878084502953,39
3.6904373412584737,-4.018671369900669,48.19207404477753,4.028911715876447,1.6984370999092604,107.4437887372762,39
3.671690035910502,-4.024465188492823,48.08754262436916,4.036641329744437,1.6715645650877569,105.6830894303148,39
3.671061587159651,-4.022620082771691,47.88232438581704,4.029777975848122,1.6776804245301409,119.5583276679046,39
3.6711168254378936,-4.01530493784995,47.97794275214202,4.019457423773996,1.681712283705273,119.3227278994818,39
3.670068916613168,-4.025773584407611,48.20110616196681,4.024024970340033,1.6795970184089493,141.14092817097685,39
3.640471169548313,-4.011812871390015,48.766267261365904,4.018750204657116,1.6371553300941075,153.63025336718033,39
3.636928695831856,-4.032149377530509,48.80119454599645,4.016583129437301,1.6420091930097036,183.86874979951955,39
3.618922806134189,-4.019722604403531,48.82731700813683,4.018430758566752,1.6211089348270946,187.42017826720743,39
3.613409197243461,-4.021781475874629,48.83146528257941,4.02061068750646,1.615266594573529,192.12971596822257,39
3.606244233402893,-4.013668745973685,49.18051395277037,4.005442239942342,1.60766565625685,211.1845619591484,39
3.617868851571187,-4.045369792158587,49.64419346830271,4.038958462485432,1.6246346418004836,236.27780919875545,39
3.5825282239565883,-4.050363411868576,50.39301597985038,4.041844103458154,1.577203866339078,262.70945906813125,39
3.5879797900680206,-4.032434634048573,49.93464707980191,4.018589329545516,1.5809826876995337,248.78271573477411,39
3.5877773222261973,-4.028866987158782,49.92254346304566,4.005634965687773,1.5963815024299344,279.25456137552754,39
3.5863183954336346,-4.029616933669487,49.80118471688598,4.008374064508145,1.6008203342883256,280.1794464779597,39
3.582057237625122,-4.029034590199046,49.90541728221587,4.01305945598296,1.5889440818424645,277.2919792676494,39
3.571976049103006,-4.020998102034966,50.26206009579401,4.0257588825086605,1.5706046132275655,285.3389772289861,39
3.580180274309033,-4.044572370765853,50.31653620030758,4.029137750611688,1.5971061852726625,311.78616399834624,39
3.55931403863169,-4.038453749496571,50.69367733140932,4.006544409007051,1.5564796089255897,318.2126995003137,39
3.55580854937978,-4.037096187146041,50.894214351681896,4.032034814792828,1.565182185521091,330.930055715742,39
3.5454781995202502,-4.047674836903593,50.81603895312679,4.035268118781765,1.5552637455237173,337.56105743185446,39
3.5331032554598623,-4.033831979236464,51.03474047584256,4.025557497121992,1.5453816643596563,367.8159259879676,39
3.518799910580155,-4.034640040710895,51.43544858389527,4.0207855092347975,1.5241971468403392,386.4741785648096,39
3.520870864826397,-4.042508744845425,51.26840480052642,4.013827905167628,1.5387662214084263,385.40580649271504,39
3.5230697402118767,-4.0296557628325305,51.37080143838033,4.022863878820934,1.547466082294492,382.2593840438954,39
3.5143227786043263,-4.045753698279388,51.74215029974054,4.032797176472462,1.5206967540030931,404.6224806291344,39
3.5128487948953677,-4.031079361908628,51.36019677489343,4.031974298240495,1.53243075670117,398.4297933091212,39
3.518278657954975,-4.026678576086559,51.73478874150854,4.01061297855238,1.5315900788690051,400.1680496104443,39
3.508150857730504,-3.9959311328665184,51.78090511795378,4.01277089641042,1.527431354905567,404.808046438398,39
3.4816044821356336,-4.023506655310192,51.70865781463846,4.008903914124426,1.5072371942283465,456.3837039696908,39
3.489991938110686,-4.02749190365311,51.96085402217225,4.013901981994184,1.5166066693563531,457.9202087847856,39
3.4902073727907057,-4.023677554443805,51.86599583869433,4.027349378070692,1.508180956770904,435.2976112087279,39
3.4772477637242227,-4.022153339246763,52.4149194703485,4.023923678989828,1.4888028733051606,454.6149329860716,39
3.47458224749043,-4.013407745500551,52.13297249452911,4.014940850056001,1.5047358030820417,487.5441215125314,39
3.4731477438098324,-4.033214760522773,53.014190284005046,4.037222211378334,1.4859662169087542,492.8557679113681,39
3.459358981055935,-4.024118392136845,52.69075402030109,4.028638000905949,1.4736648275904412,498.0930137912722,39
3.4506081038147864,-4.022714618348728,52.925195652202966,4.012173880625816,1.4697656996928865,517.088582950787,39
3.4501515896651,-4.002418639886118,52.757345074284686,3.9926992350251136,1.4797913584395916,524.5321134024292,39
3.460176466155226,-4.014181373763258,53.1223862084159,4.018255881149403,1.486818555497775,531.3991859603103,39
3.452494013918577,-4.030848134173094,53.61760806341241,4.036597171839136,1.4717390076087338,567.1320506743272,39
3.437673130174623,-4.023712415764802,53.256199718391805,4.02823603414271,1.4604422515326174,571.2619900668625,39
3.4437043823464943,-4.025082577754112,53.49086552640817,4.032954713723956,1.46467306057032,571.0772794180542,39
3.432868244004076,-4.010273164206177,53.16574723181064,4.004857418310904,1.4608407873306832,574.8839841967952,39
3.435206517685939,-4.02716253795763,53.27461668696717,4.028433507376343,1.4606489865449224,592.3229361206945,39
3.4201627212719328,-4.014273124889736,53.23379814537772,4.013238443945446,1.4429548743867526,588.7179538698962,39
3.4145409782437515,-4.042205469451681,53.89631992534999,4.046100344971149,1.4248964986661925,636.4270215556569,39
3.4211522349475945,-4.026791005239,53.47144946912779,4.025350431456183,1.4480053464861682,648.0675106744696,39
3.408814026491485,-4.030887701215535,53.9553147476085,4.031109294752135,1.427172451993845,672.5652309891082,39
3.422533524297449,-4.011423946297081,53.63892275399535,4.0114336013793945,1.454074596836619,661.5743457209455,39
3.391077144302591,-4.018130685291151,54.30580052842189,4.009905018075539,1.4171546514887008,699.1278535049328,39
3.4226579057039137,-4.018173353515402,53.90511132678847,4.016275914046016,1.4522581317999066,641.8184912465784,39
3.3972427235902662,-4.029829192335589,54.112099974694914,4.031739840542313,1.4185559471158216,703.5664401089189,39
3.395339440255269,-4.021415223170371,54.20031972175097,4.017723636905642,1.4244975982791317,733.2541325701415,39
3.385942316403354,-4.044921311148761,54.62371118921433,4.049473456222645,1.3922152945595063,698.046889256387,39
3.3771305780341154,-4.02841743065493,54.38403367648159,4.028556385179506,1.3940587104672064,720.4983939289175,39
3.379969294053794,-4.020963912462666,54.531937118864406,4.017618986811951,1.400163117116385,729.6687452775719,39
3.362513133209117,-4.037258228246313,54.78106697806477,4.032380292015354,1.3743789326535525,761.2115162202043,39
3.376735335718976,-4.030549634112059,54.527795137280094,4.027296898138784,1.39500614674422,744.9199468236769,39
3.3689263963351284,-4.015197565955837,54.88123533151445,4.007034722905959,1.3995004988064732,817.4257625384923,39
3.3764114553910973,-4.0199431537711705,54.6080979674402,4.019129777476735,1.403136142849052,790.737970728074,39
3.365028047213589,-4.03516235490785,54.93981941947101,4.024312701538531,1.3836700568233964,817.9201958649351,39
3.354064819586538,-4.0593366796952965,55.45375347833565,4.052270168805644,1.3607217456302505,823.6851815550866,39
3.373892369931632,-4.034718297693852,55.18541764864956,4.024561422584701,1.397284376360204,852.235306565779,39
3.349052980868485,-4.04325696151622,55.4615284160976,4.031630773613923,1.359347129390187,827.7690206931456,39
3.3519074864631158,-4.040536796959647,55.30081505322978,4.028098597143688,1.3695425743604228,858.828374932282,39
3.3529640531887974,-4.040206595929,55.65233205530765,4.03445998769607,1.364670757829708,867.4432742821912,39
3.3439699872566835,-4.042512872793378,55.237029890074346,4.02736234664917,1.3576611158621572,889.0003541821112,39
3.3562452601690365,-4.036163149088838,55.59391971226157,4.039520336763702,1.3714510463450078,892.907276014342,39
3.3358011367547253,-4.046286833547327,56.03377942273217,4.051813243949501,1.3381764244859238,900.3990643355097,39
3.346583383796859,-4.030271846882618,55.77153992478865,4.036099903774957,1.360933516147363,884.5884051914633,39
3.333218282156617,-4.021440686970732,55.55535816276161,4.010631067039323,1.3529731635629694,917.1153127851272,39
3.3432252146031733,-4.029287888185821,55.64259204725279,4.0310724495101145,1.3626298469348546,939.608218896128,39
3.342421898876664,-4.049034839128926,55.71628395136256,4.036773267453604,1.35482906164044,938.7593063020358,39
3.3242210158466423,-4.039011847363772,55.98015054299013,4.033398600390358,1.337064019084847,969.7370320341012,39
3.318643484672491,-4.029113132588185,56.01224762853914,4.003923269954041,1.3393060203886384,973.2983937507128,39
3.325532046547772,-4.02889044615474,55.82973399475543,4.023513063027041,1.343003152060683,988.1696126896096,39
3.309812152472726,-4.036218956439164,56.31892434001839,4.021731717743142,1.319759970163777,998.113626076357,39
3.3175420082398577,-4.030166371895449,55.7884332420182,4.00386148299614,1.344066645977271,1012.556054776602,39
3.304284586523571,-4.054220933983796,56.6867456644991,4.028844210353211,1.3102665304267491,1018.4997469491332,39
3.3123471841324856,-4.045131502360324,56.35028666475394,4.025886069249062,1.330954101833984,1041.7491294693773,39
3.303849688411629,-4.034762779291529,56.60042382678847,4.0242021692930345,1.3124253645430517,1006.360670103644,39
3.3046408413100417,-4.035904449267979,57.02838911627331,4.04019058881885,1.3116652078002036,1047.0836413306913,39
3.285515898335589,-4.043784061487574,56.90346179043289,4.015493935912195,1.30327583490497,1070.7719503806454,39
3.2861162641622728,-4.049903622508919,56.65157961323313,4.026879178346508,1.301838557215503,1090.3215768633097,39
3.2947979425861886,-4.028388096468292,56.32719716538477,4.0100703378663445,1.329821650999306,1120.3017435561133,39
3.284638039387056,-4.056282763933614,57.05524160566121,4.042385595558334,1.2850894875770067,1071.5112981865875,39
3.269530251078362,-4.04417136811862,57.2456846863684,4.021877386274129,1.2931865331900378,1154.32981170877,39
3.285993607374873,-4.036245833348183,57.25337110644709,4.027181628846774,1.308994369785281,1115.2637146441605,39
3.265071207589477,-4.043104317936584,57.48163381980283,4.036775432363914,1.2831591724479283,1157.6016266537406,39
3.24340836671147,-4.049290006178139,57.53584295119683,4.031363431554642,1.255743102435648,1176.14904517849,39
3.2714801426351507,-4.035217347806388,57.30055743586408,4.03965253551511,1.2961410919245142,1171.7052732592952,39
3.2716142992033577,-4.030255864136411,57.29257032296953,4.008966310180887,1.307940446547348,1147.962801522582,39
3.2573721130398936,-4.035449664958202,57.4681172336105,4.032214474504012,1.2802738186216702,1177.4707654966926,39
3.253902440523579,-4.0234711396433145,57.91418214784051,4.015077510889429,1.2749716452438469,1176.270235159101,39
3.2623618849872678,-4.014254448187613,58.29029684693274,4.025013996736846,1.2801196409838045,1190.3365131016196,39
3.252684217299858,-4.033715724945068,58.205140747293065,4.034503933287015,1.2705101610100182,1205.5182953994638,39
3.238397626111107,-4.0339641014154815,58.18874765660641,4.033320399096413,1.2533800819494427,1215.8860593921077,39
3.2361957644024035,-4.03671675354895,58.568605186295336,4.037190472122527,1.2574352252222325,1260.3684839401806,39
3.2299205734781977,-4.012896189724442,58.050964940203365,4.0201770162930455,1.2516430355336543,1229.335613167199,39
3.225688412241692,-4.026648145522515,58.03254513148844,4.00206788264922,1.258739092054158,1244.9669732977875,39
3.230320662477591,-4.021597079116932,58.21802069670963,4.013531667472672,1.253737413970223,1246.4285541172446,39
3.2047312833967,-4.035446254006268,58.15183425123674,4.009997152063968,1.234592014855712,1292.7926987696744,39
3.2254680943315046,-4.019099653202252,58.14469909667969,4.000372919723065,1.2608622190726062,1276.7286777914007,39
3.217562844283389,-4.038355869098302,58.22840920329964,4.008529308068491,1.2549931515742392,1287.7752667726393,39
3.1919296901591503,-4.050068006028225,58.32311290546056,4.004319156173372,1.2284333819020403,1300.8818546490077,39
3.16240152477348,-4.034767422362836,59.18258313366967,4.002484746222948,1.184272563370475,1333.7302887631158,39
3.185344292299591,-4.019369654411817,59.26428075080371,3.9965609790634935,1.2089961636675537,1343.384352189781,39
3.1779856055322355,-4.020249753102769,58.91493311415624,3.9960781553365887,1.2093529805649803,1357.6768299854584,39
3.1486712894300477,-4.044035890676679,59.56752490301202,4.0184933982626365,1.166608995764795,1376.0375798357668,39
3.136058497602922,-4.050542706120623,59.49649276176508,4.022190295866806,1.1454118899185293,1367.767433779083,39
3.1313759480079595,-4.0420018947907606,59.75915115245067,4.017473412256171,1.137852604371788,1375.6656529781594,39
3.1228728955679568,-4.020094669648331,59.697699108263,4.000641286808209,1.1389084306076496,1405.2190930443087,39
3.096884067911301,-4.030498560327683,59.74266408655765,3.997470074326453,1.122903655915365,1446.735668767108,39
3.0819679385554184,-4.043707081871311,60.1226961177631,4.015823033604309,1.0963994125380137,1434.782798600023,39
3.0404149859491056,-4.038808923568169,60.25984094438762,4.011387696231369,1.048637049041525,1452.907041229471,39
3.0082642283752894,-4.048831939697266,60.51655021723169,4.0156843227191565,1.0259340949302178,1460.4911423286385,39
2.94044328954098,-4.055929573783039,60.52386574849595,4.0228622882035525,0.9541989599701262,1483.112250335025,39
2.914602963593754,-4.063504264302497,60.76214365715528,4.023624012940121,0.9381090737607354,1516.8536421504334,39
2.8615938538182397,-4.04290307873357,60.717474471043495,4.013962662132987,0.8906215842622912,1516.1761376596714,39
2.732352925043036,-4.045304674301704,61.20247783800112,4.008846307322926,0.7752530204988739,1574.3851763871469,39
2.6084400737372637,-4.027089244257795,60.79055103942425,3.998878367625884,0.6416188308792399,1563.6331617814778,39
2.4493526490065305,-3.963735373350817,61.14474882696669,3.903368840252389,0.4838077652193313,1623.9538146527143,39
3.1070975091335487,-0.1906483621492978,62.85333669620709,0.2302279563715976,-0.0074532072528857,1576.3266886690226,39
3.222945949456988,-0.0031548870972146,62.382947295251554,0.0359210938650325,-0.0041567661942247,1618.1372212876367,39
3.2528242647212786,0.0147811088602252,61.79853656518199,0.0187451471200717,-0.0029154485159547,1608.1879089800975,39
3.2734954357147217,0.0267592836171388,62.04553985595703,-0.0032166708260774,-0.0169013966806232,1584.2183837890625,39
3.840908527374268,-3.902067184448242,45.15527725219727,3.919550657272339,1.9315181970596316,-16.338266372680664,40
3.819359376150019,-4.049665612332961,45.47439230189604,4.055963270804462,1.841388646294089,1.3500337179969335,40
3.8144881269511055,-4.032487097908469,45.908022319569305,4.044831381124609,1.8305226564407349,5.144952058792114,40
3.7892775658298943,-4.040656138868893,45.17063525143792,4.036274934516234,1.8143334266017463,45.54066986196182,40
3.781554734005648,-4.036227661020615,45.891133813297046,4.037316111957326,1.808033897596247,44.22032468459185,40
3.752701704992968,-4.060918124283061,46.08834586423986,4.0684338422382575,1.7685606549767887,72.6281811770271,40
3.751262755954967,-4.027256236356847,46.1037545484655,4.029551632264081,1.7800120834042044,86.4663636824664,40
3.719597204643138,-4.021540515563068,46.27109429415535,4.03858552610173,1.7357679447707008,60.47219478382784,40
3.722738083671121,-4.027554568122415,46.91414552576401,4.04736260806813,1.7405868838815128,79.52279977237477,40
3.721868327435325,-4.034576016313889,47.21455114028033,4.057260814835043,1.7320098079302733,71.45574339698342,40
3.6999587171217976,-4.031823459793539,47.63348966486314,4.04894361075233,1.7059072185965145,88.63656268400302,40
3.6973608591977287,-4.017219382173875,47.44688227597405,4.026141377056346,1.7145616762778335,99.49118232727048,40
3.693061527083902,-4.015647018657012,48.13515539730297,4.028791918474085,1.7012117855689104,100.8261958851534,40
3.67154718672528,-4.027622184332679,48.03771150813383,4.038683439002318,1.671368979355868,108.54727627249324,40
3.672404299764072,-4.021955370903015,47.90076799953685,4.030297223259421,1.6777911186218262,114.39500315049116,40
3.672407132737777,-4.018490167225108,47.97830121657427,4.02019245484296,1.6836095294531654,125.17489220114314,40
3.671624183654785,-4.024181337917552,48.1897715400247,4.024624375736012,1.68074034242069,136.61298235724954,40
3.64028662443161,-4.014080822467804,48.78669500350952,4.016726493835449,1.638647809624672,159.4081859588623,40
3.63749781776877,-4.031053690349355,48.75751394384048,4.016467837726369,1.6435114671202269,182.80355273976048,40
3.616436863646788,-4.019344038823071,48.83785357194788,4.0156111331547,1.619621358373586,193.79294889113484,40
3.618308305740357,-4.024823777815875,48.80276837068445,4.023185112897088,1.6219865118756014,187.0760174919577,40
3.6075114923364975,-4.01133403006722,49.11185491786284,3.995617603554445,1.6161905763780369,217.04990712334128,40
3.6151410937309274,-4.050466411253985,49.76442000445198,4.049792205586153,1.619837669765248,237.76376858879536,40
3.583792891572504,-4.047094835954554,50.28403725343592,4.031808926778681,1.5795336348168991,262.3718459185432,40
3.5869531210731056,-4.034353256225586,49.984788558062384,4.018349928014419,1.5816585596869974,253.54062966739423,40
3.593660156516468,-4.028158903121948,49.95172708174761,4.008856545476353,1.603341216550154,273.32642566456514,40
3.5841090468799366,-4.032060812501347,49.69157493815703,4.006043953054092,1.6019926053636215,285.226873958812,40
3.5834550524459168,-4.027209054021275,49.92385794134701,4.017266852014205,1.5889626960544023,273.8784563401166,40
3.5737532938227936,-4.023798676098094,50.30735655391918,4.02309604252086,1.5770502546254326,293.0047185561236,40
3.575326109633726,-4.0457053675371055,50.39572022942936,4.025345272877637,1.590012574020554,312.10880548813765,40
3.558232679086573,-4.042365747339585,50.88774737189798,4.0108011119505935,1.5572758825386273,326.6954439948587,40
3.5523694876362297,-4.038304409560035,50.97117143518785,4.03092259869856,1.5637805181391098,339.10991040398096,40
3.5475183795480167,-4.0460859747493965,50.87956910974839,4.03865000780891,1.5555666264365702,336.49267398609834,40
3.5337281910812157,-4.033308092285605,51.034384839675006,4.016358883941875,1.549458045293303,373.31990006390737,40
3.523014545440674,-4.035816192626953,51.30826663970947,4.02319061756134,1.5316302478313446,379.9386520385742,40
3.5229791385286,-4.038394240772023,51.16984897501329,4.001147522645838,1.5515908414826671,392.17821659761313,40
3.5218885155285107,-4.030957754920511,51.4734068477855,4.034282740424661,1.53636170836056,378.07898398006654,40
3.525035656550352,-4.053355988334207,51.80475061080035,4.032801098683301,1.5355667603366516,399.8305717917049,40
3.508169510785271,-4.024627482189851,51.455996064578784,4.022663579267614,1.5280641089467442,406.0287897446576,40
3.518661113346324,-4.020055343123043,51.77968016792746,4.016890511793249,1.529337219455663,392.4349645726821,40
3.5071589385761937,-3.998737194958855,51.69904865938074,4.009078783147476,1.5330566308077644,420.1542573816634,40
3.481478792779586,-4.029829109416289,51.64894401325899,4.008571123375612,1.5123484196031796,465.0187238805434,40
3.4932892778340507,-4.02718052443336,51.97935412911808,4.022009253501892,1.5184570901534136,453.2830770155962,40
3.4869989980669582,-4.023882971090429,52.10887577954461,4.026293772108414,1.5048493348500307,446.23165130615234,40
3.478189875097836,-4.016670086804559,52.35772985570571,4.021182649275836,1.497509321745704,466.4608665915096,40
3.471466590376461,-4.021800798528335,52.403178719913264,4.017457597395953,1.4989227223045685,497.0773526360007,40
3.469786798252779,-4.028906198108897,52.86063721600701,4.039555086809046,1.4775298868908602,479.7892007266773,40
3.45768717807882,-4.023083010140588,52.77687381295597,4.024537759668687,1.4774089175112106,512.2319966484519,40
3.446516051011927,-4.011212657479679,52.75105352962719,3.995104915955488,1.4710048647487866,519.6556145163142,40
3.4504331139957203,-4.004390067913953,52.840921373928296,4.002697299508488,1.482067848829662,542.1209802066578,40
3.46501664203756,-4.021187354536617,53.33450182746439,4.022976524689619,1.4873093471807592,525.988426657284,40
3.4458437263965607,-4.027486383914948,53.553812980651855,4.038697600364685,1.465327426791191,571.668815612793,40
3.443705250235165,-4.020831542856553,53.10125979255228,4.016732538447661,1.473504785229178,579.0617352653952,40
3.4395379757179936,-4.019371996907627,53.48654831157011,4.028895591988284,1.4611936211586,566.5312046724207,40
3.437027086229885,-4.015141402973848,53.14899063110352,4.003552128286922,1.4685389820267174,587.7143007166246,40
3.426707090700374,-4.019322861643398,53.17858998915728,4.026061527869281,1.451700045781977,586.5859774421243,40
3.421779786839205,-4.022562363568475,53.61924541697783,4.023224101347082,1.4395144476610071,602.6638686236213,40
3.413292443051058,-4.039914688643288,53.73331796421724,4.044488850761862,1.4261960755376255,639.8192197014304,40
3.4276523379718555,-4.029383112402523,53.77053990083583,4.024869336801417,1.4548380532685448,658.5193319881664,40
3.4178537218009724,-4.016772824175217,53.59471169640036,4.019357078215656,1.444664470413152,663.4240188598633,40
3.4124347111758064,-4.012062900206622,53.86217913908117,4.009932363734526,1.443044736104853,676.5663039263557,40
3.4014075836714577,-4.020544904119828,54.08488711188821,4.010140457574059,1.4293416273944517,675.943905998679,40
3.4140244196443,-4.018608163384831,53.80769443511963,4.022275139303768,1.4429222643375397,661.5259291704965,40
3.399028222350513,-4.025573053780724,54.28227937922758,4.026330765555887,1.423169434947126,723.0058328965131,40
3.3869235936333157,-4.034371011397418,54.17354718376608,4.031135054195628,1.4078041595571182,725.6480246151195,40
3.389694662655101,-4.03972056683372,54.777255310731775,4.051278713871451,1.3950297718538958,688.5715893016142,40
3.3691481457037087,-4.017829986179576,54.23225789911607,4.013384917203118,1.3909403839532066,749.8167266845702,40
3.364083780961878,-4.031714239541222,55.01325035095215,4.029568770352532,1.3745540433070238,761.3446843764362,40
3.3748914003372192,-4.038661956787109,54.50264358520508,4.034355401992798,1.390668272972107,743.9261779785156,40
3.3701907133354863,-4.017076572951148,54.62469106561997,4.0126122586867385,1.3969573247082094,781.6989575554342,40
3.375514083048877,-4.018783001338735,54.95053425957176,4.012161100611968,1.405617421164232,824.0843227610872,40
3.36855639780269,-4.026369434945724,54.47641958909876,4.0187700390815735,1.3931236898197847,796.5309205896713,40
3.3650614654316624,-4.048148660098805,55.47416844087488,4.042053783641141,1.3753761403700888,826.3884313246784,40
3.359602586311453,-4.046772462480209,55.07034686032464,4.036414170966428,1.377232101910255,840.8838330437156,40
3.3678409036468056,-4.042567638789906,55.349740252775305,4.037300278158749,1.3818434301544635,829.2440015007467,40
3.3476738421355976,-4.034858542330125,55.28197406320011,4.020357899806078,1.365036542801296,835.2154608333813,40
3.349618778509252,-4.04429609635297,55.637118732228,4.040949246462653,1.36040640929166,862.004737405216,40
3.348109813297496,-4.037040850695441,55.4135056663962,4.020411344135509,1.3639912272200865,894.2690178366269,40
3.34652377577389,-4.042176225606133,55.30478578455308,4.038212727097904,1.3597337445792028,892.5977065142463,40
3.348418411086588,-4.039248697897967,55.93253606908461,4.043747004340677,1.358177664525369,896.0500483793371,40
3.335919646655812,-4.047003605786492,56.024261474609375,4.047213498283835,1.340375837157754,902.6453929227944,40
3.3357391076929432,-4.019957104149987,55.49015249925501,4.021322155700011,1.353157089913593,900.1746292114256,40
3.335001927964828,-4.021661933730631,55.412719670464014,4.013100631096784,1.3597780921879938,948.4502823773548,40
3.337497863699408,-4.050799951833837,55.82894386964686,4.039736116633696,1.3482919685980852,956.7605119593004,40
3.3381894265904144,-4.039521764306461,55.678336423986096,4.038088658276727,1.3518229302238014,938.6201189826518,40
3.3127158880233765,-4.042402803897858,56.27601480484009,4.018673360347748,1.323037549853325,974.8638534545898,40
3.333598431418924,-4.015525116639979,55.624521143296185,3.999716544852537,1.365207184763516,961.013240141027,40
3.316275531754774,-4.03553514620837,56.5132311372196,4.035607625456417,1.3272091229172314,1029.606752283433,40
3.318616740843829,-4.031083555782542,55.70270493451287,4.004580020904541,1.343863199738895,984.992761948529,40
3.306582943481557,-4.047119715634514,56.43515642951516,4.022957265377045,1.318626740399529,1026.0317661061008,40
3.311763780958512,-4.051122868762297,56.49916435690487,4.026343633146847,1.3277408638421229,1030.5044699276198,40
3.3090415561900417,-4.037734589155982,56.33402633666992,4.024723764728098,1.3226904632414087,1015.9138093836164,40
3.310412659364588,-4.036468043046839,56.96244206148035,4.03744296466603,1.320797457414515,1036.5171042049633,40
3.289652209071552,-4.036119338344125,56.78501126345466,4.015559634741615,1.3081148047657574,1070.7315916173598,40
3.2798064877005184,-4.054414321394527,56.92639928705552,4.024889749639175,1.294865392586764,1089.6086264217602,40
3.296697637614082,-4.037602063487558,56.19469378976261,4.014469371122472,1.3267404857803793,1103.74499242446,40
3.2879738246693333,-4.043888821321375,56.92990628410788,4.036362984601189,1.296160550678478,1082.7656034581803,40
3.2711986250737133,-4.054138471098508,57.13824922898236,4.031334887532627,1.282816641470965,1126.5514086555029,40
3.282494418761309,-4.035459174829371,57.34585851781509,4.021444355740266,1.3119002124842476,1130.212151022519,40
3.2697138926562137,-4.044225601588979,57.32883184096393,4.0349224350031685,1.2859105616807935,1146.361994126264,40
3.243277072906494,-4.051817361046286,57.5270300472484,4.0363554814282585,1.2523282065111048,1166.4565250172336,40
3.2668446758214165,-4.039147128077114,57.27130912331974,4.036816582960241,1.2886885080267405,1174.961170869715,40
3.2705315351486206,-4.033517599105835,57.25541973114014,4.020177125930786,1.3004605770111084,1151.317901611328,40
3.257941254798104,-4.034009330412921,57.45908302419326,4.024267526233897,1.284446474383859,1172.9623996510225,40
3.25749537524055,-4.030733781702378,57.773162168615,4.023799559649299,1.2760635754641363,1170.2540355009191,40
3.260726502713035,-4.0123266823151535,58.23496108896592,4.019730981658487,1.2795652177403951,1192.750962201287,40
3.2510568078826454,-4.032422051710241,58.23680642071892,4.032076190499699,1.2692127788768095,1206.80445951574,40
3.241087803069283,-4.028535569415373,58.204675534192255,4.033690221169415,1.2588697899790369,1219.6746664608224,40
3.233380303663366,-4.042801730773029,58.540331335628736,4.03461065011866,1.2546648137709673,1266.0581952263328,40
3.234630956369288,-4.011219536556917,58.25906473047593,4.025390667073867,1.2522369132322424,1228.5189621869256,40
3.224263170186211,-4.030534646090339,57.9398505266975,4.004382680444157,1.2566558245350332,1242.067933924058,40
3.227172572823132,-4.0198692398912765,58.24408536798813,4.011860409203698,1.2484298786696266,1247.420694687787,40
3.2129428386688232,-4.034995303434484,58.19490073708927,4.013567531810088,1.238875943071702,1272.645766314338,40
3.2141678911798137,-4.02421083169825,58.18095591489006,4.00278642948936,1.2486888748757976,1293.7206770953017,40
3.2211155575864456,-4.032492153784808,58.22801623624914,4.005287612185758,1.2578180765404423,1278.4579719094666,40
3.1953816413879395,-4.052843185032115,58.35748532239129,4.007165474050185,1.2306667943211165,1297.754154878504,40
3.1627333023968864,-4.034883288776173,58.975692749023445,4.001150804407456,1.189017513219048,1333.1587057674633,40
3.1822397147907933,-4.024818269645467,59.358579747817096,3.9988233885344338,1.204365444533965,1342.073103960823,40
3.1786613253986133,-4.017825968125288,58.86584719489603,3.996006979661829,1.2078020537600798,1351.5970279469211,40
3.150733083486557,-4.0460673570632935,59.48430919647217,4.019902884960175,1.1679199635982511,1370.6526489257812,40
3.138915721107932,-4.048014809103573,59.49015628590303,4.021478681003346,1.1484839635736803,1365.218527401195,40
3.1265346425421097,-4.048033577554366,59.787728842567,4.021683191551881,1.1305906430763355,1376.1209627039293,40
3.125424567390891,-4.020171761512756,59.65461568271412,4.001847168978522,1.1407859009854937,1401.4122045180377,40
3.098448641159956,-4.032469342736637,59.73028662625481,3.999165790922501,1.122973448213409,1442.5437280991496,40
3.0824849254944744,-4.043294163311229,60.0862029580509,4.014729079078226,1.098659147234524,1437.6792925666357,40
3.038346334415324,-4.041478462078992,60.28855609893799,4.014374291195589,1.0437053030028065,1446.4077247170844,40
3.0096847239662616,-4.048025166287141,60.48657282660989,4.0149703586802765,1.0277625655426696,1461.4579054888557,40
2.9357619601137497,-4.05581921339035,60.555386795717126,4.023242761107052,0.9494926136206178,1481.9202692368451,40
2.9129666861365826,-4.065209136289709,60.779408174402576,4.025445657617905,0.9352643314529868,1515.6387005974264,40
2.8614013756022736,-4.043142900747411,60.76652498806224,4.01437893334557,0.8891008505049877,1516.1317766974955,40
2.7274394982001366,-4.048269545330721,61.176710184882666,4.011070742326624,0.7703768882681347,1572.7041787540209,40
2.6031681860194498,-4.027756431523491,60.75915218802059,4.000034782816383,0.6356655052479588,1563.671420826631,40
2.4301719104542463,-4.006976127624513,61.05366684408749,3.937728243715624,0.4788222795023647,1624.3634499942552,40
3.0894490866100144,-0.2163921993444851,62.846668383654425,0.2594057935125579,-0.004108079325628,1572.3008404900056,40
3.221906448111815,-0.0045173975693827,62.40097988353056,0.0372064836213691,-0.0046116050387568,1617.1832778033086,40
3.2531392241225525,0.0144441172083402,61.81168671215281,0.0188942153472452,-0.0034585767151678,1606.3319298239317,40
3.2732622623443604,0.0262717641890048,62.06363677978516,-0.0028542326763272,-0.0173176755197346,1582.5946044921875,40
