Voltage_measured,Current_measured,Temperature_measured,Current_load,Voltage_load,Time,cycle_idx
4.105679988861084,-0.1107781454920768,20.63228988647461,0.0905523374676704,1.4939805269241333,455.2706604003906,12
4.2703794224842175,-0.0715645336218782,19.92077022307628,-0.0643782156544762,2.3365395502061457,-124.87717128444363,12
4.205750299466623,-0.5654751261746561,21.87718364999101,0.2982573346109003,3.138751156426765,-119.45591818319784,12
4.114797856356646,-1.0814920852111805,23.891692867150176,0.7800446186919471,3.485331458014411,-73.45207688615129,12
4.05794451687787,-1.3671421336161125,25.344107292793893,1.0611725989225749,3.5227300589149064,-103.61359462222538,12
4.023698000086321,-1.4421543746783927,26.100015727249357,1.1459602906897262,3.4620224378398947,-145.44295316129117,12
3.9965833530232713,-1.4330669287088755,26.01887557313249,1.2016599919344928,3.408357139374759,-121.725016697033,12
4.003814086318016,-1.3316394273896477,25.215731920422733,1.17575589627833,3.422383430439073,-34.45095268455711,12
3.9934507608413696,-1.2130413264841646,24.429522720543115,1.0439613638697445,3.4140574964317114,29.280535929911835,12
3.9937687286654033,-1.1418197730908524,24.46120922952085,0.9320192125600738,3.460784109863075,50.3393558811497,12
3.994825788446375,-1.070578321814537,24.282907447299444,0.8556407480626493,3.5197326315415878,71.08483948578704,12
4.000978063087206,-1.049024793545942,24.396560585176623,0.8469950524536338,3.5548553933968416,109.57669308378884,12
4.003260473947267,-1.0658515337351206,25.040313011891133,0.8808434972086469,3.5598923418972945,143.09537073083823,12
3.9972060085148415,-1.059546846191625,25.916929947363364,0.885593255125993,3.5488274665297688,141.96732911548096,12
3.9976078014116023,-0.99773329133923,26.56007391053277,0.8139994126316663,3.5410135009804287,109.76531425682272,12
3.985618061310536,-1.0358562813820065,27.430850908562945,0.8592319213659376,3.58362564645909,82.81573053308435,12
3.9851464516407735,-1.065028232497138,27.571095853238493,0.9310581700221912,3.603949263289168,97.85678368645743,12
3.997175670958854,-1.0098371772548638,27.406736351348258,0.9351559839135892,3.6145399945813255,110.3130309646194,12
3.987250305510856,-1.001691120097766,27.560825508994025,0.9504362552149876,3.5959846240443154,151.55785042530778,12
3.980079876812729,-0.9805050832596984,27.6804754766258,0.9234812874850388,3.580028636632739,159.68775379335554,12
3.99164344652279,-0.909672690404428,27.61920578415329,0.8516390661935549,3.590990023033039,131.06390365394384,12
3.995223489564818,-0.8835832858206453,27.812468544856923,0.8462960107906444,3.607661508225106,161.8595411970809,12
3.981120007263648,-0.919935340212809,27.725366972588205,0.890641996989379,3.5901292401391105,236.79798353040525,12
3.97267579669888,-0.9372604170159714,27.369962308857893,0.909872753092566,3.5751154354295216,260.9548974939295,12
3.983003622776753,-0.8998871864499272,27.323131200429557,0.9023250462235632,3.584599134084341,261.9141705487225,12
3.969685842862,-0.8906680471389681,27.08644013469284,0.8961544684260279,3.5874091104881183,272.827600427576,12
3.960540482321301,-0.9127116581878147,27.22936601896544,0.8966891439379873,3.5815095329606854,277.85686967179583,12
3.966218296337772,-0.9291194479006368,27.6577729470021,0.9014503749439844,3.571119074483176,272.16166109652136,12
3.9677368660230896,-0.9160466222344218,27.620070135271227,0.8969741093145834,3.553409624744106,272.64556719805745,12
3.966839300216855,-0.9085446586077278,27.1393707797334,0.8483506220619421,3.521339564307316,282.55821186787387,12
3.9704426019578367,-0.8766198661681768,27.256248725427163,0.8384159205330385,3.574814916462512,200.9830528465477,12
3.958359651468896,-0.8924496550415013,27.33051934757748,0.850148660709729,3.56821572176508,248.0386412337018,12
3.945492544689694,-0.927589037933865,27.319561726338154,0.8970991743577493,3.563030436232283,286.75093449773016,12
3.93945045406754,-0.9310843723045812,27.448985019245665,0.9125304166730996,3.5434366955950454,265.14522078230567,12
3.946231040600184,-0.91216625796782,27.54244808892946,0.8871794636990573,3.5193725171926857,239.75173414075687,12
3.9595032132960655,-0.9054279510636588,27.274197230467927,0.8663520345816741,3.5109438835769087,270.86211766423406,12
3.956000099311004,-0.9052647291808515,26.715215451008564,0.8839945680386312,3.5057337847915857,311.4527959050359,12
3.945769101381302,-0.8736818172037601,26.69614052772522,0.8507260233163834,3.4938973635435104,317.2299194335937,12
3.965908123029245,-0.894393134560134,26.69981582100327,0.860053095664527,3.5319598091615214,305.6088648615656,12
3.975849064218032,-0.9040539454970812,27.21491211813849,0.8790702303317752,3.5310369544738047,294.7532062015018,12
3.960139993074778,-0.9272571061108562,27.832283896368903,0.9131771897947464,3.511698912929844,345.99869434253566,12
3.942639110458864,-0.9379966731208402,28.269898172971363,0.9289072467064536,3.5027067121621727,428.7377323459934,12
3.942949811349044,-0.9204043512408796,28.33651071625787,0.91034557046117,3.507802866600655,485.318228231894,12
3.94965328235884,-0.9135431519432649,28.04778092294126,0.8975858942076967,3.5101828957731662,498.3226697767103,12
3.949968563543784,-0.9637369147023636,28.44815180752728,0.950175083972312,3.537332268985542,491.4041987238704,12
3.960053523650041,-0.9355128465874776,28.32236919209764,0.9318800421582686,3.545874758749395,523.9061920062915,12
3.950773941503989,-0.9382419549935572,28.295077575219644,0.934729502209135,3.504232557238759,549.268023104281,12
3.949995752927419,-0.9171992488004064,28.5535617680163,0.9262776904412218,3.488940360175597,525.9644789309115,12
3.955182578112628,-0.8864413435394699,28.749382276792783,0.9060902353879569,3.488576167338603,530.4991067422404,12
3.9641256215604574,-0.8866950039928022,28.66868702785389,0.9005185384806748,3.484536530601012,570.7024950594515,12
3.9758889642921655,-0.9264414884351396,28.4482522397428,0.9277478081954492,3.4732499098455585,583.8996012919657,12
3.962642744586274,-0.9312412102480192,28.29267045936069,0.94888135136382,3.42575548428136,613.3778925715266,12
3.9573319441563375,-0.9468402202064928,28.318507052756644,0.995862518210669,3.450524196431444,581.9499528214737,12
3.9498054550306216,-0.9614891013180886,28.60557475283339,0.9888520401877328,3.4994820775212467,545.1933129800334,12
3.945534618319692,-0.9587506067913932,28.51857231114362,0.97237053030246,3.5116232754410923,550.2314642828863,12
3.949065044119551,-0.9338275818405924,28.212260880985777,0.9487649605080888,3.50049958962041,591.1374352944863,12
3.954256631232597,-0.9041014192877588,27.909863832834603,0.9208460039383656,3.4959253910425545,630.843288112331,12
3.951870712476808,-0.9022753018181068,27.67792915009164,0.9143002558801628,3.49919328012982,643.9554779465134,12
3.94279147080473,-0.9500787864262992,27.52264737438511,0.97051730973495,3.4698784391622284,654.196505159945,12
3.9371232007806367,-0.9528071931689172,28.2305483012586,1.0029466652588264,3.4745786395427345,686.0884861301731,12
3.933650906021531,-0.9609079268333074,28.557703946087813,0.9994544096895166,3.4824204171026074,686.8048755542652,12
3.931096702008634,-0.9756208317908082,28.8723912206856,1.0063502907350257,3.457948760003657,702.8925867853939,12
3.937132514006383,-0.983948066427901,28.82241067370853,1.0092997317378585,3.466739909068958,711.0905588510874,12
3.941737212442063,-0.9827006490448036,28.66492730218011,0.9984408561643716,3.479345986971984,720.9789841110642,12
3.9395562313698433,-0.9788663806142034,28.665148039121885,0.9894079614329984,3.47094920519236,737.5478037241343,12
3.940520348581108,-0.9834201746695752,28.59528635643624,1.008785530522063,3.485427322822648,746.0655810381916,12
3.9248316110791386,-1.002742466088888,28.4317220997166,1.0075956115851532,3.4565294972948126,827.1427703032624,12
3.912153058358141,-1.0088316389435046,28.522728024302303,1.001046338697543,3.4310278336744053,842.7563074472788,12
3.9197723494993673,-0.99313493999275,28.39609697702769,0.9752235404542976,3.440768167779252,870.3553668872729,12
3.926794184623538,-0.973559254327336,28.403939247131348,0.9622339308261872,3.4498077941101952,885.3818055230217,12
3.929908105650464,-0.9556495507021208,28.332312545260866,0.961532203329576,3.457678436427503,886.1321314218882,12
3.9320958015081047,-0.94304017188984,28.018965672802285,0.9469775013826992,3.458233318216092,888.1342417742754,12
3.933749450219644,-0.9401264102072328,27.6576542983184,0.9140317834712364,3.441732332513139,897.2669438542547,12
3.9323499734337264,-0.9422539915587452,27.566597970756323,0.9553797207772732,3.4530292749404907,872.7140613246607,12
3.9382365942001343,-0.9388546347618104,27.499001026153564,0.9494270905852318,3.465638875961304,897.4922714233398,12
3.926755520540315,-0.9164933786803,27.601537546596013,0.9125864057726152,3.469610300418493,850.955024925438,12
3.9161117817904496,-0.9502806470200824,27.774967941077986,0.9077726385077916,3.4462405104894893,843.78028745909,12
3.9029820521135594,-0.9759149569514636,27.95043207825841,0.920456487282708,3.426543621195329,866.2581382957666,12
3.8944906705134623,-0.9649657365438102,28.06012337272232,0.9154608918202892,3.431857192838514,885.3127771326014,12
3.8969992463653154,-0.9557894241769568,28.088201758023853,0.9028769147557176,3.446732812636608,901.4722867398644,12
3.89219129407728,-0.9906533602121717,28.09787214124525,0.9647108042562332,3.42780267870104,954.8963309623103,12
3.902925877554997,-0.9531418963058575,27.672836883648024,0.923166642922002,3.4487824601096078,887.3765948527571,12
3.915587889181601,-0.91663233593509,27.95727975948437,0.8905631414539106,3.4713889916200893,873.7411750587257,12
3.910093799636171,-0.8973429648054613,28.27793229592813,0.8885628377666345,3.4613570075582816,888.9797785990947,12
3.8951817976461873,-0.9167630096545092,28.382010356799977,0.9150801880939587,3.45244703260628,905.7250803354624,12
3.884361455569396,-0.9182816674379076,28.28717457603764,0.9235887229442596,3.44432686631744,921.7408169926824,12
3.887175506031191,-0.8761137740032092,28.15386239902393,0.9016666486859322,3.432059631154344,932.2638452890756,12
3.899542617234024,-0.8728767463282951,28.135922618814416,0.9153523603202516,3.435591682388976,922.9105275128333,12
3.87558062978693,-0.9427637498121,28.25899588095175,0.9793810401413888,3.4282410209243364,981.665110820048,12
3.876124881006576,-0.9579736550112028,28.44582600206942,0.9978652888455906,3.410640527267714,938.5556332356224,12
3.8834242369677567,-0.95398568744595,28.72857897346084,0.9755888277211706,3.410182219904822,942.4897665075353,12
3.885673653837797,-0.9482555747837634,28.70135797358848,0.97398047853966,3.4173144090014533,966.8019883439348,12
3.892273121588939,-0.938369146472699,28.806233573604278,0.9685696323175688,3.42444439192076,981.775859523464,12
3.8997120470614046,-0.9439330486631072,29.219498544125944,0.974211001617683,3.4246159542251275,998.1167280867294,12
3.891349378469828,-0.9857911560181024,29.473482885876216,1.036817147119625,3.414605317083565,1048.7333604967273,12
3.889499974814621,-0.9764716014064646,29.400079253557564,1.0132841023843029,3.40789583124019,1100.809685578217,12
3.9035474802996655,-0.958896578969182,29.247791032533385,0.9958699103948232,3.4249664963902653,1103.6755931957348,12
3.898223984483126,-0.9548604540728234,28.960725439561383,1.000676008998542,3.4218076415158607,1109.6431383699985,12
3.8868861222589337,-0.94127252879175,28.964662964279587,0.9886754412908814,3.405046777145283,1090.8828879691462,12
3.879028917969884,-0.9545976447092518,29.225281257887143,0.99562092246236,3.40368086824546,1071.2087703395534,12
3.873775097163948,-0.9791390557546874,29.275286571399587,1.0046062356716878,3.405377737573675,1087.093542975348,12
3.866473111751917,-0.9744104566807682,28.9542469688364,0.9740496202296502,3.384009795414435,1153.5518918424038,12
3.8615529416380703,-0.9765433918785404,29.26114270493791,0.9500707990011652,3.37259037430222,1239.1668391872097,12
3.860310956030279,-0.9914964046832678,29.81144749151694,0.9699762680039212,3.372830745336172,1255.4180811289195,12
3.86205212812166,-0.98435290359162,29.877439086501663,0.9815916934528868,3.4023783819095508,1213.29257779508,12
3.855284453243823,-0.9908901721843192,30.082223318718576,1.0205428888266157,3.4211701186927588,1193.0600860183304,12
3.8511219725415513,-1.000573307879873,30.29361351760658,1.0583674279419149,3.414500521646964,1197.3979228251687,12
3.84797406760422,-1.008059683683756,30.233922558861813,1.0670346651931069,3.3842571373726877,1229.5873142964126,12
3.8453476380657503,-1.010037702080366,29.93026034896438,1.0375653859731315,3.357130906066379,1272.8320807379646,12
3.8565440278601,-0.9969831151334017,29.778402988975117,0.9879792000393608,3.3723055684083216,1279.0926381703969,12
3.859988865820137,-0.9858032895906552,29.228168996604715,0.9931011816134324,3.376471107875979,1298.1263361750423,12
3.85205739736557,-0.9561483226716518,29.27242648601532,0.979423936456442,3.3741365373134613,1315.1032943725586,12
3.851177879281946,-0.9489529567795832,29.539515005575645,0.9938845247835728,3.3774227451633765,1307.2100533150335,12
3.848939103451935,-0.95912712077434,29.651012633297896,1.0391280240303764,3.368512521321709,1338.6319109942465,12
3.84544402844197,-0.976922206580639,29.6990010480623,1.0720113813877106,3.35629012616905,1387.0211367220495,12
3.839767667892817,-0.9917742166970228,29.952291894603416,1.0792165114670185,3.356178959881937,1396.4038304509347,12
3.8304401603904927,-0.9921941886077058,30.429471802067116,1.094631823333534,3.3674857455330924,1352.8968910011083,12
3.841069169946619,-0.9644274240410008,30.44398790759009,1.103655615368405,3.3623799190327928,1349.7766247311154,12
3.841687317635562,-0.9573141628423252,30.336568149360453,1.0725622922182083,3.3554968970852928,1378.5076656857052,12
3.838723739659464,-0.9652357886771896,30.254899450250573,1.060688745532487,3.3505290750716186,1401.683128975533,12
3.846085032901248,-0.9610204245593096,30.342517852783203,1.0417964587340485,3.366686328037365,1390.5572526261612,12
3.852944983823879,-0.9659906421360132,30.55117792696566,1.0305323502099193,3.3728878514186755,1401.2206983824035,12
3.849191825132112,-0.9887388290182964,30.76768754624032,1.0388424110573693,3.3600279278046377,1435.0115645125106,12
3.838712996727712,-1.0012211356614085,30.94801801604194,1.048713478687647,3.3442246708515526,1439.93410986823,12
3.838384130516568,-0.9575949774400608,31.19037498010172,1.0128515878239193,3.319012095799317,1419.6008993612757,12
3.840308539368011,-0.9534767198602896,30.924114668691484,1.0229634292222358,3.323341449772989,1390.3068748680323,12
3.8526027669777743,-0.9257574242514536,30.561468813870405,0.9826415404677394,3.3598872149312817,1344.8202646616346,12
3.857907468402708,-0.9096174724400043,30.371501816285623,1.0031910674596154,3.375601823668222,1388.2192669430292,12
3.855562603151476,-0.9156209133766792,30.25741195678711,1.024400247109903,3.3612950621424496,1410.2553051097973,12
3.8505259534797154,-0.9293091349505088,30.331572680859956,1.0211711729297768,3.3532194599911973,1384.99750312599,12
3.847605134184296,-0.92897255517341,30.60583603059923,1.008811368732839,3.3727384032429875,1365.639240986592,12
3.846031899387772,-0.911315043330998,30.630474338660367,0.9918093609850148,3.3764034795600013,1382.0288419981262,12
3.8253772774258175,-0.923049029063534,30.32809580983342,0.9938046154943672,3.3636101017127165,1414.0415748389994,12
3.83291396095946,-0.9492037796692264,30.65454362534188,1.0339143168483227,3.3834828883409496,1409.8189932333455,12
3.8376771404936503,-0.9600178271129324,30.43208186690872,1.034952125033817,3.3805836576062283,1440.1742091823264,12
3.825479021346247,-0.9913171841888812,30.266932416606597,1.0586454215887426,3.368206782920941,1465.2370890024545,12
3.812022338042388,-1.0177083563160252,30.30530563560692,1.0818828521548092,3.363938060966698,1471.5120519689613,12
3.8089796711464183,-1.0175790454487543,30.4395855890738,1.0855454790431098,3.373461198967856,1468.9015342093803,12
3.807827852867745,-1.0155854422498394,30.63184407595041,1.102075751971554,3.385243800040838,1471.777561497044,12
3.816581639083656,-1.0216954557879552,30.745965986638456,1.0842069026988903,3.373190468630275,1490.4319342535896,12
3.822768196866319,-0.9724170477003664,30.51155698621595,1.0329809986256264,3.3410338598328666,1508.8448469832138,12
3.8278326472720585,-0.9440522164710468,30.41281685313663,0.9947473846778676,3.3574003907474315,1499.47592039366,12
3.8318583514239335,-0.9520900680406672,30.30573668995419,0.9941665185867128,3.3644013098768286,1494.617216780379,12
3.829434942152049,-0.9755430273913046,30.290815498377825,1.0098413814966742,3.351710738362493,1536.0975958334425,12
3.817357772105449,-0.997415342846432,30.391018893267656,1.02619410527719,3.324280165337228,1606.070734797297,12
3.7998244432178714,-1.0163820244975992,30.54561342741992,1.0410568569157574,3.2925424962430387,1645.4248473708694,12
3.789752377046121,-1.029183310028669,30.88187218356777,1.031006913934205,3.287706951837282,1650.4647130192936,12
3.8017750446860856,-1.0205086528046712,30.366488698366528,0.9996954483559004,3.2934453986786507,1664.6241869539829,12
3.796418964862824,-1.023786187171936,30.597865104675293,0.9877535551786424,3.3040332794189453,1649.0542907714844,12
3.802448140608298,-0.9922630617747434,30.658047028490014,0.965797427739646,3.310171151886115,1594.195246722247,12
3.8134700043781375,-0.9805056132577562,30.489912432593268,0.951915429451981,3.3161493048474595,1576.9260513718064,12
3.816826979050765,-0.9896929170432928,30.397844433784485,0.9618975433546144,3.3196727810679256,1593.4684283282306,12
3.815411603128588,-0.983862192244143,30.52400653426712,0.9735965036057134,3.3161480362350875,1590.2799352697425,12
3.831441071387884,-0.968005278827371,30.534137864370607,0.9333045259118083,3.3108041781831434,1563.2644028534758,12
3.816104658552118,-0.9835963655967972,30.720423769306493,0.9882012158632284,3.3156406162558376,1525.0283124769053,12
3.8053677182745287,-0.9930081683638936,30.74532713761201,0.9670394950017732,3.320756411230242,1559.524462313266,12
3.801705476400015,-1.0115231307777195,30.959257435154264,1.0007415099723909,3.301246452975918,1604.7163168417433,12
3.810014044513573,-1.0225937372526606,31.23443258130872,1.0315689132423012,3.292679027125642,1610.6938610592408,12
3.815700112967878,-1.0212004309570468,31.27090406417847,1.0106138738023278,3.2815208644480323,1627.064206097576,12
3.810049239042643,-1.014958600941542,30.99017855605564,0.971622618368348,3.267236774434914,1676.442405906883,12
3.8041070925222864,-1.0174169153780548,30.7233302142169,1.003801062300398,3.289507782137072,1685.1337065825594,12
3.792050674154952,-1.0442196233449752,30.88675782165012,1.0311043717571204,3.287506405163456,1657.6916322450384,12
3.821728529156865,-0.9870842610662052,30.820152334264808,0.9957509628824288,3.289242912788649,1669.5959715972074,12
3.821545919453776,-0.9852682769902654,31.115602705929728,0.954314984582566,3.293184838182217,1662.745975391285,12
3.8258596997003296,-0.9809036685808286,30.923336145040157,0.9429530759115476,3.2963439886634416,1665.5560030550569,12
3.826309392581115,-0.9902676313712788,30.621961477640514,0.9551384452025632,3.2939806528188087,1666.821909724055,12
3.816536667379173,-0.9993947794711268,30.61738243618527,0.9729865859891916,3.289949534712611,1672.9161282101193,12
3.810749631073024,-0.9654829788046914,30.721000584396155,0.9859895969967584,3.299862517698391,1697.7288121403874,12
3.819608459601531,-0.9522650837898254,30.499982679212412,0.9892205467095246,3.3433834056596496,1674.282036858636,12
3.823568613545315,-0.9613187164068222,30.47585008595441,0.9778322486861332,3.3404349503484934,1699.7513038016657,12
3.8220999571117193,-0.9924297576417797,30.260615464803333,1.0173820889479408,3.3065296105436373,1751.7308898100985,12
3.817284606195785,-1.004140722993258,30.155592763746107,1.0283166099641774,3.307286447769887,1755.2696205345358,12
3.804524415248149,-1.008455813736529,30.44523739170384,1.0314155792867816,3.322887564027632,1733.7371067356416,12
3.796687251812703,-1.0223406194835098,30.68723126359888,1.0440322283554724,3.3358306735754013,1725.3640613040411,12
3.80639612271979,-1.0388449192852591,30.456073612780184,1.0554528026967436,3.345957956604056,1729.0546417236335,12
3.814847661836728,-1.026419249539439,30.43559471014384,1.0517250255152977,3.3480177030370046,1696.0407162228134,12
3.8020878289196944,-1.066992460070429,30.2350248388342,1.0982444350783882,3.3204100196425985,1756.4802938925243,12
3.797793360578048,-1.0477912351489072,30.49954264550595,1.0790514964106923,3.3146249978123485,1797.402257970861,12
3.796879713599746,-1.016637388113383,30.745992093472864,1.0502263090095008,3.3126583510154,1810.7117198222395,12
3.797010073387945,-1.001898168913416,30.75864941687197,1.0403349876806542,3.3266557463117543,1817.360250730772,12
3.790258710448807,-1.0105100741257536,30.58583606256021,1.0497411956658234,3.325738500904393,1838.3776203877212,12
3.7776675397479855,-1.0265082592094268,30.391373708441453,1.0646379487337292,3.301878892892116,1873.012090734533,12
3.77434534478832,-1.025590430240373,30.30054172954044,1.0719279449533772,3.3065117927821905,1893.7252634409317,12
3.771383101070249,-1.0296571870913376,30.42162452195142,1.0549915624228683,3.303066131633681,1880.1498450201912,12
3.768038598266808,-1.0107787686425287,30.47023492246061,1.057138260957357,3.313667361800735,1888.0696493612757,12
3.777095913887024,-1.010366089642048,30.227754831314087,1.0537157133221626,3.2989742308855057,1890.891082763672,12
3.781454095969329,-1.0140433400063902,30.1190442265691,1.054426512605435,3.312674794648145,1895.8044008822053,12
3.780346073008873,-1.0172736612526143,30.223891780183124,1.0508675573242676,3.326505048854931,1915.11883421202,12
3.781920199458664,-1.0205213411434275,30.31792944830817,1.0518213510513308,3.314857560235101,1945.9210765941723,12
3.786948777131132,-1.0278166089508989,30.242306570749022,1.082993576051416,3.293106960283743,1981.3172675467831,12
3.768734265823622,-1.0565397610535494,30.546508718181304,1.131184737827327,3.2634288378663965,2060.7467824575065,12
3.75973125929768,-1.0741716349447097,30.94609922009546,1.1557442572068526,3.2627361247668394,2051.1917901941247,12
3.7574938567909033,-1.0648550503962746,30.749410474622568,1.1093556655419832,3.241311472815436,2041.5885174725504,12
3.761221880848343,-1.0511084013694043,30.69437845977577,1.105022740927902,3.239138036966324,2038.1871577082452,12
3.7633421058590346,-1.025926375711287,30.964924187273585,1.095657539126036,3.259589122759329,2038.95781274744,12
3.757912957990492,-1.000068929147076,31.34314365644712,1.0563072695119968,3.2755582602442925,2048.768187033163,12
3.747486528512594,-0.989455109512484,31.528325918558483,1.026640848533527,3.268942019423923,2076.690998799092,12
3.745325464654613,-0.9743991705614168,31.480355514062424,1.0530108515475245,3.274173008026304,2121.174628180426,12
3.748048983715676,-0.9694010788524472,30.94229647919939,1.0825421206049015,3.258808400985357,2144.759386217272,12
3.748969001947223,-0.9705823103116976,30.49408303724753,1.0338668096307166,3.2249659626065075,2182.6282212540905,12
3.746056482598589,-0.9798110071066264,30.62710182086841,1.037980219802341,3.231670105779493,2158.2384429106846,12
3.7512359723851487,-0.9941983686105624,30.79205356739663,1.063848858145443,3.232043192596049,2153.2362200762773,12
3.754440339030446,-1.012753674307385,30.760476035040774,1.084573530667537,3.219238675123937,2192.051093848976,12
3.7533665375935055,-1.027381705271231,30.622033844123017,1.081702159063236,3.2262434733880534,2219.893564172693,12
3.772874893368901,-1.020623234478203,30.4787558607153,1.0365829379171938,3.2737737894058228,2170.650395573796,12
3.7731988180328058,-1.0041925983654485,30.53998955842611,1.044559325519446,3.275768786668777,2162.265410964553,12
3.762761626694653,-1.0163695920963545,30.818354142678757,1.0263249531791017,3.223279567989143,2204.1383213352515,12
3.765024334192276,-1.0033762643264756,31.15705195955328,1.0088048146383182,3.2296542795123284,2194.2012366217537,12
3.7617922344723262,-0.9932837566813908,31.192261515436943,1.010312985729527,3.234834091083424,2193.2382416596283,12
3.756925448372557,-0.9914542816176608,31.1900252877055,1.015382007368513,3.229381462609445,2216.6065719192097,12
3.754723178373801,-0.9911136176135088,31.24863562068424,1.0155583019997625,3.227081938369854,2246.2010407318944,12
3.7481500888998447,-0.9933508719141412,31.042876504563,1.0258696947146102,3.233120739057257,2263.021979254645,12
3.7382831460720793,-1.0218762046581984,30.75113357079996,1.048557900899165,3.250111143331269,2272.712474926098,12
3.757283228877428,-1.010496921434596,31.170909240439126,1.028882579022163,3.257828023788091,2237.8365692963475,12
3.748679658851109,-1.0119343726216137,31.11867052155572,1.0207601471527203,3.258146098336658,2260.490566769161,12
3.74220477004309,-0.9971112845515886,31.082331744400232,1.025203894723106,3.2526666203866137,2253.7839590536587,12
3.733471226047825,-1.002237241815876,31.029800750113825,1.0463760994576117,3.2418592556102857,2228.7995671452704,12
3.7249500497772887,-1.0296140212464977,30.991926505758958,1.065963993201385,3.2320912262877903,2218.7085901208825,12
3.724986277722024,-1.041306617292198,31.06565845334852,1.0627051579791147,3.230722863126445,2233.9700548326646,12
3.7181188786352,-1.0259542960572887,31.004624846819286,1.0587472720323383,3.2340171619041547,2254.0179859883074,12
3.719435157002629,-1.0230663450988564,30.750228327673835,1.0553297021904506,3.2431146293073088,2290.640785011085,12
3.704495093709714,-1.0260192596831836,30.93752566221598,1.0826245594669033,3.228942175571983,2320.294081816802,12
3.71159628033638,-1.0204927772283554,30.72060465812683,1.0767589807510376,3.2181917130947117,2339.583068847656,12
3.722106983130043,-1.012597965428958,30.56031306369885,1.0567702892664317,3.2204690652119146,2340.677442396009,12
3.726630043339085,-1.0105988206090155,30.617384678608666,1.0285007212613078,3.230271068779198,2325.6221560916383,12
3.7265232366484566,-1.0208617654201149,30.764416614094294,1.0098834833180586,3.231005081453839,2328.6589211128858,12
3.720383781033594,-1.040971140201027,30.986595759520657,1.0494093476115045,3.209230240132358,2400.367306271115,12
3.7270330859197154,-1.008684144833603,30.92553822414295,1.0105392111314306,3.2114847475612485,2393.512477565456,12
3.736396499582239,-1.0274054480565564,31.061301308709226,1.0023892280217763,3.2280008825095927,2392.134874498522,12
3.741657003357604,-1.0012759269290687,31.034136884921303,0.9915616693528926,3.236431135921865,2385.7904056858374,12
3.7379760669695368,-1.0005979258063673,31.02741499204893,1.0107827146311057,3.236481255776173,2407.872815931165,12
3.7369412280417778,-1.0146496396612477,30.92242201276728,1.0165514022716,3.2360745100556194,2431.509727684227,12
3.7359460978894634,-1.013912268587061,30.811120832288584,0.9927454534414653,3.238102722812344,2442.394320101351,12
3.716389881597983,-1.0058687136986773,31.077222353703263,0.9906382674502362,3.236971441555668,2467.673189730257,12
3.711559411641714,-0.9910072291622292,31.263542832555,0.9758426379915832,3.235067200821799,2467.2205282675254,12
3.710114840317417,-1.024866991852586,30.83249298946278,0.9884404841105678,3.232957558454694,2508.027093835779,12
3.70406715934341,-1.0457546896225696,31.10052302077009,1.0010787184173997,3.2395434524561906,2502.342347841005,12
3.6972327643149607,-1.0428961561741057,31.11625967154632,1.030316142818412,3.239127734625662,2487.886849893106,12
3.6921253808446832,-1.0352759848575337,31.163178469683672,1.055897430793659,3.225976817511224,2507.0733007482577,12
3.690231718324326,-1.0232605464957856,31.17942705025544,1.0467985326776634,3.197029326815863,2547.6167474695158,12
3.69364992992298,-0.9911249457178888,30.7286400666108,0.99475473648793,3.1601778365470268,2575.0075551625846,12
3.705954845692661,-0.9554106055482012,30.42665630417901,0.9441420765140572,3.152571588754654,2632.148566168708,12
3.6930912910281,-0.9699615936827016,30.739181454117237,0.9345672112461684,3.1568813920021057,2614.013447529561,12
3.690865679367168,-0.9577599688357598,30.931132497014225,0.923631822640026,3.1662888341658824,2619.028373924461,12
3.69142210966832,-0.9612939994077424,30.776011131905214,0.9126979394538982,3.1834103255658537,2626.765102077175,12
3.684451731475624,-0.9740181924724902,30.55132637152801,0.9221520875958176,3.175404987625173,2654.6444652660475,12
3.681979694076487,-0.9754650427682978,30.397993964117926,0.93749363176726,3.16191662082801,2687.4629095953865,12
3.692500016576535,-0.9586913139634844,30.27826276663188,0.9338508390292932,3.167929360995422,2702.5489369985216,12
3.69083643281782,-0.9492636733763916,30.18468044899605,0.9238640158563042,3.1575666150531245,2711.9803829708626,12
3.688570400750315,-1.0054637279260792,30.30177900920043,0.9517072855016664,3.202633096962361,2658.986116976352,12
3.69222671840642,-0.9760657836859296,30.34911619650351,0.9472855510743888,3.190889844217816,2632.6282571328657,12
3.6908562831782006,-0.9715750695684472,30.332981328706484,0.9354410296356358,3.189612182813722,2635.3017817316827,12
3.679279944381199,-0.980084745867832,30.290071422989303,0.9391130647949268,3.201365005325626,2666.6789022909625,12
3.6744532029371,-0.9853483593544444,30.214128793896855,0.937680781290338,3.2010806456610967,2692.756128259607,12
3.6820876880272015,-0.9836470492788264,30.160674932840703,0.9205222113712416,3.183666299323778,2705.462560705236,12
3.682358605233399,-0.9779463964136872,30.197563058621174,0.917285482726387,3.1807108054289945,2735.641508772567,12
3.6829704400655383,-0.9543442452276076,29.88379818684346,0.9298729091077236,3.196575293669829,2713.798907305744,12
3.701841249659255,-0.9395795287312688,29.434997719687384,0.8897244408726693,3.153902454956158,2731.9916175636085,12
3.696325307762301,-0.9395389083672214,29.51786088943481,0.8825540750010593,3.1620791393357357,2746.76547158731,12
3.6888973116874695,-0.9564353488385676,29.60782492160797,0.8840378746390343,3.176146224141121,2763.2675018310547,12
3.694474706778655,-0.958816843661102,29.61501541653195,0.864524726126645,3.1850928986394726,2776.8666497307854,12
3.701786467755163,-0.9565169045047182,29.628650542852043,0.8546391478865535,3.192576988726049,2783.137191772461,12
3.692346508438523,-0.984974508551327,29.64706670271384,0.8948627072008879,3.196316070653297,2781.9231369430954,12
3.692755214265875,-0.9932170383430818,29.44395360431156,0.8775773849841714,3.180545591422029,2772.7041444520696,12
3.701634948318069,-1.022425514620704,29.343623393290752,0.9187678839709312,3.181968266899521,2822.9554674303213,12
3.688581548832558,-1.0451520512232912,29.71230609352525,0.9418109850706284,3.1802622849071347,2810.7547590925883,12
3.6813427636752256,-1.0262736368018237,29.81981304529551,0.93168962585765,3.174484841726922,2838.335607580236,12
3.675391309164666,-0.9975338143271372,29.648761282096043,0.9097465700595768,3.1627719998359685,2859.7292162920976,12
3.671358762560664,-0.9896125253793352,29.46264849482356,0.9033889565113424,3.159139088682226,2864.008117675781,12
3.674102229041022,-1.0043209956304444,29.42711189308682,0.921062077118738,3.177448391108899,2880.822198816248,12
3.677273308103149,-1.013736665047504,29.380008252891333,0.93635165812196,3.2025493085384373,2904.0015217549094,12
3.6874682915371815,-0.982399886423672,29.52000791639895,0.8965162302593932,3.1797895878553395,2890.136130255622,12
3.680682710699133,-0.9885661908098168,29.63316278199892,0.9046540405299212,3.166163631387659,2890.848810969172,12
3.684606660056759,-0.9999912096237812,29.556372023917536,0.9206704042247822,3.182785092173396,2919.7920400258654,12
3.6830235147798382,-0.9974238673174703,29.630365300822906,0.930646338374228,3.1912730489228225,2933.8621982883765,12
3.679637420016366,-0.999825504885332,29.45187184295139,0.93756748373444,3.192230719166833,2955.102229762721,12
3.683774804746783,-1.0105426710199663,29.0041968500292,0.946493919636752,3.2017433836653426,2987.567488386824,12
3.688922033116624,-0.9941789492763378,29.22052551282419,0.951300339823639,3.2134566733966,2972.391312470307,12
3.6791516091372514,-1.0008683331512116,29.32880937086569,0.9324191230777148,3.198362277971732,2994.4008170462944,12
3.679751885903848,-1.0401711190069045,29.705034639384294,0.9732865638829568,3.2129750364535563,2954.269744460647,12
3.6773163531277633,-1.0402893536799662,29.25795289632436,0.975423977181718,3.1741288707063005,2978.195846970017,12
3.677381703579748,-1.0186106391452452,28.97940331858557,0.9558954200631862,3.161954152825716,3001.35382245038,12
3.677043309082856,-1.001527470108625,29.20750897639507,0.9432574613271532,3.1734101651488125,3016.4898615656675,12
3.6757009166318015,-1.0023052174900031,29.54869429485218,0.9475583351544432,3.185098379850388,3026.722068168021,12
3.678140356733992,-1.0131984973275985,29.43233202599191,0.9497465942357044,3.190929480501124,3028.613099794129,12
3.683924376159101,-1.0124198858802382,29.15459985668594,0.9124818655687408,3.174313073625436,3062.1562297924143,12
3.677213332137546,-1.011679839443516,29.480735604827466,0.9246991143838778,3.185725552810205,3076.042273444098,12
3.6690367661617898,-1.0360187205511169,29.519774137316524,0.9284985055391852,3.184098304526226,3075.3810090760926,12
3.657571702390104,-1.0338078415071643,29.60378528285671,0.9398713562939616,3.1632666910016862,3099.463194151182,12
3.6516101158954,-1.0291842751809068,29.59094182220665,0.9303476049287904,3.1371248328202483,3135.9168779527813,12
3.650956604931805,-1.0375320105939296,29.53904388401959,0.9140919599984142,3.125095304605123,3153.930669836096,12
3.648901696140702,-1.050422075632456,29.625141188905044,0.921965971689772,3.136164318065385,3147.1612284892312,12
3.647596412413829,-1.0602471909007514,29.671592699514854,0.922981564257596,3.156308805620348,3162.9929941538217,12
3.664997587735588,-1.0162747264713856,29.434055080284946,0.9269531399414346,3.161071774121877,3162.357202890757,12
3.664514092174736,-1.010624330188777,29.838824330149468,0.9430904456892528,3.1770402144741365,3132.7571848276502,12
3.668742189938957,-1.0178886347928562,29.819093275714565,0.9451182456435384,3.170075295744716,3141.4975037445893,12
3.6648881435394287,-1.036464512348175,29.787379264831543,0.9510937333106996,3.1652594804763794,3162.418212890625,12
3.6538548405106,-1.0461424081712156,29.798528999895662,0.9550043610302178,3.1624199458070703,3174.4263994371568,12
3.6434583680049792,-1.0411645560651213,29.80693618671314,0.947291113838956,3.1495112680100106,3179.8055090002117,12
3.6356966584115415,-1.048844847727466,30.0588174575084,0.9394504534634384,3.136380102183368,3191.0196809510926,12
3.650013140729956,-1.0226639557529138,29.89679091685527,0.913926774585569,3.170646145537093,3179.656571671769,12
3.648136564203211,-1.0194285149509843,30.14653951090736,0.9134599703389246,3.168775909253069,3173.8444630390886,12
3.6375089803257503,-1.0092628292135288,29.995452449128432,0.9185810463654028,3.150142919372868,3218.355142954234,12
3.641447067663477,-0.9964988273946012,29.748482346534725,0.909656308289315,3.1593618735268314,3208.783853479333,12
3.6435472900803023,-0.9977688499399135,29.6109676361084,0.9096906104603332,3.1620887099085624,3190.8113386824325,12
3.639329936053302,-1.00876895398707,29.55314415210002,0.932068219056001,3.1459777794174246,3208.5052523226354,12
3.647875573989507,-1.0115411917905557,29.458866377134584,0.9554832688457258,3.148286351480999,3231.047929918445,12
3.64236988368872,-1.0467549308731756,29.543450639054583,0.9589711698527272,3.1328262545772496,3281.1747077735704,12
3.6413412126334936,-1.0198986433647768,29.37715487866788,0.9185751064403628,3.121050394870139,3319.8175857131555,12
3.646952677014712,-1.0230664910899627,29.25676627094681,0.9134502965654876,3.1370398019616674,3287.91533062909,12
3.647841687138016,-1.0312760818648985,29.230601877779574,0.9132016846859776,3.142370469666816,3318.266254321951,12
3.6483509794280335,-1.0362201999570873,29.38824701309203,0.8958713532098255,3.151947976366893,3337.523085723053,12
3.652197821720226,-1.03453268392666,29.595148679372425,0.8663127470660863,3.153971472302,3334.756090318833,12
3.65504818228451,-1.0212143972717438,29.640043741947892,0.8441841817788179,3.130777662267556,3364.8335509429103,12
3.6466591938121904,-0.993294462762973,29.633679815240807,0.8353144725834983,3.139420528669614,3370.06809461439,12
3.636338056744756,-1.0366261264158247,29.64124327092557,0.8883727254295655,3.160752634744386,3369.1773124901024,12
3.640005279231716,-1.068123687763471,29.74110761848656,0.9018278142084944,3.157512455373197,3360.1143633868246,12
3.638371501017261,-1.072205214081584,30.020856628546834,0.9153851003864324,3.155824276241096,3341.451714180612,12
3.643432395683752,-1.0592055614735634,30.07500672984768,0.9147831108924508,3.159174985176808,3370.646693874048,12
3.649701679075087,-1.0389748858036227,30.02161791517928,0.9221404755639054,3.159051452939575,3416.8892933613542,12
3.6489963209306873,-1.024556913891354,30.15158771824192,0.9523183928953632,3.147580288551949,3426.853271484375,12
3.651670561046214,-1.0338027481291745,30.317758357202685,0.9636347341175012,3.129745723025219,3422.179327887458,12
3.64006916010702,-1.0343639568702594,30.233251474999093,0.9796556796173788,3.1305156100440668,3410.8518330342063,12
3.630135415373622,-1.03086417973847,30.47069886890617,0.959146770573146,3.1162760148982747,3436.180541167388,12
3.6284726568170496,-1.0165016361185024,30.385569778648584,0.9571904729346972,3.1125856734610893,3442.910994246199,12
3.62885114590864,-1.023919727149847,30.49958776461111,0.971724886648558,3.1101391883315266,3448.930311460753,12
3.630164164949108,-1.0298681863256405,30.500691111023364,0.9762593964869912,3.1033744546207225,3470.4754457216,12
3.630595008263717,-1.0169356008236474,30.1887816738438,0.9575765861852752,3.096462952929574,3491.483123779297,12
3.627035469622225,-1.0058733539001363,29.98784689001135,0.9373400074404638,3.098616277849352,3480.649331582559,12
3.630941498923946,-0.9896217098308576,29.87514250987285,0.9612549187967904,3.107592324952821,3488.2883098705397,12
3.6284087380847416,-0.975537456169322,29.97567999040758,0.9525831593452274,3.124405387285593,3483.637476740657,12
3.628143750332497,-0.9941042297192522,30.03105926835859,0.9659545697473192,3.1119716876261942,3497.141931069864,12
3.628578295578828,-0.9908674520415228,29.66075644621978,0.9818067002940822,3.105872640738616,3517.930312697952,12
3.630902424454689,-0.9733226373791696,29.420125126838684,0.9839768894016744,3.1019831597805023,3528.952774047852,12
3.633636396478962,-0.9611608331670632,29.565291817123825,0.97083440543832,3.0980974395532868,3527.6662812104096,12
3.6355793971467674,-0.960727161249599,29.672685497515907,0.953135045597682,3.0949375999940405,3527.914890186207,12
3.644145057008073,-0.9687545847248388,29.19610709113044,0.9417708161714916,3.064170225246533,3543.970736116976,12
3.632100369076471,-0.9801913994188244,29.58460430519001,0.9490738870525682,3.078458307562648,3558.607211551151,12
3.6317142377028593,-0.9779811809594566,29.55886756407248,0.9320471506263756,3.097658082440093,3570.7440746410475,12
3.635235426393715,-0.9955940406668832,29.631596971202544,0.929854110386726,3.106490777151005,3580.680228568412,12
3.6333702351595902,-1.0247185673262629,29.63098804370777,0.9489763020663652,3.107790590943517,3613.93974675359,12
3.6298151914332366,-1.0256848609125286,29.55380275764981,0.9457992773402374,3.1066939150159425,3650.6691667711416,12
3.6312889931975194,-0.9914494956264625,29.589305349298428,0.902984867627556,3.1018238502579765,3665.687848065351,12
3.6317298416350337,-0.9949685994636376,29.80501285114804,0.9003719820364111,3.087673072073911,3686.024744807063,12
3.620717432047869,-1.0328405684716,29.788005777307458,0.9518000644606524,3.109553833265563,3686.905200855152,12
3.623681974974839,-1.0178107566930148,29.758779777062905,0.9206979449939076,3.1042155397904883,3684.3143892030457,12
3.618411584480389,-1.0154072726900514,29.62922881745003,0.9114065927428168,3.1048496397765906,3689.881829339105,12
3.614563591576912,-1.0278760551198114,29.4725330230352,0.9316910286811566,3.1066297542404486,3705.323755212733,12
3.610562427623852,-1.0359961559643618,29.546821349375943,0.9465723714312996,3.1018744336592188,3721.6823977908566,12
3.607027177069638,-1.0381331574675192,29.834576667966065,0.9440403966283472,3.0987078108497563,3738.172486176361,12
3.613609703811439,-1.053581918413575,29.92978045747087,0.9530685840023536,3.1129577868693588,3762.051320668814,12
3.618587524504275,-1.03903473752576,29.899872373890236,0.939263044478926,3.1019731598931397,3754.3092923550994,12
3.613149262763359,-1.054657820108774,30.056451797485348,0.955673362757708,3.1166184399579016,3757.9224622571783,12
3.61761527931368,-1.0142979604771023,30.096633257092652,0.9170647714589109,3.112829698904141,3762.705841064453,12
3.6223213108810217,-0.9953433599423718,30.185639916239555,0.9194288364536044,3.1048937351317023,3760.333900245461,12
3.621315826435347,-0.9985397174148944,30.21328974092329,0.9377426101347884,3.0953351690157045,3761.33892244906,12
3.613974398857839,-1.0110957775567022,30.011821798376147,0.943902916199452,3.087842934840434,3773.70283137141,12
3.605924661497812,-1.0319948272930608,29.687296635395764,0.9534756974191276,3.0867128380247064,3791.854173814928,12
3.6097007393836975,-1.041261754728653,29.92913583807043,0.9714357089754704,3.0796618775741478,3801.237585119298,12
3.6134927570819855,-1.022942415564447,30.075604116594462,0.9468339497374526,3.0736449872319764,3831.006187645164,12
3.624733148394404,-1.0336286377262422,30.371750805829016,0.95766862582516,3.0768818146473653,3819.006370750634,12
3.625181241212665,-1.0483377459081442,30.42947157009228,0.9635021788244312,3.053319417544314,3845.601053598764,12
3.623367927364401,-1.0430340267516474,30.415982272173903,0.9610566784803932,3.0405827494891917,3877.167699040593,12
3.6246632406034975,-1.0385504707291318,30.39501033280347,0.9642777967493276,3.054007895089484,3889.0524007436393,12
3.625678241252899,-1.0547176599502563,30.35376936680561,0.975591199220838,3.0773669948449003,3883.869805413324,12
3.621413490659482,-1.04772328263199,30.489317227054283,0.9673953515452308,3.094186085704211,3865.073794803104,12
3.6135156146577887,-1.0508193973753903,30.943037310162104,0.968807531369699,3.082299038365081,3878.608962600296,12
3.61121902473875,-1.0447458640949143,30.987941039575112,0.937532620655524,3.0882153164696047,3890.313341707797,12
3.6137224532462455,-1.0456125478486755,30.7616118869266,0.9023309301685644,3.102720885663419,3904.979769320101,12
3.613092745880823,-1.0372614248378855,30.590042268907705,0.8875836992787348,3.104140120583612,3929.858207908837,12
3.610849052667618,-1.0263144969940186,30.65202569961548,0.8946158811450005,3.1100348830223083,3934.6376037597656,12
3.6067326499803647,-1.0175686765562844,30.956329568012343,0.9081340954714532,3.122501725683341,3920.8641662597656,12
3.592683334608336,-0.9997797773496524,31.352620769191432,0.911727357152346,3.1003902103449845,3955.944096745672,12
3.5794464639715247,-1.012175297918352,31.347062600625527,0.907436744486158,3.074129469088606,4046.410850318703,12
3.582203778866175,-1.005083572220158,31.29825072675138,0.8763717223663585,3.082445801109881,4042.637710158889,12
3.5819619765152804,-1.0240246123961505,31.17997553219666,0.8881452964568463,3.0920985614931262,4036.0335738723343,12
3.586966633796692,-1.023583571653108,31.06306228122196,0.8729279492352456,3.0705535508490893,4040.128645613387,12
3.5954484101888298,-1.0042584489124848,30.990779960477678,0.8488319372204508,3.058254435658455,4044.933218466269,12
3.5989264684754447,-1.000584090682301,31.079412621420783,0.8576651408865652,3.0754635938116026,4045.055623647329,12
3.593166135050155,-1.035429222559607,31.37304692010622,0.904222006431303,3.0907819335525097,4047.807151175834,12
3.593736725884515,-1.0520262251029144,31.40005661990191,0.9333750907633752,3.0858243800498344,4055.6448100322,12
3.6066607849018,-1.0618124954603816,31.21996109227876,0.9098653939326062,3.089800380371712,4041.520634419209,12
3.609269813105867,-1.0602173619979136,31.247057592546614,0.9071452951914556,3.087603617358852,4053.916859394796,12
3.6106239553238897,-1.0645632705575714,31.176784009546843,0.9137490282993062,3.0915277044515355,4088.8895065720026,12
3.614112035648243,-1.0501852228834814,31.12986131616541,0.9185616551218806,3.090796341767182,4118.846204603041,12
3.6162028179780856,-1.0377368516213177,31.367097603308164,0.9285625762029264,3.0949048500608742,4114.0134170119845,12
3.61690676534498,-1.0567240102871045,31.748505379702607,0.9450555405504,3.106499814503903,4087.494615709458,12
3.630227384937776,-1.0594518722311863,31.38596304687294,0.9326494104556128,3.076586205814335,4122.102826917494,12
3.628056431138838,-1.071056257228593,31.330904909082363,0.9579847849704116,3.0978094452136267,4115.973352380701,12
3.615439509217804,-1.0720909137178112,31.576286338471068,0.988747731757324,3.08795616513974,4149.831321097708,12
3.6177847449843945,-1.0684803442375082,31.53822217116485,0.9927460321703474,3.0750768402138275,4153.763422785579,12
3.624755854542191,-1.0527463744621026,31.647004610783338,1.0021681222762604,3.0825680337242174,4146.985065357106,12
3.630632158872243,-1.042481725280349,31.6789167249525,1.0165210897858077,3.084000558466525,4155.240564294762,12
3.634374616919337,-1.0476869149385273,31.429032528722608,1.024816779067387,3.0681450318645784,4175.1767611116975,12
3.6327439127741634,-1.045647955021343,31.41956924103401,1.037449881837175,3.0790727935932782,4174.299750250739,12
3.6251639933199495,-1.0467994927957252,31.61513412643123,1.039038635588981,3.060656626885002,4173.148708859006,12
3.6295451521873474,-1.0096361274654808,31.3795505085507,1.0091668665409097,3.0477096180658085,4196.90832849451,12
3.627526127808803,-1.0273085800377093,31.397489012898625,0.9954943438438146,3.0529041918548376,4215.479511982686,12
3.622156272063384,-1.0206091762394522,31.24191338307149,0.9993148327276512,3.0529569210232914,4242.47117655986,12
3.619964992275109,-1.0161515305171138,31.02344166588139,0.9989205462908424,3.052609416278633,4257.057949581662,12
3.618948201875429,-1.0399031542442938,30.989186931300807,0.991032969307255,3.060138753942541,4256.708694045608,12
3.612358348997864,-1.0610005040023778,31.150569532368632,0.9927989770029044,3.071370300408956,4270.968043146906,12
3.615415053593146,-1.0720103411255657,31.282133160410694,0.9805617658673108,3.081244446135856,4297.2380024678,12
3.6043105250274814,-1.0675123549393706,31.199198445758302,0.9904915317893028,3.103959473806458,4313.199210502005,12
3.599231745745685,-1.0804689172151924,31.403159154428018,1.0170626153011575,3.120603401918669,4315.527808936867,12
3.601365953281119,-1.0654932339046457,31.39311955748377,1.030819516729664,3.1116322681710527,4335.703130773596,12
3.5965356214626416,-1.0525504459400434,31.47120245727333,1.032992641265328,3.097784399986267,4343.709485853041,12
3.585941806435585,-1.0552792102098465,31.583271861076355,1.032333917915821,3.091917037963867,4345.527770996094,12
3.5823404209033862,-1.0518187042829152,31.45432861431225,1.02443247389149,3.0869773207484066,4365.793113914696,12
3.5836804710529946,-1.024606825733507,31.51520955240404,0.983772826557224,3.073764788540634,4363.12883614205,12
3.5888521526310897,-1.030976555234677,31.528015072281296,0.97555606792102,3.0770062989479787,4381.395875673036,12
3.599293389030405,-1.0475760698318484,31.5174655398807,0.9844498551777892,3.0756271884248063,4402.48310563371,12
3.605713747643136,-1.0404049303080585,31.41084618181796,0.9780644891229836,3.074708340941249,4398.60145032728,12
3.606397741549724,-1.028017980021399,31.36016307006011,0.9577915039215537,3.059169770495312,4426.916468439876,12
3.605006293670552,-1.0338031850956586,31.46071781983247,0.96285907400621,3.043422809323749,4471.384085990288,12
3.603235365973936,-1.0575821375524677,31.637158973796947,0.998357806556128,3.046706069160152,4489.170740076013,12
3.5972652886364918,-1.067065844664702,31.68842841483451,0.9902529668163604,3.0587280183225065,4493.318227407095,12
3.5999054598647198,-1.040057339579672,31.748730263194524,0.9576076786663076,3.0676145436795985,4499.809325347076,12
3.5934421726175256,-1.0349339806550255,31.97221789488922,0.9310991252596308,3.041404367298693,4496.513064822635,12
3.5802362251120643,-1.032015743489201,31.80523695816864,0.9145426099767552,3.0247239120103213,4526.361957446949,12
3.5695375300742485,-1.0397503810959896,31.61553854555697,0.9190401640292764,3.012321137093209,4540.727149757179,12
3.565978323688378,-1.0448780565245734,31.61406717107102,0.9311724468260196,3.026981792739918,4530.534991290119,12
3.5671154486166463,-1.045597440084895,31.745574281022357,0.9448176795566392,3.0468608583952945,4530.084385227511,12
3.56762129793296,-1.061556609699854,31.813098549842834,0.9673615999117092,3.0155386840169487,4570.064122380437,12
3.572673617182551,-1.0823049722491076,31.78806209564209,0.9623166379090904,3.0380057611980944,4569.952432168497,12
3.558098015752999,-1.0704857177428302,31.590742687921274,0.9645261486639848,3.062873557612702,4591.7224467509495,12
3.553378235649418,-1.0434495263003023,31.203902624748864,0.9389830368596164,3.048774463099403,4605.589939426731,12
3.5552716843179755,-1.0550544463299407,31.16269755041277,0.9357515889647842,3.051238625838949,4597.881486222551,12
3.559804386383778,-1.0839044218127785,31.356733128831188,0.9590841290113078,3.061815766063896,4601.191330368454,12
3.5615850308456936,-1.0931215072805822,31.48317162088446,0.9797072641148762,3.0590297515327878,4625.281386091901,12
3.560322772812199,-1.0689657068735854,31.40879230241518,0.9674005520504882,3.0424496080424337,4648.341607171135,12
3.570903361649126,-1.0323990136384962,31.339060399983385,0.933908014583426,3.0409547400635635,4660.754762391787,12
3.5829593684222245,-1.044315695762634,31.15045310355522,0.9587410897821989,3.062724165014318,4625.437895903717,12
3.587873717014854,-1.0228725657672502,30.750246347607803,0.9728501112879931,3.0812571519935448,4644.903246080553,12
3.578463519747193,-1.023602941954458,30.821003643242083,0.9682728922044912,3.081846657637004,4630.939266720334,12
3.578551002450891,-1.0217664310255568,30.984665345501256,0.951670724495843,3.074536512026916,4630.125732421875,12
3.583942113695918,-1.0233223840997023,30.94453047417306,0.9499047543551468,3.069516383312844,4647.117985905828,12
3.580526860984596,-1.0379956475383527,30.709475098429504,0.970135292793448,3.0657203439119702,4663.939195787584,12
3.57943861146231,-1.0288210301785856,30.458661208281644,0.9691581293135076,3.0510085507019147,4701.638109361804,12
3.5749125154437245,-1.027838143142494,30.537134118982262,0.9628622295284592,3.03364277248447,4682.246581206451,12
3.5784610832059704,-1.0272239366093197,30.3785657109441,0.9473153384956154,3.022921037029576,4684.848857157939,12
3.57891143777886,-1.03597165019931,30.34934924744271,0.9347225383326816,3.0175819489601494,4721.609986176361,12
3.578476715732265,-1.0451372869916864,30.357573747634888,0.9367050864809268,3.023949108413748,4753.719898120777,12
3.57952185740342,-1.056779975625309,30.2742393274565,0.9570715852283144,3.034061498738624,4760.389080150708,12
3.57897025346756,-1.0717619061470032,30.23819255828857,0.9761925041675568,3.0432810187339783,4751.7862548828125,12
3.572100750497869,-1.0802787620876286,30.551716076361167,0.9663275186274504,3.0591450003353327,4754.691272632495,12
3.5754256087380485,-1.0729998209186502,30.687907669995283,0.9782409079976984,3.0758470828468734,4762.052711280617,12
3.5717581180301874,-1.0791637476634337,30.70749633054476,1.0046573566222514,3.069590946307053,4761.145136652766,12
3.5659870843629577,-1.074888709429148,30.669878830780853,1.0062034226752616,3.079519239631859,4763.195959142737,12
3.5563435369246714,-1.081646761781461,30.749364256858826,1.003120070977791,3.0842453402441903,4764.3525382377,12
3.5561383245764557,-1.0899543516539238,30.82589278350005,1.0119375481798845,3.0887695671738804,4759.982705605997,12
3.5647582476203508,-1.1052368043645011,30.960904459695563,1.033723289096678,3.102158125993368,4765.064233728358,12
3.566485767428939,-1.136038765713975,31.274169277500462,1.0534158510130804,3.1102443530752844,4804.792223131335,12
3.5593638951713973,-1.1254126785977463,31.238579311886348,1.0501591289365615,3.05752864318925,4874.335901208826,12
3.5447465374663065,-1.1090916294503854,31.13360631788099,1.0577917324530113,3.061755304400985,4862.108141100084,12
3.542536360991968,-1.0985152377067384,31.040278576515814,1.023424398858804,3.073587220665571,4862.838131466428,12
3.5399481380308,-1.0882142153946126,31.081323030832653,1.0074831988360429,3.084806622685613,4859.990405933277,12
3.541228244030798,-1.0790274445269556,31.128308347753578,0.9863394392100532,3.0799841171986344,4862.352997650972,12
3.543973474889188,-1.07747856587977,31.10934325166651,0.9713412648117212,3.076149494261354,4884.542038376265,12
3.544159192893956,-1.079355203622097,31.010821374687,0.9830318568526089,3.084734054836068,4921.475905134871,12
3.5488657113668083,-1.059389347160185,30.8089012197546,0.9825896278426453,3.0635731800182446,4933.97844634185,12
3.5464109633419967,-1.0548273395444898,31.04493569683384,0.9864733796063304,3.05988858841561,4919.214686213313,12
3.5464960086990045,-1.0853869415618267,30.899622440338145,0.9853458579730344,3.0535333945944503,4962.863893251159,12
3.5387178361415867,-1.0878879389650116,30.84764981592024,0.9857258334554532,3.063145171548869,4988.556544948268,12
3.524948017017262,-1.0790568332414372,30.927661534902207,0.9967412561983672,3.0663184088629647,4993.310744826858,12
3.523160622732059,-1.0804893666425262,31.02663114586392,1.018697965990852,3.064505683006467,4996.52557125607,12
3.5312126488298987,-1.0904027549801647,31.110322353002186,1.0397479284454034,3.063406969244416,5006.6790771484375,12
3.5197879639831746,-1.084845868316857,31.284490926845653,1.0413359572758552,3.052276331427936,5014.75553687843,12
3.52898874153962,-1.0742102732529517,31.38151192020725,1.0193094917245815,3.0280673874391097,5059.174101958402,12
3.5250301554396346,-1.0684765154445497,31.467799454121973,1.0070160077633088,2.992442574855444,5078.134223731788,12
3.517063547630568,-1.0745842795114258,31.611765758411305,0.9943808059434636,2.9870645983799085,5066.922498548353,12
3.515163019702241,-1.0815355874396655,31.567278601027827,0.9870635843961626,3.0061427298429844,5060.5312491752,12
3.519113070256001,-1.0859375499390267,31.557555095569505,0.988927373209515,3.037047515044341,5046.158579233531,12
3.5218570163926564,-1.09622681523497,31.60305590887328,1.0038004928344,3.0592287017686948,5018.565307617188,12
3.5192047744183927,-1.1167380334557715,31.49607181549072,1.0308384577164775,3.0597987440792287,4999.205058329814,12
3.523940131470964,-1.1122971314030723,31.652441823804708,1.0515206675674464,3.068826403569531,4997.956810203757,12
3.5237985430537044,-1.097234017140157,31.08741842733848,1.040807795685691,3.042361099977751,5063.006875527871,12
3.516409897723713,-1.1034245217168652,31.135693624212934,1.0551787945064337,3.0439535935182827,5055.4569586676525,12
3.5191063534569094,-1.10462025693945,31.22065139461208,1.0658647035424773,3.054005064674326,5056.020862476245,12
3.515696252922754,-1.0901796789588156,31.36331252794008,1.0549476287654929,3.049526344279985,5077.837087270375,12
3.507758933144647,-1.075356750874906,31.561608958888694,1.044523761079118,3.0342105208216488,5098.190099767737,12
3.509143278002739,-1.0771065056324003,31.67857778072357,1.0576640367507937,3.0265640020370483,5094.462829589844,12
3.51251571565061,-1.080538639748419,31.6397832019909,1.059939746921127,3.028660973987064,5076.729178763725,12
3.5069468456345634,-1.1020766458398588,31.698641177770256,1.0823629893161155,3.051576894682807,5078.636763289168,12
3.512482691455532,-1.097323715686798,31.44491312954877,1.0778454115261902,3.063809746020549,5079.400433514569,12
3.512642243021243,-1.090290811214898,31.424647144369175,1.0763054822345035,3.0617769408870386,5089.34616336307,12
3.51431758178247,-1.0753435891222307,31.379080630637503,1.0648602279456885,3.04050013422966,5115.3780517578125,12
3.514434936884287,-1.0656969041840452,31.27605586438565,1.060163172314296,3.0343522385165502,5128.806021200644,12
3.509452381649533,-1.0681313082978532,31.25520028294744,1.068508842506924,3.052192665435172,5127.502250052788,12
3.5065167425452053,-1.059755654955232,31.3369876210754,1.0543294563084031,3.0394435496749104,5164.01443893845,12
3.504381803241936,-1.0298478800702735,31.239089108802176,1.0295161890822484,3.0184380436265785,5176.111542572847,12
3.508141803580361,-1.0499153447312282,31.271541814546328,1.0341234170907254,3.0103932010966377,5213.494397962416,12
3.5003945682499857,-1.0633836662447131,31.535059155644603,1.024143777989052,3.024980126200496,5205.181261217272,12
3.5035329022117567,-1.0688475011973768,31.547834557455936,1.0281006208545456,3.040657674944079,5189.132311021959,12
3.510735262084652,-1.0804797209597914,31.378509978990305,1.0356257469267458,3.037714740714512,5205.381613241658,12
3.513404301292187,-1.095257883740438,31.21315038204194,1.039959359209279,3.033173793473758,5237.509289715741,12
3.5141488796955835,-1.0935534593221303,31.072732976965003,1.0548536197559246,3.054818604443525,5244.861526076856,12
3.504315070203833,-1.0885410647134526,30.99923212463792,1.0724343530632348,3.029602283561553,5317.439511685755,12
3.50939063365395,-1.0838987907847843,31.030249080142458,1.0972344935745797,3.027611959624935,5314.210472313133,12
3.5028945932517184,-1.0691777566397518,31.070113765226825,1.1063340557990846,3.0184594360557764,5305.153676625845,12
3.4996337359016008,-1.067279787482442,31.132461444751637,1.1062827561352706,3.041210276049535,5291.970277528506,12
3.4950789692434108,-1.0710466870585005,31.277980772224627,1.0918310107411573,3.0604323329957754,5303.6311365076,12
3.4919582927549206,-1.072382036093119,31.388884576591288,1.076349797683793,3.0510014504999736,5346.180378681903,12
3.4963460677378886,-1.0645705258121372,31.28631490952261,1.0761137864476926,3.0305392121946486,5382.012763770852,12
3.4957480527259213,-1.0308745374550696,31.069393106409013,1.0706182847151886,3.040790035917953,5349.212804845861,12
3.4835498401442093,-1.012080424339385,31.337950113657357,1.0645548842243246,3.006726908522684,5394.331014272328,12
3.47570343275328,-1.012000938525071,31.429348552549207,1.0613185755304388,2.999320027795998,5415.469622637774,12
3.4738517198208214,-1.0136328025444137,31.527415320679943,1.057521845641974,2.9890285883400893,5444.199201429212,12
3.4741837881706856,-1.026639062810588,31.507518149710997,1.0461536275373926,2.9818323335132084,5477.684408651815,12
3.4675347651984243,-1.033416248052507,31.42068696666408,1.0357946864253766,2.9744070824739097,5509.858485866237,12
3.4544741309977867,-1.027773456396283,31.43047152983176,1.036948571736748,2.9666773644653524,5528.752014160156,12
3.452818109779745,-1.0454982815159335,31.565480663969712,1.0428755104139047,2.9740680182302324,5523.271942138671,12
3.4566342057408512,-1.0398943230912492,31.37281175561853,1.0284506759128056,2.9643025333816944,5578.897460937499,12
3.4556395214151694,-1.0520593668963456,31.314478938644,1.0433547601506514,2.9787385258320214,5579.6291347194365,12
3.458559063640801,-1.0442937584342185,31.22607307820707,0.9948574419359908,2.9646701265025786,5564.015785011085,12
3.459802168043884,-1.0373892010869206,31.2956023989497,0.9690089201604998,2.960905209183693,5562.326627989073,12
3.454544777805741,-1.0343738198280334,31.5042788789079,0.9638889355433954,2.962103806637429,5565.461811787373,12
3.4459663677859957,-1.026859405475694,31.73079641445263,0.9610436046244324,2.955231798258988,5559.757892505542,12
3.442686587572098,-1.011936604976654,31.85638999938965,0.9713934436440468,2.947442263364792,5555.4515380859375,12
3.440849436698733,-1.0094328772377323,31.708360955521865,0.9578662447228624,2.939769941004547,5586.039483147699,12
3.4420892290166907,-1.0330299863944183,31.47956778552081,0.9468524206329036,2.9560268956261715,5613.987740181588,12
3.4405627480229817,-1.0131253590052192,31.25992607103812,0.9324109656987962,2.9561653833937,5677.391232052365,12
3.432319784486616,-1.022350394645253,31.18864220541877,0.927855563123484,2.9577962788375647,5714.289686048353,12
3.425946079798647,-1.0376153521843858,31.42488386502137,0.9421569312343728,2.9558018151972743,5719.73196163693,12
3.42965186286617,-1.03631352895015,31.72228958800032,0.9585631558218516,2.956877316977527,5707.67041015625,12
3.4441083701881205,-1.0221045317279325,31.68047196156269,0.9528444543279504,2.9703665709978826,5693.922114191829,12
3.4612871585665523,-0.988434415411305,31.48746686368375,0.940376044729272,2.967815842982885,5699.82123462574,12
3.4566546654379047,-1.0031721644304896,31.404568491755303,0.9725058625477396,2.96991312141354,5720.570747169289,12
3.4418117484530883,-1.0109473176904629,31.54639434814453,0.993587318304423,2.9793253653758285,5724.060810810811,12
3.438852147073359,-1.0375185653164587,31.60071969676662,0.9980462079716697,2.9777256193998696,5730.754010174725,12
3.4492166880014783,-1.0560687506521071,31.578181189459723,1.0046292426618373,2.967574784079113,5731.748051823796,12
3.4597243243778077,-1.0446975170760555,31.451879839639417,1.0043862789265217,2.962779130081872,5734.59817257443,12
3.4585549090359664,-1.016177960344263,31.226547614948178,0.993452108792356,2.9718435712762776,5749.7379216374575,12
3.4497517548702863,-1.0167719677493374,31.107403239688345,1.011266141123062,2.9856796425742065,5764.422495249155,12
3.4387403742687126,-1.0290677281650331,31.44865108180689,1.0384491621642489,3.0048187745584016,5766.2634871199325,12
3.438541008008493,-1.0355502068996427,31.50661416633709,1.0434036242800788,3.006260705155295,5772.816080454233,12
3.4455453382956014,-1.0370539185163137,31.38547508136647,1.0279147608860126,3.0179289676047656,5766.244972022804,12
3.4489544142742417,-1.0400946790704857,31.26012098144841,1.0287715534906126,3.0334964845631567,5770.36318309887,12
3.449861569179071,-1.03519098823135,31.17862881196512,1.0258984062317262,3.0436827975350456,5773.597242200697,12
3.4456826492741306,-1.0230620102705184,31.217737900244217,1.0076698382964009,3.042489246339412,5773.478038890941,12
3.4266776120340507,-1.0205222593771448,31.460887161461084,1.0092375552332071,3.029812975509747,5797.967479808909,12
3.4118295557595597,-1.0050426117471751,31.43483818543924,1.03698497487081,3.0138721365380934,5834.852645461623,12
3.411741226911545,-1.0137196030165696,31.34834476419397,1.052527821547276,2.999051032839595,5852.270720610747,12
3.4081483632326126,-1.0108418744560836,31.22862818434432,1.064327440149075,2.993511315938589,5865.624265103726,12
3.412218209859487,-1.0112153356139724,31.2291032430288,1.0666590284656834,2.980784100455207,5873.640585409628,12
3.4170283723521875,-1.0092376079913734,31.242743147386086,1.067513327743556,2.9713176215017163,5868.456861341322,12
3.415930755235053,-1.0089987919137282,31.26864658175288,1.0720859012893726,2.970402989033106,5857.519074311128,12
3.4118469204451585,-1.0214004490423847,31.44542530420664,1.0715625596207543,2.9700825923197978,5858.962102941565,12
3.4134939973418774,-1.0274864870148737,31.721764964026374,1.043059878252648,2.968395039841936,5871.261369035051,12
3.4203219341265187,-1.0275949420961177,31.69380125161764,1.0404021113708213,2.954315224209348,5876.631771603146,12
3.4181522549809635,-1.0248052413399156,31.4417291525248,1.0382078785348583,2.9692043283501186,5888.635732289907,12
3.4213921141785546,-1.018505842903176,31.4095084763862,1.0263990892751798,2.9611942868780448,5927.699420001056,12
3.4117721222542428,-1.0225918953483168,31.37271138784048,1.0311529829695416,2.955923086888081,5952.786502322635,12
3.398043887035267,-1.032641523995915,31.33954431881776,1.0408625580571793,2.9551033623315197,5962.2109902871625,12
3.39887807981388,-1.034957253449672,31.35135678987245,1.03328618165609,2.9396955797801145,5989.178705988704,12
3.4012710452079773,-1.0298513770103457,31.038495421409607,1.031202994287014,2.914193332195282,6048.397888183594,12
3.393449931531339,-1.0153196309063883,30.986277283848946,1.0323401262631289,2.8996154875368685,6092.641542176943,12
3.38388233651986,-1.0159953061390568,31.160664629291844,1.0435397441725474,2.915931893361581,6095.483981570682,12
3.3807306160797945,-1.0018883687821594,31.22246951025885,1.0612351688984278,2.923827032785158,6101.914105389569,12
3.3747213321763114,-0.9972577971985211,31.282668819298618,1.079235445204619,2.927365203564232,6125.319693900444,12
3.3631825189332702,-0.996732263951688,31.357536367467933,1.0803238540082365,2.918832372974705,6144.665131440034,12
3.352815137521641,-0.9903916629987792,31.41372960000425,1.065983245703014,2.901720461007711,6155.429308092273,12
3.3530879423425004,-0.989642769299649,31.42455791782688,1.06327940483351,2.899953918682562,6186.882612898543,12
3.3570026151231818,-0.9982645881135722,31.13154233468545,1.052626111217447,2.892053161521216,6196.479120202966,12
3.341080776742986,-0.9742437238628796,30.91516137767482,1.060118456950059,2.8803573299098657,6228.544034390837,12
3.3342965088180594,-0.9864829343718456,30.9573521936262,1.068479969292074,2.871377176529652,6234.684693207612,12
3.329187727457768,-0.9918982728913024,31.09019494056702,1.0877124647030965,2.866562578323725,6237.38557557802,12
3.3277588059773318,-0.986498958154305,31.116120828164597,1.0944214553849123,2.862584870409321,6243.523774842958,12
3.330348156593941,-0.9791039107619108,31.011931599797435,1.0884880326889654,2.8479587902893906,6266.0560005806565,12
3.3294437636394765,-0.966432042419912,30.87244061521583,1.0916828867551451,2.815768554001242,6313.4625186404655,12
3.3143015544156778,-0.926810039459048,30.5800244679322,1.0719087268855128,2.792925427088867,6337.232720452385,12
3.301595846140708,-0.9314103253387116,30.898715299528988,1.056955096689431,2.782981721936046,6357.135916220174,12
3.296242704262605,-0.923590150636596,30.940793849326468,1.0536497170860704,2.775827121090245,6361.2251504434125,12
3.2942946086058744,-0.9107828809804212,30.803610656712515,1.0796586518754818,2.7434899323695427,6359.490665745091,12
3.2897492324983757,-0.8905803361857267,30.738637002738745,1.0824778623677598,2.723212727823773,6378.112578520902,12
3.283899429279405,-0.8765805510653031,30.77933902676041,1.070581244455801,2.7102855878907293,6413.286818220808,12
3.279851526827426,-0.8760103535007792,30.856483356372724,1.0888362156378246,2.6749339168136195,6440.945893158783,12
3.271054877219974,-0.8574238650098038,31.082763468897024,1.118889534795607,2.6351656325765567,6456.07845904376,12
3.248899376875646,-0.8657353417696177,30.98692951331268,1.097460292481088,2.5973849860397555,6488.681464117925,12
3.2352413680102377,-0.8453984419639051,30.93157695435189,1.0872113346248062,2.566450010280352,6548.534213504275,12
3.220756832006816,-0.8073936813586476,30.880318718987542,1.0570874455812822,2.52221098783854,6573.7275390625,12
3.21510880541157,-0.8060901920134951,30.88034289592021,1.0469281856675403,2.503270951074523,6589.130754625475,12
3.2122387821609912,-0.8135741125490218,30.786312889408425,1.0509879987787556,2.4954205904458022,6617.203735351562,12
3.202568783550649,-0.7990369963887575,30.53239475392007,1.0433460737805111,2.4679546231353613,6657.26075620909,12
3.18984317779541,-0.8021626134176509,30.32282014795252,1.0272536567739534,2.434621311522818,6693.366567250844,12
3.186416655778885,-0.8173379900084957,30.12992074682906,1.050286676029901,2.482196460301811,6742.104803961676,12
3.172252257933488,-0.8017082033125131,30.480124827977768,1.041050578694086,2.458821301524704,6768.838642842061,12
3.158176511928842,-0.8058710400317165,30.393735421670453,1.0587860774752254,2.4497534080937102,6788.71138371648,12
3.1376021456074072,-0.8209158379483866,30.505318654550088,1.070595313568373,2.4459718981304683,6806.019435573268,12
3.1091728508472443,-0.8158802533069174,30.615725994110107,1.0609808751457448,2.4311482632482377,6812.491759429106,12
3.0815243092743128,-0.7880853394398819,30.51148874050862,1.0430784012014802,2.397089319454657,6820.10627870302,12
3.0644971599449984,-0.7677557021379471,30.43942760776829,1.03882281119759,2.351377310382353,6852.82081562764,12
3.0443809032440186,-0.7555801272392273,30.6518497467041,1.0292750597000122,2.3202428817749023,6876.8017578125,12
4.147500514984131,0.0205872729420661,19.991601943969727,0.0304729994386434,1.5191859006881714,293.7398986816406,18
4.2554234860191205,-0.0985634459656626,19.06905940271193,0.0776447585740504,2.6296952947920795,-169.17610775527135,18
4.178130804424217,-0.6738094194228077,20.87378706299703,0.396076176088557,3.375317680365723,-140.6466798406348,18
4.085976193028111,-1.1860476024048303,23.35903014931628,0.8827503599146362,3.5707312860796527,-66.69702993413452,18
4.034491123691682,-1.4652553736949907,25.13978962231708,1.2342267258620176,3.5068855772736254,-51.83924119190503,18
4.022449478880906,-1.5092686782173783,25.89888424343533,1.3283589939490017,3.436944620583647,-58.00864503375092,18
4.034155876405777,-1.3693587536452918,25.90842925861317,1.229716089464003,3.408107765259281,-48.13946328111873,18
4.051002737441798,-1.215567456565023,25.872433932451365,1.0929764361791712,3.432115645818813,-59.37329071482452,18
4.0510117999114446,-1.157831540671728,26.21881839109578,1.0190703900911475,3.490077798939093,-95.83367758583424,18
4.028382378239786,-1.1330998193833135,26.75620506655785,0.9810312967146596,3.496178215549838,-83.13468219387914,18
4.010800983743429,-1.1147099075351563,27.30314100942304,0.918273639294409,3.4630623684134534,-22.84264400441155,18
4.004465335586165,-1.0627567554460204,27.512415356106228,0.8888211158441386,3.504454970787076,15.084649639744914,18
4.0048129276562765,-1.0781132508349676,27.387118021647137,0.9361296629392972,3.50956448688302,31.400502635586665,18
4.022064614894142,-1.048792849732129,27.693580907732784,0.8527153219800696,3.512722982727926,34.34800879844201,18
4.027236343711935,-1.0568309795899202,28.07726313820022,0.9149039285157315,3.5282062193826107,-4.311234586982351,18
4.038330916435488,-1.0179120859792157,28.695839164077597,0.9632716438462656,3.5285065943194973,-25.46400128641436,18
4.040816264340527,-1.0315070062555294,29.00864616175279,0.9868648137670264,3.5135779252616306,53.66094678789919,18
4.03783379746167,-1.0195005375851869,28.844074820104893,0.9538412614321622,3.505207263013368,102.7360799098955,18
4.023424779215167,-0.9926469076064324,29.01227243484989,0.9304329387603268,3.506991747886904,123.1023175639491,18
4.015028877497574,-0.966945184708496,29.433083397513226,0.9242994385808172,3.5174133230708406,138.6822779939166,18
4.01823929475627,-0.9575403151119056,29.620767408801665,0.9275011879568889,3.524361883013052,142.45416664479032,18
4.010213005927302,-0.9755100268189626,29.84559984104608,0.9473001203870262,3.5179543174723142,155.6233589418473,18
4.012429811621225,-0.9058205829299052,29.845721179866448,0.8575871614572396,3.532371798723829,153.4679654029108,18
3.9962620367713297,-0.95686992906755,29.799440206165382,0.9096933149308714,3.545157283437722,199.3284523803273,18
4.0169450749633135,-0.908864232801622,29.599883930657494,0.8924360345768672,3.5450959308173067,157.9690902874033,18
3.995593657630319,-0.9562640603511564,29.7337769949308,0.8824334188387812,3.4949425112816592,277.2428848102532,18
3.9948709523806007,-0.962141999848,29.387405156234685,0.8627130754532353,3.491512754912017,225.3032873010123,18
3.983077999084226,-1.0270924837358535,29.290446281433105,0.885627253401664,3.497068747397392,243.3359778619582,18
3.983093889810706,-1.0338649121663903,29.378824090444915,0.9104882079213324,3.485953895849139,255.25726854331177,18
3.980986432362628,-1.0169284350128585,29.345392565573416,0.9452675263727864,3.534254541961096,240.75478513437355,18
3.9797656254101823,-0.983189329024284,29.051567754437848,0.9415548821931244,3.564235077109388,258.66019333049815,18
3.979277941915724,-0.963183257314894,29.071372032165527,0.9182548854086134,3.532702737384372,311.1771070692275,18
3.980362603314034,-0.965596632931822,29.41506730356524,0.9036384124482404,3.5213028675339126,326.0507277622017,18
3.994488867380286,-0.9486589185012286,29.186169306437176,0.8724694883310669,3.547534087652801,295.9338520009032,18
3.994371901276291,-1.0073807303623483,29.063596684445617,0.9296646406573632,3.5330509942919552,329.49697613459773,18
3.996571022977111,-0.9662070246580252,29.15297220428357,0.8859278794685145,3.537380095451109,359.5564956938494,18
3.9998303536445854,-0.9082580554869868,28.86916240569084,0.8297133772603926,3.514628971776655,341.0508196430821,18
3.984547797924301,-0.9168321375992136,28.859938683048373,0.8570143548391199,3.541464081374548,338.8086984285744,18
3.998758722804353,-0.88895786278564,28.360014570229367,0.8267691960044231,3.545685440835987,308.78504588356145,18
3.98447540626731,-0.963453885368122,28.935573536862613,0.9207082073534694,3.549164436196768,316.88746790732114,18
3.971910993685432,-1.0016135201659255,29.163147724657502,0.9833509056798876,3.529911329242064,323.5403841627114,18
3.968818228731873,-1.0244187546032733,29.21997394698495,1.0186997743917623,3.4980803911831213,366.4153756309158,18
3.972370739906065,-1.0310091446804743,29.537551244099934,1.0245116731171968,3.4639439249551427,401.3936692104545,18
3.9723942301179354,-1.0026600171801865,29.677883404557424,0.975008474028666,3.446452096798941,405.79198310879394,18
3.958433737464276,-0.988892940423822,29.49773658561023,0.9266385143375738,3.4536295090952227,417.1826901452943,18
3.94246446317242,-1.021307110786438,29.641939378553825,0.9581275851495804,3.455940273500258,432.8403979885963,18
3.9454912891524665,-1.015612392442628,29.705415978653885,1.0084530448400848,3.439872332371264,466.8973356951096,18
3.933250239673054,-1.033384341492875,30.010492926430103,1.0566013970255423,3.39813937209413,511.4359131406286,18
3.9273186857982343,-0.996594166242948,29.63272148050288,1.0521305158574097,3.4322023032813944,536.2752127698674,18
3.9230655226656186,-0.9946414191663052,29.626914383262715,1.0181433876782762,3.431377762534712,545.8518420803932,18
3.945381308969204,-0.9561189605343724,29.236425666398898,0.9965909352012003,3.4455255291367943,549.5451797977571,18
3.943127320658776,-0.9284260670344036,29.221853892008465,0.9558537307605948,3.4620698344322944,534.6322684339298,18
3.9451760869726913,-0.8768743823506072,28.96469426582364,0.9069181125223852,3.473225501275832,542.1699037175879,18
3.945058336394662,-0.8840686052930825,28.66290098962818,0.9205678623423356,3.491912849060524,568.1552484984039,18
3.934970240439138,-0.9367464742352888,28.64600723020492,0.968974273050985,3.4967813722548944,607.3778410880797,18
3.925037994179674,-0.9621511756519264,28.828466603405587,0.9948256987824662,3.4771873818503485,634.6356181483114,18
3.92382293191862,-0.9528924104987934,28.91482108468223,1.0042660402995285,3.449445833869305,646.8658475704947,18
3.925746065314098,-0.94667614948365,28.910443962261244,1.0160640708861812,3.4311071826565653,692.428220687374,18
3.921073614482811,-0.9790168863898112,29.38333917433216,1.021222603791076,3.467355194912162,715.6987521263861,18
3.918648515978167,-1.0280728120103104,29.68706443403784,1.0098138326598751,3.436930027486603,728.2516109781028,18
3.9067816965041615,-1.029878129241287,29.440169262629684,0.9990832920997372,3.435019144447901,756.0306941206737,18
3.9269558315208735,-0.981037619293377,29.06004054230174,0.978545253422098,3.4453734014196638,759.2124784736224,18
3.919751485188802,-0.9677174952295092,29.530353334214954,0.9901943074332344,3.448568926917182,726.5302395290798,18
3.919096800588792,-0.9727067399409508,29.562729681691817,0.9775844591279184,3.4604879386963385,710.2021228421119,18
3.916349390501617,-0.9964601040741022,29.32555707295736,0.9913415094857576,3.4299082371496383,738.1447852350052,18
3.914225654362778,-0.9912899635385012,29.388635901994604,1.0152079289959324,3.427609900847131,750.3886572178119,18
3.9087609988386913,-0.9840043058959388,29.446758721464423,1.0299365148749404,3.448049114596459,740.0147147229923,18
3.903377736341141,-1.0060634223150098,29.503281316449566,1.044765230361706,3.442511470087113,750.5384547736057,18
3.910522021700405,-1.017086747726659,29.902334794348715,1.050429335631777,3.4256186134926305,762.3709653355312,18
3.920376700739707,-0.9944801420293828,29.97466294483472,1.019956213171764,3.422500265541897,730.185086814306,18
3.919974688560732,-0.979447863862506,29.621285537665035,0.9942653824351596,3.4427984948653902,765.4257740307879,18
3.919421689057436,-0.9879958253607528,29.29840824851853,1.0466662181748283,3.466181156883103,767.5638992145498,18
3.916598158497964,-0.9720341005632954,29.48393507926695,1.0156633853912354,3.4438470563580914,800.3347817697834,18
3.921749334181509,-0.9833094792767664,29.627258659690938,1.0024752219518025,3.450871800436341,818.3291459715922,18
3.927142088558512,-0.9658524564944714,29.882172348678758,0.9830981907451452,3.448030071019272,817.8067799776686,18
3.919727701012806,-0.9600424753722324,29.82144796720115,0.987055055877214,3.4564790341161915,828.6126754924816,18
3.912467483123998,-0.9371136785835348,29.6211307347889,0.98813699265962,3.4556531162672144,827.7200623652413,18
3.908955764172325,-0.9352886250583076,29.58591485108953,0.9793857380908022,3.444267131094437,852.7756231711332,18
3.910312255223592,-0.9446133214940308,29.6875237085486,0.970316263937181,3.4366919943081435,886.5846596994709,18
3.916554836816685,-0.9350316332232568,29.82412469173418,0.9527702431952224,3.4383581393935776,910.7371044090576,18
3.9172885417938232,-0.9264420636238592,29.899562651111232,0.9104815849693868,3.438840538797413,936.1433109844028,18
3.904717633801122,-0.9306904596667136,29.73253856166717,0.8752332887341905,3.433009770608717,921.4378140357232,18
3.904392100576859,-0.9405472092731024,29.8118289277545,0.9233099183728616,3.4447479923138906,923.9946186243426,18
3.905585654320255,-0.9364402180931474,29.698178701503306,0.914301962514932,3.411805240056848,983.0368095589364,18
3.909156114824357,-0.9377609369575336,29.004753481957223,0.886624889348143,3.407355100877824,1064.5154090799308,18
3.92452781602046,-0.9216395519326664,29.38247556583856,0.8977410058394127,3.4318857436539023,1023.1194079546092,18
3.914327893205869,-0.9368656264838352,29.04216430691408,0.909412110578202,3.4351127523675187,997.9124677104336,18
3.9000739153995303,-0.9536434645934772,29.02615361572594,0.9302991926670074,3.4314142286136584,1023.7930593182964,18
3.8846197094114014,-0.961161466055019,29.3654661417862,0.9178098160306184,3.434676659149936,1052.5840066889282,18
3.877304198494094,-0.9642666454383548,29.47640833632493,0.94697980523964,3.421887892548756,1086.7925668805303,18
3.88611017504046,-0.959925163176752,29.429558477094098,0.959416639420294,3.404736065095471,1094.9254268523184,18
3.899821351505949,-0.9412899777880706,29.64060417298348,0.9223335271026928,3.4192525605574304,1071.717513545867,18
3.8999354668415576,-0.9343387465323172,29.90344079677349,0.9366286913981148,3.449791360499611,1084.488190244176,18
3.890341877937317,-0.969721734523773,29.752487500508625,0.9488906959692638,3.438672025998433,1132.5755411783855,18
3.8883972646515,-0.9412540274281656,29.804515708731923,0.9718869264407826,3.4065924425706213,1159.5914030997983,18
3.8813024126927913,-0.9616682385244678,30.12449778963588,0.9935795536605262,3.4071467995216342,1177.9586851058468,18
3.885435127442883,-0.9931097030639652,30.171165630381594,1.0203959403499483,3.393865649418164,1139.7447627898182,18
3.879247034322404,-1.0050479966252508,30.565152869002368,1.0354407013103528,3.3991486154576784,1167.847835636481,18
3.882529139091465,-0.9732283080350536,30.54818793949688,1.014833706681446,3.412975908607565,1135.0564682389668,18
3.878742702545658,-0.9656239690319184,30.60351276397705,1.0357696548584974,3.405319633022432,1116.4047280588456,18
3.872239564054756,-0.9731547541943076,30.61209939115791,1.0479209940066048,3.3980009589998525,1089.5060934524806,18
3.875535974365836,-0.95452491538499,30.248776637525115,1.009933873743994,3.397649093340802,1070.7899585573475,18
3.872754291821552,-0.9290509320074511,30.083351709509408,0.9869976338519844,3.3981999299859487,1073.555486863659,18
3.8596426616005575,-0.931751718764664,30.462381875643167,1.0036900128942237,3.3907645637416497,1095.0167365398886,18
3.859158523621098,-0.9500332692618012,30.773166512930263,1.0048891737469636,3.3734992328083218,1135.9192730209734,18
3.8601352143031296,-0.96669868628184,31.070549616249657,1.0321761113341137,3.3670413327473465,1158.418954500588,18
3.8695462587486458,-0.9506566231823308,31.554918049911443,1.0248625791201027,3.361755201038921,1154.687810207353,18
3.851631948597542,-0.9618213809091986,31.69295052900964,1.050874343482397,3.3498774647285434,1201.3333105818774,18
3.852657518079204,-0.9622369370152872,31.09603186576597,1.0264221852825532,3.345908303414621,1228.3815012285786,18
3.8715650039761726,-0.9322684780030266,31.3643723012726,0.9905123893291718,3.3560050845573453,1195.6549980136226,18
3.8675257501636353,-0.9426492600030798,31.786249044548228,0.985499808010662,3.3506952152457288,1205.5835827242945,18
3.8534764397528862,-0.9277599969858764,31.934889342195245,0.9652751793143568,3.348946270122323,1252.2072491389451,18
3.844703364970436,-0.9226750635331676,31.71987792667949,0.9502530080870488,3.3469084129538587,1256.242730909778,18
3.8524070619254975,-0.9295132824596966,31.538206291882368,0.9558051362046204,3.3688883738705764,1245.972888139841,18
3.8588671838083575,-0.9371157230869416,31.697219889651063,0.9539631611557416,3.400331069064397,1228.3005594233027,18
3.856495861511504,-0.9416940999501068,31.882297317614263,0.9426449456095268,3.408092526979344,1217.9514308915775,18
3.864172697921808,-0.9404694762708468,31.584953909706464,0.9571237724314456,3.401594940479511,1272.2140540119572,18
3.862794203142966,-0.9562963804891028,31.023320628750703,0.9577846930873002,3.383972548669384,1297.7134281281503,18
3.871034664919727,-0.9220579911731052,30.68039143470026,0.8966132690829616,3.3717903432880254,1305.8986304498485,18
3.87367260926086,-0.9488951229493676,31.04135968608241,0.8979126455322388,3.386935925398249,1271.509275374874,18
3.8719042603687575,-0.9220712505361086,31.005928367696782,0.9030883812135264,3.4004847900841826,1256.64211609543,18
3.8737136040109887,-0.9367822919267909,30.89872411502305,0.8938434589720968,3.364526764466344,1277.211712143327,18
3.862366656675988,-0.9294574991349251,30.94187251812241,0.9022603334064552,3.3563673863701498,1262.6578762915826,18
3.851567094044019,-0.9434669242110304,30.95195591834284,0.9233979082876635,3.352195530809382,1280.2573924731182,18
3.8449399206373434,-0.9754492243131002,31.16161092122396,0.9358566800753276,3.33692479133606,1329.2333441840278,18
3.839009052963667,-1.0015716686257323,31.431470013006614,0.95123044190441,3.335114347037449,1387.7299986261623,18
3.838506567862726,-1.0100244975859118,31.614202376334894,0.9625536472566666,3.3408958373531217,1424.4880567981352,18
3.8425970154423865,-1.0056575925546736,31.61701770495343,0.9721749215570404,3.3300798900665773,1436.4261551176776,18
3.8417744756172207,-1.0025859678090687,31.37755757677085,1.008774428811979,3.3170305665675883,1442.560147849462,18
3.848883516045027,-1.008062626725884,31.525140085527976,1.0183030456625006,3.314480771300613,1395.2314827211442,18
3.847379385356835,-1.0048604404627208,31.753875192348247,1.0276247168954555,3.3319356381679524,1381.3080700289818,18
3.860349023641224,-0.9977666256034672,31.678990934912022,1.0222465374563756,3.3554795424998023,1368.40187515751,18
3.8564496758163616,-0.9902840641237074,31.38382456379552,0.9832672906178296,3.3500147609300512,1391.260680496052,18
3.851604361687937,-1.0212770466522507,31.13960786361421,0.9829581700345522,3.351205745050984,1410.9082665665603,18
3.850296720381706,-1.0077090880776816,31.2660384913072,0.9711551978169376,3.338385557188355,1407.2005540854614,18
3.846932049720518,-1.0267959592803837,31.338392534563617,1.0178344365089178,3.3381607840138097,1418.3132934570317,18
3.8300407291740495,-1.0677924570644206,31.05547734058885,1.038676569966005,3.312775074367454,1467.9086192141306,18
3.822620312800117,-1.0686572377827,31.051512906201005,1.023698241479935,3.2869670032173075,1500.6050600988465,18
3.827566498069353,-1.0391238081839778,31.41329851458149,1.004761565116144,3.296985105801654,1512.4546462848623,18
3.8267666913275225,-1.0238916643204228,31.59673623457605,0.982899465014003,3.3286849452603247,1516.0584108632952,18
3.829633608513836,-1.0055608834844336,31.747527324170623,0.973152658418088,3.353407898256856,1478.043928248908,18
3.8332025017789615,-0.9781924335546393,31.952722457147413,0.97075349060438,3.3439679056085567,1516.264122091314,18
3.8368640321984513,-0.9847604457195516,31.654876408183878,0.9766629293400756,3.3353101882456024,1548.6241787599406,18
3.821575002858288,-0.9902936988193076,31.469197615073146,1.0090964135303293,3.3412404321000566,1551.440464033448,18
3.81637696296938,-0.991819731650814,31.631387279879664,1.0098990740314606,3.3381877330041703,1546.863304876512,18
3.811781852048785,-1.0113337007902004,31.69066086977613,1.0149793400559377,3.332676233356572,1585.2312711763554,18
3.816061446316353,-1.01786221569157,31.692075811406617,1.0331135257597894,3.3363306548005798,1601.3128263958895,18
3.812490910612127,-1.026699807054253,31.86698384438792,1.060197977609532,3.319104174131988,1625.016319356939,18
3.808705831514037,-1.0375890855720822,31.65227115453357,1.0764313466232738,3.2968435919840275,1648.4649303805445,18
3.799467211128563,-1.034510429401124,31.304108130889126,1.0770871978934091,3.303164267625433,1651.9219793504285,18
3.790703635061941,-1.0098021927700245,31.245948647940036,1.0491956433942236,3.326867518886443,1631.1686762327786,18
3.793720112052015,-0.9960508540967036,31.22869859374125,1.0154349000650498,3.3336629619735114,1614.8122604534192,18
3.792195513256989,-1.022967738917224,31.15000866305444,1.037179485871373,3.327422588956826,1641.4538285450271,18
3.7974805331999257,-1.0094481014436292,31.410602938744333,1.0333724829458422,3.319738595716415,1669.672794465096,18
3.801826782124017,-1.0156304968727965,31.56575460673233,1.0312958725037118,3.31022745819502,1694.2683704882115,18
3.786889274915059,-1.0378614332940843,31.523013008965385,1.073212921619416,3.3118361632029214,1709.8374769422744,18
3.789595768015872,-1.0472778581803843,31.31001121767105,1.074067420856927,3.281468065836096,1738.205222509241,18
3.8008830325150575,-1.0562130167920103,31.3431113971177,1.0521179999501895,3.267077471620293,1738.6465878503725,18
3.8045510664635662,-1.024101630761204,31.40799669381965,1.0371873101025926,3.2909193457668406,1722.0831364457322,18
3.7998458108594337,-1.0024847859336483,31.36271686964137,1.0282925418628155,3.2914465012088896,1728.8757416099634,18
3.792852859770525,-0.9898593632978347,31.218383317352615,1.0165253775094143,3.270678249311276,1761.9512795068893,18
3.785534182757032,-0.9892609666325288,30.907751599520328,1.0028512346488172,3.2501093922550104,1818.1858820214509,18
3.782573869151454,-0.997399216698062,30.56117353131694,0.9884738633709566,3.2447767949873403,1854.7047827935985,18
3.785576787473481,-0.9830987522892618,30.48453162477008,0.9753809544561584,3.2578256574582887,1838.1286260133145,18
3.78358349492473,-0.9549329144125775,30.61175594534925,0.978965585804328,3.2676502837929675,1834.1887767067096,18
3.782625607264939,-0.9790675457446804,30.61351947374241,1.0069582776356765,3.2698143323262534,1860.2794747301327,18
3.788363260180292,-0.9872950086884174,30.68950578559684,1.0444474237366814,3.268929164469456,1860.6924029387883,18
3.786464822335055,-0.987074543177868,30.71490620712225,1.0690819200221782,3.279987483041688,1836.5905993608592,18
3.792254332573183,-0.9607310538650844,31.14600021608414,1.067544279559966,3.2784084837923766,1831.2547384282595,18
3.787986023024419,-1.0010953101205995,31.018018978898244,1.1021108851637889,3.285695645544264,1816.6703744977176,18
3.788405771323857,-0.9931747703996612,30.91361607103792,1.0741424560546875,3.2787986160606466,1836.586481347306,18
3.784099298138772,-0.9733090910219376,30.92844824637136,1.044342815876007,3.2793661048335414,1882.9838788432455,18
3.779582911494812,-0.9713457072934796,30.76504086593573,1.0554799213204331,3.277373100267089,1915.35006702929,18
3.7749896604954976,-0.9828907620949556,30.574950782201626,1.0832727628369485,3.2723145207196582,1937.3463104138664,18
3.772016917505572,-0.9860639065824528,30.446118775234428,1.0785021692193966,3.2625042571816394,1959.0002913936487,18
3.774286293641641,-0.972564581154068,30.2443023086876,1.0331207804355145,3.2477861941928934,1972.0694429130965,18
3.7724197688495815,-0.9724233898210696,30.261861917365835,1.0010137904074885,3.263311655290665,1996.4193417128697,18
3.7836655455250896,-0.9854032470974872,30.228768574294225,1.0027623410506914,3.283009967496318,2016.4557751071068,18
3.791813572675097,-0.954077780674008,30.648193270502126,0.9815937872428622,3.280141846680727,1978.6248127380152,18
3.773107355213507,-0.962895418580715,30.704955579559435,1.0191788719332775,3.2780423207095017,1961.2286366014923,18
3.772253521027104,-0.9671878218650818,30.78552959811303,1.0092729637699742,3.2717057581870788,2010.221573368196,18
3.773637358433029,-0.9624200299862892,30.682198356983907,0.9932398227807868,3.292300031603878,2008.4612540515093,18
3.768242975289677,-0.9821224883465786,30.74158492139591,0.9885620500451776,3.277454150620327,2012.6426918822808,18
3.759797311598255,-1.0060518057115615,30.811818912465085,0.9891426143466784,3.2756250904452417,2060.1674332157263,18
3.760716186202128,-1.0092781585604484,30.70505773209329,0.9771227191425992,3.269910111649489,2099.509919634857,18
3.7600676769851353,-1.0145312793365946,30.840160171618177,0.9779905637318944,3.27118007128384,2097.7091033826164,18
3.7578137715657554,-1.008611400922139,31.01679992675781,0.9945124586423236,3.285211642583211,2083.1416829427085,18
3.765859872636829,-0.9692521810958892,30.774924271422908,0.9928964347608628,3.2710945768595594,2103.585563413559,18
3.758990317689903,-0.9806615558576413,31.0769604987141,1.0052367888898408,3.259187441145648,2170.9361261620747,18
3.765565549173663,-0.9729098081588746,30.738661212305864,1.0290055140372243,3.2783444389220207,2195.0237800844257,18
3.759854733730303,-0.9822130269474456,30.462968299893063,1.0151720264906523,3.2663756561962933,2228.30698889729,18
3.7545788826480986,-0.9852411236387,30.388684764985115,1.0427396429909603,3.267615001261448,2248.569271620884,18
3.7616560792410247,-0.9649812309972698,30.58978437608289,1.010020723906896,3.298393905803722,2213.527401503696,18
3.765357802845671,-0.952890907350834,30.55744124655228,1.0010670265416517,3.295571426764184,2230.5139190783216,18
3.7557152915599095,-0.9666365917010978,30.599852620059877,1.0320228047695643,3.28446254337133,2253.663449085742,18
3.7536871907531575,-0.9762654746732404,30.17403706171178,1.033628988650537,3.2645444446994407,2270.317523258989,18
3.753121119673534,-0.9727098864893758,29.95802711842308,1.0434826142471758,3.2649779217217563,2257.109836154513,18
3.7409601664457695,-0.9750178804534314,30.198343731596484,1.0581389131511836,3.264763129227477,2253.917728547128,18
3.726107043604697,-0.982599542986962,30.335070517755323,1.0401952612784595,3.2503928292182187,2256.902926537297,18
3.724912960042236,-0.9866321752361934,30.278582152499947,1.0280816121340657,3.2569092952222376,2222.78978529626,18
3.731637048037676,-1.0085783641398156,30.33788125916622,1.0382383224357403,3.241793127470118,2266.0977166288644,18
3.7278390904908543,-0.9716916456017451,30.68716961850401,1.0090796421932915,3.199733523912327,2280.0636563865105,18
3.735903139182744,-1.009630272038094,30.35570651912348,1.0034356377885334,3.1828023840449617,2351.160858044914,18
3.731147296967045,-1.0052606794569228,30.744769000665254,1.0012247421408211,3.2221678662043742,2274.9405543829807,18
3.739968163992769,-1.0228087273977136,30.622428955570346,1.0439057286067672,3.2422543571841334,2288.888306976646,18
3.7417170933070576,-1.031179046331768,30.54064702133124,1.0239319055738416,3.2404372264834715,2341.383404912914,18
3.744993653348697,-0.9924952409173426,30.38737726382457,0.973087117022511,3.246203375546308,2343.6058371485774,18
3.7582634687423706,-0.959410399198532,30.30860910108013,0.9521765151331502,3.246817969506787,2355.733721333165,18
3.763527046395032,-0.9495547018598056,30.34212342128959,0.945020812600317,3.2349483958281926,2370.330336266521,18
3.755212182212474,-0.9639656681527372,30.1974382605604,0.933433563371713,3.224892024925533,2374.2198263188843,18
3.7473575915059736,-0.9830587269157492,29.90731530548424,0.921934413653548,3.223450522268972,2382.1761487735216,18
3.746873805599828,-0.9708474852064604,29.95907922286714,0.916927644535632,3.2238277401975406,2378.7623750420025,18
3.753038244008164,-0.9686257119247136,30.219939577109496,0.9536959789559832,3.2408486053507817,2363.9021827396955,18
3.7523015968261215,-0.9907796978950502,30.347354530006328,0.9775518637190582,3.2799905500104347,2363.6882836126515,18
3.7371597264402654,-1.0153998931248984,30.20434048013448,0.9721615120074228,3.23325688351867,2467.550219464046,18
3.7385925806551423,-1.0375081422508403,30.031136358937907,0.9571756918156872,3.2083819685871027,2481.9522075037803,18
3.733672018974058,-1.019365083786749,30.618093921292218,0.9865038990974428,3.2342422239242063,2465.7582220262098,18
3.723801957236396,-1.003563321299023,30.59530215793185,0.9893188807699416,3.2183531655205617,2498.632419162326,18
3.729781796855312,-0.9981006334759428,30.636886022424186,0.954670201279356,3.2308436380065046,2500.367160373264,18
3.733931350451644,-0.9769386104358136,30.76821599980836,0.92784793402559,3.2246068408412314,2503.9710969002017,18
3.7380944845069695,-0.97899404819721,30.80502456063438,0.9332475933550082,3.2132416326939848,2496.6680947580644,18
3.742463574614576,-1.0042503236869758,30.86518946001607,0.952095239179536,3.208300730233552,2491.1605815272183,18
3.737536866177795,-1.0229723466339935,31.007156618179813,0.9766079514257376,3.1986706897776616,2521.721375168011,18
3.7297572542689608,-1.0425050536364209,31.039039806653093,1.0161961797744998,3.204864573307789,2546.353917713234,18
3.726485985581593,-1.0161461513956818,31.131945305827703,1.0240542516913465,3.1940033427276067,2541.139130404345,18
3.7378423560050233,-1.0295711159706116,31.47727624831661,1.020807025894042,3.21477734658026,2509.5619723412306,18
3.73915608809413,-1.0363226334253948,31.10619289302484,1.0218335360181805,3.21335815785179,2548.2447846662194,18
3.736273155844767,-0.999139822832572,30.86543522428013,1.014922384079212,3.227446738964341,2567.268202477459,18
3.7274615995345575,-0.9919390095177516,30.98080739667339,0.9807421507373928,3.214765943506712,2594.196701213878,18
3.7189368765841246,-1.020100502344016,31.36049781648917,0.9742986977527648,3.21070850109114,2610.6282862728217,18
3.717420776257805,-1.0230742739947465,31.273338297361963,0.9572397224792012,3.2095013920978834,2633.2221775943667,18
3.7331854233177766,-1.0069844870157136,31.02466387389808,0.983355889717739,3.227805068415981,2616.160648469001,18
3.734221319143917,-1.0164883722113889,31.13035973169471,1.0355281705924697,3.24293077376581,2594.0743377576164,18
3.7230617401847694,-1.0317197328827283,31.42192927739954,1.0605303816043348,3.2403909895155163,2600.5774621450773,18
3.7253411123829503,-1.022171662699792,31.42270986495479,1.054190866408809,3.2281518597756658,2623.6973916330658,18
3.7237660966039137,-1.0238459798170243,31.210181461867467,1.036127239358895,3.20654170402062,2653.5524928595423,18
3.736905197088864,-1.0123157727675625,31.274811296907387,1.0295787075514442,3.2131931858678016,2625.6276916722672,18
3.730611317901201,-1.0098763428708557,31.63559683933052,1.0579238649337512,3.2076064335402616,2632.4670410156264,18
3.728191928624253,-1.0036680471939854,31.15731015085747,1.0195543509657667,3.181566285403399,2681.038655598958,18
3.7323428982047626,-1.0334954945417287,30.967384837434285,1.0293713714059536,3.1885161523750605,2666.503366340446,18
3.73085686724673,-1.0576979024435884,30.94091743551275,1.0114650149499218,3.1888616546507804,2668.4861732400877,18
3.726639845037973,-1.053155312615056,30.723942281524767,0.9862637276290566,3.20245983737344,2654.5159535835296,18
3.722338581597933,-1.045717463271165,30.90583559261855,0.9866209700970666,3.2093729887384668,2644.0073994735662,18
3.7175089274683306,-1.0241414558502937,30.77540043861635,0.9605255838363402,3.201178639165817,2656.9852137411795,18
3.71291386183872,-1.009537510974433,30.550417698412385,0.9568796995292856,3.208019404428407,2674.984682144657,18
3.714645927097635,-1.0222696856358573,30.82318207525438,0.988416605632365,3.220348843536924,2692.625210888497,18
3.722387895789198,-1.035833829192705,31.18649019220824,0.9913789655572623,3.2109864065724034,2719.8660665532598,18
3.724736169247645,-1.024061275212141,31.052485479676168,0.9887143567898794,3.2148106298993566,2733.465062951529,18
3.7262266476949057,-1.010040905740526,30.83395258585612,0.9774320191807216,3.227283689710829,2727.32275390625,18
3.721704283068257,-1.0248307438306912,31.10774039196712,0.9541035214419008,3.2435935851066344,2729.506768995716,18
3.71784758311446,-1.043025835013304,31.36381443939756,0.9649462870799512,3.2266471616683465,2744.026070543515,18
3.7231882776410776,-1.0274343828146602,31.368399028709717,1.013257142890739,3.2331824503491857,2722.13134765625,18
3.7026172991721857,-1.037004082433639,31.687324462398408,1.0243230788938462,3.224394606005761,2747.3079243321577,18
3.6970008201496576,-1.0654953684003552,31.631389488028795,1.0235809792754471,3.198322356388133,2789.4570745652727,18
3.696474617100104,-1.05507456743589,31.425766018556438,1.002208497575534,3.1792027317922176,2823.249669228831,18
3.706326162943276,-1.0164820641599672,31.13869016913957,0.9632410890953512,3.1750378160066504,2842.873851488996,18
3.7136743359241007,-0.983795754798424,30.941674235901097,0.9369527498881022,3.1674003635256094,2828.701118496583,18
3.705419568178047,-0.9809209983195032,30.81861701404749,0.9393983427768968,3.160513241231228,2811.217235278058,18
3.6926540354246735,-1.012324431891083,30.735699704898305,0.958135299144253,3.1664264996846514,2829.0816768523187,18
3.68396312276095,-1.0408967259109658,31.007025732361715,0.9811509959800272,3.1574284197181783,2828.4227666820675,18
3.678358747967682,-1.0156915243381242,30.978910876858624,0.991236074850978,3.1504736980657,2830.632293591791,18
3.672897192739671,-1.0222636268984888,31.20418625493204,0.9827158960603902,3.1489086304941485,2906.248854114163,18
3.6750547962804,-1.0242659930259952,31.37533604885088,1.0083271762803467,3.160835492568204,2886.139685189852,18
3.678048286813989,-1.0220275867369866,31.449451812279268,1.0018583121692834,3.145696269141303,2936.7501386963777,18
3.68834380180605,-1.0135342485161236,30.90455250073504,0.9556292667183816,3.1440875222606044,2961.0610692834343,18
3.686971370891858,-1.0186471118721914,30.794728463695897,0.9552478423896232,3.1769947339129714,2956.682296479474,18
3.6829410496578414,-1.033996936668205,30.79565863797314,0.9490066358692754,3.171798988909704,2963.782839101703,18
3.683110760104272,-1.020734754941796,30.69090429941813,0.927269020708658,3.1530346678149312,2981.8281184370803,18
3.689847889766898,-0.9890422816772182,30.59194694026824,0.9177898995337948,3.151929109327255,2992.186496310764,18
3.692738411247089,-0.975428793485874,30.535325238354314,0.9147594630931865,3.1635995197467057,2991.637430608059,18
3.6788790687437976,-0.985710138274778,30.51400012354697,0.9104688109890116,3.173495877173639,2990.0124590473797,18
3.66119707527981,-1.0030198371752184,30.71249119953444,0.9335210298765512,3.1623827048100024,2994.4574022737456,18
3.657183911210748,-0.9858135245606888,31.07208466615301,0.9088990374277988,3.159388418265996,3007.416698168683,18
3.677117483590239,-0.9725883891505582,31.102416417931995,0.8783055922036523,3.170017056567694,3016.7161090809814,18
3.676693910338973,-0.9833043557341384,31.03669182288604,0.85133642129146,3.1528071006993663,3023.585282958109,18
3.6687717480471487,-0.9974885694014984,31.15272759878507,0.908161738119672,3.1540495003423383,3008.178065146169,18
3.6690942882209696,-1.0118969076423234,30.932503197782783,0.9107670642996348,3.1559517486121065,3048.8443590389784,18
3.6613570357736296,-1.0119483609780615,31.14272336036928,0.9199764964614716,3.1611019402849205,3061.11411780354,18
3.658934426564042,-1.0059111960045326,31.2299372150052,0.9013048072869632,3.1416386481254333,3096.809572062612,18
3.650591135025024,-1.0019025206565857,31.04828453063965,0.891823798418045,3.1326138973236084,3119.355712890625,18
3.639067835277981,-0.991386798120314,30.96609869652752,0.895820304697987,3.134140171885063,3122.305415546595,18
3.6405914060531126,-0.9942201050165308,30.979861796115888,0.890486349662145,3.1348846291983,3124.9204075310818,18
3.651771704355876,-1.0275387610158613,30.74223341993106,0.9107246584789728,3.146057798016456,3115.60796265961,18
3.662497965665701,-1.0280083076073705,30.456835350255385,0.9657653450538608,3.130651976472588,3130.4979392431114,18
3.6769300891507055,-1.0160311481858666,30.536977870489963,0.9468575414790904,3.122829026218811,3143.668427279346,18
3.670103573030041,-0.9998981382257194,30.68218052771784,0.9639780338733428,3.156181271358203,3131.481702578965,18
3.662442914901241,-1.0148289413007785,30.358480337272837,0.9838146428480798,3.143067053141987,3174.4267298107084,18
3.6587376709907287,-1.0074669906742684,30.487165341667804,0.9736224992941784,3.141158804244038,3182.0074594149028,18
3.657392024993897,-0.987353322967406,30.535178645964592,0.939886879536413,3.1361282717797065,3199.014144405242,18
3.649131060501153,-0.98293015179241,30.92766663677804,0.9372638924361132,3.1422575951477105,3197.10537468148,18
3.648917083671871,-0.983336064336975,31.20217498314424,0.9157106103008362,3.1331745210941544,3217.00973499804,18
3.659480767865335,-0.970877836468399,31.22514788309733,0.9007781196025112,3.125610227225929,3256.702884797128,18
3.660960428176387,-0.9668527655704048,31.2473512464954,0.8926086549690544,3.1350504651291824,3265.08066266241,18
3.651472103638461,-0.9751974527981118,31.2687105124142,0.8691767723329604,3.1369280588669586,3254.334145385305,18
3.652392982154764,-0.9625837053022076,31.07130122441117,0.8616146964411583,3.1181702357466503,3275.3614278813843,18
3.654668380282686,-0.959520224174719,30.89350468967124,0.872776614295112,3.116299862929997,3280.4354668073765,18
3.651294591179031,-1.0124934967273456,31.195697702387328,0.8861882650296748,3.1182788691640333,3335.637512425796,18
3.643656080768954,-1.03914269516545,31.100616424314435,0.8931125960042401,3.1418229918326106,3347.3621038621477,18
3.6418828340414175,-1.0289804734636805,31.48546192893846,0.8812745715554895,3.152427714358094,3348.842510045643,18
3.639901159057481,-1.0367385770684932,31.466749741612368,0.9115451403416192,3.176342043398102,3325.2212067197297,18
3.6447469547230713,-1.0229583991471154,31.420185888967204,0.9171429205966252,3.1635338337190686,3355.120295698925,18
3.645234006707386,-1.04276637257641,31.363913293380463,0.908192555216478,3.147904337947941,3390.6430392795146,18
3.6394586229837063,-1.0510911928710116,31.506580728783835,0.8965377215843472,3.132931583671159,3398.640190972222,18
3.6344081176224576,-1.0483706401240442,31.426877124335167,0.9027129738561572,3.126269236687691,3419.827766664568,18
3.6351329442848015,-1.0519754390990008,31.268342896601634,0.9170706005079344,3.1360281923765783,3451.334652042731,18
3.636002253887901,-1.0468743539625591,31.419547176702903,0.904617456979648,3.138984282811482,3458.552978953153,18
3.631999169626544,-1.0265170681861135,31.50184772860619,0.8620671206904987,3.111187427274642,3465.9340426537306,18
3.633525659106538,-1.016809134714065,31.447967125950747,0.8292376323199185,3.093668168590915,3491.991237626708,18
3.6240077796375454,-1.0191830037742535,31.444639493060365,0.8233765085965504,3.097915415268218,3491.578681535618,18
3.6293810465002574,-1.0282208342706003,31.26171348940941,0.8317348751970519,3.11008725115048,3487.517408801664,18
3.64896575609843,-1.0231465101242063,30.941307491726334,0.8358566496107315,3.1263840463426384,3495.1889919704863,18
3.648893610978212,-1.0174789808984297,31.098864541686144,0.8550194507217755,3.1239385156221284,3510.821160429268,18
3.641267963635024,-1.0264859660979244,31.029097362231177,0.8522447007958605,3.110262263205743,3529.150038852487,18
3.63619704101248,-1.0428318594946235,30.903822054572423,0.8551642839199328,3.0800504291356665,3592.8505006195423,18
3.634061770627148,-1.0533574469200602,30.96503783468705,0.8967854329334812,3.071750193941124,3633.475726821517,18
3.6307680722205866,-1.0578848392732685,31.107911725198072,0.9235735362575898,3.0818481599130942,3621.454735540573,18
3.627810878992935,-1.0559683606616057,31.1356445093736,0.9240940294385388,3.108143616748114,3590.873490528393,18
3.6317741456424897,-1.0532394948826045,31.07474845968267,0.9383678999212058,3.1430983782669126,3580.4502478158606,18
3.639284800457698,-1.0621695659493888,31.093330711446782,0.947063606272461,3.1384469770616086,3598.394077095935,18
3.6328408102835374,-1.0645654060507332,31.214687504648744,0.9376375496814772,3.106292246490397,3614.328875360523,18
3.628624933167599,-1.0638467748532587,31.40032207666758,0.9767596159784588,3.1182070274079576,3606.608506944445,18
3.64891496525016,-1.0694312824997854,31.009300211424453,0.951928234548978,3.123807582803952,3626.763509114584,18
3.664720630133024,-1.0279905454232257,30.977412951889857,0.960589594952095,3.126289242911937,3630.650480755769,18
3.666256059882461,-1.0080615474331758,31.20311047953945,0.94941010035067,3.117418673303392,3636.466966198337,18
3.6645127880957817,-1.0248071070640328,31.291161260297223,0.9822706695525896,3.1116785618566696,3629.991809475806,18
3.669193871986909,-1.0222117259938224,31.064269253857237,0.9860289917197272,3.1006174724161832,3620.065631825437,18
3.6679085634088,-1.024755767596666,30.951185534077307,0.9800001901964988,3.090691721994817,3636.292854117665,18
3.653503529487117,-1.0312610806957367,31.07412174183836,0.9617795812827268,3.071176150793669,3670.507889942458,18
3.640388259750968,-1.0442186431645508,31.258327620858367,0.9293267897807558,3.0491615768829123,3681.7930492551513,18
3.637550588149751,-1.0695081017777912,31.35283708401478,0.9275710686346984,3.0475864508673287,3682.83386667997,18
3.63488087859205,-1.0710964074698828,31.33187259140835,0.9740031778171492,3.0586598304010204,3727.44104922715,18
3.6431451087356894,-1.0708577331676274,31.511301905450846,1.0086561975513304,3.069596022260659,3743.756939194109,18
3.6405629752784647,-1.0988524306205012,31.98757075237972,1.023411363683722,3.073939889135328,3729.302851632504,18
3.63275263386388,-1.0952623198109288,31.729701103702677,0.972396550639984,3.0298024646697512,3787.030383694555,18
3.632682622547218,-1.069479636821269,31.35334974719633,0.9591476165265594,3.035285955688859,3835.7907881104384,18
3.6505154691716672,-1.0326710616815906,31.13952744733476,0.9454484402492483,3.0470009969554064,3817.635246030746,18
3.6459478716696463,-1.0405596071673977,31.23603970517394,0.9888116582747422,3.074699583873953,3817.421405094926,18
3.6390868613369576,-1.0642313835441424,31.575709872775604,1.0153340030741946,3.078172014178341,3824.037851422491,18
3.634513114088325,-1.0816971789978738,31.59113629659017,1.01914841898026,3.0662236470048145,3841.69876109571,18
3.629808327203156,-1.0917321270511997,31.36621975642379,1.0087351244623946,3.0651641879030453,3852.4467117145496,18
3.6306885741517534,-1.0864886135183356,31.24660232161108,0.9950447808884378,3.0718081347831263,3852.979421307964,18
3.632926318380568,-1.06206484635671,31.357096672058105,0.9980069862471684,3.0672740936279297,3870.114352756076,18
3.621799499757828,-1.0484076622993714,31.645051094793505,1.0104210684376378,3.056703890523603,3904.6530052923385,18
3.6201446180275263,-1.0671566346640229,31.362529778565985,1.0108183784724136,3.059410270396954,3942.184066280242,18
3.621138938438935,-1.0474387270575356,31.50164501641386,1.0072219628159718,3.0719826315466223,3959.622101814516,18
3.614886647911482,-1.048608684411613,31.73190467588363,1.0021538215298806,3.07031213724485,3966.930380544354,18
3.61894688127716,-1.0629898971981473,31.773992073578647,1.019866548558717,3.0834251125226317,3995.646482624888,18
3.6250250933418138,-1.0427024409335146,31.41041584425075,1.0148101487467367,3.0929623829421176,4031.41554922015,18
3.6281810832279984,-1.038642987128227,31.210611322874666,1.0190946196997035,3.079102549501645,4062.5416666666665,18
3.61514976503174,-1.0626070760056965,31.43603283188249,1.0167330396645384,3.0583875025472333,4081.125295331401,18
3.613491461695736,-1.0667917343877975,31.513521112421508,1.006989798665474,3.0558154036067293,4068.1227161038314,18
3.6128546537891513,-1.057700147551875,31.61372873860021,1.016225076490833,3.070153201780012,4054.260305097026,18
3.606371150649149,-1.0550654648025404,31.8083434498011,1.0357702034775929,3.078755318904863,4063.2905387194783,18
3.617556097259658,-1.043215597829511,31.67528844648792,1.0268179156874242,3.077991810323517,4063.746412707914,18
3.631753093452864,-1.0330981541705389,31.6271906411776,0.9994481699441068,3.083346612991825,4051.204757854503,18
3.63014765922314,-1.0492831521991333,31.86984847010677,0.989042984755663,3.062194197835888,4093.289318453881,18
3.635781556474692,-1.0534697839436136,31.919584534074247,0.9814682023926876,3.0808168585582445,4079.2808500994074,18
3.6293720635034714,-1.0266672039544709,32.286315128367434,0.982107929004136,3.07126025999746,4121.344814505629,18
3.635025443142033,-1.0318244601663296,32.37914627512723,0.9537958235723568,3.084510263149029,4099.704820858535,18
3.649541711294523,-1.0213084470841192,32.22556451230066,0.943276282813814,3.06172011189136,4101.426575363324,18
3.6541718975190194,-1.0368051490476058,32.23642952211441,0.9536220931237746,3.0507378732004478,4101.852838331653,18
3.643134430317896,-1.0433909625989988,32.48698161408893,0.953566092530459,3.0647678892245005,4073.5211929813504,18
3.631245759225661,-1.0381038265843543,32.65290307485929,0.9683268854267711,3.082805593381219,4056.4681094590055,18
3.6289306699588737,-1.050589118593483,32.70109570410944,1.0081189332469822,3.1016107630986043,4080.3547415784615,18
3.6307480677054342,-1.0701501604476709,32.61264226769888,1.0422759427819202,3.1137376942514945,4113.79192218302,18
3.63018236920825,-1.0696029133266876,32.37880559805046,1.0522502321068958,3.1011201685902035,4125.600198287691,18
3.631756920968333,-1.079622931377862,32.463888558008335,1.058568185375583,3.08521455846807,4135.142289356519,18
3.633885841643084,-1.0823882452903255,32.50036895232389,1.0777227543160908,3.085721990968164,4110.228650821152,18
3.636858231705149,-1.0835651086650009,32.55703105037785,1.0787377481392204,3.080870393356542,4093.648356994848,18
3.62626060362785,-1.055937870856254,32.48816939323179,1.0540394975293064,3.070089144091452,4127.124736170616,18
3.627652548547287,-1.0845931922235803,32.19933483164797,1.0803296856555469,3.09429042484598,4158.771627884185,18
3.6256522991323994,-1.0788896342332217,32.14115147607728,1.0536444328164534,3.0984942169599634,4176.115620274698,18
3.632464567820232,-1.0783472061157229,32.016911824544266,1.0427157878875732,3.096514304478964,4201.188639322917,18
3.640297627363581,-1.0698002756282845,32.14051963436989,1.0650027701931624,3.09730981840455,4204.250244140625,18
3.649594475291536,-1.0546449175017705,32.089011626431585,1.0644764669479856,3.0805241343795604,4238.015840263779,18
3.653153393858223,-1.051338254123606,32.03693086357528,1.055670680538301,3.0783053457096066,4262.196572580644,18
3.643663637954274,-1.0629865285743525,32.35120454740354,1.073508549762029,3.100633132415006,4235.069817218302,18
3.63134451066294,-1.07841921514935,32.60671990917575,1.0875054303035945,3.095152292627587,4229.328743664595,18
3.628288622825377,-1.0942425151025097,32.65248600129159,1.0948549278320814,3.0809189196555846,4244.252709173386,18
3.634427990110117,-1.0980011429837953,32.84334979860585,1.1260096603824248,3.087750013156603,4239.473304666501,18
3.6337135923378794,-1.0930204455570507,32.51228843880382,1.1279825510517243,3.06935405218473,4296.926731560821,18
3.642697180471113,-1.079183035640306,32.57318792035503,1.1250357198458845,3.097017025434844,4286.113436134912,18
3.642732488639039,-1.0881537775839532,32.76086526959601,1.121584260762806,3.100189972094737,4295.856312303988,18
3.6408762555823104,-1.112446161153924,32.73417947283782,1.1179174868436696,3.106167633900933,4301.069945851535,18
3.6438076726851927,-1.0958279319988773,32.70766227476059,1.0774297944961038,3.095941897361509,4319.3386046707,18
3.639522736217813,-1.0811537220059328,32.559681451448824,1.0585717834452149,3.099876217944648,4323.884701745911,18
3.630665488567831,-1.0875147303372734,32.38369675776437,1.0629242466342066,3.088866065479948,4348.405877226144,18
3.6286872548441735,-1.0974048626038335,32.498288000783624,1.062168394365618,3.074586875977055,4356.41929971018,18
3.630832648191828,-1.0961056264070623,32.6897241462516,1.0552536958434675,3.0845220789687184,4325.843398227486,18
3.6247280797650734,-1.083963792383884,32.46578661600748,1.0521652104606765,3.078217375235744,4337.094674059141,18
3.6177812032802135,-1.0720055885212398,32.35044553202969,1.0424843783019675,3.0490214029947924,4368.019757014449,18
3.6291001898413486,-1.078575583555366,32.61013569028574,1.000862212698093,3.073379646919962,4373.917042065692,18
3.623510551281727,-1.096981697185066,32.59703898002597,1.0229652583812736,3.0928646714883903,4374.78765015961,18
3.61771583941675,-1.0868151912125203,32.468892292309825,0.9936360047068636,3.107337387659217,4398.421898626513,18
3.609829592448409,-1.0703149700677517,32.529861463868066,0.98995527293947,3.103699591852003,4397.123419648858,18
3.610890329525035,-1.0512668488273476,32.62963435812236,0.9686290287416032,3.087483587658105,4408.676690433188,18
3.608551279191048,-1.0708865158019545,32.662664105815274,0.9576503961317,3.074351810639904,4426.839434223791,18
3.5969279282409223,-1.0795380671819048,32.85306220242628,0.9749324183951156,3.0692330620194848,4470.047851562503,18
3.5887640548008743,-1.0787151022196673,32.90503534023052,0.988059551485123,3.06936147392437,4504.687151727711,18
3.593655764415701,-1.075090447420714,32.63525698261874,0.9926973978678392,3.0659076052327303,4511.148329868111,18
3.599474594157229,-1.0676541520703229,32.41060452478334,1.0036268576071683,3.0558104600530367,4525.221070648524,18
3.5927871217864387,-1.075159394612876,32.46998194212554,1.0071279165138056,3.0517444700323133,4563.061816581262,18
3.590320792249454,-1.0705903396811534,32.44251017416677,1.0118432647438456,3.063628265934606,4573.36390078965,18
3.5930147303475275,-1.064869609143999,32.42288229200575,1.003297501140171,3.067100524902344,4567.569878472222,18
3.599696052544433,-1.043261587406145,32.25203816950535,0.976758671917796,3.057216421250374,4607.565086665546,18
3.6072018031151054,-1.0454016712404066,32.368069741033736,1.0001377328749623,3.065217844901546,4587.808176348287,18
3.5954162467765127,-1.0569135365093052,32.363374867319635,1.0001462629619038,3.064972802302316,4607.945041232639,18
3.5938102699095205,-1.07693627423283,32.36455047087858,1.0123915341165328,3.0883650553269195,4600.186881335406,18
3.594479824907036,-1.0758718034272554,32.423095374979,0.999365874516067,3.0716794690778184,4605.721973706317,18
3.598584782692694,-1.072307585815375,32.453395173541104,0.9998687146812356,3.0760144516558627,4612.021149228551,18
3.6016278241270334,-1.0601801701344045,32.51290786907237,1.0077741184542257,3.087192970364752,4615.5891944584455,18
3.60339867684149,-1.0357622138915523,32.63223026644799,1.0131715760436109,3.07731721990852,4623.885387789818,18
3.600717641974008,-1.0256463280715395,32.75008797047386,1.0227473068408215,3.066100975945859,4641.666439152105,18
3.5871149258801585,-1.0379185016437245,32.82582872999185,1.0235328390179568,3.061465516739849,4667.63130827873,18
3.5897538200501478,-1.0370317505251976,32.76425367786038,1.0350175442234162,3.07557176774548,4675.136513986895,18
3.589608814553975,-1.0476943767198952,32.71195966112143,1.0291508600703276,3.066357591246191,4715.10303171903,18
3.58763810725195,-1.0475004937059136,32.78384659196313,1.0452476261337171,3.094500322068464,4704.024800837254,18
3.5739604670514344,-1.0579192375624051,32.87592516663254,1.0222996575858003,3.09220076504574,4733.845052083333,18
3.5662801257171086,-1.0687425431384836,32.72327090847877,1.0411869317399984,3.093181034142826,4734.723461301524,18
3.5629558905051173,-1.0704560845983495,32.619132681132214,1.0109763327037988,3.101993473627234,4719.856481189796,18
3.5647253682536464,-1.0670698663239837,32.44633561821394,0.9905647411141344,3.0824997758352626,4736.144788516465,18
3.5571932267117243,-1.0788235903640802,32.54176865170933,0.9810009344504298,3.0719404972582307,4774.695206618224,18
3.552408878093979,-1.082349011120403,32.533845976689385,0.990103117026736,3.085246425375716,4803.962706863239,18
3.5516917859354327,-1.0761793428851711,32.38679289048718,1.0035417839404075,3.0873565058554373,4814.474223475302,18
3.5445516186375774,-1.0821749835031431,32.52940117073743,0.9965018057481362,3.0785948426920027,4800.154296875,18
3.54486905417562,-1.077861071701118,32.68771237882662,1.0008900214694307,3.102696554635161,4762.438602570564,18
3.54593067015371,-1.0627059487886328,32.76233623873803,1.0235133350536387,3.112476835968674,4776.692792338709,18
3.547837594931271,-1.0782714693349749,32.771669121198755,1.0227867706702176,3.129586430433403,4789.506257525482,18
3.5390298913456637,-1.0818869072049322,32.957000322239374,1.0593597008763251,3.0961588591230385,4873.24784561212,18
3.554643551508586,-1.0600816197292775,32.59373246469805,1.0241679433853392,3.084737467509444,4871.911266696068,18
3.5543512127305443,-1.0550463524343292,32.697305234956914,1.0116551695758722,3.073992311313588,4890.437510500672,18
3.5464707313899924,-1.0829171822489807,32.690460293951,1.0154374427692865,3.057451195614312,4875.344810567876,18
3.542370726985316,-1.0901994397563315,32.73983961536038,1.004106510070062,3.056207410750851,4877.657793598791,18
3.543433979420679,-1.0811062668814024,33.07334234039417,0.9974216265490404,3.062452446175305,4895.169972628249,18
3.5419374571906195,-1.0725749995973377,33.226520962185326,1.0087014701631336,3.0591423246595597,4903.276475694444,18
3.5386012190131733,-1.0734721774696023,33.11732948467296,1.0151637292677351,3.058737908640216,4891.532717468917,18
3.539808896280104,-1.0808328783213024,33.15613006263651,1.0102889610447767,3.0723595661929006,4885.090428287411,18
3.543170295735841,-1.075453757598836,33.16807703134407,1.0229152253024467,3.070823853161172,4918.339240836413,18
3.552927947813465,-1.0690058969682263,33.17631879416845,1.022038509768824,3.057613734276064,4926.735629830309,18
3.556287938975946,-1.0698117075427884,33.081623323502086,1.0028209880688714,3.0611046762022065,4916.192127296147,18
3.552789747928633,-1.0545267174320834,33.334593496015,1.016040512737835,3.043960003015388,4933.532744595655,18
3.535308395662615,-1.0462624526792956,33.28906600706039,1.0078476148266944,3.033630717185236,4961.2069761214725,18
3.529080376402878,-1.0358032415417358,33.38232248231075,0.985538532229734,3.021856431038149,4978.621541778674,18
3.526657116883117,-1.0415727545283604,33.411517085140325,0.9778472298362348,3.029050725335289,4982.800325345822,18
3.5228680385056363,-1.0598454539493851,33.33377054686187,0.9688630219428768,3.0244184873437368,4981.668751050067,18
3.519966009697179,-1.0747737991339847,33.354117608839466,0.9750514986480868,3.0230569882204885,4989.303311911963,18
3.524913375950202,-1.0794791743746794,33.38625197598584,0.9706367764848954,3.0248238818192568,5001.302414104503,18
3.5329777566335534,-1.0711232680146408,33.378186707855555,0.9368991460851436,3.0164531097617195,5008.037382392473,18
3.5337592974358563,-1.0648429876587304,33.55592136998332,0.9168445292766808,3.019648475886247,5002.992532272065,18
3.5362480981375586,-1.083556287177574,33.7678977118598,0.9361586229989184,3.051517574590594,4986.243203440021,18
3.5503420060680755,-1.065101281289132,33.340538271011845,0.9548696010343496,3.044274699303412,5003.745936239919,18
3.539534140658635,-1.0891156294867124,33.24216930840605,0.9709590625378394,3.062193941471824,4984.938685700887,18
3.5413825793932845,-1.0712853789756798,33.2241329480243,0.9715765733872692,3.0386681590883526,5038.991062177981,18
3.529522758658214,-1.0609209447778678,33.00911076863606,0.9869241188931214,3.061792157029594,5049.174046013945,18
3.5281135369372625,-1.0735592239646508,32.96668299466479,0.9767521181841472,3.0704218435458386,5060.433922771058,18
3.526985254766266,-1.0790320143477463,32.83921339520416,0.9820396237903176,3.0612940638723334,5072.349658378136,18
3.5112661982095363,-1.0830892209083804,32.704154763170465,0.9663075862392292,3.040876080912928,5108.801862819222,18
3.4918913909611304,-1.0904460521581782,32.80539261055677,0.9442628615645948,3.0241790975721075,5139.640742257505,18
3.48690769492939,-1.0851848330549008,32.916164001683605,0.9406248190069716,3.0267920451352253,5142.474231350806,18
3.4914966783215924,-1.071922065750245,32.812401248562715,0.9516642305158804,3.0333132128561693,5135.593308971775,18
3.4936497305456458,-1.0757577590190386,32.70435366066553,0.9586789067500804,3.02925424251078,5135.67967874944,18
3.503832353913229,-1.0819018869844383,32.64863614454918,0.9483671099695252,3.048546265103057,5128.834037753415,18
3.5082810976172003,-1.068802415683706,32.43879949918357,0.947973832007378,3.060330990822085,5111.211725050403,18
3.505488047463065,-1.082855719605655,32.28374780634398,0.9666959454295462,3.0666902539550613,5120.672270525315,18
3.5132291761350465,-1.096327423194831,32.25993687619445,0.9832249636291184,3.053556644788352,5152.312860523075,18
3.4960472186406446,-1.0972530444463091,32.15026346842448,0.9782997866471606,3.030147194862365,5181.799316406251,18
3.491255367101307,-1.0796621661886938,32.14743192392438,0.9951792963944036,3.04235766779992,5190.985496821797,18
3.4936944216382977,-1.0848970240162272,32.20973864592959,0.9872742828288804,3.0666884576975244,5178.323257938508,18
3.4916319231833177,-1.0841043841454283,32.228114712622855,0.991091195614108,3.076822619284353,5195.612855972784,18
3.4953542435041043,-1.0838808378865643,32.23570871524059,1.010965808852173,3.08607665868643,5199.957527406753,18
3.4987453294911264,-1.0794543882424676,32.160753174921936,1.024004890500004,3.0858649258972486,5191.185354362679,18
3.4961965699349684,-1.0669613019112618,32.13142813405684,1.0153858565515077,3.0633080133827773,5201.065986223119,18
3.499175628026326,-1.0675291715984276,32.339917500813804,1.001917804013872,3.05020030083195,5209.234168486783,18
3.4992046262201018,-1.0711513520568938,32.331600592555105,1.0227811838563623,3.0661041480238707,5220.378032944111,18
3.505344039650373,-1.0862593727727088,32.19578404580393,1.024168009399086,3.043236271027596,5254.064626386088,18
3.4964721450668934,-1.0800010779852505,32.24630891123126,1.0258358836601285,3.043187145263918,5244.508059265792,18
3.489593401604656,-1.081863160628999,32.32257372674976,1.0368303171622708,3.0381247655465184,5249.015017711134,18
3.493581471904632,-1.0738332502303587,32.287299063897905,1.0802140005173215,3.077395839075888,5245.932380922379,18
3.492721096161873,-1.0895472153967851,32.41748868607278,1.1130259861655558,3.08557532166922,5249.258185273858,18
3.504097125863516,-1.087095746216381,32.35551848462833,1.1079538680319292,3.0880812658631247,5235.305012145777,18
3.502406276682372,-1.0673630301670365,32.420340425224715,1.1085705769959315,3.066629630263134,5258.782788348454,18
3.501129788309869,-1.06649271348044,32.4676754038821,1.095399500648608,3.027185648145642,5299.273400747647,18
3.5034363603079197,-1.0846986586902303,32.49463382844002,1.0889033309874994,3.0187375511319834,5321.742661780354,18
3.498972558206128,-1.0979712496521652,32.62396863711778,1.1163441763129285,3.0448612051625403,5323.119046118952,18
3.499910452887149,-1.0982125266905756,32.62011319505699,1.1228040273044273,3.047356722602708,5322.156325254816,18
3.5038022559176207,-1.078560765712492,32.500773501652546,1.0956134249232576,3.027383094192833,5363.861259870631,18
3.4949921100370345,-1.075053095817566,32.561336517333984,1.1074147685881583,3.0142067555458314,5382.735934349798,18
3.4870946522681945,-1.0635196765263877,32.6243642171224,1.1209996797705208,3.004969365280589,5387.561169039818,18
3.4915618469210936,-1.0574227776578675,32.47816807736633,1.1136051446306237,3.0265067717507748,5368.191980286739,18
3.48630763253858,-1.0798199484425206,32.65300572303034,1.1257106655387468,3.023582704605595,5363.606631699428,18
3.485458096295702,-1.086309879056869,32.57765205957556,1.1214146720893066,3.032202746278496,5394.714722992271,18
3.4896067594541877,-1.077835176367059,32.54442651126547,1.1234885674223678,3.049401076036542,5406.212716488855,18
3.487733256432318,-1.0702587289194907,32.59521804317351,1.132252267611924,3.05017638206482,5419.348086777554,18
3.483850171061827,-1.0510742506245985,32.48384137307444,1.1272025646701935,3.022390515573563,5446.634676369288,18
3.4837212588197444,-1.0468406032063202,32.327393166053255,1.1225209915509788,2.995493911927746,5477.59430828573,18
3.478547592316904,-1.0709331477842023,32.34686789974089,1.127106241641506,2.9915358943323933,5504.787117250504,18
3.462398476070828,-1.0742547776963975,32.42205047607422,1.1195319758521187,2.989810122383965,5518.985894097222,18
3.455529378306481,-1.0757014843298116,32.56454303016799,1.1312684722271442,2.9904047400293385,5508.151067918347,18
3.4623227298900647,-1.0729370847825084,32.37397269792454,1.117589823661312,2.9926392903891945,5520.027270245296,18
3.46452007071519,-1.0930121643568882,32.58226942930598,1.1229746623705792,3.002730813932248,5557.394556626625,18
3.460510385506469,-1.0686433798096082,32.29135300010763,1.1314273427464203,3.010145930833714,5581.196537578406,18
3.451228504539818,-1.0799849065401224,32.61523033470236,1.1285834203484235,3.0016963161448,5573.953542401714,18
3.4396839953665235,-1.1062992977839647,32.7527101304796,1.1135204175894404,2.986086234396931,5580.035900047603,18
3.4341153718237383,-1.103016123549485,32.89759432201318,1.1139374967117035,3.0010345178693,5582.105137103775,18
3.440388141139861,-1.0737299188490832,32.699713307042266,1.0955496603442771,2.988395713990734,5614.154879662299,18
3.441868622670464,-1.0490260692480216,32.662997563680015,1.0671573362470097,2.966268043364248,5640.608261053708,18
3.429788727059586,-1.0473799530323262,32.90604572911416,1.0606333666804872,2.959754598610717,5659.6277896785405,18
3.417399833279271,-1.0503919784740732,32.914123412101496,1.0684698820114136,2.947089528524747,5699.046685987903,18
3.4146018250441466,-1.033920821750463,32.81654579408707,1.0652684789404647,2.9302782516752943,5727.59314796147,18
3.414962457499624,-1.0313265785094232,32.74857949697843,1.060565255662446,2.923988567458259,5768.541845178092,18
3.409861062162666,-1.0427726071367982,32.52149553196405,1.0454513475459115,2.9521397339400437,5761.738260248655,18
3.4106219656578527,-1.0495079676737495,32.56364325383231,1.0788397274136978,2.990204559004863,5725.433858016912,18
3.412139758414265,-1.055240919085814,32.440975107172484,1.082572331137982,2.986785597271389,5740.894135724687,18
3.402786281801039,-1.0619305679875035,31.978044202250807,1.0884179126831794,2.9720443448712746,5779.976948399699,18
3.4029436726723947,-1.0491531536143308,32.10662914262451,1.0917270568109327,2.982152592751288,5768.9817515821005,18
3.415632267579383,-1.0047021550944188,32.160067896689135,1.0986664006786964,2.9783117971967195,5750.501439467125,18
3.4288156417108357,-0.991061732333194,32.199492628856376,1.104304732814912,2.9898901959901223,5754.210244455646,18
3.432554308231586,-1.0039840231659594,32.14098687325754,1.1013963149867174,3.005069803166133,5777.935524123544,18
3.428540979234976,-1.003894615344249,32.062870599890275,1.077676004833644,3.006317528345252,5790.7083210825485,18
3.423098147556346,-0.9970931532562424,32.26653687671949,1.0548286412351882,3.008922210303686,5787.921720115088,18
3.4194500967593178,-1.0013262806827443,32.52971855628448,1.0816311554242213,3.0116929751570507,5802.233937471998,18
3.4208288184203552,-0.9911328690880944,32.6498896691107,1.107323777931993,3.012357759219344,5796.878096823199,18
3.406132090476251,-0.9887337127039504,32.71778032856603,1.1256478255794893,3.001188447398524,5860.105232484879,18
3.3914340986573137,-0.9703659717541008,32.71104507719744,1.121164935891346,2.9927259341790253,5866.336318149361,18
3.385330019031374,-0.9863530275642236,32.63644986169739,1.1397558014879952,2.98247128062778,5911.330818422381,18
3.3771107953081847,-1.0025770103418703,32.83359982890468,1.1537903425514062,2.979611571117114,5924.545664797547,18
3.369161299052631,-0.9707708704856118,32.957134369880926,1.151653949505112,2.927580882144228,5947.417713233648,18
3.3722686237759065,-0.9425608879990042,32.94561089409722,1.1294957200686129,2.91022264957428,5971.702148437501,18
3.370296265489311,-0.935706812848327,32.86340947305002,1.1103205616756149,2.8967905531647373,5984.940676453293,18
3.354039172972401,-0.932622376629101,32.9766626460578,1.0952812858379863,2.8657008900864565,5994.455794795867,18
3.337239138968956,-0.9208738793181684,33.12041693519947,1.098744182176489,2.843097400494373,6021.374621975809,18
3.331089481230705,-0.9091499505504486,32.947690102361854,1.1326996780210934,2.83215481619681,6065.543220766131,18
3.3285352235199306,-0.907800585565601,32.74384151991977,1.1472566537959594,2.814139124313136,6096.139070900538,18
3.333291596836514,-0.902578497232075,32.54031307808387,1.1299973636545164,2.8128737070227188,6117.23317529822,18
3.330081896115374,-0.9072414534066312,32.47969842726185,1.13642769731501,2.82407187133707,6147.02689747144,18
3.3197750925590483,-0.9057688813482988,32.673990167597296,1.111566240001322,2.8141927894298315,6188.697143117161,18
3.301071453265391,-0.9077619412466618,32.61633209173824,1.0990562827783668,2.8020346070703206,6248.9769667758765,18
3.293209418173759,-0.9297243247749996,32.64172599136189,1.1086205769610666,2.8266827150057736,6260.10206390709,18
3.27716972238274,-0.9276900526443258,32.67062122249261,1.1305430678911117,2.820678141809278,6300.603274109545,18
3.2729681807179607,-0.9197509076219303,32.495997630567096,1.1333706026436177,2.7973173779826,6329.49791124132,18
3.2771881780316754,-0.9042493047252768,32.21890837146388,1.1411473174248985,2.7814743365010903,6359.7476530998,18
3.2776431661352885,-0.8954797076281684,32.10636158057866,1.1346111060470645,2.7656884859966966,6397.955241760475,18
3.264516293788895,-0.895695853617883,32.12826733606263,1.0970384066250145,2.723510997697013,6428.228169102824,18
3.239547751283132,-0.8930524142198674,32.03882756797216,1.0639184373681254,2.6686948345553483,6445.166005124328,18
3.2206570315959198,-0.8987720508301964,31.96668032847854,1.0494443733632353,2.6506258723556337,6452.463083137322,18
3.1993267907891223,-0.8595425434223634,32.233562452391475,1.053939063275587,2.6145563907520724,6482.288827984992,18
3.199898753114925,-0.845865617516219,31.990980312388427,1.0556796096986325,2.5683172902753246,6505.824885542677,18
3.1880229818350947,-0.8211041584237062,31.888980380095884,1.025855358569851,2.5094010894016523,6556.657308817767,18
3.177038844768292,-0.7835120528829547,31.77070290213417,0.9971075950984872,2.4667503850861667,6589.396864149308,18
3.1662980433433288,-0.7760659523548619,31.701715838524603,1.0043814759100635,2.4311286518650674,6606.422867313508,18
3.1574331090441743,-0.787251882655646,31.689924896404307,1.0057030394940394,2.423905497383473,6647.024671328964,18
3.1524906175538203,-0.7875951364048921,31.825984855706544,1.0046475862943998,2.4034078839004684,6702.635702809979,18
3.1425126880727787,-0.795059876416319,31.914377499652165,1.0083389961591331,2.400034991643762,6740.052288096438,18
3.1239779110877746,-0.8000641439550666,31.95233543628433,1.0139371376738326,2.4006131190980207,6757.244085496472,18
3.103257016896347,-0.7915871102750088,31.97449712172204,1.0095750213096646,2.373899341911398,6776.360845094086,18
3.0871706649821293,-0.7922143394588143,31.827119786252258,0.995209171887367,2.342026706664793,6802.026335685484,18
3.078107332243287,-0.7905164234954397,31.633515928808507,0.994887370362504,2.3035231243324965,6822.981665826613,18
3.0711520581262515,-0.7575025149357362,31.76241926993093,0.9915642386909882,2.232579263307715,6857.007831751232,18
3.0453712940216064,-0.730540931224823,31.67279815673828,0.9633597731590272,2.2176876068115234,6906.8466796875,18
4.089768886566162,-0.1096560284495353,20.91767120361328,0.1935030221939087,1.5092604160308838,532.9585571289062,20
4.191754755176259,-0.2515058563856467,21.00006078061684,0.267145307674951,2.543684516937283,115.69901658462032,20
4.127930564812494,-0.7973817419327027,23.352174052988502,0.6896029320475894,3.22206938054638,4.844863755847214,20
4.03678379703671,-1.4025291824892323,25.32562749665827,1.2603267716555409,3.389605169194449,20.85464189400453,20
3.984136494029035,-1.679637095257905,26.5900938841796,1.618787703565007,3.295252691384312,87.08733710020887,20
3.982256577956719,-1.6891611912072342,27.384663188160527,1.693844949435509,3.216063885077887,117.77085786866972,20
3.992821461789549,-1.5684761390143018,27.6243794397103,1.5914970670306383,3.2321458634956874,128.08429446508876,20
3.996251796912468,-1.416513792348502,27.45053446759533,1.4477183714880213,3.281465375126469,156.32627754618687,20
3.9992321318154658,-1.311716853087483,27.4944382799902,1.3488491956025257,3.312499378923844,177.56500016073315,20
3.993946287979859,-1.2604866365096747,28.048202928699208,1.2939291456415984,3.3346195746995377,172.86061796683856,20
3.994301152823234,-1.200382577991146,28.40329507576613,1.2140621998980377,3.3449222540940253,217.99342872918288,20
3.988361204646236,-1.1817154778280292,28.737107680785694,1.1454184967427916,3.386538310831552,191.4666032349936,20
3.9769521463808215,-1.0938692627428264,27.702717614767813,1.0758381776538184,3.3919212427851995,261.3400958186792,20
3.9943927607078153,-1.0430462237354698,28.00661128101824,1.0292996558430356,3.4407735702406046,187.8945715418913,20
3.988431017593981,-1.0315018268666658,27.87677760141176,1.0292793457194156,3.471027691593374,215.25556495096333,20
3.998513099561807,-0.9696840684184824,27.70818502283605,0.9210438037894376,3.4834137158037506,222.92963765100228,20
3.993090811149081,-0.98187779107552,27.81711355732005,0.914515358485361,3.5000981758497787,173.15460715514484,20
3.97287015219176,-1.0263653232109504,28.1793661592694,0.9556133158478448,3.5081308838311465,170.66661631085276,20
3.961345856724261,-1.0125779863778384,28.35501664049685,0.9494356048488956,3.5041723590728653,198.55249251504813,20
3.961218196302122,-0.9841336086127258,28.11551845455509,0.9632129265108144,3.5128819955201336,179.77438202447317,20
3.9619374207330345,-1.0010535055208036,27.94022265532687,0.995624065611286,3.534471288694606,179.19486385902053,20
3.955592646717601,-0.993592733378088,27.91987315615725,0.9894949442763348,3.523180680767073,139.27803718322542,20
3.940486062039684,-1.06021875927881,27.57885976363756,1.0246645950337745,3.465431053019079,171.16217203920849,20
3.962930661927763,-1.0212802454245895,27.574097480638173,1.03254161228913,3.456009025251314,218.3904782766973,20
3.970493335316614,-0.984031946421518,27.251320991651863,1.0456838484760709,3.5069318080712044,213.66176716543177,20
3.9510629826169,-1.0362888509904786,27.49410465009696,1.0359479854963851,3.4971713773720627,243.65461388856065,20
3.956749424815602,-1.066985499816433,27.515908597627146,1.0603154651635058,3.497332672207381,277.5446617696634,20
3.9620526426627545,-1.06633500102576,27.59324964679433,1.0548551012612746,3.494813826584731,302.6087925595321,20
3.954616320090786,-1.0705692980213095,27.95151926359672,1.0519274876211038,3.491036871574104,343.654849992528,20
3.948728605097299,-1.0793662315161627,28.36346207818951,1.064809932615409,3.481982881488325,392.04061824486354,20
3.953564976458024,-1.0572361263091878,28.44619061344459,1.0418098358921308,3.4690878119757165,399.8585979420944,20
3.960485429526224,-1.0132930406047782,28.1923630534542,1.012206440718573,3.484967031088588,381.1067653669583,20
3.950964825857577,-1.0403185421037504,28.38815135887933,1.0555935983556022,3.4788482664318696,445.71183988632254,20
3.9444751926164185,-1.02857495796638,28.468013987422413,1.0652361060376694,3.4608780667450927,421.4440680127127,20
3.950976073105565,-1.0919503049918342,29.047971956246265,1.1191694812842536,3.467283129267845,467.4905233688627,20
3.9347264597000176,-1.075213079562815,28.86016822624885,1.1447542082796742,3.4656809513254947,506.6264540377037,20
3.928552727682311,-1.0326524858372916,28.551587488303404,1.0982689984752616,3.4504149791608927,570.1411434730176,20
3.9274451053863744,-1.0275037840167822,28.149940789382228,1.082822647807437,3.457919153454465,567.8523103435692,20
3.93180471807188,-1.0478808540466418,27.95292144313826,1.0709208899121267,3.456614079424495,561.7185251907946,20
3.940228301010946,-1.0112844897546804,27.893418230620146,1.0089842719539632,3.453552073855417,558.5093763901245,20
3.941393173462132,-0.9717877053281166,27.94597527989289,0.9811476477524564,3.461624512893025,528.7107661237072,20
3.9374633399617207,-1.0093018211079663,28.17836031116201,1.0372182480805283,3.465895474169178,492.6966799264276,20
3.944418229242237,-1.0186490331680322,28.3637999605878,1.0397765632201768,3.464928833191081,507.251450290884,20
3.9346646363200666,-0.982585759349565,28.48750876362213,1.025024484697186,3.4808011852549487,596.6173543149466,20
3.942129487244684,-0.9566637343359164,28.9815915878133,1.0082892268577928,3.477421437294033,616.4007566187306,20
3.9437887422554856,-0.9456464024625214,28.076792503166875,0.9492171254022264,3.441165609716096,658.2641169320648,20
3.941520766431327,-0.9751213676564632,27.81470892692376,1.0024973680116105,3.436575061485861,660.4437653348115,20
3.943881179938537,-0.9855261450348376,28.36429191738685,1.0336553878631456,3.4636471619385416,648.2418221578904,20
3.9299307141015536,-1.0011861909750943,28.635237160950798,1.0612933924189667,3.437127787871717,685.4405115745247,20
3.9243756341764513,-0.9751858767453464,28.39276700342253,1.0711069573711245,3.424104691824455,704.3981894496497,20
3.921858812990562,-0.9379509842268512,28.29740453699729,1.0295835466147318,3.44651863159234,715.4670060453042,20
3.923704192731728,-0.9290307166313362,28.449586399933622,0.9967822933112176,3.472446291896372,719.0930384299933,20
3.934771732079177,-0.9306338039157228,28.441309674354635,1.0209430345861088,3.48775878834979,697.0773762876029,20
3.933187787643107,-0.9187236746435063,28.38775993157112,1.0177763497914285,3.496933449629787,697.8476210624722,20
3.939793032683512,-0.9036524196112284,28.31267428143593,0.996579253588707,3.4863705567193626,712.0939748092055,20
3.932562752126375,-0.9534501260497816,28.04231293769918,1.0074064067674278,3.459812456178496,794.5644487808605,20
3.938086159288671,-0.9466196816162706,28.50939994350447,1.0304745821766157,3.48094356950916,711.7573031496748,20
3.940690393973924,-0.9574186381920377,28.278080753584348,1.0343359520002615,3.476676027969958,732.7908425110516,20
3.946636343341705,-0.9820759845798128,28.97140447949176,1.0698310115583427,3.48139035574482,737.8874574708769,20
3.93997948704241,-1.016644820942149,29.53411188159549,1.109020868866469,3.47263436555014,776.7060260161809,20
3.9319973119213065,-1.0165161055602212,29.61890995120663,1.1048468164701903,3.453329943253052,818.760543008716,20
3.930868808909243,-1.0003945873089108,29.53887381842128,1.0787059736845757,3.4438789187801264,845.8946652666955,20
3.939326875150416,-0.9661627598504576,29.511396577773997,1.0302905177306447,3.431800551261766,846.6464541832322,20
3.948078866955224,-0.9213586189780796,29.523646103529742,0.9831285411989136,3.407815690142404,827.7502567386288,20
3.9404146756141634,-0.928057060122914,29.55362711597592,1.0055055367989048,3.4109795797762072,822.3674548817698,20
3.9346482622241634,-0.9186509357652632,29.409929543627538,0.968950893000776,3.435766926015399,795.7397115578431,20
3.926751741735112,-0.982531959900228,29.129034436046016,0.995905756526146,3.409157141247678,795.7859036591553,20
3.9329963850381113,-0.9864961572813394,29.54540815726718,1.0313943358290665,3.442893086379109,799.6078282692255,20
3.925439933016631,-1.0389103817345835,29.71620695446734,1.0675352502123745,3.4490167585556195,808.2145511722225,20
3.930760799353657,-1.0401634408485847,29.65389133263313,1.0666976789562728,3.431529985203862,829.0680748338802,20
3.9281123202042223,-1.0595149416940493,29.70945824592563,1.0709924417882628,3.4213045933068438,831.9790514745746,20
3.926854358449101,-1.0497319626214243,29.90840787310617,1.0564078151967604,3.4307017971188145,834.6538416092081,20
3.925700454949484,-1.0151896572197885,29.808464179259605,1.030402188623503,3.4329934485018043,845.2498451314362,20
3.924788853027642,-0.9990598216811956,29.54622837148103,1.021555619095568,3.419633768207238,873.2627525465343,20
3.93070711190166,-0.999704803436252,29.505014833606435,1.0296784579965992,3.41084348603924,881.9762718770851,20
3.932311016893896,-0.9880592505914884,29.46907840335072,1.033917899657823,3.413679959510993,822.9086434035115,20
3.908737247948969,-0.9933261069538756,29.524108221522425,1.0416673366709537,3.418805859691308,843.6025214687364,20
3.9109206182676703,-1.0254958406674053,29.0521780400938,1.062213023786443,3.399565100669861,893.0238940690336,20
3.918874376609232,-0.9786045981895884,28.95002308095477,1.041942537891483,3.399991512298584,901.4381440186417,20
3.907257790243074,-1.008810493127307,28.75903268047075,1.0466848552439136,3.4064907891894576,942.0029307735348,20
3.9046678195220297,-1.007963010424821,29.04497014924725,1.0602231772344732,3.3989351720572367,931.9765887820424,20
3.898132532516832,-0.9838576845002768,29.5113386751494,1.0561186749740004,3.392629148272857,904.1742587378016,20
3.887732015385746,-0.988413384800704,29.622793313023035,1.0675545192698144,3.385794762614783,924.6503487040566,20
3.879638382124307,-0.9943453608034344,29.4355816179323,1.0731377737377883,3.3837925102362854,956.8129760090568,20
3.8747865135559407,-0.9773454080697054,29.27850535246825,1.050517039366888,3.3769337358848053,977.0880083511736,20
3.868269671324733,-0.9618418830781644,29.235583844982436,1.0266986056578966,3.3593103571718697,1003.3855094502404,20
3.8623482519197294,-0.9648137277131402,29.24216550100741,1.0296707246651429,3.355107886935468,1020.1072559288812,20
3.873800183954612,-0.9793764853392632,29.50472325362345,1.041549878612532,3.362821665522891,1031.6734334599505,20
3.87510255732146,-0.9867741724350276,29.96431379895193,1.0685795159526568,3.3595811048012187,1039.8813215914145,20
3.890699424353359,-1.013068671010143,30.05997047899457,1.0884584922383265,3.3770253942530357,1004.0591305770058,20
3.8790336698823977,-1.037746104905614,30.59984061896165,1.096939443269234,3.3583501598588934,1048.454767736252,20
3.888154314081864,-0.9939977244550228,30.86758757146652,1.0409562753188657,3.386022652595493,1047.3692965795983,20
3.904347978028538,-0.9696993257227318,30.910224996003397,1.0532629718984148,3.4041854919487897,1040.2973989031918,20
3.911630000932361,-0.9697219951084924,31.006081995166493,1.0754226376153395,3.411540846807677,1057.1526085252865,20
3.9157420392562488,-0.985506817963624,30.9263519680797,1.0748951558116493,3.3963772495446256,1089.0353139422543,20
3.917416342212636,-1.0194631094822255,30.972450921543977,1.0761038824332567,3.379585840948112,1097.482846731817,20
3.913444155051615,-1.041842248940383,31.35493378961638,1.08199945548251,3.382576431668101,1069.981882332907,20
3.910313291057573,-1.0195228168972872,31.38331724146507,1.0651475305659064,3.375792660322902,1058.0933068977984,20
3.899010592083914,-1.028019911029585,31.385003649891484,1.0368729248589894,3.375085177370662,1107.990051052324,20
3.888586765082281,-1.0237389768994152,31.28734147760792,1.0248225344033428,3.3756249141862806,1136.6925787331795,20
3.868958606414524,-1.0119481642475332,31.470651219323862,1.0334016025278492,3.368072420676832,1136.8561820576624,20
3.877559796771121,-1.0081502718857598,31.274881756602657,1.0599817279394836,3.362120003462686,1113.7356502220723,20
3.8769850892104287,-0.9911531029646932,31.1670978247483,1.053056515832813,3.336498780606904,1148.7361196063168,20
3.8734542258693656,-0.9735059408318528,31.26940452331326,1.002904077971957,3.3374236054267747,1144.4134469354703,20
3.868743149835444,-0.9685179869051082,31.22687835286096,0.9869356093881818,3.371673869916977,1147.774947522798,20
3.861248992940285,-0.9815574450637096,31.22974692714596,0.9944251225300108,3.389190213111796,1177.9793590396323,20
3.855586573746705,-0.9847843977904404,31.29070072241949,0.9870968492854107,3.3754011591982587,1197.419778518405,20
3.853694420692335,-0.9739388198827084,31.246595263905373,0.9891334782715794,3.357593616981099,1195.2744611964106,20
3.849458774213689,-0.9885638432570624,31.28908788606365,1.027979180906167,3.342811654046761,1215.399374530833,20
3.84837749292842,-0.9856041286975884,31.288493319338325,1.0250054102563346,3.331032139974981,1267.273726602466,20
3.846458378211459,-0.9404988522207186,31.22317606698576,0.9770343878515249,3.320147628885996,1270.1938845814336,20
3.84934288920881,-0.954845750034916,31.27829611089306,0.9568406430427712,3.3296563697455195,1280.3009960676852,20
3.853271601463128,-0.9502016238046288,31.127839505884573,0.9455289395254278,3.34864008553936,1296.9558830940002,20
3.855394419826223,-0.9993005104336448,31.381524245509897,1.011704578306327,3.3641616865409225,1264.429222025481,20
3.857250121140395,-1.0163057754048248,31.320945699019788,1.046665663820993,3.3800459875330806,1238.3896354050823,20
3.857553192304971,-1.024584996318478,31.286297479134014,1.0524949427177048,3.370624468844132,1279.571920265931,20
3.85507290982691,-1.0102648904739324,31.38510481403392,1.0319240182319993,3.354200329220592,1317.1884422438,20
3.858294180703757,-0.9755643779060592,31.385149891266195,0.9991929576702387,3.3538974918080395,1314.2098551577096,20
3.855630865300677,-0.9655011062944484,31.31682967460877,0.9878584687395876,3.3506280552874257,1332.7508054034138,20
3.8296688383584345,-0.975573136713157,31.34252901857858,0.99167306747725,3.3263256681347237,1393.5337513553714,20
3.839477335430973,-0.933651368388926,31.036104935344003,0.9595599846907782,3.331458247004879,1405.1835172931494,20
3.838103897630956,-0.9439893282181004,30.99645710330841,0.971307193999613,3.3305808072412564,1385.92364154422,20
3.824575354620231,-0.9480121653275132,30.832139262949443,1.0259366043946074,3.3491590871505466,1400.2051906382062,20
3.8260320200190425,-0.9550304556020216,31.089538068533795,0.994532843395484,3.3295512212128826,1419.5472307850034,20
3.824549552808877,-0.9610161601012288,30.74561406200042,1.0033590104232055,3.3272827324918155,1438.611936738907,20
3.824510803426288,-0.9379098302953186,30.52261249365756,1.0022391781900275,3.337130211850502,1411.1886066694703,20
3.8255325941852822,-0.9466809318583206,30.66384251007406,1.045333113534595,3.341063054855184,1401.5291682884786,20
3.8286786563031616,-0.9572802557215572,30.44896841897659,1.078900427368612,3.3262051097863083,1434.3908311294067,20
3.832682529802424,-0.9327629571283416,29.999843719591023,1.047728965715157,3.3187884936553305,1455.860150428853,20
3.828955481485115,-0.9190462688746404,30.15773823761856,1.0092397463703495,3.338795747621204,1444.414431751835,20
3.8189818910008224,-0.9506465688719018,30.67487693596565,1.025808169324203,3.357042407650116,1448.6850733638234,20
3.8307365395420394,-0.9410701628469492,30.408694755988613,1.0253034679490909,3.361776491076921,1447.2670815898855,20
3.821383283655839,-0.9943016697503496,30.325118020760208,1.0863927386409449,3.341370653851601,1469.320051851646,20
3.827050417767725,-0.9657089490695356,30.27756109271609,1.0706602740118087,3.334429270856321,1435.5001146852758,20
3.83094845208409,-0.9696201582396158,30.353743033901228,1.0716256285053132,3.344891144287544,1494.931340010565,20
3.8165495438083634,-1.0117224898202566,30.45936385931918,1.0882360494009542,3.3369651252264654,1510.4006089179966,20
3.813337116479025,-1.0278579263924703,30.30547490238719,1.0956000675086024,3.3117109329250782,1547.4364613163093,20
3.817425052890574,-0.9985944722046628,30.00284054101149,1.074765716583279,3.2941044853251173,1563.283720077569,20
3.8208345416601865,-0.9724993222124636,29.93147102030147,1.0601945283998375,3.30902760223986,1561.5476799690002,20
3.815767322570828,-0.9590745914024816,30.078450756140874,1.0455353417006252,3.307673419921848,1568.0521505226868,20
3.80807274516367,-0.9519812352292478,30.216038768401773,1.0272372681050963,3.2818511652352544,1581.2615793031305,20
3.814529634031113,-0.9776533816632854,30.218251438751757,1.0546002468604638,3.299502756671973,1603.116920335438,20
3.819692390245051,-0.9928237042817356,29.728155231136444,1.075790312366554,3.269809064491788,1651.388628868022,20
3.818741912943613,-1.0028240900234826,29.788950329573552,1.0341776030343623,3.2731124667510443,1615.7419566090002,20
3.810836713933436,-0.9369045266901476,30.03060410794838,1.0254643464003594,3.257899521932908,1569.6307924752562,20
3.80763803979256,-0.9476863694148556,30.345730642406963,1.0066723441738252,3.290228999806468,1557.581475417385,20
3.812150744780951,-0.9619873085480144,29.92253423670433,1.0165387684764386,3.2948321311923534,1545.7818560074234,20
3.811288489989963,-0.9936298103307064,29.962038108038307,1.0214397449086146,3.289774034795388,1558.331974341776,20
3.8038906219591024,-0.999628353373436,29.967336294914052,1.031299891420955,3.278446267932335,1592.0442585249389,20
3.79326317700627,-1.0097119354268411,30.053426067175817,1.0564399972504994,3.2742918729782104,1624.574985707782,20
3.7874933561820576,-1.034805338577868,30.36050362094866,1.0763605570029533,3.2758674969452555,1621.0053319964966,20
3.788283376507063,-1.0329696864844211,30.582875787999708,1.0690938747650365,3.273813939603622,1599.7315532643602,20
3.789785689730661,-0.9975564747094258,30.500112289211497,1.046165497277555,3.270432750525424,1622.3261992430776,20
3.799757012693059,-0.9802639425012988,30.08717902105474,1.0264917847524755,3.252092520113093,1649.4611093107071,20
3.8008235094810296,-0.9681219344037284,30.182938687741974,0.9952109441214184,3.2143135325340197,1687.3562854481763,20
3.794368586930516,-0.963548469161648,30.44495096579989,0.9843830803535164,3.2374451168915552,1697.816575888637,20
3.793955699404788,-0.9769443120820664,30.474407935906136,1.0356593615643912,3.261652310972112,1708.2690416655082,20
3.796651648881172,-0.97166354715612,30.66154154848798,1.0192771759745916,3.259256158435048,1713.2211388421651,20
3.792305519572357,-0.9660177383558606,30.489311863094887,1.0109489091350514,3.2631266015280183,1719.341602691976,20
3.7885813293083705,-0.9676912469371782,30.64561497019703,1.0323579585000713,3.253638139398921,1701.4230357540036,20
3.784548968182764,-0.9710495932246442,30.68490312107941,1.0384209605722663,3.251372131164388,1681.7988207399633,20
3.778367997064285,-0.9675893460092172,30.42745021738616,1.0077470018133998,3.257707575462043,1696.7869021595586,20
3.778966038252536,-0.9524052830353326,30.311667690073467,0.9695389900767506,3.266267458314997,1717.3009059267958,20
3.7870851958773737,-0.935867275949899,30.31238333949839,0.9620562534103192,3.291298057685119,1697.4665012563253,20
3.774824793228475,-0.946081459098015,30.24604556399308,0.9972037166038868,3.289346857003045,1713.9915536900858,20
3.77178217465343,-0.9465347580426108,29.983320623105957,1.007790137228168,3.282472652048403,1727.7839264241827,20
3.777711832650616,-0.9699733609406552,29.968908907255667,1.005631306417472,3.29515270745627,1743.5901830272744,20
3.777210891883144,-1.0065222785566206,29.93718825710201,1.0247003834866972,3.279799849961576,1728.7454041178962,20
3.774543091071458,-1.0187234687635485,30.278660268546005,1.0430057676661484,3.296954352660536,1710.1285648006558,20
3.7658291809075246,-1.010270679548542,30.22453267379164,1.0593451174552753,3.271872169606626,1736.124406807787,20
3.756785257855344,-1.013902458431882,30.197933278474093,1.054696293488092,3.259600013176317,1781.0326679270458,20
3.753601724566938,-1.00795008258039,30.401158634878136,1.0355154458314075,3.2494089980990863,1808.214008589232,20
3.7517753360110246,-0.9694557003279176,30.52156616699653,1.007439296440722,3.235079698291113,1826.3361725179325,20
3.748129032260583,-0.937094909228464,30.47823614072969,0.9726769198726506,3.234567492033664,1857.7887462466635,20
3.7506372631656735,-0.9448521474502264,30.60744777014247,0.949392389784504,3.2348200723369773,1880.100300527552,20
3.759336326470154,-0.9221348494185247,30.847677448041924,0.9528474291236376,3.2383857787291777,1857.574770238476,20
3.764097751671733,-0.9584204302139552,31.378458362457167,0.973695993423462,3.262537975752481,1871.610197779971,20
3.780059680819936,-0.9346909590887428,31.046477290659187,0.9703760743141174,3.2566373666410344,1865.9990699197897,20
3.782556207154569,-0.932153009435036,30.68255985843753,0.9714453551268664,3.248396537482102,1891.5006290313613,20
3.7768604165718647,-0.9475357318263888,30.628901902466907,0.990950724302238,3.2483509375955717,1920.1327953406503,20
3.769940153983988,-0.9854568531504736,30.94725523300443,1.031472321931154,3.27005426993998,1895.361996688028,20
3.773068310951423,-0.9720324698928404,30.791754644536454,1.0177884824123238,3.281174524398885,1900.3693009237384,20
3.772377105794343,-0.9473140895154551,30.60196647101025,1.003885996511398,3.282565678565952,1917.3094412915648,20
3.765323005112889,-0.9579306084702444,30.58772890423541,1.0235408323939583,3.271198405065571,1935.8676929406,20
3.7592692188520873,-0.975579426594052,30.498871379051344,1.019784809219456,3.251448274931449,1950.143448690503,20
3.750625589564178,-0.9744348761449928,30.4829690057612,0.9822516421194176,3.24961393074633,1926.0730149890176,20
3.7480088476608655,-0.9911104175543872,30.35759059050753,1.0048796320300937,3.25034320227192,1934.7653200414256,20
3.764268780094024,-0.962576296511918,30.089437006207124,0.9819815062331136,3.276571286530681,1873.0519941336745,20
3.7499112599260864,-1.0037365623640422,30.10822773319122,1.0254554941560874,3.2554015858741843,1924.7080234514008,20
3.746525837857528,-1.004175503270906,30.07924073107302,1.0270996354652893,3.240437218727166,1989.997585527413,20
3.7577141875474056,-0.9776135057316978,30.293108549830755,1.018295082333249,3.232987392839588,1985.979400526162,20
3.761828861626866,-0.9744580061410246,30.219945174519275,1.0190985306726232,3.2157090282949263,1999.1796979259343,20
3.754621290227272,-0.9794158025568492,30.351252409911243,1.0321620800316973,3.205221722558724,2012.4630769885728,20
3.74823614201936,-0.9915785765096388,30.534832197576232,1.0478555653443118,3.1928872425785264,2034.5972770066453,20
3.742355280499441,-1.0003286211940317,30.544864396607743,1.0507203107202605,3.186983750808281,2073.3695967596204,20
3.7373969470054655,-0.9884731560627332,30.47603795536896,1.0439786380720308,3.1953446822658558,2104.549993223143,20
3.74493202704976,-0.9673486850439866,30.419274374259324,1.0505632997831835,3.2017063848488694,2114.455923494495,20
3.750874659769051,-0.962587214025314,30.475311934311616,1.067483013422888,3.2181551027976747,2131.909298282501,20
3.7472667218951567,-0.9822590826244963,30.682609965368524,1.066514770331332,3.203504280687651,2150.10391094167,20
3.763536699301832,-1.0007264239720175,30.54990598400293,1.0559402171827297,3.200538476166776,2159.8599523361045,20
3.759048991356032,-0.9969370061816694,30.44025600338321,1.0883194763889517,3.195113115887625,2238.888608450567,20
3.751943880977156,-0.9970387930971872,30.380703043683145,1.0728570829506872,3.21257871834833,2241.948070594,20
3.7478904435643097,-0.9874334231390224,30.44835154441752,1.051052663674134,3.208226078345682,2265.9112822508896,20
3.745943550961722,-0.9856142593660387,30.488914353991746,1.0453976456380825,3.206135882177387,2282.393254073065,20
3.7492953441321215,-0.9709849461541904,30.606372330960856,1.0396906167162694,3.209390023424956,2278.7119036365657,20
3.749778767073282,-0.9649974369705788,30.69800503483022,1.031498347949303,3.217541829547,2264.6506256429325,20
3.747718309592522,-0.967495291258516,30.669560313649026,1.0239422317077254,3.2356883105009904,2241.411943428881,20
3.7526198697684072,-0.9355132417534596,30.64449208147585,1.006785332520237,3.2524556596084,2225.6542173772527,20
3.741870077479352,-0.9444611545559348,30.376035167653363,0.9903757217940056,3.2467772824908483,2265.682624138123,20
3.7505892010346,-0.9335263366164688,30.25967846052502,0.9464489217330556,3.213984148358111,2300.725914354426,20
3.7548936389095,-0.9250846545467174,30.484582738095757,0.9253255041892844,3.1941420251364385,2292.1856876251118,20
3.7422394120396247,-0.9275238086532444,30.90790024346728,0.9282534479882794,3.1932380089131964,2296.2445472364325,20
3.738012165361452,-0.9316215546954144,30.68898982933832,0.9072656186025764,3.1802834454804554,2352.4435122887007,20
3.747256069845152,-0.9308093486095238,30.515114261586472,0.8925249749443285,3.191113609436144,2372.4029766910867,20
3.751135178732278,-0.9505040989227568,30.229260359794644,0.9001464992231322,3.19844984329468,2380.21800367688,20
3.754415290635676,-0.9612236666721804,30.170496709830395,0.9084450797678312,3.2161672420773217,2378.980758938501,20
3.756827981446561,-0.9586128965815616,30.249839545144727,0.9160002979095296,3.239219287960555,2373.669241582796,20
3.751907738926572,-0.9644739590717804,30.082079222193816,0.944824501925092,3.2442609665656854,2392.9496844417263,20
3.7474437302966135,-0.9648871839682824,29.90664566963169,0.9689048785331827,3.238764468461169,2433.946919831517,20
3.748478902616535,-0.9423825461881442,30.065257744432767,0.9182874787320447,3.233065883884226,2441.0536188417486,20
3.738542569489666,-0.9533184686165264,29.890841114139217,0.9399278289058448,3.226141505394118,2472.022144684164,20
3.750147382559726,-0.963137913322958,29.83793225407176,0.903486706289956,3.2285063881891056,2484.826491169234,20
3.747321236600231,-0.9649257742637416,30.18317352919393,0.9015054851240112,3.230930935021397,2503.1009082726314,20
3.7542360456812847,-0.9373040705176864,30.466817333180707,0.8853049428861762,3.251054592828309,2482.045086952291,20
3.7461408083973406,-0.9629628106792624,30.513286475184973,0.911649654132191,3.256464114817012,2500.579192789424,20
3.7306041492686153,-0.9806358624395528,30.551605862654824,0.9317460909644903,3.2654648081687845,2515.4155112704348,20
3.7298060362873553,-0.9834782489678188,30.41732205021,0.924731796322344,3.269825806397136,2522.6418083435274,20
3.737536348906276,-0.9810744854903306,30.399171401597428,0.9199898258859152,3.2673633857978195,2530.202048087884,20
3.739159146237628,-0.9740015032876852,30.582067089148687,0.9226645116704214,3.2648081177070045,2531.223587633452,20
3.73502195390518,-0.9741440366595664,30.442355291699176,0.9124422498657186,3.2530263819304226,2543.06526243814,20
3.71676061246743,-0.9807598686303112,30.408501302644453,0.9309039448928156,3.232885729799916,2598.7578098935164,20
3.719176364963165,-1.0130161617574318,30.67077892276316,0.9515912245388978,3.244441843966148,2607.7573915529083,20
3.731413533254875,-0.9956420015185752,30.68406857120609,0.9062574575804302,3.2219981112089866,2612.1848926476314,20
3.727002200282765,-1.0162403734129095,30.966734675750192,0.921587835321223,3.2181344715301674,2600.11491985932,20
3.725026139160916,-1.0015361975096295,31.02091124049285,0.9208400966433868,3.2333201411780093,2601.5991306508563,20
3.716097077865193,-0.999660397339546,30.928924387460075,0.8999036349011481,3.219578216932846,2638.913242326513,20
3.708605278429188,-0.9976537486412348,30.88190807736217,0.882436966132439,3.22811860461252,2659.909781785198,20
3.70820326822084,-0.995271292127324,30.886383891529885,0.8924806577242987,3.234471432679064,2652.2993494217085,20
3.709698923966214,-0.9955509718626844,30.88876634645292,0.897075621258746,3.2192258393637228,2653.09202277024,20
3.708677651619148,-0.9861498910973506,31.02526510652698,0.8725837334407183,3.204656466046262,2672.204209297153,20
3.70890917133182,-0.9707515449710588,31.350098742284807,0.8591665752841908,3.205328642685642,2685.526905860765,20
3.712211825245216,-0.9853785647828384,31.28942707849143,0.8653497297144445,3.219795235535428,2715.924492343889,20
3.7176597279585977,-0.9619041899769332,30.633297156608823,0.8416334568817845,3.2331577594594174,2732.3947215232984,20
3.711845398373451,-0.9719447530673492,31.3140538918166,0.8509955442248714,3.2084453954391208,2711.513876049544,20
3.7133187356792736,-0.9911361024897296,31.397886092976744,0.8866032007750246,3.2078442895963946,2709.9902778163923,20
3.7185515407141416,-0.964234203100204,31.07827970905236,0.833528205699343,3.221378124905651,2716.02980731136,20
3.720810341241097,-0.973733284507358,31.157772451108887,0.865203689001634,3.242241558231069,2702.766440829348,20
3.7093989726063192,-1.001594392430316,31.28788216682516,0.8825175457789803,3.230864108669376,2725.156952012901,20
3.707400325354308,-0.994282778896046,31.21524608517032,0.8627338562147469,3.215311282894365,2747.575587153859,20
3.717717958939033,-0.9623443417489737,31.092889823099046,0.8483007496149939,3.211786621830217,2758.714506210382,20
3.721683646436264,-0.9495083333334464,31.052156855627317,0.8385333643689278,3.201119608726366,2772.574415105093,20
3.716515191509206,-0.9610344253188772,30.9840748505236,0.8137789326206221,3.180591692279666,2778.374158105816,20
3.7104744249391386,-0.9786059037646364,30.90041444988861,0.8161572907318848,3.172720381373612,2801.228747602035,20
3.70334681709466,-0.9820785543672556,31.052400853710243,0.8244546122610357,3.180267381498398,2796.403968458074,20
3.6943332079890783,-0.966237806764786,31.0204973729904,0.8181751211342863,3.174897239725785,2779.0664557731875,20
3.6903766351238265,-0.97567465890769,31.68122918071272,0.813458793103907,3.18678659052187,2799.7367160566337,20
3.690050907406519,-0.982088086868096,31.566702913983438,0.8463827570986495,3.185495734639015,2823.8052001084297,20
3.6946672947805546,-1.011777713417583,31.37993588566356,0.856490034861921,3.1901144790479723,2810.3215927178326,20
3.692232550251102,-1.0005432182783756,31.29184981512429,0.8466860077135078,3.203541334837781,2819.889017668484,20
3.68401881808488,-0.9885459291977392,31.3678936092879,0.8428945050332894,3.207586854802332,2847.100422597865,20
3.6772150289121472,-1.0008150930930713,31.555519117579344,0.8472104944368275,3.197584933657663,2859.190287199733,20
3.6765538632233374,-0.9983370164110986,31.649009117452277,0.841628477030377,3.18048508523622,2861.9106662519466,20
3.681541549777645,-0.9765919313312004,31.48531268924156,0.8352650902449456,3.162923845956334,2886.1566479231547,20
3.684887049885407,-0.9997703234708178,31.22856352592278,0.8720170637042495,3.163128025591161,2927.526281607957,20
3.686936353873528,-1.028551212833445,31.479520933483844,0.8978417706659254,3.1844694207147346,2930.515441677324,20
3.677681682372857,-1.0560520531019704,31.21181854234472,0.9232821994829008,3.2014031868388217,2951.7772142946505,20
3.670190576980971,-1.0709913090878955,31.13406961244196,0.9214307805821564,3.1930675905370203,2989.081125062556,20
3.673972424663259,-1.0557154652486918,31.066012022758294,0.9207862332410236,3.200643266647312,2997.733007464969,20
3.674479980061487,-1.0374506508328312,30.97139296752278,0.92507738914354,3.207667065684906,2988.446292537812,20
3.675736783662301,-1.0299520982542072,31.09063198388259,0.9506246778464404,3.20998496008089,3001.5655126605598,20
3.6722154837910392,-1.031161156413394,31.228891542373603,0.970512499164432,3.2138859029342277,3013.6693336785474,20
3.670417838673575,-1.0273021039589445,31.343096502310868,0.9763840463449946,3.2090050402060943,3021.094063646853,20
3.673991451059796,-1.0267206197107392,31.484921947492825,0.9787017681844716,3.20899167688716,3029.179021977869,20
3.672744597828685,-1.0466312091545704,31.42093901108168,0.9742817453430216,3.226579370447749,3035.4197302984603,20
3.675142356933648,-1.0541511757093815,31.09059578837873,0.963934108455834,3.19527435217888,3078.341366805216,20
3.6834223032846154,-1.0522561983281606,31.28173406947126,0.9430541759920296,3.2008717700679954,3063.5176311234995,20
3.6706928214144448,-1.051729307904362,31.28040042212001,0.971698816136534,3.198202524320935,3103.909671444062,20
3.662031687451427,-1.044036462849994,31.292073636716797,0.9553001291811256,3.173843653176603,3094.4552293010456,20
3.653021386509689,-1.0331646619742452,31.093471269166344,0.9434017165699888,3.1723881353262904,3125.288901766848,20
3.6514625583255,-1.025737904356892,30.91079569032608,0.9372823423974456,3.179302291513762,3177.470956388317,20
3.6512365476940873,-1.0407675144086952,31.06317280535172,0.957407930143363,3.2052583422949303,3184.924125264124,20
3.655064940452576,-1.0479746460914612,31.38085174560547,0.9583080112934113,3.212660789489746,3185.106201171875,20
3.662467350739177,-1.038298596690982,31.415182100072016,0.9381447920171389,3.199798794403619,3197.3093748262345,20
3.666761038142167,-1.0395369852140706,31.293992762039565,0.9362020694064076,3.1964169944308405,3199.988413746247,20
3.666496316733309,-1.0539510445238436,31.47178656690061,0.951391343120154,3.203110843366576,3194.6006293788923,20
3.6647062051338657,-1.0423994605227298,31.55826498690025,0.9634196182374858,3.202868827721402,3194.2482957941784,20
3.645630731277194,-1.047418031404027,31.851250102087278,1.0205786444538434,3.1862622266138154,3205.796729036921,20
3.6517624307781777,-1.0470531860704524,31.750831139045253,0.9903460166208256,3.171007009163445,3226.978364883369,20
3.652787334129904,-1.0280677814076382,31.776133914010803,0.9562412831282706,3.197822192385527,3194.716198252614,20
3.653890943187836,-1.0455656978583423,31.66089105775772,0.971334998187646,3.2165755165005074,3172.975665000833,20
3.65785454006806,-1.022119654030987,31.458132204211907,0.9490010328988592,3.2116964805168613,3205.274849345251,20
3.659569262185555,-1.0040314997218256,31.333743655384644,0.9406710054950784,3.1860316873020964,3250.194256005339,20
3.659740311395231,-1.018421841685882,31.54695037081572,0.959555293317367,3.1838310121217237,3232.0982366270023,20
3.6611534704941446,-1.0323072803402285,31.81543626819217,0.96914981703317,3.194937174430521,3230.242614094475,20
3.6600540965477344,-1.0291326309014046,31.967957269254526,0.965109608563664,3.187502287460816,3263.834750681161,20
3.655124270619023,-1.025170140313083,32.1236797923295,0.9665059095175654,3.1740795929661,3236.2413104182897,20
3.658725332959267,-1.002546167882736,31.83388222663852,0.937865321322268,3.1701178160426458,3260.5077360431496,20
3.6549430856501086,-1.0225724968197505,31.958912991968337,0.9277396469353776,3.181841392109827,3254.4637372977354,20
3.636606952049554,-1.0267437217074358,32.05405286198409,0.9473144770517046,3.174522807165397,3305.260016716248,20
3.627453000095816,-1.0190712255939471,31.65096330812394,0.9010928313503072,3.162581934623447,3334.542379250305,20
3.627027645654101,-1.0197270535913652,31.6633587290808,0.8988094134687106,3.1450172768793068,3352.346882993216,20
3.642890380370659,-1.0214856990291554,31.38557516892186,0.8986892067028535,3.151559711351089,3375.0178956815776,20
3.6472522330029578,-1.0104085100927385,31.199389983750745,0.8810962396160135,3.148038296512861,3395.4512500695064,20
3.639266683961997,-1.0115861625433815,31.299991414216063,0.8717285545271062,3.1447054728918653,3423.654226499944,20
3.635937347955127,-1.0220463241970836,31.35771579674554,0.8733984469518967,3.150582918492925,3431.858235097864,20
3.637169847284772,-1.0314911179695263,31.51301390759885,0.8805573504166245,3.1578321792052733,3420.1538494286588,20
3.632395025674135,-1.0395589956609372,32.07179879293747,0.8965787709395656,3.1589455977877683,3433.6970753517016,20
3.632798461303168,-1.0202301337625632,32.06170181871733,0.8948964031141424,3.142207822765744,3443.632858113462,20
3.62445247470272,-1.053529258724634,31.79390698904669,0.8930715364917743,3.1237630810177626,3439.735245565505,20
3.633452860061809,-1.066676155740256,31.761183202478808,0.8981667977635123,3.137852007383978,3492.300083581239,20
3.630143516004298,-1.053636411755111,31.816279584402714,0.8505885902248681,3.1412621503198697,3533.9440509619653,20
3.630901530544104,-1.0446257629428468,31.713592844925746,0.8281039589240456,3.128754035433841,3533.487388963801,20
3.626911011454898,-1.0613590338900414,31.70111957563624,0.8044293728587472,3.124719767383833,3536.55816194256,20
3.627053643885032,-1.0594053779632593,31.81073942557773,0.8330096512290514,3.1250759053484827,3534.081004295485,20
3.635153602450768,-1.060608074334168,32.026962728262795,0.8494733200802924,3.131449483891823,3527.6735752960967,20
3.641732284606988,-1.0659265064259864,32.0441051225221,0.851861472231638,3.1287499568640547,3530.5392371343974,20
3.639561541139868,-1.0605626186866353,31.895090266054638,0.8708147639905853,3.121763637481635,3538.7895142904804,20
3.635981720537478,-1.061237224692552,31.992159470120363,0.874940932539434,3.1346938470080232,3540.713251622971,20
3.642058683884101,-1.0697827534319244,32.06739842425038,0.8594964738418202,3.1438372737572284,3550.903868542872,20
3.65613348755548,-1.0493606787135163,31.885487417309307,0.8227788147340893,3.156936460118277,3563.242433812694,20
3.659268816170744,-1.0297717577197798,31.817074256435408,0.8353967076943014,3.1718639020817982,3543.9827485542705,20
3.6505035900136327,-1.0292307569038823,31.997925917873182,0.8334365455281267,3.148420218046873,3594.069255136512,20
3.6419449149501695,-1.0505048384445843,32.08554974484698,0.8512712761600671,3.150455405279411,3623.70419452708,20
3.6549288785330343,-1.055946228979321,31.933224026418657,0.8739570564858862,3.150066436397648,3634.142235372415,20
3.657018592773383,-1.0489494223611635,31.973174648352792,0.8982237322898948,3.139393008052242,3662.296904540147,20
3.65295473409293,-1.0340011461349572,31.91753248642349,0.9097287503213644,3.147624898211387,3664.4645722412974,20
3.6495811871362327,-1.014981795036071,31.833102799819457,0.9110884655837064,3.1546935347899847,3686.487342915926,20
3.644951416928573,-1.0133010636869269,31.975843158056723,0.9220182127799847,3.147892222285695,3729.6279878989662,20
3.641949144546672,-1.0346931885145736,32.166261720487654,0.9447751301887622,3.1591518315556213,3707.468998484764,20
3.640562077009805,-1.0319004406708414,32.194078004232935,0.9556672377942718,3.171474010070448,3699.338689077791,20
3.645048947520952,-1.0314409611912376,31.81874818903696,0.9679747223854058,3.163917398961837,3725.753139943839,20
3.6396005471830266,-0.9917661989923052,31.79086819577472,0.9376690387725832,3.1348702474845265,3725.6652336799375,20
3.62175704491096,-1.0158076820848685,32.31376410379106,0.9105672628429854,3.109071956410526,3715.8439619939945,20
3.616956839357831,-1.0492336330040493,32.4505112943276,0.928514323836968,3.091760089388946,3750.0181302650967,20
3.621228452254869,-1.0315730512354286,32.12479275740761,0.9452495782825028,3.080041092909952,3811.5369920832422,20
3.620220177114222,-1.0103806407850409,31.981082020281047,0.951439779105984,3.0835388410982287,3824.7460633410255,20
3.6170922242025454,-0.991515680352139,31.990012124764117,0.9449078756719292,3.0889698169409594,3825.216106156862,20
3.6167972270280018,-0.9828264688893994,31.99100282268592,0.9304098279026478,3.091401881594675,3846.4550290362263,20
3.613027171308036,-0.989489169731683,32.02723017790988,0.918432199658024,3.0873327060102147,3874.71003739435,20
3.605324967051741,-0.9947153321364596,32.093241837525284,0.9113759381491092,3.0808598498856896,3881.112507124388,20
3.610867712421349,-0.9984974644786524,32.05863778871149,0.8971385523093557,3.098821057119404,3850.2945474101975,20
3.607314534883058,-0.9994913331130224,32.08192457423091,0.8759354492947725,3.077696310243573,3865.70973069812,20
3.6150480419715527,-1.011493725708795,32.05627137316504,0.8843401157134791,3.115585812470242,3835.486846815225,20
3.618852214032645,-1.0223258996773448,32.01045158494834,0.876109472373202,3.101288729715177,3866.127262862128,20
3.623078531217745,-1.0287858162910488,31.878236913171957,0.936445674862301,3.1102721436592184,3863.044899285476,20
3.629512452145913,-1.0179949298872215,31.82653231977144,0.9476954530778728,3.1216958578795304,3866.7506112203914,20
3.625543820900425,-1.012037055348162,31.844130960647743,0.9413801465594472,3.122365379672882,3861.112592269517,20
3.617424802848028,-1.014202454972522,31.776962358332185,0.9707852998662266,3.1186827875116965,3847.044953587216,20
3.614790997047017,-1.0332654905488907,31.733966800241703,1.0217130464166932,3.11593901305012,3847.276589607429,20
3.61268436569336,-1.047691122492861,31.89286412887303,1.0310662043052194,3.1082026305147754,3859.502218117493,20
3.609912134998634,-1.0296622238973705,32.11886200276982,0.997620282648297,3.099015268991002,3863.986277732985,20
3.625349527576216,-1.0261498146634087,32.15498441648653,1.0107335542656777,3.1077347336290573,3885.6347004629097,20
3.629479392143331,-1.0178759344107742,32.22908093326881,0.9964318247876558,3.0968933673940096,3946.9876556939503,20
3.631774904464912,-1.037990011566474,32.19656352385932,0.9962233339976586,3.1168328260611804,3946.790532556717,20
3.620914858006922,-1.0215166323549805,32.09970286902159,0.9495163642638936,3.074365773659159,3966.324901648688,20
3.624571872775665,-1.0069587782184426,32.21027740804326,0.9393624245484103,3.0582351103372,3999.919736380254,20
3.6325462874144425,-1.0145104631410378,31.98439177923779,0.9377031351747886,3.069925752823039,4008.090222558941,20
3.6232905379393774,-1.0058897279759744,31.90325103705464,0.923330030619462,3.054423912988439,4027.777023586938,20
3.6082387649291774,-1.0019038618671514,31.86960772857123,0.9170535022253667,3.034675134034343,4041.4208576025912,20
3.60190432860758,-1.017705109195777,31.75696474122832,0.9174711446533,3.040033228880994,4038.970243080655,20
3.6085281677517607,-1.03980375651363,31.68462254398658,0.9197287968893496,3.07231563266062,4032.215636989824,20
3.619594644397179,-1.0626538041647642,31.729139898171205,0.9330617461976632,3.1053768273350184,4040.9783244828736,20
3.615785367972486,-1.08830644100162,31.78051880670187,0.9384187510853558,3.0967308015585795,4081.712161678436,20
3.6168449824390887,-1.065481510026599,31.60740833350348,0.9295142874174692,3.104772602111844,4060.530345115797,20
3.6202059818756536,-1.0203293527996848,31.46773435382233,0.8985209689870007,3.1006973035819168,4048.554892543372,20
3.613331558441352,-1.0393605062545832,31.82901153021436,0.904755526802294,3.117060223932368,4039.124589478842,20
3.6103492962508015,-1.0384596395322865,31.799192157080167,0.8770428813225016,3.1030787810736284,4029.133415466526,20
3.618693251626772,-1.0340817188877227,31.8134140001073,0.8646949424650321,3.0953685588259714,4024.744956454348,20
3.619988170807048,-1.0421522304256614,31.914053940688163,0.8668710434564066,3.096280180262501,4020.0279936332295,20
3.6185089990337542,-1.0484587760158282,32.07544962451976,0.8795371149994727,3.103231671017684,4038.048989292566,20
3.616592324925487,-1.0449817116998694,32.18199718380314,0.9048865997494324,3.109429572400673,4053.4150547014015,20
3.613806788183192,-1.050440714240499,32.237883055337385,0.9344934462652515,3.1025513219663674,4066.458038221476,20
3.612371672939151,-1.0747022280913654,32.284529594339936,0.9473867740919584,3.0858477638285358,4103.057789215413,20
3.6040742982748974,-1.0899835407097576,32.1498844784774,0.9417868784738188,3.08416611401636,4114.170245078961,20
3.587405422828376,-1.109856416746391,32.227894128005275,0.9602780216953508,3.074524275348704,4184.599150633897,20
3.6056082350503513,-1.0746244539993923,32.07917770711552,0.9371288779367324,3.0816889445552627,4164.139633667426,20
3.6056808695674367,-1.0356925191404132,31.92009004749013,0.8908707310720694,3.088083022005617,4149.145990880783,20
3.603849754214711,-1.019054082364798,31.935612902522514,0.888289082304863,3.088733600551972,4161.827032014569,20
3.6010088165459684,-1.0245450760546104,32.18476268320322,0.9108350518759462,3.0866025045673195,4175.053050628337,20
3.600012070343588,-1.0270612742552978,32.26065275932122,0.9423604681822746,3.0854189892256385,4185.782183989935,20
3.5925585544830536,-1.0391585182040617,32.368239474042035,0.974511769318496,3.088340545464241,4196.663379601312,20
3.591076678228548,-1.041461444410141,32.37768922581792,0.9806627307710278,3.0770518347037648,4226.731354954403,20
3.5979013595716807,-1.0235734452556458,32.101734799422395,0.9573237503550652,3.0530885122849,4266.120511635343,20
3.5975949658193622,-1.0166688964460242,31.80174751213861,0.9266089736566856,3.036859522086446,4276.036568095252,20
3.5990516138246478,-1.027668269927816,31.64234944000787,0.8915991240124691,3.0177909980040853,4266.322335131228,20
3.590592163737558,-1.0457461870862073,31.462462489715254,0.9129673404837844,3.0291402747198357,4281.326810463468,20
3.594539777239871,-1.024903936742463,31.070387511066684,0.9003370909079959,3.047126737777873,4259.379102605093,20
3.584238809198671,-1.032818823310404,31.329337388170995,0.8950017530510859,3.042323282180732,4300.297275529638,20
3.573026349111808,-1.033464524245347,31.624456487092267,0.8777941066599395,3.040768674259932,4346.450824343862,20
3.574476668418938,-1.0372005862273357,31.699753316696004,0.8803502138823377,3.0463261926725664,4379.6913376126,20
3.5776872015508467,-1.04021712342191,31.71082055441425,0.8943076157060812,3.049133975310682,4399.111055313057,20
3.5780516977412,-1.029991719646386,31.755244458697444,0.9053371673801192,3.0544960218816466,4415.659392550323,20
3.582238994035008,-1.0187917608383288,31.600723551685707,0.8969136762873564,3.0620205843575907,4437.419967054047,20
3.5875722678954918,-1.013003863898036,31.38877292714509,0.8807063795281475,3.054618921144153,4448.159249193727,20
3.584610140620601,-1.010564394692933,31.47092192028765,0.8859022314862421,3.0394484606501893,4442.827370857429,20
3.581511677372074,-1.0365245274377468,31.54358765408663,0.9069285711996076,3.061737206907035,4459.666894878781,20
3.580037701596569,-1.0676231201857431,32.039923874933095,0.938604718849752,3.071945952350983,4453.4909989435055,20
3.5676563727898105,-1.089002666524297,32.21367263115174,0.9678698453614728,3.0733307604263684,4432.889411247497,20
3.571573066541733,-1.0396442078186527,31.69757115374257,0.9287328834635512,3.0316909352231285,4480.7428530221305,20
3.583257600930238,-1.0200263467547728,31.543612531071453,0.9113183125482331,3.0420752297092597,4492.6860673028805,20
3.5871073062733823,-1.036667696946032,31.656777595710075,0.958331082002972,3.0609614798182694,4482.867564571286,20
3.5861244311960565,-1.0468720609182989,31.946074848921707,1.0022913804045783,3.068555476826705,4486.361482776357,20
3.5860156682038222,-1.0651861446183772,32.25739417296712,1.0123367127150402,3.0774112681052865,4499.290172861988,20
3.5919522526425403,-1.070719807173433,32.54220819982346,1.027413556372145,3.088534617763397,4497.053643168927,20
3.6000298528908834,-1.0521562515204486,32.55122443365457,1.0427107166140952,3.090410605868411,4500.474503378003,20
3.6005781782903705,-1.041828597355568,32.21140659237248,1.0221978612641849,3.0846169839125936,4531.158078882618,20
3.595948768255974,-1.0378150010872569,32.114171622062486,1.0155131061730434,3.0851088223508243,4534.116023270685,20
3.5983535785267784,-1.03804097778008,31.73321882770579,0.9913844834230968,3.086648056091362,4551.71968659642,20
3.60355549690138,-1.076011123182087,31.6870631832245,1.0112419440228746,3.1233138198105896,4518.50710179882,20
3.613407989837945,-1.0785843386344638,31.651586339142824,1.0052931646011054,3.124607216845204,4505.034594118383,20
3.618348344789281,-1.0692540568389075,31.716354315815448,1.0104782127400735,3.1382573482404825,4513.64206551657,20
3.616287366351199,-1.0748533354110987,31.80511638193368,1.0264481804549055,3.135493395591546,4522.0986997122445,20
3.610616379361136,-1.0787884709673845,31.97627923497102,1.0291973466974984,3.123958303410812,4515.1645351423485,20
3.606148744393074,-1.0701779839831316,32.05371807139115,1.0289683127742646,3.1174896662769798,4515.445957170263,20
3.597760404980479,-1.061929030774751,32.028095801954166,1.0269657241916317,3.10588851518054,4546.739297778582,20
3.5886071636159227,-1.0602937690728076,31.902442535047427,1.0279236985271087,3.0983676316475104,4592.475174981929,20
3.5897623779934924,-1.0604366645269976,31.718867570055764,1.0443426680310348,3.1023001475690517,4610.949302157473,20
3.5935691094483344,-1.0717944674644606,31.80662837995753,1.0586785985905929,3.077980625247616,4600.054319985821,20
3.59217617180848,-1.0813401984150297,31.91799112231705,1.0555597357054196,3.09651288867421,4618.471867354315,20
3.593307560873201,-1.0901698673747189,32.13192099099482,1.058587648478267,3.0895825615981294,4638.363101402636,20
3.5811903519138326,-1.0902731236189709,31.99428618081524,1.0318705467142677,3.0792332891891863,4670.362348128891,20
3.580837565808958,-1.0746050273396364,32.07412804573032,1.0205260177948294,3.080770777637848,4654.965733429715,20
3.5782620465628194,-1.0466762980532396,32.211067186131594,1.0430234000351926,3.091459631495628,4658.970072355983,20
3.5763163638708853,-1.0464795259394255,32.16977790072295,1.061460312363092,3.092868616996711,4655.253164271018,20
3.574422000565987,-1.0426277007072424,32.08354275252047,1.0471517687590524,3.0743924120567026,4683.3971811749325,20
3.5635646348321983,-1.0508901884123107,32.32723563930744,1.0342585281120926,3.0503876595310464,4725.340054006339,20
3.555998741944065,-1.0736715971787203,32.602778017308786,1.0406521278768248,3.043539419717212,4738.465026203848,20
3.563597069940533,-1.0639747911500752,32.48850948021506,1.039854900056357,3.0483646163736795,4737.087097385176,20
3.561579904522336,-1.0431381803390394,32.611863662339616,1.0347712264790654,3.040201218526983,4744.401712980983,20
3.580939436298248,-1.0821846407503413,32.58114605696599,1.0221759903897594,3.0614958021564416,4727.041847962079,20
3.565509275185256,-1.0629379112949575,32.38276384564057,1.0194436608684443,3.0586689553651096,4749.156932898688,20
3.5614755497284207,-1.0719723784202362,32.68986134512146,1.0337471344717035,3.0852590324191445,4741.4367449886,20
3.560001311353093,-1.0664761002801917,32.68195667470477,1.0220623508466944,3.070590434973774,4752.538666314502,20
3.560908240355631,-1.069954342265146,32.626433966422844,1.026705008384596,3.0687060759160865,4759.8878925364215,20
3.568183489117334,-1.0455312758578097,32.41596793449646,0.9999895995197764,3.035904049449119,4780.168536963412,20
3.56546045537521,-1.0493160789547435,32.41860579086792,1.0035795603358442,3.0234637290133275,4797.685244522909,20
3.561524656743766,-1.075701181574649,32.36348418917944,1.0262424576749158,3.032320610569041,4815.696753016571,20
3.566421743813782,-1.07939674676101,32.15286851523186,1.025029928870897,3.0374141248519733,4826.400686026468,20
3.5702924448400206,-1.0680653620445009,32.17411531332973,1.0256969686929025,3.04584428678628,4811.433376543038,20
3.571790095750123,-1.0717010222295849,32.24102589074403,1.0526565856356638,3.0458516663079584,4809.072460242437,20
3.57382989014595,-1.0697847367181474,32.42471331124628,1.051807466775072,3.0306247095196275,4859.832408321287,20
3.5797966179898624,-1.0777887886529292,32.25644135390312,1.0224330817677372,3.04142005587812,4882.93577277024,20
3.584856761307903,-1.0543677234140572,32.18505388307401,1.033521871974036,3.049845852461574,4891.195647867549,20
3.587200329821305,-1.066146751103452,32.06044886035851,1.04749794299068,3.0413915347374205,4906.185552087967,20
3.585003609334871,-1.0669219807797905,32.253792569306405,1.0207531613387233,3.0558458180614223,4886.781759133117,20
3.575817330452047,-1.0575338400555674,32.44046784126037,0.9999722110843318,3.0685012450846063,4898.533051948955,20
3.566772195368051,-1.0656123004349944,32.663619411373475,1.019014741178084,3.066400919096326,4911.443892835298,20
3.5596947411201176,-1.0762290861258728,32.727055953490776,1.03672704090003,3.064761557612979,4923.938478300156,20
3.554204525896663,-1.0782700654026451,32.47375315873225,1.0356704454829258,3.0663942620423343,4953.517830085075,20
3.552458691427292,-1.0870016111173666,32.228142904641366,1.040082055690874,3.062300632856919,4975.944613093583,20
3.552066590862342,-1.0952344004369714,32.35773609202103,1.0282025897205938,3.065322566286949,4967.714934108096,20
3.5476183110708868,-1.109774887137566,32.59431759572962,1.0210927714232445,3.061355431733182,4965.183098518128,20
3.5500896341860084,-1.124475682757503,32.54462405710458,1.0030660951689043,3.0492296897643825,4987.7181800489325,20
3.55389358564628,-1.0923585028410798,32.61280032663583,0.9924606391331476,3.0617624606101965,4965.402162164979,20
3.5529688948838314,-1.0796792121120196,32.53867861384599,1.0088419146385057,3.057259515511184,4999.419907973755,20
3.5538077905933205,-1.0767825226766785,32.641947681793546,0.9890782994307648,3.0596407490692954,5011.228485216026,20
3.5479187329044546,-1.0770605895867127,32.68200686308837,0.983120026537532,3.061462727305728,5011.11832566448,20
3.5392762689828023,-1.090016807949841,32.71747092929175,0.9973665926592212,3.0610628696523103,5001.973144531249,20
3.527761400806522,-1.0865945939067418,32.75606716060978,1.001250149092216,3.0496381364259006,5002.367569784253,20
3.524998602918034,-1.069965197522445,32.651979799372455,0.9970999343115238,3.0442968844518963,5023.015049835964,20
3.5402472494335786,-1.0784865940168662,32.51988490366003,1.0085097687100175,3.061476687095344,5044.929631895018,20
3.5469518013272,-1.0902357099319269,32.763858666199376,1.020620556700696,3.065539856822465,5051.773557398243,20
3.5398364635548982,-1.0857228532804712,33.011727587608256,1.0380001008722708,3.075284706740193,5056.347492910365,20
3.540597154152351,-1.0860831461767284,32.929964079127195,1.0517771852822488,3.084160875595337,5075.409389075011,20
3.5250962909006134,-1.067969821526062,32.73132557716234,1.0250469047403838,3.0776307565885928,5086.158672292037,20
3.5253343683969085,-1.0849707722663875,32.36434076519624,1.0294521883713392,3.0869255121068173,5123.591437180271,20
3.529031424335738,-1.088149287098243,32.31214802969393,1.029196151210744,3.099205013695985,5135.643898743328,20
3.5389467138412583,-1.1145621958152254,32.42093808455824,1.0197585271770844,3.1004512187000697,5129.10063024772,20
3.541898117370877,-1.1044647918477164,32.202495059084626,1.002797184253502,3.093020148124559,5132.884258229537,20
3.535636507743618,-1.0880419467691849,32.12617765542027,0.9999547364236622,3.079161907430221,5148.423709964412,20
3.5272920920755517,-1.1095082759857189,32.45021949034994,1.0120858497042675,3.074515395317214,5155.22400814613,20
3.5229641131234763,-1.1297767035053294,32.581904197502816,1.0163546940610078,3.083123257151702,5160.296889770074,20
3.525551676325951,-1.119986595632343,32.38748092922876,1.012956564536723,3.071105560798238,5193.387922945396,20
3.520749569363441,-1.1117764034729412,32.45192028873756,1.0050444997502397,3.0606875415374373,5198.218959387512,20
3.5187180984062656,-1.114951728501778,32.62573494690593,1.0425422755848888,3.0449315559821626,5226.033300433718,20
3.509423723848689,-1.1251178863209763,32.72662182465143,1.0129578457184103,3.0273118320308967,5233.480305410365,20
3.4993256343217083,-1.1056012212169557,32.46073563327993,1.0022330924709495,3.014391095612821,5264.137712689057,20
3.5025815628601564,-1.0989855695449584,32.375215978384865,0.999065485076972,3.017071342128876,5271.025997935665,20
3.510683336291873,-1.0910282491364938,32.264981497224966,0.999386964955788,3.02368366675869,5268.495138039369,20
3.506899620714561,-1.0744782164427729,32.327555042144674,0.983071107351058,3.0241867134155327,5284.437699830405,20
3.497812003003321,-1.0629810446946222,32.60174507602678,0.9692625503098836,3.007703417136576,5297.964798570952,20
3.494467098942007,-1.0644161523024809,32.79883899892352,0.9636350962402976,2.994790967248937,5297.632559671097,20
3.4904946483326977,-1.0689759912015704,32.713365656625335,0.9429245801158648,3.0046677122760923,5304.485252516125,20
3.479119078120303,-1.0696878072630045,32.52482954547923,0.9221834386582904,3.0018395427283013,5312.827976430438,20
3.478085685030845,-1.0760949451303992,32.50686858642144,0.930725483919802,2.9901523123432305,5311.412043344084,20
3.482022242613959,-1.09779717256166,32.441812956460424,0.9294957296916174,2.9647193625304187,5360.122768850091,20
3.4738941820490825,-1.0854615299727144,32.375549710093864,0.9366548791050489,2.984393921611148,5401.829018155027,20
3.4655395589265114,-1.0751832488168602,32.335027592886384,0.9290062958023304,2.979854142114361,5400.301329480371,20
3.4596050388023944,-1.0766177512572754,32.63079844844724,0.9242833082786234,2.988532608514155,5419.652901537478,20
3.452612478537916,-1.063360353805841,32.7512734436904,0.90336102979039,2.964797421282297,5444.686690252446,20
3.4569461328703315,-1.0460766986595775,32.50975511761322,0.900624575988254,2.9669325589285207,5448.804386885565,20
3.456594554979182,-1.051474044331452,32.41682265067864,0.9090669098910064,2.995006912119448,5441.252661219695,20
3.453847693378816,-1.0654877916349634,32.46771169642112,0.9083054606600588,3.0123678424604425,5443.300968916816,20
3.4644610343030338,-1.0629628771564714,32.36370744399753,0.900979561525732,3.0185822044827337,5461.335139047208,20
3.461889748047255,-1.061864477883878,32.53774623938726,0.8889447868506682,3.0193028356681086,5488.481794581295,20
3.454434289626804,-1.0402881806431292,32.36414573370774,0.9024895146436114,3.0119115589352266,5496.77131495357,20
3.4532120685984653,-1.0526456633496544,32.41186568236436,0.9445252575484048,3.057048107805627,5465.164573370773,20
3.450355645176354,-1.0782290879517689,32.21715809017738,0.9505974074487584,3.0629014561609016,5472.621778386343,20
3.4589010735847774,-1.0731949203803444,32.034063047361535,0.9326103537532352,3.040397452289947,5493.009239115326,20
3.446856314601423,-1.0819112978796095,32.20509989999792,0.92278919525418,3.022681202328502,5529.270204591582,20
3.435927656621696,-1.0791324949773606,32.08620436590338,0.9367208521137028,3.0283628969430074,5557.986446285587,20
3.432310078491944,-1.0674535229112752,31.93529408003512,0.967234346472072,3.0308283134711598,5578.217835124277,20
3.4242359947055263,-1.0595894156825925,31.804281479099046,0.9783346366627786,3.009401125415789,5592.961142543371,20
3.4158453122576784,-1.0572690265882905,31.70627732802965,0.9614660797170044,2.992469250519505,5595.1950674905465,20
3.423277666560271,-1.0502772963343991,31.83483381712564,0.9455368164595336,3.001743337862008,5580.606198565391,20
3.434513181978273,-1.031125719649087,32.067858719740904,0.9491350138526804,3.003234120874643,5559.620270970028,20
3.4184246801396707,-1.016155174618514,32.23302152911963,0.9823345535590556,3.023377745176974,5541.243209241547,20
3.416661586201488,-1.0051590874525995,32.038607308873075,0.979301329609338,3.0013695289231697,5574.076198808664,20
3.421862542841358,-1.028416546638326,31.86771140997944,0.9729253420626142,2.989001549011448,5621.0106605176825,20
3.415270111738999,-1.043025877764217,31.880779049150465,0.9691384328641924,2.9873037423103304,5641.842553624056,20
3.4088988804732354,-1.0586534573090034,31.909953792748503,0.9649941270037478,2.9850434272738964,5669.138418177269,20
3.4108692874263618,-1.0587632219138092,31.827633331678932,0.9832665240425242,3.0005767812084057,5674.9033359514015,20
3.421973455843128,-1.0319696550267443,31.58558302502615,0.9884892553621338,3.010726289817023,5685.473262691838,20
3.429580618478225,-1.0097639993416458,31.34390993559488,0.9913608272728968,3.0130760920005337,5711.275138664923,20
3.430970410010993,-1.000918879627757,31.336803802816046,0.9905121381596734,3.00939916461388,5741.40268259286,20
3.433737512160875,-0.9879188255483146,31.480933233512253,0.9729160712070736,2.9988855110792927,5761.633057509453,20
3.430373388677305,-0.988616190346959,31.45734717752586,0.9839774433828335,2.998776121920114,5754.672285086744,20
3.4125573397531204,-1.001522068663424,31.6333037203317,1.0012769559100003,2.990217713274565,5733.116435963912,20
3.4233275393150038,-1.012470138454777,31.697870288455192,1.0070210478908228,2.9806166229723186,5741.665986084853,20
3.4187776075139165,-1.0159638721323525,31.36042601018614,1.0032679188293918,2.944698064352694,5772.857897123832,20
3.420260062845576,-0.9833352743942956,31.288502744084152,0.9894447856950586,2.9163108381088088,5813.949253503115,20
3.418746527827932,-0.9743166910583864,31.127718446941987,0.9778437115967912,2.8992007639908706,5849.914156333408,20
3.407459421089959,-0.9708546858241124,31.101240056265294,0.9632482827770324,2.905887918540168,5864.656397700735,20
3.397077180736854,-0.9841125590521246,31.08374236571831,0.959163479533484,2.9162154727983305,5881.51014877808,20
3.391157055240509,-0.9910870875328032,31.198133896254145,0.9629895239538148,2.915127891662706,5903.87950747887,20
3.387563778836532,-0.9827671157083476,31.54402570622672,0.9663632097405472,2.911686536256105,5923.169860188223,20
3.383991022551187,-0.980125535213226,31.89794942238152,0.9752417790083694,2.919319549913508,5936.561401801601,20
3.3759884380360936,-0.9791016109897572,31.97699440586185,0.991915395887721,2.9300262440141838,5943.716656993717,20
3.367964923593921,-0.9798297697539012,31.62343327939723,0.9844339665993258,2.9233743058404893,5966.9069155221305,20
3.3709847070144163,-0.9579702664524632,31.408594657517835,0.955365191044756,2.8989864655660984,5994.074390777914,20
3.3672991112882134,-0.9644953740024904,31.229684144152444,0.956966240847238,2.907685018519065,5983.300845543261,20
3.356987817007452,-0.992789083952582,31.343504722432314,0.9736171074185088,2.895033337891738,6003.877396227203,20
3.355135266042689,-0.9853333631444232,31.576898473013337,0.9683883198639676,2.854610964072557,6015.20559073343,20
3.351857428024672,-0.9813750869862976,31.73538679075411,0.969546482338176,2.8423595250289213,6045.077130192116,20
3.337105269109651,-0.9935255180050044,31.657414636578,0.9778417346740532,2.841053640290936,6085.773847586744,20
3.322333644293381,-1.0035925853294834,31.53935681543316,0.985881888569462,2.827345459062433,6103.078877404915,20
3.3149334612266026,-0.9924739906796356,31.505326111545767,0.9853520208830512,2.81048399443304,6119.4747466498,20
3.30755690790156,-0.9661738711319776,31.39421721624733,0.9714233014082988,2.8052514019385777,6164.157800857708,20
3.299817601981112,-0.953104056709602,31.24695571546453,0.9600679774725566,2.80889859488002,6189.672271185498,20
3.2976639873192406,-0.9621145788885098,31.542261283168585,0.9812968843135969,2.8285705228717304,6216.512868209241,20
3.281371464508708,-0.955042801081498,31.664393204386972,0.9851866710228429,2.8098548027120023,6251.456496052047,20
3.269252951034872,-0.9373410112917214,31.74876426886833,0.9873940598922268,2.779392474486735,6311.352699795651,20
3.2420814419132107,-0.9098539706650998,31.798358319917185,0.9710149065031272,2.756505345958832,6326.040214565725,20
3.226459385237236,-0.8966078450671295,31.728805440176423,0.9557925934681266,2.720066264855056,6362.873192838078,20
3.219346545344994,-0.8987523586724578,31.61060602045568,0.965082877259238,2.704051688896804,6384.888319130894,20
3.208727338135879,-0.8859494506676429,31.47447672602969,0.9699888348155176,2.66481238158148,6394.744490762622,20
3.189709600604725,-0.864919119246065,31.610178163467364,0.9576903246475704,2.6179476938213733,6426.807949079739,20
3.174353276283292,-0.8437114036592301,31.89049804592472,0.9380805063926452,2.575239735141768,6471.674858554827,20
3.171663956285796,-0.8251895565155141,31.8823282031402,0.9218608819717188,2.524286588315861,6504.835212897577,20
3.16697267450896,-0.8345622759696852,31.71918789941645,0.918240987215178,2.497836474422034,6548.938294108652,20
3.152173861914257,-0.851076585330149,31.68757540475431,0.9321897598348052,2.487428613404786,6583.562732845864,20
3.1334542396654013,-0.8616258290950939,31.53553960671204,0.9284421825960436,2.477635236821565,6626.660776593083,20
3.13906023595681,-0.8772780502818239,31.5877219977328,0.9018317866155676,2.451225527664944,6637.38267174989,20
3.1263373691416296,-0.8419250856514923,31.33072228957749,0.887209204168082,2.426333813904867,6657.838605670318,20
3.120552871575135,-0.8324700591827203,31.34545401576575,0.9147026074314448,2.4092579889127794,6708.896317560052,20
3.110330057313858,-0.8302458802576167,31.1451360356341,0.9251980512167636,2.3923209472907394,6737.268584227647,20
3.0973129204583763,-0.8020129339550744,31.062162134571007,0.9057821949605844,2.33145290252577,6759.16354989157,20
3.091420046799548,-0.7664301638289274,30.99823882825858,0.8690205518673315,2.2684979739986697,6804.245871330072,20
3.0827778590531536,-0.7572437929937422,30.91205817524649,0.8459797117633752,2.245860119307169,6857.088177338189,20
3.0642799419016176,-0.7616857182088691,30.921769596927952,0.8480868420142719,2.2261343986538367,6889.769881387623,20
3.0533739298688136,-0.739176555248342,30.74799661195151,0.8443312814651435,2.171502082797556,6914.055043719417,20
3.028236202922156,-0.7182706261444777,30.666975493108676,0.8469551444265763,2.137897528787524,6940.249302331241,20
3.0183181762695312,-0.7379204630851746,30.585376739501957,0.8360388875007629,2.0982141494750977,6999.0634765625,20
