Voltage_measured,Current_measured,Temperature_measured,Current_load,Voltage_load,Time,cycle_idx
3.9727070331573486,-0.4598074555397033,20.301986694335938,0.5781946778297424,1.848050832748413,641.0590209960938,11
4.080206113561209,-0.5916706034144101,19.61408560754477,0.8113805118941939,2.704956999516608,150.75639675198278,11
3.9998075672587095,-1.2049915157321331,20.998567130875227,1.4326512130074718,3.0645988027723803,41.61724211514298,11
3.9035974103724977,-1.7432853309139231,22.526754675184897,2.034853738636833,3.023182637775929,5.932265601712988,11
3.8395913724754553,-2.0659981007117647,23.14185134797635,2.372967337677491,2.848155126201765,18.897982089153626,11
3.8208984789920697,-2.1876272745116365,23.0839199497165,2.4475287156804617,2.734859661951435,48.35240535189289,11
3.844451530385781,-2.1705284267412672,23.184761381872992,2.4086181164591958,2.718537338266485,43.20126019521263,11
3.862594715861406,-2.1276573358860627,23.45552238284235,2.338656554133655,2.7225692991864623,102.30314717284745,11
3.8665091561225777,-2.0105491500680803,23.46685500892781,2.218264454331808,2.764224918053484,109.92661378033849,11
3.8688713169419535,-1.973704960856832,23.826284408569336,2.146516087485405,2.806966844336781,120.77802621413645,11
3.857963385107545,-1.9840264495267437,24.53442671005481,2.1192794794980028,2.8103575191851613,113.34388427991688,11
3.8570259735113854,-2.007306042449269,25.114370802803748,2.104344926837323,2.8117419523493234,109.22597691502176,11
3.860429875163164,-2.0460470044391754,25.6878175848049,2.091637671697401,2.8255644664796566,122.7767300404746,11
3.8543026551830426,-2.087302485364685,26.43003140171302,2.077670648568396,2.8436462633927397,133.9841608623228,11
3.8548224704060554,-2.054489756515014,26.76111591525665,2.03770063257137,2.8661682517291323,96.37039576975933,11
3.8431340047923146,-2.0192694503179487,26.973204492115453,1.99337919626831,2.866277140268387,109.67982630866376,11
3.8341269348363247,-2.020445602539217,26.984588510471493,1.9917180682917268,2.8670523878293737,137.74190859609672,11
3.8293577547218094,-1.967208072065704,27.07535979800039,1.9615038571028045,2.8823132390316584,150.42140241497484,11
3.838239320816117,-1.901600044051069,27.095915522583415,1.920232971241261,2.901108707987639,117.86943235606408,11
3.844014932896194,-1.8877708314844168,27.090319528949603,1.905021094753208,2.91154046726066,116.29047330756624,11
3.8390042512453024,-1.9174529545222727,27.11662481928756,1.9066479531749705,2.9171478736259884,158.01950509391384,11
3.8440758952805,-1.8995280145191624,27.12770671747989,1.8697342615304469,2.934072386756112,118.23424834947762,11
3.8354256253620425,-1.897290046862366,27.5719801756423,1.9034344426295005,2.93279325459498,135.5059857296099,11
3.83340171617762,-1.915560345223541,28.186847641737423,1.9329730222036223,2.9281673334903298,122.49527643985331,11
3.8226139694201,-1.9471063561624455,28.250385725076043,1.9837794082763824,2.911105610266906,127.4023073270389,11
3.827480431551877,-1.971869042510729,28.52440042158001,2.019667978833538,2.8989903798191783,132.25338961261923,11
3.82609171328617,-1.976800832338317,28.460920021867672,2.0234061887654247,2.880935645224071,177.39991371708012,11
3.810875697642514,-1.9784598445007813,28.07527337870349,2.0212362729276814,2.859167121112045,242.800259466316,11
3.809628967893064,-1.995982186589233,28.362598978849928,2.0392524769897205,2.8600894769568868,241.66654430473037,11
3.821724019203379,-1.944727940261867,28.70719463547808,1.958779018403708,2.88316336932512,226.74843639869115,11
3.8254338147065288,-1.9162892483137108,28.631825397227708,1.9575558613363848,2.88836730069294,241.71883589180084,11
3.822630672390505,-1.9311013603692917,28.54428411293995,1.977539147333592,2.895115050658408,243.7560230789056,11
3.817255024966261,-1.9714167873935795,28.77824260010486,2.0190549351111637,2.901075811450437,252.17571131173915,11
3.81380558013916,-1.990473175330267,29.115313628069668,2.0399531196381955,2.911397234786421,242.02909642648945,11
3.810461244132828,-1.9849417776522709,29.24461622382899,2.0373752756424337,2.908030300076052,223.96374187501644,11
3.803983973009389,-1.9865343379733127,29.152626835274656,2.044080715356348,2.8789221556954603,231.19704026838176,11
3.803554820371117,-1.985392422539388,29.33823313077827,2.0491222933211173,2.8895748755180013,227.96468858895776,11
3.810257423587432,-1.991848382941788,29.34764767497225,2.010799896455736,2.8885295455411555,196.0150916885968,11
3.807495461346528,-1.995164593395857,29.696820553398457,2.0458582255731748,2.86553599862586,234.20673240417187,11
3.803353264199139,-2.0087998285261417,29.897609279690464,2.032096628394939,2.8731288363117398,228.8349377276724,11
3.7953089091669248,-2.0126949904539937,29.905370570756936,2.0050214760219065,2.8812135279078106,215.1199999032495,11
3.786720150437765,-2.003142549858929,29.902045836939177,1.983978027034972,2.870511205763278,226.65923820096768,11
3.783781972341554,-1.9834528445795452,29.97158212324017,1.9581716906964075,2.8537880610454747,263.0768226250428,11
3.785069508657085,-1.940006570309451,29.887526777502256,1.941846676057748,2.857599962018996,306.1238719817961,11
3.786307550803405,-1.945046671526428,30.398905160656263,1.9806569141239985,2.8759240541249063,247.5870763254408,11
3.7730108409064615,-1.959074820676099,30.36258515780933,2.001976202953525,2.855211218935241,285.7128322144583,11
3.7728648020887454,-1.972231209579648,30.42781899952366,1.991037250168207,2.85754573847753,305.6541954413634,11
3.769503361861179,-1.9730437360766768,30.51975882596149,1.9785086276358337,2.848257640562009,329.3636753024378,11
3.7622378664515272,-1.969954214851933,30.574628887851965,1.9906498963676047,2.8326295383060964,361.1651811519319,11
3.75805019729254,-1.9694367606965528,30.64891972469439,2.0200186298428258,2.8298853472955714,389.8057275164188,11
3.7548186972008586,-1.958798696580665,30.784858340155616,2.025059667847812,2.82627817068695,418.1422922478559,11
3.7557290464790434,-1.9507738166876627,30.41714215399242,2.011237397764827,2.798039058006634,460.6246076973052,11
3.740611105704991,-1.988405748925362,30.99839090215416,2.054588497991707,2.8108097421379155,458.525280545574,11
3.745152955111525,-1.9845524292571144,31.2965710818466,2.051746635372683,2.826668704742123,442.953201628455,11
3.752243210855262,-1.9952195404351865,31.266407614413644,2.0538255388378897,2.822681753068509,443.6691755066432,11
3.7543479182064834,-2.016641473287676,31.33094606190468,2.0688703679314755,2.805308240260081,451.9951034468704,11
3.753119705901379,-2.025634046348713,31.645782592927823,2.069538122887957,2.789380933140824,450.6709884463435,11
3.7516980561196895,-2.0243319572525924,31.87828106421845,2.0458886916882677,2.782269306970889,439.3997580928706,11
3.747000851076329,-2.037600539385971,32.04197053442918,2.1039139561066134,2.7904569033225517,433.3594075760994,11
3.729481475148193,-2.025662745030292,32.25658033991745,2.109825765905654,2.778189534883676,447.5242255534129,11
3.728150519713584,-2.013129180036548,32.08705728733519,2.067381808166761,2.775862044065839,480.6293243871371,11
3.724223394619072,-2.0084727851777617,32.131005002515515,2.0389678554631403,2.7733589231867413,488.3437426407864,11
3.712940633799535,-2.004225527657224,32.259893645725604,2.02604580810058,2.770011270629214,505.1262331571788,11
3.701168726105714,-2.0051608021303533,32.34759702891564,2.022051697436714,2.7676989224065616,530.6107399025414,11
3.697007861949541,-2.023060308942103,32.49568820200722,2.031215513737568,2.764405522338456,527.5310582487418,11
3.6948204631548105,-2.036387599137742,32.61289146899373,2.042821489739378,2.7517047957666407,543.3488859076925,11
3.69945438957536,-2.027522633891885,32.36026677072149,2.038458962866669,2.764904963025355,554.6622226965969,11
3.6999900718965577,-2.0169274975839397,32.213386201134824,2.0110301179387315,2.7612071262443245,578.9152168158133,11
3.7063398051623753,-2.0182470045041474,32.27541206578581,2.0230186922353197,2.754605938572104,571.2052400276996,11
3.7130205418166975,-2.033859788064812,32.203901763710164,2.047128386280388,2.7536175825945644,587.1240852960645,11
3.714538845203779,-2.036037964523341,32.08911457672891,2.056610798956371,2.7509895697814013,622.8876871813409,11
3.711749353859115,-2.0125392560814124,32.20910096449956,2.0545572571167456,2.7409885174910498,642.1844209667805,11
3.711413846651177,-2.0248212951029734,32.27154181417687,2.0598476041629783,2.745296959531247,686.3876077224191,11
3.7141594814409897,-1.9946634841809587,32.36796199933674,2.020716350356001,2.7571006826365374,666.7260422087439,11
3.71485185381936,-2.0001792783077814,32.42271983643607,2.028986115479751,2.743367777707002,664.494078354731,11
3.7095648964983217,-1.997426848387437,32.623708181397305,2.011398258136859,2.758705305610901,641.2720110476721,11
3.712767333646649,-1.98254097151314,32.61372056417481,2.004141119238096,2.778740514993266,619.3768945600692,11
3.722399459118385,-1.9815277828132924,32.48774919300819,1.9969410186674303,2.7921811657852507,610.458202445688,11
3.722523194340389,-2.0007857393856594,32.44049714266952,1.973721006065356,2.79331546810787,620.3080681065887,11
3.702735237488256,-1.995987532311708,32.281652826884944,1.977224329470784,2.764995472829217,664.3888663023356,11
3.702524651162339,-1.9898444723721096,32.38672492556387,2.007227231036953,2.765598057896452,724.223291200892,11
3.717839941407537,-1.998767719703018,32.40525811438215,2.026254020694134,2.781518412681695,695.2038896377335,11
3.7109588048912414,-2.0076161138524897,32.46283758591239,2.031734415491757,2.794046876402368,669.6368680957196,11
3.701042079201838,-2.018114230685049,32.40098536396509,2.0481278578708384,2.787020697762552,672.8807281442676,11
3.692695954999876,-2.035473255443734,32.41858096066454,2.064288840929131,2.7707190573919083,668.3459004342657,11
3.687082295876128,-2.0321005870278737,32.50001808282296,2.0590853188532403,2.75992462245047,661.3993342947994,11
3.689559036724483,-1.9750747574119505,32.29158426577486,2.039436002605882,2.7539803326431453,718.8569785724402,11
3.677669435488233,-2.0254873775109075,32.539422799121674,2.079409396266455,2.739944394483132,739.112133727307,11
3.6771864026634127,-2.0332632728209985,32.60803230375705,2.066322336309475,2.736335257454626,729.4528305285295,11
3.6633792542687553,-2.047305460925046,32.620942313594725,2.089216816887687,2.7092560732746604,749.6085352262398,11
3.659003724939304,-2.0655937990893,32.83688855613464,2.123642335251652,2.6881085286454045,775.3209544498642,11
3.661509812983856,-2.069596962824237,33.01291332277037,2.13671317188977,2.685604610893417,785.9236075544437,11
3.661778642596523,-2.051084860179316,33.025931649425175,2.124333782501606,2.692107733747408,790.5082354231989,11
3.6568696663713376,-2.027825925643689,33.061116480706715,2.1137556338189625,2.688161894201629,811.2763386769801,11
3.6473541987485065,-2.0434559392687843,33.13693261749628,2.1260939130895657,2.6734197843336136,818.5374793942017,11
3.659818238391844,-2.049964186715034,33.04349063661006,2.1241694622457934,2.6755268802932304,848.9486661399596,11
3.662524380531118,-2.035677991870282,32.81641652974069,2.110865984156,2.664326777948698,881.2061725378435,11
3.6579046562992494,-2.032739723713764,32.675253509470025,2.105810930515823,2.660751504399524,917.2170751870784,11
3.656871757459077,-2.009158645472277,32.67390967460748,2.079001454840623,2.679141543164824,933.5975023755336,11
3.657881963916412,-1.9722193121709068,32.77130399707196,2.0315927590728813,2.6963880512404805,928.8227340415197,11
3.654407569972098,-1.963926958394493,32.93254867090544,2.0047626240056444,2.685751348080563,914.6799264943216,11
3.658138777313104,-1.9836210802473868,33.21660136694047,2.03176673990478,2.683480168675492,875.3323902561131,11
3.645523731865328,-2.0117632204927443,33.358194270785305,2.040589587885453,2.656662565057636,858.5681375693309,11
3.6431677896297,-2.0165462690903406,33.24727495524775,2.0577774952475174,2.6550349139845597,901.375926231654,11
3.6402645259844313,-2.0360003353974467,33.26204775959806,2.064269381068006,2.6555263393041857,933.174150489434,11
3.635926643873346,-2.046360810329701,33.25589344996023,2.0447493805652126,2.6504721070622512,961.8886263816792,11
3.6397167221088633,-2.027491291900107,33.289237197695854,2.017462914548877,2.6552629354229262,951.7319593252662,11
3.647975612048556,-1.9909468706301447,33.37048107616817,2.002843326903113,2.672958379250152,903.0539199803372,11
3.628794048528044,-1.982965467752132,33.12387901293287,1.9909389911574416,2.664939612200449,937.7462065569666,11
3.6154093871028175,-2.0365121260059222,33.31756748115836,2.0606936057542677,2.660247132508791,974.0044563898148,11
3.61431413155181,-2.025454213205116,33.517337335904976,2.0740777939608286,2.663387448550477,968.878015939542,11
3.628548364414132,-1.9950852390083451,33.71653614397998,2.043256212446782,2.6606922386870617,941.751056433126,11
3.637015151736306,-1.9715874319735909,33.82614113870399,2.0041187074896056,2.6530914169941946,946.5302141520866,11
3.6310816542897215,-1.9582474794596887,33.86788129886929,1.9908296312087703,2.6512704140822363,985.1276751513424,11
3.622587073311637,-1.9517690011662936,33.8739558215085,2.00601727604665,2.657167163305299,1024.5440286826122,11
3.631651079071714,-1.9562142281266928,33.826392458421985,2.0202404576248503,2.658939360768156,1036.0679377898398,11
3.633043003323509,-1.9721262336380363,33.9065771569289,2.0546971058966133,2.675546301155026,1030.4996819584608,11
3.62125225010851,-1.99598559601512,33.889575758832706,2.071417142729735,2.638217378024508,1060.4471894597125,11
3.603020056906277,-2.030828445395973,33.79866326317618,2.0773086720735185,2.61637351967231,1078.8962824340615,11
3.595475805951612,-2.023909563157852,33.80020800328375,2.0579795941936627,2.622478642310903,1094.5678558606924,11
3.5939208938540737,-1.9961514410642909,33.711658053213185,2.025209079504415,2.6321494502924745,1102.8673145107637,11
3.590291059841394,-1.9799168994414664,33.645613440373694,2.0067412334590093,2.632721484008969,1098.195368080075,11
3.586542682342144,-1.977364035923204,33.97701433899029,2.016447221247784,2.638181508291029,1090.9998204969436,11
3.5924464956704925,-1.9791707638745364,34.10876864968826,2.002591051902578,2.645798775237085,1122.7643874170003,11
3.5867157903127684,-2.001195745966688,34.07185671904437,2.017055126708032,2.632801487313153,1156.6642584712267,11
3.5905174308442347,-1.986225807646676,34.14941953688005,2.0178565396024246,2.632409370367684,1179.692697354553,11
3.598940431569117,-1.9675990737107716,33.999110551547844,2.0032176653812144,2.6287258563918168,1204.704213546058,11
3.601557331583753,-1.971639676801672,34.018501352499946,2.007749830088366,2.6283358884299988,1215.8326000194324,11
3.593870165376197,-1.9895479210713665,34.28679773417532,2.0241142432967085,2.625583432778138,1214.1448960199723,11
3.5804308100052267,-1.991084352311557,34.44729133078461,2.014991146718069,2.6169378138312203,1209.2253601177142,11
3.5701633468647227,-1.972453793425986,34.42569910213477,1.9995095154889315,2.6486253187588056,1170.711338088243,11
3.5680174208411075,-1.9936989746849612,34.43718129587415,2.0304092066283976,2.614675721269836,1181.6420972544267,11
3.5653688674431425,-1.9978919612215504,34.38153441559404,2.0527685070520305,2.617967036281026,1204.7424946313763,11
3.575209541224308,-1.9921290840306527,34.24971445093267,2.0312634587890983,2.6290587357686706,1194.97571356582,11
3.58626150602434,-1.992617649332468,34.09203815299383,2.032261575454403,2.628506547081933,1174.0552021303226,11
3.588917718166847,-1.9986896981276308,34.142881885547865,2.049359907388285,2.619658163787945,1183.1813238185734,11
3.5853170906311345,-2.004978598068777,34.38870815000486,2.0444135328167405,2.615027953159146,1226.8050345666893,11
3.587671614818991,-2.0214538747102373,34.182520829404986,2.0561658021370435,2.612885643217656,1241.046061472386,11
3.586000689366616,-2.0037036046611925,34.181205948930966,2.0327831183074903,2.603832074803808,1280.970461042896,11
3.581264713361332,-1.980489145040914,34.208077422684,2.0377023248206103,2.606568762665052,1312.5144191182285,11
3.575977693319723,-1.9771722947164088,34.38790806710821,2.0670376258193945,2.6088498281990296,1306.338253130599,11
3.5750859704427733,-1.976479815592452,34.35500042997364,2.08777971010385,2.608230118405759,1312.9641860524478,11
3.5717415560357284,-1.986896455790502,34.27714364243197,2.1027708994397427,2.6077385973970566,1320.059024598506,11
3.5643361837023626,-1.9977662527139035,34.427757649156334,2.1030231048847736,2.608219451888215,1319.0080199989457,11
3.566033709109533,-1.958395349034572,34.66500239508952,2.0438416739941445,2.604985994191033,1359.4387804002424,11
3.557302697311968,-1.948597126827272,34.879216147514455,2.018306900638754,2.605230068879023,1366.0586250395236,11
3.557749900206748,-1.945586258203143,34.77650804181927,2.0012582047994782,2.602725707258382,1420.6762269198591,11
3.5491342472185776,-1.941562477693992,34.80763621595617,2.012474909198626,2.5951314507206216,1434.263667140401,11
3.543519055863456,-1.943425078416152,34.81262282295935,2.0178569689970995,2.586706649995775,1432.2547461266863,11
3.548593121073499,-1.933990334982012,34.58860773662291,2.009346092129236,2.5850361487113607,1429.4646796858533,11
3.5568667688418,-1.9231869967349664,34.364862425934405,1.9959480760471413,2.586993986599361,1430.626311483914,11
3.5523307886332725,-1.9447335718454035,34.64777163269146,1.987487487406996,2.5801340231002885,1438.363519009209,11
3.544597442395369,-1.92865227547303,34.88842763144894,1.9858439895395084,2.5753112880616724,1450.0017890608533,11
3.5517401289175976,-1.952362658000515,34.63810378745274,1.9771733754400864,2.576475151071661,1462.1492343535913,11
3.5436668186927527,-1.953091142953548,34.63976882883107,1.960146047011596,2.5761971831522743,1462.3216472452043,11
3.540560908904566,-1.9640428758592268,34.69116719134944,1.982243343710296,2.569577995480413,1486.2128323688476,11
3.5434201933682266,-1.9723131339023323,34.86094180488265,1.9917476245564916,2.57597900844143,1490.3568776019706,11
3.5456242300004623,-1.980949658969602,34.986396918208364,1.992614737449568,2.589887326322559,1476.0407661322197,11
3.5428202087923406,-2.0070242069623925,34.85240215796845,2.0317960955441303,2.5891856869798886,1490.8537161249735,11
3.53749972893456,-2.0104076596978944,35.05408192806662,2.0136142191155164,2.6008382973341275,1499.6844616225758,11
3.5421942631269587,-1.9878975223328972,34.879192963418426,2.008636985621203,2.5712251345584605,1506.663847178673,11
3.5478739360532714,-1.95961886795134,34.971806325156614,1.99392406192638,2.57150364967462,1520.5753484664842,11
3.543289756694492,-1.951175710403095,34.92679771564863,1.983207983070039,2.574120634522848,1531.271454938145,11
3.540502145358724,-1.9579712994786176,34.917913896840496,1.9865232563340445,2.573617020103622,1525.8660569601077,11
3.542329206032456,-1.966016611200561,34.89775785989745,1.9883772187048023,2.5731158497763724,1528.9788820417898,11
3.5401755766362,-1.9728399400566323,34.80457071108119,1.9812112915978264,2.573223802733783,1557.6848784731371,11
3.5296368426054365,-1.9984567105066515,35.12110557363166,2.010816265720541,2.5660900253469583,1553.0542375072455,11
3.527005848956952,-1.9918099897104813,35.11172718865071,2.018679867305402,2.5749190368298533,1570.8881191620335,11
3.5315602010659384,-1.9937596682955403,35.03294179572223,2.009708727391132,2.574238172067961,1572.5640282462057,11
3.528620565118516,-1.9982888242245525,35.17846643663378,2.02150881752799,2.561458941454831,1597.3467992875871,11
3.53009989370182,-1.9964056835206727,35.21435938637333,2.024123609970633,2.5524482240564303,1632.345040486996,11
3.5296463443698207,-2.0017531239765285,35.19812092773026,2.026713392585767,2.556076835420039,1645.388275815504,11
3.521025382246175,-2.01497167841379,35.30315353496481,2.037589794065659,2.5694862055336243,1629.6968837693007,11
3.520450078214803,-1.999109456350188,35.357886560449714,2.0194129417155686,2.582523269556827,1624.8097776055938,11
3.52118065867818,-1.9915500235999817,35.3121122839479,2.0260680859647757,2.590950009794702,1612.70940596016,11
3.5192108371406543,-2.0094687118498107,35.6231577456701,2.0335115795392813,2.585491069050704,1616.2756987856371,11
3.515918607856532,-2.019695474164683,35.76441696321381,2.0465596240849355,2.5723348886126414,1636.4883574152875,11
3.5120530711458664,-2.0165405132718277,35.81681396587301,2.037543102621429,2.566411696638265,1635.168323021514,11
3.510204592603455,-2.015749974355328,35.76486036226681,2.037427022927527,2.557040267609826,1620.6978994437052,11
3.508927576859524,-2.0240829674429675,35.69906824636218,2.0595482489310872,2.53995578244806,1619.788005037613,11
3.504812643459635,-2.0248937361558013,35.812059862416675,2.0601711840090826,2.53258061931668,1644.2297344754554,11
3.516916529123136,-2.009724535387242,35.60407206903622,2.0409653001852823,2.5265621648470025,1689.2598675218037,11
3.514143743563261,-2.005882951903705,35.519750006484344,2.0245378435562675,2.5323680641277244,1696.961794462413,11
3.509830010882115,-1.9897081156404184,35.58577072761111,2.016404515374169,2.53954427519697,1685.4384666815977,11
3.5044255843653045,-1.9800329753158468,35.82786488010348,2.012606338948061,2.514554769956644,1699.7552784602915,11
3.5090397232499533,-1.9721900504113847,35.78472356812347,1.994037139275022,2.503431654298084,1706.8510561037629,11
3.5187315792096605,-1.9702874717583745,35.4825458172803,1.973430583087027,2.523325270786253,1697.5773662290526,11
3.51733581332292,-1.9871748458675755,35.5147605690144,1.985253984369275,2.536944086193837,1705.4867073046216,11
3.52331945144306,-1.998499184997649,35.920613248673895,2.0033542551037438,2.5454237348514703,1707.4794998040288,11
3.518559995027256,-1.9793487726938463,36.1060311187178,2.002426237119189,2.554558250594501,1704.643250026349,11
3.5100800950852857,-1.9877933249706763,35.90684627642318,2.033605802722564,2.52781639251902,1761.6812225393255,11
3.5000758609321427,-1.97994063616201,35.70609528539956,2.0383018578887997,2.514322565136631,1771.9331591961557,11
3.495148654329837,-1.988072969861215,35.70372233784822,2.038680077001176,2.507239734141461,1776.706420898437,11
3.4895940490355986,-2.007855744627234,35.96774916624741,2.042377905339053,2.514868750339012,1784.8000202146793,11
3.4786482922745394,-2.006181396481159,36.30644177184338,2.0360302868822173,2.5424868578050432,1774.579503591708,11
3.485249138602117,-2.001790621630458,36.14802064943876,2.032495294614345,2.528534228242871,1805.526805652535,11
3.484096974586757,-1.9556767361562124,36.17519265443438,1.964914239076096,2.514368240185974,1845.753417351194,11
3.4738822912084317,-1.9702836301234277,36.079761382902255,1.997451135521192,2.5044203311154654,1904.5342327973483,11
3.484536837968617,-1.9839135818497529,36.16975719972967,2.008768633686471,2.522333694750704,1882.7327347702364,11
3.488143730324396,-1.986822222979837,36.047762589350114,2.0135767061834997,2.534275344009142,1876.6380946656304,11
3.4818756246647182,-1.976056346201776,35.91673365009173,2.01572764341988,2.527774360489483,1902.539393716076,11
3.4791639976919604,-1.959978673148517,36.10169295878676,2.0120611013891723,2.513525660484276,1918.6034606624808,11
3.4761527436981714,-1.9684844360785776,36.260558805417446,2.029943189572725,2.501597949666478,1930.106330447012,11
3.473095852046149,-2.0107803401014253,36.6509533925563,2.058253387978668,2.502664851901101,1931.5489121126689,11
3.4744602150297887,-1.9949127132132725,36.52543148021473,2.053502324057671,2.496621391624464,1950.789499729922,11
3.4743672161037966,-1.9937705766491305,36.51129248170386,2.036974989342649,2.504878794362935,1976.1000632789448,11
3.473700262040754,-1.99248058920566,36.42614704923324,2.0276182148146997,2.5113851762742656,1986.3521860260987,11
3.472646939211712,-1.9841077002063767,36.23823567305207,2.0193851548945925,2.504559196066897,2003.3593393875813,11
3.4731457394250933,-1.9786487896164997,36.01865226140915,2.0057711482651115,2.493399445162254,2034.203035660176,11
3.47738494720266,-1.9879784787083157,35.84750735458194,2.000097112350078,2.4984107849770814,2041.2909629268552,11
3.468696874470574,-1.9827254284895692,36.14660979040959,2.0173287236871444,2.4829182057919432,2052.8166792099228,11
3.456991202513645,-1.985311171055644,36.09757937709558,2.0031172650258418,2.502233967210149,2021.6055683824309,11
3.4443356242992023,-1.9837451011294256,36.06787239962444,2.010182964661069,2.4869713682750425,2051.708070185695,11
3.442061120703892,-1.9748148835730592,35.896306293609776,1.9881470697927237,2.485604544313119,2060.763487019788,11
3.4473892199048306,-1.9731373103432877,35.75439541255443,1.9777798228480967,2.4916544853133256,2061.4346287745047,11
3.450075147123804,-1.9859935915691247,35.73164487327331,1.9902671129265284,2.495474635650094,2062.095577966906,11
3.44404172334462,-2.0020667951786497,35.70564917167162,1.9806182517169093,2.5035486518834134,2038.91746791177,11
3.4419580486934462,-2.005580813245468,35.792460867767595,2.0010720392905843,2.481041185369379,2062.42826712031,11
3.446871245691386,-1.988075882347197,35.947619922245536,1.9798102029057416,2.4830081949346585,2044.2376542244149,11
3.4529035023050807,-1.96268549074009,35.825316836017784,1.9500372351522597,2.483954070993459,2062.9651673495464,11
3.4429317690670795,-1.976409215147137,35.71034562366608,1.98547425881204,2.483059513227132,2095.1724793818503,11
3.4361208992905,-2.0037037104016413,35.80760692705795,2.0187633869820862,2.48024845123291,2110.9972209962584,11
3.44007898502768,-2.0085513020848342,35.997501624173296,2.0132797906209805,2.47909828221416,2109.628067196722,11
3.443126639065413,-1.985276959597763,36.05685967739677,1.9963449227669192,2.4808314570287027,2117.8528317842265,11
3.441493317007416,-1.971300025613473,36.193023469355616,1.9730860579878244,2.474007276017187,2156.106709214929,11
3.4481143565443277,-1.950585213720698,36.13531665255207,1.9576884994619408,2.4967298487587684,2170.030136339982,11
3.4434061070517785,-1.949292639455747,36.11702537214977,1.9741415683977923,2.510272064659286,2183.719949294504,11
3.440448854665129,-1.966958773477886,36.22488488234316,2.000979186310535,2.496379220264557,2190.685284619388,11
3.444145568506713,-1.9648058086784457,36.32035596696362,1.9858983966190549,2.487576472618528,2193.6406834620047,11
3.4458870843530307,-1.958592899734214,36.302553045005865,1.958881590458836,2.488529454998383,2209.503893898872,11
3.44176372629394,-1.975889213571661,36.2541947839232,1.9624686602999348,2.4900695324748203,2235.7890970831577,11
3.450294203943185,-1.976708275069676,36.42671963979583,1.9417510774445172,2.508551309723878,2224.6074301090853,11
3.443055170583484,-1.9624805492655224,36.4577935525981,1.971337634435592,2.4882583895581973,2242.9833580904824,11
3.442297185653378,-1.977726832007075,36.31789109357091,1.993659445447423,2.4937345989639,2238.182294411362,11
3.4391331974209662,-1.9899250849905543,36.3045247803249,2.0172413911224414,2.4847816082116525,2240.811159079232,11
3.4390290165429978,-1.9863076117549336,36.39249500577004,2.0291741798941243,2.4755857372766403,2270.2116386323514,11
3.4393713807979283,-1.9750140436986243,36.363156059741165,2.013448742750724,2.468121888062604,2296.664076909649,11
3.437446029753146,-1.9735054630051168,36.28653192118086,1.9819254629929592,2.4691866565916625,2284.538780482584,11
3.43817191743127,-1.989989354477765,36.58849584955792,1.9787200556637663,2.499985661112639,2243.00412280644,11
3.4359242936209924,-1.9936576655502063,36.26993646991595,1.9837713539097803,2.509653730698018,2238.291380806677,11
3.431689736010856,-1.990604353795365,36.55865754486136,2.001852930295729,2.489872429865408,2277.7743284280145,11
3.4270636826301306,-1.9757565734358304,36.48845886179006,1.9834317501640648,2.4584744008757418,2324.178315289708,11
3.4237020675086653,-1.9760586513837712,36.52992205434867,1.9760200167184736,2.4610615058049783,2340.699180873208,11
3.424238944335088,-1.979196855229833,36.535382288503406,1.98122973224968,2.4687111647092874,2358.773877200148,11
3.4281641552460336,-1.9698522583429168,36.38361257003089,1.979290159717579,2.453711167555836,2395.2295658825624,11
3.4301773006156164,-1.955746761863992,36.37670394099784,1.96516453516222,2.43752035403131,2414.068464359586,11
3.423455179642264,-1.9527279812007088,36.66928128247317,1.9721858941684485,2.4505637628835126,2401.817144435735,11
3.422011922221964,-1.9974825430479253,36.50650865191352,1.983174407663072,2.4475494114584704,2411.8284988274663,11
3.418360724618021,-1.9935110045524715,36.45043787063676,1.9813259468110775,2.4449596489460834,2429.6439322203046,11
3.414199154453374,-1.986626628478502,36.544197269073024,1.9862999280829856,2.4499122758739915,2443.835661246443,11
3.408771588870687,-1.9895950973938528,36.57600510904399,1.9922667874453643,2.4545200385693557,2458.8930869914625,11
3.4061679470197346,-1.9825835400849936,36.48075036214536,1.9877752037514724,2.456004609547015,2474.269267759275,11
3.409169856854675,-1.960401374212204,36.45389356822228,1.974157847602291,2.4559049268597093,2482.4984050577045,11
3.401147792954469,-2.0095061592468726,36.740197321616776,1.9766219450289644,2.439344858841792,2486.643972979026,11
3.3941193459206853,-2.0300513721035056,36.69325937589546,1.981838116959416,2.439505931699859,2460.080862833316,11
3.398213554996664,-2.028246141002713,36.78248763446261,1.9880853547615709,2.442164279558204,2446.255653522871,11
3.3958163977071365,-2.0194644594272915,36.92152510284373,2.0071591273528124,2.430359312494931,2485.4132506192027,11
3.391651212666529,-1.9885770418189628,36.90452552525229,2.01347256510897,2.415303566805629,2522.857777587479,11
3.390676221397233,-1.966272786536064,36.80308607336241,2.005738281278948,2.408626976945951,2524.3687807954784,11
3.3891164070438173,-1.9855135653111424,36.89965999146536,2.000177362515995,2.4135940870989434,2513.7418367279715,11
3.3763341955953665,-1.995005195498668,37.33110618269664,1.9928448972171315,2.424832391899714,2551.0384494723594,11
3.3714740686432707,-1.990346306894119,37.433062014652144,2.0016704160487677,2.3958068163358743,2579.975076659333,11
3.374129789876697,-1.9758837426090723,37.30003463719385,1.9901357125271029,2.379518035692469,2588.1474090627635,11
3.3656657751253847,-1.962343843751171,37.37134831188903,1.9584011086726076,2.3931620563262626,2583.2842093302065,11
3.3641335421428717,-1.9797933596181625,37.564080043747694,1.9680730492429424,2.400838586572451,2576.081252305544,11
3.3681796718809696,-1.9941543533669357,37.59135705906063,1.9927326905184608,2.400969507722388,2584.9609827874683,11
3.3690926461758544,-1.979095126082885,37.39710833853453,1.9873371451942357,2.405151378042983,2607.7590323797167,11
3.3714285355193216,-1.982734823106312,37.40138611946299,1.9795108396327517,2.4026405658528938,2609.919419184101,11
3.362226837602072,-1.9676499595931567,37.81285495339919,1.9691959104891772,2.405382913441521,2623.6025913489407,11
3.3648010200835,-1.9550915747428623,38.05174968777378,1.9705511253157515,2.410568968642622,2606.5592388905725,11
3.364410730879785,-1.9696802029521228,37.93626174154812,1.9726697892000864,2.4032332643891667,2598.438144728868,11
3.3648950800324773,-1.970768455711223,37.87785804452623,1.9606712365029837,2.4065450198734792,2596.429747197117,11
3.3619847667559,-1.966602201405504,37.83027228215493,1.956940968362316,2.39890625907036,2604.906790979395,11
3.353882727695356,-1.971906956492548,37.77649360000584,1.974165776125697,2.3732157790841786,2617.276878935893,11
3.347728496458237,-1.975062418747913,37.95672368762063,1.9879635475940287,2.3651524245437443,2616.5685528760014,11
3.3460487366526768,-1.978087362913418,37.992531170129375,1.9807310886366971,2.367403130105133,2639.165983512068,11
3.347347667205193,-1.9829279409492195,37.89466278307756,1.9924973086603173,2.3715942533181047,2627.077334527825,11
3.348916067441841,-1.9936890569947416,37.90287601284394,1.988553546733438,2.34255865573079,2649.1230197025184,11
3.3467184053906704,-1.991755381603466,37.96523540297407,2.005663789745929,2.3417963937402373,2631.5125108689926,11
3.3395154114316328,-1.969065127646139,37.98533593060395,2.008561254150751,2.355059994010861,2623.149186390045,11
3.331899934434167,-1.9461485778702448,37.96709108915538,1.9924653943433328,2.3558071371274694,2655.9157089053283,11
3.3280658621410097,-1.9518502458151032,37.971220328474125,1.9981669728309668,2.3411367723551813,2701.419531167658,11
3.3156021642443703,-1.960909329618612,37.861746712438574,2.007324559692589,2.317195068523413,2769.691997869019,11
3.3102586132679983,-1.945836484934789,38.1825578248923,1.977736872726106,2.3104758238510983,2739.726608199173,11
3.3079469553736773,-1.9464686588332385,38.120911326416426,1.990439804167209,2.318706924557485,2749.4019950364936,11
3.3071065266659048,-1.9497408396478044,38.086175516524165,1.968619366922428,2.325164200684674,2757.4054916407567,11
3.3127908204096363,-1.9609687056951537,38.17381987804908,1.968675645366688,2.332804762291868,2775.3012065404982,11
3.3180980187845472,-1.982291729213013,38.33773067789576,1.9995968299611624,2.339746843502051,2806.8425943461475,11
3.311535098299409,-1.9954817737334896,38.517452580932826,2.0086310050539784,2.340185904382252,2830.1995732273663,11
3.299091445253832,-1.9604238872785396,38.69831006723954,1.9798678388885065,2.33904202229659,2816.1335560378902,11
3.2900783505045745,-1.9836702549839496,38.39508548112583,2.0122867306006493,2.313381513495872,2827.3901951807543,11
3.283681438503941,-1.979817335762423,38.32735650897227,1.988193681429048,2.2889522135157208,2855.66539395157,11
3.28691906350057,-1.957149722322847,38.51387453642101,1.96024834687553,2.291505435666989,2864.6521243116304,11
3.2841444602503143,-1.9554962080606524,38.72532447313177,1.951726035766216,2.2998317474056456,2866.7009026204155,11
3.2768795019860613,-1.955755119380019,38.73509442102648,1.9474447320323771,2.2968209698469604,2880.608774323487,11
3.2732608390698745,-1.931793674248668,38.60099430309379,1.934188127919755,2.2866815676375545,2906.8955712149555,11
3.266348675973902,-1.9232523212143384,38.72529647080935,1.9404027512262485,2.2877753536777594,2922.041149840588,11
3.25129000734519,-1.9386726846984423,38.69178345472776,1.9644690701772551,2.255051060430517,2944.827502503162,11
3.23478952949807,-1.924264226353792,39.07137693562756,1.9525726422491607,2.2598721973007483,2943.5775477906304,11
3.219691582514102,-1.9484267530312624,39.21242213771878,1.9617807875194195,2.27019761947516,2933.351871278194,11
3.21071813400037,-1.9707825177837583,39.23267172802158,1.9712688975149224,2.2653313969681275,2938.9951225396558,11
3.207984561662851,-1.9691591385444136,39.11373889788005,1.9658167478809068,2.253164882804652,2948.6706283595067,11
3.2028163331757105,-1.9476545132432777,38.92950754020909,1.9478147626928293,2.246648457560933,2959.984041107847,11
3.183611395387183,-1.927281541928876,38.97146140061583,1.9343379563063037,2.2437845876606883,2997.968015931308,11
3.1680534830784914,-1.952767109991528,39.07164871833377,1.95025920707098,2.241865067618693,3002.7253586767497,11
3.1443753966191577,-1.93983186035092,39.24102522028236,1.9478704501163295,2.218875404152059,3034.636997885486,11
3.1180752763056643,-1.9156418942279403,39.42011758247877,1.931460166660972,2.197551399620147,3057.016739071721,11
3.0941462392147643,-1.9400987265282887,39.60431130137451,1.9580509809378213,2.1824981506920187,3052.9082191814664,11
3.0736265560426763,-1.9710012861287207,39.76376121482399,1.9994649155344968,2.1698242681223467,3046.070263095489,11
3.053992854805057,-1.9785452833867192,39.77054716885392,2.0127365301672566,2.147090750239149,3054.626853904273,11
3.028611857010582,-1.980291430503884,39.558989867392114,1.9928806668389305,2.1048660736662943,3072.3063689001897,11
2.983851476624281,-1.929241196100064,39.61825481755738,1.9728043937763515,2.064797556621429,3099.2155555866625,11
2.9397828703586,-1.8260700606174036,39.72619517617443,1.8548597497441497,1.9643215546117447,3127.9302976457107,11
2.9116899520912614,-1.5918417075432107,39.66837079850658,1.6103197227642,1.7509951300001811,3181.55350096833,11
2.9538826182559985,-1.1209931948534952,39.38444151725577,1.1246981616768228,1.2361785167385535,3208.692922145078,11
3.0262438852911635,-0.5810555842835562,39.04454031521314,0.5833010736846735,0.5979632657856975,3168.1357903569005,11
3.0733432267206715,-0.1974915568583359,39.16148845421724,0.1941404985939308,0.1251651989468873,3147.887257259167,11
3.0787438956320186,-0.0650502502491065,39.90040030648294,0.0307581827836036,-0.0259164728971849,3242.399623619967,11
3.08509054433234,-0.0229123095914246,39.99624696831277,-0.000691051012836,-0.0143446213083615,3275.053268767127,11
3.0488349752120585,0.0214956211928172,40.04475619620055,-0.0655056185787545,-0.0062597499937321,3246.6104054957577,11
3.0562701353938344,0.0564532013732509,39.39922622243228,-0.0512475150921591,-0.0014200289380338,3250.554939051301,11
3.067710317608478,0.0567704788071507,39.550518003724285,-0.0251526110483608,0.078756795596679,3274.7662985481666,11
3.0732420491931007,0.0429962619284751,39.84210363970237,0.0048675211036545,0.126959117942978,3270.834266392416,11
3.094674075433816,0.0644495319480814,39.96879200026719,0.0082066277824168,0.1007686777144037,3259.8708006165675,11
3.1348277215812903,0.0988106013073113,40.18413011702075,-0.0177092721456478,0.0637472220782875,3286.576494651137,11
3.1346747260069563,-0.0055769851037044,40.557919159707495,0.0176604426926081,0.1062352416210798,3327.8007684871677,11
3.158591169128932,-0.0268987992403062,40.50111961043102,0.082451486225046,0.0803611674683695,3360.9927696498203,11
3.166853535637687,0.0276121680214873,39.96132560845773,0.0999995387751376,0.0476370356461854,3394.725769969303,11
3.1683575097867247,0.0857759393613417,39.11154015269288,0.0226624890609088,0.0358942590440304,3400.553612128478,11
3.1786686099600834,0.1470851028372633,38.94826555814952,-0.0319636764435152,-0.0010747605868783,3419.037869792765,11
3.19328685152591,0.1573408928528592,38.9318084652468,-0.0292823502564605,-0.0097952974460769,3453.425463414313,11
3.2052958333271158,0.094926120572004,38.37328984484101,-0.0053411349316532,0.0301328242000998,3482.94192540907,11
3.2192880950528897,0.0349682263062549,37.82580944659538,0.011801977881383,0.0227984921318815,3500.3290883879627,11
3.213230194168992,-0.009014011924523,37.53713072572551,0.1005171689135746,0.0841550267761649,3540.052153460291,11
3.214489856417625,0.0080430282901774,37.79484455179404,0.0363002058753087,0.0080246073123188,3479.5341376936667,11
3.22137594102406,0.0249294563641057,37.543475011146896,-0.0171924646956367,-0.0243891815719323,3494.800480294187,11
3.2122456745996844,0.0795399886485294,37.61681315147053,0.0100180046416151,-0.0081010816075398,3521.552594395552,11
3.2021448845405,0.105006680834856,37.92168437449566,0.052433485432228,-0.0019611977009358,3535.393941277798,11
3.20308893728015,0.0801290202427272,37.91700815390575,0.068448820639823,-0.0008382492087785,3571.1160787804342,11
3.2061820174952183,0.0814815421053172,37.4936607836873,0.0931016578202396,0.0474189079757667,3656.745633464639,11
3.2217699255147223,0.0981709706969238,37.97672157223267,0.0532895392576533,-0.0451161135584834,3639.086893888992,11
3.243726830860414,0.1106035694429681,37.8400463856895,0.0670430236519584,-0.0344492999010709,3649.825993195352,11
3.262385536406132,0.0921531466493926,37.08901935082063,0.0621390057127755,-0.0194346017218363,3680.275996653667,11
3.295505378941862,0.076509030344213,37.10358544103612,0.0131593987936224,-0.0331816904868731,3688.5044879881166,11
3.290835352008299,0.0926080231647463,37.61903347896685,0.0091038375031229,-0.0061282375686091,3682.2524788713376,11
3.270001041145389,0.1156526871440181,38.02738645145101,0.0616010558080009,0.0275401578710413,3657.9034504110455,11
3.2943217939309286,0.0946117192381145,38.07627317997898,0.080507163065179,-0.0204736991843575,3606.373836523767,11
3.267493427704398,0.0475456460456011,37.79075728057808,0.023287198353955,-0.0092623762591646,3583.4611874044854,11
3.2912720138266764,-0.0117912116455803,36.90036624438845,0.0604101776869419,-0.0322489507408412,3628.897565922087,11
3.299014499979517,0.0670624110112666,37.35170760001941,0.03439685085421,-0.015549909163261,3657.133815823276,11
3.300224097140925,0.0773528634521861,37.13213359324568,0.0341494690947242,-0.0519540135420425,3675.076998988854,11
3.309470897581283,0.0651829495121415,36.63107270856733,0.0444638237646115,-0.0710936525293188,3643.3024354777103,11
3.305045267381717,0.0452720211413626,36.73089346797228,0.0480528536235401,-0.0346887039168297,3610.739208819693,11
3.279901785553004,0.0076453122640148,37.4925595391259,0.0384059451947629,-0.0070524330692228,3640.213725561235,11
3.3081794705801024,0.0372451776120353,37.523729649201215,-0.0030424396906355,-0.1126122550935206,3656.7403517107136,11
3.2927000401997044,0.0506858241824437,36.36063568990105,-0.0188593218176867,-0.0652640255742889,3602.168183659622,11
3.26185439810986,-0.0456386029494166,36.26341264927367,0.079026084484355,-0.0066284952311442,3676.916309170137,11
3.2740682289129976,-0.0218620389624534,35.92711263080872,0.0751533175223382,-0.0338378312823204,3656.574436541551,11
3.287282943725586,0.0295083903131167,35.951801087763805,0.0320290360304512,-0.0518748036398859,3662.712739529535,11
3.285991710112831,0.0673040936733969,36.03934079277979,0.0224156790761609,-0.059056718662556,3700.752103808758,11
3.287943109090975,0.0929169700203017,35.71234720111095,0.0483746541755095,-0.0755984819231917,3698.932891382537,11
3.3093920152062712,0.080637962694011,35.4682713809343,0.0462953790105113,-0.0415970808614369,3654.649367951623,11
3.2931811825621997,0.0971914860616243,35.79593959506004,0.0451592401009285,-0.0134395318605246,3657.351920682705,11
3.2943993350506635,0.0734286868275719,35.5508784701008,0.023314963702684,-0.053567436694923,3715.5666256883696,11
3.25363570682918,0.0867798621020271,34.37528244198674,0.0377349633641832,-0.0301951602051065,3714.839915798245,11
3.270619022504476,0.0921294557631115,34.08903371543949,0.0408838546157987,-0.0485415300275844,3732.2977959824257,11
3.2983751389469704,0.0628787955712093,34.85045438512383,0.0518307524527515,-0.0476059028988728,3801.9954094975255,11
3.2838154442193743,0.0262022345227894,35.56445232089013,0.0657012858765739,0.0097842636230765,3899.831253952358,11
3.2708916302274083,0.0396538232194021,35.281613013796616,0.0198870671734004,0.0201257406553339,3967.7629143391655,11
3.290733587480516,0.0733729057252701,35.397296197900886,-0.0403717477251504,-0.0510659972095806,3951.445773608769,11
3.292881074683461,0.0033665580979697,34.506974675402084,0.0451835945788853,0.0022000201159537,3941.4438863564505,11
3.2926435132854905,0.0557418629844334,34.52745665345988,0.0526329314188551,-0.0454318545928337,3893.427441241568,11
3.277603283700412,0.0415157207474739,34.58025771168392,0.0133522482648566,-0.0454410372732259,3943.151344543766,11
3.2614981428567718,0.0237792340094701,34.06064752382532,-0.0035254571737615,-0.0592159990120754,3948.5334752615136,11
3.262044153165254,0.0562558116966119,33.157759899634726,0.0155174653399203,-0.1122084770471011,3876.0490759709633,11
3.2767056787596984,0.0767704959186083,32.70305295818774,0.0293300478400362,-0.118727578607215,3868.664815095384,11
3.263844348125875,0.0400733506624254,33.37116515495722,0.0462034825317277,-0.0550352899737748,3895.989491660516,11
3.293461825353097,0.0342264470045926,34.228237119935194,0.0324954442950016,-0.0436217165591345,3968.377764182386,11
3.317933904782917,0.0796623910584085,32.66564207414756,0.0528850645945099,-0.1080306929239319,3916.3496299602143,11
3.3268710710548026,0.0651462819006356,32.18369260405208,0.0487793469974305,-0.1131969465297755,3955.335084860481,11
3.335947790596176,0.0808356124625034,32.4362525746955,0.0150063489241807,-0.1057109414500892,4005.9401970745935,11
3.3457496049633315,0.102823656473252,32.571732693136646,0.0176274347861895,-0.0962262495246543,3992.2362482543735,11
3.3467530174962987,0.0505394233142544,32.64372996415498,0.0922325515953125,-0.0526033927251472,3966.200874212823,11
3.349266414497594,0.0414977177324222,33.4549969163351,0.102434038927441,-0.0173687470910375,4077.898712518445,11
3.3393372178680782,0.042796881275776,32.990867119414425,0.0216513779799645,-0.0451110814922614,4108.296434888147,11
3.3083607330290112,0.0198340644246418,32.587984300584466,-0.0018409977480135,-0.0018510504752967,4145.728557618833,11
3.3000545610263816,0.0681783401534494,32.40789650182097,-0.0311395123916626,-0.0402118567075769,4121.114567414104,11
3.30352079044104,0.0553716317723829,32.056207885227565,-0.0365613817502739,-0.0760153015261957,4118.245236581734,11
3.307358137873735,0.018592108337092,32.07630803010113,-0.0310117933886598,-0.0770480668841285,4144.290552046005,11
3.307550114684724,0.0350839264602927,32.677700550922054,-0.027367833386133,-0.0554691221294879,4154.787269116252,11
3.3049079226000115,0.0132138880258694,32.43595446221543,0.0170296761874755,0.0025688614444979,4150.908560484296,11
3.333458703042685,0.046561824972938,31.83133626104808,-0.0071811768906366,-0.0121697159688199,4192.914047678647,11
3.316020358473213,0.0468208491425288,31.36849097176305,0.0434649969226555,0.0661661125952001,4170.394306459475,11
3.3229804191782337,0.0446748499449148,31.738977731379823,0.0136388068921371,0.0173705082644334,4199.484119743358,11
3.345122675067457,0.0575338166967202,32.08550398828207,-0.0266841722787372,-0.0426305472555527,4243.589483097068,11
3.360776170711292,0.0375142768025416,32.224105706303355,-0.0231700368652768,-0.0258245908264186,4287.113609789997,11
3.35969883917154,-0.0181420537789192,32.1637211875208,0.0253146755749359,0.032895333213735,4318.760789945194,11
3.353397598154026,-0.0233504215261662,31.814034492531267,0.0792477508947175,0.0142908246675744,4311.490980383116,11
3.3684946859465885,-0.0118264178941764,32.60477566839671,0.1091307723426697,-0.0164187224283436,4274.904904550485,11
3.362500409854805,0.0323740393064704,32.439016724919384,0.04757775988235,-0.0221941871552855,4261.009587768761,11
3.3299126540629493,-0.0231870015671653,32.67931290702113,0.0440446656090515,0.0536667473997436,4342.155608564767,11
3.33607976392389,-0.0326926081895218,32.79140930433096,0.0556911279401833,0.0893004181940881,4375.998361417053,11
3.333355054485457,0.0080044574244006,32.70057166165486,0.0511618385289318,0.0707570921635964,4401.588046249207,11
3.3096958577733413,0.0484293875289199,32.255980178035365,0.0293803231234701,0.0246067407083971,4409.509040202101,11
3.3225679337274765,0.0546933377497727,31.52309138859301,-0.0012688715588816,-0.0153244593499547,4334.463026487403,11
3.3362359108048385,0.0016708853599603,32.50283348379407,-0.0816026240945301,0.0471190089111726,4424.771542013595,11
3.2935329291711977,-0.0062462658586818,32.18690304169164,-0.0253936200957077,0.038587370381689,4424.042426123788,11
3.315564677445925,0.0052252937285747,32.04139084840102,-0.036150568427163,-0.0191050452159789,4383.887720014755,11
3.332248629848229,-0.0005101566179381,32.0406176613716,-0.0401837458837192,-0.0214515906235619,4404.818053067032,11
3.3461532431951464,-0.0267259738506977,31.834299988127476,-0.0340436842468445,-0.0378034796729114,4433.091359645078,11
3.344701072216837,-0.055525115215256,31.57915237902791,-0.0172994326184453,-0.0602734615464024,4474.361525743047,11
3.3101997874036413,-0.0593751482854018,31.588313721886788,0.0125063363852174,-0.0168873570627009,4563.91925573751,11
3.297366949197213,-0.0170655692417104,31.209237013458218,0.0189809245960465,0.0216394670489818,4571.508407824357,11
3.289536630524351,-0.0615017494111363,30.578603902112388,-0.0080926698140957,0.0163575510948294,4576.208316590693,11
3.31034028831662,-0.0252775121574465,31.029597895141382,-0.0412129063636662,-0.0088900022529074,4560.339836339324,11
3.318791882384688,-0.0893330772660199,31.28666745229274,-0.0274598593391719,0.0562574056905339,4588.411481114302,11
3.318685366773686,-0.1580878862793892,31.567772651402183,-0.023190978729177,0.1275732208539623,4635.845111917685,11
3.322078655381227,-0.1231045993092077,31.696762078528057,-0.0484015101764799,0.1204686332713887,4635.4044129756,11
3.33313317121985,-0.018155967969052,31.38751963057365,-0.0749405361020946,0.0389812511421769,4566.332727853604,11
3.3417231316912237,-0.0450120330937395,31.14102948978418,-0.0742649087088707,-0.0132638091789984,4518.995334567348,11
3.324851777059032,-0.0466717615170783,31.37362198403472,-0.0741096911779141,-0.0210643375911205,4480.407274320195,11
3.329935360115656,-0.0125283809853053,30.94821770074598,-0.0729456615161534,-0.0029758227420552,4505.3134098664095,11
3.3035913189185218,-0.017686770722414,31.2514012740394,-0.0554006338735158,0.0095159872380062,4536.436987839902,11
3.2911871496782736,-0.0168733127276975,31.72177089929178,-0.0425251029733361,0.0057807332140349,4561.148567598545,11
3.294933737228934,0.0096466827141919,31.80187013056789,-0.053557183574665,-0.0260625019491667,4580.663617859401,11
3.302703564725879,0.0449510208797495,31.43610422285572,-0.0903537423172448,-0.0755911058232716,4600.440759874315,11
3.3258753639047507,0.0572852751783534,31.065364512786093,-0.1238603585888115,-0.0979014431922669,4625.8295173838005,11
3.343162960387,0.0289274123552271,31.031992846355468,-0.0555580705655554,-0.0582594405011617,4669.543297289999,11
3.326533303493995,0.0836308884103034,30.713079304558423,-0.0467961776254047,-0.0892455445046577,4685.210548027772,11
3.318276279491277,0.109423265602395,30.62527642724486,-0.0297459923170677,-0.0978080072325558,4646.926217656515,11
3.31875301492958,0.0921845047233689,30.80405322134393,0.0004687491791787,-0.0691403051929382,4675.402881435759,11
3.331081071953347,0.0592510647079198,30.87970052400689,0.0136174652662639,-0.0647292245575178,4709.026661967749,11
3.340640219628912,0.0311087628364767,30.652838737526395,0.0188988104398226,-0.0674173285019349,4719.793035446089,11
3.3263975705505424,-0.0030820064402133,30.29004385177844,0.0534120457432224,0.0041946389415565,4781.955989638227,11
3.3367428035800413,-0.0670752873350545,29.763644602809347,0.0110472132205258,-0.0407052420450353,4789.208239190293,11
3.343542274294977,-0.0503847300378104,30.35566206766422,-0.0413871334542165,-0.1228096447696581,4764.92772861114,11
3.325491395004684,-0.0275603841242657,29.782172867258712,-0.0404440903279168,-0.090449143157137,4785.580731911362,11
3.323223052097211,0.0056886664053023,29.853019112881256,-0.0201727029589496,-0.0524484877919076,4808.87199785255,11
3.3320920258308138,0.014792674018501,29.6911167286299,-0.0362596013701013,-0.0599214495811439,4812.847292303436,11
3.335439879817866,0.0037225124129355,29.1656410706184,-0.0602973214967867,-0.0823352280470215,4834.850590054541,11
3.325271336264393,0.0013269323111215,29.148134006416623,-0.0285113210025013,-0.0652264314271751,4912.017052790367,11
3.3066483609390898,-0.0326556211453672,28.70172475522123,-0.0212014063621102,-0.0479184628211425,4946.758758596385,11
3.32871595884455,0.0189747015425766,29.09538517673743,-0.0040858743168904,-0.0562155640622817,4951.6568461477655,11
3.330827350761195,0.0277083273003314,28.96704667012567,0.000268144120971,-0.0492856385811384,4924.35989127714,11
3.324295328600209,0.0343565123805912,29.05448681347286,-0.0371464853202278,-0.0465255668025595,4945.9544021066085,11
3.328644999766229,0.0204289658199267,29.434720378702053,-0.0736752237565505,-0.0515398243300832,5001.821264360246,11
3.32736439286758,-0.0004971859871423,29.962794566033843,-0.0819423908201282,-0.0410614781471184,5046.789386099546,11
3.306222561439012,-0.0003383519720054,30.26714179889752,-0.0621600928912691,-0.0092741319749495,5053.568745553594,11
3.312204103244698,0.0058228870827071,29.75572209414503,-0.0209515603764915,-0.0169140224582173,5039.809891441823,11
3.3130809641608097,0.0500566989291784,29.663618004141128,-0.0196590739605449,-0.0351281971694241,4974.193779313345,11
3.317378149064757,0.01075037948247,29.876754300791333,-0.0374634901900313,-0.025475795335226,5047.855131975916,11
3.3023578059210945,0.0493433153606999,29.67112458214591,-0.0659175240144157,-0.0514540602350967,5045.83125971622,11
3.286898767365171,0.0309512316803703,29.50543292336681,-0.0509723203655637,-0.0253787169242384,5073.716360468487,11
3.2875899392074923,0.0043336948219686,29.35423712706284,0.0006379644538818,-0.0007311689116154,5108.832144880375,11
3.308375402405532,0.0288516052984456,28.96707467888096,0.0321274238998223,-0.0398731943201058,5067.002012410411,11
3.3389917469346297,-0.0238820659043806,28.505711399483637,-1.1516767154311474e-05,-0.0549079772669209,4974.983959178697,11
3.346757759734309,-0.0517179828143432,28.71954712377229,0.0207587666456183,0.0027028943520354,5042.113551327991,11
3.326918136008072,-0.0470652002181614,28.4929333923237,-0.0068785861216189,0.0449110285220359,5125.601107155088,11
3.3392765887873166,-0.0282473886671399,28.93214362789365,-0.0473842850429254,0.0137426610062344,5146.142985712216,11
3.336791728037405,-0.0403824420316019,29.0208335445462,-0.0797688430190888,-0.0054622816603511,5155.287418976602,11
3.31355463232198,-0.0478691649552541,28.925820001663286,-0.0931117616933071,0.017050795932418,5185.768444350759,11
3.305458458438893,-0.0500827355162695,28.80796544105568,-0.0772513142373868,0.0491596504694092,5211.053266296901,11
3.341296995269106,-0.1025277666533974,28.289653179818423,-0.0275068078975346,0.0384933377724468,5181.475128945774,11
3.327428498919456,-0.0701373297765115,28.595088408729083,0.0153467903513639,-0.0046347417754034,5192.960241719804,11
3.3690022220096925,-0.0468062913111258,28.47868168012288,0.044325298603001,-0.0290701380140856,5140.760354362091,11
3.3743006551848698,-0.0168862287426285,28.42396215081818,0.0348611746460808,-0.0954932394432757,5109.748534332843,11
3.34697338059218,-0.0100478926598144,27.98171538406039,0.0146055259344504,-0.090637299089268,5078.932716819932,11
3.3237884342167874,-0.0018876436799391,27.97729644968376,-0.0189256357542635,-0.0628679337303514,5056.872932421216,11
3.314969566580015,0.0002345663289626,28.55183370760681,-0.0267802250664215,-0.0578633182843861,5077.338719797375,11
3.305051155476305,-0.0320758269644306,28.73497287499362,0.0323508098269192,-0.0594968767506879,5139.89438138965,11
3.3204583361820266,-0.0245061110560648,27.999677217428847,0.0397918635655765,-0.0777276269777428,5107.078091240252,11
3.303832699838416,-0.0227361586679897,28.97896567886637,0.0317913311114298,-0.0856181425223062,5225.4430003688885,11
3.317254210000899,-0.0251571513825484,28.74127264167566,0.0181123964695812,-0.0544292902539383,5290.204372463903,11
3.3401683008087817,-0.0433557231425224,28.793372840945665,-0.0212619646811999,-0.0402360509132455,5320.109528977392,11
3.3431805852693817,-0.0781274337264968,28.69772091844634,-0.035801252717715,-0.0183276579186055,5305.50256985798,11
3.3347729466616807,-0.0808917881942935,28.57254338063437,-0.0186289066816314,0.0057474547246405,5288.388441320615,11
3.3416232250593163,-0.024979851219621,28.91310252789502,-0.0051319350921949,4.32295093401305e-05,5294.130032672852,11
3.3526661661382877,-0.0153159395246613,28.994588366246347,-0.0035926482567961,-0.0243142356414466,5215.328038542106,11
3.3344224050113365,-0.0667340322860955,28.50428587349028,-0.0143401525313157,-0.032207009531746,5246.109706010224,11
3.357462434302293,-0.025599765624304,28.63961172184293,-0.0288037653277436,-0.0517547046027539,5239.841253425379,11
3.3674572342362814,-0.0355525796378623,28.75076246342008,-0.0354648821407687,-0.0989456409824044,5256.370037316874,11
3.3647712221837165,-0.0625188870207862,28.642591852763847,-0.0309354133093585,-0.0568332885082589,5319.92350205523,11
3.3517407667375543,-0.0568186865764581,28.28466337567439,0.0017165548276465,0.0128197442413532,5369.4787717050485,11
3.3389591664126104,-0.0204354232038933,28.065625491471938,0.05600194031181,-0.0027104817600951,5363.740920274294,11
3.353573823256597,-0.0139834902886911,28.65633850998261,0.0719187442734721,-0.0577204408246585,5373.846374202942,11
3.3659386305141608,-0.0075754001548178,27.888274091492224,0.0253875896987993,-0.0802525613475807,5334.901507990357,11
3.361240843697302,-0.0102263564961643,28.118209742374,0.0015839444438835,-0.0657402628665228,5307.956174081735,11
3.353441493306152,-0.035749890109678,28.193463294944312,-0.0085143371529148,-0.0313106238414826,5310.569027982715,11
3.339927558754186,-0.0795112985860039,27.774431444139136,0.0134027757686621,0.0430465771409913,5381.222200081683,11
3.31715391096337,-0.1082875454079039,28.15270950420312,0.0402470968889849,0.1048235829046366,5456.958431044478,11
3.2949379636304577,-0.1014014185857019,28.96099585907864,0.0512055239088915,0.1157643153861443,5474.486874868256,11
3.2937532970917363,-0.0721861283729912,27.60895144637881,0.062688258229983,0.1017976064630772,5457.325033101022,11
3.298673004565311,-0.0162178300961892,27.68682852965382,0.0510141709112702,0.0206429781564996,5473.771347689186,11
3.296396562663138,-0.0598471954348684,27.68200072791886,-0.0022410541257698,0.066401097625116,5488.130294516758,11
3.297520824869809,-0.0520089359021109,27.50347270611768,-0.0612362322081846,0.0645247279818707,5520.654003741568,11
3.3020204729816767,-0.0394482868794245,27.695116483743032,-0.0720114068553782,0.0277317237818826,5562.572894709106,11
3.30088545701154,-0.052435206811605,27.77209285137826,-0.0677253341468751,0.0377230179444284,5586.41568790841,11
3.293675395730776,-0.0775157571919451,27.658320518609447,-0.0414095421338955,0.0850946453052868,5597.539013918898,11
3.2896534029589133,-0.0759960070101642,27.936960863624822,0.0431524524261032,0.0747610831265704,5627.060567460213,11
3.2850800843102133,-0.0473867760214206,28.19245693213219,0.0317100132760576,0.0607070653600401,5642.441092531355,11
3.3069175656690155,-0.0501912091348262,28.53014444862609,0.0315648997877842,-0.0242115478164803,5627.849358235403,11
3.312309225735335,-0.0322030073952117,28.21389548895131,0.0751892852755548,-0.0507312741564052,5616.388597768234,11
3.2965925712810606,-0.045289496635204,27.464091878315266,0.0994526453529801,-0.0446538643606801,5531.144944601077,11
3.2929503829242,-0.0511135565365146,27.29696210761496,0.0680256595624647,-0.0367122074278168,5514.974879452992,11
3.3011739386675933,-0.0292867250099754,27.727997623848875,0.0313072765362251,-0.0521153820581217,5548.487331036573,11
3.3056517797215994,-0.002137675679573,27.98623860183896,0.0442909176255658,-0.0743676076123322,5502.467392199357,11
3.3480425604680337,0.0076791319829641,28.15068577192284,0.0043583063975683,-0.0125498263476323,5487.709432309232,11
3.3402473737578364,-0.0008062642510561,28.138488611925712,-0.0819187058806498,-0.0536363485094927,5486.280525400506,11
3.326631462393081,-0.0336881856132491,27.754496888004727,-0.0624068157078357,0.0319809610209375,5594.05461833368,11
3.3082979782837847,-0.043827147234049,27.83919820093987,-0.0155705833653692,0.0675651779991978,5616.16053913496,11
3.295735509158387,-0.054319765161201,28.12100750760726,0.0154387831246605,0.061713427770098,5607.25712413048,11
3.2865846748094736,-0.0602153735533736,28.279729489331302,0.0180996062978476,0.0422713082962206,5623.516160215535,11
3.283913477677318,-0.0387637093411935,28.284593668997186,0.0035441505728984,0.0216821278924434,5656.6233029550485,11
3.312960278525521,-0.0003467263743393,28.30535008654024,-0.0068303870349733,0.0105449734805355,5655.493996528509,11
3.312866593291748,-0.030628731866127,27.622917258920392,0.0031425704603189,0.0271974210588114,5643.697520058231,11
3.313965064478162,4.277173524407096e-06,27.822231273425977,-0.0189715222845055,-0.0412672519288074,5557.164629828467,11
3.315768578804364,0.0066647241520262,28.582214638515445,-0.0200620110085449,-0.0253078169479931,5570.786436650244,11
3.2943558499945773,0.010142950319903,28.72454139555085,-0.0397989842789405,0.0047247982340501,5617.229847899977,11
3.296063753645897,0.0202051896623898,28.58492854152119,-0.0407731312862651,0.0014976660672327,5633.6713529590015,11
3.334610262367416,0.016218486073951,28.509935070250148,-0.0012120298992588,-0.0058339593388644,5588.421867589326,11
3.3311409648715147,-0.0297807906243889,27.807663960963435,0.0133641312530179,0.0518703432675148,5494.463791433916,11
3.319538377388734,-0.0518703716877739,27.978133283618327,0.0150049582695428,0.0950281103510675,5542.102016198092,11
3.309086855105164,-0.0502018539414036,28.009582477717537,0.0310902577867294,0.1142888435148468,5646.222750941979,11
3.323785152644372,-0.0600022472453761,28.0140695620146,0.0434419544975935,0.1444148520544851,5700.168196010751,11
3.3498329581538906,-0.0235542703112091,27.98051411144649,0.0148058376929905,0.077539731640034,5661.148772627265,11
3.3666041283342127,-0.0313623879861865,28.17357535145135,0.0026819828181561,0.0085607573710393,5641.430321524558,11
3.3652837935828845,-0.0706545453122885,28.446409881617534,0.0188157310769045,-0.0079438833529222,5690.130684812393,11
3.353055358938182,-0.0102171065877876,28.2889881198362,0.0042032473344655,-0.0353542345043602,5719.77128428673,11
3.335320703094766,-0.0560428483331562,28.255018182789897,0.038027314828181,0.0398681256386102,5724.680311643655,11
3.360873488511444,-0.0376656000042246,27.44893656211198,-0.012386808200137,-0.0184784500308413,5677.783907139282,11
3.33768623514481,-0.0653173393659403,28.007937934708227,-0.02440485467861,0.0495621110289075,5726.114411789892,11
3.31959356143945,-0.0467622391565453,27.98953014200092,-0.030918389210135,0.02353208605043,5735.483035314344,11
3.317240056460865,-0.0520309934401998,27.582521084790283,-0.0056334704751204,0.0008042724693156,5709.794180807336,11
3.3164700561188925,-0.0740134461608537,27.435760922616893,0.0091648018443051,0.0149436774577242,5711.291620006852,11
3.3064078174996334,-0.0372806072712546,27.553712967073324,-0.0446129770883519,-0.0117145021293705,5762.565935260329,11
3.307822930672116,-0.0311024181833741,27.070765712409937,-0.0379332485867911,0.0014302302545521,5763.557322407248,11
3.321650337006953,-0.0769444932096308,27.712463542944647,0.0103366299646988,0.0295358003867258,5856.654226061865,11
3.306630019996862,-0.0156220632776458,27.970040905133864,0.0148973335899903,-0.0185616530892606,5818.867745770976,11
3.310487744377998,0.0096770296372711,27.66900724504288,0.0375390665520851,-0.0324852055576308,5770.745072723441,11
3.3382505268913896,0.008794210635245,27.444315976276364,0.0451391104162745,0.0069288792933566,5764.078310266916,11
3.367435169059149,-0.0031931366367834,27.376039022538954,0.0268841303577159,0.0350305748754769,5799.763656230239,11
3.367862276041889,-0.0189629699563697,27.334465650844734,0.0134119180323241,0.018962425445199,5848.739112892601,11
3.327950207821233,-0.0025717305737226,27.84277562146243,0.0383602507431278,0.0695456986207177,5880.040590746205,11
3.314198407113653,0.0149920935331071,27.802630676990017,0.0262165093703379,0.04177891566068,5890.802834830839,11
3.298542039993441,0.046701456314897,27.454189361649476,0.0241289807807082,0.0080891678873053,5927.988686366988,11
3.316089798185917,0.0467079195490779,27.57766337016782,-0.0060543903820268,-0.0550507005337647,5892.265633234087,11
3.3305530274698345,0.0387026360148524,27.376984761899088,0.0136859537169801,-0.0807591063452613,5839.435267739514,11
3.3435966208652537,0.0213312432421203,27.07051786644664,0.0402469550326947,-0.0783130205778206,5832.421045004216,11
3.354480572534854,-0.0009520460182446,27.206015514483138,0.0188466058808425,-0.0830495184504161,5884.011505487194,11
3.3254959410398848,0.0017100313653253,27.492690345288125,0.009973576260985,-0.0764937694192333,5945.349278364776,11
3.3300059810657725,-0.0783113343327064,26.989020448913056,0.0303065575860304,-0.0105453228945468,5972.862047784043,11
3.3167010089398232,-0.0413287738196757,27.121550529441382,0.0160592947230619,-0.016249798844501,6012.958948145026,11
3.3096085519452925,-0.0579313945282757,27.24573527459953,0.0459064940370689,0.0131495179448253,6040.049019979183,11
3.302270578895813,-0.0751237677155817,27.23920475411375,0.0224226354409351,0.0213749213316945,6038.613006231556,11
3.302184205031113,-0.0776945470029749,27.099772432401256,0.0108156449068794,-0.0012219364693595,6003.074385078522,11
3.313927795191438,-0.0666779757023467,27.106043540607203,0.0454007679719045,-0.0280953625289323,5957.030266026824,11
3.327210407031929,-0.0366721630573877,27.4540676033316,0.045237071334712,-0.0350822863525523,5947.7529370981765,11
3.328704029070386,-0.0193234451781035,26.660898829390995,0.0891883925395005,-0.0410596508074168,5991.374149419003,11
3.338807856252584,-0.014200665204335,26.943056039022157,0.0533552036116536,-0.0449280626129541,5912.212272245204,11
3.3367508913172035,-0.0085702128252909,27.41717101832064,0.0453884451890373,0.0047368130962328,5959.389296018656,11
3.3346146041587077,-0.0565563941124721,27.603757414407717,0.0454866022788754,0.0362901249413599,5950.672871324304,11
3.336168023426255,-0.0771793505871089,27.560948621161277,0.0398297314964001,0.0235212826331808,5921.733431373841,11
3.3357785813522987,-0.0581613645259078,27.33955714272409,0.0526684079426013,0.0217889691679437,5936.300211451306,11
3.326449928155034,-0.0679827545460124,27.1119785823468,0.1016295382511158,0.0876323730632988,5985.090532119519,11
3.3154912216064294,-0.0449868936035125,28.00071002902309,0.0820238067694709,0.090960175967439,6026.842525591537,11
3.3448748966493653,-0.0277373053849649,28.12323387879344,0.0286258943693036,0.0139339641741725,6022.787644590536,11
3.3355087297159747,0.0174373292927997,28.236074203182437,0.0318243439241765,-0.0281539576859989,6042.226325358347,11
3.3169276686181104,-0.0091237691034758,27.96551832099387,0.0304456488975334,0.0210468292764028,6077.293261883432,11
3.308834121761997,-0.0319349802842026,27.35039459794608,0.0237413736854947,0.0684644142778287,6052.969751264754,11
3.3086962788342222,-0.0282035425657166,26.92221075125529,0.0076231610306342,0.0581980093459245,6017.246542507642,11
3.30675030920598,-0.041780554511996,27.126000338420884,-0.016994379866008,0.0225786381726215,6065.094206991724,11
3.312714105110748,-0.0731955542406585,27.53550775859245,-0.0076755499396576,0.0344649147349102,6130.360022199094,11
3.3173876833955918,-0.0747705345084453,28.173489408187464,-0.019252558888217,0.0373221089149405,6123.117450167317,11
3.340760483910623,-0.070655871691531,27.676095711642144,0.0077346237266389,0.0498961704904069,6130.530410123313,11
3.327003749988936,-0.0615629378775321,27.504797705510413,-0.0159592405746845,0.0321225227558796,6106.227956530618,11
3.3197590146860825,-0.0667941456575819,27.40917131832438,-0.013850820902578,0.0424105807052041,6070.323609427698,11
3.320072505365536,-0.0640221955678714,27.17131412049369,-0.0166160001326826,0.0374807503457612,6036.345706418634,11
3.306695620084894,-0.0554868594867391,27.058661713366973,-0.0489249122760944,0.0077151980401856,6019.078266626265,11
3.2932902576549465,-0.1098604607215208,27.62577661253752,0.0019417748846186,0.0929221992473569,6043.898545366516,11
3.3151300114282662,-0.0676871076678562,28.20791528840087,-0.0123696718247158,0.049967930462169,6030.794762133748,11
3.3076420119801826,-0.0574004620841343,27.926470803169146,-0.0166921443125297,0.0473669210659311,6089.284542810654,11
3.3113543138938244,-0.0462081807133121,27.285524117403867,0.003489448448633,0.0112595437675675,6069.2156210476405,11
3.306928643488764,-0.0534206115048608,26.884051044715,0.0589650123149245,0.0152849004797091,6047.010766889755,11
3.302848820340573,-0.0417977134127042,27.05159539517021,0.0969036254799386,0.0287325244560261,6039.877204264598,11
3.29689705110521,-0.002608659118885,27.334709968373907,0.0793350751104986,0.0292534632781052,6064.262418647239,11
3.266226698536093,0.0046513273339862,26.927335748785065,0.04370767280183,0.0629489715470227,6155.745833552909,11
3.281692980111752,-0.0011505827576262,27.49087215314226,0.0708234904123502,0.0214402494829575,6148.575211780671,11
3.3175883936439767,0.0048051969757584,27.229677402953065,0.037340192542007,-0.0646115622277473,6065.168459501474,11
3.3424388570286965,0.0109694187959707,26.88150466352853,0.0414246450167326,-0.0958756773181341,6096.312359197142,11
3.3218649503151454,-0.0027394857223045,26.921929242035983,0.0722812841918062,0.0049866339534119,6152.879886106132,11
3.2997002750383864,-0.0229285965087815,27.06698479740857,0.0765576015586201,0.0756422769887659,6230.297159075936,11
3.298180691106324,-0.0089908523538473,27.10740704721383,0.0514078678070092,0.0504507276827932,6298.43473664102,11
3.294768179850072,0.0463180211427645,27.232431521102104,0.0467270714298368,0.0361989079322826,6297.7427276559865,11
3.316765308380127,-0.0051595494151115,27.530296325683597,0.0451997555792331,-0.0064605399966239,6311.71875,11
4.015003204345703,-0.2931662201881408,21.630516052246094,0.3041896820068359,1.655131459236145,663.4230346679688,28
4.158052272291851,-0.391736743693541,19.18659129079664,0.5179887647214143,2.834457398362331,-8.131742596400954,28
4.026841242056488,-1.2740010038891452,22.74094171650243,1.4938652121051723,3.263620432473311,-100.98666248069144,28
3.9383169671763545,-1.94835860382181,23.81219540832173,2.176120220375421,3.060613741721458,-58.34484925297123,28
3.910149665320528,-2.1687219625159337,24.31688385514546,2.3871316986408484,2.819670156630316,21.58364361941477,28
3.910914941185589,-2.2124062810367806,24.463978661030588,2.3863351133234785,2.720471197806144,48.79485733522584,28
3.901449043493866,-2.2112606306382525,24.400822626845823,2.3618762835663074,2.7051476179314022,67.83714996799404,28
3.906678645056452,-2.1789574424801343,24.449718720520828,2.303355210219529,2.7228783691312506,45.15678104335734,28
3.91583869858365,-2.1547561868152005,24.438426834423737,2.261660371701073,2.7391662841032494,63.06803408011597,28
3.9091827828852574,-2.129325597633261,24.53486118785375,2.234997062466771,2.758348640737552,112.24649004584676,28
3.916901027773189,-2.0713597096657708,24.77321351813909,2.1727899698318742,2.796404150798776,92.31015714129792,28
3.91248110967683,-2.0397675767512764,25.000422998727608,2.142367997106397,2.808088623959085,90.09803568618284,28
3.8993340728413632,-2.0522491620934527,25.50222649961879,2.142863211875151,2.820335149765014,91.727723739999,28
3.88754041028158,-2.0335136721850797,25.556369251474766,2.097146631413912,2.827147807425948,101.7934001064481,28
3.875641164346994,-2.051381031371695,25.90076982321496,2.1110092931073194,2.800228827842467,99.25714914650008,28
3.86493551122669,-2.068315645697437,26.286592479914933,2.108280359008587,2.776705053668392,111.45035964013954,28
3.859186029614482,-2.035392481798486,26.533346331187143,2.0575251800126075,2.794255266117464,123.39085790565647,28
3.851382849121815,-2.021422682727893,27.171463640065184,2.062697770690197,2.833354824657476,105.66528581356056,28
3.843667534213436,-2.024646714864922,27.52837471700571,2.046081205396886,2.84395112432469,146.1454776987462,28
3.8440807546244224,-2.0102046439688235,27.66652707206279,1.9948634506398653,2.8400593966752687,182.76858589734823,28
3.834435732468315,-1.9591320989713328,27.76312941639545,1.9628907653920369,2.8672904684322766,134.34025824678417,28
3.8223144323028095,-1.9482080379821405,27.91140585901156,1.9676167478182816,2.855658395979941,153.22078463981643,28
3.81758342573458,-1.9801397587265996,28.19488434890718,2.0025167284931262,2.833837627688518,202.98093862840045,28
3.820506852606069,-1.9552973819815596,28.033354551895805,1.9998372378556624,2.8604276802228843,218.6366643491,28
3.8106401097346345,-1.9524115342048256,27.931512288199933,1.9777927098968304,2.832984600716142,257.3728438667629,28
3.8077939818622033,-1.9542066963047973,27.89274332879396,2.0018887384627404,2.82065559920832,273.77324279900535,28
3.805190475766736,-1.9617870847759715,28.231055704992976,2.032800912857056,2.812362512703879,268.6372449330436,28
3.793849735494372,-1.9924648493134007,28.509849306766387,2.0590743459690724,2.798816712907672,253.98499740860183,28
3.7931640251823096,-1.9868107450481625,28.409328201092038,2.0407126648439577,2.7923497585808623,267.81761731903134,28
3.78388945907636,-2.005155938108837,28.538609693992345,2.039540388183017,2.8060366760354865,272.0294900760759,28
3.795249304383824,-1.9723408974862051,28.452366531458605,2.0047383822204936,2.833689982589116,268.583846440162,28
3.803744971864841,-1.9575192484377912,28.79652614269004,1.9775098843926069,2.8419069919333797,287.5929098724192,28
3.811872845561383,-1.961363530564624,29.34920346308746,1.9837591634580904,2.869627138617359,270.0854977353534,28
3.802939460949096,-1.9699220594251088,29.14053053396185,1.9664815103173927,2.8610454033813766,294.1491859017789,28
3.790481503834571,-1.980091623412639,29.580330010397898,1.9722752442657383,2.8643766752037525,290.5256560529337,28
3.785806483717632,-1.962276388431542,29.76296708984952,1.9637965283907652,2.8748720994743824,303.1911623978209,28
3.777109958724399,-1.951169642473664,29.61332603843992,1.9822299705786608,2.8565767032212257,312.1664222760552,28
3.781950717161644,-1.9655815507153256,29.5115673916101,2.005783201841416,2.8274874542971866,332.16891491030026,28
3.79875935363409,-1.947277726883699,29.358763880450244,1.997257208779088,2.843265515870093,344.4258724565993,28
3.799041199999631,-1.947319252955215,29.20799866155325,2.0001745972155622,2.8351095583578587,363.894106715298,28
3.797305679952264,-1.9674618093187728,29.28997350955956,2.008451736717008,2.818856822971135,390.4617551287991,28
3.786232002290751,-2.019834511897514,29.41294870574893,2.038327898104835,2.8154508720498903,373.4843695195276,28
3.7704400141883663,-2.021994536224971,29.360580858976945,2.041999610475421,2.8198777597207427,366.27595165231054,28
3.763913218600989,-1.997346805489581,29.23994156273191,2.018547109484898,2.826987155669128,380.9085608556275,28
3.767731165840856,-1.996638469299432,29.364411287361825,1.9950906414616083,2.845806888010641,354.2625788380382,28
3.7614359283266983,-2.016899237335292,29.939472065080093,2.004387883698332,2.839724986449532,334.912453721737,28
3.7469344242759375,-2.0096681221671724,30.445104598999023,2.010606879773347,2.8244987985362178,356.4961242675782,28
3.7428248356781295,-1.9735405415803589,30.397475237206383,1.996984687554588,2.8239739207103707,384.0440238274788,28
3.738901052673282,-1.9696718118591885,30.161321809476625,2.0081253011195104,2.793623769666387,432.77132844113663,28
3.73277282264147,-1.963468597381462,29.969895836986986,1.994398668718248,2.771350170578984,484.0837356769295,28
3.7315258136994447,-1.959815712191432,29.963772822417926,1.9960351233671652,2.7712593678039954,506.7282502547554,28
3.736231757922975,-1.9603591413714256,30.280886594199053,2.017042242511684,2.7839955661607827,479.2961931715389,28
3.748855877463444,-1.9267074701240696,30.45421371748407,1.977257054559675,2.81926407660789,443.577126111786,28
3.756727955066414,-1.925454949611527,30.904329595583825,1.968732235337025,2.8364269728921987,459.8114076553085,28
3.7612800625186336,-1.94295193229596,30.81136288129089,1.9771215165269849,2.8334502943972786,461.8978036689397,28
3.747038162948954,-1.94941100483806,30.79697966260135,1.9572974682304944,2.806858929433985,470.91139385605584,28
3.749991709884038,-1.9512304329015808,31.15703125576892,1.973690108676038,2.8192304199269227,441.0880469049984,28
3.7383819324983767,-1.946077225113636,30.72711655413045,1.92797081817526,2.7954180772453263,463.3612644938305,28
3.742050947448933,-1.9359984271693096,31.032724665333507,1.9435777087292732,2.8007106771991923,473.4705418837319,28
3.726040992935123,-1.9944772756392652,30.97641391790206,1.963042599267004,2.776257242732778,510.9036671975611,28
3.720244905223017,-1.924921982455118,31.548635179919877,1.943981384735252,2.7789378837736884,534.6519558479296,28
3.731651334095542,-1.9088559847022275,31.48893196596315,1.9059900061169284,2.8022145535409564,570.9995049114262,28
3.728903009219972,-1.949869036899848,31.44528299558816,1.959344343336859,2.786825966519534,590.9567115365445,28
3.725069482745656,-2.001578828112164,31.69866004467912,1.982556211700512,2.7704496645071104,594.8290917553388,28
3.712982134467487,-1.9889665298966692,31.959427824543194,1.9484235983489815,2.743437338866899,600.1647929604428,28
3.71117032453108,-1.9958026262672728,31.71820966507852,1.9851282375296035,2.73228663758204,596.3816048346305,28
3.709991230180449,-1.9892675220853664,31.64699184511469,1.981568793042621,2.733485074484957,633.4540746793406,28
3.711675656089711,-1.9916394106156436,31.77572472469568,1.988410218676908,2.7352195791125524,634.3229146283154,28
3.706708570959888,-1.9784281325926176,31.93628895981325,1.97844132155687,2.7149885823010047,654.8988654383638,28
3.710396134335062,-1.9654359869335007,32.1485771510912,1.9762050690858264,2.731404263040294,665.8462895932405,28
3.708751615369253,-1.977784886026653,32.13992170395157,1.9952231728963004,2.7429185039830344,678.4944614922392,28
3.701786675840786,-2.0136306177690937,32.42791710548906,2.022140895937251,2.739098454242843,686.8529171574094,28
3.705796246717918,-2.0082221351183653,32.71576997147616,2.0262012463661585,2.743396483206794,698.4821102380303,28
3.710176257420127,-1.978279700125999,32.67389303975385,2.002965059758134,2.7553505748792047,713.8347826779226,28
3.709773484159733,-1.982106998872667,32.54014029259493,2.002723624440357,2.7580132087822897,708.5176781580443,28
3.701877053158044,-1.9844310128170517,32.55236786840543,2.0150987696332154,2.74643242967602,698.7513343508167,28
3.6958560637129727,-1.972038442335868,32.54536130072264,2.004716474753021,2.732756692655596,713.6278220394836,28
3.7024270712991294,-1.9831306594080644,32.317800922069296,1.9985678506934124,2.724650789073374,736.3329836984212,28
3.696846223733826,-1.986692373829212,32.19989027373056,2.003816584783601,2.718546513573659,746.6276579714453,28
3.682374203813549,-1.965684987196174,32.11383916930576,2.001457960258585,2.710782662681911,758.0214609531915,28
3.673687261985245,-1.959632536639338,31.97877867325492,1.9819343921592871,2.709543433216434,783.9138583956683,28
3.674897413398007,-1.9620523319803247,32.249304816493016,1.9833809367199704,2.716741876025281,808.8633265936984,28
3.681559407643424,-1.9462511827905145,32.29199887223415,1.9837975362298168,2.728170665315509,824.6517902799725,28
3.6797112305358137,-1.9690534798093915,32.28813888174825,2.0044707116197324,2.724259015968481,834.546312299703,28
3.6833813704254497,-1.9290452438401364,32.56357246355659,1.9946561950366304,2.7225982304556835,809.5300928703554,28
3.682493473496464,-1.9018157840000436,32.43087642359598,1.9666316277138003,2.7330385160356028,813.7197622144157,28
3.681795256800372,-1.905419102913941,32.529422767220915,1.9908102723736396,2.75639925652055,837.2832226239441,28
3.6874110770811432,-1.8903663807420064,32.48188785343855,1.952576949375564,2.775434826632754,834.5528608296901,28
3.674222212432688,-1.8976965966882688,32.43673439242213,1.9591393777237949,2.7659125950025474,913.2217655290052,28
3.659680458908946,-1.912618009715089,32.604570377977225,1.9847089904017168,2.7576386202936587,877.1819438393491,28
3.663738592360556,-1.9311508016910808,32.50115078383448,1.9838190768301371,2.7470147343799614,903.4257424828688,28
3.657701318791323,-1.9407360035440195,32.64675495169339,2.0014375934979416,2.7209479885425822,898.8482726012376,28
3.6587664148081904,-1.9440595222556072,32.692492111869484,1.990183467450349,2.697466777718585,926.9923440684444,28
3.646098979704772,-1.946985927556548,32.77293117645783,1.978286393874084,2.6875527477444683,924.5674116570918,28
3.644280564356842,-1.9417659519750816,33.02100104059749,1.9531215695217112,2.6974033223208047,942.4620511320002,28
3.645018537463673,-1.9545191298811109,33.21992609496378,1.96441351556147,2.6916553253036817,942.8150977439376,28
3.632642593185482,-1.9770868865663929,33.092759750741195,1.991897206225332,2.6845723045796213,947.07669407749,28
3.629750783592181,-1.9806901885791628,33.27083710957115,1.984686364748978,2.684946456793801,931.5013139288455,28
3.626514529911467,-1.9835109050422624,33.055458458249646,1.965527547329721,2.669725126490025,958.5938616862594,28
3.631743816887724,-1.9567046336731069,32.757343212913696,1.940211735510871,2.675954296818753,1000.0807452427194,28
3.642914324041125,-1.9490434961192773,32.647888774907884,1.9698047252593736,2.687926924296273,1017.9830014205384,28
3.6462394533175377,-1.9594500405125896,32.69078661769009,2.002105634469391,2.690179496271173,1001.4786408105284,28
3.6457525484954023,-1.9492338665942388,32.666154598243295,1.9802959997397065,2.6879792470337085,992.9246611568112,28
3.645749906511072,-1.957839777879769,32.69405127743467,1.976827082426652,2.671512432044305,992.2851274054084,28
3.648046496685151,-1.9766764507852568,32.88995955526716,1.9810538844034664,2.664395403546512,991.4788421457793,28
3.64851188930086,-1.9631972723061288,33.02938834841175,1.9731452927021536,2.678977392571635,988.6699876406692,28
3.641064677211423,-1.9636359724070045,33.04122620494244,1.986387817530641,2.6702267862222597,996.922853985446,28
3.630813260159556,-1.9929397261661037,33.139760967463765,1.9892992060666723,2.644920017408288,1028.47534710428,28
3.624574484131061,-2.005936483354334,33.239221331302524,1.9824630384859836,2.647715186802336,1031.5862067931089,28
3.627201285389285,-2.001208902982773,33.03316186281143,1.960638968615541,2.658702485277432,1045.4818230612743,28
3.623420922652535,-1.9787788066611625,33.20758702759481,1.9700239137350275,2.669803952900358,1061.332893126403,28
3.620615238954079,-1.9854828995883127,33.374816959431584,1.965706553260861,2.6742169649704643,1066.3471783528032,28
3.6135916218640447,-2.000906579661234,33.36998732914771,1.9813535172907752,2.661836145505563,1077.0432322741906,28
3.61871775967863,-2.0211186521670768,33.56042285767756,1.995930330514457,2.663466309779984,1071.1178760780954,28
3.632273024557218,-2.00030292860727,33.70930560279659,2.001662789535883,2.6645933779516384,1048.1474120170724,28
3.637210306913957,-2.020628846209982,33.70630546238111,2.032612365225087,2.6625084980674414,1044.867474099864,28
3.628617304709999,-2.052076268060897,34.034532983271525,2.0600969931128343,2.6466295656049184,1083.5141656944118,28
3.614128210143466,-2.028991933130362,34.39407111386045,2.0442658899411814,2.635045064644913,1115.4301367833618,28
3.6114041503300514,-1.9840966499144728,34.05886343972219,1.979726653243283,2.638201178584973,1148.4946845186232,28
3.602944568785468,-2.033117474590222,34.291661938557326,2.0134654680587394,2.6417408697095848,1186.1439063607631,28
3.589828994639204,-2.0217485517995795,34.3063727380648,2.014102915509662,2.634011240672524,1220.3287962713407,28
3.589660676530719,-2.0328799181939976,34.29526577464574,1.9915126030296368,2.6219022801332525,1175.3318754892043,28
3.597758893930619,-2.028711950846566,34.05263636107706,2.010773265294181,2.624133448519644,1167.8544155762645,28
3.60054316097036,-2.023297703784445,34.19600828203227,2.009019133273956,2.6117155493319824,1172.8509533022211,28
3.6006840577873707,-2.0417433087001,34.06847602974039,2.034374525055768,2.6024082955430723,1212.4618286825082,28
3.5987761187418195,-2.054642206779725,34.08638013468347,2.0347093107118948,2.58085476563423,1239.852464528075,28
3.5856120793715767,-2.0546843879389627,33.89012400549616,2.035577504531197,2.5912056730915785,1240.6646410071332,28
3.58409839316442,-2.0635036462196106,34.103147899721435,2.0289228706143527,2.5898257793686112,1235.124232272345,28
3.5779102276764205,-2.0669500922435624,34.13371069174408,2.0399461657879256,2.5888384650470178,1247.8412183678668,28
3.567367950774772,-2.0659903186480806,34.207842410399465,2.050638009559905,2.580252952972297,1276.3494130010188,28
3.571675324935769,-2.04239096713652,34.39858711689767,2.0519019737135484,2.5806592326533817,1269.6378178443258,28
3.583774140291268,-2.02527393149969,34.24241700920581,2.037941834426332,2.590990414466209,1263.94371127902,28
3.5853474717059077,-2.028206529148585,34.17939659508055,2.0352090558843487,2.6023629811400504,1267.1664242951765,28
3.572720357736252,-2.0366918378155714,34.22549824272978,2.0633515973622947,2.60326623916626,1295.4211056570475,28
3.567179043036102,-2.03663485938074,34.0864380690461,2.0729806274457325,2.5939702068249533,1327.8492680857898,28
3.571297754186764,-2.0264910087693617,34.015129024455135,2.053074012406607,2.590976379318814,1331.7056390946216,28
3.569569437625503,-2.020376017954489,34.10791480022928,2.047772412038705,2.5909355065322326,1352.0483894564477,28
3.570670650226182,-2.005868252148475,34.35198690490146,2.0272038794194818,2.588832517202049,1365.463953259762,28
3.567633348962535,-1.986959441848423,34.43640203061311,1.9813047284665315,2.6015955572542944,1358.046917459239,28
3.5617099249971385,-1.9814292039222212,34.270097058301616,1.977130311423304,2.633286330109508,1336.1034274759277,28
3.555096308089835,-1.967900873357272,33.96884408384731,1.9675050505167595,2.6264936869897104,1335.148946549356,28
3.5438971397782093,-1.9569742026085664,33.769400569576845,1.9447350607927896,2.604066642335773,1408.7761671214114,28
3.542514668971244,-1.9664942826125031,33.84714566466939,1.9416060792475889,2.623730020847573,1431.095650973978,28
3.547217868000889,-1.964334820078541,33.866890285326086,1.9686213416278024,2.634125260189035,1417.0313339954514,28
3.5514471959076217,-1.9759699453252928,34.287721471660305,1.9898721601652063,2.6272175708655374,1399.9896789435402,28
3.569231188364876,-1.949387016053011,34.25618435980467,1.9840732418521816,2.6386557202258043,1402.2104476034533,28
3.5494153445519663,-1.9877705344180303,34.51448478049727,2.000824492459937,2.621292987708108,1435.5454904595936,28
3.535934841249751,-1.9952625049760528,34.531007856862985,2.0087232986334818,2.623024889111293,1433.7242671627628,28
3.548472583406589,-1.985590487662245,34.297724148726864,2.0034739195962485,2.619022359469437,1449.5092127318644,28
3.550758284296566,-1.9678999681328555,34.30512163995119,2.0080915930591146,2.6217302753253784,1464.8395829948904,28
3.543212190692952,-1.945312846811147,34.47966951683924,1.959450564898255,2.612026503496224,1465.9669459438503,28
3.542399236069735,-1.9337098886926145,34.576491638933554,1.974686158627328,2.6042690340197154,1487.9800965393874,28
3.54142734459082,-1.9588762354985985,34.26755727757127,1.971022828540189,2.593747996202264,1508.0763687104948,28
3.5340086791826333,-1.9560249599932724,34.359572325852504,1.9667013029520364,2.597960555485832,1527.0911249113892,28
3.525344542159025,-1.9714287384245928,34.86253782391323,1.9847665477565195,2.580267670925263,1542.5395387819,28
3.526818723894923,-1.969422710640444,34.61370318147771,1.991885448899296,2.576663542785356,1564.7535716527352,28
3.5184271975591184,-1.9734233951298188,34.59763432089909,1.9983724677945809,2.584853645083134,1569.0182120137497,28
3.52335502114323,-1.9780530898016655,34.79875505443782,2.0136283922285574,2.581120151653182,1560.6733670730448,28
3.523047717171941,-1.9858543676780167,34.94414647179876,2.0049600655279898,2.581588926747977,1567.2828572206552,28
3.5233940726642574,-1.9740380999721965,35.00126762606471,2.0006617733571392,2.586742102311104,1588.8695836779304,28
3.531508303319574,-1.9709230814629104,34.86732097834856,2.024044865245855,2.581495774941544,1624.0284126151932,28
3.5394941309224004,-1.9757023013156396,34.71812654578167,2.0144866238469663,2.569575848786727,1649.8807054602582,28
3.543287331755986,-1.9593590730079404,34.71229895752184,1.9939463580263133,2.560457890786385,1652.4201157106568,28
3.5376674718802725,-1.9563424384436223,34.79722127932457,2.005182241672379,2.556357163337318,1653.731646993886,28
3.528806414631229,-1.962115968107501,34.84819990565511,2.001970331249706,2.5619848950824125,1664.7297720954189,28
3.5265215263474867,-1.9517546871884783,34.78211988798837,1.9823160484743028,2.561885704390268,1694.6552044412365,28
3.5260888529635106,-1.954657148548696,34.58570076522394,1.9727884503979312,2.5495078437495096,1729.3410981436082,28
3.526720068179817,-1.9521540768430452,34.44599235260644,1.959845391473608,2.546601933657785,1729.2520678110968,28
3.523200745843985,-1.955824288393464,34.76283928306882,1.9684402660972005,2.539464100096762,1730.647294100381,28
3.514835642055663,-1.9742550744000815,34.94389899241226,1.9991367755630292,2.544337210447892,1722.160759217347,28
3.5132946008094543,-1.997875945779912,34.79024677240555,2.029433174710193,2.523572893809732,1725.211035110099,28
3.5096666979654527,-1.999030864080995,34.77978592063168,2.0280730368284288,2.5371685519335627,1745.5138100982836,28
3.495010617099322,-2.000141309204534,34.7693084038949,2.0050433943988244,2.51681970964082,1782.1779122884425,28
3.510649300703254,-1.9959611608761243,34.88306504161236,2.0034129119325,2.526288362441757,1780.7296204882443,28
3.520668843743481,-1.982514417915128,34.82586464404158,2.0118049831606712,2.526146071169012,1781.300910704528,28
3.5129520230572706,-1.9930373693909675,34.89256489975466,2.018226410806292,2.507000811834642,1792.1700448683391,28
3.504200026759128,-1.9878590938499607,34.8090767526897,2.0059452732929888,2.526711979525301,1810.9120881453805,28
3.4959599070377747,-1.9665760522979416,34.87295443529443,2.009727819655478,2.5107146918435626,1806.6893735139265,28
3.500768800313621,-1.9846777665817892,35.0505583750503,2.0218810575445567,2.5027226369637847,1813.412014995496,28
3.503708037626992,-1.9973858608415311,35.20544490561819,2.045392008044093,2.5068998210596902,1820.6944473930027,28
3.5036737711533257,-2.0042914623123487,34.903784299392555,2.0204499200521657,2.484357255618378,1854.1865455901468,28
3.486655348866108,-2.028005310177577,35.088931539784305,2.0351155160280165,2.4679538613231062,1837.640459085908,28
3.487776532290338,-2.008716513844654,35.001887366541844,2.005732481781612,2.4811923539931477,1849.6202166436528,28
3.493612487284583,-2.022635046610985,35.247140339957745,2.0306880622820507,2.501193220538769,1833.2291707433687,28
3.5006668671317724,-2.027627354082854,35.17498613440472,2.0415092862170674,2.4953827650650684,1850.8891495414407,28
3.496543483157239,-2.041281328760158,35.33227810201663,2.051043310327656,2.497339811126767,1873.4106558383296,28
3.498007666185808,-2.035774962437852,35.3457548577754,2.055469422800104,2.499184588628816,1917.1547055451767,28
3.4979389024817427,-2.03554547847106,35.42536266449494,2.043250098345636,2.4823934842598234,1908.12200247002,28
3.49301032262849,-2.041013297151302,35.71879987229922,2.035485439805317,2.484994369553708,1903.2815622138612,28
3.486668599801163,-2.048485109621275,35.72771792781376,2.0406968363742077,2.5007293512780637,1915.5864726248672,28
3.4823067711071167,-2.045853272277601,35.76849204425776,2.026061933297516,2.508441752882671,1926.7638850942224,28
3.4780855115735463,-2.041621373596624,35.79275196847032,2.0367589352937645,2.508029687607446,1958.6220324683964,28
3.470386459155885,-2.0504834336459297,35.89341993277825,2.0756061496265894,2.507614761759969,1963.245192414196,28
3.461906740931347,-2.0429310681463866,36.03896871902091,2.0693496562582783,2.5064110129451933,1941.5224466305824,28
3.459090377522777,-2.0323331896884684,35.89726891184124,2.049616060545404,2.495938106836128,1953.8019396488069,28
3.461839775056605,-2.0378889284873054,35.902092794840186,2.048169151821749,2.4880849440742305,1962.8134894848768,28
3.463801168539123,-2.024414271172594,35.883617833791924,2.032000576390661,2.495244288038892,1952.8184830606097,28
3.4648239364696134,-2.0246259805610816,35.7985982263922,2.035566015820422,2.504539603321674,1945.496549956064,28
3.46288742325031,-2.0128135248483465,36.11373846562464,2.018749636377864,2.50760654736106,1945.315296540865,28
3.4518951405198903,-2.013122951150617,36.18866695122818,1.9882497228611615,2.497946428666719,2000.498751144553,28
3.4421211379687597,-2.0261238527207834,35.97523290854095,2.0055618572325247,2.4854141264196152,2044.242634937308,28
3.449566955151765,-2.0243231736419336,35.85931723149377,1.9880393917033268,2.4893017396584347,2041.7785330702093,28
3.454630322176928,-2.038802596256278,35.937556174842534,2.0256295226697434,2.478964927741846,2072.39005549238,28
3.4471976743528656,-2.0179126050837324,36.01759561203378,2.018269976505936,2.4714258312052277,2077.1602702438267,28
3.4486346700015726,-2.0273790609633764,36.20844574551501,2.0179956441565587,2.4748991725575493,2050.961748840679,28
3.448429986524672,-1.988029343194006,36.1448367935498,1.986443767926193,2.455033482585828,2137.381563644553,28
3.450292010839134,-1.9937547512901752,36.31878970746507,2.0120194837141128,2.4780293101399065,2113.686440365076,28
3.454635703045389,-2.002399346102839,36.43993659641432,2.017651319503784,2.483318681302278,2129.9947562839675,28
3.439692744685932,-2.0045219833323547,36.45854471130948,2.028586781092537,2.4858479125738597,2146.806918456108,28
3.440877335734088,-2.0068580284010484,36.50178358370054,2.0001082240070427,2.4758964396154046,2165.4219580724243,28
3.435842066496216,-2.003679020418337,36.16337765727918,1.998709851041408,2.475123085011156,2187.195010670192,28
3.423703982383857,-2.006568430502158,36.27876378367664,1.9967971215401343,2.476840388797407,2171.044426671048,28
3.421921066165196,-2.0183797914724946,36.43714279578629,2.00916124607079,2.4746824708011967,2188.9766820319887,28
3.4302584922155948,-1.986454733378045,36.24161668716171,2.004175370942893,2.482571165142528,2199.669552202712,28
3.431731548561716,-1.9635815735350035,36.13933446411825,2.018797126294084,2.4733192609704058,2200.741355391216,28
3.436577001906974,-1.970791035203267,36.20144968447478,2.020331190303954,2.451612690220708,2236.003598420517,28
3.431955506535694,-2.0069900949420454,36.43260721448238,2.008448346576078,2.4501172626401617,2240.354337580488,28
3.42794609520521,-2.0381733623028704,36.51200496767329,2.022208326480339,2.44511802570581,2278.846027568969,28
3.419367703237696,-2.043371593569087,36.638054326711845,2.0288120240029404,2.4451772648355234,2303.3793446877958,28
3.410590892478063,-2.0327726906774624,36.586013664144645,2.022975173023563,2.4550034111974823,2306.756063363953,28
3.4102889630654807,-2.0286334200932985,36.54426978531316,2.0258053701180816,2.453675237179704,2309.548683209771,28
3.409045434854432,-2.026992801457137,36.62441338032541,2.03466646973262,2.444472365658765,2317.7806195726016,28
3.41015740964273,-2.01900292840031,36.5702555319312,2.0427195056850382,2.4394004290856577,2328.1417478622698,28
3.415815713500256,-2.029710524023593,36.633670554494586,2.0494347055828186,2.435332062113713,2300.8514028163404,28
3.41597734687459,-2.0404167098674524,36.737745605930265,2.0408100707769847,2.4319926214128,2273.837268966357,28
3.4173862961154358,-2.014140141258168,36.5514408681253,2.010724874435165,2.429961508298416,2295.9650242017665,28
3.4155812141800648,-2.005524644554225,36.51101846100027,2.0020673712169743,2.4284857081105,2299.536605402292,28
3.40581518535578,-2.015031233627089,36.665116099193554,2.0242886795664106,2.434795271020756,2295.417270018608,28
3.407180856441505,-2.004915088696831,36.73303452691869,2.028790140422396,2.443022572475931,2319.600459021296,28
3.4033232830422584,-2.0022546393208787,36.82152105234071,2.0270586031821813,2.4444635676075697,2338.433884041972,28
3.393029202585635,-2.0205241908197817,36.88609861290973,2.0233972590902574,2.4386055573173198,2329.359640370244,28
3.401699561027137,-2.0408919402917527,36.654808779970686,2.044813640176236,2.416858014627756,2361.889531213079,28
3.397843834132463,-2.0657053651791664,36.48461819596462,2.0359407908975067,2.4167917432767005,2381.5001979892786,28
3.395912897384009,-2.054501255428408,36.486077306852,2.044088615586942,2.4131858402930044,2428.6676392293834,28
3.3820764766072955,-2.052814835186041,36.8673012847035,2.018197051068109,2.3981425865836763,2445.341170139709,28
3.3788273370558914,-2.0429111094916474,37.21877373188791,2.007942496265491,2.405292698025478,2437.618675880937,28
3.3798029134314094,-2.0217268692297834,37.25505153893974,2.0064344523309083,2.4135641393679528,2497.445124202505,28
3.379966870598171,-2.001284642571087,37.22607855264992,1.9786991500674216,2.4066446034804634,2496.216476584653,28
3.3818913119051093,-2.006353847471212,37.080175237529446,1.9866714815561624,2.381281730132653,2522.589517921491,28
3.381808625727836,-2.0039918598470705,37.1022148997662,1.9926011767414435,2.3884792066476748,2521.228433014089,28
3.371133839926332,-1.981315941576245,37.13273730214917,1.9721268706150448,2.3790382081484296,2529.201297406664,28
3.3597836737822044,-1.9760506518171053,37.25312229726175,1.9988165559750648,2.3738947072416714,2556.473075304229,28
3.359576680484476,-1.961880330327328,37.464770181868616,1.996990480134528,2.394315864278148,2530.59367938844,28
3.353034250226949,-1.9774699364357504,37.55388423580754,2.023683500199778,2.395136524914343,2541.9982674784383,28
3.341226437592101,-1.9777185033535007,37.51275187674453,2.0174887563420607,2.3887054559639136,2582.660315472146,28
3.3447555350896767,-1.9578053460003972,37.32457781468988,1.9786649185227536,2.3735961066752616,2634.10307257207,28
3.348683780443015,-1.953524522835456,37.41519469349506,1.9731852972214523,2.3796587112044567,2640.150501849746,28
3.34381165306149,-1.9616361586042528,37.46669945239119,1.993711833917802,2.376214506495427,2659.631353655925,28
3.343889150817813,-1.9777579285021316,37.39896519017355,2.004925470496396,2.3722242547343493,2669.178768626684,28
3.347368560351136,-1.9989617019610053,37.35318040757639,2.0035373055867303,2.3782719412012225,2640.9816645313977,28
3.3354034568051083,-2.0143297462247047,37.51149556497095,2.012561768349718,2.375552120641409,2627.03817639414,28
3.328593342425917,-2.001542502630411,37.88699106458004,2.001338197738778,2.3664661476878,2635.874587868472,28
3.334797669899261,-1.9792178256299864,38.07125849444384,1.9822653964697077,2.3657370456450377,2630.792663228084,28
3.3277020972708,-1.9818795660267703,38.05084129001784,1.992056965827942,2.369439726290496,2621.903999660326,28
3.319358100061831,-1.990626398466936,38.077838407347016,1.990984332809376,2.3736268351794645,2632.6595687433546,28
3.32277257771483,-1.997914589645732,37.99230266924391,1.999154207611805,2.381749340176357,2650.028753673647,28
3.329432053466826,-1.99978688331092,37.977940319616536,2.01103216240672,2.378086280732614,2675.2424201027884,28
3.326457806931552,-1.986689892067576,38.0335058129352,2.006526237624805,2.3750788633674667,2693.9283994159086,28
3.3109201573694587,-1.985533461002862,37.93749141873394,2.0239419161935386,2.376508916032788,2693.0774451906605,28
3.306347488230253,-1.971721309569923,37.92392440103628,2.001567191347508,2.351146249104087,2713.4958952992083,28
3.2900954158184432,-1.989314311168144,38.18645712378345,2.002513426688759,2.3495267987927324,2754.9076908450497,28
3.298326705038435,-1.9883281643764736,37.66575220897653,2.033968486497443,2.332102762052828,2776.123675456344,28
3.305026305871109,-2.0113448420634565,37.7075649037929,2.036176148795,2.3233730765957463,2753.268513612801,28
3.298645728026536,-2.0307915909303835,37.95231934170642,2.0331156524232745,2.3146428421900267,2781.487467140241,28
3.294797954577354,-2.054455719733283,37.9746134492986,2.0380484832482435,2.312045793226851,2783.819224712754,28
3.2854878330050434,-2.0340941326379327,38.0935361173518,2.018337510709276,2.3093779280866253,2803.413441302871,28
3.270486398545465,-2.013849516672088,38.15234150733298,2.0187745324154656,2.292252250339674,2793.060731941901,28
3.2593211780649054,-2.007807731177721,38.20764341156063,2.0214079616200493,2.2721943152198723,2801.6914265565924,28
3.241870138730804,-1.9992423706559463,38.07415070560794,1.979944492332876,2.2567966187158017,2851.859035326088,28
3.216975945831472,-2.007738828884406,38.43725764052854,2.032598986292155,2.239217286299217,2869.7244769206345,28
3.22053636765435,-1.9992675984063533,38.10869427484464,2.029078342964157,2.232834525279602,2904.6801919342224,28
3.1966866455366567,-2.022958159221368,38.06917380926064,2.028864221446681,2.2313434960486083,2915.345710970729,28
3.1621671020421283,-2.013532145487564,38.22723323771543,2.028666122198556,2.2045709230498693,2932.013009603172,28
3.136707755703556,-1.9899521613166096,38.24600483654577,2.0292022485138115,2.178665500507462,2937.920641836012,28
3.103357895110189,-1.961144234372447,38.340736951629694,2.001378116625693,2.1512640942247243,2936.7129649286685,28
3.074387951023412,-1.9441528333833404,38.52297971469468,1.974072434951768,2.1319712028611586,2928.3240609123936,28
3.043100408885789,-1.9177605328352547,38.59492691703465,1.9613551627034724,2.1090363937875494,2984.6020083220133,28
3.012266127058148,-1.8646919801690405,38.73378374355728,1.9008972293262445,2.0670967124585617,3039.900200019937,28
2.9722678792048502,-1.8128913692806088,38.92076394959073,1.8347225279348345,2.016490366147913,3087.0819227943334,28
2.9482301376717754,-1.6241934711856456,38.86554063245344,1.6414897851997992,1.8382926282449965,3149.544256372579,28
3.0002535502716814,-1.1596145920582228,38.47034865381136,1.166390696635545,1.341207174362444,3165.566835457526,28
3.1074562865980155,-0.607013785546139,38.28384624401878,0.5876820651930658,0.6553107058393635,3125.6054835184323,28
3.189220099908869,-0.2350368532431341,38.36576497126617,0.1896908001548142,0.1771959688352468,3138.342464684991,28
3.2076114630203394,-0.1270297709817241,38.36920338362061,0.0463817677406034,0.0555125524647291,3229.766980926571,28
3.1842270510408506,-0.1239095059538561,38.69347811376216,0.0223707635666883,0.0630076508581729,3283.815483684576,28
3.166240731349289,-0.0322084930392658,39.12397663714981,-0.0254578624653065,0.0296391998655352,3297.5765452393966,28
3.141119998434316,-0.0448856375027024,39.20300339841213,-0.0393792062871064,0.0730645728838011,3347.312387852226,28
3.1060586827463816,0.0088846540696477,38.61936227405455,-0.0118866260357149,0.1109131906597071,3446.2712079284347,28
3.100208309963205,0.036841320081672,38.527343201952746,-0.0300429545321797,0.1321532558684985,3507.468210952268,28
3.153530218200106,0.0359590135951348,37.24421544065999,-0.0344454655054058,0.091032418065012,3453.6581463588423,28
3.1870272912239983,0.0360243700317936,37.25808665342277,0.0161994176904439,0.1219108047664507,3523.371615260221,28
3.180650456415908,0.0223391769429235,37.61259831102223,-0.0417708396165154,0.1333763545875512,3550.396548525372,28
3.178990843165349,0.0282206764208816,38.34941370771152,-0.033480887482602,0.0937228279297412,3562.442847556562,28
3.182075076382643,-0.0676790697672621,38.42307520183137,0.0074348311786777,0.1723328427691512,3625.684158642485,28
3.21018185552442,0.0415251441088648,37.75904577936703,-0.0277523616318271,0.0233996858668916,3590.2091579040643,28
3.211329000884058,0.0569378427302,37.42578481951824,-0.0700429545465445,0.0377893375201122,3530.3687852596304,28
3.221751671883019,0.0536259396005217,36.87114349249856,-0.033447918445153,0.0426373017673682,3540.65833880996,28
3.2061486483070936,0.0347899003746605,36.84357317544112,-0.000813682994934,0.0155486651926896,3587.782449473505,28
3.202072300847852,0.096360454388627,37.016865584259904,0.018692676360862,-0.0121537693063182,3600.1303267884573,28
3.2521958143814755,0.000935528265392,36.71353663568911,0.0117585092944942,0.0159128234600247,3657.933965268343,28
3.2372555872443045,0.0109163382018441,37.277030447255,0.0172353651205566,-0.0057851781924242,3708.790359352847,28
3.237289937998262,0.0702418299754553,36.79285690509527,-0.0023587271043006,-0.0558404080140188,3602.966660267009,28
3.264493460015223,0.1364518339782675,36.58575969472499,0.0246879772330674,-0.0581307014439866,3624.175335889503,28
3.266436749460116,0.1014004034925059,35.974705925059915,-0.0043491414609041,-0.0541482165399481,3613.9094076751535,28
3.2828261847757445,0.1009613229472388,36.14866596358937,-0.0549564319213824,-0.038882997707377,3573.7995697771435,28
3.288666925718744,0.1141673771696189,36.05432862279997,-0.0639252435549783,-0.0188395963957099,3623.235580473181,28
3.2905151474453325,0.1224755305648974,35.71563468312947,-0.0148746871472207,-0.0934640473821693,3671.3060314272207,28
3.286151806213004,0.1341257642088407,35.26248951354864,0.0086043662513077,-0.1016904074409943,3665.154421483636,28
3.2941549036137774,0.1256658869649377,35.10128240459132,0.016040017728875,-0.0865722995934503,3666.193205691015,28
3.2917513288487115,0.1013059844958314,35.264981527634966,0.0371073443365115,-0.0926483583219343,3756.4710654130695,28
3.2940952403784256,0.0804524046627693,34.83904065166393,0.0133610183059708,-0.0663137904496857,3808.9730619203374,28
3.2916628038950817,0.0747647108703794,33.979330261172784,-0.0327998139809231,-0.0378235319245517,3775.26006099362,28
3.254849831864153,0.0774797019892015,34.02875012576246,-0.0451356358403634,0.021075067943095,3776.174009038279,28
3.269120614334857,0.067069844524103,34.6989318833234,-0.0679026604797308,0.0468750549990865,3762.402637272566,28
3.30042428961323,0.0461324993204082,34.44551864508646,-0.0925852959317163,-0.0133835260275685,3783.4411745702378,28
3.297282004401454,0.0181164454337776,34.08520714051332,-0.0731781423514413,-0.0418063341789594,3842.640971596615,28
3.292985645719648,0.0097992108379524,34.23901290749332,-0.0695992881583582,-0.0895118600563879,3862.91796598092,28
3.2897896861308915,0.0186687788040514,34.317102385378526,-0.0864205472945939,-0.0960283184631803,3958.71731838522,28
3.273422247520692,0.0300797869808737,33.64010045388695,-0.0840496809445377,-0.002102382738136,3942.960646746513,28
3.266642690831637,0.0411149701825386,33.330457178992,-0.0332919675610354,-0.0044673859742109,3904.188320570948,28
3.302582492900481,-0.012274195499971,33.30719597713708,-0.0508003154794186,-0.038075913990266,3959.107152812645,28
3.2877678578201897,-0.037895035076118,33.72074786296187,-0.0463899115913853,0.0088870642083522,4054.790555957584,28
3.273513182349827,0.0038011490124398,33.330283455226734,0.0363537006728027,0.0086973754122206,4011.2569633152175,28
3.2979595620600626,0.0314015126549452,33.16760646913814,0.0363125987069263,-0.0192144291443721,3944.5242912999183,28
3.276662932451821,0.0389723630308655,32.7196667532389,0.0005077251034215,-0.0365311383165858,3895.707252776464,28
3.276681134741338,-0.0090543235491936,32.71981657925986,0.0209103246082023,0.0272291333243837,3944.4468087266655,28
3.28878356152987,0.0490158277322577,33.27471834409892,0.0456925870107744,-0.0224943837513619,4035.4695539564655,28
3.317981533832947,0.0081711598656122,32.99319547426047,0.040331884127089,0.0924183123046105,4072.386653215088,28
3.255968915041544,0.0303525281603495,32.60238069847987,-0.0017352504109948,0.0534921143281444,4040.57240130996,28
3.251063167034791,0.0213285701627537,32.527834684952445,0.0569689210278966,0.0552453888978087,4142.988011726137,28
3.2435627736306145,0.0249747255489596,32.65866313133889,0.0444714020944721,0.0191798784923235,4154.547946634275,28
3.2366954671863346,0.0440634932009841,32.67596343965296,0.017854026365596,-0.0003578501079222,4130.624513564804,28
3.2225685471172363,0.0658515877810457,32.3940242918768,0.0173876654666573,-0.0328626529487926,4161.273361811793,28
3.218546773625682,0.0250573227136255,32.38383025257709,0.0620269524796192,0.019889452521089,4160.512063039048,28
3.2371032188429942,0.0411107897598263,32.513939307632874,0.0432295648412815,0.0317707248947576,4155.13275527233,28
3.25722218596417,0.0623400469498958,32.39024531142697,0.0025193267140975,-0.0138115709813036,4175.350006276583,28
3.2553231986574054,0.0438913892398259,31.831778376674837,-0.0018535792045929,0.0271190659676469,4201.647842147625,28
3.2500817234890222,0.0183493477100465,31.624993398194047,-0.0009697791240008,0.0145382552296794,4214.643915591032,28
3.244061494820059,0.0253657482587341,31.71183103694808,-0.0136321296920695,-0.0124219874437672,4236.332669061614,28
3.245181122889816,0.022420630689943,31.564846669793805,0.0033843595717654,0.0118100953680975,4247.440717671905,28
3.25179476188126,0.0052613172343882,31.6281372964495,0.0184582247696314,-0.0170246045402707,4235.296244572602,28
3.2434327187745464,0.0428272106461163,31.442448340201413,-0.0045557055631252,-0.033309501586992,4278.059666307303,28
3.2294343423753245,0.0837411633877538,31.156043544834176,0.0021228127301242,-0.0064907944277069,4387.651558254075,28
3.2237838671202925,0.0714531455379121,31.77833110037733,0.0087221121285203,-0.0159982119445714,4462.906356148098,28
3.2467606694125952,0.0502408291222016,31.668363809134878,-0.0088304757177545,-0.0438979789614679,4462.645921328568,28
3.2654273820960005,0.0350166659640229,31.731505020805027,0.020516888359967,-0.0918927085788342,4432.997622282609,28
3.252608327649266,0.0383683998694046,31.98856493656038,0.0029524805258425,-0.1437628393137158,4420.082849051867,28
3.253178385119808,0.0440908540990942,32.47779627693623,0.0160442884863548,-0.121514507102831,4424.841851333589,28
3.2744906029764325,-0.0055802213908343,31.589724333389945,-0.0437211157623794,-0.0859912933468371,4396.392243066222,28
3.292066460971796,0.0032202874544456,31.73865915381389,0.009484046963634,-0.0654809628041112,4387.444436547439,28
3.2830377440822147,-0.039845986591057,31.24502370578355,0.0399028546263118,-0.0291864115265963,4527.514288456994,28
3.271040217862913,-0.0161988335064777,31.041394145367047,-0.023298687806849,-0.0292768297516273,4496.3496047598655,28
3.284861111686,0.018138213657082,31.16422425686524,-0.0398348412337404,-0.0322837396780129,4494.663202238893,28
3.292974102474566,0.0086190902552302,30.598421280686036,-0.0895671234070011,-0.0746340260247649,4389.997988724304,28
3.2888204911706125,0.0082085922885059,30.172322145256505,-0.0500586591097593,-0.0436814926381588,4463.119351998171,28
3.283707710655515,0.1042388593531549,30.920482577808876,-0.0971733593647787,-0.1007861063335033,4422.8413879740665,28
3.299908336484364,0.0446112465909171,30.308227391233974,-0.0403776517972385,-0.0402460346008977,4538.490906338609,28
3.2912084272092588,0.0781343798021075,31.15071918653408,-0.0237188795387798,-0.0047264518128217,4489.92471053875,28
3.2956440493830663,0.0123242835156854,31.501290885622424,0.0117991880561264,-0.0107016756945272,4496.081040842096,28
3.3133509258241416,-0.0040053229185705,31.17694003099756,0.0206650375636797,-0.0340004381292367,4459.71183283613,28
3.30261899753419,-0.0190420974114657,31.284076892585976,0.0439307398051875,0.0014970248639032,4539.145350897923,28
3.3108385461039265,0.0061070985655478,30.8623732114334,0.0333357031839161,0.0004405605312725,4570.861654876536,28
3.312220335006714,0.0210184599281708,30.41850777609813,-0.0101742909407842,-0.0150519503995294,4640.6194406087525,28
3.3086313056585244,0.0213425383816819,30.00517320182237,-0.0742674926736022,-0.0300344832326043,4631.577427191634,28
3.3042172146204063,-0.0486824056010387,30.412712565892583,-0.0158204998405537,0.0178235203788273,4737.869432301512,28
3.3250284474378264,-0.0628739184011595,30.628070777215225,-0.0318191902102815,-0.0034405946140006,4766.090220344992,28
3.3278027401078623,0.0058833850945563,30.110965952305342,-0.0772359089358992,-0.0286062368718174,4690.698350181651,28
3.3148891984402344,0.0366980821204096,29.53303869279887,-0.0404282742811966,0.0044237620431384,4668.746984470995,28
3.3190955182780395,0.025798107942809,29.35152128468389,-0.0299529040475267,-0.0204344413688677,4655.536260190216,28
3.3171484204456347,0.0299940207420316,29.56551676932265,-0.0556408174702148,-0.0349760713418392,4689.9086554082005,28
3.3159501822999835,0.0061310467878911,29.609425871043214,-0.0525455626893248,-0.0104691761885615,4770.389200769435,28
3.3161262384209147,-0.0430151137236387,29.65310871578572,-0.0458762374106225,-0.0193893823681109,4753.350936687734,28
3.2997848243929715,-0.0361253682150731,29.94884605263492,-0.0589275672919134,0.0125754843580419,4721.477592598063,28
3.307010936376503,-0.0064026267040659,29.697642782460083,-0.0588674439233516,0.0187715194619388,4761.120598084534,28
3.299886145528638,0.0205763780242557,29.85818246361889,-0.0360941109907718,0.0225298370433609,4785.700141776938,28
3.279503542894677,0.0315404453355333,29.749431931003507,-0.0634498393237026,0.0073811380977834,4798.850212111591,28
3.262912350476125,0.0310316120885268,29.682572669478137,-0.0152796615506671,-0.0581992393489816,4844.792173100781,28
3.3145385185126326,0.0368239587922851,29.33737736072792,-0.0298313971059602,-0.0734317406223261,4792.858838721349,28
3.3500599018342103,0.020553955861098,29.21758374104202,-0.081643904363895,-0.0413778779045847,4745.261934738303,28
3.377449923066426,-0.0076887164324787,30.31848908912934,-0.0551378075139055,0.0132137975974159,4768.09633262937,28
3.383491003220383,0.0360755455206605,29.853184759504177,-0.0612564675284573,-0.008098804703534,4813.756403960893,28
3.36184320332648,0.0152746557428844,29.908575194995212,-0.0041128988008038,0.0681672274418499,4839.469314892486,28
3.3619674617716835,-0.0310669748538614,28.87690632825537,0.0125145566929674,0.0600670889470665,4797.921500251065,28
3.299902978601437,-0.049173405228468,28.590810956035533,0.0597648342969235,0.0690339393702482,4843.640159794424,28
3.3492819329966665,0.0169799705449702,28.732279710823736,-0.0394372343946595,-0.0254404815107516,4843.800502495865,28
3.300307694815506,-0.0026633125256282,29.395819269191133,0.0138770690106844,-0.0152528451329588,4944.203496056832,28
3.324536914861495,0.0039808012427153,28.87874715765392,-0.0228253655269434,-0.0436591548151523,4814.786431873227,28
3.3543903201198755,0.0304533082345717,29.076233137307405,0.0265674802434175,-0.038752494989023,4843.236702873935,28
3.3351578599789184,-0.0125522445500022,28.20586039393518,0.0457700232998073,0.0216197111346336,4861.367578863422,28
3.3532289214756177,-0.0302034225350066,28.7083351625612,0.0104156404747741,0.0090564868090733,4967.280675877245,28
3.336953796826599,-0.0037692121471266,28.40011389359185,0.007113873225545,-0.0287464174171523,4973.280269745393,28
3.296792320583177,0.0209790365972924,28.485965977544375,0.0356126768595504,-0.0158469861616253,5003.735542629077,28
3.305276123021636,0.0564094494697275,29.03575436785,0.0142964693754631,-0.0331823569396773,5003.018660835598,28
3.327208699260632,0.0046878468477683,29.441787755782297,0.0039564611624381,-0.0532195040628678,5009.072026561023,28
3.3368677606204056,-0.0237614879620546,29.47356136084053,-0.0461332228480161,-0.0505462238012278,4989.510186525283,28
3.323227382562562,-0.0001991663712636,29.032747867202044,-0.081493586118708,-0.0493750044748552,4985.509029049504,28
3.341395680530312,0.0325162518216706,28.889673312354866,-0.0971883179193868,-0.112242294239528,4994.941076729383,28
3.3569489643118557,0.0248051211519588,28.82639158425574,-0.1073368605092476,-0.1152567775015109,5037.87895793951,28
3.3369166607667458,0.0091550320057663,28.83363697073635,-0.0917249142644763,-0.0523613743019241,5095.218887531013,28
3.331350589744986,0.0004723740350758,29.082476019183268,-0.0905155835704909,-0.0500904116462675,5050.717128241668,28
3.337591451598025,-0.0394516172475536,29.059225857595862,-0.0487494114751168,-0.0315279198813975,5000.890854833708,28
3.332943662127836,-0.0469477596800137,28.867987832860827,0.0311263944946641,0.013811363343903,5032.4739891008985,28
3.3066741239371047,-0.0410778102075902,28.798097123721163,0.0271191988633302,0.0295658755610888,5058.760048071246,28
3.293154330695284,-0.0492768811452816,29.233142477803508,0.0394514128777051,0.0548337952767292,5149.428126661449,28
3.316946513260696,-0.0407308090921821,28.74138845793468,0.0026289460927931,0.0061446551782816,5141.629900350011,28
3.2898326889102987,-0.0877402278195022,28.31221667399704,0.0070228748481693,0.0038175230884539,5181.778873205636,28
3.290685994863961,-0.0574230123416911,28.495006499984537,0.0236229652711428,-0.008845409209398,5228.087917392781,28
3.313182738868411,-0.0912820969361443,28.93549130949948,0.0086521155435056,-0.0303759784886655,5321.060294888645,28
3.2951211933828257,-0.0761719988148472,28.679936868707266,-0.020077032757138,-0.0186912288294229,5347.228669770499,28
3.288831144740316,-0.0968666638763507,28.74928744844318,-0.0369482625818095,-0.0274797076771357,5380.01323805234,28
3.296045512468017,-0.0670382666537099,28.38501937808521,-0.0296650404297162,-0.0092164325811302,5269.195730631205,28
3.2876336502442967,0.0206876778253309,28.18115841553658,-0.0142110043534546,-0.0408071539662296,5342.625760574196,28
3.33636594720058,0.0152072010998436,28.606008569324395,-0.076463993015524,-0.1562754689576707,5236.132838344755,28
3.3109614096427,-0.0098719584028505,28.38351807837675,-0.1099774999603891,-0.0162677091100903,5212.0350011814735,28
3.282256147135859,0.0715392730401266,28.473737799603008,-0.0948229020704392,-0.1012711728234658,5182.279211956522,28
3.2597713132436428,0.0088292805509678,28.43265732474949,-0.0317593589706783,0.0063118648579735,5175.352832585067,28
3.294814255827993,0.0154817367160946,28.611411896905743,-0.0229802195208115,0.0034124562323145,5247.397652004078,28
3.3463383491638705,0.0417657785385227,28.55185682516693,-0.0468205751918101,-0.0504078761121161,5200.443171077504,28
3.301744928432098,0.0067790675844957,28.99823463526474,-0.102091645578974,-0.0758914694978741,5235.918178277114,28
3.287174946869704,0.0106039835124267,28.923973552220705,-0.034255560029768,-0.0500948699384864,5274.985190955814,28
3.3112672695816125,0.0271405523716839,29.02221506619949,0.0129442254921142,-0.0966397652187732,5255.402702807479,28
3.3053402932244578,0.0107459615359692,28.461154905294,0.0020790685545694,-0.0421978850304994,5266.345404064272,28
3.290952462104408,0.0019058752215215,28.11455635041956,-0.0071282265699047,-0.0364541773541726,5272.938148887937,28
3.2826758958892244,0.0328373847316263,28.07458153203665,0.0066857700155155,-0.035493977568579,5290.542538619447,28
3.2788404251091423,0.036787567058109,27.853761654945757,-0.0057685986365464,-0.0218212496813223,5310.747425677871,28
3.2666124959523826,0.0095030841310215,27.819621996528035,-0.0390033253656953,-0.0101352608278532,5322.8043321346295,28
3.253852233994886,-0.0209528542130773,27.88890480228994,-0.0384171985491184,0.0025018889226796,5364.071634274574,28
3.262440017581212,-0.0081250578418555,27.91525756749404,-0.0426880840550139,-0.0276184515157883,5380.088654891303,28
3.279669357382733,0.0224516415556572,27.838175360782383,-0.0639825207383736,-0.0270564366688345,5406.053897388942,28
3.296210498124755,0.0124819938001878,27.93085888608416,-0.0596941235371372,0.0197733471201758,5514.536557404889,28
3.3145299836683364,0.017580004997855,28.26426850735352,-0.0664095872685686,-0.0166098238171461,5563.675664948604,28
3.316881324933923,0.0521486933520926,28.115731132954416,-0.0867299278511442,-0.0646501218297981,5526.173224465383,28
3.3158635597373225,0.071845317734775,28.039922707022257,-0.070534661926316,-0.0348177785317939,5526.29127776465,28
3.3188786578764318,0.0661764495455019,27.832289564136293,-0.0470579964142222,-0.0078004578211867,5523.469544726193,28
3.3138622047770454,0.0428533007748185,27.7435440034632,-0.0788420035252047,-0.0282815990473068,5506.292274633743,28
3.294520693600517,0.0241652041082141,27.846228316510796,-0.0973444387232185,-0.0057910960660612,5526.717558372222,28
3.2587330602743223,-0.0401407334749319,27.56336310229816,-0.1323239887960685,0.053695018003591,5612.420386157551,28
3.259527123492697,-0.0158363833780518,27.82086637745733,-0.0813189416151983,0.074937567762706,5710.170686141304,28
3.243486052875483,-0.0557691019824177,27.516818527913927,-0.0365700064779776,0.1301121588211866,5759.334771716977,28
3.258052443736893,-0.0260368162917504,26.91356132521748,0.0132504272994728,0.084353212161528,5742.770590884925,28
3.283687104800247,-0.0249439152151288,27.906031754607287,-0.016812224064325,0.0462465810929277,5751.777650194944,28
3.328504659728428,-0.0367140507286801,28.161103982330506,-0.0247443094603113,0.0301459993540335,5676.801501211009,28
3.3340378384509024,-0.0528330519964429,27.315239248293786,-0.0089176147788874,0.0383625054707318,5617.882284528591,28
3.33369564153747,-0.0609166929621551,27.89502766903045,-0.0413060465929689,0.0405327613643301,5666.183881734403,28
3.3025294711323894,-0.0231687494030737,27.91710209981705,-0.0165308002023361,0.0034746380209463,5573.592431917531,28
3.3125966586778204,-0.0498089651614146,27.50099832935009,-0.0214159374208047,-0.0747938038240361,5557.845523134747,28
3.3103975722379637,-0.0057977891909163,27.149953315749293,0.0014367326213805,-0.0905801785549954,5574.769357720936,28
3.3163780819040167,-0.0217286709736552,27.11453987655207,0.0026534193473566,0.0067655981741936,5603.043687787985,28
3.2824346365685275,-0.0015248004875247,27.33704548206581,0.0233151886204172,0.026657167998176,5737.625163375767,28
3.2956669727210053,-0.0140698720852437,27.09640554128839,0.0072764608487916,-0.0103400439087339,5724.782695460186,28
3.301328598664253,-0.0598390204779148,27.507478750045006,0.0692982077028612,0.0503308037947348,5776.419732654479,28
3.313408284196331,-0.0526496492931886,27.52135702252163,0.0677819831722854,-0.004087965956594,5752.5812300626185,28
3.309780512054385,-0.0119183105055673,26.94201120401824,0.0418066010653743,-0.0137420250331729,5721.522580931002,28
3.302700504238078,0.0190123014569298,26.839208332487228,0.0233092881274356,-0.0164160016811472,5703.409616279241,28
3.304880285082783,-0.0136552779655366,26.927030473215144,0.0145204321416147,-0.0196865439865677,5701.530967553756,28
3.2955026383210666,-0.063734601809871,27.50858826808536,0.0370830337575071,0.0428657314946128,5794.713511822133,28
3.290406417305844,-0.0645720459422225,27.794510662893718,0.0516507338331078,0.0521390456248542,5841.137613163102,28
3.306227315801753,-0.0189313456866837,27.63428954140675,0.0303432577569571,-0.0030098822714301,5803.069976518194,28
3.327933274505269,-0.0015519448258485,27.785363008034025,0.0051353121517902,-0.0210665349931313,5783.025674917296,28
3.349706827354792,-0.0449379268885785,27.376728897960064,0.0089995432284173,-0.0297023661976895,5748.981605919187,28
3.3555813872295883,-0.0584891363978391,26.96256339031716,0.0328734903393879,-0.0244156462342853,5750.568253226901,28
3.3405246639972823,-0.0495438761516199,27.43582259684745,0.046879210570979,0.0243133276750275,5803.770844717333,28
3.327582695533738,-0.0827536259431017,27.52903587471109,0.0695365910860225,0.0422403794521421,5812.427642072306,28
3.3053900185965404,-0.0924788101493543,27.088033243478588,0.0616441714966464,-0.0005781209318123,5747.569495621161,28
3.331307773554032,-0.0267426808609402,27.01695502052236,0.0376346916988467,-0.0461086766452777,5727.737420065868,28
3.325723009433999,-0.0246043569058008,27.252918066735084,0.0602816294928016,-0.0184414396220945,5754.600698546786,28
3.2978880225147336,-0.044274645049426,26.53548613117411,0.0571189813513045,0.0186978855288252,5783.644075274692,28
3.322655594416512,0.0058955674936435,26.048832621150748,0.0424452854535187,-0.0260121683098929,5751.529603319943,28
3.341268140111393,0.0097442920670082,26.01085538810052,-0.0034692984378932,-0.0655840083055334,5758.749200658671,28
3.3101058240648933,0.0063171467007914,26.0935243956308,0.0414303100697802,0.0047475790925355,5882.058489447955,28
3.319255816237913,0.0194231083718724,25.926680956085143,-0.0385638918157224,-0.0381217602154483,5841.456019612477,28
3.3201070273530955,-0.0047562619097287,25.89054686000081,-0.0553066801413581,-0.0574559520768079,5837.085083700083,28
3.307920310808264,-0.0406145739355017,25.78671750319252,-0.0052413450226542,-0.026688447281971,5890.891652328983,28
3.3039317320335115,-0.0586559791505224,26.541733894997147,-0.0101603497786267,0.015852250943985,5936.901971770144,28
3.2965743681433524,-0.018287382963588,26.043898811412458,0.0173710717138297,0.0323152181556857,5873.907027188683,28
3.29510336922788,-0.0192833025121115,25.90620414070461,0.0129539423035931,0.0427675287895934,5850.714433003012,28
3.3376812119114376,-0.0475184402388073,26.94151643994625,0.0035129987893517,0.0108744516856054,5851.963544128072,28
3.3226251282178167,0.0003477998767981,26.379879282643103,0.0079264524183718,0.0355160127733674,5921.504027166527,28
3.3243651331485107,0.0120090979938385,26.0319115290795,0.0126220760356445,0.0270377100042164,5928.933806969222,28
3.3285588420406405,0.0046444206686941,26.138564198138805,0.0375016886698667,0.0387034530210921,5909.244523681179,28
3.3415969040082856,-0.0415525252451973,26.017071192115814,0.0987287957031154,0.0763987363765067,5930.099114632562,28
3.366909101013876,-0.0206477368120203,25.623720172672957,0.0340523199373685,0.0289301079167977,5886.871521111471,28
3.368042942706939,0.0091791361691834,25.903675061317823,-0.0286823779640326,-0.0213641404211236,5859.512741463846,28
3.343224753504213,0.0088005121189937,26.20193108268406,0.0129813511410506,0.0161592757086411,5881.489470108697,28
3.316100527523596,-0.0076577785946007,26.27142886358308,-0.0097678314915569,0.0094632399470906,5926.428053742321,28
3.31655654699906,-0.0524468808267642,26.50740534055886,-0.0255311150491136,0.0278210610200567,5987.00525940749,28
3.333124510957974,-0.0977028280299422,26.95807430288969,0.0280092413341792,0.0559937710713561,6051.742097966388,28
3.346910327503947,-0.0815589295978356,26.96217057024373,0.0088158335557844,0.0437386790378501,6044.039962451264,28
3.344332452532475,-0.0261519569164195,26.69762898392848,-0.0567077204359719,0.0437911332132474,6003.503009067816,28
3.3124130114715804,-0.0053487805709497,26.31669134273418,-0.0494112603239602,0.0122361197358615,6050.18512505169,28
3.2959627654466828,0.0023428744078385,25.440544063517635,0.0036949912475207,0.0239404733688879,6098.478975292414,28
3.309740063373442,0.0140052341023341,26.29049396334611,-0.009045823704977,-0.0110090450896022,6119.228418707172,28
3.334075371574589,-0.023827986013574,27.19238571138148,-0.0195089103601207,-0.0417936862162914,6122.7750675655725,28
3.333729625424275,-0.0320909754399542,27.091488850815317,0.0178692661857822,0.0081741140684636,6161.865426364604,28
3.336180904637213,-0.0181513178885854,26.816373421248947,0.0497134500420813,0.0280563561052129,6113.800928934312,28
3.345493267524445,-0.0259351210478551,26.52717432768448,-0.0093889189584771,0.0098141495612436,6143.40785052871,28
3.330887033267824,-0.0908286450800464,26.301000843877368,0.0341129238824648,0.0707827567744347,6098.539807382738,28
3.3196011058324237,-0.0764438737402107,26.882457808871333,0.0455103899142742,0.0464374045709325,6119.995891607098,28
3.341629904024092,-0.0434126568736333,26.290075002861386,0.0186618282116371,-0.0644234880692341,6036.065481377008,28
3.3210789945490644,0.0146678649399626,26.2883489749382,-0.0038614039316365,-0.0555421030448169,5965.33140359168,28
3.329273974287037,-0.0240226281623739,26.626989130261723,-0.00120240557386,0.0326420787743017,6118.956098992796,28
3.3138752172935213,-0.0033988433067875,27.009522158617333,0.0148934926443763,0.0248451260374489,6064.019365105151,28
3.301534668484347,6.633887194190365e-05,27.098562532652075,0.0234021150765829,0.0390118338864835,6133.131840552634,28
3.3041229924092,0.0153623593166571,26.669354747058303,0.0041978164965068,-0.0460171316290864,6040.851756335655,28
3.2853167805193952,0.0117092619496899,26.59123189237483,0.0267137659175341,-0.0112350933352357,6123.553596482159,28
3.298365161639756,0.0109095426262241,26.36703696368097,0.0160025981957333,0.0034895217704579,6124.679941332408,28
3.317005841628365,-0.0234320261313221,27.01346040808637,-0.0115280510128843,-0.0113035280905342,6121.588272758152,28
3.336474260896275,-0.0244099071745837,26.80643610242184,0.0052530967889241,-0.0633266333152582,6146.642346445238,28
3.332410943079986,-0.05326201659689,26.27177181496285,0.0244199997078216,0.0210148468050293,6199.923639827506,28
3.340752671030834,-0.0613027090921518,26.33827917607385,0.0252377826452874,0.0401402656517089,6138.548076781071,28
3.3576422625543487,-0.069740209876364,26.399120132503977,0.0191834112189161,0.0683068730648325,6095.018626683601,28
3.362329640776088,-0.0634614315820546,26.0204773309776,-0.0019403257088598,0.0468267441387421,6117.127322335776,28
3.332911275059604,-0.0523253234071632,26.16492239694289,-0.0453940186480551,0.0396185939381558,6120.572848978025,28
3.28628517954922,-0.0778843095571864,26.43455947775021,-0.0192135378493042,0.1313070820640954,6205.380105261989,28
3.284950851267363,-0.0863365109425405,26.518660857231275,0.0298805603183569,0.1207094503485608,6262.325882967568,28
3.315011969586176,-0.0731595415333268,26.650103466271904,0.0114435641507007,0.0116246150126979,6138.47897067728,28
3.3185809230984726,-0.0574729378231314,26.86063462890163,-0.0122965036139654,0.0124566626676915,6058.298384149041,28
3.2997187274615567,-0.0223851547433878,26.82369441661581,0.0045767415742726,0.0487588810926342,6106.7375123685615,28
3.2923243920158574,-0.0138761560883308,26.527693645715264,0.0096592956763078,0.0343898818467255,6128.102606443466,28
3.306135560253843,-0.0367492415813736,26.371686066481452,-0.0092000892722103,0.0156411624501211,6134.771605291528,28
3.3139390931913666,-0.0474705888637974,26.062938971420323,-0.0098146972755261,-0.048011808164967,6115.038456071302,28
3.3083349166610514,-0.0603799784876446,26.17577536570328,0.0090668142248567,-0.0212760877378279,6145.25611228438,28
3.3019371095812384,-0.0666590817343068,25.73645992315108,0.0424627535509922,0.0545333373890259,6203.50347519642,28
3.289469253814062,-0.0389521546619607,25.691786104429426,0.0257102599885095,0.0553995652691174,6213.869555987122,28
3.290418933605201,-0.0856080551989147,25.849854608113915,0.016815046686503,0.019624315677581,6196.013148518727,28
3.2832795374785566,-0.0133406674940075,25.788794739259902,0.0304418362374302,-0.0137602949870599,6182.960625516898,28
3.2745881238371304,-0.0235261811887134,26.387398375455284,0.0822031993862583,0.0411412148174809,6305.337036825083,28
3.273913752604523,-0.0992546170414745,26.827107265450792,0.0173238026390176,0.1010696811492373,6329.742213344755,28
3.249676883784044,-0.0325766167337589,26.070551181786005,-0.0062885846148654,0.0583498863422348,6249.466943636283,28
3.2747251987457275,-0.0160955712199211,26.190711975097656,0.0301644853316247,0.0398526266217231,6233.29443359375,28
