Voltage_measured,Current_measured,Temperature_measured,Current_load,Voltage_load,Time,cycle_idx
3.87317156791687,-0.6455593705177307,24.211923599243164,0.687065839767456,1.855130195617676,892.4744262695312,2
3.841642691538884,-2.631253572610708,34.44268556741568,2.871811068975008,2.445026159286499,183.7013901930589,2
3.6931804510263295,-3.747554375575139,38.45549539419321,3.9038107028374314,1.694340210694533,214.10282311072712,2
3.703008404144874,-3.8707076402810894,40.825356850257286,4.01995206796206,1.6888409852981567,127.71023882352388,2
3.745536822539109,-3.9245356779832106,41.593999715951774,4.014580139747033,1.739201050538283,158.92020592322712,2
3.792319976366483,-3.8252366047639113,42.47689555241512,3.937995094519395,1.8521243333816528,94.88939989530115,2
3.7427257941319394,-3.959591205303485,43.04655368511494,4.054146436544565,1.7231716284385097,154.05363816481372,2
3.7657798253572894,-3.8888772542660055,43.61723415668194,4.011939782362718,1.8077578361217792,135.04829788208005,2
3.7603263488182654,-3.9148919032170224,44.15263630793645,3.996282962652353,1.824914464583764,114.1123950664815,2
3.756922190005963,-3.921242072032048,43.85274755037748,4.006342796178965,1.8009672990212071,122.0828525836652,2
3.7383101353278527,-3.988849199735202,44.71388244628906,4.112970315493071,1.7015749674576977,177.73279982346722,2
3.760565326764033,-4.027124936764057,45.47039560171274,4.142055566494282,1.741509387126336,151.67448307917667,2
3.719216163341816,-4.042621795947735,46.35012611976037,4.130620809701773,1.7090756434660692,154.32114116962134,2
3.7080953121185294,-3.937021851539612,46.707082748413086,4.0510194301605225,1.7395524978637695,181.1070251464844,2
3.691210765105027,-3.970591636804434,46.29803613516,4.062289237976074,1.7166418937536383,93.31824728158811,2
3.6964637774687543,-4.032263159751892,46.71125690753643,4.125553351182204,1.6896214118370645,106.27677536010722,2
3.677155072872456,-4.041328026698186,46.6744264455942,4.107544752267691,1.6659564054929294,148.40853471022376,2
3.659903801404513,-4.0078395788486185,47.28824087289663,4.109373679527869,1.6741424844815185,209.17778836763827,2
3.6561863055595984,-4.045660275679368,46.81369106586163,4.128150353064904,1.6335777502793531,260.64460871769825,2
3.6495754168583794,-4.057968029609094,47.02906212439903,4.123539741222675,1.6521079998749957,209.7564579890326,2
3.6683921997363753,-4.03277510863084,47.66885698758639,4.109305931971623,1.6938032645445604,185.6834458571213,2
3.65182927938608,-4.023503441077012,47.58602112990159,4.101902851691613,1.6734137122447674,215.55065213716944,2
3.630678965495183,-4.045742511749268,47.77706821148213,4.138582192934477,1.618074811421908,281.91017737755385,2
3.626790972856375,-4.050263038048377,48.14069645221416,4.070943318880522,1.63920154938331,221.26852886493344,2
3.6380277413588304,-3.987380467928373,47.70805857731746,3.966449040632981,1.692132647220905,233.29148747370792,2
3.613735684981713,-3.944401025772095,47.78615203270545,3.983511365376986,1.6418974353716924,257.8868103027344,2
3.64484429359436,-3.894574880599976,48.20599365234375,3.945889949798584,1.7088088989257812,270.6119689941406,2
3.640534694378192,-3.8952950881077695,48.11443989093487,3.9259278865960927,1.7409956134282625,256.50420438326324,2
3.6472052610837498,-3.8297559664799614,47.82164617685172,3.876018139032217,1.731054819547213,326.45803833007807,2
3.606672901373643,-3.998667533581073,48.69807155315692,4.004816513795119,1.6472514821932869,288.0754324106066,2
3.6445663525508,-4.029072229678815,48.78376271174505,4.025452540471004,1.6364041566848757,335.4607708270731,2
3.6239221829634447,-3.932564249405494,48.38526872488168,4.006402932680571,1.61050081711549,324.28670795147264,2
3.590099646494939,-3.9832694530487056,49.29769604022686,4.02846805865948,1.659439857189472,311.55247380183283,2
3.613861221533556,-3.947227945694557,49.63409482515775,3.976305475601784,1.6981160319768465,300.5921043982876,2
3.597491282683152,-3.897429136129526,49.85160886324369,3.968241068033072,1.6427387274228609,318.4582073505106,2
3.588184017401475,-4.011449667123648,50.06373698894794,4.068768317882831,1.6086047108356774,328.9448500413157,2
3.630485167870155,-4.077856283921462,49.93221928523137,4.14803354556744,1.6256166971646824,266.5460134652935,2
3.6052600420438328,-3.955155766927279,50.066132765549874,4.029260323597836,1.6295438867348897,418.6151616023131,2
3.5906354464017425,-4.070750309870793,50.39372869638297,4.032138751103328,1.568770408630371,338.13630793644865,2
3.5631967782974243,-4.006838321685791,50.20492362976074,4.00909435749054,1.5877239108085628,331.8914489746099,2
3.571121802696815,-3.981010437011721,50.21744067852315,3.988896920130805,1.6245454733188331,405.7440960223856,2
3.566370129585266,-3.9592559796113234,49.9883855672983,3.953807940849891,1.6114643399532025,421.1546795184796,2
3.5709979900946984,-4.012146546290471,50.3532588665302,4.017858431889461,1.6123792299857505,398.53142136793895,2
3.5831104058485765,-3.999218482237596,50.53898444542518,4.001238336929908,1.6476530249302204,367.540994497446,2
3.5895165480100197,-3.995464948507456,50.8382448049692,4.0375423064598674,1.6484492375300484,423.38046734149634,2
3.543465641828684,-4.00678996856396,50.56738589360164,4.04200320977431,1.558423597079057,491.02885789137633,2
3.5360279083251958,-3.981647179676937,50.60528300358699,3.971876181088962,1.570479411345261,483.6649381197419,2
3.571308273535508,-3.960208443494944,50.0021158365103,3.9602268842550425,1.594926934975844,532.2391357421874,2
3.538197315656222,-3.926347145667443,50.58571067223183,3.922348150840172,1.6049846869248612,518.091775747446,2
3.525554950420673,-3.9776329077207127,51.24440427926871,4.003813055845408,1.5623463071309602,514.7891857440659,2
3.5480985091282773,-4.01881507726816,51.75095836932842,4.039830721341646,1.5845364240499644,485.9423569899337,2
3.5121553677778974,-4.001615698520953,51.45675468444824,4.029822973104623,1.521223930212167,544.0301748422472,2
3.502295017242432,-4.060039043426514,52.07944107055664,4.098138332366943,1.5174707174301147,414.4123840332031,2
3.5370620305721574,-3.983109244933495,51.72204443124624,3.938269156676072,1.5690578726621771,548.9053673377407,2
3.540178188910851,-3.962046366471511,51.50320816040039,3.9984771655156064,1.606982029401339,564.870366023137,2
3.516304300381587,-4.04559694803678,52.13594656724196,4.042198016093326,1.507139082138356,573.750831017128,2
3.5309627056121826,-4.026821393233079,51.39858920757587,4.044911714700552,1.5194498208852911,579.8978130634017,2
3.516247740158668,-4.052295318016639,52.30777168273925,4.072302396480854,1.5137771001228917,593.2846867487982,2
3.517866226343008,-4.029831189375657,52.55542667095478,3.991047143936157,1.5279856461745038,615.730341984676,2
3.495780743085421,-4.025122514137856,51.92996347867527,4.060360743449285,1.4927473618434026,585.8813335712136,2
3.502812147140503,-4.018500988300032,52.253349597637474,3.9933284979600185,1.5093511434701767,589.5551710862376,2
3.4817194755260763,-3.959636358114389,51.90356254577636,3.9602159811900224,1.5107045953090368,586.3346369816705,2
3.4961132453038144,-4.018091605259822,52.43557621882512,4.005695526416485,1.5128596929403453,652.8042320838343,2
3.492705977880038,-3.984025780971233,52.44892091017502,4.065177330603964,1.4956473799852232,633.9941453200139,2
3.509892702102661,-3.962925617511456,52.4182982811561,3.975596758035513,1.5534103558613708,636.7339947040275,2
3.521438717842102,-4.015803575515747,52.538381576538086,4.0513999462127686,1.5214710235595703,607.3203125,2
3.4865808303539567,-3.978983952448918,52.29698298527645,3.970180474794828,1.5092010222948515,655.9010150615989,2
3.5017647651525645,-3.990803415958698,51.94733605018029,4.01459053846506,1.4794932007789612,619.2039137620192,2
3.487551597448496,-4.011023686482355,52.87928097064679,4.021964550018309,1.5089337734075696,614.8966017503009,2
3.4947608434236965,-3.9844050315710215,53.4290536733774,4.034192433724036,1.5165000420350292,683.2274263822117,2
3.483693984838633,-4.003915970142071,53.69734133206881,4.001558083754319,1.5100876826506402,686.9821542593153,2
3.471226242872385,-4.065923672456008,53.63345527648926,4.089502848111666,1.4339779432003317,655.8694176307097,2
3.4716215500464807,-4.028410324683555,53.405236757718605,3.9995425481062656,1.4644224552007823,633.8701688326315,2
3.456845641136169,-4.04572345660283,53.89904931875376,4.06793187214778,1.4547891800220194,709.160963792067,2
3.445903502977812,-4.023778621967022,53.34821055485652,4.047770977020263,1.4242761868696951,754.2645967923685,2
3.432326472722567,-4.006674537291894,53.88904146047739,4.021773026539729,1.4642206338735728,681.5586829552283,2
3.4531411391038165,-3.963850938356837,53.53644415048452,3.977392526773304,1.5034054334347078,659.4171189528245,2
3.4624530993975124,-4.012769992534932,52.85124353262093,3.989834070205689,1.4829260202554555,712.5180851862982,2
3.463043212890625,-3.992073535919188,52.99037933349609,4.067333221435544,1.4620878696441666,672.0256958007812,2
3.4338937539320726,-3.978163462418776,53.37698569664589,3.996771234732409,1.4282915592193604,723.5415508563708,2
3.4479803855602555,-4.044297071603627,54.2878376887395,4.095564255347619,1.3887309569578896,735.1844341571515,2
3.4534546045156627,-3.914257012880766,53.70522572444035,3.928960772661063,1.4646852612495416,767.8869065504811,2
3.419831257600051,-3.948750404211191,53.722240741436295,3.997987307035006,1.406382707449106,829.1015859750601,2
3.447527931286739,-3.930461718485904,54.2181351001446,3.992246967095595,1.4289173529698298,816.301551231972,2
3.446541217657236,-4.051371977879451,53.96073942918044,4.000761288862962,1.385612762891329,794.9221426156853,2
3.4253984231215258,-4.074208718079786,53.699759556696975,4.067978088672344,1.3829282843149626,754.4967322716359,2
3.4601345979250397,-4.045623412499061,54.39713375384992,4.077960161062388,1.4436626250927267,788.2601647010218,2
3.4314571619033813,-3.979410419097313,53.80380527789776,3.962325958105233,1.4380897191854627,793.0248178335346,2
3.444312572479248,-3.946962063129132,54.224859971266525,3.951946405264047,1.4337259072523847,816.2025475135222,2
3.4350314507117643,-4.008639326462378,54.78420697725735,4.01556324958801,1.4193129035142769,800.9558293269231,2
3.4215106047116794,-3.969553874089168,54.55763009878306,3.986015925040612,1.4123640243823714,799.127455491286,2
3.414277315139771,-4.035969018936159,54.92984008789063,4.105277776718142,1.3923167586326597,810.3963012695311,2
3.418209259326641,-3.997292023438671,55.062981532170205,4.0512486237746,1.4196172769253077,791.0653874323917,2
3.405588461802556,-3.981255733049831,54.7292653597318,3.995573300581711,1.439509786092319,770.0068922776453,2
3.391919282766489,-4.0406764654012814,55.84520369309645,4.0257248144883375,1.3887090499584491,745.3178757887621,2
3.402708365367009,-3.9639253799731913,55.77371113116924,4.009616246590247,1.4036167218134954,795.5025587815505,2
3.3682735516474795,-4.095203913175143,55.69004616370568,4.086061807779165,1.3410508816058813,818.8726008488586,2
3.3813212376374477,-4.059884089689991,55.77975610586312,4.122045021790727,1.3649056003643911,840.3240778996404,2
3.36548348573538,-4.055765518775353,55.61392769446741,4.070672365335317,1.3407847331120424,911.2810011643634,2
3.397248937533452,-3.926600648806646,54.98064246544472,3.973568421143753,1.4006561636924737,927.9709871732272,2
3.3762730084932766,-3.985767712959877,55.42678774320162,3.985155050571148,1.426091240002559,889.101102388822,2
3.373105691029475,-4.002110279523408,55.62128096360429,3.9990721299098073,1.3814087739357594,841.0808246319111,2
3.393518576255212,-4.017525159395657,55.147961249718286,3.96635161913358,1.362501859664918,894.470646784855,2
3.362466949682969,-3.9947221829341006,55.61420396658092,4.004072895416846,1.3590709842168374,890.8327073317308,2
3.359652280807495,-3.9775800704956055,55.19647216796875,3.9965527057647705,1.3860260248184204,998.3114624023438,2
3.351269648625301,-4.022615405229415,55.067716745229866,3.9515447799976022,1.3439402488561811,948.7940040001512,2
3.36431231865516,-3.93756169539232,55.5478407052847,3.897942616389353,1.3884424796471215,941.5422222430872,2
3.334959176870493,-3.9878860987149753,55.00521894601675,3.942740137760455,1.3599033172313986,936.7154235839848,2
3.338882593008188,-4.021198162665734,55.30280421330378,4.022422680487999,1.348471953318669,993.4159592848562,2
3.351887657092168,-3.923091842578006,55.4123746431791,3.902642488479615,1.4121324649223934,999.4013178898724,2
3.3401857156019954,-3.9897783902975217,55.39541244506835,3.9326211672562814,1.3603232090289776,953.4804405799292,2
3.330697463108943,-3.9107832358433647,55.7269194676326,3.932627155230594,1.3668634387163017,944.6633652907158,2
3.3394472232231727,-3.985725769629845,55.98827714186448,3.999055513968834,1.387071187679584,993.5364473783052,2
3.3262669948431163,-4.007551560035119,55.552174494816704,4.0005116279308615,1.332619859622075,1043.289799616887,2
3.322794730846698,-4.032568124624398,55.42693857046272,4.006960575397197,1.300210338372449,1078.0173058143064,2
3.337940170214726,-4.05226470873906,55.12452697753908,4.074126665408794,1.3138266893533568,995.9577801044164,2
3.329137820463914,-4.042173862457275,55.42568852351262,4.057525744804969,1.3175072394884548,1004.786029522235,2
3.3259527683258057,-4.044170618057251,55.8862247467041,4.035680770874023,1.3401365280151367,995.5093994140624,2
3.328711142906775,-3.9524108263162425,55.93387280977688,3.980671662550703,1.3653681920124945,1095.50285456731,2
3.3392622104057907,-3.974306106567383,56.10550308227538,3.932251049922062,1.3574001834942744,1113.018132136419,2
3.303837812863864,-3.914538603562576,55.98774836613582,3.948868348048284,1.3356780914159925,1107.8608774038455,2
3.323904211704548,-3.966817085559552,56.02041083115798,3.9668012398939863,1.3483532483761127,1101.3524216871997,2
3.300726487086368,-3.936198803094719,56.661928910475496,3.96617498764625,1.352965822586645,1091.3649620643023,2
3.3184331838901238,-3.9758380926572383,56.84210161062387,4.0183893900651215,1.3446786403656008,1093.5193763146035,2
3.319690465927124,-4.006151309380165,57.02169682429387,3.999411766345685,1.3127603255785418,1067.671480618989,2
3.3311109084349413,-3.984883491809552,56.6115825359638,3.990156054496765,1.3601394341542172,1176.4097430889417,2
3.327073537386381,-4.020345669526313,56.03369199312648,4.031042667535631,1.3402419915566082,1154.8269700270446,2
3.326838539196895,-3.970650095206039,56.21147948044998,4.037102185762846,1.3416266441345197,1168.526090181792,2
3.3269838003011847,-4.0122235371516295,56.75616279015176,4.055488366347092,1.364493681834294,1179.3321063701908,2
3.323977241149316,-4.036409176312961,56.859238111055824,4.093141940923839,1.3228182104917672,1148.2444880558892,2
3.3106510639190674,-4.053394317626953,56.36363220214844,4.092344760894775,1.2850618362426758,1172.8690185546875,2
3.304384644214924,-4.034850487342247,57.04867172241208,4.06809614254878,1.2846462313945477,1153.565204326924,2
3.2909073829650874,-4.032867725078877,57.2469860957219,4.062931354229267,1.2825724528386035,1139.555673452525,2
3.28521387393658,-4.038998255362877,57.95395792447604,4.065920646374042,1.2925489590718209,1151.021587665265,2
3.2883405685424805,-4.023851431333101,58.049193162184494,4.027593539311336,1.2942239137796254,1122.8304067758413,2
3.3179149535986103,-4.003240090150097,57.881990726177534,3.996506058252775,1.3357674020987305,1124.3047344501176,2
3.288537575648381,-4.0467173869793225,57.70544668344349,4.073231256925141,1.284585879399227,1144.9676983173072,2
3.2896691102247977,-4.008098354706397,56.899703539334816,3.977843486345732,1.308304039331583,1244.674396221454,2
3.2793023953071008,-4.094381295717679,56.82375629131611,4.068641699277438,1.2528271766809318,1235.8222656250002,2
3.2796825629014235,-4.04711730663593,57.564338243924624,4.043221051876358,1.3006026836541968,1212.206514798679,2
3.2964496612548837,-3.9827725337101856,57.34590911865234,4.018805577204778,1.293540367713342,1204.9955303485576,2
3.285937327605027,-3.986651548972496,57.35795622605541,4.02470448383918,1.2526329526534452,1237.9405940129204,2
3.302620612657987,-3.975944940860455,57.26336259108323,4.03298572393564,1.2750487144176776,1222.0427715594951,2
3.309411048889161,-4.02734088897705,57.96172523498535,4.080936908721922,1.3126285672187818,1186.6630859374982,2
3.300771163060116,-3.946936662380512,57.902176783635056,4.039100757012004,1.3279829483765817,1242.025634765625,2
3.2788331967133746,-3.972998985877404,57.30388597341684,4.004298173464263,1.287821054458619,1218.4894878680889,2
3.2786142092484694,-3.920614756070652,57.71989147479718,3.986951754643368,1.2736310408665577,1283.2473050631004,2
3.286241751450759,-3.951418399810791,57.77842697730431,4.006156334510217,1.2799182717616742,1246.1158447265625,2
3.2624228550837584,-3.9720752606025114,58.23917066133941,3.9821013303903454,1.2567677681262674,1262.9403827373806,2
3.2765252223381625,-3.962349112217242,57.563225379356965,3.995995989212624,1.26468397103823,1245.6140747070317,2
3.270908153974093,-3.971859308389517,58.24797850388748,3.9609012236961942,1.2469471326241126,1304.8718825120186,2
3.263779374269339,-4.011018221194927,58.43499110295222,4.028474532640897,1.2549684918843784,1281.4881310096152,2
3.2450195826016945,-3.986259148671077,58.45419194148136,4.067906673137956,1.2861330600885263,1271.0975341796857,2
3.2373452094885025,-3.9762771679804856,58.54525932898887,4.015950478040255,1.2538112218563358,1292.6502075195322,2
3.202098277898935,-4.039047021132249,58.52920737633339,4.059842439798209,1.194109714948213,1316.2167123647853,2
3.1909726399641767,-4.066776367334219,58.264783712533806,4.059063287881705,1.2141569715279792,1263.6443246694714,2
3.214474439620973,-4.003593921661378,58.07286071777346,4.036350727081299,1.2284091711044345,1280.2990722656243,2
3.2263204959722662,-4.044541120529176,58.5892913524921,4.08014908203712,1.2427445420852048,1281.3896906926095,2
3.2570451406332164,-3.981408559359037,58.2948731642503,4.0232929083017215,1.1960083979826708,1354.5705942007191,2
3.265964874854455,-3.990196393086359,58.87740311255822,3.970386725205641,1.2229878764886122,1356.050682654747,2
3.232816347709071,-3.999625059274527,59.71651253333466,4.035690821134128,1.234823300288276,1288.2932410606943,2
3.185267567634582,-4.009121793967028,58.866589472844005,4.034299868803758,1.1804228149927571,1290.0198927659264,2
3.1705287236433763,-3.9632467489976175,59.80212783813478,4.01818895339966,1.1404016201312728,1292.8647460937495,2
3.198290283863361,-3.9581985198534446,59.43153425363395,3.971320509910584,1.1743828516740071,1361.263667179987,2
3.182533154120812,-3.958403513981745,59.69076068584735,3.9848241439232455,1.1812716172291682,1340.1663630558892,2
3.145408859619727,-3.9873746541830255,60.25992232102617,3.997202139634358,1.1397627316988426,1406.7417743389394,2
3.138167234567496,-3.942522929264946,59.67730800922101,3.989353858507596,1.112598336659944,1433.7668738731977,2
3.1077786225538997,-4.011266057307903,60.14169795696551,4.0547345968393165,1.0887462129959706,1383.2418541541465,2
3.1043054690727816,-3.9418172102708087,60.68648734459511,3.966497274545524,1.1289965831316435,1357.998037484976,2
3.0994763374328604,-3.991207361221316,60.70675659179687,4.028667211532595,1.078235805034634,1424.7587280273428,2
3.0746073722839364,-3.967381624075079,60.62736100416917,4.040855224315934,1.108164979861335,1436.510150615986,2
3.041281058238103,-4.02274629702935,60.64723176222581,4.118878878079931,1.018342980971703,1453.0588097205505,2
2.9902166770054746,-3.926811988537128,61.16323911226713,3.9927614835592418,1.016767584360563,1579.8811692457923,2
2.979528188705445,-3.948396279261659,60.754771892841084,3.970132690209606,0.9670856457490205,1554.91287935697,2
2.9270770916572,-3.999473645136905,61.01784221942607,3.988009782937856,0.9553544062834524,1500.4787315955496,2
2.860838816716122,-3.97854351080381,60.75246561490573,3.994551007564253,0.9014808260477524,1556.541372445913,2
2.790802515470065,-3.912944518602811,60.875757951002846,3.9132160406846266,0.837259741929862,1565.150860126202,2
2.69946472461407,-3.996139572216914,61.45023932823768,3.9223337907057543,0.7350757259588975,1618.2842172475955,2
2.594615147664001,-3.5660705199608613,62.23066271268401,3.578063212908246,0.730908274650574,1662.1821007361743,2
2.9966622957816367,-0.8305389308012817,63.851878826434806,0.8075111691768772,0.0298052842800538,1718.3282658503642,2
3.266158415721014,-0.0608425295123685,61.59463618351864,-0.1010075440773622,0.1381051844129205,1725.8419846754775,2
3.3564187655082107,-0.0377540651422284,60.8405428666335,0.1492468393765965,0.0683625506666988,1718.3263878455527,2
3.395261526107788,0.0454601719975471,59.85842514038086,0.0710288337431848,0.0960306003689765,1884.957763671875,2
3.886651754379273,-0.5646746754646301,24.248781204223636,0.5676654577255249,1.8267531394958496,891.0498046875,4
3.853350053399296,-2.573476748277912,36.47037631104895,2.653938818786104,2.512709310499288,237.9661784198998,4
3.709291272244211,-3.7348002794772217,40.33585372752389,3.819640177117903,1.71973399994737,191.1123965850658,4
3.676806926727295,-3.9497136786832647,42.08122770665056,4.0985493740793,1.6015657428967751,120.7942043239787,4
3.703137955423129,-4.034335785666428,43.47049385544944,4.097827183998237,1.638889902729099,49.2232557824776,4
3.724768371905311,-3.974563748149549,44.51144004002803,4.061665699306855,1.6882679280588182,48.6366051711605,4
3.726744041604511,-3.9273738861083984,44.578246488409526,4.015575514001362,1.762061068567179,36.43869948791264,4
3.70983453928414,-3.965242534033996,44.82754734276378,4.079546319562836,1.7092231168585308,147.72830773477503,4
3.720196486866407,-3.925679878999958,45.78895204619499,4.010832430952687,1.7719926396332215,118.80106836523709,4
3.744361069242833,-3.935728388317561,46.120704974158336,3.9439874826851535,1.818592633231212,60.29115372189035,4
3.711685689829164,-3.979000521244976,47.15551943159373,4.025767312885004,1.7263273640541033,65.07121065646237,4
3.7154646027559615,-3.946826498387224,47.0315650034759,4.011573301196772,1.7420463117502505,48.3666573648398,4
3.717747203374313,-3.916470095262689,47.035377373129634,4.030783483537577,1.7601551100359123,98.6972023915436,4
3.71604152318448,-3.936721252182783,47.21326282738292,4.018226566961256,1.7094624460080248,95.75512785830726,4
3.710972245803661,-3.976523310451184,47.408750760353215,4.016179201966625,1.7031241635144767,82.24956296931553,4
3.707931284177101,-3.9474354032742776,47.94085783877616,4.016327162920418,1.7098160638647564,65.01361277952032,4
3.702070096118302,-3.913563208391437,47.506620180808895,3.9744707406577415,1.7182167755008415,82.76517762437376,4
3.7025488150321832,-3.913038082715482,47.92011920476364,3.930058036146864,1.7179749658552268,156.22266538803197,4
3.696251582291167,-3.9993976334394032,48.080126552258506,4.057816359956386,1.6985688674247872,142.4158351057667,4
3.688867971722016,-4.019859359762763,48.43271225320417,4.064308990866451,1.676026253376977,117.97229646154716,4
3.6735928812942937,-4.080834259421138,48.49523445172498,4.113994975548006,1.6484590553294467,163.58860873637224,4
3.6700664253558144,-4.006804829936916,48.63185934293068,4.069594455977618,1.6566384949926602,232.11762147030583,4
3.678446340022114,-3.9511979124640337,48.79148157841742,4.040231085093008,1.7227609346141926,178.07518031233477,4
3.65800330329076,-3.990546743748552,49.04792992543366,4.030189349826446,1.673400565729303,152.9955325369107,4
3.6573775137885134,-3.9839760529792905,48.53026128219346,3.971481294955237,1.6451160200571613,208.242735264665,4
3.672841760398304,-3.977849107677654,48.4176890917417,3.984379660611772,1.6575278063951913,198.5315991417836,4
3.6658413773876126,-4.009070078531901,48.80591316007625,4.005191951148254,1.667721899889283,182.6734889833268,4
3.6474527302434887,-3.97883492809231,49.31369063813808,4.019985659647796,1.6996448120828402,137.52899221646584,4
3.643879169798167,-4.10329206380467,48.82988335991983,4.121509212558553,1.656136586167718,166.5847397281625,4
3.614575716061781,-4.033921150164415,49.11331239258502,4.017530659497794,1.6616113468752072,262.7920227050786,4
3.6021867849059026,-4.094051449985828,49.456802820755264,4.09245756116964,1.6366691791405112,214.28044878426243,4
3.594311144392369,-4.0139189008939065,49.59662414809405,3.990050604114424,1.65262397938529,314.0179203701557,4
3.614843049291837,-3.878174004581689,49.4526775597179,3.910113784552968,1.700274323339516,349.70318517307777,4
3.602872998027478,-3.8983914448043047,49.42536577127748,3.953961833048675,1.629512021097086,363.37254152459616,4
3.610905415594241,-3.907207728779249,49.26788058523404,3.953765083841011,1.6529259344952252,341.0652057195118,4
3.5686284269990223,-3.963046088730548,49.50894326678777,3.99748894319696,1.603673658128512,357.52858255677296,4
3.5792006436040844,-4.0035344463283735,49.40029111959167,4.037043329012596,1.5925744388063072,321.3253892801569,4
3.563922147966374,-3.9744734831449,48.97628001843468,4.000565289104052,1.6105835222255038,372.86366280593455,4
3.594356718709913,-4.005123709554726,49.41162921883966,4.05842366191627,1.601914843596981,361.3185092042395,4
3.5925474732609115,-3.9840138928364897,49.459081746764106,4.004952204429497,1.6347931259769506,365.4438843807928,4
3.580497378009861,-4.020062777955653,50.23460676979884,4.032588815958486,1.607589801826046,360.6264850163863,4
3.579041771969553,-4.053556450342728,49.95252234248791,4.065765671810862,1.5487895975005157,385.2587975108692,4
3.583157119104418,-4.026258961629059,50.71445665521137,4.007231469881737,1.6042511038861036,363.6781766212591,4
3.5536594417809093,-3.948175186491282,50.53568709637486,3.936560120286241,1.6202267947170022,392.7974800066759,4
3.5546858526219083,-3.929714267536746,50.86438856825317,3.96668241253007,1.6046634225522054,428.09842677574335,4
3.552906941559355,-3.885735051106598,50.61147547576387,3.886239318524376,1.6109781245053827,451.2599264888442,4
3.525728466820582,-3.974265898688365,52.0157256045584,3.9528464543617376,1.5788797598100652,491.6988706427104,4
3.515188978216742,-4.001066501531224,51.68709762487034,3.934142953258448,1.537727483921805,388.44775200967626,4
3.5180576655824307,-3.977279768151752,51.670973502983486,3.927034689208208,1.536021826630932,438.36980839098845,4
3.512732307789689,-4.01851914292675,52.57497158158297,4.015315753591937,1.5285357209922228,408.12466430664085,4
3.5105554882415944,-4.050248426232634,52.40427543079786,4.056957869879944,1.524431817275656,416.65077907756233,4
3.5032829874652927,-4.009166725611283,52.69124435166181,4.009134260274596,1.5128570007065596,437.9691653494107,4
3.5204531217025496,-3.9639187276700127,52.41300248830333,3.9778282184385336,1.5781410548646564,471.4774275095446,4
3.4769153365981107,-4.0750709199636,52.31553115413688,4.059277081893662,1.4947736323890035,416.6689427262642,4
3.518188157324064,-4.021103632652154,52.115080493991655,3.9862434904454114,1.4783657728615454,489.56934783418336,4
3.5049014509060963,-3.929802902674271,52.56650825543592,3.9428572600844216,1.5530979195557073,492.1234877419337,4
3.5155656890007063,-3.9229260582034873,52.55296597238314,3.934885404877744,1.5474065333436438,470.7492029222391,4
3.499792107081009,-3.989116127208129,52.04467450158072,3.998895992666988,1.5508444026365116,533.4572929770263,4
3.519851183487197,-3.9439559602468015,50.96899054144735,3.95800823141626,1.5780731426120476,564.6842361708815,4
3.51811973253886,-3.9701761404673257,51.521905263264976,3.9586207071940094,1.586047689119975,501.3114725748698,4
3.523428743168459,-3.983834432343305,52.113583580922274,3.974509538230249,1.5631973521184113,492.92761230468767,4
3.4826221924043645,-3.992465838200628,52.190166925979874,3.968555447745458,1.5084680514147053,600.1200727042507,4
3.4916207803844737,-3.9975091629782646,52.33118917174259,3.9541032839629615,1.5014823857000317,529.0170286361785,4
3.485072119761321,-4.051269991923187,52.79036027294095,4.011097447346833,1.4340375378980468,617.5204633292512,4
3.4636260210457497,-4.002559785789015,51.90295412311446,3.999667108395679,1.4476528208134538,564.155618613722,4
3.453201998425069,-4.033635583974547,52.06440648655433,4.000441858323954,1.444729106574409,561.7588487183308,4
3.4510325011560474,-4.000187154543601,52.13516409922454,3.972651065406153,1.4583790585146112,615.5963952016023,4
3.471061178519901,-4.009344096911157,52.71015009907006,3.9869356114985584,1.4736543833199187,599.3154789983887,4
3.4432733274449068,-3.996051529706535,52.93819834822314,3.9987039970139326,1.4365926812597598,667.2541155626557,4
3.429451716148247,-4.0194725505376265,52.54648758193194,3.998719514426538,1.4517541699490306,681.3790045269457,4
3.4448546029753606,-4.060554698362188,52.6618535101077,4.033368091798772,1.4116481859131724,676.665522171279,4
3.432096463812273,-4.018882258463714,53.14553824387028,3.973599551087719,1.436931074675867,699.553937491724,4
3.457374540425964,-3.9622596764968594,53.48104166580461,3.918860641576475,1.5147741952184912,657.4319809735824,4
3.439719488391768,-4.0828482956536085,54.08811189899336,4.0086806022514745,1.4188087437785937,705.0162322480805,4
3.4472784834393,-3.983451215560827,53.5405259859764,3.945869519885651,1.4179277352694062,625.5145432639257,4
3.436566191204524,-3.929340277687978,53.78769645044359,3.8942745338052,1.4664955624079303,712.6665049407444,4
3.451764671142492,-3.9312636232645497,53.70269928409555,3.879336375974666,1.4895191125277072,736.2478113551598,4
3.431857858000502,-4.031081089192189,53.50143040371481,4.021177105984445,1.4101781777742894,755.6953307760641,4
3.4432408971301576,-4.022714283506749,53.739533375885536,4.033501091649977,1.4451281216184972,822.8691706253298,4
3.44264656945137,-4.042726258100089,54.06496425132967,3.9779923150768384,1.4635609139156878,730.7478920457053,4
3.44163419567259,-4.028259573683227,53.85434242291639,4.01468088936671,1.478218610677342,646.5039265950514,4
3.4439725229295632,-4.006746692172552,53.99502873824815,3.9718323198415466,1.4678157850847406,708.1582827810514,4
3.4251055097849354,-4.079664515910176,53.97268868570273,4.023289691256939,1.39806019182259,746.9373431017189,4
3.4140593951704807,-3.964334133654664,53.85738523666468,3.986581686526368,1.453268251176608,780.5241661287305,4
3.391071844909151,-3.9911774295871534,53.86553431365449,3.9756460957607977,1.4206254037760075,844.9814525539592,4
3.3897908649875617,-3.9793440393135375,54.43447330711924,3.9809803019809182,1.4351268158120625,854.8550270209878,4
3.3564301102848377,-3.962467911553248,54.02469559577899,3.96029594254359,1.4111970723685572,818.7309118583378,4
3.363707065582275,-4.045494871624446,54.29450148243014,4.015766151880813,1.397088650929725,785.9412003856592,4
3.3758868066604526,-4.093636526226324,54.54636072708388,4.072323648269567,1.3442837626247084,820.7177537821111,4
3.3575111176334533,-4.064953707032282,54.38513590925832,3.988298096899256,1.3758459178741376,796.7180489577808,4
3.4023089974613514,-4.030942957280046,54.67413420596365,4.031287169052383,1.4398831290713814,818.2723357637051,4
3.3797544638315835,-4.018753806076481,54.79122603680455,4.026600425526248,1.4051945404817825,792.9737255721426,4
3.375963854924433,-4.033227158131573,55.132756895938165,4.036856748289981,1.3583927625990182,807.1244375800006,4
3.3780726941965398,-3.967936083421869,54.97122632042837,3.9634038876678974,1.3910011558209432,872.9669261867718,4
3.392830478269502,-4.029485373847227,55.02678630850411,4.040970349715926,1.3631550033213733,833.312292756334,4
3.389331533410455,-3.999678048710365,54.82098056771661,4.012441943594292,1.3351985108380937,871.2261438746912,4
3.378869125398539,-4.079256987167618,55.55549156059653,4.0663286952649145,1.3490942817623333,906.1513061523442,4
3.368099643685724,-4.120791047306384,54.595134433379954,4.013543441470734,1.3176569453740523,904.6091022383694,4
3.3558581952994824,-4.080788539627853,54.95315657362428,4.036501076261877,1.3112220663135334,881.5587151306493,4
3.3372184987795546,-3.998857869940286,54.64644073227706,3.995332410780048,1.3021689006837749,879.074100817665,4
3.3465687353058726,-4.004835384713728,55.2344190737622,4.016504185347907,1.34458793489273,903.6020359535004,4
3.3604449027002192,-3.893783167930644,55.590419747735154,3.9328347734138753,1.3905574359462778,898.8588849945929,4
3.3535235776739603,-4.000311875747422,55.15996312286895,4.068003072577008,1.315127142405106,885.8931864075741,4
3.342220006016015,-4.003041139430247,55.309275072173214,4.013060684257982,1.31315514058043,881.6227475613528,4
3.373603358780597,-4.043301175543144,56.15173781658974,4.031360348739195,1.387443514867016,895.0202829824321,4
3.377551183862201,-4.1320628230854615,56.58938572770458,4.145048973924022,1.3690084037134205,902.8477979757016,4
3.3972680636044945,-4.126341208226262,56.37810609030858,4.141413831441414,1.3476089313205355,903.1616069556632,4
3.3536291472655906,-4.036125835052318,56.298666226661815,4.136244644552974,1.328860048520363,937.9824967034116,4
3.3637742874986034,-4.006126658391144,56.58893100285934,4.054624016002072,1.36118962199001,1004.467150672009,4
3.3655227658438824,-4.025345435923776,56.2277832462289,4.073897151623742,1.369214294993945,1083.621430995102,4
3.3676116762861694,-3.987953385390804,55.93888266611907,4.054718928148517,1.3756135729073131,1005.665707345736,4
3.3626609899229924,-4.0704280804779565,56.136780625682775,4.077634932631152,1.342238509048851,984.8395871954452,4
3.394702804964141,-4.111511308594612,56.265012881176624,4.142324248276188,1.3758925920152398,928.686897234728,4
3.384641740281703,-4.124669341717736,55.5587469844495,4.112048809137722,1.3507577302092213,996.151154426532,4
3.3544917470317777,-4.06127484370086,55.95189511573923,4.062628067145914,1.3595303276837885,1032.6846934173054,4
3.36199062961643,-4.008369969782856,55.96118067078672,4.072278507685257,1.336755106004618,1024.12882693878,4
3.3510616000762763,-4.025452929028009,56.49789226122496,4.073896090189615,1.3453975545484478,1030.154212046479,4
3.3369664378085377,-4.0496733875597934,56.645812600345934,4.057808673987955,1.3367025892613298,1009.8815131753178,4
3.3283061186472573,-4.02640167872111,56.31649907430013,4.106963634490968,1.3221301635106402,1047.4022216796875,4
3.330953220863127,-4.053591628532623,56.30567087291997,4.066992724682651,1.3247416652528607,1000.4909926592308,4
3.308595863439269,-4.044387437529483,56.8083340919624,4.104383113020558,1.31589069406865,1050.576126357256,4
3.3239016667597707,-4.08213002802962,56.64862860124664,4.0782021021438855,1.35531184834949,980.8891532596224,4
3.336161629628327,-4.067851467994647,57.0754997770665,4.07842619944427,1.3688521647857408,1017.12959039548,4
3.3363705732054627,-4.016496593669309,56.40240562568276,4.02926344790701,1.3663311873452135,1094.2572042174252,4
3.330280202930257,-4.007683624655512,56.39832247717904,4.032494127413649,1.3668091984118451,1039.3831773316133,4
3.315112935621186,-3.932814422973805,56.40393646154026,3.9978358031666215,1.3618653049576754,1110.9436897234727,4
3.3205020912623,-3.9542836455975534,56.4339901552362,3.967519416647439,1.374301389112311,1125.1892524331324,4
3.3332376668682206,-3.963344074238492,57.30879914019741,3.9930040230185297,1.3576414282039062,1083.1766985015008,4
3.320890662360326,-3.9527299444554216,57.117720372259285,3.957596091900842,1.369388927847652,1157.159759004238,4
3.32418293872122,-3.934548887155823,56.75420036962479,3.9821767402907535,1.3798839217525414,1167.3256587658875,4
3.3228616189148465,-3.940780499560685,56.76461091553424,3.958234543180736,1.365575649644022,1133.731083929202,4
3.297867054319652,-3.961249467343262,56.843128829352594,3.987474133065865,1.3179993205151304,1173.9737038477676,4
3.336839756723178,-3.95352482391616,57.40912641105005,4.017649173736572,1.3395013364694888,1128.866293697034,4
3.3245412212307173,-4.029127201791538,57.31222452282232,4.071382064603817,1.269809770718806,1120.2319204901569,4
3.3124356902925305,-3.935439427693681,57.49966900496831,4.014362504926775,1.3178183197301672,1139.4292378398684,4
3.312872070377156,-3.98021999860214,58.67916488647462,4.030552484221378,1.3074832023200342,1115.8972333487816,4
3.310109952075333,-4.020250465910313,58.15806040790798,4.044920517226395,1.3279405657180972,1115.1628017964335,4
3.294064275288986,-3.886943279686621,57.96358755079366,3.966643645938507,1.2979515245405295,1220.0887782210011,4
3.272251771668256,-3.99735696032896,58.6684611045708,3.988007024183112,1.2771729028831096,1163.7192341432726,4
3.27339499414304,-3.942852188638377,58.49082073922882,3.949368899824932,1.2935441388922235,1219.260507012489,4
3.284939240601103,-3.962611237488224,58.08465231340484,4.00607675078225,1.2833240469970273,1189.3886235986054,4
3.256481215105219,-4.05159078210087,57.57297884407689,3.989187111288814,1.2547396381022566,1229.6568831104332,4
3.259983946374581,-3.9760827115700073,57.80550593575515,3.9806992967249983,1.273039378688834,1289.8326981539103,4
3.2722337299821067,-3.9068096155500696,58.02445966645148,3.914269864895924,1.2829852057042086,1275.6448822883572,4
3.2581068055104403,-3.96182362507966,57.96608811717924,3.997621544336872,1.2375525135104932,1251.7780327231178,4
3.264788645135481,-4.024677376289152,58.43540603292864,4.049407517169155,1.2670103183573924,1239.7803486107434,4
3.254970064270968,-3.997019980586853,58.52232944898012,4.0328820438708295,1.2617578708519368,1278.2900266485692,4
3.247383307602446,-3.9760962179151633,58.18762472120382,3.997040029299461,1.2571025682707964,1226.8362747451008,4
3.2487874475576106,-3.99654955648433,58.53130928944732,3.973985650445109,1.2715317071494392,1228.9861832958163,4
3.2273272983098438,-3.929473616982585,58.30991523009908,4.000856757837501,1.2288682386700032,1283.2362336411998,4
3.2445280147811117,-3.982862957453323,58.36589787370068,4.036153575121346,1.228083376157082,1306.222627284163,4
3.222757959096445,-3.954898770919628,58.62573102099747,3.991258863675391,1.1921823199859445,1296.5874554477844,4
3.2418567231819453,-3.8667423819418008,58.54878715472033,3.9417583821183535,1.26674478404266,1379.9310102732168,4
3.265340683823925,-3.9789139820357495,58.9848362550897,3.988141019465557,1.2705111847085475,1329.9514118776476,4
3.245049786432988,-3.969551727596651,58.9719107460841,4.024549373799125,1.2114062854799168,1348.37138616702,4
3.232674062588794,-3.984169504736776,59.78344233022572,3.9913384146609534,1.25119837933341,1346.698594605182,4
3.2235732401831667,-3.9702290437989314,59.5947827484648,3.994286977638633,1.2178608057862603,1365.3008371126864,4
3.2212541857681707,-4.030151000804147,59.15746374184129,4.081551225845423,1.202445398616252,1421.6099115576449,4
3.194210775827957,-3.952017165846744,59.3691675865044,4.018086021229372,1.2003191736458387,1411.1772254038672,4
3.180125095076479,-3.9494058802976464,60.01815847623144,4.029914605415477,1.181486382322794,1454.5614944716638,4
3.1434738851536466,-3.9766619905913614,59.0500261123571,3.945372739080656,1.143468324073964,1476.3569032485875,4
3.176464796066284,-3.966011835356892,59.995594929840586,3.977140391613807,1.1812723302571777,1501.409733486716,4
3.168947361283383,-3.9491851127753823,59.80667644436077,3.9257043822337,1.1807682595010531,1461.5343183097193,4
3.1851598583372294,-3.958730406680351,60.17506494899254,3.9852807966329302,1.1706750830688044,1482.161685922052,4
3.150300867813455,-4.032419495663401,60.35231582727811,4.036576163297321,1.1363830202716896,1494.358889477401,4
3.097283868466393,-3.9772613695112327,60.75023689916578,4.006401700488592,1.1439582452935684,1501.840166512182,4
3.0719818745629266,-4.012348232969723,60.16834662054891,4.019641574493235,1.042907308723968,1535.4165990797144,4
3.0654056328164656,-3.9544462591914806,60.250718262236,3.9999445521898864,1.0757822444883445,1526.1582872638594,4
3.0421551728652694,-4.027238635693566,60.474098916781166,4.055366532277254,0.9930608898906386,1533.8119020623678,4
2.973859384235013,-3.891964858534642,60.60698346498994,3.9331478722351374,0.9866293938146478,1600.206997456526,4
2.883930004249184,-3.968859127012351,60.52895837988557,3.999632741098351,0.8891595467335752,1564.390963624426,4
2.806037312847072,-3.9871965101209703,61.24363307629604,3.95455638837006,0.877479078405995,1494.920101876986,4
2.7229870200830666,-4.012143027310991,61.83149398114048,3.993948267004584,0.7754069499376803,1555.791079763639,4
2.622920412128254,-3.920829391748892,61.16177590149269,3.909123280627578,0.7044288209602653,1605.7282859672928,4
2.498630685321355,-3.6626588005130256,61.16513003333145,3.6308835845882297,0.5849918308904625,1568.089831336075,4
3.1078215426644373,-0.3086850127931328,61.938845467432735,0.300547439499758,-0.1788762440789205,1563.431359242584,4
3.2707429134239585,-0.1069930484991947,62.75087757433872,-0.0285313411978884,0.1954613858360327,1690.077920170155,4
3.3016600608825684,-0.0293806111440062,61.2172737121582,-0.022770756855607,0.0998110845685005,1844.9141845703125,4
3.915815114974976,-0.5022851824760437,23.514970779418945,0.552369236946106,1.817122459411621,761.5325317382812,5
3.808021049499512,-2.6697699451446533,33.74601196289063,2.764691095352173,2.445960845947265,153.10272644042968,5
3.664946613311768,-3.873684692382812,38.85314315795898,3.9830181503295896,1.6375912427902222,59.73043853759766,5
3.667352190017701,-3.941996784210205,39.52680282592773,4.092969169616699,1.582693862915039,83.60699615478516,5
3.6817747592926025,-3.9622713470458986,41.13240631103516,4.041810894012452,1.6564128494262695,51.20105377197266,5
3.7167875289916994,-3.95563759803772,42.2561279296875,4.001619625091553,1.6972928762435913,7.083800888061532,5
3.7383445167541502,-3.905152416229248,43.34637390136719,3.9478500175476072,1.7701670598983763,9.148634872436531,5
3.727527141571045,-4.018894424438477,43.304949035644526,4.072899131774903,1.694294810295105,39.59777549743645,5
3.74444263458252,-4.037351436614991,43.65142684936524,4.129433307647705,1.7106547117233275,150.16192993164063,5
3.748135671615601,-4.006886253356933,44.64859802246094,4.046087169647217,1.7782646465301517,90.6469277954101,5
3.7441665172576895,-3.957122564315796,45.332009887695314,4.005246829986572,1.7828337669372558,100.44312896728518,5
3.7310030841827393,-3.978977136611938,45.89614761352539,4.029423236846924,1.7577732610702514,65.23247467041018,5
3.728584756851197,-3.994808864593506,45.91933135986328,4.038893537521362,1.7499213457107543,56.528138732910165,5
3.718034725189209,-3.936598043441773,45.97152877807617,3.966299324035645,1.737038903236389,73.38527740478519,5
3.699210767745972,-3.896550045013428,46.98148696899414,3.978873310089112,1.7332851076126097,148.86174530029282,5
3.687602853775025,-3.99660325050354,47.36195755004883,4.107734298706054,1.6613448381423952,122.03871002197262,5
3.684337463378906,-4.058447275161743,47.27396514892578,4.09623908996582,1.6336274194717408,118.35296081542973,5
3.676889028549194,-4.035012245178223,47.11531692504883,4.009594593048096,1.6567639780044556,140.56485748291016,5
3.657071142196655,-4.1172614097595215,47.42724868774414,4.0804205322265625,1.635633053779602,178.6347229003906,5
3.660767850875855,-3.9633935832977296,47.788653717041015,4.009388523101807,1.6771301174163815,153.73190551757818,5
3.667986106872559,-3.9770875453948977,48.13400497436523,4.00305814743042,1.6643701553344723,171.24707641601563,5
3.645543165206909,-4.047215709686279,47.959335021972656,4.046025047302246,1.6218440866470336,256.5107385253906,5
3.6538554668426513,-3.985108680725098,48.20341049194336,4.039734745025635,1.6672897195816037,186.33493774414052,5
3.67063512802124,-4.0477942276000975,48.50930938720703,4.096494674682617,1.6885121726989745,148.01724243164057,5
3.652774019241333,-3.96718731880188,49.163197174072266,3.9929693031311033,1.6621483182907104,139.3785217285155,5
3.624032735824585,-4.032103538513184,48.63283157348633,4.029515266418457,1.6300276517868042,209.25418090820312,5
3.6011962890625,-3.997362804412842,48.55985427856445,4.014919700622559,1.6022016954421996,226.43121215820295,5
3.619559745788574,-4.011152153015137,48.99646057128906,4.0409263992309565,1.5876427507400512,241.4353967285156,5
3.625021667480469,-3.951627683639527,49.04419219970703,3.957050523757935,1.5923355293273922,265.33623168945246,5
3.617333927154541,-4.075933952331543,49.645314788818354,4.054327869415283,1.5713508272171024,277.8456652832031,5
3.607710123062134,-4.045755672454835,48.69160766601562,4.043512058258057,1.5966462850570675,324.4111389160154,5
3.593068809509277,-4.035966053009033,48.69524627685547,4.024947624206543,1.56504355430603,379.8357189941405,5
3.5924295139312745,-3.99359845161438,49.42292434692383,3.9794945430755617,1.612166862487793,307.96819458007803,5
3.5965195369720457,-4.004630756378174,48.88453460693359,3.962920379638672,1.6039938592910767,365.1593811035156,5
3.5901332664489747,-3.964906730651856,49.788794403076174,3.953185577392578,1.6222862529754638,422.31015258789057,5
3.583705997467041,-4.017743873596191,50.26628799438477,4.015561914443969,1.6140593767166138,425.510382080078,5
3.5610318183898926,-3.989734325408936,49.51264404296875,3.947291793823242,1.5852803659439083,434.2033508300781,5
3.545520486831665,-3.96771764755249,49.57849731445312,3.973947525024414,1.5240986251831057,478.3871008300784,5
3.566287393569946,-4.001553554534912,49.60404037475586,3.967886648178101,1.5691308546066285,466.271182861328,5
3.5882060623168943,-3.9864064502716063,49.80659301757812,3.983139753341675,1.575343270301819,430.6710412597655,5
3.5845288753509523,-3.959257221221924,50.152339935302734,3.937533187866211,1.6085720777511594,439.4145568847655,5
3.578353052139282,-3.9544185256958007,50.50585494995117,3.896780023574829,1.6525911903381347,409.2595178222655,5
3.563686103820801,-3.9898953819274894,50.63044830322266,3.926704683303833,1.595892195701599,416.33576782226567,5
3.5696736335754395,-4.007500076293945,50.70380294799805,3.9944662284851074,1.590579514503479,452.2176184082031,5
3.560663566589356,-4.04606029510498,51.61528045654297,4.075384101867676,1.580118327140808,407.69524536132815,5
3.554660129547119,-4.016473579406738,51.21856842041016,4.013224983215332,1.5696018218994137,381.2785217285159,5
3.5371209526062013,-3.948694896697998,50.80643661499023,3.9242460250854494,1.5454538345336917,439.0254455566404,5
3.548837146759033,-3.979895029067993,51.26323516845703,3.9784673595428464,1.567190012931824,459.98092895507824,5
3.542716903686524,-4.002733554840088,51.60644546508789,3.9666146659851074,1.567862024307251,471.6594982910155,5
3.5149079608917235,-4.031879730224609,51.75885696411133,4.052052593231201,1.5184710550308231,463.4957482910158,5
3.5308141708374023,-4.116514205932617,51.671836853027344,4.054255485534668,1.454884648323059,491.1372375488281,5
3.5324170875549314,-4.058841800689697,52.16687393188477,4.089880332946777,1.4752128982543948,523.1824511718746,5
3.5333000373840333,-3.956421308517456,51.50572677612305,3.9606190872192384,1.5449071168899535,516.6418676757814,5
3.5306673526763914,-4.015667057037353,51.675437469482425,3.9613675689697274,1.4976156616210938,538.7509887695315,5
3.515673561096192,-4.029663238525391,51.34020843505859,3.955309896469116,1.4696714353561402,482.2031945800783,5
3.503188705444336,-4.011433506011963,51.49544525146485,4.009640312194824,1.488275718688965,492.25051879882784,5
3.5202875328063965,-3.990057802200318,51.76188491821289,4.015251369476318,1.5121609830856315,533.8402465820315,5
3.507192411422729,-3.9524364471435542,51.067061004638674,3.941145172119141,1.5604113912582396,503.7439221191407,5
3.5086010456085206,-4.026477975845338,51.481178283691406,4.004667987823487,1.50681366443634,562.9524047851564,5
3.5201872253417967,-3.9736372089385994,52.06533508300781,3.982186508178711,1.50997239112854,581.5816625976563,5
3.5187494754791264,-3.88884687423706,51.96149673461914,3.95209617614746,1.5470281600952152,622.5889282226568,5
3.4882763195037843,-3.96476993560791,51.34770492553711,3.986640033721924,1.5125445699691775,645.8376489257813,5
3.482032413482666,-3.915969390869141,51.91831985473633,4.00288335800171,1.5415535354614254,653.043342285156,5
3.4985122203826906,-4.012335281372071,52.19876358032227,4.051342153549195,1.5588885927200316,612.7403881835934,5
3.488529014587402,-3.9666832256317135,52.01338195800781,3.986916341781616,1.5307186508178714,638.9065600585939,5
3.491197299957275,-4.010391044616699,52.05489654541016,4.023924064636231,1.5121008157730105,643.2482299804686,5
3.468024129867554,-4.046799945831299,51.65334228515625,4.019487380981445,1.5306316328048706,652.8155639648438,5
3.4647642898559567,-4.102915515899659,52.25678863525391,4.076658973693848,1.4749769687652583,616.0478833007809,5
3.4821042823791504,-3.9794508361816407,52.44019180297852,4.023909397125244,1.483939800262451,642.2764086914065,5
3.4899581146240237,-4.011382560729981,52.58776077270507,4.006828117370605,1.5064592456817625,614.9337670898436,5
3.4725289821624754,-3.973605108261109,52.339569854736325,3.974666690826416,1.4800209522247312,701.0208129882814,5
3.478156843185425,-3.960517873764037,52.838551635742185,3.93582067489624,1.4871507024765012,682.5610522460942,5
3.4581628131866453,-4.049633140563965,52.294458923339846,4.063758373260497,1.4394147825241097,669.1515258789065,5
3.4830095195770263,-4.020238571166993,52.03937896728516,3.97364914894104,1.492909240722656,782.2970678710938,5
3.4873980903625488,-4.058780918121338,51.75367721557617,4.073407974243164,1.4659254121780394,721.8634790039074,5
3.5187318325042725,-3.8836886882781982,52.37569427490234,3.9586122035980233,1.5764726400375366,686.3587036132812,5
3.481014852523804,-4.016680259704589,52.39357681274415,4.021580123901367,1.489310274124146,641.3590112304693,5
3.477051830291748,-3.9856405735015863,52.69956115722657,3.9879340267181393,1.510152926445007,725.6635327148439,5
3.44785397529602,-4.070010814666748,52.94969284057617,4.053485050201416,1.427859015464783,704.1391186523442,5
3.439138088226318,-4.0540326118469245,53.42488708496094,4.085282955169678,1.4470971059799191,722.3749682617185,5
3.4286088943481445,-4.017522430419922,53.80116653442383,4.061142158508301,1.4347210884094237,736.2609497070312,5
3.408490543365479,-3.985585527420044,53.577434692382816,4.031347236633302,1.4369172954559328,799.7463793945307,5
3.433277101516724,-4.028159580230713,53.84874801635742,4.021826572418213,1.4330246210098263,755.4018920898437,5
3.4253810596466066,-4.030999126434326,53.68604095458984,4.0769808578491205,1.414984645843506,759.0257006835936,5
3.4474235439300536,-3.954871492385864,53.75319458007812,3.950703601837158,1.4599666357040406,781.4620385742188,5
3.419758605957031,-4.026663303375244,53.4742073059082,4.0669684410095215,1.4359355449676512,774.7211547851562,5
3.396472311019897,-3.9694066429138175,53.22387222290039,3.995526847839356,1.430785984992981,759.3843286132812,5
3.39599534034729,-3.993240833282471,54.0758642578125,4.06105863571167,1.3436105251312251,801.7371899414065,5
3.4160886192321773,-3.979762840270997,55.27364379882811,4.010681667327882,1.409763312339782,808.1438256835927,5
3.398904285430908,-4.040877056121826,54.590399169921874,4.037758674621582,1.3739606428146365,876.1182788085933,5
3.404317855834961,-3.9524703025817858,55.02041702270509,3.9994665145874015,1.3895745992660524,870.436462402344,5
3.406409959793092,-3.9489392375946046,54.68194869995118,3.928165407180788,1.4193350028991705,843.0949780273434,5
3.3890057086944583,-4.033465156555176,54.4993603515625,4.044223957061768,1.3719892263412472,831.3557446289055,5
3.3872892379760744,-3.997604427337647,54.52583679199218,3.9995872306823728,1.433550124168396,787.7774926757812,5
3.4083639049530032,-3.98994384765625,54.74022323608399,3.9856533908844,1.4333910417556754,794.4098266601574,5
3.415682888031006,-4.018776226043702,55.31000976562501,4.036992835998537,1.402025842666625,840.289196777344,5
3.402251482009888,-3.986302900314331,54.97127212524414,4.063707942962647,1.3759913444519047,881.8342773437497,5
3.38157021522522,-4.084916858673095,55.74244171142578,4.133513507843017,1.349332852363587,874.0154858398437,5
3.398473501205445,-3.945938224792481,55.32138183593751,3.959934930801392,1.3616422891616815,956.4636181640622,5
3.368280229568481,-3.989641094207763,55.51821990966796,4.039036026000975,1.333955492973328,958.5577636718756,5
3.4155874252319336,-3.973155975341797,55.11360168457031,3.994620800018311,1.3608927726745603,1017.1446533203124,5
3.3921393203735355,-3.962469606399536,55.39228469848632,4.024236507415772,1.3994313955307012,922.5895532226556,5
3.3887715435028074,-4.010910339355469,55.87191192626954,3.9675403308868415,1.346509141921998,958.3244506835928,5
3.4199448013305664,-4.038172206878661,55.36148071289063,4.022118320465087,1.3700297355651858,971.2147363281256,5
3.400554523468017,-4.013252868652343,55.80957595825195,3.972591390609741,1.3826786375045774,1042.4522802734382,5
3.3859676361083983,-4.059556484222412,55.5461326599121,4.025088977813721,1.335534071922304,1034.1626220703135,5
3.358664903640747,-4.026522779464724,55.8729609680176,4.037958183288575,1.3501946020126343,1030.7453662109365,5
3.3371000576019285,-4.071434459686279,56.11688888549805,4.103326187133789,1.309227032661438,1028.412294921875,5
3.3399063491821286,-4.058003196716308,55.95084274291992,4.070438346862794,1.3306422328948968,909.4531030273432,5
3.357595272064209,-4.050521755218505,56.03729858398439,4.070929126739503,1.2922253656387326,956.0367675781253,5
3.3685284137725837,-4.025320148468016,55.53225631713867,3.990893459320067,1.3393312692642214,995.6401367187494,5
3.335309820175171,-4.0682042121887205,55.98935287475586,4.044477348327637,1.312318649291992,1084.7200439453125,5
3.3301137065887456,-4.025633087158205,55.47899398803707,4.011668138504029,1.3541327428817758,1038.336186523439,5
3.3273359012603763,-3.9136427593231207,56.40120361328125,3.927532482147218,1.3646805858612057,993.1930151367188,5
3.304410152435303,-3.902656497955322,56.03194808959961,3.905181884765625,1.3200424098968506,1018.2435400390626,5
3.319245481491089,-4.012909221649171,56.518513488769536,4.017714309692383,1.3482322454452516,1045.0892333984373,5
3.312223920822144,-3.961806583404544,56.77113876342773,3.941295242309575,1.330912189483641,1092.859340820312,5
3.296215705871582,-4.045544166564942,56.25177856445314,4.027490005493164,1.3093333292007447,1051.0694042968744,5
3.2912300968170167,-3.941245021820068,56.08428527832032,3.9907529258728025,1.2789528131484984,1158.874033203125,5
3.322482929229736,-3.91972825050354,55.75062210083007,3.9837154006958007,1.3390290164947514,1090.0965039062494,5
3.30164303779602,-3.976665782928469,56.01120071411132,3.999007511138918,1.300998163223266,1035.6767578125005,5
3.3156651401519777,-4.042912464141845,56.76499267578125,4.041768760681152,1.2871303033828738,1028.9426416015624,5
3.3144021606445317,-4.049197845458985,56.27927810668945,4.041175270080567,1.2920113325119016,1116.1214746093754,5
3.29388503074646,-4.056672897338867,56.560117187499976,4.0728053855896,1.2854083013534543,1133.0401074218737,5
3.31977822303772,-4.047548561096191,56.54115127563475,4.022927341461181,1.2867166852951049,1124.1441845703123,5
3.3215889930725098,-4.071072101593018,57.12692260742188,4.005576133728027,1.3089100122451782,1125.215087890625,5
3.3036553478240966,-4.039374313354491,56.88574172973632,4.084604568481445,1.3083828258514405,1134.5919482421873,5
3.307068672180176,-3.9994885253906247,57.21645065307618,4.013352108001708,1.3132167100906378,1214.3447705078129,5
3.307521619796753,-4.080164070129395,56.86890670776367,4.089402027130126,1.273512353897095,1136.5781054687502,5
3.309331312179565,-4.0323141670227045,56.68720214843749,4.026553678512573,1.308731923103333,1152.9167626953122,5
3.3187523841857915,-4.008817863464355,56.95747833251952,4.042586612701416,1.314589929580688,1216.959521484375,5
3.3283738231658937,-3.9556530952453617,57.320309600830086,4.040785942077637,1.3060126543045043,1205.2222558593746,5
3.3244502353668213,-3.948282861709594,57.342560577392575,3.9835891246795656,1.347821922302246,1229.2304345703124,5
3.315246324539185,-3.911730928421021,57.44756317138671,3.997941131591797,1.3220267105102534,1244.4165380859365,5
3.285888919830322,-3.9268014621734606,57.30453353881837,3.98707462310791,1.3064311408996598,1242.8012207031245,5
3.271257162094116,-3.94076886177063,58.11801452636719,4.0348120689392095,1.2962541103363043,1222.34599609375,5
3.258857460021973,-3.9540551280975342,57.63159729003906,3.915732145309448,1.285765438079834,1238.85890625,5
3.259237699508668,-3.891334190368652,57.5722412109375,3.932447204589843,1.3074279212951678,1247.1017724609385,5
3.259517087936401,-3.964979200363159,57.52114776611328,4.027806282043457,1.2430637931823731,1206.3129052734369,5
3.2634096145629883,-3.986415786743164,57.36004989624024,4.030502223968506,1.2086940288543702,1176.2629980468748,5
3.279142284393311,-3.945989799499511,57.526329040527344,4.033613777160644,1.2745280027389532,1247.2523437500004,5
3.2873775672912595,-4.03047655105591,57.99219772338866,4.0715657615661645,1.2584455490112303,1234.1300976562493,5
3.269865016937256,-4.049753856658936,57.96632232666015,4.074576797485351,1.2401945781707764,1217.8015478515626,5
3.2666621685028074,-4.001207523345947,57.44512832641602,4.007515907287598,1.2452834701538087,1298.22400390625,5
3.2704296588897708,-3.9908547878265375,57.74830856323243,4.02499210357666,1.235979952812195,1259.403183593751,5
3.275166702270508,-3.975799131393432,57.68559341430664,3.95312271118164,1.289316105842591,1276.174340820313,5
3.291963300704956,-4.008711471557618,57.63933959960937,3.976967725753784,1.2838617086410522,1334.7697070312504,5
3.2618128871917724,-3.9894010734558094,58.24465194702148,4.00082410812378,1.2174357271194456,1311.5568505859374,5
3.227952146530151,-4.000598812103274,58.25383773803709,4.004308547973634,1.2054840850830053,1292.302924804687,5
3.236321468353272,-3.9417684555053705,58.70012222290038,4.018528785705566,1.246834654808045,1332.7953076171882,5
3.209302425384521,-4.005199909210205,59.24415588378906,4.092247486114502,1.214375615119934,1307.7542724609375,5
3.202090425491333,-4.0342967796325695,58.3990072631836,4.05146697998047,1.1894134855270384,1329.581523437499,5
3.208479623794556,-4.02214340209961,58.09379425048829,4.056288032531739,1.1970856428146353,1419.8265917968738,5
3.204832143783569,-3.939051389694213,58.56305374145508,4.020351543426514,1.212061414718628,1398.4031787109377,5
3.203750991821289,-3.9996700000762937,58.56100601196289,4.001764097213745,1.21103816986084,1353.8814355468753,5
3.2115239143371586,-4.018914031982424,58.55480575561523,3.985805702209476,1.1828192472457897,1329.4211181640626,5
3.210370664596557,-4.005215063095093,58.59003051757813,4.073046131134033,1.1960148429870607,1325.6649121093744,5
3.1783074569702148,-4.034035472869873,58.35468383789063,4.031180839538575,1.17889723777771,1335.1953955078122,5
3.169905271530152,-3.9611119842529297,58.62627288818359,3.986710262298584,1.179265441894531,1393.7876757812503,5
3.152819948196412,-3.9591745567321777,58.561805725097656,3.9698887062072745,1.1713003349304207,1405.6065673828127,5
3.1617613792419434,-3.981671571731568,57.99430160522461,4.021328163146973,1.1384946584701534,1407.2010498046884,5
3.146132345199585,-4.003389797210693,58.51121719360352,4.021596641540527,1.1526013135910034,1360.65654296875,5
3.122872924804688,-4.055000534057619,58.57059158325193,4.012019796371461,1.0894005537033065,1426.5834179687513,5
3.090876512527466,-4.005009698867797,58.879244384765634,4.019453296661375,1.0678549242019666,1417.1859130859382,5
3.0494729042053224,-4.044684925079346,59.48849624633789,4.013780345916748,1.0517157173156737,1335.5757226562505,5
3.0338201999664305,-3.993755531311035,60.22044219970704,3.959074401855468,1.0132761240005497,1412.594165039062,5
3.011973447799683,-3.964309778213501,60.17586105346682,3.969177436828613,1.0288744926452646,1459.6338916015616,5
2.9726884269714358,-3.9443204879760745,60.29760879516602,3.994282951354981,0.9707002830505372,1538.0456249999995,5
2.902751150131225,-3.982801361083984,60.125286712646485,3.965552015304565,0.9403111982345582,1556.4599707031248,5
2.8810984516143803,-3.9444743824005113,60.808960266113296,3.932514896392823,0.91739109992981,1538.5897070312487,5
2.7991567134857185,-3.941076850891114,60.9135498046875,3.8495846748352034,0.8511970043182387,1548.0729492187493,5
2.696851902008057,-3.930779390335083,61.29298431396485,3.8335195541381832,0.7655850839614867,1570.0155029296873,5
2.631984491348266,-3.815452966690064,61.06608261108399,3.8368760681152345,0.7091800069808957,1625.1288183593751,5
2.518804826736452,-3.670839853286752,61.755996398925774,3.6484554862976153,0.640431413650514,1688.5599462890625,5
3.1336199951171846,-0.5256962704658584,62.85582778930665,0.5719811964035129,-0.171332573294641,1445.3747705078124,5
3.2891128063201904,-0.0522155091166496,61.16846084594727,-0.0418620072305202,0.1178467348217964,1639.710205078125,5
3.8829054832458496,-0.6287180781364441,23.69120407104492,0.6302312016487122,1.8649814128875728,851.8060913085938,8
3.875221584824955,-2.712495057723101,36.16866188049316,2.844717363750233,2.444140441277448,244.2923551671645,8
3.743313593022964,-3.6381059899049646,39.39757398717544,3.847478692671832,1.7315444034688614,242.15293866325828,8
3.7118501593084896,-3.902921345654656,41.27381962046904,3.9745186104493984,1.6506815889302422,145.62733980066636,8
3.7180168572594137,-3.8676959542667166,41.858714922736674,3.9567011945387898,1.7083467693889842,171.37738144818474,8
3.7487740095923927,-3.9132214784622192,43.42792645622702,4.0366513168110565,1.7897085933124317,114.70038043751435,8
3.732775115966797,-3.9743715903338255,43.67254396326402,4.071500211603501,1.68432714658625,146.1657029095818,8
3.733443376597237,-3.890995324359221,44.29245004092946,3.995094536332523,1.7437569842619054,59.275144419950585,8
3.710604336682488,-3.9676687380846807,44.94393997192383,4.035383465710808,1.696742784275728,56.5560224645278,8
3.72057301717646,-3.996270847320557,45.05833735746496,4.070173095254337,1.724635812815498,53.84130365708297,8
3.696198491489186,-4.027231777415556,45.69134207332836,4.096852863536162,1.6962808440713322,72.72503527473002,8
3.7032515525817873,-3.885536418241613,45.864521183687096,3.993389992152944,1.7784474751528572,110.53688637228557,8
3.7029510554145366,-4.003549127017751,45.85736999511719,4.037048508139217,1.7493987476124484,99.9038749246036,8
3.676526003725389,-3.990479826927185,45.9003630918615,4.017749991136439,1.6909459597924177,148.69887443991271,8
3.6916370139402495,-3.975978652168723,46.18444712021771,4.0018665734459375,1.7196093152551089,128.16805303237024,8
3.7066145293852863,-3.913985350552727,46.01124404458439,3.9371943333569694,1.755673580309924,130.9339372971479,8
3.6790069271536434,-3.984178910535925,46.86266816083123,4.017131379071404,1.7136323101380293,112.34364525290096,8
3.6749417066574095,-3.903177785873413,47.47037696838379,3.9388578176498417,1.7603526711463928,177.54352416992188,8
3.707549344792085,-3.9223027537850776,47.22718483419979,3.9933068555944105,1.7481904997545128,189.24472979377296,8
3.6904649454004623,-3.955135871382321,47.57985886966481,3.9262269454843857,1.7405135547413544,160.88429291669078,8
3.650814785676844,-3.971629675696878,47.06034559362075,3.987326888477101,1.6896404518800625,146.4019290699678,8
3.667770148726071,-3.9944618758033306,46.79750298892751,3.975970073307262,1.6896642635850343,160.01424309225646,8
3.655743110881132,-3.945235964831184,48.21399711160099,3.979201103659237,1.688264639237348,164.8621097340302,8
3.640570372693679,-4.094906854629516,48.78820040085736,4.056609728757072,1.6227644997484545,195.556913129021,8
3.638286427890553,-4.0664496421813965,48.63711686975816,4.045409410140094,1.626642516080071,233.41677281996783,8
3.641914676217472,-3.9765197108773616,48.82742208593032,3.896591747508329,1.711970974417294,300.51348697437953,8
3.635615699431475,-3.964974476309384,48.57588886934168,3.927336092556224,1.6788324790842393,317.51752391141986,8
3.607617033229155,-4.049992970859304,49.00690662159639,4.036960684551913,1.6314206635250763,320.33026948816644,8
3.5998876066768872,-4.068163058337044,49.30991152595072,4.0175288705264816,1.6041120220633114,321.2486863080192,8
3.610995423092562,-4.01947143498589,49.54337995192584,4.032498038516325,1.6324878573417665,329.87333302217377,8
3.595307294060202,-4.057670509113985,49.84743544634651,4.043513887068804,1.5767000563004436,362.88746732824,8
3.597066106515772,-3.980593859448153,49.59615577248965,3.967623786365285,1.6340065184761496,312.8571874281943,8
3.585662087272196,-4.032200802073759,49.58835525512696,4.0104742947746725,1.5962982486276065,346.1978275074678,8
3.589766165789436,-3.995654172055861,49.94780975790585,4.0303211015813485,1.5995060261558085,364.6386054543885,8
3.584193754196167,-4.006786727905274,49.97977828979492,3.980061149597168,1.6048417329788207,380.4014221191407,8
3.5895109667497525,-4.007224545759313,50.28447128744686,3.9947142320520737,1.6117349161821253,375.7107490090764,8
3.599047680462108,-4.047145736918729,50.33914543600643,4.012750866833855,1.619355441542233,319.3089229808135,8
3.592733531839708,-3.973603496832006,50.74288653205423,3.992901135893429,1.5918832603622886,277.1370465446921,8
3.593687713847441,-3.9595175462610586,51.2392967672909,3.91574915156645,1.6366381266537833,340.2182807473572,8
3.574958409982569,-4.036137923072366,50.69227106430952,3.982188388880562,1.5860241118599383,377.3267337574678,8
3.5963897144093235,-4.04485211652868,51.061651566449335,4.030210018157959,1.611977458000183,391.5305337344899,8
3.567386076029609,-4.064371588650872,51.5552677154541,3.9695102677625766,1.5462946751538449,360.08107299804703,8
3.5402505173402674,-3.98144689728232,50.72422216078815,3.9260985206155214,1.522027105443618,425.6528323902804,8
3.5266633749008176,-4.022331850668963,50.93501297445858,3.983433295698727,1.5577180336503422,462.34909991096055,8
3.54239177423365,-3.9832435018876016,50.96167055017808,3.96952636382159,1.5701219628838938,368.81387472713647,8
3.5432326513178207,-3.997550143915064,50.918823915369366,3.986006982186261,1.531547609497519,426.7523211310893,8
3.514996778263765,-4.034069386650534,51.564452676212085,4.001104697059183,1.5325810600729557,447.5726006002989,8
3.5314733996110803,-4.025094255279092,51.656384142707374,4.023048597223618,1.5571770997608407,438.4837463378905,8
3.531998597874361,-4.011622939390295,50.83341154210708,3.9823989643770106,1.5281689251170438,460.4115467744715,8
3.5120473426931045,-4.045168730791877,51.83550581090591,4.017521005518296,1.512531265791725,413.8748244341676,8
3.4972108251908245,-3.984383008059334,52.13059818043428,3.968591058955474,1.5809057600357956,479.6919555664056,8
3.4756738185882567,-3.979297542572021,51.557337951660166,3.935434079170227,1.4634361386299142,556.2732574462882,8
3.4877438433030075,-4.014740929884069,52.23156204223633,3.978667867884917,1.4770884906544404,508.134251493566,8
3.482895349053776,-4.036176818959853,52.23307373944451,4.018809848673204,1.4461073938538047,545.9065465590534,8
3.5065198982463164,-4.121887291178984,51.899890675264245,4.101396762623507,1.4228362602346083,532.1675199620862,8
3.5031291737275967,-4.036436277277329,51.57193284876206,4.056144518010757,1.4446042285246008,597.3425257065722,8
3.509415486279656,-4.025587569966035,51.82965397554285,3.957036304473876,1.509582170318155,604.0041999368106,8
3.5091315578011906,-3.991942735279308,51.5908400591682,3.9962218537050136,1.4862701857791227,638.6104348575367,8
3.4720463107613955,-4.0501916773179,52.098496066822726,4.034078844855814,1.4346547645681045,623.4143619312958,8
3.4850053661009843,-4.022849627102123,52.07293907614315,4.040128971548642,1.4498072231517118,619.3094927619485,8
3.48758760620566,-3.9870950895197255,51.75660368975471,4.005779154160443,1.507028600748847,696.1335413315716,8
3.484539290035472,-4.082438864427455,51.5519593855914,4.009044722949758,1.4631710655548986,674.2424768784474,8
3.477301698572495,-4.081880361893598,52.14968930412741,4.018229417239919,1.4992316414328182,628.1219044404871,8
3.488834334822262,-3.998457381304573,52.31519304163316,4.015017785745508,1.5255862621700065,672.1096859202665,8
3.466629280763514,-4.074258692124311,51.82338041417739,4.088710913938635,1.4564440054052017,663.4567102768841,8
3.455559723517474,-3.970931572072646,52.4054100934197,3.98323216157801,1.49473478864221,641.7436020795036,8
3.461260955473956,-3.994198832792394,52.20223720774931,3.9581210220561305,1.5065151326796589,712.22715920841,8
3.4477533719118902,-4.025162738912246,52.13582050099093,4.005301239911248,1.4698351860046392,740.4780697093281,8
3.4494134426116942,-3.94626169204712,51.67859725952148,3.905723857879639,1.5008536577224731,691.2751586914064,8
3.454067283518174,-4.007378494038301,52.35896994646858,4.022538359024946,1.5050260024912216,698.2219109030331,8
3.4421464976142437,-3.916182714350083,52.37816260842716,3.9805797128116382,1.520821816780988,761.6783698586856,8
3.43801090296577,-3.950815141902251,53.42462077421301,3.992690249050365,1.484695427558001,731.7212230009192,8
3.4595615022322708,-3.9615656992968384,52.97195358276367,3.946956791597254,1.520959474058712,722.6140775792745,8
3.4377522496616137,-3.96179561474744,52.994022302066575,4.022607351751889,1.4713315578068005,759.2543327780329,8
3.4009268900927374,-3.9427192379446594,52.918599341897405,3.9853943432078647,1.4380551436368156,778.6784746955423,8
3.388692021369934,-3.970771887723137,53.37683700112736,3.979128038181978,1.4483951926231384,733.9100413602941,8
3.428671177695779,-4.027869308696074,53.81201544368968,4.030561688367058,1.458764753622167,759.4271003274356,8
3.421580365124871,-3.970608547154594,54.185727714089786,4.017808793572819,1.4680292725563049,771.7032757927395,8
3.394129851285149,-4.000990401997286,54.38385476505055,4.0041536976309375,1.4222810590968415,754.2759657915897,8
3.4237406057469983,-3.960198037764605,53.70458533343147,3.957147350030787,1.4963651720215292,781.1417616900277,8
3.439750783583697,-3.9399197101593018,53.23980780208812,3.960564669440774,1.4758059137007769,829.3823637120863,8
3.423610744756811,-3.908788612309624,53.35241219015683,3.954704762907589,1.4795480398570793,843.0792480468753,8
3.404965010811301,-4.031975258097929,54.072910533231855,4.070635352415198,1.4569259531357706,796.374466480928,8
3.397486619388356,-4.09027120365816,53.86667022705079,4.056655959522023,1.399051375950084,776.082706227022,8
3.407724582447725,-4.007882421156939,54.30478066837087,4.020201509139117,1.3991114981034218,756.3538380342369,8
3.3864227533340454,-4.029437065124512,54.980695724487305,4.019008994102478,1.3805957436561584,835.279541015625,8
3.385755541745354,-4.025513172149658,55.162911897547104,3.974447244756362,1.39268722113441,776.5092206169578,8
3.3913920977536374,-4.037902874105116,55.09212962879855,4.036522750293507,1.394287938230178,829.1614624023437,8
3.3777739384595087,-4.019166368596695,54.56491403018728,4.04357582541073,1.39334850732018,855.2137960994941,8
3.3829869592891018,-4.014172879387353,54.6422696057488,4.005882456723382,1.3896649171324331,860.8309204101562,8
3.375891012303969,-3.977779486600091,54.506765253403614,3.9399993279401007,1.4009114083121814,807.3984985351558,8
3.394940367866965,-4.0143877983093255,54.77870499106015,3.968901322869692,1.4327284756828764,742.4041906020218,8
3.4122905226314773,-4.044230001112994,53.92909375359031,3.967916842067943,1.4010918140411384,770.2214736040899,8
3.426917775939492,-4.010211291032679,54.60669589323156,3.962250935330111,1.416558153489057,845.9857716279876,8
3.417616633807912,-4.036743124793558,54.59094480626723,3.995070973564597,1.383722350176643,782.4662863338694,8
3.4114086277344646,-4.003040082314436,55.00229902828441,3.951273076674518,1.4187104141010958,882.1971830480239,8
3.4311531824224133,-4.046066452475155,54.88819028068991,4.001536055172191,1.428931718714097,845.8851684570312,8
3.400602235513575,-4.010836749918321,55.060865806130806,3.9640860136817486,1.3885380723897154,851.2313706341909,8
3.4059358148013845,-4.025430631637574,55.22402397604549,4.026123097363641,1.3861125118592204,821.6012357823985,8
3.406779837608337,-3.998902686904458,55.23142733854406,4.005574281075421,1.4034490262760837,857.1675616096046,8
3.428390418781954,-3.9767967953401446,55.03035601447612,3.987590579425588,1.44448611315559,911.6500890395208,8
3.395672565348008,-4.028982375649845,54.79918194939108,4.050059739281149,1.4047294553588416,882.590975413603,8
3.4087650299072263,-3.9813018321990974,55.46894607543946,4.032625389099122,1.3871984004974365,902.5456909179684,8
3.391818970792434,-4.012428639916814,55.08835063261144,4.008705777280471,1.3959265554652496,891.5856567382809,8
3.384497782763313,-3.985560607910156,55.26174814560834,3.9819146044114055,1.3716195036383232,922.6737828871786,8
3.3631783583584958,-4.013464352663825,55.520974215339216,4.023043380064123,1.3628794024972355,864.4523243623622,8
3.3540969175450943,-3.982506409813376,55.50871344173656,4.011490877936868,1.3643535459742826,924.5805692784926,8
3.3667544042362887,-4.059699375489179,55.12233487297507,4.053167603997624,1.306996182834401,940.1382615033316,8
3.344510493558996,-4.011365901722628,55.2628885605756,4.0530264798332665,1.3364999827216657,1000.9873255112592,8
3.353802327548756,-4.04086192074944,55.45756777595071,4.027192584206077,1.3534202512572786,995.6882672478176,8
3.3432432202731865,-3.965867701698752,56.11397036384133,3.933887299369363,1.3674677049412454,1043.58445111443,8
3.3418497183743647,-3.981018575500039,55.87680883968578,4.00234256772434,1.3509437287555026,1060.537156767004,8
3.3434984936433683,-3.9852561193354,56.17163579604203,3.9547299272873824,1.3695560988257909,1037.5570872587336,8
3.336225482996773,-4.03932277174557,55.66456909179687,4.050672647532297,1.3074341121841877,1052.1879925896144,8
3.329907518274644,-4.014670944213868,55.84939669440775,4.049836899252499,1.3338878855985747,1051.0072725183832,8
3.323612774119657,-3.963137086699991,56.74499915627872,4.018080655266257,1.3374071016031153,1063.0097763959095,8
3.31120106753181,-4.03378366021549,56.25031558766085,4.015410215714399,1.3057869588627535,1039.6299560546877,8
3.3016592881258795,-4.029781299478867,56.14285181830911,4.060007962058572,1.2924943391014547,1048.2283928366269,8
3.3039499703575586,-4.026534125384162,56.678672566133386,4.020757753708783,1.3075528565575096,1037.1493695427396,8
3.285267949104309,-4.048364877700806,56.827098464965815,4.018882155418395,1.2880654692649842,1035.261138916015,8
3.279450136072496,-4.064048851237578,56.27631871840533,4.073831025291892,1.272358410498675,1082.1106316061591,8
3.305993505085216,-4.043131634768319,55.70836809943705,4.074708630056943,1.2893671603763792,1045.1052012724017,8
3.303910973492791,-3.952203366335701,56.10369630701402,4.002700693467084,1.372479917021357,1107.1685317095585,8
3.315276434842278,-4.033079245511223,56.54462598912856,4.095545025432813,1.3128508027862098,1082.2171781652094,8
3.3210248161764704,-3.9887500005609846,56.36009409287396,4.029586303935331,1.346361987731036,1173.2078096277571,8
3.300352377050063,-3.9515983076656567,57.249479630414186,3.9911662760902855,1.3283019696964935,1109.5357306985293,8
3.272824562297148,-3.886790424234726,56.2799804238712,3.919047002231373,1.3185235121670893,1170.6430994370403,8
3.281190576272852,-3.87858023222755,57.69546692792107,3.929754683550666,1.3487396170111263,1179.576233628217,8
3.2892657336066757,-3.916851778591381,57.42824958352482,3.948722384957706,1.336446323114283,1164.8100226907168,8
3.2576020198709825,-3.971332063394434,57.13353323094985,3.9716291834326354,1.265807806744295,1128.3619384765625,8
3.2700195172253776,-4.018017600564395,57.00950510361615,3.977918218163882,1.3034698261934168,1198.9618637982533,8
3.249458510735456,-3.97028145649854,58.21706134571748,4.012321379605462,1.2613891398205477,1178.8002053653488,8
3.246545373692232,-3.960331728879143,57.495772732005385,3.905123525507311,1.315624594688414,1211.5002742991735,8
3.255220522600062,-4.0364652493420765,57.52597447563619,4.006642014840068,1.2648282121209529,1194.562553854548,8
3.282783152075375,-3.9844263104831454,57.64887201645794,4.0119591600754685,1.298011326789856,1155.985719209559,8
3.28579409683452,-4.021118332357967,57.638475866878736,4.003403502352097,1.2984630149953509,1214.30166087431,8
3.270073318481445,-4.038164043426513,57.329992675781256,3.991458129882812,1.2887976169586184,1121.2695556640622,8
3.252892785913804,-4.02348066217759,57.48479187909295,3.9972317415125223,1.2536940245067372,1194.5642420151655,8
3.237803419898538,-4.055628956065458,57.91180527630974,4.091289840025061,1.2348650469499476,1230.0495863970589,8
3.2654390994240257,-3.971196128340329,57.373568815343525,4.025838554606718,1.2866451144218445,1222.65554486443,8
3.270535623326021,-3.974291016073787,57.91176717421588,3.9623208606944367,1.3161666533526253,1242.900483972886,8
3.242175276139204,-4.031702463767107,58.052308138679045,4.006170342950259,1.2512793800410111,1269.7240981158088,8
3.2451881436740653,-4.046103067959057,58.635009092443134,4.0408181190490735,1.2602714917239015,1231.560456399356,8
3.2368953676784744,-3.944755175534418,58.45731975331027,3.956991027383245,1.245683982793023,1243.1908310834092,8
3.2024413024677947,-3.909124340730553,58.6647295783548,3.9609352336210346,1.250153617297903,1240.761511948529,8
3.225767240804785,-3.94638406529146,58.119345384485584,3.97803204901078,1.2694577469545258,1371.753141515397,8
3.2095704443314497,-3.955332310059491,58.1052298601936,4.003433962429272,1.2136404303943416,1392.6149557674637,8
3.217243334826301,-3.9911820089115815,58.29946951024672,4.057204238106223,1.210828074286966,1318.6670481962317,8
3.210863161087036,-4.040956303652596,58.28927720013787,4.05714262233061,1.1709314570707432,1402.886260627298,8
3.1922037952086506,-4.027045642628389,58.17358158335966,3.990441041834214,1.1872612469336563,1353.2446633731618,8
3.1643455028533936,-4.058265601887422,58.73124088960535,4.077711974873262,1.1375346534392414,1342.8778219784006,8
3.1834496063344617,-3.977007823831895,59.14575020285213,3.9453793581794288,1.1854941774817074,1383.058239746094,8
3.171367785509895,-3.9522830402149873,59.31341709810144,3.969976559807272,1.1836122470743513,1383.7579618566178,8
3.1631814956665045,-4.004084157943726,59.80422058105468,4.046824502944946,1.1609176397323602,1436.0045288085937,8
3.157196446026073,-3.894599084293144,58.72413060805379,3.953871353934796,1.123625776346992,1437.1566104664516,8
3.140169010442845,-3.999894485754128,59.15964990503647,3.992200458751008,1.1258653963313374,1366.9596701229318,8
3.12925877571106,-3.9439394726472727,59.38847126680263,4.0200105667114245,1.170360845677994,1459.0391515395231,8
3.130436500381021,-4.001857942693374,59.57230702568503,4.048921868380379,1.1180074684760144,1378.4508415670955,8
3.1177395820617675,-3.956950692569508,59.67383947933422,3.987624101077809,1.1764240292941823,1430.4392161649816,8
3.121164038602044,-3.893858821251813,59.789910933550665,3.968887568922604,1.141380268685958,1473.7622321633733,8
3.089535558924956,-3.881278725231395,59.90334611780504,3.93724518663743,1.1014595242107617,1503.4253791360293,8
3.0737533050424912,-3.8849235941382014,60.210187014411474,3.934582153488608,1.1513923848376555,1504.5227488798253,8
3.06988242373747,-3.974603647344252,59.88127643360812,3.9777969612794775,1.089963917171254,1479.3013255399817,8
3.06687016767614,-3.902582383155824,60.672479158289285,3.928234119976269,1.1102425785625678,1517.5327773150275,8
3.0286221111522007,-3.9657026823829207,60.66591702629538,3.966768923927756,1.0302272417966052,1456.4899040670966,8
2.9538569590624646,-4.022117853164671,60.69853232888615,3.995128428234771,0.9278026258244242,1516.1145306755525,8
2.881075443941003,-4.016480760013357,60.36086336023666,3.9654560846440954,0.8572897911071765,1584.90840992647,8
2.8201110559351306,-3.889168742123771,61.04908673903521,3.8554443892310624,0.858043803186978,1603.0047284294585,8
2.6834867140826053,-3.804088561675128,61.407067960851336,3.807206916809082,0.7824081476996925,1653.657385971967,8
2.520610608774073,-3.617126844911013,61.62016693564023,3.604804893100962,0.6486761555952184,1600.6986837948073,8
2.5595197677612305,-1.7476539611816406,62.6292610168457,1.7037839889526367,0.3131415843963623,1714.3629150390625,8
3.914294481277466,-0.5702487826347351,24.790849685668945,0.576164186000824,1.8014520406723025,839.1129760742188,12
3.8465796961928858,-2.707065606839729,38.22243444269354,2.849649527578643,2.376746366963242,202.896943248402,12
3.7046119169755416,-3.8072190096884064,40.12293904622396,3.9418322317528,1.6009968381939512,152.3734591397372,12
3.729269309477373,-3.9670559492978175,41.13701185746626,4.054603992808949,1.6284014138308438,89.20633475563743,12
3.7170012474060057,-3.902889952515111,42.04563126997514,3.9982696070815575,1.6683421308344062,173.76381706468985,12
3.724919824889212,-3.9337175903898296,43.596432425759055,4.000443104541663,1.714476206085899,85.86331916577875,12
3.7401060754602606,-3.958727051995017,44.15896960171786,4.03806455785578,1.701087019660256,93.8199400468306,12
3.737294517863881,-3.948547646493623,44.264934701630565,4.023471410346754,1.7403551014986909,-13.819947780262387,12
3.733601981943304,-4.065405527750651,45.175345380378495,4.115029699152166,1.719374791058627,-5.776775365887293,12
3.747770630229603,-4.028559468009255,45.30691972212358,4.0486910386519,1.7187107693065298,39.45033333518289,12
3.7355361851778897,-4.038590763554429,45.79092245390921,4.051767869429154,1.7087924986174612,45.33050324700106,12
3.758629687627157,-4.011035029093424,45.80722223917643,3.995213953653972,1.748862648010254,71.95319569905604,12
3.721933919733221,-3.985666092959317,46.7811713478782,4.018446358767423,1.6791642319072375,107.85208892822264,12
3.717368935093735,-3.9491574431910657,46.62247409242572,4.005923560171416,1.7034227363991017,138.23493448893225,12
3.671096767078746,-3.948597699945623,46.89483399824663,3.987444033767238,1.6720719120719216,128.79752668900926,12
3.674231637607921,-3.996301737698642,47.19822519475764,4.054766524921764,1.6549506079066882,108.0244078202681,12
3.664885864835797,-4.008126134583445,47.35256900209369,4.024537066257362,1.6429571570772112,215.8831382057884,12
3.653829893921361,-4.059713672869133,47.23286070390181,4.120229767308091,1.5862555106480916,193.3522514574456,12
3.6590057676488703,-3.897914457321167,47.77955010154031,3.928357566486705,1.7045455607500943,194.78805652965204,12
3.621435614788171,-3.935892271273064,47.93841266054096,3.921476472507824,1.6887618469469476,229.08394460967097,12
3.627821597186002,-3.9723045681462144,47.984413146972656,3.8938946218201607,1.6706480112942783,178.87423891009675,12
3.623560012470593,-4.024704074859619,47.58862977461382,4.035043118216775,1.6474936030127787,212.5283708052204,12
3.637572209040324,-3.9376940727233887,49.002020263671874,3.945447476704916,1.6584464311599731,188.37503865559876,12
3.633360409014153,-3.984019045396284,48.2811103589607,3.9644892837062025,1.6664418466163404,181.89789095791912,12
3.651962128552523,-3.9812388029965486,48.30136822787198,3.984139815243808,1.634688676487316,218.82045177112929,12
3.637891075827859,-4.020276806571267,48.98580759221857,4.024208690180923,1.6274900833765666,249.15686497543783,12
3.637188438935713,-4.032647089524703,49.09876792214133,4.053307033307625,1.5822630759441487,242.8850905909684,12
3.641589381478049,-4.009615915471858,49.27093706997959,4.039006155187433,1.639230780168013,237.58559958718047,12
3.6343818216612847,-4.053131115075313,50.82221633448746,4.077657029123017,1.6267397078600798,205.61121733694364,12
3.618349855596369,-4.03983753377741,50.17658730709192,4.040887485850941,1.6186060161301583,227.8106979832505,12
3.638033021580089,-3.9638815793124103,49.92392904108221,3.907994530417701,1.6472282301295889,259.6537503329188,12
3.64027168823011,-3.914201470577356,50.339540886156485,3.8605037934852375,1.681896142526106,183.41332804361988,12
3.612834404454087,-4.013422558524392,49.25759950117632,3.97228042718136,1.6144694104339137,239.72009147875252,12
3.633230829238892,-4.009129667282105,50.61912460327149,3.955516719818115,1.6412747383117676,281.0075744628907,12
3.623151495962432,-3.930960273742676,50.26986460830226,3.919491458661629,1.6696369994770397,355.7338136615175,12
3.610498384995894,-4.001297069318367,49.91661915634618,4.003754803628633,1.5972713340412483,372.8691526470756,12
3.607996481115168,-3.9542239622636273,50.08946255770597,3.971323693882336,1.6022334553978657,385.15349953391376,12
3.5809329885424988,-3.9766635027798745,50.15758599945993,4.023319536266905,1.524217214006366,385.5022536769058,12
3.5825459957122803,-4.061869190678452,50.08534721605705,4.072906777352998,1.5232352567441536,430.0799776944248,12
3.5668733510104094,-3.930805925889448,49.98009421608665,3.9816774801774457,1.583561351082542,409.406384832209,12
3.552217642466227,-3.9900049513036553,50.69237934459339,4.012212825543952,1.5467687483989827,360.1522965864703,12
3.553350668242483,-3.940630615118778,51.206577023592864,3.949112132101348,1.5458189574154937,331.7190527713659,12
3.544514062187888,-3.9295414014296095,51.10121085427024,3.912514526193793,1.574092908339067,468.3871221368961,12
3.524212575681282,-3.959360300410877,50.924091870857005,3.966469614433519,1.5688660896185675,457.6624106667271,12
3.5341832319895428,-3.972907702128092,50.876708984375,3.9424142519632968,1.5438943068186453,514.1887980143225,12
3.572828856381503,-3.921090667898005,51.36047293923118,3.919846534729004,1.609640414064581,536.2068370472299,12
3.536209285620487,-3.975945507396351,50.57823948715672,3.963332981051821,1.575308801911094,555.701909105706,12
3.5174712961370296,-4.077700013825388,50.53289566040039,4.027256381872928,1.4871968016479953,483.2016529430042,12
3.514581402865323,-4.039605270732533,50.61016027277167,4.077125150507147,1.4936225024136631,545.6255803888495,12
3.50560045820294,-3.979977197358103,51.23466836177941,3.9898687275973233,1.5405954910047126,559.1215912790009,12
3.4928175680565112,-3.913513335314664,51.79028112238104,3.9139303583087344,1.5423600384683318,534.9556746049358,12
3.50279990976507,-3.979545268145475,51.72639160156248,3.962871919978749,1.4922112941741932,573.7364513050422,12
3.4948506832122805,-4.022933275049383,51.68699754657168,4.029266490358295,1.5372181408333054,531.9973895448627,12
3.5140877131259805,-4.003898872028698,51.66533207748876,4.032257226019194,1.5631874221743962,586.8872295957623,12
3.5354399941184305,-4.033914609388872,51.37766633467241,4.026339903744785,1.4934543392874975,597.9126542524863,12
3.5173208713531494,-3.981665213902791,52.13426971435546,4.004708607991536,1.5226934353510544,568.2588907877602,12
3.494929242856575,-3.958513991038005,51.92545061978427,3.9456101547588007,1.541096162796021,725.0026000976562,12
3.485963370583274,-4.007573292472146,52.5056415904652,4.053822898864746,1.52820537740534,679.6707974520597,12
3.4737930875836,-4.083576170603434,52.60820289380623,4.055562883434874,1.4911629510648323,678.8089862245502,12
3.507010721437859,-4.0572429541385535,53.17055839769768,3.9868946277734,1.4994773250637634,600.0978156812264,12
3.4994289008053867,-3.961222518574105,52.46702124855733,4.037699439308859,1.4714744416150174,703.4838700728002,12
3.520637866222497,-4.0175424344611885,52.41515239368785,4.011032861651795,1.5245966564525268,691.3150764234149,12
3.5080704139940666,-4.100556096163662,52.8606013211337,4.0932460293625335,1.4964619427016286,675.4785833185384,12
3.47237624688582,-4.025753671472723,53.2333208951083,4.053960774161598,1.486584615707398,698.5861494584512,12
3.473763848796035,-3.9316992701906153,53.3362581426447,3.966307251381152,1.495634623007341,664.5297966234609,12
3.474175901123972,-3.980788238120801,53.22534202806877,3.975097453955448,1.4888195847020005,700.3284190784797,12
3.42945408821106,-3.952429056167603,52.849168395996095,3.949574708938599,1.455897164344787,710.5471801757816,12
3.4416912266702364,-4.046978207790491,53.37124511256363,4.023738729592526,1.426489774386088,720.1084653912169,12
3.4457116011417277,-4.028903738657633,53.195535162723424,4.018755675807144,1.4655395327192364,673.9383156516335,12
3.4550321925770158,-4.098716813867744,54.12777460271664,4.085052221471614,1.4531949390064591,696.8891657049007,12
3.457498680461537,-4.119190013769901,54.3096256834088,4.059934139251709,1.4326201857942522,640.4966282700041,12
3.4612026994878597,-4.043656554366603,53.030511335893095,4.006333929119688,1.4608669512199637,672.6701545484134,12
3.4769774566997182,-4.057667342099276,54.02415757612749,4.003111050345681,1.459230984341015,631.3252408114337,12
3.4733689553809888,-4.004069276289506,53.234729743726334,3.998059584877708,1.4302567330273717,754.9654086026276,12
3.44265779726433,-4.120804798241817,54.30402445937648,4.102496580644087,1.4184142741290005,756.5557931611035,12
3.44221847707575,-4.089028445157138,53.40103288130327,4.11323915828358,1.400782054120844,763.3448541814635,12
3.4308150710481584,-4.109049958893747,53.43158326582476,4.072015100536924,1.4028922095443266,735.1431592536694,12
3.447294267018636,-4.058997631072998,53.62326532999674,4.009847799936931,1.4587892929712931,725.9732462565104,12
3.4321959278800267,-4.042657522721724,53.48707247647373,4.025870730660179,1.453290757265958,758.2826138583099,12
3.4448390093716705,-4.104995531024353,54.00992813110351,4.100429297938491,1.434412621006821,770.0383393258766,12
3.4202032089233394,-4.045533498128255,53.39241259025803,4.045891053748854,1.437138066147312,749.20859411991,12
3.4255341226404368,-4.0366857615384175,53.47043581875887,3.983274429494683,1.4526208422400746,800.0978593306126,12
3.434125212467078,-4.051643016121605,53.80798166448419,4.026582183259906,1.4151710589726767,866.6356356534088,12
3.419412425070098,-4.093114945382783,53.82966322465376,4.043313283631296,1.3882480982578165,796.4271007191055,12
3.4067082838578653,-4.058888721466063,53.92462768554689,3.9918718424710384,1.3904036456888376,769.9328735351575,12
3.4024630026383837,-4.024623552958171,53.684672384551085,4.021342133030747,1.414726452393965,865.8863747336643,12
3.3817351586890942,-4.0449343363444,54.10224521521367,4.047304459774133,1.3862044341636424,786.0962058327415,12
3.389201125231656,-3.975071300159801,54.771894281560726,4.00576398155906,1.3733527530323375,768.3623279918324,12
3.3666556676228843,-4.010015551249188,54.2126843770345,4.024210961659748,1.36550583044688,765.3308390299471,12
3.392404183474454,-4.027392528996323,54.52752544518673,4.0476602178631405,1.3773296103332984,827.2729037198153,12
3.368337501179088,-4.004422556270253,54.45356611772018,4.061309120871804,1.3491824540224946,899.1951737837355,12
3.3676746715198864,-4.04928551009207,54.77536417643229,4.096304514913848,1.400266841686133,926.1344911517524,12
3.364697428905602,-4.124013776490184,55.193660597367725,4.109740575154623,1.3108675718307494,880.3004612778163,12
3.3882092649286446,-4.05717097195712,54.81252767389469,4.081974627754904,1.336613923853096,874.953943980825,12
3.359762527003433,-4.038474082946778,55.05707381277374,4.005836605303216,1.3560197461735115,946.8275464607008,12
3.376340988910559,-4.077459436474425,54.45928550489023,4.022784955573804,1.3358614553104748,942.5414169773894,12
3.349024920030073,-3.9969688588922674,55.11879612315785,3.968179009177468,1.359820025617426,989.0737637606536,12
3.3522296891067977,-4.025270625316734,54.99583372636276,4.013027280749696,1.3370251200415886,1036.920490796638,12
3.3557031949361167,-3.930486550475612,54.6696945884011,3.9228115544174655,1.3517801400386926,991.864140551018,12
3.361791276931763,-3.9994884490966793,54.771392059326175,3.9915292739868167,1.3845501184463502,962.7616088867176,12
3.3430053537542173,-4.049306927305279,55.34309641520182,4.065769166657419,1.3782863183455034,965.8169648141576,12
3.353571438066888,-4.004658401373661,55.72949866092568,4.000351004167037,1.390733489845739,951.0468110055624,12
3.3761319507252106,-3.926493137533011,55.13164222023702,3.941232520883731,1.4040311076424363,1036.6807262073892,12
3.37533987941164,-3.979631370486635,55.50383212927616,3.9501852729103786,1.4229013601938885,1021.7982103752364,12
3.3613527182376752,-3.91822360501145,55.67819183811999,3.9433638616041713,1.4048268542145237,1075.7705240885396,12
3.3652609044855293,-3.913364692167802,55.73160934448242,3.958113496953791,1.4213450496846982,1001.1540638316764,12
3.356853485107421,-3.952557269009677,55.98422479340525,3.927172406514485,1.4302639274886155,1014.3397357362684,12
3.3450413212631687,-3.9885033809777455,55.887744695490056,3.962485813372063,1.3726894039096251,1076.8188424775094,12
3.3585756908763544,-4.023659628087824,56.16237217296252,4.003479515422474,1.3464365200562916,1031.5031605113638,12
3.340227462306167,-3.937987310236151,56.32981435602362,3.983762628381903,1.3914932749488134,1050.3143946792138,12
3.341951290766397,-3.989643891652426,56.11279678344727,3.979013442993165,1.366167028745015,1113.0364990234382,12
3.3466360959139734,-4.057545436512342,56.19904258034451,4.102533652565699,1.3216185157949254,1065.5934858842315,12
3.3266376538710163,-3.9921175292043976,56.27438063188032,4.016990103866114,1.325666912396749,1061.2949189157198,12
3.326696927619703,-3.942691930135089,56.12933543812144,3.94127310839566,1.3313033010020412,1146.2724135890155,12
3.315070919557052,-4.075544981522993,55.28665979558772,4.00620216889815,1.3136620911684902,1109.6781005859375,12
3.3260409398512416,-4.048716126066263,56.31227192734227,4.035239284688774,1.308146079381309,1141.6474831321011,12
3.3546014684619325,-3.9903160456455113,55.908088476007634,3.998257011355776,1.352119060718652,1077.5091493548769,12
3.3374413100155915,-3.993124112215909,56.18541134920987,4.000738976218481,1.3436891295693134,1129.2671542080973,12
3.33104003125971,-4.030537102439187,55.97771941676284,4.054715587153579,1.3301154815789424,1121.002198005445,12
3.3216509371092826,-4.063290327245539,56.37766323667585,4.056049014582778,1.305902757789149,1154.2620760830966,12
3.3310265541076656,-4.0223007202148455,56.68851991133258,4.022126414559107,1.3638827150518256,1155.205377752131,12
3.330799516042074,-4.015404589970905,56.42887115478514,4.003601010640461,1.3604979276657114,1104.8092610677086,12
3.310764055541067,-4.072347010988179,57.21009322657731,4.048599907846164,1.3286354881344429,1130.0048073508522,12
3.338232955065641,-3.9953612414273354,58.229958412864,3.988755442879416,1.3177273598584267,1158.371244673295,12
3.3061818093964552,-4.057270671382095,57.221295882716326,4.086840311686199,1.29162252888535,1135.3075091737685,12
3.299386602459532,-4.034759116895272,57.02655641960376,4.06569209243312,1.308400146888964,1158.0900545987213,12
3.310874683206732,-4.086351975527677,56.975376545299206,4.126710813695735,1.3058560739864002,1121.8460737748555,12
3.332599190509681,-4.046817418300744,57.447594567501184,4.118643306963372,1.3481111627636535,1071.8466500946968,12
3.307999048811017,-4.000160941210662,57.88863351995296,4.084932292591443,1.3462286934708096,1131.136504202178,12
3.3273799982937904,-4.096948892419992,57.555797507546174,4.10849487998269,1.3260074680501766,1093.7122935901978,12
3.329158371145076,-3.9956132426406383,57.90057430845318,4.038073828726104,1.3749094659631902,1143.6502463600882,12
3.297641009995432,-4.082374223073326,57.92294434056138,4.097346632408375,1.2805994575673874,1164.6585678562988,12
3.2918857574462894,-3.987566661834716,58.33072662353516,4.0468419075012205,1.3119994640350343,1179.0259521484368,12
3.297726712082372,-3.921720279346812,58.12265363751036,3.932867657054553,1.335508871078494,1182.400467566286,12
3.2719602873831084,-3.958070052753796,58.03921867139412,3.99768526915348,1.2681435982386269,1165.0145374644885,12
3.24640982801264,-4.0173252929340695,58.4584565596147,4.036147117614747,1.2554578130895444,1189.1776123046882,12
3.2667019309419576,-4.040855188080759,58.27458953857422,4.047930096134995,1.2912119215184992,1185.499180279356,12
3.2653610489585176,-4.018455011194404,58.30087876753373,4.0719563888781005,1.25701321327325,1244.7899480646313,12
3.253594467856667,-4.067633490128952,58.26129413951528,4.038467910073021,1.243721877444873,1208.692695756392,12
3.261014671036692,-3.9897790273030576,58.21772479433002,4.0380688898491135,1.298159608696447,1297.0968505859391,12
3.2601763624133486,-4.006897406144578,58.47966685439601,4.029436776132295,1.2354998335693808,1275.949181758997,12
3.2625286969271574,-4.004383685372093,58.68006258877842,4.044736446033825,1.238884238763289,1267.410726651278,12
3.250468394250581,-4.02328492077914,58.52432664813417,4.06401513995546,1.2208311955134086,1303.3005193536928,12
3.216586875915527,-4.03813943862915,57.81033248901366,4.027523326873779,1.1994370698928831,1272.8671793619792,12
3.2770420031114056,-3.960092215104536,58.07006933038885,3.965232346274635,1.211250547929242,1340.965178888496,12
3.2637651183388448,-3.931697722637292,59.048746744791664,4.001277461196437,1.2024010781085852,1372.0369281190815,12
3.2218815052148067,-3.938856970180163,58.7855299284964,3.9340497118054,1.2128977457682302,1358.6298362038349,12
3.2031080549413504,-3.981802272796637,58.38399789983578,3.9868217381564097,1.178295584158462,1300.9774236505652,12
3.1862884637081264,-4.0922084345962055,58.53432559389057,4.127859462391246,1.1258274280663698,1344.9462920217802,12
3.1822530804258395,-4.047565700068618,59.32018837206295,4.045060258923155,1.1097770719817177,1358.678969874525,12
3.1751774657856333,-4.01420935717496,58.46370454268023,4.05536868355491,1.150631026788191,1330.260276100853,12
3.1487215793494028,-4.005227721821177,58.90281883008549,4.08618104241111,1.133431042324414,1337.8086803089502,12
3.1328656687881007,-3.985229814413822,59.1111379218824,4.030704374024362,1.1172286488793113,1355.5844504616484,12
3.134080032868819,-4.052541611411355,59.17850674715909,4.065127260034735,1.1348345951600518,1391.0230490944589,12
3.1261727650960287,-4.054733753204346,58.78436152140299,4.063244279225668,1.138722022374471,1345.077587890625,12
3.09524307828961,-3.9302430008396985,59.58495515765565,3.97796882282604,1.066063544966958,1367.0385520241473,12
3.0793649109927097,-4.061671187660907,58.92420966408472,4.03226655613292,1.0606692249124705,1349.7593017578113,12
3.081316894473452,-3.9657707113208183,59.69478412974964,4.03694960565278,1.072169143503363,1377.1865315755208,12
3.0714653246330506,-4.025554000970087,59.7368708755031,4.035736612840128,1.0360708280043176,1437.427797999526,12
2.9929144772616296,-4.0058870662342425,60.08903905695135,3.9646334127946345,0.9956784356724128,1414.3558149857952,12
2.950093153751256,-3.9856004064733344,60.36161226214785,3.976467941746568,0.9562124122272834,1432.7868245442698,12
2.861229289661754,-3.9223865335637873,61.09337768554688,3.9401444001631294,0.8605355479500503,1410.5515573212592,12
2.807551921497692,-3.9468695553866295,60.96773099032316,3.964923381805421,0.8211867679249153,1488.9685680042614,12
2.6879784020510584,-3.967210706075032,61.25325511585582,3.986305980971365,0.7162962104334972,1513.890778142756,12
2.635475956309925,-3.908797813184332,61.79539609966856,3.8557577899008058,0.7361598354397385,1507.4235381155318,12
2.520607709884644,-3.958555459976196,61.23014068603516,3.867899417877197,0.6293050050735474,1485.22998046875,12
3.9053215980529785,-0.5526660084724426,24.41413307189941,0.5001651644706726,1.7072480916976929,904.3800048828124,22
3.822658214261455,-3.0023436715525964,35.77022407285629,3.116076029500653,2.2256866270496,310.4503226987777,22
3.68646984869434,-3.965149874841013,40.67339339717742,4.117179366080991,1.560483781753048,267.0774341214088,22
3.692318965542701,-4.049251870186098,41.93540917673418,4.174183531730406,1.5638349356189851,236.99645425119704,22
3.728569069216329,-4.002395669875607,42.6083621855705,4.151955103105115,1.6693589487383442,198.8236483666205,22
3.740695268877091,-4.058085933808357,43.26375481390184,4.141131739462575,1.7206675352588776,150.50902040543093,22
3.755865250864336,-4.0559104304159845,44.03050153178553,4.144831251328991,1.7393213295167491,209.6383220057334,22
3.7712598308440177,-4.03453403903592,44.28085592946699,4.109996761814241,1.746970675068517,193.5539863832536,22
3.760444330400036,-4.004951835447742,45.53804321289063,4.105755049182523,1.7955115056806994,109.74266825029927,22
3.735114242184547,-4.0478561616713,46.14942855834961,4.075976544041787,1.7521224144966372,152.93252642231602,22
3.742118089429794,-3.9705447381542576,45.96872748098066,4.048341628043882,1.7684889224267777,157.97080058436242,22
3.7372971319383193,-3.9475380789849055,46.37023869176065,4.018929583026517,1.7212931340740574,213.9644513530116,22
3.733443543218797,-3.925916753276702,46.98330518661007,4.03277744477795,1.7629756366052936,204.42456586284013,22
3.71592765162068,-4.050997491036692,46.75775833129883,4.05551974081224,1.752944681721349,181.3355978688886,22
3.704692271447951,-4.081703905905447,46.85238492411952,4.066478387771114,1.6767204153922295,213.0027066138483,22
3.6963567810673865,-3.970896174830775,47.40490107382497,4.001542345170052,1.7077939664163897,217.9663351735762,22
3.692955101689985,-3.982617950439453,47.20969582834552,4.0346472586354905,1.736059821036554,236.39424674741684,22
3.675061990368751,-4.016061349068918,47.31791487663023,4.015505449233516,1.731429446128107,242.8989570863784,22
3.677515706708354,-4.011458080045639,47.01977994365077,4.0671099724308135,1.7255272511513002,237.9158004268524,22
3.660205691860568,-3.989316065080704,47.15486049036826,4.046719649530226,1.70156888961792,198.8413627378402,22
3.663638138001965,-3.9748584301240975,48.167335018034905,3.995153473269555,1.7431165787481493,296.5522332960561,22
3.6439469075972033,-4.018355655670166,48.89946508099956,3.9953815075658974,1.6375457125325357,370.726981279927,22
3.648042017413724,-4.023140184340939,48.73213368077432,3.9967896338432074,1.643700478922936,297.2052559145036,22
3.6375033117109727,-3.96826430289976,48.26013353409306,3.947007259245842,1.6503197616146457,281.8351718041204,22
3.64528443121141,-3.9428749269054784,49.877120134907386,3.920789291012672,1.6931440161120506,265.98153647145926,22
3.633374706391365,-4.006711175364833,49.15445364675214,3.984641505825904,1.5856174961213143,322.366170575542,22
3.624648803280246,-3.884121973283829,49.11966028521138,3.9322422565952415,1.606622253694842,385.2085470876385,22
3.6207396861045593,-3.9761900255756992,48.78616384690808,3.949295796117475,1.6155950700083088,283.73394637569294,22
3.598917856524068,-3.9381019869158345,48.92296656946982,3.9254705413695303,1.6522423951856553,265.6289651193926,22
3.590747311807448,-4.0197302003060615,49.699334741407824,4.015686344331311,1.609000846647447,311.2255518759451,22
3.61436640831732,-4.046466304409888,49.70832258655179,4.07340145111084,1.6617898210402458,349.189463953818,22
3.549426794052124,-3.9573132514953615,49.81924743652344,3.942835998535157,1.5968804359436035,342.9972473144532,22
3.572205417386947,-3.980735154305735,50.442801370928365,3.9086965160985145,1.639439284416937,344.6427220498361,22
3.595762631200975,-3.969758778233682,50.24802674324282,3.989072633558704,1.6398661236609184,349.43392196163046,22
3.5729439320102814,-3.902472899037023,50.15792553809381,3.928526815291374,1.6033081285415156,396.9331848144529,22
3.5644146165540143,-3.969910944661786,51.1013190977035,3.987512142427506,1.593006641634049,341.5794943532637,22
3.5424284319723807,-4.002138279330346,50.85061259115896,3.930309446396366,1.5320528614905573,337.3973882859754,22
3.556095846237675,-4.006806056730209,51.67606602330362,3.9073389114872095,1.6135315433625252,328.0670723207534,22
3.543086794883974,-3.932404755007836,50.74961926860194,3.9326493893900234,1.5990271468316355,443.11107669953367,22
3.5509780237751625,-3.991720030384679,51.193155670166014,3.96175266081287,1.6186915213061923,407.1813261955017,22
3.5449259434976885,-3.951597013781148,51.228458404541016,3.952162365759573,1.5719394414655623,434.28763211158,22
3.529433968759352,-3.980109599328808,50.92095730689264,4.012655061291109,1.590005736197194,437.3478261640009,22
3.519961155614545,-3.955801157797537,50.54660715903005,3.9793309580895206,1.5456258512312369,488.0822655462447,22
3.502036505360757,-4.015227770036266,51.01678004111013,4.0025910608230095,1.5243623372047177,515.357888498614,22
3.522108182599468,-4.018882976039763,51.32643961752615,4.0073879426525485,1.574818775730748,451.9844637963077,22
3.4838713984335623,-4.031786641766949,51.18065631005072,4.030547372756467,1.5131516687331654,414.8549912975684,22
3.490255841901225,-4.037011780277376,51.64762632308468,4.081343152446132,1.4760320217378675,447.1326634560862,22
3.497868707103114,-4.045535041439917,51.81794896279612,4.039179749642648,1.5035278504894631,498.2693388908139,22
3.505495902030699,-3.9577020737432655,51.74642134635679,4.006183125895839,1.541428389856892,524.0834185200354,22
3.488110257733253,-4.008637219090614,51.2113718832693,3.9935207859162354,1.516462972087246,539.4955767231594,22
3.524245792819608,-4.02247102029862,51.35692571824597,4.030082571891047,1.5211017939352218,546.7246979744205,22
3.4971438684771137,-4.016600630360266,51.374541030391576,4.065431527168521,1.521879808364376,607.9529678836942,22
3.479094128454885,-3.955522097310712,51.73723553073022,3.966976837958059,1.5002841334189136,596.3794996692287,22
3.4806222854122044,-4.012889103735646,52.0251188216671,4.036959023629465,1.4846347462746412,621.4004792244207,22
3.465560131688272,-4.007897057071808,51.776854435090094,4.06637027494369,1.486527420628455,605.6947970482611,22
3.482338597697596,-4.096056445952385,51.60984445387317,4.0768212656820975,1.498055584969059,565.5382690429683,22
3.4682281970977784,-4.035686360636065,51.5542721163842,4.070075001255158,1.4854989867056572,620.8934582125754,22
3.4927917172831875,-4.012740159803822,51.9515490378103,4.013214274375669,1.4826863496534282,655.2049225837967,22
3.4754276429453204,-3.9494430818865376,52.79109844084709,3.9468744770173103,1.503825318428778,661.6559881394909,22
3.4818847625486318,-4.033706031307098,53.21473799674742,4.031484545430829,1.4628997125933243,599.6830578219507,22
3.456212520599365,-3.97635752924027,53.20802577849357,4.035281596645232,1.459119777525625,691.2932581747734,22
3.458662599132907,-3.9600456760775655,53.67782905332504,4.048590195563532,1.4633238000254474,688.8844462733115,22
3.45605092048645,-3.962631607055664,53.08055877685547,4.02136173248291,1.4601091146469118,723.776672363281,22
3.4458978975972823,-3.960115506572107,53.8209100784794,4.03145449699894,1.4515500284010372,607.4195284935734,22
3.464073817960678,-3.920518785907377,53.7437616409794,3.94531525950278,1.5180953264236454,661.9759234028479,22
3.479313573529644,-3.962955405635218,53.67868694182365,3.97295404249622,1.5285223299457182,635.6390124905499,22
3.447929660735592,-3.9380132152188208,53.65156816051852,4.012550923132127,1.501000013659077,641.6589091639364,22
3.418865859123968,-4.062958265119984,53.39395486154864,4.045508320100846,1.4540530327827696,677.351762144027,22
3.4414654239531486,-4.073400303625292,53.71517461961315,4.068701716392271,1.4303588559550624,694.0773283927672,22
3.434336333121023,-4.040201362486808,53.50151628063572,4.001855862525201,1.4476921096924815,767.4975912770926,22
3.450811416872086,-4.006847073954921,54.00552934215914,4.025642933384065,1.479501408915366,768.2274425875758,22
3.418943457449636,-4.062058381111392,54.182948598554056,4.04461769288586,1.4079795429783484,709.2506816248733,22
3.426517105102539,-3.9398863084854616,53.422965018979966,3.932276318150182,1.4755817021093065,782.0296957692793,22
3.4506865824422537,-4.002010302389822,53.72991512667749,4.022195499174056,1.433566791780534,777.0172564106603,22
3.42472967947683,-3.8846059014720296,54.17201656218498,3.913509607315063,1.5106406265689485,891.3539058562255,22
3.390333306404852,-4.057567565671859,54.26100109469506,4.044904816535212,1.3903655313676404,756.1722510553175,22
3.4303840929462064,-4.0864113869205605,54.8205199456984,4.099196474013791,1.3958649543023878,743.1699403824342,22
3.421238036309519,-3.984222696673486,54.36122429140151,3.9964035926326624,1.4753678321838382,811.7068253055704,22
3.4110902309417725,-4.020261915268436,54.6386730563256,4.069766050769438,1.4583342321457398,798.8971407982615,22
3.413344912375173,-4.027521159571986,54.24875926356162,4.053558121958087,1.423346254133409,790.1969305223035,22
3.4059181367197344,-4.003733865676388,54.217166900634766,4.015975413783904,1.3968446562367105,829.6475574124244,22
3.3943678256004084,-4.011468216680712,54.710089997322335,4.019214482461253,1.343848022337883,886.2574226625499,22
3.395092116632769,-4.020975752799741,54.280554912936296,4.027842398612728,1.3936633240792051,850.3311684885335,22
3.370568609237671,-4.028716494960169,54.48112876645981,4.09308301248858,1.3327917214362857,870.3474944083916,22
3.380883684465962,-4.097872214163504,54.87765493085308,4.065970663870535,1.3143020583737282,921.52276375063,22
3.361387445080665,-4.046123258529172,55.1093260242093,4.051515379259665,1.3340671100924075,943.0647602696566,22
3.354532614061909,-4.0473705107165925,54.53804272067162,4.132286268664945,1.3466621975744926,890.4441185735885,22
3.390687454900434,-4.0011409605703046,54.926687179073205,4.048262516144783,1.4452862724181144,904.5464753181705,22
3.3934887855283677,-4.056531460054459,55.55869775587512,4.075363995951991,1.397446836194684,902.121212670111,22
3.3873184757847943,-3.974296406776673,55.62643223424112,4.0316167892948265,1.4460933862193948,978.0180805821574,22
3.4088618216976045,-4.029606603807018,55.70115009430916,4.0826475697179,1.4650598995147226,961.7582141507064,22
3.403498278894732,-4.052778945430632,55.21901387860698,4.020404846437516,1.400447195576083,1049.1457716418852,22
3.4242105791645665,-3.987011711059078,55.64046936035156,4.009273307554183,1.4422066811592344,916.074058877268,22
3.386552619934082,-3.998437786102297,55.35894393920898,4.075189971923829,1.3672539949417106,1009.2629516601552,22
3.371804661904612,-4.048876790077453,55.497914345033706,4.07810995348038,1.389530690254704,962.638966812627,22
3.3823907144608034,-3.948963326792563,55.88774071970293,3.951204215326616,1.4344199434403453,984.4203294323336,22
3.383909676151891,-3.995017153216946,55.8165400597357,4.013630325563492,1.434903823175738,954.6931813886088,22
3.3492848780847364,-3.960173126959032,56.09997506910753,3.967999182977984,1.41463930606842,942.789313334804,22
3.3819471620744275,-3.925321754332513,56.42506657262001,3.992581321347144,1.4175983444336926,978.9849239226336,22
3.354884942885368,-3.9188428294274114,55.53801419658046,3.9846287450482767,1.351919339549157,1081.139968970514,22
3.3362520048695226,-3.960792726086032,55.66693472093151,3.9773600870563137,1.3730757428753764,1077.2408486643144,22
3.3635532563732515,-3.9330380009066666,56.18475391018776,3.997335478567309,1.402380822550866,1011.9280186806958,22
3.3635017364255844,-3.9952380303413664,55.87886857063539,4.013912723910428,1.3427213676514158,1087.313929403981,22
3.338459407129595,-4.000886452582575,56.86232600058279,4.080778758756576,1.341569793608881,993.2203629032256,22
3.338861851538381,-3.970510510475404,55.81818375126008,3.974013506981634,1.2960237341542395,1061.714015246976,22
3.3366138550543014,-3.830928748653783,56.615048193162494,3.868667410266016,1.389488966234268,1103.6532888104828,22
3.3167275628735937,-3.971188531383393,56.47450280958607,3.989528817515219,1.2918745948422323,1082.8116691343237,22
3.326186660028273,-3.940316251016432,56.350932361233625,3.9430239615901823,1.3136526384661271,1109.2625685168848,22
3.3080775783907983,-3.9293646043346784,56.5399529487856,3.95773354191934,1.336278840803331,1076.6020279422885,22
3.3309544286420274,-3.964613119248421,56.64724507485666,4.014904526741273,1.3252406420246254,1095.1512081023177,22
3.289514387807538,-3.9985126372306574,56.73642176966513,4.0380415608806,1.2806365413050498,1077.6014994959671,22
3.32010885976976,-4.031023117803758,56.308220771051225,3.990575135138728,1.3020807996872932,1148.136281659526,22
3.308768101661436,-4.059155919474939,56.8234512082992,4.076649456639442,1.3125042453888924,1116.486904611896,22
3.306824353433424,-3.907730276353897,56.75409932290354,4.009290079916677,1.30657824854697,1185.11527532762,22
3.311700228721864,-3.9876708522919673,57.523000606413845,4.011681993546024,1.3236113563660656,1187.3417850617427,22
3.308927374501382,-3.975871570648686,57.70909770842522,4.002409919615715,1.3087389776783602,1189.4956802860384,22
3.329325152981666,-3.973480679911952,57.50954351117534,3.9774008827824745,1.340693182329978,1151.279391381049,22
3.30333224573443,-4.0066646083708735,57.31755619664346,3.991176089932842,1.327087211608886,1144.841881142893,22
3.331693832335934,-3.971730223009663,56.94799196797033,3.997205568129016,1.3703426176501874,1176.5050442603324,22
3.328565735970774,-4.044209514125701,56.47436890140656,4.041875546978366,1.312905316968118,1136.9848687941028,22
3.305743678923576,-3.9505364202683975,56.12513019192603,3.942842275865616,1.293312484218228,1187.811086347026,22
3.2758725504721355,-4.042766697176043,56.30938100507183,4.063797581580379,1.30677710040923,1151.2010726436488,22
3.32024165891832,-4.059091623367801,56.90273390739197,4.039280679149013,1.3288975369545732,1160.753922001007,22
3.3089992553957046,-4.030876956447478,57.18356296170143,4.052773810971168,1.3251057140288816,1131.1556987147178,22
3.3241895198822022,-3.966757297515868,57.35738830566406,3.9444264411926255,1.3352945089340214,1163.6278808593754,22
3.308069259889664,-4.064360280190745,57.95277946226057,4.010384498103974,1.2933261009954629,1178.2309885332668,22
3.276599561014483,-4.016195918667701,57.21953659057617,4.017600976267169,1.2745879557824902,1137.1628433719748,22
3.2901579318508025,-4.059158349806262,57.85189327116935,4.082870197296143,1.2788577941156205,1150.0766333795364,22
3.26842563075404,-3.970996915140459,58.27411474412487,4.071538682137766,1.293750862152346,1239.4001275831658,22
3.28568091700154,-4.016484645105178,58.29437012210968,4.099687231740643,1.2690178102062597,1181.6199793661783,22
3.2725295635961715,-4.01080729884486,58.35444825695405,4.075234382383285,1.2096256632958668,1214.786109185991,22
3.243425489241077,-3.9677171076497726,58.85658109111171,4.000795358227145,1.2503699487255466,1214.1767121345763,22
3.2555927999557985,-3.998531509214832,59.23374993108934,4.022463936959543,1.2661860073766402,1282.0451234879029,22
3.271058850134573,-3.9238042385347383,58.65968116021924,3.9498413362810663,1.3014991398780584,1328.525688319054,22
3.233048528240573,-4.024438522708031,58.48810474026587,3.976617045556344,1.2844895508981522,1245.027183877269,22
3.230276892262121,-3.925559120793496,58.70962241388136,3.8837883626261065,1.2649724329671552,1302.4821816721271,22
3.2281433151614283,-3.941862384734616,58.66558193083733,3.923006380757979,1.2966628005427694,1261.686033581149,22
3.249701175382061,-3.933744455152943,58.675876026768826,3.9864204898957287,1.2725116022171503,1340.421066973288,22
3.237484873494794,-3.920633511389454,59.14990962859122,3.9715993650497934,1.211105869662376,1349.1572525516651,22
3.234238209262971,-3.943553653840096,58.562891781714654,3.9428638904325424,1.2152395940596057,1312.9919205204133,22
3.237139840279856,-3.889763155291159,58.86146188551379,3.901249016484908,1.2439023371665705,1371.2477279170862,22
3.204754017245384,-4.003710685237762,58.70822015577749,3.963564815828875,1.1894707087547542,1326.2784171811998,22
3.1997125671755886,-3.972293161576794,59.04678430864888,3.962087592770976,1.2321098666037291,1314.4931656376002,22
3.147474807308566,-4.019887730383104,58.41329749322707,4.031067709768972,1.1353466979918942,1381.1413046559978,22
3.1778910667665543,-4.041946389598231,58.84529332806987,4.104573308267901,1.1716875791549684,1432.183017263105,22
3.1095900227946625,-4.0080131638434615,59.11882117486769,4.029070708059495,1.125623495348039,1451.2201203377026,22
3.0865179707927086,-4.004389439859699,59.27501575100807,4.0389269121231575,1.0909912816939804,1416.2117723034276,22
3.0612934712440736,-3.9928924683601625,59.305040814799646,4.009044281128914,1.0720371154046828,1453.127198840726,22
3.055384289833807,-3.930350375944568,59.46912169917938,3.934919286543322,1.0714302032224592,1499.6961197391631,22
3.053106298754292,-3.937970733642579,60.14179392168599,3.924748877556094,1.044122382133237,1528.8575667842736,22
3.0148555078814105,-3.9637972078015737,60.17133355909778,3.978809771999237,1.0132380916226291,1569.5346246534775,22
2.960247439722861,-3.9889124716481854,59.535281618179816,3.934124872761388,0.9466024337276336,1558.4336102885584,22
2.85756250350706,-3.940290932501516,60.69905301986201,3.95850767935476,0.8976476692384283,1554.499497542843,22
2.737254899547945,-3.862514489696873,60.811521444013046,3.8656778366334983,0.8149159662185166,1575.6146838772677,22
2.605732019485964,-3.879577190645283,60.846107015302096,3.874273529360376,0.6743174829790635,1590.374736170614,22
2.4608891010284424,-3.7452237606048575,61.326358795166016,3.717090129852295,0.6406424045562744,1634.4656982421875,22
4.028034210205078,-0.2585130333900451,23.19746208190918,0.2430270910263061,1.5197426080703735,580.0321655273438,26
3.850711820941222,-3.1352946601415934,35.57056883761757,3.18255500573861,2.3014959434145377,77.95374217786286,26
3.659286589998948,-4.085099320662649,38.40079076666581,4.091916611320094,1.5811446889450675,55.6445950959858,26
3.701936778269316,-4.112190083453529,39.579944359628776,4.089938057096381,1.5955868590819209,59.56905364990234,26
3.687357814688432,-4.055201655940006,41.67037321391859,4.099652629149587,1.6078296460603412,40.45914459228514,26
3.698631361911172,-4.080860483018975,41.83761451118871,4.08944949350859,1.6764956932318835,9.621852774369046,26
3.728179018748434,-4.061482611455416,42.40158527775815,4.056495371617769,1.7540600033182847,-44.83890774375522,26
3.699023712622492,-4.044147918098851,43.993871437875846,4.078370985231902,1.7057613863756782,-0.0833594673558764,26
3.708544555463289,-4.027081815819991,43.66472204107987,4.051083840821919,1.7220276970612376,-24.739124247902343,26
3.710297024563739,-4.000299941552313,43.73711623643574,3.989835815994363,1.716060716070627,4.976646122179522,26
3.699126852186103,-3.96204297793539,45.492655302348886,4.002318366577751,1.729733834141179,9.600686901494168,26
3.70387464761734,-3.9129968316931474,46.388027341742266,3.901314992653696,1.7148325686392032,53.106860110634166,26
3.6823276595065466,-3.9782145838988456,46.21637233934904,3.9890791177749634,1.696076938980504,126.83574817055155,26
3.648701637983322,-4.09002916750155,46.31425777234529,4.130018278172142,1.6253217113645453,78.06005096435551,26
3.659118646069577,-4.030029209036576,46.81786190836053,4.08399328432585,1.677675458945726,95.1176978663394,26
3.658448007545973,-3.952750389513216,47.43122946588617,3.990621839698992,1.6669410647530305,121.84733777297184,26
3.662991009260479,-3.944795395198621,47.21702254445929,3.9742744094447087,1.6812330045198138,68.61119089628527,26
3.671421303560859,-3.999001465345684,47.44234401301334,3.988202040132724,1.6762227910129648,179.78163146972656,26
3.656129444900312,-4.0477042951081925,48.54209478277909,3.986795303068663,1.6588714342368276,109.86203534979572,26
3.639802068471909,-3.958646476268768,48.286524295806885,3.9706408083438873,1.6604271829128263,205.82260131835935,26
3.629339763992711,-4.0544054382725765,48.84239287125437,4.039020036396227,1.603498841586866,120.1263951753318,26
3.610894709825516,-4.021251725523095,48.62939342699553,4.017204833658118,1.5759590448517549,192.051409269634,26
3.611566383587687,-4.08798338864979,49.11256609464947,4.046424144192746,1.572281878245504,115.72631123191417,26
3.628375825129057,-4.10577814829977,49.321643327411856,4.115953749731967,1.598694278221381,131.7761266106053,26
3.616400279496845,-4.082335572493704,49.49569400988128,4.103569131148489,1.6026473170832585,156.22778802168986,26
3.602838484864486,-4.029313498421719,50.06544600035015,4.089342600420902,1.594690901668448,207.22669179815995,26
3.5898700450596053,-4.071555821519149,49.802514026039525,4.1151131454267,1.5844247654864665,303.2704355340256,26
3.5750264368559184,-3.976468961489828,49.94009414472078,4.035465249889775,1.5753033349388523,266.60328031841084,26
3.5700027064273234,-3.9263237212833606,50.855079550492135,3.984420889302304,1.62763060707795,320.0613997609993,26
3.575573632591649,-3.973816951638774,49.53113214593185,3.95613272880253,1.571032884873842,345.7286087839226,26
3.58121520280838,-3.988437100460655,50.06483635149504,3.975577175617218,1.5763773369161704,341.7646644993833,26
3.5611057140325246,-4.024912893772125,50.17938219873529,3.998101013271433,1.5449845226187453,412.7301667865954,26
3.5525303514380204,-3.9952770785281535,50.01820855391653,3.942711340753656,1.597945583494086,347.7270748740748,26
3.5496362322255184,-3.989505419605656,51.00225483743768,3.978125048311133,1.5818912426107807,324.4337816740336,26
3.555230087355564,-3.9771966745978906,50.02402044597425,3.942317990880264,1.5904028603905127,373.8024500796669,26
3.5331002238549685,-3.9672100042041984,50.43337380258661,3.959269956538552,1.5494646390801978,399.1846321507504,26
3.5454314131485787,-4.080157882288883,51.03159784015856,4.097523933962772,1.518354550788277,337.2122883043792,26
3.5466368700328625,-3.948616214488682,50.973319756357306,3.9617216179245394,1.5574363501448385,376.9017165334601,26
3.5269542932510376,-3.982209324836731,51.16429805755615,3.966939151287079,1.5746492445468905,389.48529052734375,26
3.5481168596368087,-3.934545088755457,51.28912830352783,3.939987988848436,1.5944521160502183,392.8005780671773,26
3.53119831336172,-3.985937231465389,52.29991691990903,3.991166466160824,1.5980132253546468,362.8559233012948,26
3.5217960037683187,-3.995574099452872,51.947248935699456,4.02604392641469,1.536375841027812,434.79088712993433,26
3.5215031065438924,-3.944741559656043,52.03498192837364,3.9344892062638936,1.5729715133968152,443.7220362613076,26
3.5162999300580275,-4.026100949237221,52.21600231371428,4.02911436714624,1.4959838633474554,461.3662559107728,26
3.519165271206906,-4.070273123289409,51.91174537257144,4.037905203668694,1.488434860580846,527.6685252942542,26
3.556934013178474,-3.981772709833948,52.30313868271677,3.9855594227188513,1.6064993770498976,505.2239371851871,26
3.520080164859169,-4.065170896680732,52.16261487258108,4.054564043095237,1.5264678707248287,561.39624505294,26
3.519798446642725,-3.9671012523927183,52.13707447052002,3.9581167525366734,1.5287207757171832,583.0706104479336,26
3.5041836939359965,-4.006330289338765,52.30402655350534,4.009205491919267,1.5110621389589811,551.1563881321965,26
3.501375904208736,-4.0450082044852405,52.82531944074129,4.01818258197684,1.5335283146092766,571.1200159976356,26
3.504435492189307,-3.9675896199125993,52.28394854696173,3.984955006524136,1.530074102313895,606.6680056923315,26
3.471595535152837,-4.005437910556792,52.61321604879277,4.051583497147811,1.4709177879910724,578.1798898797299,26
3.4678894155903865,-4.044711740393388,52.80761347318951,4.032776217711599,1.4845657599599738,547.5127820466694,26
3.445878119845139,-4.054000082768892,52.76202046243768,4.064251714631131,1.4618228650406786,537.7833653500206,26
3.4517918950633,-3.997931772156766,52.87032247844496,4.006891567456096,1.4762901208902657,598.1685132478412,26
3.419668305861322,-4.073817588781055,53.194623796563405,4.051363716000005,1.4175942148032938,639.705820987099,26
3.429763906880429,-4.066358716864334,52.347756034449525,4.0734995038885815,1.4292523672706203,675.3472290039064,26
3.4395913779735565,-4.021783471107483,52.2219500541687,4.009319543838501,1.4605934917926788,649.3191833496094,26
3.4434612362008346,-3.99851352603812,52.60564472800807,4.076661869099266,1.4889409024464455,654.51460025185,26
3.444342688510293,-3.997558157694968,53.18364743182534,4.037538719804664,1.4701208817331413,598.1493482087789,26
3.434195581235384,-4.080486197220652,53.519205695704414,4.068394297047665,1.4400048193178676,610.8981837222448,26
3.425596790878396,-4.076191670016239,53.04330163252981,4.065369301720669,1.469048933763253,666.5520525480572,26
3.4392883871731006,-4.038403429483112,54.025039773238326,4.039647899175945,1.4687435485814757,690.3139150519114,26
3.416684784387287,-3.955132358952572,53.50522425300196,4.003583076753114,1.465174355789235,727.5066600598786,26
3.4130759992097555,-3.990006973868922,53.89493600945723,4.027719045940198,1.4339879876688908,704.9909700092518,26
3.414514168312675,-3.9939671848949634,53.77827822534662,3.961194841485274,1.4733161024357142,630.2420525801809,26
3.436688034158004,-3.983062116723312,53.42646347848992,3.98905117574491,1.448519901225441,707.0065901906867,26
3.4238691235843457,-4.050712770537326,53.30398225784302,4.028176633935225,1.3882253954285075,750.8891440943665,26
3.4161153780786613,-4.01256967845716,54.3244225351434,4.007084426126982,1.432392195651406,786.8074886924344,26
3.4299441168182776,-4.065082521815049,53.638483674902666,4.059948654551255,1.411716523923372,675.1861210873255,26
3.42315284515682,-4.040906416742427,53.84200060995001,4.028981560154966,1.432513974214855,756.0266322085726,26
3.4432944906385323,-4.0437331481983785,53.58675537611308,4.053958538331484,1.43282833852266,787.9014346474095,26
3.4117482084977,-3.9498135165164343,53.99359371787623,4.017717612417121,1.4718249220597115,781.769720780222,26
3.4328905391065696,-4.054475724697113,54.398215544851205,4.0566217742468185,1.4064319353354604,848.9862526341486,26
3.4306460587601912,-4.003880049052992,54.67203315935637,3.975844449118564,1.4645796935809288,815.9796126516234,26
3.4258091810502505,-4.058329030087119,54.15640989102816,4.0359362583411365,1.4165396870751132,789.3176703202101,26
3.410093665122986,-3.99975323677063,54.34839630126953,4.010508298873901,1.3986003398895264,829.6345825195312,26
3.3973860819088784,-4.029090740178761,54.67957315946881,4.105856550367255,1.356721471799048,839.8778678492491,26
3.391067313520532,-3.996864566677495,54.17154522946007,3.981004796530071,1.4230654333767128,848.078380383944,26
3.388887601463418,-4.059164536626716,54.00719768122623,4.071235791633003,1.442952194496205,761.448116101717,26
3.3867278350026986,-4.024115436955502,54.580600537751856,4.044425060874536,1.3905748379857912,803.0594514545636,26
3.400245476710169,-4.052955166289681,54.73133596621062,4.0905558811990845,1.400439180825886,843.0383613987973,26
3.36846313351079,-4.13083082751224,54.482168900339225,4.13955903680701,1.3390978778663432,805.8051725688736,26
3.366649246529529,-4.049576229170748,55.007974147796624,4.067111068650298,1.3830612144972154,910.0688099108222,26
3.3897561901494075,-4.0030159197355575,54.568136516370274,4.08554116048311,1.3551403001735085,899.5176600406044,26
3.3704791084716192,-3.9343519634322113,54.52246535451789,4.013013347199088,1.3961658846390874,960.45241948178,26
3.37508152346862,-3.964730623521304,55.02180034235904,3.9752885291450912,1.4078067619549592,915.4325545461554,26
3.369518603149213,-3.970213499508406,54.85700316178171,4.009242926773272,1.411078475023571,891.1852396914832,26
3.3657869037828947,-4.005805392014351,55.37124814485249,3.9953376117505512,1.4127257811395757,902.9525274979444,26
3.3818416046468838,-3.9489171599086967,54.82179061990036,3.948342475451921,1.4587184222120986,891.0001088192588,26
3.367536394219649,-3.962330777394144,54.99752611862986,3.9990612644898262,1.390573333752782,978.9549664949112,26
3.3552848320258293,-4.002687226784857,55.23394175579673,4.0315550471607,1.4180196860903205,920.877473530016,26
3.3735990900742383,-3.952840767408672,55.87505842510023,3.9461505977730993,1.3950952354230384,1011.3560646458676,26
3.3490572461956427,-4.000573933124542,55.14433908462525,4.035756989529259,1.3499004668311068,996.3496965107169,26
3.3814036626564827,-4.032249256184225,55.56464034632633,4.033816149360254,1.357107724014082,1052.243071706672,26
3.392633855342865,-4.060796916484833,55.70371913909912,4.044017910957336,1.3856635838747025,1049.8416900634766,26
3.3955263087624,-4.042894413596706,55.65833101774517,4.029248814833792,1.384628822928981,1107.685784590872,26
3.395430528803876,-4.0352447660345785,56.50480270385742,4.044606748380159,1.3882538425294983,1054.57359554893,26
3.365683856763338,-4.024356904782747,56.00849904512104,4.118750013803181,1.3242215529868473,1071.63083046361,26
3.342392657932482,-4.112346341735438,56.18380087300352,4.085766365653589,1.3379190203390632,988.6564355147494,26
3.3202551226866874,-4.104822384683709,55.90728187561035,4.070767779099313,1.320547075648057,1066.6874196905835,26
3.329023550999792,-4.126389638373726,56.16359316675286,4.117343450847424,1.307143406648385,1050.9018506501843,26
3.349396818562558,-4.0538694168391975,56.28506841157612,4.093322785277116,1.3907720148563396,1099.181198923211,26
3.352491728569332,-4.094759323095021,56.07549346120734,4.112468970449347,1.3790653489137952,1056.7905000385483,26
3.340122473867316,-4.101535872409218,55.75347318147359,4.105470155414782,1.315090010040684,1094.8218929893085,26
3.3328907427034875,-4.049947271221562,55.91374462529233,4.093236411872662,1.318782775025619,1100.82511419999,26
3.343673809578544,-4.004381317841379,56.09127822675203,4.033550463224712,1.3643761339940523,1140.3343152497946,26
3.343925063547336,-3.956367365623776,55.83190052132858,3.9547224562419103,1.3979293743246486,1083.3695702803764,26
3.3421801328659058,-4.030518682379472,55.42114609166195,4.057084020815398,1.3370339054810374,1159.6191695363898,26
3.360001567162965,-4.04741181511628,55.8980232037996,4.071871566145044,1.3390740069903826,1125.2349765175263,26
3.35201001481006,-4.031662043772244,56.90126800537112,4.076893718619095,1.3298966319937464,1138.1898851896583,26
3.385789519862125,-3.9725425776682406,57.256844344892,4.049279084331111,1.3929306009882374,1160.4275930304275,26
3.340960753591437,-3.926891803741455,57.45049787822523,3.9927556263773054,1.376662473929556,1160.7638003700654,26
3.331739943278463,-3.947142831589047,56.605261978350185,3.967204224122199,1.3860535480474172,1212.1388156288544,26
3.317027270793915,-3.98754620552063,56.82589244842529,4.024860858917236,1.327327400445938,1183.7242736816406,26
3.31640078990083,-3.9851708192574335,56.870775097294846,4.036105331621672,1.341314428731015,1147.5586282830484,26
3.3464326984003967,-3.988484991224188,57.36605061982807,4.06587489027726,1.3514326403015542,1165.570424933183,26
3.3318444694343365,-3.968205596271314,56.834380978032165,4.034543693065643,1.3501697755173634,1234.43420169228,26
3.299023076107628,-4.0008967738402506,57.30313908426385,4.080111829858077,1.2782150663827594,1208.7623194644316,26
3.303214270817606,-3.96253030864816,57.213439866116175,4.067537368912447,1.2619776427745817,1211.5858459472656,26
3.2979555882905656,-3.887038293637727,56.72456640946237,3.989317216371235,1.356789231300354,1255.1552156147209,26
3.303050019239125,-3.9336412878412914,56.98644936712167,3.977379080496335,1.3631462172458058,1266.9607857152027,26
3.2980411554637707,-3.9499896733384383,57.51966235512182,3.959030502720883,1.3349196095215647,1277.7352070055513,26
3.2676995961289657,-3.897638510716588,58.100226854023184,3.969554519967029,1.3612178015081504,1194.2135443436482,26
3.297206916307148,-3.9684337440289945,58.03611132973119,3.966089079254553,1.3258398990882074,1255.7724513003695,26
3.263457861385848,-3.9265049178349343,58.274119151266,3.9727634222883927,1.2781779146508168,1240.8354211104545,26
3.2313216861925627,-3.956326039213884,58.08730356316816,3.9941623650099114,1.260582660373888,1231.977256373355,26
3.2449672629958703,-3.938455652249487,58.309293345401166,4.017650968150089,1.2331977353284238,1338.9568425228715,26
3.2333437769036544,-4.036929958745053,58.377292030736015,4.037988988976729,1.198594796030145,1355.1374061986016,26
3.2259773470853497,-4.054463734752254,58.14391738490054,4.090740586581981,1.2327980171693005,1283.478795101768,26
3.240864151402524,-3.9523130310209176,58.293490510237845,3.938100294062966,1.2376364673438824,1329.950675562808,26
3.2338435414590334,-4.025823781364842,58.47631913737247,4.029207533911655,1.2276347906965954,1360.241461502878,26
3.2067773593099487,-4.020519595397147,58.81631851196288,4.053989661367316,1.2106918378880152,1337.3249158357314,26
3.2136285603046417,-4.005706042051315,58.5027437210083,3.9871536791324615,1.213570013642311,1327.722915649414,26
3.1806298055146867,-3.993014950501289,58.733108972248274,4.023628018404307,1.196006133368141,1295.1888443796252,26
3.171814927929326,-3.931130760594417,59.26195001602172,4.015769762428183,1.2207489594032896,1335.287227429842,26
3.1824849028336373,-3.99314778729489,59.36944861161081,3.996196520955939,1.200967694583692,1334.7135009765627,26
3.195657215620342,-4.041362837741252,58.56749346381741,4.020910699116557,1.2145716689134904,1351.7094838995674,26
3.202061562161697,-4.006609596704182,58.63766715401097,4.011982033127233,1.1971758698162278,1411.0352028294612,26
3.213073079523288,-4.048921939573789,59.55507619757402,4.051072867293106,1.2283785115731392,1378.7351475765834,26
3.1884136388176363,-3.985946749386033,59.49485246758712,4.020262542523835,1.1963389139426392,1416.6508596319914,26
3.1536875822042165,-4.002228476499257,59.31810629995245,3.9559483700676967,1.1612810594470877,1415.4322292930203,26
3.118184569634889,-4.018773417723806,59.70009949332787,4.039808034896851,1.0755133895497564,1404.5776479620683,26
3.072767831777272,-4.043534940794895,59.24847371954667,3.995436353118797,1.0854686082977991,1442.6829207570931,26
3.060318344517758,-4.042797992103978,58.98983905189916,3.981830069893285,1.0507634125257794,1485.2882594058383,26
3.040377861575076,-4.036894192821101,59.7622062783492,4.000312293830669,1.0413242225584227,1416.0419038471427,26
3.004029145366267,-4.000626033858249,59.51925443348132,3.964123932938828,0.9884340653294008,1496.4068282277954,26
2.9672905912524774,-4.011966499843095,60.16676882693642,3.986399412155151,0.9214084383688478,1460.6654245476975,26
2.9021715804150228,-3.9864015014548055,60.61459220083136,3.963165546718396,0.938290812467276,1472.367116827713,26
2.826880759314487,-3.9773227086192686,61.11338773526644,3.93332523734946,0.8715311861351916,1475.7273535477486,26
2.7485597415974263,-3.887045339534157,61.52742360767567,3.819832723391684,0.7695726877764653,1540.132295307361,26
2.667090615159585,-3.860967893349494,61.839105580982434,3.763032445782108,0.7067597531958603,1539.7761262592528,26
2.503236770629883,-3.660616636276245,61.5388069152832,3.645938634872437,0.6270643472671509,1630.9683837890625,26
3.947878837585449,-0.5142603516578674,25.12785530090332,0.5289270281791687,1.74690842628479,859.9403686523438,28
3.8569657610566814,-3.019823826399425,37.377618597657886,3.072406768798828,2.300833631681916,288.71208713198666,28
3.7362311190406743,-3.9299881554289953,41.11685569814387,4.013622767173204,1.6245589384296597,242.02133957011588,28
3.716059927972371,-4.062715079160345,41.57343655784658,4.069929945388896,1.6591137231596365,221.33164803933775,28
3.7588022731294566,-4.019646266962858,42.89062049404887,4.088706819803122,1.7401935446182353,119.72350413687283,28
3.7451322542741,-4.08104611723215,44.688570188995975,4.0969338033023295,1.704607790748545,207.35907699277732,28
3.7430569661543673,-4.069792024241198,45.39940648430946,4.1315633274564805,1.760119385367272,139.25006569471935,28
3.749246443678069,-3.99746010927546,45.53536045151269,4.050932503386632,1.7705534200540325,189.2836466027587,28
3.738162954381648,-4.049324083648272,45.73382189449848,4.070260028711101,1.712880279393804,74.27746546188456,28
3.7341207513873207,-3.985374895518258,45.98975531046823,4.029521842930941,1.733621312467844,121.19976402129096,28
3.781866060807401,-3.918468529746036,45.88950890662686,3.979119686472336,1.7918529878526726,153.945696734742,28
3.748055398864234,-3.9385703042049536,46.68147687463952,4.002335340384669,1.7582751032490058,192.1761574969196,28
3.7007100310101606,-3.955468937854639,47.588501309388434,3.98757241076271,1.6787921574291766,166.78964064425273,28
3.693516580850486,-3.998683913442112,47.99557556561976,4.030389996983061,1.686912558222777,134.59691747883022,28
3.6972301902386966,-4.072364435899978,48.30611255824966,4.098827877300698,1.6743542579996509,135.41935187218172,28
3.6848888205201833,-4.05773993306512,48.52139338550951,4.050461029846396,1.6948794374529947,149.48718702073077,28
3.699769042482312,-4.029735456377068,48.373881397631344,4.0825242228155965,1.6754720475049627,228.0333893027081,28
3.688805908164722,-4.044788658218896,48.569351503513005,4.08464500888082,1.649078519552346,193.86293982179365,28
3.6741691803772176,-4.0483633207794805,48.76356129998329,4.079043910007349,1.6258645145685082,197.5462681303087,28
3.6815866559943897,-4.06901029292369,49.647497855576894,4.081933863210998,1.6642458222856455,171.28069884025032,28
3.6658308442006975,-4.078053717645223,49.1821709703279,4.083335380426189,1.645293104568584,200.17362433311928,28
3.649447501905813,-4.097179110418231,49.11229918307106,4.03507905998486,1.6396201400948849,278.87111607493955,28
3.626785542340887,-4.025557375594273,49.14738067524545,3.954604707308264,1.6126049036947672,264.4603281725173,28
3.623249529192112,-4.046025157774855,49.74099790329901,3.986264380832647,1.652400304807112,242.56856029945752,28
3.634127711289681,-3.973923476750419,49.85120560818871,3.942128698297795,1.66464893129848,245.13060970434407,28
3.632740185564797,-3.8972132878015504,49.83836986874574,3.92561092312704,1.6978384856409676,236.52371625452255,28
3.5916827605074686,-4.001195286744393,49.64384094340689,4.031840762836021,1.561185517567116,294.81921407200355,28
3.594008560948724,-3.985650941029491,49.37303814471968,3.987885590367669,1.583685226888465,327.4968624242996,28
3.62424220494776,-4.060457965671616,49.32571592906977,4.038119264897084,1.583315590083999,348.1258546970035,28
3.606855771685607,-3.986724203865,49.53144047884333,4.057590074987219,1.5856990142156613,342.3088561192458,28
3.5609005585612867,-4.068477105774336,50.11824962436753,4.0757495732915485,1.4965367701229637,348.8477695132262,28
3.555851550710281,-4.087947128603122,50.6075127620825,4.067500092039171,1.5402822726524918,297.2674636328771,28
3.537334696558498,-4.089992011153458,50.18030473849917,4.031912845253145,1.512303958003153,405.4658008549839,28
3.5535998024396447,-3.997957482433959,50.90906396648228,3.973683968486402,1.5629510223465477,377.19963022526485,28
3.559229186717296,-3.920420513857131,50.54355457485123,3.9338911731771176,1.604355107217827,407.671385285038,28
3.548908256044324,-4.027879438144248,51.10185605247549,4.019778627677252,1.5643515474844298,356.94244036578493,28
3.5483581715782218,-4.019633709184276,50.79909031503153,4.023912461812064,1.5462915825363772,422.0249361383839,28
3.5447840930631496,-4.066795301117353,51.30902542523889,4.0319113507366815,1.5614705733804894,431.7764067169804,28
3.543948663161105,-4.037340173785318,51.39928344112115,4.055199267880229,1.547442672236654,492.62512555218416,28
3.538791037245885,-4.0020794964476725,51.58874032961442,4.012416665186018,1.5317276300199878,443.9613399633625,28
3.538737338661347,-4.057368707336836,51.45044165489658,3.9889518718591472,1.5023557499751148,459.3775407419907,28
3.538535967769238,-3.987514439845247,51.91556707804633,3.9795528962308144,1.5407047887776508,470.0575305503485,28
3.542113772974718,-3.947719893999548,51.98590666495714,3.8996549964751166,1.541844291174972,407.6098937988275,28
3.5541436864225657,-4.0211870958341045,52.186355795636274,4.04324005754202,1.5377789143747935,420.84095323805866,28
3.5415791713151354,-4.004928870489133,51.403727640241584,3.958441190271569,1.524410908654232,508.3099625350645,28
3.522111388660917,-4.001008600196582,52.21411381151852,4.036250975308003,1.478597887410414,465.5485137325,28
3.5315217075731926,-3.9883284264762926,52.82261644913847,4.017084905765199,1.5108408559888795,508.0610804205775,28
3.502883855128448,-4.004595658923155,53.036846596122594,3.98446774802752,1.5057801944297435,515.817071082608,28
3.499313946538324,-4.018326244098228,52.82586260289954,4.037697324816812,1.5039218072123175,554.3101089784764,28
3.507638993679277,-4.038948558320935,52.89735873433568,4.062579462192202,1.480188257742248,576.1842847990508,28
3.5022277544008804,-4.0486839633660034,53.3888828098374,4.041504757516337,1.5079591058244646,585.1915352840554,28
3.479880715376579,-4.044216626442519,52.985208242531584,3.998676272846709,1.5021323869692398,627.9186466908301,28
3.4682542509680627,-4.055255976299312,53.17613901227913,4.090717904519715,1.4561560954023525,639.8281999626414,28
3.4672593366379707,-3.885490436681965,52.687773736531305,3.9237593324392432,1.5249556495039256,611.253193900089,28
3.450816716123747,-3.9466158383644663,52.45176658374351,3.9922043669143776,1.4358573351930444,602.7069792267456,28
3.465540869924046,-3.900798730402186,53.4956527044309,3.96760497957268,1.5259698053334383,614.1775397998379,28
3.4691215905567145,-3.984728211524503,52.83734596815685,3.9739763000667496,1.4614219633524848,675.1913042516518,28
3.45617982365141,-4.002955246291704,53.06384039245196,4.047827583031366,1.4711992564617389,703.1540343009385,28
3.45107644996387,-4.105219895407656,53.61925081598678,4.126910827303893,1.4442010533889682,626.563309842308,28
3.4295142609001004,-4.202959390294633,53.35500105275404,4.141455394309639,1.384464199911028,683.6806054851353,28
3.462631488006387,-4.11353676751156,53.12033388278629,4.091626157696616,1.460120569139519,716.2776259863934,28
3.4442583234518165,-4.008799130484562,52.84557698397028,4.046194975808163,1.4645128234120823,768.3581661762007,28
3.420155395597419,-4.002797125169894,53.29608750823358,4.03429515569802,1.4091234063142104,717.6912641077253,28
3.423607563812461,-4.00056474160828,53.63136416953684,4.0518216462743375,1.4564187694715969,662.1104765002354,28
3.4301030651834985,-3.973880966237727,53.19209258828387,3.9834260044481926,1.4208842995982849,794.2829634903268,28
3.449919611015576,-4.010167960352546,52.77930319869278,4.020321097149945,1.4021956496590735,772.0720554838242,28
3.4714156333232085,-3.989055388725844,53.88318401055048,3.961357931162687,1.5136100061787856,735.9136450850724,28
3.423376400198713,-4.019063863178227,53.89547473472236,4.014066484950532,1.4229857233546728,708.1312227185143,28
3.4331986120083187,-4.010724458118413,53.30395377242325,4.007393161722478,1.4420940027940994,771.5070534520502,28
3.44647538741963,-4.014386077855258,53.55933408289148,3.992764540166663,1.4344707759434745,721.6446602840547,28
3.4454747414428915,-3.997171715601979,54.22676030101392,4.0206286091132455,1.405322295707344,797.7559056634071,28
3.4316040461495416,-4.0476476266080095,54.11431247275948,4.061126382558937,1.3987284178701824,849.1733189525208,28
3.4162750324146858,-4.085693692200935,54.15469921035254,4.06064759644886,1.4240933520681909,841.148901612967,28
3.4027318122402934,-4.067519034315275,53.80440621088015,4.092673618521466,1.3768543108997726,913.0641561418572,28
3.382940181949795,-4.079305927225407,54.57794711733825,4.046854569607934,1.389023778422567,853.4140407895082,28
3.388795092601904,-4.036851898935817,54.74256277404376,4.027233443804235,1.4410654930460374,887.4751980160713,28
3.408280923062523,-3.964218285259785,54.87537317468016,4.029604681386243,1.4427961231078077,841.992305064361,28
3.3793007975456697,-4.108387425441872,54.8799514002448,4.083604468595263,1.3920362547740033,892.8805132360255,28
3.381890516153118,-4.068206899118104,54.62218608472171,4.058131326765023,1.367118192999155,919.675682528707,28
3.378123340990719,-3.9386758708313807,54.2110798214906,3.9445940232116894,1.3935944754005278,959.5090749855808,28
3.390234988807832,-4.059713760478385,55.15894514762315,4.080506792004477,1.3644101835737297,931.3641521274644,28
3.3929075138680886,-4.152298367263487,54.81219387694493,4.053970096895359,1.3818428332373598,970.000442812107,28
3.38796522153304,-4.104962278532502,55.14899378014889,4.082833050081395,1.3939545586605198,932.4460641745752,28
3.376659471716657,-4.042334169349414,55.81193025320169,4.022532533479216,1.385696774361118,935.0914998918568,28
3.403312996729908,-3.943566797563695,55.86095484791188,4.011606606861089,1.4130208804303366,922.6972656249994,28
3.406220538504172,-3.9545618511686382,55.03043183704351,3.921510430790433,1.4455701912809535,966.7799543342336,28
3.389184631757288,-4.083013326529688,55.17147601850881,4.123838027851693,1.39377550470749,920.154847420302,28
3.4141927213476806,-4.01183632876249,55.77139341111151,4.039679012042565,1.4123257542616567,932.7837184419568,28
3.4123259006730664,-3.9936979345027233,55.06153518881574,4.031369673325711,1.4309617985014949,1012.2746487815908,28
3.402679347351893,-4.007626360694834,55.21413029920334,3.996645076162863,1.4212391616514064,1062.9562226365877,28
3.389052922293644,-4.027683326862,54.65074039945665,4.014137482483114,1.397177142584885,1054.3190385447283,28
3.37868813700324,-3.980546607267138,55.48309205842502,3.964398096071794,1.3843438377316362,1054.6028700450925,28
3.3610894840035668,-3.9984074694998313,55.27360283768415,4.0078423487260055,1.3714426755905151,1048.3334248177955,28
3.3179969835601404,-3.955914233354914,55.42731667845041,4.052782561154972,1.355172384505305,1074.4998689177855,28
3.3358109909416043,-3.984252212831639,55.32431790652693,4.016400785254153,1.367951220313974,1134.8886726942635,28
3.356729953881078,-3.9962644609028857,55.508058509570645,3.950037309787418,1.4013071620224309,1098.4045066065432,28
3.377526065647202,-3.898630260621141,55.42868746047052,3.855842580731283,1.4207959959170962,1062.9714887990249,28
3.342032216539319,-3.990544818391736,56.37965178009648,3.963726832562645,1.3891966894969046,998.7915424116504,28
3.3334136905286136,-3.982274748334949,56.55561646839116,4.025677405747792,1.3921407389160767,1065.8913983850673,28
3.357976335807134,-4.047543308078841,56.19773457674375,3.9984277318788046,1.391440411542086,1068.8409415635494,28
3.3624072234902607,-4.007619969796814,55.81435327721924,3.984755965687285,1.3591247260970578,1156.2008154952275,28
3.3281426829779703,-4.0345150480334375,56.6959893399437,4.038708309199185,1.3083743921062287,1078.1666792287106,28
3.3433275462797023,-4.038804559899656,56.38888744379851,4.037800878486376,1.357211995444842,1035.0042978581168,28
3.3582731829393637,-4.052943220074544,56.49808724934621,3.9874641143235583,1.3322449642539822,1067.856595237783,28
3.349301895039193,-4.033256386750496,56.96889503530208,4.06052983687228,1.3572597119632186,1036.203058639629,28
3.3515564611294124,-4.026707729237192,56.59808311206383,3.9995296881502895,1.353314835753217,1132.8811100697358,28
3.3417431188109736,-4.002861240566177,56.60502793484886,4.008514938738522,1.348324371664316,1160.3335436110526,28
3.322092307493992,-4.03792146388316,56.5681390954344,4.002510483632949,1.3241468235950378,1108.3582796442452,28
3.30562292329417,-3.9793011198107857,56.8672987918726,4.01328385436295,1.3093805881154612,1176.7961859991085,28
3.289424150582128,-4.005915939407859,57.01850527564952,4.014457515422127,1.322810033023758,1191.0990891424583,28
3.288397782600966,-4.006741290124473,57.27147183002242,3.9845602720375854,1.3254875600738003,1139.964160483955,28
3.2854637155596844,-3.920413455707114,57.37500875588232,3.899662105829124,1.336446398856656,1194.146440954015,28
3.269787146741112,-3.9867411299839928,56.56166281476116,3.983711700311444,1.292723350076867,1143.0551634922922,28
3.2842936467804367,-3.878922222444675,57.572191865652194,3.923714279328416,1.3158789745113193,1246.3344456205436,28
3.276343651265906,-3.9400170553450615,56.861722830958016,3.946194074297912,1.3263588079670132,1214.3472367869128,28
3.285923937023086,-4.016416156051943,56.96196178461881,4.037187883517886,1.28430371876531,1189.2109407770552,28
3.303533742891861,-3.9767289289692105,57.01060956916554,4.015878437349459,1.2935725106488944,1176.745843055265,28
3.280374693390507,-4.047502805722641,57.43104980775971,4.105609381758927,1.272544027974941,1164.8354139904063,28
3.3157920437371176,-4.039337411022826,58.29065624979517,4.13644224205273,1.3082556468528397,1149.8233044515512,28
3.302321821251172,-4.004939716134293,58.07408677171541,4.07377628352018,1.3407099006960068,1206.359200496803,28
3.296338122963105,-4.0905393498055895,58.24937600257413,4.129687091648179,1.2723645235868106,1216.1887264379716,28
3.264855314421174,-4.05244951120159,57.42118484701887,4.059641777268993,1.233143543237008,1283.1460845742447,28
3.28292379283265,-4.039638378476137,57.74520843301043,4.046508171414368,1.2828502855044883,1205.0389822121438,28
3.275188108418612,-4.051016132303532,58.06554545972171,4.047529377393275,1.2604033802979744,1196.1717013160655,28
3.25105715278011,-4.0768888428707255,58.29921294858792,4.076250437922129,1.2019356097150964,1249.322839928953,28
3.250185577661399,-4.010088197336904,58.68773095559754,4.011559976027318,1.2579583921688495,1212.9015547989202,28
3.2552486362073245,-3.976671530896384,59.276101054761256,4.013245832200019,1.2320451864460165,1237.3837366296125,28
3.2639697942157726,-3.953246921500904,58.848015241174906,4.021538404810348,1.297252991855545,1303.3311316983009,28
3.2372029035683445,-3.9849391879651375,58.90317630127771,3.993756086234279,1.265203949589056,1280.242166199139,28
3.231833072316727,-3.9770886482008354,58.75457640782298,4.025127119665978,1.2664967287306823,1293.5268276137797,28
3.2237561133083883,-4.051990656244676,58.246105347703775,4.015410133656241,1.2434203144687932,1274.4450912987625,28
3.243076862104787,-4.006629489412243,58.74571187064152,3.987853010228816,1.2342773859932918,1280.4118021510592,28
3.240558392249498,-4.026220068835572,59.01034197711304,4.0098947358611445,1.226983278389745,1298.4214547176489,28
3.2078397706051,-3.955733212848639,58.89409819225334,3.94420113019495,1.2344668759595638,1302.3451689649764,28
3.217201703346815,-3.962040353941438,59.64914862101509,4.027246856049404,1.1850678912745212,1317.8065521445064,28
3.1902868923724896,-3.938597424718356,59.11357754188897,4.027643677372259,1.1998592479116974,1346.0600635093328,28
3.195715913836588,-4.048230574435036,59.19387266939918,4.059246652078305,1.1958424252951705,1297.1396287751684,28
3.1955998247901864,-4.08894853463909,59.65841477669324,4.082959357524078,1.1991894517168895,1317.1683087444935,28
3.1605747210099397,-4.068791015036155,60.02358760449712,4.072591016756609,1.1313276594917243,1375.528331782194,28
3.1684221997357054,-4.005655475910878,59.60685740221267,4.015479489460888,1.1228320262576106,1452.2036902920509,28
3.174061026349164,-4.023407446458036,59.66594596197141,4.0150156629165545,1.161350554267832,1389.3212431837248,28
3.1303317690855703,-3.9579548291711983,59.12779594267776,3.980246913513081,1.1050439296952843,1421.8465117384087,28
3.1350069766076616,-4.029898893113104,59.46986972885643,4.033983598619498,1.130206089691825,1478.176578393717,28
3.0777993234211967,-3.912311966787251,60.256539927232986,3.943403175213197,1.0614359370814062,1516.90651462222,28
3.059295295868944,-3.9952238678132113,59.927990625368665,3.990693140349931,1.048843158971544,1516.4866124095531,28
2.999803021450171,-3.969116577366055,59.90763985550644,3.9869825343957688,0.977189348848074,1490.407809878354,28
2.92770786253398,-3.9951835158687303,60.27502779352584,4.000415433973274,0.92397905036107,1475.7387080864628,28
2.771974642004743,-3.950808249864004,60.65244733567207,3.9735690907343937,0.8038360376486041,1578.8028998662962,28
2.6885934564091216,-3.8593921661376953,60.88203412254385,3.852564114052177,0.723342002638235,1547.7168140795409,28
2.530723094940185,-3.748741865158081,61.77293395996094,3.800863742828369,0.7144900560379028,1575.3275146484375,28
3.923127412796021,-0.5664277672767639,25.784820556640625,0.501855194568634,1.7569955587387085,871.369384765625,29
3.908501159577143,-2.923777046657744,42.85294051397415,2.791733707700457,2.391861688523065,227.9263407389323,29
3.801029909224737,-3.832291114897955,44.01194345383417,3.913276479357765,1.705594193367731,235.6503397623698,29
3.798680305480957,-3.968896252768381,46.58213315691267,4.052581923348563,1.6806681496756417,91.79841286795478,29
3.7955845991770425,-4.039737156459263,46.89905984061105,4.0987313361394975,1.6975750355493455,61.4088632492792,29
3.7994391123453775,-3.922090587161836,46.082376207624165,4.017532848176503,1.769384912082127,103.7411095755441,29
3.76839177949088,-3.950237206050328,46.87993676321848,4.037415674754551,1.7550759485789706,45.96523066929407,29
3.763552268346151,-3.989617188771566,47.210411071777344,4.05974817276001,1.6804838180541992,50.468137105305885,29
3.751077447618757,-4.011078902653286,47.02290108090355,4.086228347959972,1.676534278052194,83.34189896356493,29
3.7441022396087646,-4.068514142717634,47.43797193254744,4.100498744419643,1.6625980990273612,38.498972484043634,29
3.729699452718099,-3.9860182149069647,47.97210366385324,4.024608748299735,1.688138660930452,76.11617351713629,29
3.697714056287493,-4.092202981313069,48.04778762090773,4.1219991729373024,1.6675578639620827,104.17047736758283,29
3.712450197764805,-4.018304007393973,47.79845700945173,4.044937201908657,1.711321234703064,130.61026218959265,29
3.691716080620176,-3.947021030244373,48.018053690592446,3.995457796823411,1.6927361204510645,62.17545899890719,29
3.6999393304189048,-4.058177868525188,47.78199895222981,4.0892330805460615,1.655215819676717,129.00747680664062,29
3.706593820026943,-3.98697280883789,48.086803981236045,3.945801462445941,1.688424519130162,165.35471561976823,29
3.6685899098714194,-4.007302375066848,48.498756408691406,3.974586668468657,1.682895853405907,146.595848810105,29
3.660166695004418,-4.010496911548433,48.748291923886256,3.980524346941993,1.6355631351470947,165.74117170061385,29
3.665343318666731,-3.9989282063075473,49.61340550013951,4.0207536561148505,1.6764539309910365,115.58426666259768,29
3.666000581922985,-3.90422781308492,48.62113298688617,3.862302428200132,1.708894230070568,277.50145467122354,29
3.653268530255272,-3.929032620929536,48.64879390171596,3.888217426481701,1.7306913478033883,169.2327604747957,29
3.6286990642547607,-4.056233882904053,48.62215042114258,4.053997993469238,1.6409481763839722,203.19705200195312,29
3.6223087878454296,-3.965920981906709,48.60251054309664,3.995742707025437,1.6583697966166902,228.3575221470426,29
3.6417042982010615,-3.9362862564268566,49.77460043770926,3.888583841777984,1.6849124147778465,176.0514744349889,29
3.633559533527919,-3.9233612673623215,50.5786508832659,3.891944578715733,1.6440118040357317,186.89792742048007,29
3.613682497115362,-4.039818127950033,49.766276404971165,4.017796720777239,1.5702772424334568,219.07849847702747,29
3.6017320496695384,-4.078214486440023,50.47863079252697,3.991655962807792,1.5842284361521404,245.6654067266556,29
3.59093941961016,-4.103111335209437,50.39853123256139,4.013110297066825,1.5859664167676657,246.5666809082028,29
3.594491481781006,-4.136188507080078,50.402320861816406,4.0188320477803545,1.5828948020935056,294.24213663736964,29
3.6124571505047034,-3.988021725700015,50.28418731689453,3.962273279825846,1.6534134092785064,352.72973778134303,29
3.598567383629935,-4.03269556590489,50.62772914341518,4.003099305289132,1.5948284353528706,329.4057224818644,29
3.580958706992013,-4.050480320340111,50.68422172183082,4.035095203490484,1.5970866055715651,371.95338803245903,29
3.594211714608329,-4.010680255435762,50.59116617838541,3.973493541990008,1.5462490376972018,388.5937398274738,29
3.592297383717128,-3.978083303996495,50.35328183855329,3.939292567116873,1.596488612038749,356.7241864885602,29
3.5847269353412448,-4.036557787940616,51.28095372517904,4.001745996021089,1.5769688969566709,347.7049516950335,29
3.605900526046753,-4.040690104166666,51.58592732747396,4.017263412475586,1.6084437370300293,368.9230855305991,29
3.5879078251974925,-4.114542756761823,50.557145799909314,4.07191378729684,1.5291709389005388,371.3563188825335,29
3.550117481322516,-4.056752500079927,50.625242324102494,4.066239311581566,1.5216880582627796,409.2246689569382,29
3.568888289587838,-3.983726217633202,51.42642520722889,3.995751346860613,1.5614970638638446,374.3034740629656,29
3.545439413615635,-4.020410810198102,50.901377541678286,3.9955216475895474,1.561602473258972,374.6123177664622,29
3.522080580393473,-4.069677035013835,50.92069916498093,4.0655594553266265,1.5003282002040317,424.3079906645276,29
3.518782116117932,-4.027664207276844,50.86797187441871,3.9708565870920816,1.519100291388375,399.4825337727862,29
3.518881320953369,-4.040116310119629,52.45718383789063,4.001498222351074,1.505748987197876,435.0796203613281,29
3.5157780306679864,-3.9596049331483383,52.2286985488165,3.960763499850319,1.5449694111233667,455.0710056849885,29
3.5089695794241766,-4.009336721329462,52.31364549909319,3.973611241295224,1.5079887537729173,450.5832592192151,29
3.510076693126133,-3.9853000640869145,52.39349692208427,3.9829533781324113,1.522731253079005,428.3847438267297,29
3.505309854234968,-4.018980843680245,52.82447814941406,3.972998846144903,1.522072956675575,477.45528302873856,29
3.495020718801589,-4.029254572732108,52.87110828218006,3.990241845448812,1.4860938503628685,435.7115434919084,29
3.4942984921591624,-4.015269551958356,52.83354622977121,4.013543299266271,1.503238013812474,465.072261265346,29
3.500889619191488,-4.034773349761963,53.037653605143234,4.00723663965861,1.5020980437596638,469.871002197266,29
3.4821409725007557,-3.9689811979021337,53.5015485854376,4.033391157786053,1.510788207962399,467.8958173479339,29
3.4815895557403564,-4.011025020054408,53.27141571044922,3.983292852129255,1.4932306153433663,556.9829188755576,29
3.467667670477004,-3.9343055884043374,53.00317673456101,3.9752312047140936,1.487794586590358,603.4776931036087,29
3.474229960214524,-3.968112775257656,52.31367874145508,3.97153259458996,1.48796052024478,607.9121936616444,29
3.48370099067688,-3.985744885035923,52.104175022670205,4.018618447440011,1.5277785062789917,561.4876098632809,29
3.490565856297811,-4.003018742515926,52.79275930495489,4.001547109513056,1.4957022156034203,586.5946015857515,29
3.4783777395884194,-3.9677615165710463,52.8660977681478,3.9027017752329503,1.5375070969263716,570.8428344726549,29
3.435772555215018,-4.057429858616421,53.07423727852957,4.078507627759661,1.4520637478147236,607.7625645228794,29
3.4153612227666947,-4.019691648937407,52.78922308058966,4.024313563392276,1.4488379784992762,584.8722476050967,29
3.436011461984544,-4.000656945364816,52.586446126302086,4.007854393550328,1.4409621272768294,663.8210071382068,29
3.420562471662249,-3.984997715268817,53.1997925894601,4.006006853921073,1.4340900182723997,656.9496459960934,29
3.434278578985305,-3.954098440351941,53.54569589524044,3.898960681188675,1.4732331378119328,676.020237513951,29
3.4293914976574125,-3.9620510964166553,53.02001044863746,3.980161258152553,1.4319396643411546,684.358256022135,29
3.3948068618774414,-4.066496849060059,53.97665786743164,4.081521511077881,1.3726037740707395,615.1465454101562,29
3.406881241571336,-3.9833530698503767,53.32101785568964,3.936877784274873,1.4328489133289883,689.4324631463915,29
3.4218150888170515,-3.974718513942901,52.68399810791016,3.966579153424218,1.4315004746119178,636.7283615838909,29
3.405746630259922,-3.948109013693673,53.21770858764648,3.929894277027675,1.4653640985488894,770.8973301478803,29
3.40694302604312,-3.877710262934367,53.29044233049666,3.920937424614316,1.4799420947120303,757.9177158900668,29
3.418308451062157,-3.9293637729826423,53.67863464355469,3.981269155229841,1.476006309191386,779.7184157598587,29
3.4366652284349715,-3.9094624519348153,54.388555254255024,3.9547257763998847,1.4870097637176511,806.5395769391743,29
3.4623115857442217,-3.9113109111785898,53.78704452514649,3.979054133097331,1.4805457592010494,832.7054646809898,29
3.4579440412067237,-3.9687560739971337,54.46251696632023,3.966655742554437,1.4786208413896114,885.802022298177,29
3.46299535887582,-4.013582297733852,53.83012499128069,4.040421758379255,1.4782375097274785,875.802760532924,29
3.4404248850686208,-3.95566513424828,54.37419855026972,3.99123139608474,1.4030033236458188,865.6450921921503,29
3.425790026074364,-4.003221965971447,54.612994057791575,4.008761349178496,1.402820558775039,862.4205002557662,29
3.390452180589948,-3.942137479782105,54.5351061139788,3.928084748131888,1.3998494829450332,847.6396397181918,29
3.39670981679644,-3.92230639003572,55.498044695172986,3.927166530064174,1.4172263145446775,790.1338210332967,29
3.455192804336548,-3.9555700620015473,55.41081746419271,3.961661577224732,1.4343136151631666,834.579650878906,29
3.422691379274641,-3.96922928946359,54.78442709786554,4.034350395202638,1.3840791327612747,842.6400756835923,29
3.416781959079561,-4.015859694707963,55.8088224501837,4.030901068732854,1.391854013715471,813.1592058454245,29
3.417900766645159,-3.949768168585639,55.39091382707867,4.000494888850619,1.4141908259618847,829.4374564034606,29
3.424124138695853,-4.060048103332521,55.60037231445312,4.09254721232823,1.4010679381234303,862.0476858956462,29
3.4324159622192383,-4.002059505099343,56.80661047072638,4.008726778484526,1.453315655390422,898.5504789806544,29
3.438024475460961,-4.006354354676747,55.4757810320173,4.0193168095179965,1.4384462379273912,915.3414451962426,29
3.4098570346832275,-4.049248695373535,55.13179397583008,4.0492939949035645,1.4034675359725952,955.1279296875,29
3.388012352443877,-4.075745060330346,55.44012215023949,4.005154745919364,1.3723943914685932,934.7124808175222,29
3.382753814969744,-4.066856565929594,55.47687639508929,4.061119692666191,1.377961760475522,899.3697190057668,29
3.386430467878069,-3.981129782540459,55.69551195417132,3.9676228931971966,1.427424822534833,915.129699707031,29
3.369050411950974,-4.045587289901007,55.39238720848446,4.022034190949939,1.3340371506554738,908.8921392531624,29
3.392496006829399,-3.935863211041404,56.14816465831939,4.023746921902611,1.3848162719181607,970.1007603236616,29
3.401077270507812,-4.011583464486257,56.006522587367485,4.030239037105015,1.405153734343393,964.6643851143951,29
3.3798073927561445,-3.993827819824218,55.69118372599284,4.001212755839029,1.3800756931304936,998.4175618489578,29
3.365535191127232,-3.98988649958656,56.178872063046406,4.022377468290783,1.3818188110987342,964.7180698939736,29
3.3698628289358954,-3.949675764356341,55.94662911551339,3.922046831675938,1.4156670570373535,1006.7657906668524,29
3.350766795022147,-3.9871191070193337,56.44929032098679,4.051025140853155,1.334720600219,998.8872709728424,29
3.3256735461098805,-3.988478774116153,56.577452160063245,4.058364141555059,1.3480237835929507,938.1289963495165,29
3.3242548193250383,-3.995672736849104,56.53675297328403,4.002559048788888,1.3322484493255615,1012.6997942243312,29
3.325278963361468,-3.8935777346293134,56.486286708286826,3.907964263643538,1.3640948988142465,995.8399803524926,29
3.329564174016317,-3.92924960454305,56.65747324625651,3.895970821380616,1.371237476666768,1023.5711263020844,29
3.3134522097451344,-4.025859083448138,56.36392157418389,4.060177530561173,1.2996657405580796,1052.2885742187505,29
3.339680603572301,-4.037406489962624,56.7251205444336,3.977596260252453,1.3086003405707214,1036.1692243303587,29
3.35524727049328,-4.0551430838448645,56.409220922560905,4.026363577161514,1.3513009321121945,1105.739019484746,29
3.338272265025548,-4.044169221605573,56.92086683000837,3.969926118850709,1.336352978433882,996.1686314174124,29
3.3518921874818357,-3.9588360899970647,56.93674505324592,4.013101577758789,1.3440090417861943,990.4445917038684,29
3.344694160279773,-3.9108989352271673,56.4990584963844,3.9264444283076703,1.3603313309805731,1012.4618268694196,29
3.2996809482574463,-3.9609837532043457,56.81670379638672,3.8780221939086914,1.3406354188919067,1067.8424072265625,29
3.312266190846761,-3.941968668074835,57.05506097702753,3.918348505383446,1.3347220647902711,1054.4426618303569,29
3.3063239256540933,-3.9933380172366175,56.85794975644066,3.937944866362072,1.2692835047131488,1132.739118303572,29
3.293501683643886,-3.971429075513567,57.11226872035435,3.948767185211182,1.2725538696561542,1069.4299316406257,29
3.3073193005153114,-3.960279998325167,57.37378638131277,4.016310805366153,1.321524353254409,1026.356579008556,29
3.315185649054391,-3.927535045714608,57.08828244890487,3.9904046285720103,1.3050856817336298,1075.1612723214284,29
3.322523627962385,-4.076654297964915,57.23274067470005,4.079642432076592,1.2474164962768552,1103.347917829242,29
3.318121910095215,-4.038301150004069,57.15491867065431,4.061628500620522,1.2946248849233002,1103.6534830729177,29
3.322453952970959,-3.978963783809117,57.754151298886256,3.9690442652929394,1.339094996452332,1119.0581577845987,29
3.2897699560437883,-3.950322764260428,57.20956529889788,3.9688892364501953,1.2981514419828142,1101.1688232421875,29
3.3001246452331543,-4.052912734803699,57.50052533830915,4.050972257341657,1.254807676587786,1117.089082263765,29
3.3034352575029646,-4.033157961709159,57.12831224714007,4.053449766976493,1.3131752014160156,1170.9289085751489,29
3.280621119907924,-3.992781094142369,57.86978421892439,3.9648319993700314,1.3034029177256987,1149.4031633649552,29
3.2794924009413946,-3.9913499922979447,58.57099533081053,3.991694768269857,1.2649861517406646,1168.3725760323666,29
3.2965109348297124,-4.043671766916911,58.35602315266927,4.059805075327556,1.2779808839162194,1183.4385986328132,29
3.296736989702497,-4.034435749053957,58.06723185947963,4.008884293692455,1.3041807242802197,1153.3449881417405,29
3.2845852261497863,-3.9914442811693456,58.25527445475259,3.983241365069434,1.3126864717120217,1124.651936848957,29
3.257131746837071,-4.060827346075144,58.256647200811486,4.086772964114231,1.2142289366040926,1162.5631859189,29
3.254173006330218,-3.94007590838841,58.08749880109514,3.965531178883144,1.2756276641573223,1215.9706856863845,29
3.236603180567424,-3.987210727873303,58.81350635346913,3.9958141644795737,1.2224365416027254,1209.8070417131696,29
3.247332561583746,-3.993125029972621,57.845454079764224,3.9561954339345298,1.2512589920134771,1248.464349655878,29
3.233797788619995,-3.934635162353516,59.00280380249024,3.9345993995666495,1.2826770544052124,1283.897216796875,29
3.227960257303147,-4.066969803401402,58.84123011997768,4.035015764690581,1.227734997158959,1227.9505789620537,29
3.2595643770127074,-3.9620090098608105,58.49042837960379,3.957354749952043,1.2707091172536216,1348.907127743676,29
3.2519732543400357,-3.936398267745973,59.394101279122495,3.980291025979179,1.2561940125056674,1313.8636474609375,29
3.21633083479745,-4.028394630977085,58.63584245954241,4.034377779279435,1.1630118574414925,1311.652553013393,29
3.220755758739653,-4.063516071864537,59.05302265712191,4.123698393503826,1.220912774403889,1323.2619396391383,29
3.179367644446237,-4.012167726244248,59.047782897949226,4.057043756757465,1.2017770154135554,1337.388375418527,29
3.179926633834838,-4.067258516947428,58.90513992309572,4.082703431447348,1.1447149117787674,1299.2296956380203,29
3.168072132837205,-3.8864498933156346,59.68982878185453,3.926571573529926,1.2129242590495513,1319.6200183686751,29
3.1638621602739607,-3.979893003191267,59.41996165684291,4.004858561924525,1.1950824260711672,1335.641880580357,29
3.1567992255801247,-3.939594359624954,60.01974923270089,3.977206275576637,1.1656999190648396,1322.4994361514136,29
3.149313245500837,-3.955584344409761,59.13616634550549,3.9631760460989818,1.172387230963934,1358.3248349144346,29
3.141430139541626,-4.031312670026507,59.13817759922573,4.026438849312919,1.167348452976772,1353.987758091518,29
3.1460362275441485,-4.055942966824486,58.1432596842448,4.063673768724713,1.1144482862381702,1442.081101190476,29
3.112304131189982,-3.976830482482909,59.50166956583659,4.040010770161945,1.1241470575332644,1405.0333251953125,29
3.061972481863839,-3.988094534192768,59.59678213936942,4.045105797903879,1.0561216218130929,1463.5638950892844,29
3.031347286133539,-3.99369693937756,59.25758961268834,4.037553719111854,1.0115277710415067,1452.1978178478405,29
2.961925847189767,-3.9819959685915984,59.22821880522231,4.023394198644727,0.9803311768032252,1417.4523751395084,29
2.9413868699754997,-3.951764174870083,60.40487289428712,3.9482424940381735,0.9575767006192896,1511.2602539062498,29
2.8297373567308703,-4.026213350750151,60.02568163190569,4.003180889856248,0.8756437755766373,1520.1128336588542,29
2.689873320715768,-3.980253162838164,60.30369168236143,3.8960092635381782,0.7541801759174895,1540.5814325241815,29
2.5966756343841557,-4.017743110656738,60.69743347167969,4.028000354766846,0.652596116065979,1519.5927734375,29
3.944315195083618,-0.3568856120109558,24.19753074645996,0.3341801166534424,1.5206732749938965,725.3805541992188,38
3.807966387271881,-3.265948462486267,39.29808464050293,3.1311217069625856,2.15198427438736,335.6468627929688,38
3.686449933052063,-4.077558088302612,43.06452674865723,4.066957712173462,1.566143774986267,291.46986694335936,38
3.6854458451271057,-4.083202528953552,43.94090347290039,4.100989603996277,1.6076883792877197,225.3162841796876,38
3.704914331436157,-4.112325286865234,45.46768417358398,4.152376365661621,1.665219497680664,174.00291137695314,38
3.723604321479797,-4.0551393032073975,46.13547801971436,4.105141997337341,1.7231667339801788,104.86725425720216,38
3.722941064834594,-4.02245991230011,45.64025382995605,4.091055583953858,1.724646162986755,147.26227416992188,38
3.7099037408828734,-4.017289817333221,46.224599266052245,4.096296715736389,1.7010275423526764,135.12882499694825,38
3.715862035751343,-3.995951461791992,46.673649597167966,4.0736846923828125,1.7428508520126342,125.5205688476562,38
3.7136946320533752,-4.026891028881073,47.52155742645264,4.092461276054382,1.7257742583751678,98.74959869384764,38
3.7080777883529663,-4.032061100006104,47.868255615234375,4.133190155029297,1.738125503063202,157.21792602539062,38
3.725088953971863,-3.979857099056244,47.6335506439209,4.0151845693588255,1.7783222913742065,157.0413635253906,38
3.725713586807251,-3.957008600234986,47.70255661010742,4.033855533599853,1.7989336013793944,137.09182739257815,38
3.688630557060242,-4.071108722686768,47.51924705505371,4.079960823059082,1.751763790845871,168.86502075195307,38
3.698205399513245,-3.9961317300796506,47.82011642456055,4.014460659027099,1.7458409070968628,174.74114379882818,38
3.6847540140151978,-3.9646730422973633,48.21456146240234,4.006044447422028,1.7609328031539917,175.65664672851562,38
3.67881441116333,-3.9376066684722897,48.06952896118164,3.975595140457153,1.70905339717865,238.86826782226564,38
3.67991681098938,-3.947224879264832,48.08046321868896,3.992069149017334,1.7130659818649292,286.79962768554685,38
3.6514415979385375,-3.966946911811828,48.61994209289551,3.9801389932632447,1.6663700819015503,325.00518188476553,38
3.629845941066742,-4.040535426139832,48.7372407913208,4.056711888313294,1.6424740135669709,306.00716552734355,38
3.6360347270965576,-4.027216911315918,48.91305923461914,4.085497856140137,1.650311827659607,279.1700744628906,38
3.6165935516357424,-4.039561343193054,48.11720161437989,4.059709930419921,1.6384725391864776,315.5111267089836,38
3.6164236545562742,-4.08345627784729,49.00455207824707,4.090357685089111,1.6269950747489932,220.44163208007836,38
3.610278463363648,-4.012255179882049,48.79909553527832,4.0024418592453,1.6059227585792542,233.87424316406256,38
3.5912394523620605,-4.02403678894043,49.63353500366211,4.018747806549072,1.5890216827392576,276.9959045410154,38
3.609191060066223,-3.9273393154144287,49.5965576171875,3.9500852227211,1.6372179090976715,375.2579345703125,38
3.611262130737305,-3.99220826625824,49.46938972473145,4.010872149467468,1.6134773969650271,305.4559631347656,38
3.606590032577514,-3.968553829193115,50.012115478515625,3.95718606710434,1.6402321815490724,280.0400390624999,38
3.5688984394073486,-3.94381890296936,50.02218627929688,3.948800802230835,1.5576525926589966,356.7059631347655,38
3.5754865050315856,-3.9634829878807065,50.523341560363775,3.9160671710968016,1.5706145167350771,430.4927917480464,38
3.6025818586349487,-3.959791898727417,50.741262435913086,3.9635263681411743,1.659018099308014,428.8812561035156,38
3.580619990825653,-3.983271491527557,49.97090301513671,4.007422816753388,1.5630904257297515,446.0184020996099,38
3.600874710083008,-3.995816946029663,50.75542831420898,3.9747425079345695,1.611466717720032,405.5983947753904,38
3.582078289985657,-4.029598736763,51.30533962249756,4.04751603603363,1.5842469573020936,410.6729858398439,38
3.5663422107696534,-3.948048710823059,50.97156600952149,3.98225679397583,1.6129815936088563,412.7173400878908,38
3.5888246297836304,-3.9529428482055664,50.33683681488037,3.9941482543945312,1.652085781097412,497.7626647949219,38
3.597660255432129,-3.9407072067260738,51.6044319152832,3.9312642097473134,1.6711980581283572,463.1671447753909,38
3.601274335384369,-3.92231776714325,51.97277660369873,3.928335678577423,1.6807238042354584,509.6619583129881,38
3.5796486377716064,-3.934006023406983,51.37663116455078,3.999217009544373,1.6104715347290035,528.6180297851566,38
3.5577138662338257,-4.057536935806274,51.468604278564456,4.03583505153656,1.5553229391574863,481.5756164550779,38
3.531561851501465,-4.1200714111328125,52.00035858154297,4.102826118469238,1.5181094408035278,463.8685607910156,38
3.5233373284339904,-4.066758084297181,51.97370719909668,4.041786527633668,1.4919179260730744,413.2793945312501,38
3.5267084121704104,-4.098568391799927,52.01731796264648,4.120450973510742,1.48554801940918,515.4302642822263,38
3.5021825194358827,-4.135889530181884,52.06109638214111,4.0911280632019045,1.4705567240715032,575.3727905273435,38
3.470035171508789,-4.127380466461181,52.01844787597656,4.072292041778565,1.447684693336487,546.446667480469,38
3.4954863786697388,-4.003422677516937,52.13457012176514,4.028858661651611,1.5315294861793518,508.1772384643554,38
3.483867335319519,-4.086702728271485,51.54935417175293,4.11310338973999,1.4613269805908202,468.13444213867166,38
3.503874206542969,-3.978759014606476,52.506821823120106,3.988638710975647,1.4935545265674597,598.4256774902342,38
3.481876277923584,-4.004151296615601,52.33654251098633,4.025713539123536,1.465250635147094,616.5841674804691,38
3.4665827989578246,-4.051717376708984,52.00201072692871,4.070675492286682,1.4467581272125245,591.3170349121093,38
3.478500843048096,-4.064161539077759,52.81705665588379,4.049365043640137,1.4511761665344238,588.4911499023438,38
3.4476002931594847,-4.027358269691468,52.78146209716797,4.025213289260864,1.4347522377967838,602.9167236328125,38
3.476126480102539,-4.050062274932862,53.19354095458984,4.077721977233887,1.506580901145935,541.6732788085939,38
3.4667454361915597,-4.068678641319275,52.73084297180176,4.075301074981689,1.461643880605698,523.468263244628,38
3.452975797653198,-4.00410315990448,52.99703598022461,4.025396633148193,1.4801780581474304,640.9438476562499,38
3.4132295846939087,-4.04473203420639,52.86184501647949,4.0016719698905945,1.412374198436737,616.5584106445312,38
3.399498701095581,-4.04834394454956,53.07878036499023,4.080926132202148,1.3843489170074466,684.6233520507812,38
3.4419888734817503,-4.059415483474731,53.131364059448245,4.037644052505492,1.4328483223915105,632.056213378906,38
3.466781258583069,-4.036242961883544,53.482903289794926,4.0307602882385245,1.4520387291908263,727.0521850585936,38
3.4592499017715457,-4.006029057502747,53.48053283691407,4.090713357925416,1.44419949054718,700.8701171875,38
3.4729621410369877,-3.911517858505249,53.98437881469727,3.959280014038086,1.537140727043152,669.1962280273438,38
3.447571766376495,-3.979548501968384,54.09700794219971,3.991996502876281,1.4438209533691406,715.2439147949221,38
3.428708553314209,-4.077616500854493,54.65900878906251,3.99486780166626,1.427526080608368,722.9719116210925,38
3.4240541815757752,-3.993806898593903,54.34109172821045,4.0012670993804935,1.4100787997245787,779.4812744140628,38
3.4038073062896728,-3.9693574428558343,54.10658187866211,4.000705814361572,1.3900616645812989,754.7171264648437,38
3.388057589530945,-4.0494295954704285,54.35042762756348,4.058062434196472,1.3631201684474945,795.9667663574219,38
3.412082862854004,-4.049502086639404,54.15262489318848,4.02893795967102,1.4050388097763062,813.0777099609377,38
3.403201174736024,-3.972305142879487,53.74572410583496,4.012620067596437,1.4633369505405425,790.2706420898435,38
3.4041027545928952,-4.000025081634521,53.76231460571289,4.052264404296873,1.425566482543946,744.9969360351557,38
3.382742321491241,-3.985443222522736,54.42759189605713,4.047987103462219,1.4173483848571775,789.8432983398433,38
3.405290722846985,-4.0607545375823975,54.73234748840332,4.086759090423584,1.4168911576271055,753.3762817382812,38
3.4125337243080143,-4.0365461111068734,55.17840805053712,4.0617506980896,1.4234341084957118,740.0246765136723,38
3.41854043006897,-4.018765640258788,55.0979248046875,4.0681150436401365,1.416521406173706,817.4119506835942,38
3.4273965120315557,-3.973528671264649,55.114291954040525,4.016160118579865,1.406173640489578,852.4818969726566,38
3.4085606336593623,-3.996871066093444,55.30479469299318,4.01401424407959,1.4195808768272409,782.0681274414055,38
3.422280788421631,-3.9383426308631897,55.111321449279785,3.9531039595603934,1.4342180490493774,885.9435424804688,38
3.4104762077331543,-4.034496212005617,55.167210388183605,4.078629112243653,1.4079489946365344,887.0809204101544,38
3.4088749647140504,-3.9773209571838377,54.87613964080811,4.014786791801453,1.4691972374916076,946.8412231445304,38
3.3908023595809937,-4.002796459197999,54.66234817504882,4.006181073188782,1.464877295494079,956.370123291015,38
3.3881468772888184,-4.0781720161438,54.392851448059055,4.03978793621063,1.403578627109528,898.675030517577,38
3.3882555961608887,-4.0595808029174805,54.74260330200195,4.048579692840576,1.4002540111541748,1008.7757568359376,38
3.368995237350464,-4.04300651550293,55.03540287017822,4.069491004943848,1.3992099404335026,896.7805145263673,38
3.3673480272293093,-4.019767522811889,54.66085014343263,4.045448017120362,1.3584649682044985,952.8477539062504,38
3.3716134428977966,-4.073847937583923,54.80487613677978,4.050147962570191,1.3455327689647671,966.2944793701172,38
3.3907979488372813,-3.955083179473876,55.50244216918944,3.952283239364623,1.372295928001405,906.2320922851558,38
3.3831542134284973,-3.993736088275909,55.011491775512695,4.020118236541748,1.3319164514541626,955.4078979492188,38
3.3906303405761724,-4.062933635711671,56.05729217529296,4.051780891418457,1.3789508581161505,945.4853393554686,38
3.377183258533478,-4.027644765377044,55.929026985168456,4.025159120559692,1.368656498193741,917.352584838868,38
3.37143874168396,-4.016701316833496,55.74939498901367,3.968324375152587,1.3791906833648684,933.4923339843748,38
3.3606712341308587,-3.9586974143981952,55.7966724395752,4.00163416862488,1.3485892951488476,1013.2063446044926,38
3.3789836168289185,-3.915255904197693,56.32132530212402,3.9541691541671753,1.3936083912849426,975.5896301269532,38
3.386340403556823,-3.96268470287323,56.63984088897705,3.9833532333374015,1.389251697063445,950.3846679687488,38
3.406688690185547,-3.919194412231445,56.87908248901368,3.936995840072632,1.452268052101135,1021.9059082031248,38
3.3634083986282346,-3.957053172588349,57.12275772094726,3.9872618675231934,1.3608895838260648,1109.9266845703123,38
3.336029624938966,-3.997677779197691,57.024191284179686,4.041909503936767,1.3874132037162794,1053.652563476563,38
3.304831087589264,-4.0307936668396,56.40950679779053,4.001834034919739,1.307253897190094,1073.6163024902344,38
3.3005671024322507,-3.985412979125976,56.51910171508789,4.039240360260011,1.3581924438476556,1108.881982421874,38
3.290797591209412,-4.058476257324219,56.82050228118897,4.089678311347962,1.3118569195270542,1092.1809997558587,38
3.293360114097595,-4.077684307098387,56.69061508178712,4.064476537704467,1.312624788284302,1110.7582397460935,38
3.325008559226991,-4.0325780630111705,57.127855682373045,4.019487822055818,1.3669750988483431,1168.8747131347627,38
3.3094351291656494,-4.018993854522705,57.861724853515625,4.050736427307129,1.3319463729858398,1134.472900390625,38
3.3053410768508917,-4.050810694694518,57.43547039031982,4.038165569305421,1.3221963167190565,1125.5409118652358,38
3.3336908102035525,-4.003686475753784,57.59488983154297,4.012611246109008,1.3388864636421205,1096.777697753906,38
3.338976645469665,-4.032680583000183,57.36852264404297,4.012045931816101,1.3546984732151033,1121.5001220703127,38
3.3553580760955817,-4.061958026885986,57.03860092163083,4.025299835205077,1.3660839796066298,1174.795581054688,38
3.367295026779175,-4.04324197769165,57.15569972991944,4.059229016304016,1.3221423625946045,1187.0598754882812,38
3.3084461927413944,-4.106875324249267,57.37061576843261,4.110135984420776,1.2661335110664376,1135.831066894531,38
3.3274546384811403,-3.94923301935196,58.37651405334473,3.9838884472846985,1.360369509458542,1221.8783264160163,38
3.315829610824585,-4.00549430847168,57.78624954223633,4.032986211776734,1.2868234872817992,1304.1707763671884,38
3.2837716102600094,-4.022042715549468,57.471363067626974,4.049100995063781,1.2676875293254863,1268.2837097167965,38
3.29762065410614,-3.997371196746826,57.18133163452149,3.971281886100769,1.3092554211616516,1278.372314453125,38
3.30879044532776,-3.959300446510313,57.929360771179205,4.048887133598326,1.292027127742768,1346.1132080078132,38
3.2787814140319824,-3.976767301559448,58.26409759521486,4.046324634552002,1.3343454360961913,1264.3999511718748,38
3.281181812286377,-4.005363714694976,57.90610542297363,4.057744264602661,1.2758079528808597,1329.7403259277337,38
3.262836146354675,-4.005971288681031,58.22501449584963,4.065483975410464,1.2255428314208967,1332.133776855469,38
3.278536140918732,-4.064431309700012,58.87143802642822,4.081007480621338,1.2628110945224762,1248.597412109375,38
3.261509323120117,-3.960716390609742,58.68542098999024,4.012351989746095,1.2740509986877449,1220.0834716796874,38
3.250892424583435,-4.029797458648681,58.6289945602417,3.950034284591675,1.2312979936599733,1190.2331054687502,38
3.268145847320557,-4.035006523132324,58.52019271850586,3.996311330795288,1.257891654968262,1204.6009033203125,38
3.2638496994972224,-3.9723716378211975,58.2405683517456,4.0148665428161605,1.2475488543510431,1330.1197998046875,38
3.254295110702514,-3.984792947769165,58.7656135559082,4.043681144714356,1.2370729446411133,1314.1754150390625,38
3.247840988636017,-4.012557470798494,58.55817203521728,4.053015160560608,1.2708134293556208,1318.9790161132817,38
3.2339797735214235,-4.048361444473266,58.71319007873536,4.086811208724975,1.2382616758346563,1306.147021484374,38
3.2131829738616946,-4.049839031696319,58.69880409240722,4.138011217117309,1.1666845262050634,1282.0851440429688,38
3.1751878738403323,-4.030924034118652,59.15110855102539,4.061076450347901,1.1832385778427126,1286.862524414062,38
3.1489241123199463,-4.027746438980103,59.60951232910156,4.0770111083984375,1.1078675091266632,1336.973175048828,38
3.137186074256897,-3.996071434020997,59.16873245239257,4.054177284240723,1.121874594688416,1370.967712402343,38
3.170461332798004,-4.059553194046021,59.23246841430664,4.066949486732483,1.1331876158714296,1381.5053771972655,38
3.1688758373260497,-4.083464193344118,58.83129119873046,4.079514884948731,1.1526069164276118,1380.6285156249996,38
3.122229278087616,-4.065577363967894,59.1284719467163,4.069745302200317,1.1072230219841006,1329.032592773437,38
3.16533100605011,-4.032533407211304,58.74472427368164,4.014942646026611,1.138433039188385,1323.7990112304688,38
3.134296548366547,-4.060663437843323,58.30774898529052,4.056708550453186,1.1274158954620364,1375.6834350585948,38
3.09406533241272,-4.025697374343872,59.1936897277832,4.048491144180299,1.1511205911636353,1340.7383300781244,38
3.0793463826179504,-4.046479654312134,59.15878391265869,4.021623659133911,1.104602235555649,1362.4675109863276,38
3.097652792930604,-3.961023736000061,59.21100234985352,3.9733824968338,1.100059795379639,1452.1445434570333,38
3.016908407211304,-4.0081170201301575,59.04335689544678,4.065161228179932,1.0578991174697876,1479.0238342285156,38
2.98322229385376,-3.998119926452635,60.01364593505858,4.007824802398683,1.0299364328384413,1446.976049804687,38
2.9130998730659483,-4.161533617973326,60.57215061187744,4.148590517044067,0.9032504737377164,1442.7631347656252,38
2.840630531311036,-4.07373170852661,60.84709587097167,4.069379329681396,0.8688784599304202,1499.5464111328124,38
2.737119841575624,-3.965394103527069,61.24712772369385,3.992775261402131,0.7788044810295113,1569.4094299316398,38
2.5731430053710938,-3.944025754928589,62.06108856201172,3.896022319793701,0.6919063329696655,1533.5364990234375,38
3.985574245452881,-0.3975664973258972,23.095592498779297,0.409786581993103,1.7265920639038086,692.8704223632812,40
3.7824412998945816,-3.1716960098432456,32.889357926189035,3.362368989681852,2.1500837509182915,221.41005850529325,40
3.7169995929883872,-3.832905987034673,37.409333491670914,3.983238182206085,1.7236046773799951,135.7649753957555,40
3.7316902150278506,-3.8770062094149385,39.8276659924051,3.997289823449176,1.7800757237102671,31.53279885001808,40
3.7234650038290713,-3.85404722586922,40.25668130404707,4.041719478109608,1.799199942229451,101.91676142595816,40
3.7620285110197207,-3.8580846112707383,41.87441599196282,3.937396013218424,1.803437552590301,76.48296334086984,40
3.7454724000847857,-3.966063499450684,42.42672746077828,4.129987923995308,1.7631286434505296,8.282916089762837,40
3.7378114669219302,-4.049573635709459,43.985657871633336,4.073720959649569,1.7621132515478826,31.73943131211873,40
3.719305971394415,-4.017219529635664,43.96687449579654,4.008047314657682,1.7515773721363233,25.38084090965381,40
3.730848866960277,-3.959363455357759,44.45415405605151,3.9804070773332016,1.777723975803541,84.32035330067518,40
3.727642740028492,-3.903909897458726,44.79896473539048,3.9373564996581134,1.8262668882591135,61.644272182298685,40
3.7219896973043247,-3.981013016424317,44.93138744520105,4.032914216967597,1.7286476631095444,103.58772532145188,40
3.687365086182304,-3.950488328933716,46.577568883481234,4.0178230119788125,1.755876608516859,86.07927770199997,40
3.66734740872314,-3.979873225308847,46.88449912140335,4.029383828674537,1.657526489617168,90.5159532851067,40
3.660882635393005,-3.887372082558231,46.65883597774782,3.94677269977072,1.7143131494522097,124.96186076730918,40
3.6286414395207935,-4.1096102465753965,46.66657140980596,4.049981459327366,1.5902508367662844,145.00460550059435,40
3.6144980727762417,-4.010601016058438,46.7983185035595,3.971858387408049,1.6147619451301685,180.07345669511434,40
3.620860868606015,-3.970362431761147,47.27686500549317,3.965570522391277,1.6210147816201916,272.04052070949365,40
3.6385036240453306,-4.038818919140359,47.76920335189156,4.035655063131581,1.6116344980571584,214.39243880562148,40
3.632561002952465,-4.008901582247969,49.10942066579625,3.9547573466231856,1.6469753773316091,180.96070618560387,40
3.639299240665159,-4.093032857646113,48.734445820684016,4.056408688641977,1.5674899972003438,228.95544123995128,40
3.622725217238716,-3.963740623515585,48.59187383237092,3.9750469715698906,1.6275260474370874,270.7359022057575,40
3.609731273374696,-4.083208298337633,49.491983330768086,4.091626478278119,1.5682329077651536,258.91517395904094,40
3.592527826627096,-3.992987354596456,48.55012385050456,3.97897493839264,1.6042362451553345,261.8524881998695,40
3.596851939740388,-3.871568482855091,49.330783014712125,3.899333777634993,1.6406361642091172,296.3733586850377,40
3.6015599084937056,-3.904718748037366,49.031230815942735,3.927232358766639,1.5924595646236257,372.8196822456691,40
3.6092539040938663,-3.8532448402349497,49.28285985753156,3.879218101501465,1.653907210930534,272.2606152520663,40
3.594726360362509,-3.9591651118319966,50.27385744841202,3.9831751481346473,1.5892768346745034,369.4030191172725,40
3.593173324197963,-3.976187370825505,50.480802066084266,3.952132767525272,1.6347168701282446,363.26155820100223,40
3.573607885319253,-3.976245482762655,49.29157190737517,3.999283488245978,1.605327482672705,323.437969263049,40
3.5617281457652217,-3.9510720605435576,49.82302010577658,3.950730728066486,1.6177967527638308,351.48200126316266,40
3.5439032074333965,-3.993282364762348,49.8904604151629,3.9986479230549024,1.5655261399089426,323.19084764563524,40
3.5504330275715263,-3.9658107653908106,49.19562298318614,3.97095711334892,1.6102708439896072,358.6660461425781,40
3.552434237106987,-3.97728199025859,49.77704214013141,3.98956503038821,1.5876518798911057,404.8361723526663,40
3.570265393326248,-3.922057946523031,49.607754085374914,3.922984952511994,1.579363023025402,435.8064959982171,40
3.5516484630280645,-4.03062629699707,50.41571448505788,4.036074797312419,1.550023208493772,416.7705427529159,40
3.536181864531144,-4.032019490781038,50.82207140715226,4.054764913476031,1.5248163161070452,438.7888488769537,40
3.5662736149801724,-3.9426635313725127,51.22752261507338,3.954731096392092,1.5817071121671926,439.5456556237263,40
3.5680754115616065,-4.037715545599012,51.3108236340509,4.045238494873047,1.5579620115998858,447.2889001818663,40
3.575565032337023,-3.999811162119326,50.922387081643805,4.020359417666559,1.5262798796529358,430.5641996964161,40
3.5411493640015093,-3.974595740221549,50.90507822451384,3.948356300160504,1.5100433152654893,431.0457715020662,40
3.535778005917867,-3.956942620484725,51.47150418378305,3.9758346270823823,1.5347004696942754,534.3541487541758,40
3.512940448263417,-4.039354054824166,52.43140311863112,4.007713473361472,1.5171038016029026,463.2971602730128,40
3.5225798859112505,-3.962528019711591,51.744566323100656,4.013525969740272,1.5479185805804494,468.5565720710197,40
3.501006848570229,-4.008076961489691,51.51004138891248,3.9986125870027407,1.5188187533530637,545.2107367031816,40
3.5046802655510283,-4.0439431304517,51.807950807654336,4.019251211829807,1.4847806614378225,572.7313577403195,40
3.523242950439453,-4.017483075459798,51.96209843953451,4.002379099527995,1.5254207054773967,549.6528523763026,40
3.5120918871699898,-3.941229585288228,52.29160867221113,3.974171821621881,1.5533174034478008,562.124323969302,40
3.4955495855082632,-3.983275569003561,51.41497653463611,4.023289120715597,1.5010946367097937,608.5804522970458,40
3.4913608906925586,-3.998400947322016,52.306261034979336,4.033914683521657,1.4924578131109043,585.8371652796649,40
3.496468716773434,-4.059753680574721,52.07382086048956,4.081550549769747,1.4620553790659143,682.493189714957,40
3.463247615358104,-4.093066018560659,52.297568611476734,4.092334446699724,1.452930258667987,705.5837535028874,40
3.4721031810926357,-4.010524494060571,51.91871316882148,4.017326389533886,1.5146288422570713,742.2621530726336,40
3.482991712680761,-4.025553378505984,52.5794349891552,4.029307614202086,1.5163305004437753,633.1040959012682,40
3.4714578338291333,-4.016162001568338,53.17425188810929,4.0009733283001445,1.5293901640435923,690.2708448327106,40
3.4348551985146343,-4.01670943999636,53.3955936708312,4.026647619579149,1.4410777921261997,695.4794497282613,40
3.426601157672163,-3.98876953125,53.854665120442704,3.966862398645152,1.448320476905159,705.6394741777056,40
3.4237683907799097,-3.908121145289877,52.75327914694081,3.956198059994241,1.4645731345466946,760.2922575577447,40
3.440129712008048,-4.044021951979485,52.84363240781037,4.012769636900528,1.438851071440655,761.4700795049255,40
3.44083501290584,-4.020285497541013,53.765695820684016,4.053097835485486,1.462220215279123,736.5850202035211,40
3.4302641101505444,-4.01773220559825,53.80524029939071,4.048478271650231,1.437712363574816,840.7024695354955,40
3.4035770236582,-4.007203433824622,53.46901890851449,4.034605548001718,1.419879032217938,829.7161104506341,40
3.416129903516908,-3.987793189891871,54.11183813343877,4.033026328985242,1.421303707620372,822.7176858653194,40
3.3948920706044072,-4.044856522394262,54.31857855423637,4.028302368910416,1.3818727887195092,769.1926614512569,40
3.4107587890348574,-4.044382810592651,54.14230551235918,4.071111679077148,1.4097263052843618,779.6581845490829,40
3.399063851522363,-3.9970404877178902,54.52701308761818,3.971356984497844,1.4422414397847825,798.1957857436032,40
3.3851408129153047,-3.8880979807480527,54.110502657683,3.909069040547247,1.4430722464685852,856.5642594047214,40
3.377486436263375,-4.047185908193174,54.48238317517266,4.037924317346103,1.3824001818463427,828.1419040845789,40
3.393437827842823,-3.9925430339315664,54.7415598993716,3.974306666332742,1.373740847559943,875.7362157849302,40
3.3816258907318115,-4.008963227272034,54.69940757751465,4.036946773529053,1.388994038105011,854.9351501464844,40
3.38796647735264,-3.977494695912237,54.91965053392494,3.952110435651696,1.410891275474991,817.5158417190327,40
3.400704145431518,-4.01684077926304,55.39417211560234,4.023304987644805,1.396215435387431,865.1174409285833,40
3.385832859122235,-3.961689264877984,54.64680265343708,4.035091876983644,1.379055878390437,931.4639839504084,40
3.374416323675625,-4.013084453085195,54.73027873384781,4.0849319195401845,1.3646558505901394,893.7659584819405,40
3.3953689595927363,-3.9950982798700743,55.36781913646753,4.084770776223445,1.3601730560910874,878.1222436877264,40
3.4146327557771103,-3.924220401307811,55.17816261623217,3.998343493627465,1.4564515585484712,940.8369007939876,40
3.409666531327842,-3.929358178290768,54.60587172577347,3.934819021086762,1.5049992212350818,953.4451010883712,40
3.398692854936572,-3.96237924133522,55.48377095098081,3.9515247915102094,1.461114060187685,929.7569350090585,40
3.3948421478271484,-3.976149216942165,55.910675712253735,3.9823986136395,1.4598128640133403,889.8092253311816,40
3.408057240472324,-3.9788673960644263,55.37061019565749,3.960992051207501,1.453056166137474,886.0125303406646,40
3.3881587256555976,-3.965481930884761,55.45178266884624,3.9790199597676583,1.416236711585004,935.2478089263476,40
3.387053064678026,-4.017820814381476,56.2113981661589,4.022051095962525,1.400454440842504,962.8734396229625,40
3.3658299860746963,-4.028994097225909,55.61897427102794,4.033093753068345,1.3797886786253548,957.7442485422316,40
3.365926543871562,-4.0386191641075015,55.51950595689856,4.055980132973712,1.392257708570232,934.3200312075412,40
3.386562243751857,-4.049185421155847,56.0044291952382,4.123344753099524,1.3594666408455889,923.6241402004076,40
3.3725359111592392,-3.9261608832124346,55.15963808695475,3.9809008059294326,1.3963593918344248,987.7455293959466,40
3.359582171923872,-3.946865171625995,55.12688534501671,3.998990259308747,1.3477971000947804,1001.4460183848508,40
3.359020943227021,-3.956708654113439,55.444370933201,3.915378663850869,1.395139632017716,972.6066244374152,40
3.332266216692717,-4.040055585944135,55.98741166487984,3.966181198755901,1.3623788114907085,971.8581189141756,40
3.352551690046338,-3.960463214611661,55.976559486942016,3.9703597175902217,1.3785440412120544,998.95813430565,40
3.368362976157147,-3.937489468118418,55.72387081643809,3.973517791084621,1.3920642293017846,1037.6386188009517,40
3.36839565332385,-3.939761712931204,55.50940262061962,3.9815016553021847,1.434940102307692,1043.5676641049606,40
3.3464500904083248,-3.917420864105224,55.993618011474624,3.905352115631103,1.4566308259963994,1066.1511230468748,40
3.338055081989454,-3.995540732922761,56.294050050818406,4.0214291655499,1.395098844300145,1028.4713466478431,40
3.332103362981824,-3.9675633147142935,56.36949898540109,4.025379305300506,1.381592626157014,1055.8443090466485,40
3.346808848173722,-3.9710819237474073,56.80209765226944,3.971991345502328,1.3889633667641792,1058.7062103713786,40
3.3502680633379063,-3.975628127222474,56.18165920091712,4.005867833676544,1.3848919505658348,1101.116311778196,40
3.337261495382889,-3.9288838272509374,55.62166462773864,3.937799460646036,1.337849103022313,1096.9841848179897,40
3.357946506444959,-3.932667296865712,56.52901259712551,4.012041368346283,1.4140378651411636,1105.0919684810915,40
3.3603985879732217,-3.961692089619844,56.63434600830078,3.9527487340180776,1.4129300661708997,1118.9225649626358,40
3.3384610500888545,-4.003415328868921,56.43934343863225,4.003716828166575,1.3845080344573308,1115.381505109261,40
3.3245848486388936,-4.008378498796103,56.031318968620845,4.016490760056869,1.3515391894008797,1111.326814955559,40
3.2911099869271982,-4.041061235510783,56.00435439400052,4.06702476999034,1.311904036480447,1179.1759510869576,40
3.31559659778208,-3.977013529210851,56.48090196692425,3.9612406768660615,1.3543805281321208,1167.5499126047332,40
3.319259975267493,-3.961728759433912,57.02860387166341,3.9740460575490753,1.3420508788979577,1258.81518377774,40
3.3162241085715918,-4.04226100963095,56.76601318691088,4.038193443547125,1.323028134263079,1215.601668648097,40
3.3102377739505493,-4.022020464358125,57.095284171726405,4.068948020105778,1.316004801487576,1213.05195772475,40
3.2981746248576957,-3.9981164154799096,57.00271805472996,4.060672830844269,1.3091015116028162,1194.6008946515517,40
3.2992208729619565,-4.115272335384204,57.33851557192595,4.075760074283767,1.264643415160801,1229.1226063603938,40
3.3061138546985127,-4.03440583270529,57.014826622562126,4.06343692627506,1.267622961514238,1217.358345363451,40
3.316329074942548,-4.090743064880371,57.59199313841004,4.073742783587911,1.277233951333641,1199.2850766389265,40
3.33470648786296,-3.986536093380141,57.42519768424657,4.008638879527216,1.3126628450725388,1178.5132366678006,40
3.3145413018655083,-4.0128238926763125,57.998593924702085,4.051225088644719,1.276267020598702,1206.994733285212,40
3.316770983778912,-3.99665257550668,58.570031318111695,4.074754752974579,1.2928599870723227,1245.9345782736077,40
3.314872866091521,-3.995077920996625,57.80362900443699,4.040971942569898,1.2726156970729,1328.3621083135192,40
3.3027426401774087,-4.052782058715819,57.777865091959626,4.058574120203653,1.2978148857752485,1229.170410156251,40
3.290565435437188,-3.990649216416956,58.35045756464421,4.014110102169758,1.3121898606203597,1279.1326939679554,40
3.289030505263287,-3.9025321887887054,57.86347430685292,3.9373069742451543,1.3120507960734156,1309.3481259553323,40
3.247164650239806,-4.007719281790913,58.46151329814524,4.0622020527936415,1.2290916667468306,1298.0919437132018,40
3.217420149540556,-3.9484669730283217,58.70804385862488,4.006127789400626,1.2116787036259966,1264.59070797243,40
3.231119259544041,-3.9986248534658673,58.827440344769016,4.055587644162385,1.1911036709080574,1266.9441979449728,40
3.269412056259487,-3.906508095022564,59.15326936694159,3.976859457250957,1.2567654709885077,1315.7152656886888,40
3.208160652630571,-4.086222897405209,58.8979878080064,4.0846890159275215,1.211197360702183,1322.5851166213768,40
3.2235936081927754,-4.016534172970316,58.63911728236986,3.982041623281396,1.2355566232100776,1361.9580210810122,40
3.189891459285349,-3.975288605344468,58.37847154036812,3.994647330132084,1.193421565968057,1365.7361352892892,40
3.183226146559784,-3.951644781706992,59.44437145841294,4.00548987630485,1.1835085041281104,1411.368380781533,40
3.2105621462282925,-3.9672803671463663,59.07162110701854,3.955148323722507,1.21075449300849,1415.6657184103271,40
3.191580017407736,-4.022051797396895,58.88259882166766,4.021275834760804,1.2011695340059805,1390.1712248429012,40
3.186177906782731,-3.9961155912150503,58.67136416227921,3.989567649537239,1.1839637238046397,1382.1906614441805,40
3.1642613307289458,-3.97815335833508,58.99324060522992,3.9624433569286177,1.1671940062357036,1398.7680372155232,40
3.1429692316746367,-4.003345734831216,59.573974885802336,4.022969674373019,1.125934728677722,1429.9789738309564,40
3.1260914249696587,-3.976190261218859,60.37351152171259,4.058321268662162,1.106150118337161,1461.3643621914628,40
3.0829385052556577,-3.945372850998588,59.10492938497791,3.961487728616465,1.0703500146451206,1445.797564962636,40
3.0449391517086304,-3.940679845602616,60.41372655785602,4.016806706138279,1.0408128214919048,1504.4228082186935,40
2.9791609964508945,-3.960780917734339,60.77260003573653,4.024768193562825,0.9690410106078444,1493.085764124774,40
2.909454216127811,-3.9733224433401353,60.94208783688752,3.989486917205479,0.9245901729749596,1571.720973802649,40
2.806735702182935,-3.859340992526731,60.597351018933296,3.914416783097861,0.8774994870890749,1599.154590551404,40
2.726895505103512,-3.960069167441216,61.8167955149775,4.046580542688784,0.7817249911418858,1628.4374964617302,40
2.5954396724700928,-3.953165292739868,60.72251129150391,3.9912359714508057,0.6747959852218628,1589.045166015625,40
