Voltage_measured,Current_measured,Temperature_measured,Current_load,Voltage_load,Time,cycle_idx
4.128757476806641,-0.0137230670079588,18.921039581298828,0.1445276737213134,1.4349534511566162,309.9145812988281,2
4.104391140852146,-0.3551300452230219,12.417134479134385,0.4777276221506609,2.972407353138496,-19.09447058946074,2
3.8342404237050496,-1.4541110528443386,10.758430732224516,1.6868980701812013,3.327245619482623,85.37301512392695,2
3.752728712059066,-1.9158945940211864,9.617165896706952,2.1545556262581647,2.927919149398804,112.25114534572214,2
3.7386376586502896,-1.9697963663203988,7.903306355733358,2.137820966229467,2.749159404617584,69.73127221204565,2
3.734158475241975,-2.0933069140611296,7.363609713708569,2.20700531733964,2.7013758585124674,49.26311684796909,2
3.7320546904009975,-2.1216264170800856,7.942419097809021,2.1623293968017943,2.607094554844017,13.65823081581892,2
3.73684575029476,-2.114731084800766,8.307862989916773,2.159900522517587,2.549391620887254,51.764431844928296,2
3.729037470446375,-2.127155982091755,8.451659927825014,2.178637033451103,2.5053044835964364,40.395397129173006,2
3.735934434536688,-2.1099564393837293,8.013174176929954,2.171841831264382,2.517418193246076,83.93575460468223,2
3.7092109868626393,-2.1162296626382244,8.0063346131833,2.183087328950802,2.5242002652790734,116.2310741218978,2
3.702078543737263,-2.05756877068274,8.555365933629567,2.100058634837944,2.552050416341085,133.19734166767782,2
3.6766800680560263,-2.0849827849222518,9.077263472322931,2.121461155885708,2.5284947221150653,139.91830974281905,2
3.673477125738909,-2.034200149381946,8.530301710802638,2.0928187984192443,2.5536929811546187,111.78698488338266,2
3.6725000492826902,-2.0166623920737625,8.147833407282114,2.0341735357295967,2.563838778855558,151.35315361708223,2
3.6472150137324535,-2.033348959720063,8.718574369738915,2.027762254555068,2.5707268522171205,142.52074190242564,2
3.616771121224957,-2.07840804140011,8.379499206999817,2.0642906106160788,2.543715781080509,101.78443200573945,2
3.594464194274948,-2.124614731994218,9.511543902094491,2.102703846143392,2.52693895451323,62.05951855139809,2
3.569579135871933,-2.0911871430402744,8.892667427748263,2.058226779549422,2.482590659649786,150.45618594049677,2
3.55642313871555,-2.014064990117878,8.885713246054278,2.008786861054198,2.514497758385664,148.24181432210048,2
3.5499795653862867,-2.0241331083331997,8.507966138645562,2.047461069986492,2.514654874801636,162.4804365420768,2
3.5193352970534457,-2.107855853920212,8.91196034482853,2.160548058098662,2.46920351710862,171.40987501315743,2
3.508290183758308,-2.0567128101508776,9.187692847794402,2.0638660827796618,2.467426895381448,120.64875226963066,2
3.4978653221073266,-2.0106641261163585,9.16443853892252,2.002077954971862,2.449890751324728,134.586783037928,2
3.484007495606017,-1.9984743438081116,8.816384412571342,1.9809395910023213,2.4174839379544744,161.05764843603808,2
3.482867956161499,-1.959712231587507,8.319942731343344,1.98033770329938,2.4328379595351075,149.86367322727585,2
3.489464687016196,-1.963222992634345,8.691324816492502,1.9895118225120496,2.4294428511294064,151.18311405752948,2
3.4914412719760826,-2.0065136127129284,9.133658614701142,2.0347094078977666,2.425993478940633,182.96038690441404,2
3.470926239105042,-2.0039961366596337,8.791302218408642,2.008577520975809,2.438892894162389,159.61796286577234,2
3.4406692410657507,-2.055817866039847,8.80783413413042,2.058402870229618,2.396404988037612,192.27593573838627,2
3.4238697069133828,-2.0738367634619066,8.930104432705633,2.089034537355343,2.382442992604421,197.69812724404716,2
3.4274353624104026,-2.038548414578695,9.040675174690293,2.0788079521613207,2.352712871785649,224.6575297281416,2
3.4578919739066483,-1.971733031872504,9.293043764765391,2.043151825487971,2.4192044991932944,163.2593707238844,2
3.4300874050505863,-2.0413204238800238,8.904414165519668,2.0773323246104987,2.350867664742613,240.68523164851936,2
3.428553652620601,-2.041427275377833,9.529638621621505,2.072475694610687,2.397452187395382,216.73151822575548,2
3.397329659519081,-2.0540781113915814,9.67300770810978,2.06284715672453,2.3217634912022573,275.2124229933687,2
3.3971239478288293,-2.0079674499477456,9.687035486369789,2.0033750062931084,2.314084831112159,247.53662675868992,2
3.4290772976275687,-1.957868675628822,9.811127051621854,1.939588267289236,2.3567934157605657,248.76590075464296,2
3.41558014275785,-1.9607533487731117,9.438362407113264,1.933832688245945,2.3797809306732907,274.98602240099905,2
3.432549557286108,-1.962296662573329,8.902132040012383,1.9365985368540184,2.3993773767334257,233.65828883005472,2
3.436302955992921,-1.9549688564803076,9.283146761134711,1.9527690560517912,2.4170064540680296,252.28953671027097,2
3.438644026567836,-1.924037665664079,9.743018178882712,1.942570810903332,2.454422204794284,216.74038879029055,2
3.4380329497560056,-1.9212340587627383,9.767647486246986,1.946228089446793,2.436816067038896,263.617039663349,2
3.433825737701919,-1.97633769804846,10.047772424663613,1.9698811776623757,2.40253284876932,269.4503391288712,2
3.432951827249127,-1.986140459597468,9.86710743704242,2.0117674887537245,2.4302670884275157,339.04722421611854,2
3.423632047133532,-2.0369031636300914,10.330154607395926,2.040262332219564,2.402017711879251,318.6258188578896,2
3.4138031448432784,-2.038276064181756,10.6819986811655,2.0222073586401117,2.4041476321077635,329.51912684640445,2
3.400229209911324,-2.073949703913249,10.924628320568337,2.0311535339869424,2.403234484666836,332.26078366947763,2
3.408186033100425,-1.9820467797582024,10.399859594013876,1.9937492951661528,2.378306178989525,349.3502100413431,2
3.403166739526623,-1.9257019072949528,10.835371851207254,1.9412129193009016,2.352986282217288,412.5404083800174,2
3.392390503854809,-1.9976063888230016,10.565266900433755,1.9993669786853,2.3630614066552256,448.43128373380176,2
3.4021558197672497,-1.953478157877208,10.156491650792654,1.9705874987705023,2.3723131560993767,450.3222760411795,2
3.382349194166903,-1.9843712466919488,10.291868689531336,2.013618219398453,2.362859413295449,449.5900423883677,2
3.376840468652234,-1.971345200510082,10.633558684480404,1.9738694797019043,2.3383733919280734,482.34078257669233,2
3.3862244925813045,-1.9408955852428595,10.605803826611911,1.9539910205110105,2.3487748742817405,538.8744587241531,2
3.388224763070752,-1.93984674550816,10.827720196661122,1.974993427713474,2.3972598471327453,509.89544814789326,2
3.414061943214097,-1.9295799853559024,10.648329066659162,1.951256332997077,2.4214265303697413,586.5005902501636,2
3.4420410608817003,-1.9241356435650123,10.993500846588685,1.9700692920627707,2.437627232717183,603.1929394385058,2
3.4438644783225603,-1.9763858575306965,11.336133614271697,1.9827856446454624,2.4306797153221638,569.1597962522228,2
3.440686001749096,-1.960041396632166,11.47217173776227,1.9581399692032864,2.4432562147071977,547.9340356152927,2
3.4354529566393643,-1.924599068607399,11.546547695548233,1.9437677282059265,2.4266132494646637,614.3782429038404,2
3.4521119002096667,-1.934391601713832,11.360464401587755,1.919960173661124,2.4564862893727013,614.9391358883796,2
3.4538340954009645,-1.95330745445754,11.591421127319334,1.953666796941243,2.467421527394277,579.1887883169207,2
3.454979311206384,-1.9089059212250628,11.45918327605652,1.916357166752844,2.48514549318188,597.5528319581535,2
3.449584993773592,-1.9081112874482205,12.603359011118991,1.9468320722351529,2.4954484422763663,599.0271306751732,2
3.4558368864173663,-1.9063505576756183,12.19890288678472,1.898128463479573,2.4699409107962054,643.7957939102263,2
3.4411673131817118,-1.9577208593220052,11.948517131234356,1.9595301979316209,2.4811582793732603,663.3029123637491,2
3.445417530522375,-1.9751223218655156,11.945970960719857,1.9798712944556136,2.470741920842382,661.0031906402044,2
3.4312508234720744,-2.001090358117384,11.815259413804837,1.9656839706226736,2.473543628247198,659.9504924477219,2
3.4354499164455667,-1.9683721986359464,12.054323130738949,1.9533765208935308,2.458274702112118,691.3048885139873,2
3.442712004313212,-1.9389218113379565,11.400430502291924,1.9308790974988197,2.4507648830642244,741.2473923003603,2
3.436569441578345,-1.9463842065034505,11.6677089479869,1.9267430883681695,2.477922747235098,726.9932762648525,2
3.443967660744033,-1.981253629673027,11.94497540753759,1.9593968698364532,2.4592124516378617,741.0295201832666,2
3.451947245769158,-1.9737805988260373,11.477970788578787,1.9514111226904176,2.4856977726884946,718.8803276016325,2
3.4500958391292365,-1.9644007061769864,11.468178577765732,1.932845538247845,2.44817112305921,744.4231889005193,2
3.4417178316744503,-1.9398489979926696,11.477842290958248,1.9388157018644363,2.4486551184854104,727.9296725153206,2
3.425362776853367,-1.966964449711189,11.98382796784361,1.9374655856343803,2.447641061451621,691.591096249883,2
3.423487944517307,-1.95335821477239,11.569076752234366,1.8866627765986732,2.4377564477349467,725.82274988597,2
3.4297537132651508,-1.9486314636504576,12.226366579889536,1.9055971521103447,2.4292705758603037,701.7733793886836,2
3.42678726790194,-1.9570736417513408,12.207536888693625,1.935766999949952,2.381348494284168,745.8920094381543,2
3.4339859157265304,-1.8953944737325883,12.300836762982216,1.9432450875550689,2.401876403899964,716.2367020110171,2
3.4155092003816616,-2.011283391963935,12.262839608563636,2.016108260897105,2.370315878691074,776.7888603895718,2
3.406243332845722,-2.023397167285759,12.307666858513196,2.0266187319498576,2.3836759364533564,784.8608000064323,2
3.409669261492655,-1.983093121094618,12.711950933148048,2.00675866418256,2.404638417466672,826.9986009426459,2
3.4279848886821083,-1.9977338214120464,12.4594190220633,2.0028922472171447,2.4234371442280844,827.4536626210471,2
3.4400287930836937,-1.961762942596824,12.068254410863638,1.9490755489486424,2.4207385971160704,824.0935124380146,2
3.42881227967268,-1.9575462012947675,12.005524526813073,1.9435305938035428,2.4379188914498884,837.7824462159664,2
3.418386474340976,-1.9173227316605117,12.13126260506179,1.940702165315251,2.442145286206,812.6081129976374,2
3.4151651488092845,-1.9424424171447756,11.816437161611226,1.955131180985959,2.456413223357972,824.9910673038688,2
3.4172986060559394,-1.9697398636155496,11.73509959831923,1.9630143346186884,2.451110241655818,819.6994760479043,2
3.3996964057762464,-1.970837161212624,11.79787119562754,1.9574057227837112,2.432848020941912,842.9823476825649,2
3.4054399885817204,-1.9606581787149344,11.85058407583636,1.953225545897456,2.425557299288447,859.6014121049898,2
3.409929945083435,-1.9460057298580336,11.992841794819174,1.9647824792804829,2.412059772514298,864.0097871883181,2
3.4051231759750915,-1.9356586968827385,11.625972622168987,1.9696216786692948,2.372459150360016,898.1011257514268,2
3.405808561576341,-1.9835563919501389,11.860801171399878,1.9979444877830097,2.390616602526453,909.3330666547762,2
3.4121769666671757,-1.9510428916194484,11.513039754536338,1.9876325890689552,2.3996186270685254,967.350227036162,2
3.4213701679321105,-1.9199726060478988,11.394060123466446,1.9521642659238716,2.374352109646369,1027.767787545027,2
3.404072941420321,-1.9482561824564448,10.965694096274005,1.979961469144878,2.369416261147596,990.9005976694071,2
3.389342680662692,-1.9577159674581652,10.58247703278136,1.9701363883332577,2.37301552224302,1036.359980234843,2
3.386716162373206,-1.9683331440308849,11.136965654567325,1.997504357449308,2.3792940321082843,979.845129321436,2
3.3841450971043754,-1.985963717906061,10.936694208019514,2.0197513431846024,2.354693267159833,972.3946657466316,2
3.3751219946467232,-1.9802339540984104,10.916860283491854,2.0241147087005804,2.339979762088753,940.4179283644625,2
3.389090520893028,-1.9500150637712304,10.532443566236664,1.9904624751941888,2.3295698294382605,1004.1785442786304,2
3.392035618513644,-1.972131713778673,10.911249018000984,1.995666354002353,2.3535324620629496,1003.2361287556722,2
3.388938372720501,-1.9577627867281795,10.983006928495303,2.0129097378896383,2.369410514831543,974.873419299097,2
3.3762340488548053,-1.991883477764929,11.0627286876747,2.0373691434631804,2.3322701332811824,997.3698830975744,2
3.3718808339741417,-2.0055314430933517,10.801072331959617,2.043218969584939,2.3260031817202083,1006.1248823154472,2
3.3782154799935347,-1.9909921381287947,11.119250577366987,2.0295391689517537,2.324700069284725,1038.4138954756493,2
3.3752305436277106,-2.0123801045788974,11.02975202320578,2.0324183538288407,2.3426219803130555,1024.1649893572228,2
3.345975543924435,-1.9920174286750985,11.029736673046733,2.0345970427918583,2.330653681012685,1042.619833209557,2
3.359944868944362,-1.955491487137572,11.044120348856117,2.0125313954438995,2.333904764609423,1055.958894832407,2
3.3626127314424803,-1.9777421294572104,11.8113467621946,2.007900989341165,2.2628913025656154,1045.7975399908182,2
3.356863472989933,-2.0002211053928214,11.749789877566036,2.0416795208068663,2.299140954445936,1048.0675936944474,2
3.3470557307054896,-1.9851077473806047,11.41912226191538,2.0048655460694595,2.311074152678073,987.653617630462,2
3.34898980506166,-1.9988915170738084,11.647682915190735,2.032349128209188,2.2924809041851293,1075.9374619900825,2
3.351193587223213,-2.0068114921004474,11.88879589834613,2.039558696175764,2.2995120415430583,1093.7604856205558,2
3.358918909541148,-1.9715489705879523,11.60658453181832,2.019327853254215,2.32470191595797,1110.9752555436005,2
3.346330262229828,-1.970850907756896,11.767962855493238,2.0158925905912928,2.286585833498104,1098.605575104674,2
3.354285518566291,-2.0053537134638804,11.386353692608688,2.049123594147003,2.2893533778047845,1097.8152622976695,2
3.379727437110718,-1.9901095932115336,11.055563104366826,1.9871648014662504,2.3182616733505337,1105.865655042454,2
3.3677041216524777,-1.9703676550688147,10.988490852767129,2.0062834202886344,2.318727350520517,1152.5849594755794,2
3.360673092796417,-1.987585573496219,10.876722798376026,1.98032468485975,2.314423318394644,1138.557921266841,2
3.370620794638902,-1.9924473619746592,11.157246121389422,1.9655086922788332,2.3447430276585197,1178.8386815236715,2
3.3588528975755154,-2.028799136955581,11.612232299621947,2.013118848115384,2.3676166684327726,1113.9452942260011,2
3.34588234296102,-2.0374139340337885,11.766843938541992,2.014263364369285,2.330815036853631,1099.6677121830564,2
3.3274610063986865,-2.010548419224289,11.9839565910979,2.005040668441864,2.32848761752694,1143.6618243006171,2
3.326178205227424,-1.9682395493912843,11.955330003521397,2.002689938345356,2.3313360813848987,1135.9982544676277,2
3.3354362563458744,-1.97808173887744,11.786712794960623,1.9925136237801195,2.3219301693453755,1132.5983970779143,2
3.3412308821421184,-1.9503697863595928,11.583565934689458,2.0126613257174,2.3281909120297004,1134.495492169957,2
3.3495665474566154,-1.9601520524767344,11.78138516763014,1.9838110383399237,2.338752301153309,1169.439965893408,2
3.355096448681312,-1.9352202436881152,11.311906192117108,1.9625468189844828,2.3375563535861628,1202.7445258408964,2
3.361855703199695,-1.9287494124766595,11.371681496054824,1.9567627442811064,2.3379812090696688,1189.513475246772,2
3.3566344241182247,-1.963469655927784,11.545756728349332,1.948215340425868,2.3491637292736303,1177.9838625970715,2
3.3356758641625595,-1.994618455806891,12.112351197682443,1.961331360354395,2.3352042850620025,1218.497304585164,2
3.349776783389246,-1.9764773631524184,12.100285113214737,1.9257047911604004,2.335304929824645,1246.5436500046785,2
3.3509435846420104,-1.964107256092711,12.181858493896296,1.9491433551211557,2.376712777657423,1230.425860924635,2
3.352147570627178,-2.048455152682916,12.461265752415455,2.023597314686119,2.3310696978768903,1224.379955908495,2
3.3521342234697173,-2.0176319476373177,12.407413999477546,2.0027390072445668,2.3319081838973266,1231.7868166255382,2
3.324542837942432,-2.042372919128327,12.260806489133548,2.0430976844833286,2.3085900609364765,1200.2390114789948,2
3.329151740331136,-1.992969253106032,12.687934989700771,2.0010242744120297,2.328185654685883,1220.7256001912192,2
3.3528171313736967,-1.9910125818081243,12.681276721154855,2.020258078318156,2.316763361057121,1216.9562871327655,2
3.334142214523818,-1.999800117786773,12.842977480974024,2.014494983735913,2.3172266262020185,1275.7282371292558,2
3.319827924945397,-1.987710939196055,12.901562576522378,1.9577058332408963,2.272052967619754,1301.793511853246,2
3.3130375853555645,-2.0482011098347725,12.352261409074254,2.04473408182224,2.271583889058963,1311.549679327868,2
3.3038529635903364,-2.0429296836167743,12.420965000540908,2.0146042850916954,2.246206748985245,1313.7742686014694,2
3.2928877133809165,-2.0315777977069702,12.874594322935543,2.0459804106615267,2.240006132754023,1300.3153434342253,2
3.3231443916252275,-1.9774727885594623,12.7437267588998,1.9719337646118893,2.2555060657912387,1286.647895858673,2
3.312155966273325,-2.034152993541991,12.662095292599618,2.021338868640853,2.269388585747359,1266.888920401385,2
3.3231028939435583,-2.0123808855068184,12.600165761159566,2.004352188395883,2.2876471445232096,1292.6413245286772,2
3.3115173535432643,-2.0281912987817545,12.884130343705596,2.017624431384537,2.276871110864742,1264.8819872462109,2
3.3229571516642307,-2.016722018133381,12.36799028819194,2.001900591536199,2.2580047524617823,1338.8646240234364,2
3.332516470355188,-1.9805407695427624,12.32666440781005,1.9472848223355,2.297883420647262,1335.2266147636365,2
3.308011564665926,-1.9730087747117009,12.231857819471536,1.958831520137673,2.2644590560547604,1361.452500760198,2
3.302211219679096,-2.000005842682844,12.611474979423472,1.9438678525878996,2.277433249764813,1368.787584133491,2
3.314270280792328,-2.002869506082135,12.77124782379516,1.963622482236988,2.2796409586946407,1361.0545493485686,2
3.298229587292243,-2.0014419566371484,12.43367637417274,1.9609504256419796,2.271323907161188,1416.6479561628694,2
3.275973365692322,-2.0068925347870694,12.2023970267016,1.9860058651712835,2.242224967408323,1447.089810856802,2
3.2747334441738927,-2.001397668244596,12.249684656451562,1.9753034778697764,2.2339471600012866,1510.5938764560724,2
3.284047073946742,-1.9936533588135303,11.738279639603864,1.96353852677488,2.249624583535565,1478.3536903244294,2
3.3020239604447417,-2.0162374445064337,11.459002614735148,1.9511208973244984,2.2360330227606307,1496.849019855796,2
3.2907418776415067,-2.0149162443812023,11.37367980637235,1.9843477731693289,2.254351604484512,1501.7156989731477,2
3.3055813191179744,-2.008922952377867,11.973386990096044,1.9462922104818368,2.2684553169204804,1431.1547533594912,2
3.29517896161108,-2.0599248751908714,12.300310608869532,2.0347304679676435,2.267524427996424,1492.5200867795652,2
3.2948991923988937,-2.0408571223298955,12.352844283966244,2.029564278568337,2.283876795254782,1478.5627331762253,2
3.2991110364833998,-1.973309801010315,12.602146268604756,2.002092592730494,2.2696058036324507,1518.772575698213,2
3.326646731285278,-1.9515461525517317,12.45203568978224,1.9802165270565515,2.285785365961269,1509.620103664741,2
3.326838077899225,-1.9709451805331748,12.42111954717579,2.002323521825368,2.25370581278544,1516.5806183044067,2
3.323763608932496,-1.948039293289184,12.333851337432865,2.000226378440855,2.2682532072067256,1553.4467163085942,2
3.309063363218022,-1.9710221076439955,12.266174310695613,2.0128703674156503,2.249851703643799,1543.621280875749,2
3.313958951813018,-1.954718058337708,12.641626980490312,2.0165122347677538,2.2435270662079314,1557.4544882403166,2
3.308377702792962,-1.958324508038822,12.773533061592886,2.0246977706155374,2.261492051050335,1538.0609891057725,2
3.275626937072434,-2.0321209030950853,12.283806027052654,2.035669779349231,2.244704056642726,1561.7586753982266,2
3.269509392584155,-1.9878833515201504,12.696849805866172,2.015520080834806,2.237680537971908,1517.9864428857131,2
3.280313142045529,-1.929358894239644,12.638601565789326,1.96698367881204,2.281081465190041,1506.999578236106,2
3.2634103298187256,-1.9379553023926512,12.643335970575936,1.955193676634463,2.2415168199710505,1552.1083136461452,2
3.260928828559236,-1.9498114703658087,12.940676400761406,1.9934936126549068,2.228586415330808,1595.2395421559206,2
3.2621653693878723,-1.953047019278932,13.022378915798164,1.985883662800589,2.231504520256362,1645.4455456762255,2
3.263762552581148,-1.957841984169212,13.040460840670647,2.0022078738241134,2.2381052721046406,1601.9636771379128,2
3.254848398848208,-1.9545259025996315,13.668383130056416,1.9976764724640077,2.215637675302471,1592.216573201254,2
3.26802539611291,-1.97363203871036,13.50808923401519,2.019987633842194,2.205806448074158,1598.1482660898907,2
3.279103132065185,-1.9499733233880137,13.19285496694599,2.001410729870826,2.210859541407601,1606.7276896402511,2
3.274196738968352,-1.9321600491415245,13.14418079753122,1.9982901590313025,2.2134041579183705,1597.7835039150216,2
3.262957548666857,-1.9543985599529223,13.103944504332407,2.0162852924027117,2.2236421507989577,1601.94956157022,2
3.2747401705759014,-1.9317761595377667,12.902353061173493,1.9646163889747896,2.2423003440845517,1596.051180719615,2
3.2541078750244874,-2.0095326100994724,12.892682052657978,2.0459143944129257,2.217381457368772,1603.756680973989,2
3.266347462545612,-1.9487324096485523,13.098706799352954,2.012147357363901,2.217543687649116,1608.570206145327,2
3.280144655775881,-1.9625009583855817,13.17234561828795,1.994273139331156,2.213774965194885,1605.0828331130715,2
3.272012133084372,-1.9610758020492371,12.943146471491836,2.0002472557707462,2.252649856184771,1577.7628988848476,2
3.275020979121773,-1.972194918615376,13.2010938221823,2.0025322858444947,2.243834842464881,1597.0860142507947,2
3.2678199299795185,-1.977526975249102,13.48047357833314,2.0043186848748937,2.22000113647141,1580.5723255637176,2
3.252562338720539,-1.9883789644983711,13.269352347550996,2.029528238102347,2.206730050241162,1626.9881737988856,2
3.251408615512048,-1.9666788378161573,13.287847747345888,2.019731519464962,2.183974839256195,1661.0631860059182,2
3.2516990835795148,-1.995771206781536,13.278879079990045,2.00998282860853,2.1793051908116143,1660.1133243766374,2
3.234981589688513,-1.9815493961294248,13.505812159555424,2.032311584421261,2.1856889496306464,1674.047570142916,2
3.22748691450336,-1.9912745624245285,12.564652328719635,1.9933707778325336,2.1779648772256817,1721.097137999392,2
3.220381506188901,-1.9865125956649543,12.888340073431316,2.0117644785407056,2.18533444047688,1729.6950994251745,2
3.214217194540058,-2.0045808846365194,12.865763972619334,2.0075418478000664,2.164246938899605,1701.2780023449195,2
3.213457832793276,-1.9533017902317156,13.21500367889861,1.9877371955774492,2.1756993546457344,1698.1172013882383,2
3.223649724514898,-1.955309724379444,13.248187316391997,1.979569881262181,2.2021230137990613,1708.9580465533782,2
3.22488120787158,-1.9484932144244984,12.97491920779565,1.981171880653518,2.198882434182538,1735.172664071271,2
3.2111954360664967,-1.978112122969712,12.907880143491097,1.9793128810242984,2.20667994522049,1749.3900343843568,2
3.21729985040105,-1.9499308302730856,12.623983391744648,1.964905093886895,2.171663070153333,1732.2467929131972,2
3.2022802686976823,-1.979100515028673,12.797339913373946,2.003303138081898,2.1824826209131114,1752.4197786068478,2
3.178926515008161,-1.9736438514943608,12.370501278403276,1.992076071793448,2.185033008723916,1778.9661700768386,2
3.1968495089136915,-1.9474274155622469,12.631930625367303,1.960433664436112,2.204117610782921,1785.302036308242,2
3.199927923208224,-1.9449538474311376,12.590157754406963,1.944691155485052,2.1789059403413784,1797.8977635549238,2
3.2078466058491237,-1.968454553695496,12.980810296749643,1.9786360292377585,2.166880514807331,1749.3609896905398,2
3.214099490000102,-1.9336855386545573,13.33783919225907,1.968738503441841,2.126807682528467,1790.5530965656585,2
3.199097449194172,-1.909492095787368,13.246256251535012,1.9961675376949195,2.1195512303335224,1859.080597837528,2
3.195764801459398,-1.945254189882448,13.463666667481387,1.9954727477656156,2.1250327904067343,1841.4272808143492,2
3.1994599025406525,-1.9291747679967368,13.37947674140245,1.9503079060308948,2.139528847026254,1820.3957219837669,2
3.2096818742637856,-1.949572126308601,13.722742174913776,1.9233770063537323,2.16905795599886,1808.52441808278,2
3.208025015756756,-1.976675419750328,13.487651596526186,1.9824108292242724,2.157106699343927,1844.7579521133516,2
3.197946422114344,-1.953446588116492,13.597365099512889,1.9830635643290904,2.1705250211818488,1865.2758631906104,2
3.1974332775184493,-1.950932556283689,13.530880111420236,1.9847099495505136,2.144876528642849,1885.8426433266263,2
3.200888884995512,-1.916833790476451,13.52031828543383,1.979482562599068,2.1565762793946406,1863.1468980983352,2
3.2009364173797787,-1.918231195318484,13.57751849739851,1.9894498158357805,2.145392106678671,1904.5153538138543,2
3.1634734940386107,-1.971525748332817,13.813863531558098,2.023081724515218,2.1614151200848424,1939.9503711083687,2
3.169447794645847,-1.9802288459446615,13.65322451106087,2.0261895813627877,2.1320963348457207,1998.748165290513,2
3.166767313808738,-1.9918559718274784,13.339898098014784,2.023506315168506,2.1333889554360668,1973.705612456727,2
3.160771762539526,-1.979288963500612,13.281743380837812,2.013452225816465,2.140573774269241,1984.5904511777223,2
3.1645689253321665,-1.892626870535091,13.145360375592809,1.935512009851947,2.0994500064564323,2010.225974077236,2
3.154268738752354,-1.924980720360121,13.274868479745823,1.968212506728257,2.115816550340481,1989.6205550325135,2
3.1368524756974083,-1.939776311020652,13.417744519467831,1.9731060452090063,2.107937517994177,1999.1226349790652,2
3.1255718562417405,-1.9225242587620628,13.531889641356326,1.97291348508732,2.0924714011346515,2026.628637987696,2
3.113992030035236,-1.9177845141844836,13.760114715484812,1.9742683732581,2.0996081964698385,2013.350448151549,2
3.117616039550233,-1.928735615250593,13.53731145687446,1.985262508877737,2.08699974328458,2017.8813074534523,2
3.0998430209245518,-1.9738688319029205,13.50160153040629,2.01002847720049,2.067467671668459,2041.2649704253597,2
3.085386221994183,-1.946896154723481,13.64073607736005,1.9907924486491493,2.0583653892585616,2070.497133175056,2
3.074440043129607,-1.928964389298491,13.405901149361425,1.956998860050818,2.02432865368392,2044.2878359491947,2
3.0877038447442886,-1.901411279946744,13.353042362692824,1.9233846307514668,1.9906115788899492,2090.364174483065,2
3.079409876983324,-1.919255912303924,13.191845405601452,1.9626654868354336,1.9922503100897733,2104.874793138333,2
3.0744835002693582,-1.9132303984579224,13.199092836437115,1.9501721387851751,2.0069812200740422,2120.1875687102342,2
3.0725885736728142,-1.9669536527045468,13.277290021587987,2.0040126207345974,1.9902368330669973,2110.3386734831115,2
3.0704399011806105,-1.9895899495678744,13.230138053437186,1.994427840152901,2.0128893224065183,2118.8163623924024,2
3.0559337174821044,-1.9791868354032145,13.708253146645548,1.9578782516325308,1.992875170564937,2103.226185324664,2
3.064213644244713,-1.9441291950419977,13.855572329309874,1.9531595921088103,1.991075851246268,2119.8912740924397,2
3.0602683078743027,-1.9845438867272016,14.089064115535711,1.9945597844923328,1.997699156135856,2132.526836463792,2
3.025265242525204,-1.951560599361352,13.976304476846474,1.96832474405894,1.950753570316794,2151.0185736924577,2
2.998223460363058,-1.9527715969228443,14.230592339338644,1.972675987346444,1.992317943515889,2144.718242713794,2
2.990813842076741,-1.983089712565531,14.2691084867466,1.9635325327604825,1.9841912549412892,2156.5256537705827,2
2.9937793194890743,-1.9699777536049583,14.401305407107222,1.973460655369446,1.9506989920924545,2201.654574639783,2
2.9833088520758166,-1.9881858582982048,14.245361265308128,1.977010140162028,1.9431425204534012,2189.786572850393,2
2.9641300875269727,-1.988646373063504,14.14083699551886,1.996165464738171,1.9250117015695876,2176.3137484796034,2
2.9648554539252183,-1.9983785752050889,14.548729177006702,1.987914790650328,1.9263772300617423,2226.700894110217,2
2.949117798291281,-1.9982414491876164,14.999619815163976,1.9750108226330707,1.9724386587828209,2205.4001494082154,2
2.939163853308398,-1.9904981715950425,14.912814580037924,1.979010514156547,1.9796117401408575,2245.926902542571,2
2.9252439558862933,-2.012007522011945,14.996754437863473,1.9873732571116456,1.9762204310851184,2211.1471064219218,2
2.9374669040748453,-1.935558409034136,14.982384270536707,1.936518020258693,1.9324254218689711,2219.868520770958,2
2.929501369327842,-1.9515819224768765,14.813314466419332,1.9538037155916583,1.8975555878913333,2229.0534675278345,2
2.926216568061691,-1.9237715327097296,14.8630211253366,1.9264092930776648,1.896051007830455,2249.674260853295,2
2.91688431308655,-1.8920406424356788,15.181177987309988,1.914152470177519,1.8395993855898969,2279.6848999754397,2
2.8962717727272813,-1.9245164322995847,15.367572790134435,1.922832165649551,1.847261540904016,2304.260837212296,2
2.876053056317175,-1.94061064827228,15.529580070586976,1.9309501829975373,1.8450716430555565,2289.927838171314,2
2.8652627796470047,-1.9635334100551955,15.396587234771175,1.990351009511663,1.837900103923089,2284.2315403372936,2
2.866106353834004,-1.9206736951531047,15.69903810295516,1.974655780963555,1.824757482477291,2305.182747298372,2
2.838591200148988,-1.9341191017699093,15.65348313383,1.9634629652171791,1.826341636166601,2300.135603305109,2
2.8560420503159483,-1.965251576043889,15.665683440819484,1.978377714842379,1.8420433862480576,2287.376162226325,2
2.838549571122952,-2.0093569826937,15.63419793751425,2.0126191413331167,1.829894815376419,2338.869114310441,2
2.824031711338524,-1.9915329367814665,15.806019437527222,1.9879044262235035,1.8063686122437432,2334.4517741860027,2
2.798083874993696,-1.993533749066427,15.958678959372516,2.018574162157709,1.8284175738603048,2332.114700774233,2
2.7930542066425623,-1.9655769203237428,16.210774827146246,1.9893953803770543,1.8058564705763036,2340.646531156438,2
2.7891910518714766,-1.9692078728875717,16.210507901128896,1.999331041010554,1.784627510402017,2325.359164483533,2
2.783383081059256,-1.9880529531461768,16.70628918859058,2.02188334029592,1.792311165861027,2350.1724780419618,2
2.781807294148885,-1.929977113615253,16.887224163123946,1.9447309135676856,1.7717025901029209,2371.467416729042,2
2.7638552103213923,-1.9417082285452756,17.197967175238148,1.987731125540363,1.7712636354440698,2372.388717925477,2
2.745729780482676,-1.901887952210661,17.221877766226577,1.9697558294513269,1.7421857546903432,2388.542053588135,2
2.729410207200193,-1.9153915411697893,17.29020428800298,1.947745271071703,1.7081031285360195,2401.514841410928,2
2.703048072175352,-1.9130776114092625,16.969172232165302,1.9199080038927263,1.6903873567809602,2393.893801751964,2
2.709527269095004,-1.9065483937006509,17.20525322417299,1.9606480883980932,1.7053843643850906,2390.546753660648,2
2.7594261883261675,-1.8626185612764183,16.879208581890175,1.910356343149424,1.7064450422446875,2407.3858299026933,2
2.7489337185899654,-1.8840402996468688,17.06228869546673,1.9437525261661963,1.7305551835162911,2399.690416530221,2
2.7208490614405654,-1.8906530977009284,17.340137470268207,1.9826736678620287,1.7215492496947324,2431.851926518057,2
2.70323208206428,-1.956822375694435,17.697456822423877,2.014803163305728,1.71496481774096,2440.6518642402693,2
2.6927152593692623,-1.9128026883759195,17.668753492618038,1.980913986702879,1.7040523319187286,2441.301494666915,2
2.679744614812429,-1.8868157934999743,17.89874564530605,1.9570937203076084,1.664906840481445,2471.610864696389,2
2.655119446223368,-1.8584712315462308,18.28513604580999,1.957869544714511,1.647424490152005,2463.65233205464,2
2.649788283302399,-1.873355386499872,18.1060664239758,1.957703531859164,1.634385015436276,2492.318933178565,2
2.6270021935422982,-1.9524320728050732,17.996918101510598,1.9986678725945024,1.662173893637286,2474.178238737369,2
2.6115266448723338,-1.9473618254690117,18.251158999825662,2.008081989730903,1.6494941996957015,2501.35918860521,2
2.6068232287903745,-1.924804864529364,18.329505143765203,2.004965592287258,1.6261141764189668,2507.427867409712,2
2.581293295243544,-1.938636454636465,18.67107804235583,2.010045131523452,1.6419990383936254,2536.7979473182536,2
2.589251818057305,-1.9239304858053503,18.92379733331188,1.99503585892523,1.6417312579240613,2591.7523697721745,2
2.5800825878531635,-1.941586091846763,19.138321077038427,1.996427529943204,1.6653465589363416,2586.933508958645,2
2.567772335634974,-1.9288336445471488,18.849614423192197,1.987680281707627,1.6413786289934644,2607.066618228386,2
2.527786573250137,-1.9941286901513984,19.15979587532089,2.0099970634112108,1.6159042259176335,2567.68715571786,2
2.505063743648416,-1.963035564222733,19.002786190923825,1.9549629367040309,1.5876803462376854,2650.630583072136,2
2.489979949540007,-1.952656064204827,19.211469039231712,1.9845849992986209,1.593756096805641,2637.125781396192,2
2.4745586860679585,-1.97668314122868,19.777857694797163,2.0233967375612534,1.575470541765591,2623.227673559132,2
2.4846819446472352,-1.974758865590581,19.83679678340158,2.009542070463032,1.5780069724528374,2709.0602281764595,2
2.454765325534845,-2.0002542305849245,19.51472293830917,2.0522790155011,1.576891973347008,2716.7121523554465,2
2.432004719437241,-1.9952606626613425,20.03000073233049,2.006365070442954,1.5682675174610354,2710.197204955324,2
2.3857068530099843,-1.9721227891430884,20.194180128817077,1.980828911244513,1.5890242018385552,2686.801977100487,2
2.37435862332761,-1.97119346885624,20.41048544466851,1.9889526777638649,1.5992418959469148,2659.7290229112086,2
2.3605492643253534,-1.923987407884199,20.892341682297022,1.9669313694902528,1.566038550730951,2690.829550371912,2
2.329472134213249,-1.94373489068654,20.49406556454961,1.960770707287476,1.4910280597424097,2636.6576263975976,2
2.2883236722318,-1.8832222230420144,20.41903956064921,1.933259851918249,1.4537938112270334,2613.304183137631,2
2.2511559003841377,-1.8453050623396936,20.56182511837896,1.8927485760814429,1.3712026423322954,2632.5746258946933,2
2.2668166303349118,-1.818991366974608,20.91283248855682,1.909706951615339,1.3589544296264648,2654.5522724083085,2
2.230111362691412,-1.8753768751721156,20.97422586658043,1.9085139318140665,1.3904574113691626,2667.079779893338,2
2.2047853255700214,-1.875665184266556,21.136888058599595,1.871982008397226,1.3543339882068324,2691.014978831399,2
2.2050803721307988,-1.8018229428879533,21.186634052299453,1.8010851644470316,1.3077496757764306,2681.695513513988,2
2.245970650347409,-1.7786157559491909,21.25924320563584,1.8020540168899264,1.288300160162463,2701.96207048793,2
2.195036319915406,-1.8133851832258483,21.494078653301308,1.8055410570727133,1.2779934638274646,2726.8947315330274,2
2.1935377949012267,-1.842582487060637,21.312638562596486,1.8386783557023825,1.2920091894572352,2766.086352685255,2
2.162141729971606,-1.8774935613849204,21.56254898573824,1.866286823492564,1.3200492623323452,2736.6137008210144,2
2.1800857760949035,-1.721066714760791,22.11679548846032,1.7150408286534435,1.205677713462696,2732.5819537682432,2
2.3222760932888096,-1.319112568915248,22.47110702034956,1.3364694296956785,0.8663382979924101,2779.210226275964,2
2.9387856500591245,-0.2309160043379606,22.54273167912831,0.2887684449464368,-0.2014217237958536,2644.319479205651,2
3.332901255099352,0.0744583402832815,22.221899101120307,-0.0532521271219307,-0.4411201598401615,2595.54545839961,2
3.4427816568020573,0.0321724307305093,21.204161409846343,0.0196740240594764,-0.2089742479210146,2672.847474971933,2
3.470350013521616,-0.0151770071427657,20.44332544246833,-0.0082794068615402,-0.0923544379274674,2675.347197938105,2
3.48154992828826,0.0282477496894545,20.58081321944732,0.0296077507765531,-0.0659198465193827,2791.7111640975863,2
3.4164426904952485,-0.06118730803628,20.695486474179965,0.0408490065005625,0.0191000634525511,2749.371488468377,2
3.438163279059404,-0.0332352344593603,20.842152532703142,-0.0166907415141119,0.0296166955889339,2780.1097375561376,2
3.4599649235160057,-0.0991173065797271,20.339734254483005,0.0014654438786505,0.0349498868970103,2884.3304845387315,2
3.487705442006002,-0.0187286046183109,20.20760669822461,0.0449071981369749,-0.0171691037736743,2916.885379631363,2
3.4922548039944585,-0.103640843338948,20.89139298193468,0.0353783848890643,0.0099262473379762,2919.656214182962,2
3.5190096401168924,-0.1111178634141773,20.34982035973834,0.0396466924959468,0.0136297911427852,2801.503549541542,2
3.540351686363449,-0.0149373324744071,19.804051376388465,0.0574922256260916,-0.0408042262860417,2802.5250595001394,2
3.4951181154765054,-0.0423180150860849,19.41234889001904,0.0510648753114864,0.0252788694475057,2852.2566751263093,2
3.5637390128152817,-0.0273111852075513,19.38135050585171,0.030506872365663,-0.0438228035847589,2939.355107655781,2
3.533377798731455,-0.0392624332965532,18.509972418139807,0.0820551821125482,-0.0451436950574176,2995.9411621093755,2
3.53759809525427,-0.0334309215049544,17.514802156094312,0.0574260419848079,-0.0327939930132139,3001.187752181184,2
3.5657605596645143,-0.010865910369123,16.61341396491685,0.021336214427286,0.0042469635895795,3037.500159349273,2
3.621328857130634,0.0054329269214372,17.305162703919525,0.0173977475507338,-0.0071959132719013,2796.873454750645,2
3.5858666625565405,-0.0308748469827436,17.48746320301902,0.0107198335721136,0.0202293723130113,2967.3761227544896,2
3.59510592429224,-0.1311585194024191,16.76995393901528,0.0415204597224375,0.1056989777810954,3044.82758335867,2
3.624606252430441,-0.0817971022989216,17.14691990149948,0.0286464807939924,0.0104494604789578,3050.332113117516,2
3.5980250342877325,-0.0731651229103483,16.940358047713787,0.0452766261749444,0.0301359117555319,3065.7915960072005,2
3.596017246474763,-0.0641155213028381,16.963554576485453,0.0433255561409956,-0.0256865918078636,3111.408513052021,2
3.594586587237742,0.0376777452176902,16.015301541653926,0.0518633772000022,0.0140439795363625,3160.248901367186,2
3.58987621490113,-0.0253354075872249,15.51505647876306,0.017676045393159,0.0259730293566059,3204.9568017285737,2
3.5971055794618807,-0.0593241278729066,15.347121875443149,0.0933752682528429,0.0535670606876713,3204.683414664808,2
3.5612597465515137,-0.084924510680139,14.09046459197998,0.1529980897903442,0.0902410820126533,3319.39013671875,2
4.061131477355957,-0.0014187614433467,18.403247833251957,0.1379954814910888,1.2960253953933716,434.9913635253906,4
4.070327888151825,-0.284349585815747,12.344696162250893,0.4459133861991885,2.9083973767253504,-52.56850606635542,4
3.84238553197602,-1.3307216449490855,11.377894163883823,1.5418556875987008,3.3193390136261467,69.29371082293873,4
3.708661003443721,-2.013225236525671,8.519111861941942,2.2158275951722444,2.9032425459251043,124.95807012323326,4
3.726060227264741,-2.083160983275164,7.032856186105626,2.236658198600312,2.675354819192495,147.12687348567349,4
3.717515279818032,-2.116719897989219,5.441853309655415,2.1854736947862885,2.624695298047472,185.65166302509488,4
3.714754661174979,-2.037329330053239,5.140801372588245,2.13593198899591,2.650663081779841,141.93084899709802,4
3.735598057226428,-1.869860999591719,6.083954856222737,1.9769318472323731,2.6979867328980744,130.51901557994566,4
3.742308647474656,-1.8036039187705104,6.118922423113032,1.8788339399764968,2.690344557025079,120.26069908262428,4
3.74758347652688,-1.7790619898293671,6.672369520746947,1.833827597485732,2.7285729748217467,116.62178419817133,4
3.738770655653078,-1.8252737683828697,6.971606311737927,1.871056291959263,2.7358443955141665,130.68595221967726,4
3.7446247658895015,-1.890385853003252,6.217223519406485,1.9239635689401475,2.718662540243251,174.4296904121663,4
3.734907677497021,-1.9269762257296208,6.041182809823695,1.954247272353067,2.716075200011677,190.67050536724295,4
3.6791371930660888,-1.9755420782588635,6.287099477244476,1.9874021262400532,2.6343055440800422,247.3993902838192,4
3.6597475328656026,-1.861352623449139,6.0368787903891,1.8721477880086808,2.6321930652161125,271.38800462788964,4
3.647400334054363,-1.983975430768371,6.251336798682949,1.9732185139641023,2.6485000566729235,284.65369663178365,4
3.645498308849636,-1.9679520404677289,6.253435658355617,1.956624874181176,2.6361058841368377,258.8537217389898,4
3.6356243778854513,-1.9792995298698497,6.774086846914201,1.9993162730514813,2.610252449565129,273.62688275165743,4
3.626708730914239,-2.0147840382548914,7.076378416187755,2.0718951872094573,2.6035797889300327,260.8641651045261,4
3.6296037108364168,-2.010454301954444,7.327150447135468,2.051998490414785,2.587104805636481,281.4843246508096,4
3.644311165583999,-1.934404930105721,7.659586759019725,1.939353223854811,2.5999101704979544,303.9135227143201,4
3.65017182593842,-1.9261597729631776,7.748540499232921,1.9280950500385996,2.56944356656601,345.5681003125307,4
3.629984787209929,-1.936575914407002,7.897161598085229,1.975496912228196,2.591081936652728,319.17548098398703,4
3.640464980519533,-1.941508984340102,7.776400533008275,1.9754257514273708,2.5772984388874907,343.5904984820152,4
3.608839593851228,-1.96225706259911,7.635712000849871,1.980361078439827,2.585995006260436,279.960829388832,4
3.613529696449497,-1.960989954719784,7.628784023248811,1.951952368303052,2.539336338404225,308.23153975333327,4
3.607474342129584,-1.9122260241102345,7.768101929866177,1.9424015919116768,2.5523743441428297,264.7978805397589,4
3.562942379280596,-1.9593208637147292,8.31852098218274,1.978849595653522,2.5693526192794462,329.40981901632114,4
3.5630580348547323,-1.9867091652722768,8.966256391362814,2.004326677096755,2.540369148134057,356.25399452955565,4
3.560681455894976,-1.9561938408421415,8.618823764452047,1.9694047496897944,2.521425238919183,314.1769670071285,4
3.5615185931654008,-1.9287508560656,8.823895655971972,1.923345055489886,2.5319358986634937,282.56132521764704,4
3.5417369810940715,-1.9242949576031896,8.375508082777921,1.919743601832104,2.5259283927712906,336.45996719504745,4
3.5479881590473163,-1.994303890583267,8.498527268129944,1.9733243740695507,2.525874537248341,353.0881548860472,4
3.544330099779725,-2.032696403539519,8.659732818603516,2.0166436550369022,2.4923874985908485,338.2780600947913,4
3.542452445165592,-1.995900894941216,8.499443246739144,1.975711268957481,2.504626584729938,349.5263461043782,4
3.5208947425385,-1.9989272826101503,9.151699848355554,1.996952435195634,2.5256769281080467,346.4805504831983,4
3.529539069918804,-2.019247296480726,9.319169775544657,2.0348108792530626,2.5521882776206226,365.4169961345684,4
3.5430015246574813,-2.006564321578113,9.5014737126203,2.033882193008808,2.53820036939266,354.14510010920867,4
3.539407946709954,-2.014149605663793,9.408990438804263,2.028639900195486,2.5305622819846363,333.1725593831637,4
3.5512108539557232,-1.997150762224047,8.926452077149595,2.0105666234290185,2.55783315111034,360.8675110633439,4
3.540156124518121,-1.9907943187075836,9.13380132488648,2.013070202024201,2.5315321063393674,352.9231758960038,4
3.5389359493736965,-1.9674862852607988,8.666372425548658,1.9856600182289577,2.55165507665568,329.33412387017574,4
3.5494635819636686,-1.9402965570473896,8.401231404734709,1.9497686511710608,2.5359078484002726,371.9526606899703,4
3.553885118442379,-1.9797068251420271,8.671706389177489,2.002942656869016,2.538800562969894,405.3224004992173,4
3.5456573985728554,-1.936614687886524,8.884545491696905,1.9431628616826395,2.529193564544341,355.87198607628306,4
3.5315961762557646,-1.9841788890609984,8.703219248293326,1.9951783181741036,2.5335618930660213,359.4790344238282,4
3.520018370745686,-1.9698788292400469,9.155573216146475,2.006450177743232,2.5230751737059105,372.90448874103527,4
3.52279554481386,-1.9387726298642085,9.611862459393327,1.954893539380576,2.515245363163271,420.9048464802161,4
3.5171235344763434,-1.96421519927798,9.60890893906073,1.9846557893963643,2.5439452613565825,415.4445921118704,4
3.511571166643209,-2.01525331446049,9.888540267944338,2.0702504081304896,2.4944987605422826,423.1224416257455,4
3.51675005666089,-2.012088580838513,9.582806620312036,2.0294207939966245,2.4819142540170565,411.31739561640507,4
3.5088708836949585,-1.9763105976092703,9.656795874755089,2.011169111691063,2.437136917084173,473.0247445572816,4
3.494053399901285,-1.9235145229646464,9.74471976704402,1.954940658262476,2.460431059828316,452.7832051466692,4
3.505389008236232,-1.9595330178925665,9.850562983130809,2.0117965650859317,2.4931063102998943,517.3798706824847,4
3.5135839827805286,-1.9624991529747515,10.116081183641116,2.026043227042309,2.506187263723428,506.30669800189753,4
3.504236315327112,-2.018399643221112,9.757269116230193,2.056127434649302,2.447990412215705,565.9865304844612,4
3.4901162133984007,-2.0336019571647284,9.904638669468252,2.0362516630335183,2.449964143500343,550.6051044644618,4
3.4976803203486493,-1.9654318951657892,10.203081353605734,1.991908152020692,2.4483277918036426,534.9581577048317,4
3.500126599513394,-1.9659531424850325,10.000308617432411,2.0214353781017222,2.4319685302698275,533.5965882310355,4
3.488063251934593,-1.9534361768596176,9.997897969435442,1.9869633085720169,2.4675541097057354,533.1325654712763,4
3.5007599009324326,-1.9419273713409708,10.132340909554754,1.988042538098356,2.487920630993527,566.1173521216358,4
3.506099823521515,-1.9745180776066589,10.362971194535024,1.996145862510152,2.4817325015925458,548.6114037931901,4
3.5181941737887987,-2.01380596852829,9.897766378023649,2.0253393431943296,2.480140786817773,602.2563120363639,4
3.4929718813309534,-2.0065178705690787,10.78683853149414,2.023517908734102,2.473108823367098,535.9120991703841,4
3.4996506866972528,-2.01440562096304,10.822214517683635,2.033782476130344,2.475013337300779,578.8151114190039,4
3.491325998907961,-2.0374786981648825,10.615874889145138,2.0619258790362145,2.4712464786854453,563.5742432025705,4
3.4795458677815336,-2.073594818355909,10.55376816999273,2.0866402639575563,2.455532783213474,592.9954015689693,4
3.484638890257393,-2.078707161009876,9.952642440795898,2.039043748416359,2.4269378523721303,580.8106556600577,4
3.494277398292951,-2.045663833618164,10.24018089101894,2.035201719506682,2.437328351408901,593.859898901136,4
3.4950623737900792,-2.0405719626213097,10.428320400346346,2.047289481298405,2.4484451163078336,625.1781939678012,4
3.494072419235759,-2.058818790814854,9.68407535252135,2.043449752338301,2.4444835712480995,666.1530863764907,4
3.4900888998049666,-2.0775123778201805,10.438130183174785,2.093035172964872,2.41909428199383,620.3929221938463,4
3.48850723696808,-2.080050227769917,10.076955115381471,2.075779358295236,2.448099060389522,603.7093453873596,4
3.485593476130007,-2.0914409784864554,10.821772247458858,2.0922426500531026,2.419313046458392,600.4352201347472,4
3.490262268469537,-2.042223774672306,10.432259478403568,2.078023453992248,2.391199217985857,640.6819739116104,4
3.4940137818032637,-1.9760661486195463,10.262585769316376,2.019173640181965,2.465814889793516,628.8275113752588,4
3.485069896896555,-2.0042182338726637,10.360205105802615,2.0429755505703224,2.442478348404075,660.4232379901297,4
3.478228956366939,-2.0310554429183623,10.362289031597342,2.0238742219160786,2.429995864723759,710.3912867597226,4
3.469766696544852,-2.038917970958192,10.372403520890968,2.047636450277142,2.4260258358735767,734.7609229824895,4
3.4745734557744457,-2.0802282948599253,10.114591923421868,2.068044615092714,2.4502792802142794,743.9644711852446,4
3.479330675835113,-2.0137446069566978,10.291119981639396,2.003688856630295,2.438533512951824,725.8562699086278,4
3.4708822360174136,-2.0217327311964066,9.974496727110084,2.013167531708437,2.420086045370493,794.080384456021,4
3.4760875822241752,-2.040049234023229,9.833545420072056,2.023445447536673,2.443836729609252,723.8327958260426,4
3.4859069190942904,-2.045880744133838,10.144152024566932,2.0368282238391666,2.426521322328586,737.4424654121277,4
3.478593619463948,-2.043870472381544,10.426706945858545,2.01328382131053,2.449499210724696,723.4025191538714,4
3.4623550774547205,-2.094938571520785,10.074569407321674,2.0764178056446165,2.416950167917679,735.046950283111,4
3.4505223212558014,-2.0506072901776915,10.289134221122094,2.0371657004491763,2.4103933711909344,759.5114925155872,4
3.458224010016264,-2.002473045222767,10.545243723535386,1.9846128981196167,2.4374812627064317,760.6758796379016,4
3.464999478698153,-1.9750157997059143,10.519380449120556,1.965101850145623,2.4580992494095764,775.5955535214781,4
3.464964100991138,-1.9613751665650856,9.987958354528768,1.9322830581514616,2.46902539150948,750.6625038893067,4
3.4476219953422667,-2.025058897511816,10.120146351281775,1.971503763920877,2.4677900734007925,750.846409553985,4
3.449005739922027,-2.0563052919008755,10.134820204051886,1.99271703556133,2.4412658590623635,749.3765505240168,4
3.440145655761382,-2.0190985578843845,10.652025264896428,2.002193809683767,2.396805922691754,704.9557468161598,4
3.4360515597490857,-2.066069907570487,10.44042767184766,1.999830212126771,2.425167779441136,711.3317102859448,4
3.4347590745811583,-2.024662839125384,11.020833999200574,1.9763482726334771,2.376160769808556,759.9279756275262,4
3.433565122471999,-1.99701826805572,11.177181087457797,1.954515934366533,2.3996977294657134,731.874715233451,4
3.434314845864329,-1.995787561127816,11.384172427541449,1.9814935384864687,2.415374984500536,795.6237005480458,4
3.4423478958358524,-1.997323017767175,11.286005483440798,1.9892629411318323,2.4020976508829497,801.7916469634148,4
3.441613981024324,-2.01417711405348,11.1279134238932,2.0298521827072005,2.406030237486686,816.5591384454478,4
3.439980797963188,-1.954135674783484,11.498075981621486,1.9671801227124328,2.393161072715976,828.9293076187276,4
3.4401057962363453,-1.9641294535778295,11.350367660402124,1.9447061767337448,2.378346553736305,854.5178804126829,4
3.462111319653243,-1.9663666231023025,11.171994928305836,1.953683591039399,2.381393367935807,920.3275691372356,4
3.435683175968447,-1.9717585675723923,11.316642505513386,1.947302438107199,2.4126102593418923,898.6310665479596,4
3.433650959177348,-1.9674018783148155,11.331583507429537,1.9719045466805103,2.455120418350027,872.5024781813754,4
3.446921659192828,-1.9559616749218964,11.3696556452321,1.949980638756737,2.456955472753627,893.2340446014886,4
3.44133676489821,-1.958344384322783,11.57515544470176,1.9344148045458625,2.440172046516972,893.0471907654763,4
3.4522791014108747,-1.9230812912107649,11.643079875019447,1.915084761776007,2.4801827281807496,924.8597579619112,4
3.4442852175198144,-1.9644975252331995,11.57710344031782,1.9575069721564884,2.4352798830447515,950.0634603891464,4
3.4564520327450725,-1.9549386189186984,10.81786629830249,1.9459334484034156,2.4501716473877244,945.3787893782657,4
3.428250073634488,-1.990565221392394,11.640998774146428,1.99564232999218,2.430317860672526,900.2637825854572,4
3.4235755569927324,-2.0061827657350606,11.596361755948717,1.9990388489672064,2.3871483539557232,928.7533931310994,4
3.4212788956398468,-1.96766923842746,11.133496883163692,1.9880250699888644,2.4121984382533124,985.3943131022648,4
3.419190998709164,-2.011659774118417,10.95570051632469,1.997640814690936,2.4117275036471875,964.0440165522724,4
3.426593958767431,-1.9943878616820372,10.678971660626049,1.9623931499685772,2.4154608776140662,1022.0022760144542,4
3.425458197337972,-1.979074754549502,11.055754279488644,1.9530724162935085,2.447609109457359,953.983254610176,4
3.4082822393543712,-2.030386274921405,10.942487084903178,1.9922054080933047,2.431430390204541,981.8596339661992,4
3.421940908823104,-1.994794674852293,11.149252034136174,2.006152213935972,2.428098128045019,1021.7279206766318,4
3.424707032152531,-1.95523674104492,11.05385901273613,1.9624908568355188,2.419350837683452,1000.8653705007276,4
3.422905624852948,-1.9915850737869552,11.18335343610601,2.0006907287080207,2.395882884034599,1015.5786773970452,4
3.4080570526303555,-2.0247777527439097,11.538755477038835,2.0309248105960687,2.41986029907732,965.3264622252084,4
3.3923606218223687,-2.005839215844212,11.480115499406214,2.021022207729448,2.400917635355086,999.3407814194346,4
3.4091709667951906,-1.9566749699108237,11.31375583263602,1.928594724989088,2.375132869846813,1052.5230123718452,4
3.397829118211187,-1.9250392609214184,10.90395912387018,1.9382326381063613,2.382721673802999,1066.95186501873,4
3.40633505752034,-1.9371818744045703,11.18587632886243,1.98369110232272,2.399577451429157,1065.653401949428,4
3.423756760377613,-1.9331622875827343,11.60088425705485,2.006384465220598,2.414412345043868,1080.931726112727,4
3.3842790390038715,-1.962140568047292,11.132552041616352,1.9922971462225687,2.4067413521113834,1073.6099568556533,4
3.3962693688245227,-1.9502368356903268,10.976664546160292,2.0186825325060345,2.407293262541858,1068.7503681363369,4
3.393690977186811,-1.9625301105366897,11.37699232492537,2.017554976586664,2.420003724022995,1077.1981328248226,4
3.378505931667725,-1.9739128407619728,11.281171263204389,2.0280252232536533,2.382470691993785,1050.3630875548354,4
3.387374323625294,-1.933509860505065,11.485918026993328,1.992679526001121,2.376663039535378,1078.7436689021831,4
3.383912557307102,-1.941542799164444,11.592301094945674,1.9477830892105583,2.3987103426118,1068.6063124599516,4
3.3959270599136597,-1.966630453943078,11.770675592994088,1.969334914105172,2.37397781907572,1067.4876508742852,4
3.3913095960105637,-1.9779388897050445,11.468982473908914,2.017378086171316,2.359577927303615,1133.449224526198,4
3.3788141008431225,-2.0256088272630226,11.432790912664274,2.0296321528191066,2.3787129730080205,1143.0559301526766,4
3.351642876393412,-2.001745135250152,11.788750392781449,2.013191581148454,2.3656954757798734,1191.757085854323,4
3.3499923361588726,-1.976826759166898,11.44610043655058,2.0175295357448446,2.372624920745753,1207.698880264812,4
3.356238943545224,-1.9581132976790712,11.483745722364551,2.007868711128596,2.385474669068393,1197.8200741355731,4
3.3674253507367444,-1.9686990765743075,11.072545584067932,2.0220643879863367,2.3584828241390383,1262.8328610970775,4
3.3664220394772304,-1.9491975803856592,11.193867523963522,2.0150128915106835,2.364706648637067,1222.6135561970132,4
3.398724631180147,-1.9740002914934125,11.226321418954743,1.9720471303921765,2.317167513754089,1234.4274074422074,4
3.385410429927453,-1.981855553783453,11.30523939764462,1.978257347356634,2.356255807335068,1212.4813910162416,4
3.3978228283229317,-1.9922655911099645,10.97940777679347,2.007151902286036,2.351615279254853,1224.9545109023798,4
3.3802629502413777,-2.012413965790806,10.82267104789662,2.0280165288726617,2.3211012977154857,1254.5607139996553,4
3.361429229519721,-1.9884530625508792,10.703480001503738,2.031165086132495,2.3084303693440438,1287.8074400507687,4
3.373078803534764,-1.9563483029886,10.823967599718353,1.9956647187753436,2.331535877865572,1271.482929795322,4
3.3525834339274216,-1.996641086855145,11.053091488426038,1.995212040489028,2.3183908537735323,1276.100694530018,4
3.3570178540347126,-1.9973157632990213,10.808733798728008,2.003027573744957,2.3262426055944303,1270.7518210426117,4
3.357107485882491,-1.9620419007370529,10.900909159085726,1.9898161365406748,2.338194167200323,1262.8723260055206,4
3.341367083017006,-1.9752951815301312,10.36964101821466,2.0190140516600024,2.323842819556829,1278.7567265748226,4
3.3333172941057465,-1.9857509452085769,10.504575386408376,2.029905747163935,2.3110392424586443,1324.1391582308509,4
3.3472180306347386,-1.9630885861273444,10.883607196507018,1.9971560766268228,2.333194205437549,1307.0519411105086,4
3.348056156176498,-1.9489235129642184,10.805930928853034,1.948459647055304,2.297497762114468,1367.3611567644666,4
3.3311500271036047,-1.9285814355976576,11.289026064827617,1.9727531389483144,2.3314806956222003,1341.5089885338623,4
3.34715487979564,-1.9192180268772012,11.182750629701822,1.9530736899902388,2.3055141746809804,1380.131921425227,4
3.3402645602963323,-1.9068804366355443,10.831340861997395,1.9525736953933912,2.293419455128137,1365.9414127963576,4
3.34166255959953,-1.9568622345427984,11.380401761749946,2.0248753682295986,2.3100561651897733,1374.176351168178,4
3.3283598362835423,-1.9707135804444085,11.816709551525424,2.0484541312377167,2.2877824727669123,1405.1264086220929,4
3.31988834432247,-1.9375561204994507,11.79733351878939,2.0342755701263617,2.278540754919925,1315.1889733155062,4
3.3011867789439973,-1.947600038645772,12.15740334423558,2.0061638738830765,2.284289779723254,1325.309394331009,4
3.294151782989502,-1.96600816791366,11.732797108238053,1.9969217980321656,2.278713571536428,1333.4693357064525,4
3.292747455440485,-1.9399192273052708,11.629736590460643,1.9937262719361943,2.264590466436151,1348.5690321094987,4
3.2760977775140514,-1.9137563077433253,11.331251096274196,1.9848443871416883,2.245863420354079,1375.8287904179813,4
3.287953582095799,-1.889127617754772,11.683423129542014,1.965621274728505,2.251153017820244,1359.6246977123185,4
3.274803472994254,-1.94735249773561,11.350648320435727,2.016993770087931,2.242001422196157,1354.857428036278,4
3.2799436421800485,-1.9830236352204529,11.15005464283074,2.026782455504505,2.2164014611710505,1315.1334243918825,4
3.277196019229829,-1.971638884078065,11.32483446259604,2.031001272261707,2.240840455335021,1306.5502282753353,4
3.2698376870681813,-1.982574106014865,11.455488656221508,2.02996492536286,2.2293172198515205,1327.191544878745,4
3.2623947651980427,-2.014541338670893,11.461678351513596,2.037297198449024,2.243925114159328,1348.673565885622,4
3.2708533705220986,-1.9699597125549808,11.13696200012785,2.0131351519082257,2.2557093510492363,1347.3106392941634,4
3.2715700763257143,-1.9387245268475743,11.69549794302378,2.0007348974420447,2.2403522575691297,1343.6076109492062,4
3.276372849377172,-1.8990728663345235,11.73481520042058,1.98493674124829,2.224923458009112,1349.7507243351963,4
3.27038757808577,-1.929284515441028,11.743426031118686,2.0002172271535974,2.227027598991755,1406.0726876725157,4
3.254046792863672,-2.018399135547482,12.06830289461636,2.075251270919945,2.2190990530730046,1380.8390019654476,4
3.25275004098092,-1.9985810495701497,11.918419206180031,2.0708380332128487,2.1998105568088566,1418.6460885129145,4
3.255611084237084,-1.9975607650889204,11.81636878594239,2.048858656116088,2.2159021592666672,1442.84194898154,4
3.2657158495123837,-1.9880812438880608,12.049026320785378,2.0326772443127554,2.269689530604269,1450.7177503327084,4
3.266263028424621,-1.99232518748154,12.245775881625876,2.0632151211097782,2.2364373966722466,1431.371929758354,4
3.259558823582502,-1.9818800398227916,11.932177342074905,2.0458142148207408,2.238747765213157,1504.3317455207514,4
3.251269999362693,-1.9991205110910928,12.121212613319372,2.050722249298817,2.2303621092053243,1518.6687123391905,4
3.264306382802007,-1.9417778388934932,11.892011552202964,1.9959253023851555,2.2151075492521946,1495.80450766771,4
3.260287791020487,-1.9483827348763252,12.236091806309451,2.0018896834707407,2.1893449333563963,1478.592655217986,4
3.2549150832443963,-1.9504559134083208,12.368164029407197,2.009157513970456,2.204366837390214,1517.0832454067686,4
3.248409311102016,-1.9602275315895443,12.38183545314175,2.0132476757001427,2.2026325212292117,1546.2597232662165,4
3.239879177947902,-1.9592961501623924,12.309181020838984,1.9978251167652363,2.204763760702091,1559.0436946255174,4
3.2418409085800217,-1.933441422715172,12.021060275730653,1.9628476649052715,2.2225367789764885,1574.652772343873,4
3.2284810746129757,-1.9451189823331143,12.179019539890236,1.9949839867251904,2.220050240164676,1575.6281907716373,4
3.230655414448928,-1.921569104074304,12.077539263463546,1.9734943759178136,2.176447623911716,1625.6423678714018,4
3.2359034639051663,-1.9689561023321047,11.7782619729027,2.0138158775654493,2.194974074228329,1620.4202622855855,4
3.2380839665229386,-1.9754016711508813,11.725717051172106,2.027558435777008,2.191849796553892,1628.397227579111,4
3.2546189425495515,-1.9827220511361252,12.009188002216325,2.0167686209693696,2.189903381119015,1629.5587862899242,4
3.2694412894805525,-1.95831032431088,12.399491749351334,2.0174371323750973,2.1792091089844328,1627.7250271866374,4
3.273406680826133,-2.006086220124541,12.615977696439815,2.0178343858628613,2.200304208117705,1610.1336238632446,4
3.26037932043948,-1.9960787837813705,12.286806359276037,2.0398092292460737,2.18634401210099,1661.5160643761087,4
3.2499900608784773,-2.009645531230169,12.19341379159633,2.04094582100396,2.228450430680525,1651.0329786234468,4
3.236897744590928,-1.9770288125197597,12.282460555669266,1.9939400521738675,2.200842354199864,1672.4038124445483,4
3.233866506570521,-1.992463918890487,12.214931364691228,2.030514486956672,2.1858591679894963,1658.698340767942,4
3.2323135013459985,-2.012202480990052,11.641080537428987,2.0278765561076746,2.192757435025477,1672.9474939773515,4
3.230970133742324,-1.9968063229642088,11.73704174414794,2.0197692631923063,2.178058529501833,1680.2301941880671,4
3.215341184417532,-1.982487410777,11.615032560065725,2.0341036079057773,2.1365242297717075,1744.194295119036,4
3.210707162080879,-2.004268131421568,11.731551928475078,2.039502180713209,2.16727807770016,1734.983113478411,4
3.209144463674503,-1.9964107421670425,12.036161028624338,2.036353540721376,2.1654241122657942,1742.8244551890289,4
3.1837477232755544,-2.028669742379655,12.14097369582119,2.053507771025697,2.1666838107424957,1777.6580941474028,4
3.188418774198659,-1.984005891562262,12.125405407854435,2.012970682950428,2.1546528625187453,1744.2174957949258,4
3.184002574685996,-1.9711719081980947,11.936823814825306,1.9711622296823688,2.128372836188187,1820.6846142116028,4
3.2017334026493103,-1.9597107536785243,11.877205975048168,1.991271053578951,2.172860787870002,1792.818835333696,4
3.204071062220384,-1.9475757267196847,12.223032445937678,1.993734000609124,2.1525483981291957,1812.5084567385893,4
3.2141544826399264,-1.996938101876797,12.497048796163376,2.0183125888511597,2.14150771884136,1795.7883693562692,4
3.20268976274725,-1.965608604698903,12.387154139930894,1.9696860283331163,2.1488947266659904,1833.232597086332,4
3.1895800915426262,-1.9979065566408896,12.66263327914457,1.9597966449117807,2.1063682483949866,1854.9296640101315,4
3.172153729369588,-2.001484766367482,12.54584526037944,2.008257911784416,2.1313791026828417,1829.271212508626,4
3.174105475001531,-2.011473835454754,12.877445723356132,2.031653721625873,2.15282174540619,1844.369158338672,4
3.1760990800165603,-2.029123980916261,13.00834441561052,2.0130604712368942,2.1515932406536784,1825.193190710026,4
3.1522973975172555,-2.03289007313244,13.28079103897046,2.049148685172529,2.1332030928097314,1872.415943615068,4
3.1478346213933426,-1.965092769932672,13.263433636927076,1.9773781671885056,2.1323545956837267,1868.8638234424288,4
3.164182297438853,-1.941281017444864,13.17750031564514,1.976033003172288,2.146892227208953,1848.7775794188683,4
3.1436782439800464,-1.9504056435654225,13.077385914438535,1.967953636443201,2.107406502642466,1863.4874664210367,4
3.155284619105728,-1.911738965413547,13.11350736407451,1.9712979673211124,2.1102020010963227,1851.5910217092612,4
3.122058925568493,-1.9716637619662365,13.387695820925735,1.994955003449593,2.0965843381189773,1896.155734763161,4
3.0954489971184955,-1.9753290129008727,13.31797663270487,2.0042034767403587,2.075350606479103,1915.08043663434,4
3.068759223264099,-1.993846844423456,13.789800508541264,1.9975700825922864,2.0759246244039447,1983.4673344464709,4
3.074182935317608,-1.943152109531198,13.637206405495244,1.9872558425277564,2.0768074470363582,1991.354191440137,4
3.072438520587957,-1.951819586453,13.208986790774375,2.0151635923596203,2.066712059057096,2011.5034738053296,4
3.072841838331253,-2.0025273911208386,13.56472998237008,2.047095720700285,2.092320011241203,1985.052209896244,4
3.081580884073059,-1.9963423024968767,13.505266409191035,2.0244534940749697,2.100610603669464,2014.700176828668,4
3.096430655909637,-1.9960901662002224,13.405929020902713,2.03007710393671,2.11487567161536,1993.4295172947063,4
3.0980609305649525,-1.9856766247974968,13.386588776525256,2.021735426003249,2.105042878009544,2028.9212003401035,4
3.0890115224976644,-1.9809332664832708,13.356448456315963,2.003121788945484,2.0959653192514125,2000.5642698269917,4
3.074741817799276,-1.9953399565693704,13.78742963207256,2.0010463642397136,2.0712170285005302,2043.9304803794107,4
3.0537987763197263,-1.9741490650628268,13.849590427867998,1.9884865118502064,2.053652645285573,2047.887888237505,4
3.060090453842837,-1.9953401964921689,13.83514971086279,2.004813641779806,2.052421078696989,2051.318834563535,4
3.0694552550932586,-1.996202745648213,14.242650092212186,2.0392655055229603,2.011358561952032,2068.3266640070487,4
3.062535465703778,-2.002801407022807,13.992553725979684,2.0320026092348784,1.995774985487905,2064.6684485594933,4
3.055303204322839,-1.9965287018273528,14.375906119963355,2.048828368683343,1.9807031673587836,2075.690460493888,4
3.043448211266792,-1.9869281997439996,14.173337033870476,2.0193739779740105,1.9843796589397105,2106.8058666145007,4
3.029224607846715,-1.9900402458684292,13.968339393567586,2.019153465607941,1.973237958616263,2093.4365981429905,4
3.0230396320391155,-1.9579438437422745,14.016642462191896,2.0278312859098997,1.982672715036651,2094.7579880964117,4
2.991779434944177,-1.9977685337186997,14.153784189314498,2.007451876104819,1.9753339283097808,2052.33136544694,4
2.972032616191106,-2.0226363564139285,14.107068862072673,1.9927716085963445,1.945710040793434,2072.121708337441,4
2.9621209270946607,-2.00739247490555,14.422316581292865,1.992647180045817,1.9321035977793792,2109.339578815062,4
2.95113460799497,-2.0150546042324997,14.26395613613189,1.977522521364952,1.924116139532264,2100.700269247832,4
2.946039470588372,-1.9620518150389772,14.00615609105829,1.9846759075622076,1.904570230174141,2111.2289938941726,4
2.937570889289447,-1.9733649104927615,14.262601695978304,1.9959054907037637,1.920577533989675,2146.929040565852,4
2.915051576843021,-1.9688728784537088,14.781040263852857,1.985847405830768,1.9102413883720664,2174.778956464412,4
2.9126268877215944,-1.9358847032210047,14.879556111356813,1.954043227415356,1.907026050218648,2184.7488447604496,4
2.9236965841299347,-1.906078695874861,14.94292867522134,1.9578702739360576,1.8998882511060693,2207.816256839019,4
2.9301543213215537,-1.8935570746942272,15.084550349118206,1.960200942277156,1.8726806806089,2201.718682996106,4
2.912551625669942,-1.9626216858343368,15.176613148830665,1.973560727733166,1.8784852400187064,2239.9140686612777,4
2.9200955475166395,-2.0189632158550177,15.208436174723625,2.050798604917075,1.879520602406764,2185.645530917292,4
2.9135564057984937,-1.9791268610427808,14.886745726648565,2.0401516156241724,1.8873037788018068,2257.085466162263,4
2.889797290416922,-1.975862896028754,15.1713310536526,2.0219421236296933,1.8799300573601705,2260.330530208744,4
2.879012464348826,-1.9347494701481784,15.532328725989304,1.9523675825317588,1.848228570038588,2274.405710888209,4
2.848201356851716,-1.935524243661658,15.706057518438588,1.976162872855972,1.8329887081771996,2281.350953303677,4
2.8562942122811403,-1.9183015943701716,15.699448392970329,1.9773481896247025,1.7827620077584443,2311.3853147488667,4
2.824420374650684,-1.9064143403471456,16.08389048771904,1.9824080140056672,1.76955301001997,2275.4386421468357,4
2.822208991938209,-1.8932252599613897,15.445257842728772,1.9380799509373368,1.7472316602051072,2273.055514651518,4
2.8002287957946583,-1.9419021493628963,15.455980646873495,1.9843575961958355,1.7478299073240355,2269.962509395948,4
2.78931003414118,-2.0028509740197697,15.524020360471322,2.022982364197259,1.7454860345798335,2257.5472300436218,4
2.770131209671309,-2.050159555880432,15.54749813440846,2.076320982881904,1.790186743254917,2307.752719433901,4
2.757522682286212,-1.973239192827267,16.250969023358554,1.9994033872141077,1.778306198420961,2302.012484288742,4
2.746852197105577,-1.9713968587598567,16.431691407405246,1.9781128359893876,1.757888453615953,2310.189148911917,4
2.710502338710268,-1.9688959768517915,16.25934131514011,1.9814527444658967,1.715797185145718,2312.791634063239,4
2.7025067106782448,-1.9700403758780056,16.356807883229536,1.975445135910804,1.699351814267011,2332.747509303529,4
2.684544169188298,-1.963488142573119,16.593568880099227,1.985083771804906,1.7251167402658552,2336.5199001564965,4
2.6561131229159964,-1.8711535832859385,17.015240780562625,1.9180246783355823,1.6584627417735889,2386.9898878031336,4
2.623521740880298,-1.890813446947453,17.283262565684996,1.971108943505994,1.638227772261442,2400.949265729742,4
2.58548185577152,-1.9169982543879125,17.23969114766889,1.9779501525385528,1.6531749711803838,2365.0840529192133,4
2.5319161242115005,-1.9253439200037288,16.889878017293164,1.9824615186697303,1.6102397084612197,2411.4842101858244,4
2.50278620990669,-1.9205617972352904,17.182230922325918,1.9713998085316808,1.5940424557363957,2399.351828975256,4
2.442691626232881,-1.9116462728578587,17.481253741291418,1.962009366378423,1.5851134787598615,2391.8527716507297,4
2.3920187739543737,-1.9319467999581657,17.55630779567201,1.955995326162513,1.5604616106496625,2432.221309240684,4
2.363462753476404,-1.9222616295709227,17.79178764391397,1.9695180658286315,1.556719755524716,2396.986317342764,4
2.3095747792758403,-1.9317570259142376,18.068186052966198,2.000458418382832,1.527851100975783,2395.8584631309145,4
2.3038276054129616,-1.905165848295771,18.04703847843013,2.028219304250241,1.524460530055434,2403.6887907876585,4
2.275060030188094,-1.8971076729921887,18.082506980053623,2.0070250793962443,1.5090520923446031,2385.2328054145314,4
2.2640286236531346,-1.858344803473173,18.76949111144249,1.9795432715009795,1.4431376709170884,2371.6350313300977,4
2.5057849380120087,-1.0801416913793724,19.623741601167797,1.251668878910299,0.797717577651478,2372.0384009328186,4
3.155526593656556,0.0579405280317584,18.86517341806312,0.1071801172446224,-0.3866831936670551,2153.103491750053,4
3.4016985930854964,0.1478919042068706,19.224381281374377,0.028651769176031,-0.3492652335753584,2260.757230259266,4
3.4512502763549597,0.0725379156812515,19.57193317473497,0.0828465134939576,-0.1440086509057039,2381.6940394260178,4
3.5112563428066506,0.0958136381458032,19.699576844176285,0.0828601092875755,-0.0710025552648475,2394.0326509204947,4
3.554869445716545,-0.03761347252082,20.075272340503776,0.0409218516106748,-0.0203669658547734,2414.196427691245,4
3.5888643445276687,-0.0735820959372098,20.41271117056958,0.0502419852378427,-0.0367878097041926,2397.074272661179,4
3.577598246866221,-0.0138095909294785,19.01452320231247,0.1342639266175404,-0.0328752134077586,2379.406384007786,4
3.607427337568265,0.0141721055005627,19.324640863701365,0.0768098481093481,0.0158511606347675,2385.5005737689767,4
3.600572042284704,-0.0304782235236936,17.72770385260839,0.1184227556483768,0.0792910521761841,2327.9371056782347,4
3.6203366318711727,-0.0339771225954455,19.441583146056164,0.0786733164067149,0.0088393037098718,2444.189440802446,4
3.603038799123433,-0.0495359746016539,18.74583853231243,0.0106484592372223,-0.0310665956384019,2485.3961293313787,4
3.6032543911918857,-0.100000221270493,19.049862876675483,0.0215993622723351,0.0478300009663169,2539.0139452816948,4
3.5558618371042914,-0.1650999490677001,18.810453306613297,0.1473783720931052,0.0778718486616306,2661.943767559642,4
3.570532033872153,-0.0310754016370787,17.570179515080486,0.0962987306413212,-0.0116671087390711,2611.648735551804,4
3.623102206160969,0.023106539780597,17.028716312974026,0.027463405102209,-0.1157128800306033,2647.182430038693,4
3.6212819615373104,-0.0336480699832121,17.894771660163933,0.0249898429395942,0.0016868521245667,2650.466133767497,4
3.622028338044224,0.0076093652317954,17.10237411595293,0.0744369958148395,0.0179547127336262,2640.963188676804,4
3.648071652331186,-0.0255962116438152,16.484750067774062,0.1197622943704833,0.0413057822205324,2630.2989174635254,4
3.660035959929698,0.0332034445670358,16.807829883948482,0.0651142476155932,-0.0116553901274592,2642.384161819795,4
3.64218126937794,0.0051986856462481,16.449791592378322,0.0629105680219641,-0.0210892851361613,2658.485807497039,4
3.62443520142829,-0.0040234029058021,16.453404610089322,0.0432982427370659,-0.0687308526518594,2514.91208395973,4
3.633079692016265,-0.0432540233531992,16.595232286663848,0.057896076046425,-0.0356265758443333,2621.793993832555,4
3.643507218135268,0.0046768704846454,15.399076527977591,0.0249203442998394,-0.082763939320289,2640.532827287066,4
3.6090272074618177,0.0401477577981495,15.870013053484891,0.0391748933244968,-0.0457557087017907,2671.8876575746767,4
3.595171012336899,0.0486845008629354,15.633997631373845,0.0538569233242177,-0.0621157384974066,2783.2184396256407,4
3.6038140250305273,0.0891259176544974,15.239830811317049,0.0255211057076781,-0.0806565379447772,2758.784758077434,4
3.6405931714957447,0.0935959693056178,14.598017151047378,0.0353061716286728,-0.0017607942141288,2761.3669726254434,4
3.6281455172349215,0.0697597258897618,14.018280676110704,-0.0809933947816421,-0.0165959758866194,2827.2563314828967,4
3.665582968233512,0.0270018447131762,13.579040749968046,-0.0046323475322159,-0.0422514249050659,2792.111238016315,4
3.699300112408417,0.0416536528796345,14.65430465782478,0.0470908661593293,-0.0761745935687887,2733.772752828028,4
3.6747119622275655,0.0251503089672011,14.81153415655864,0.039706657073616,0.0159885474067181,2887.341883903046,4
3.665459002606124,0.0447272458334075,14.62669955894398,0.0405457600810172,0.0171625406631166,2904.6476126589605,4
3.6505629557540367,0.0215035363141606,13.67650581684774,0.0415452116342363,-0.0117444556370993,2818.9726346855286,4
3.6207740367022976,-0.0466978202811926,13.143257297551976,0.0210030713891282,0.0042878076704425,2903.846353139787,4
3.611724117200833,-0.025396820381048,12.475119975839124,0.1177070061514633,0.0327675744991431,2857.76554490339,4
3.598669445477073,-0.0703910185664622,13.20320156470458,0.0977205575123573,-0.0287369599254443,2761.654236032384,4
3.6036905279670974,0.002150392800288,13.626691755060133,0.0321065976463675,-0.0594004695289037,2891.300691911471,4
3.638018523104935,-0.0710875682227242,12.807689970600116,0.03011918590883,0.0505052864410525,2911.940330336898,4
3.58590028413839,-0.0282137915492047,11.683539610179794,0.0168810567116413,0.0826453830964544,2915.5486147907586,4
3.564886081105903,-0.0153370440147278,13.037094621628238,0.0539202746003865,0.0296570501916043,2957.425331476735,4
3.628925093340949,0.0111307222807448,12.683627510672476,0.0676290153375962,-0.0489193923794892,2889.24293070411,4
3.6255040168762207,-0.0278006116859614,13.820754051208496,0.0178506430238485,-0.0083221141248941,2930.989990234375,4
4.115428924560547,-0.1293050497770309,19.06614112854004,0.2155864238739013,1.5873805284500122,454.8874816894531,6
4.188444315406478,-0.2430828003386475,16.095192663412426,0.3258999697251119,2.691019462275113,3.2091208951346744,6
4.069814537299399,-0.86227938189585,15.776793375311648,1.0037908508311242,3.328532132631682,-87.24517021318677,6
3.919348127009446,-1.601245360574949,15.412324066789756,1.7959122598934,3.280874638060547,6.2334243104924525,6
3.8110352700109673,-2.109242900851876,14.665589043165692,2.349133389087656,2.940766026812454,58.62335269586261,6
3.7858582192408754,-2.306897098447113,13.244501722360225,2.5186555263547183,2.7061661353276896,120.7208091275566,6
3.7833291948168544,-2.2927533316219963,11.966000924816514,2.477031075322432,2.636608078885122,143.29000084578882,6
3.7766855168386178,-2.2458239111647527,10.807593291594731,2.393536331448738,2.5998358351656896,130.5753678595562,6
3.769160720068532,-2.2407009335714894,9.92310288270605,2.359007019883318,2.5724053191092597,136.27167043738217,6
3.764538804617399,-2.2145488924692494,9.52265489777002,2.331726003172629,2.586388288076007,131.7411494978603,6
3.762049788312895,-2.149361036377372,9.603348862754364,2.2622761800476576,2.6034503148722257,115.77953281437462,6
3.754201977954704,-2.1042493165520035,9.632277901909251,2.2074818558841125,2.577954532895271,150.6556054486653,6
3.740794690914956,-2.0826308840589505,8.751694823967691,2.177014870007252,2.537210801837649,175.83812756860937,6
3.731046409885888,-2.1453090851659966,9.028494913355742,2.179711201073265,2.5487626121946403,200.5506354685893,6
3.724578327844958,-2.1254204182563794,8.949661732591702,2.1705394305520347,2.527527933800678,185.75800994370928,6
3.6947233476412142,-2.134088142262516,8.21267005599613,2.1344167026784784,2.528091907065355,184.7464645915755,6
3.6789533560193215,-2.127429706304993,7.580168753698931,2.107970718056018,2.527743784121665,204.5540230871337,6
3.671667319982972,-2.1268709451232577,7.985880250250836,2.116887888917104,2.5556049237957383,158.1424937134904,6
3.636518058218947,-2.123017531208408,7.757939821623361,2.121957175692431,2.5291577745399265,171.7794847226884,6
3.620734753076948,-2.0904122401417067,8.212490315411165,2.068239451762309,2.520939177089461,228.63997219162405,6
3.607301323243861,-2.079687390946383,8.61297998654995,2.071522585434713,2.497244531537323,257.40599955501244,6
3.602237887094836,-2.103311947102521,8.610427260180932,2.103610274124843,2.473604812918459,309.0427372738911,6
3.606310169701167,-2.0891879088699925,8.353904347533064,2.0720519487775,2.494166141454219,280.6391308660699,6
3.6032050109214713,-2.098595179413093,8.1148056051195,2.0640664968019866,2.5014263106002668,241.05323844505185,6
3.591833607588215,-2.1138498116236937,8.026191526618693,2.0844315048545545,2.4846073561220328,251.9666582348142,6
3.5797626497104797,-2.090223057832317,8.142379460866534,2.070512286923704,2.483493913026353,255.97090213085224,6
3.5735177405355616,-2.075176765975394,7.954395179120889,2.062423687748325,2.49119249558318,250.63312643493987,6
3.582964174926172,-2.0212769682708127,6.899570642921126,2.033948858215778,2.507389597308701,240.104259149248,6
3.57366272126081,-2.015241604618442,6.713958067257619,2.008772602028995,2.4807360564550924,229.9551711282957,6
3.5450834473918515,-2.044237492507293,7.26036340619354,2.047369894205543,2.480006842116333,228.58987337492505,6
3.5453506104471044,-2.0389551244662494,8.068006902551739,2.0420747239149466,2.494951689700976,225.049138935654,6
3.532725752598625,-2.0214429590340286,8.096355647447995,2.01732703580281,2.4611768596133103,236.1180854532357,6
3.5091875710914517,-2.039131660130168,8.518268644482824,2.014027461273361,2.421906683083208,285.9498685456718,6
3.4979247449738886,-2.067241381901492,8.551209967576607,2.0102947089528254,2.448435359288831,273.1882006768988,6
3.4928272759892605,-2.056309242353143,8.353878349011296,2.027385765281412,2.467932290961145,250.16531952294824,6
3.4971166589796217,-2.0079573608621604,8.0418103129162,1.9964562000696575,2.454202188216354,246.85090745999128,6
3.4965245937298595,-1.9925031199969585,8.289984966326895,1.980377380547184,2.4464668438683046,217.8600417560807,6
3.482763058088815,-2.019693309253923,8.738277714256832,1.9894357435881984,2.459993530670947,220.5566343206376,6
3.4866883785240828,-2.0066255320142785,8.72554080621416,1.9738161494134767,2.476250547813541,239.1055430075804,6
3.496597999628545,-1.9792298948089209,8.3093143546821,1.9436328953755184,2.481336370028787,242.43835064262095,6
3.484306592610026,-1.976372963113802,8.231963399995182,1.9258200442333324,2.475786626229992,238.98525086007123,6
3.476821122265385,-1.962422288532013,8.572576289203093,1.91641289725818,2.4676933157814487,244.04799031426745,6
3.494798385682882,-1.9756972589266149,8.54802577979386,1.9252290908771637,2.464107449791331,278.971934037845,6
3.503663808379792,-2.001611629395424,8.569583313992515,1.9230302367393453,2.457681985834181,296.1901205505704,6
3.4897451575103147,-2.0115773313878007,8.374895169050646,1.940773080428296,2.4705808790335926,267.6517395912184,6
3.511926314948464,-1.9726239410135384,8.447021505296558,1.953045403499708,2.4586887577552026,267.5829131354798,6
3.4901972514401844,-2.005013740694719,8.659218364485438,1.9570841196468152,2.446094190834645,285.65164407733585,6
3.487973662573415,-2.0081865124990124,9.018263187443315,2.0103565182066925,2.4201376041503013,287.8486814063036,6
3.475803974123716,-2.0519730295080154,8.779102545115803,2.0320600870540417,2.442125073734541,268.3954731664012,6
3.4751276690955573,-2.059240759617668,8.908090197408002,2.053143254145844,2.42280798289632,327.093949675342,6
3.470601478486,-2.051475697069325,9.406104685837434,2.026005407138106,2.412350264066316,335.00838218005526,6
3.452369887388602,-2.07737235656822,9.514623317683636,2.0492277943020114,2.401448198820599,360.0056955173641,6
3.448282705146608,-2.090566871806952,9.714545928146112,2.087338028267925,2.3832005669909377,347.3097695415155,6
3.449729322733347,-2.08015113731189,9.923387816880696,2.100169150005529,2.397168291116328,316.4885378319776,6
3.446395520536293,-2.082590156325039,10.00849974525912,2.0961124448061423,2.4007472468904427,323.1659997246167,6
3.4485880487361817,-2.0848771649697144,10.001521053000385,2.0702506890026697,2.3878523636561644,348.9300541014733,6
3.457419446443073,-2.064105484995589,9.808051665478692,2.0323318044707803,2.4055157963057106,371.89194316968633,6
3.461813965488832,-2.0544809680534235,9.672366740280792,2.021943324662649,2.4139981544431866,390.650912771277,6
3.455600928127003,-2.05877982371468,9.844469304058627,2.0247787400617026,2.4326718716560376,374.2851876602314,6
3.444866801092786,-2.0986613599648205,10.1954735088174,2.068834197150724,2.41806994975158,438.2011689180866,6
3.441683135477237,-2.048330765101766,9.418027944059215,2.0219919071336987,2.4037465238483997,438.6076650671811,6
3.422900755619,-2.0634419290413586,9.285302007002194,2.011025923043762,2.3871323953380967,440.8861130290755,6
3.424457754034011,-2.0720616014609607,9.013561817148268,2.019656968944905,2.3761301655220155,423.3822078948918,6
3.4187344532780064,-2.0509190620408417,9.56321028338054,2.033317563302774,2.40095434415493,365.8075015331317,6
3.402903143187109,-2.073616008653937,9.725891312036044,2.0740077892212807,2.397766734825846,394.6249905713517,6
3.408351471480765,-2.0617570545817205,10.074060112292416,2.067245639438385,2.409925939831917,413.9783905977741,6
3.4175843033101923,-2.0499611310592734,10.234937908444588,2.043784878153688,2.411734381802993,428.1436465749793,6
3.4041513703640898,-2.072203257837941,10.327547341857576,2.059568399920978,2.39539437450918,465.92493652120606,6
3.392633522668312,-2.103501993733743,10.546327242249763,2.058798952991827,2.38724563283066,467.3431170531555,6
3.398875892053357,-2.111982015194797,10.666187188743018,2.0600424732543,2.4044708743609724,446.2482652960573,6
3.4039526648233758,-2.09758039322806,10.873086915373582,2.0625234905500958,2.4157759951499087,426.0947999274274,6
3.3997458692442564,-2.074230999135884,11.270396544684877,2.023350996770632,2.398191906198505,397.2906027171468,6
3.3990678299061776,-2.0552513289931054,11.320098104598973,2.009512432750444,2.39156172393227,398.6011757022503,6
3.3951661290372748,-2.056490725965343,11.318065224879405,2.0365767997623143,2.4086846036928447,423.7692874999111,6
3.376503409589666,-2.0617495973541704,11.16592371659915,2.0356590015578746,2.3967317432110664,473.4938370671525,6
3.369477207961422,-2.054149201408819,10.700244220126915,2.0185200357349964,2.4050759205652543,472.3016173870076,6
3.355416871947824,-2.0878347178045966,10.54506914184124,2.063415645463375,2.3873808959284477,436.87380423537127,6
3.3553342283098964,-2.040292236007328,11.101716050282258,2.031106067096076,2.369500480142764,462.3842342174468,6
3.3309584086730237,-2.092274339369054,11.037149443268994,2.094890305067547,2.370019943666197,483.634778289516,6
3.330746881268796,-2.0959474007433903,10.615735944925754,2.071788286160289,2.3251789021535587,523.4657581057369,6
3.347781498645734,-2.0339573554190675,10.92911211882039,2.016410140712256,2.3066500157281293,525.6498462181858,6
3.3628370012182205,-2.00129251462668,11.043584066945412,2.0132488609449952,2.323417848817173,517.0839909583167,6
3.358812980721594,-2.0260112882750128,10.968328856027105,2.0211945918186056,2.33537714529299,523.7675240079053,6
3.344369657296803,-2.032750626150825,10.865341726997,2.0061826514151675,2.33108469075651,532.2268654441485,6
3.338961465703068,-2.011347972932638,11.082388140383763,1.990945282976196,2.33372524669445,540.6302306124672,6
3.332597515046923,-2.000333796035655,11.22449291689522,1.9862099338929,2.339858290046399,546.989789275844,6
3.321870260744252,-2.002828275481787,10.877683880124271,1.9904848631382863,2.343716937401613,560.6847989432777,6
3.324499579190772,-2.00129874402034,10.64174571551614,2.003398085425061,2.3575817989474896,581.0853852824712,6
3.321366606944222,-1.998050405948646,10.529257267005264,2.003744066960197,2.348701600836661,569.4454395914863,6
3.326899033795763,-2.027230552607088,10.401201324881322,2.031496294673661,2.321082405895812,624.8796972522355,6
3.3396062275609326,-1.963051711619445,10.53556953792816,1.98197751223932,2.320893160821751,670.9597037418231,6
3.330112021409615,-1.9514472138075336,10.523171559112384,1.98600632006769,2.325596019598421,641.7444402216998,6
3.30968836325832,-1.987536961243401,10.85074834457481,1.9978900524554348,2.286055222289872,689.9725010399408,6
3.319110683810776,-1.9830955299642448,10.576207877513042,1.9812161142255096,2.2899971814652464,691.4253066932915,6
3.326645441857291,-2.0044525122947623,11.023073649711542,1.965459213614246,2.331299837590136,686.0802900185315,6
3.319194345631155,-1.9880748601456664,11.258228549573714,1.958534532098927,2.317648844919431,702.139294165798,6
3.312962287958623,-1.98988852596806,11.198631691104532,1.9585762252755317,2.3359787472859166,679.7973386217076,6
3.312514716572038,-2.0018195635222,11.159462086679294,1.9412296186635436,2.347583817825457,671.6390239150695,6
3.315549099903002,-2.007578922146199,11.06553467884796,1.9389342158978335,2.3113835228426582,695.4224830083481,6
3.315810980265057,-2.0074160809490755,10.97986997851942,1.958478038881989,2.2867573950800644,713.7133459896667,6
3.3098163983939557,-2.005383187717668,11.06948709923781,1.9547101226541632,2.2969795607125736,718.0761710939286,6
3.301227773129395,-1.9987027675621687,11.397523787601342,1.9341159137119104,2.300786741037037,716.6989892265696,6
3.3008169129736027,-1.9741285233000727,11.771806350791694,1.928306400013144,2.2851312600716374,715.5526807042322,6
3.3068618504177283,-1.9538014153022,11.76165811932719,1.9206610778567996,2.265617327454757,746.9975109483903,6
3.286529686158928,-2.015673805634326,11.653042796760852,1.9945715816190956,2.2801479988167883,774.0488286829082,6
3.278378344976924,-2.0241712011410504,11.888298240396614,2.022567527821556,2.2897790341316235,738.5376408383443,6
3.2662186613902318,-1.955379801650806,11.608231403274116,1.993756251971508,2.2739903957359973,780.9921391851504,6
3.268064848901585,-1.9979490235693065,11.250639871879727,2.0054457660566958,2.2915905384956377,759.8849074452623,6
3.266151519754469,-1.9628122798703485,11.770083701152911,1.983322176680486,2.2916254962384155,763.5802708264897,6
3.2796440054773197,-1.9487779816064363,11.956919159270292,1.9882366920955876,2.2996908071054185,721.1412113615103,6
3.2880013381323385,-1.9308623437253825,11.65156186782028,1.94564646319018,2.2740069895819293,761.8247968544691,6
3.2838131439969134,-1.940327911533865,11.586014822588542,1.9357957242829709,2.269243646147482,786.5336698709938,6
3.27962623828072,-1.9460179764348369,12.006538636941585,1.931032993457871,2.307854566539228,776.1505913603675,6
3.272530805040321,-1.9613993880517744,11.859008686198171,1.955191054989259,2.3055988138293,793.6754653623819,6
3.2782199116903863,-1.9662318604519855,11.69771880336392,1.9716734855658828,2.2861507854252454,804.7915948452851,6
3.2860160292393545,-1.9704249739864843,11.862460574022812,1.983597084416768,2.2750515331951746,801.7964906012554,6
3.279714983603636,-1.9826497207829896,11.870774999615044,2.0111137922764697,2.248100213202524,816.2964444064571,6
3.271660836566737,-1.981699048710044,11.82627569125383,2.0086174002513157,2.231179854115795,835.1309558931174,6
3.262948138622305,-1.988112454876385,11.769716620227316,1.984121629263409,2.2461084962109106,853.2745375833738,6
3.262595529748056,-1.9795737137960128,11.496861318347651,1.9917717673007052,2.247878272529058,860.6269481038267,6
3.267937274476074,-2.0081576298534105,11.071069811554231,2.0217242075276767,2.248893830196513,899.8876710992844,6
3.251296941715359,-2.02765852485322,11.541053771972656,2.0594341345199503,2.21163064862518,923.606904582524,6
3.252276274142361,-1.994710681643303,11.698460578918455,2.071262964600837,2.213015122213137,883.6842883456993,6
3.2249334211541267,-1.9920974651681875,12.000920229463736,2.040102682340297,2.21106598756431,899.3811583022097,6
3.2235432826186883,-1.981057828261604,11.841191657936331,2.019503579932985,2.184218168694533,927.1746447910124,6
3.2132361349283665,-1.9707730557408585,12.100828026068934,2.0237338072203195,2.177118319697964,930.9349874046646,6
3.208907057205981,-1.980770350156362,11.757354276053864,2.027034760829081,2.170611650459945,941.6017355631212,6
3.20479761747817,-1.9817378834788932,11.805809690485926,2.01564608718621,2.162272224042708,944.0240413798276,6
3.2090921253783176,-1.97911518278244,11.702273199719526,1.999537472097268,2.1649619321282647,937.1619286127456,6
3.220393388755143,-1.9677047892941848,11.566843714530988,1.9873913757543893,2.1808671920783342,936.937442647038,6
3.227447817050997,-1.9489746165667847,11.720632764059625,1.969519286094679,2.187825880713175,956.9089852007044,6
3.2201069207688358,-1.9646471409736648,11.979518743929958,1.981710869825736,2.1853840878502324,976.7558100559158,6
3.20004029335008,-2.007126573234851,12.033847085300703,2.027463177658304,2.1814676255151166,981.8085958700512,6
3.1854825647483143,-2.00873527927852,11.73012168228735,2.027405316912496,2.162982397585072,989.6371707672174,6
3.183394664384329,-2.008417543807021,11.61966092669332,2.0337475475053246,2.1633959901834103,972.3068283053158,6
3.171871614630523,-1.9935414488180463,11.626516635064888,2.0388211894514794,2.169021825249932,962.3731293338312,6
3.1631938901200374,-1.983276408158883,11.715858288613273,2.045361405534762,2.1746364311064834,990.274632539348,6
3.1626243761296244,-1.9947993221405,11.6478818827181,2.058214781707122,2.167959508773832,980.5143111262068,6
3.1401468308359872,-2.01131174725632,11.328179514604246,2.0361692587244007,2.167030802592499,991.7528475634144,6
3.14959226840157,-1.974788490117576,11.746187804603936,1.9907767720370655,2.1824459005317483,1022.2151219230254,6
3.152582734332878,-1.950767155757116,11.900315945501518,1.991197169371889,2.189386288034415,1022.8033373621744,6
3.1458670469699004,-1.9545853414744736,11.89090355658662,1.9938933376420351,2.1752492217738624,1027.107941845435,6
3.133438932394415,-1.964981333865108,12.015144771806066,2.002191133429407,2.160939650736082,1041.5242645431044,6
3.129335030341279,-1.9493045124754824,11.84850526073951,1.983435072018416,2.141570414659964,1076.5586816763312,6
3.131014240725167,-1.9361239527871448,11.78376814303494,1.9727745106276908,2.1425516322064446,1075.7329608143136,6
3.13407139717116,-1.9520921837913052,11.899596355514944,1.987928508404622,2.153862846834786,1041.3449838697582,6
3.129551476054915,-1.981673918432902,12.026601617035528,2.007479494188996,2.151392749720125,1010.1755040812096,6
3.1214053927217584,-1.9977651699369523,11.992734949157262,2.015129557911177,2.1225092873058973,1010.195075054274,6
3.12154864393161,-1.998032341273655,11.68615213041986,2.0192707012078888,2.059340198471515,1065.898588358376,6
3.1026464162404617,-2.0028730293078656,11.867627745354628,2.0487289001562474,2.022659419877438,1107.2722388900395,6
3.095550024967089,-1.9978664100061176,11.665856286420256,2.030021945562834,2.042215826306526,1113.7711799802908,6
3.105874242468769,-2.0252785678319567,12.058601693217891,2.056976802170386,2.032458716380313,1136.947536991545,6
3.1007922711276485,-2.00001994303855,11.81895590787396,2.0209361661286853,2.04831378987328,1165.1097467900192,6
3.0902903655329395,-2.003767173512544,12.06684064080554,2.026468844038913,2.0532049775341528,1150.6235282381883,6
3.085518328755604,-1.9966902146609653,12.279234525272573,2.0275113294939677,2.034178822306436,1147.1048590679272,6
3.077708382929047,-1.9807484317741184,12.633485834167036,1.991588694521888,2.033454538481327,1156.4413955381629,6
3.067056846357133,-1.999441005194209,12.819415795083891,1.9825546076790288,2.032158347326833,1158.2423530871515,6
3.064741404008604,-1.99742770848806,12.69676286428894,1.9739932205385,2.025737688789856,1160.0142837887054,6
3.0571172342004025,-2.0092575057551025,12.72428439347792,1.9904857169993404,2.046849989585947,1177.6171524633658,6
3.0602946359888947,-2.020061847714663,12.552077685675188,2.0147345480143044,2.050490262521468,1210.1514977380175,6
3.0617526000334965,-2.0287288869756672,12.43197512757408,2.006701867148906,2.042100399024308,1236.0259855782967,6
3.050127755571326,-2.0238559786536787,12.595570285315926,1.977738092542784,2.0338855212523685,1232.8290620625994,6
3.0376000587421537,-2.0133839930651174,12.7085238200437,1.9785326581986336,2.022394288392564,1225.0392184911304,6
3.027334335735119,-2.0423420587013146,12.718873370935974,2.0090346305854143,2.035023126131438,1250.356045850234,6
3.028548992530084,-2.0459264595286286,12.713322479066727,1.9968467244718369,2.041350134983795,1276.4081796928558,6
3.031238145322643,-2.004710616315741,13.030281928165303,1.949447287937841,2.02191229581397,1293.6477501571069,6
3.018608502539682,-2.0455088332104725,12.912553065437722,2.01402280622688,2.012840101444307,1282.8135223109718,6
2.992936217152876,-2.025505864424069,12.937708282819395,1.9886189108574848,1.983929927431905,1315.4083443873542,6
2.978934012993598,-2.0309237087012644,13.02916995786008,1.9875529374675296,1.995192807160958,1300.8388214390282,6
2.9622389952051136,-2.0472492160483298,13.138556386260708,2.011870880231561,1.9906673383451248,1291.5627671264424,6
2.966114721524868,-2.021091690011172,13.379143435950692,1.9776660114581224,1.990550758415864,1319.8820738295535,6
2.949923734124443,-2.041692058608563,13.745834228543528,1.9883518003240583,1.9749702295829867,1368.913148869545,6
2.9413905087075243,-2.025960065764961,13.64303144284096,1.9725742392391776,1.947106888132949,1336.4337169361274,6
2.9251404113699797,-2.036647622284549,13.588792094800764,2.004456688760621,1.928125586762507,1353.6334058911532,6
2.9121567793258585,-2.035962568994414,13.538818042064715,2.017566333959046,1.927731203858552,1379.8042808965097,6
2.908356004484829,-2.018095608821081,13.553239752649173,2.000888200303101,1.92649589182036,1381.6161379631085,6
2.8979442145750336,-2.018339789981598,13.598762116440907,1.990120702949259,1.919158012601096,1376.3899425666991,6
2.8783645948064827,-2.0250052939385337,13.488715972063527,1.9922070836672183,1.9021297571210145,1393.709098634598,6
2.866784224344564,-2.0242986029637144,13.392898780990128,2.0076704169104262,1.8689369202967752,1439.6746942216778,6
2.866178847318157,-2.031856417438012,13.47600078582764,2.010516450435632,1.8537118611431644,1432.147006800231,6
2.8601169302868885,-2.0327587136402867,13.696648142673416,2.0299522484460306,1.8506820437241296,1415.79913251971,6
2.8476551302608235,-2.054552372892334,13.70643465610484,2.0357143181551525,1.8327150737127835,1417.6908800309927,6
2.853948741334012,-2.031012602654409,14.254913914138264,2.012755882151602,1.8480476140975948,1407.3958142156796,6
2.8367361442698416,-1.983876689260576,14.240115904938804,2.0061571371402773,1.822706580162048,1427.3749975452045,6
2.8260397082926807,-1.973850926707824,14.069335883452643,1.993867735976057,1.7991960275325742,1444.4608881809156,6
2.795110663286729,-1.977328716292024,14.233638287462307,1.9881208296013924,1.7646861734512302,1466.1098264593093,6
2.785299866465372,-2.0131695244386383,14.177174623967089,2.02708439155732,1.7881838931026144,1455.798713865402,6
2.783570592974396,-2.022120528944668,13.95360112756872,2.041700208862695,1.8029460070120131,1463.1653729147624,6
2.77178054187154,-2.0221006756944675,14.055811151508005,2.035076011905286,1.7976457338228522,1447.9000012050817,6
2.7662088735883805,-2.019325768489942,14.365682192214884,2.0145353861221227,1.801501902409402,1428.3569074836464,6
2.756900617801729,-2.0323696336972867,14.622441746852951,1.999633458894175,1.8056514056116832,1427.5820203149997,6
2.7371041456567737,-2.0410373258852217,14.69864232622945,1.9952074762236265,1.794926916223557,1451.3163256880575,6
2.728182883759521,-2.0162568759220822,14.693445123745713,1.9807553520150327,1.7832744866881989,1484.4508681497805,6
2.728255536482146,-1.9825561103262888,14.859861769667498,1.963153927374148,1.7723074377781725,1504.9953053141428,6
2.7139357818763914,-1.9680488968244203,15.126044175742532,1.9685102690290488,1.742466422931803,1515.5089276468946,6
2.707795040698984,-1.98003042637757,15.10685243205571,1.9612841664982017,1.7211880010486302,1503.6824589647367,6
2.6807849524879805,-1.9971573775603524,15.015369934835206,1.954224449189097,1.7235289090730157,1511.466814728062,6
2.6596494183026023,-1.9900026999182412,15.513823929390917,1.9993678854414048,1.7110480924411056,1563.9334953349949,6
2.6932634391993884,-1.9608161658647945,15.108096549890158,1.9655096439382491,1.6935162156329948,1581.3310078232118,6
2.706738796269,-2.0136402653601757,15.058432287882187,2.0112875124654126,1.7212969783891054,1589.1712534902738,6
2.691972661933689,-2.004831280525249,15.290746190212328,2.00944920562521,1.737855495656866,1585.883634410349,6
2.6687203473539194,-1.947599157772726,15.314344585704628,1.9943180280368116,1.7016025173598708,1640.4217984549969,6
2.651463991981102,-1.9504587534794648,15.43301522709988,2.0125494421727046,1.697412571915761,1633.1010911791586,6
2.6299428643430605,-1.9258132682639888,16.019682840629745,1.9963819370409248,1.7015117310954622,1643.5778839836614,6
2.613691809844273,-1.940664793935076,16.39712489196108,1.982710043952496,1.6902409809381038,1621.485379681072,6
2.589860573983061,-1.974508473816476,16.45156355095956,2.0000025421871355,1.6600343145879566,1614.0788143513632,6
2.561462723140961,-2.0061403815881422,16.298400505805148,2.028229468483376,1.6282830863809674,1632.0387806447811,6
2.532750168491761,-2.0374549768960453,16.286071669249036,2.055421134453587,1.614782148131069,1621.3442605975777,6
2.501306600936806,-2.050157955403302,16.717875395222162,2.0796753484108765,1.6091666406861609,1609.1334219589094,6
2.4841380223931515,-2.070228303372315,16.96809879561011,2.0914393696096307,1.5968551823164472,1633.016051911349,6
2.461652256235126,-2.068007039849457,16.824893832860525,2.0985529780169947,1.5878820471615411,1659.5225823383228,6
2.4359903649394647,-2.0329429105169377,16.938806244398602,2.094256614200376,1.5211930285860022,1679.8908247311326,6
2.4231266718242024,-2.0381003180195254,16.898301544747362,2.0697077070337326,1.5041174016879293,1654.4965905114548,6
2.4095137951796843,-2.0526419679687056,16.879660151340406,2.05062843153638,1.5339879316211404,1666.8811753742004,6
2.388399951854615,-2.0485842777126666,17.279291003016283,2.066551483527398,1.4596982039306878,1663.1977331520652,6
2.3634701537911584,-2.0268900503406138,17.5429868610947,2.049232593620063,1.451626911241786,1626.702169191684,6
2.362701317074094,-2.0255040133021214,17.63083228158341,2.045313675617169,1.413884450138377,1621.5826752992173,6
2.3589884371818526,-2.020521980752892,17.97793748566177,2.046044931987086,1.4031738167053167,1638.28108039591,6
2.344374888993704,-2.0616073072283534,18.12653286670636,2.0800940310497387,1.4257796146316108,1652.733262977391,6
2.3265975389009856,-2.038427999730084,18.219068147146725,2.0501590367862903,1.4003983202102632,1703.6248658788709,6
2.296695111220672,-2.036407961923854,18.29988285741161,2.064361602340364,1.370446659311298,1716.4369583827267,6
2.268047742041635,-2.036153974655123,18.523098208132787,2.0979860975275963,1.3573201077511805,1672.884706263568,6
2.2653265082204146,-1.9987528149780889,18.758849543234984,2.06518876574375,1.3559212680272692,1669.474794154194,6
2.273795589014642,-1.9984095066077527,18.7519581949907,2.0386282216478318,1.3672510773433844,1707.7815296235858,6
2.269905756334936,-2.0123837661045783,18.754344626362187,2.0515411641087784,1.3427171609083512,1703.3607012593552,6
2.2718819556332157,-2.0244729431717228,18.7281746315128,2.0581946207356845,1.2998085969980715,1711.7306100123542,6
2.257034931147992,-2.034514289451473,18.66801872462633,2.064663301220324,1.2886929455361371,1710.6838751588923,6
2.2517256976481543,-2.018761828351065,18.570995515617646,2.066208950126412,1.276400366692482,1713.3579271166586,6
2.229471442904289,-2.0450583628806167,19.040545880249702,2.080845259225347,1.2715904568841294,1697.9432801520363,6
2.2139846633513622,-2.0043337767913094,19.347014352216146,2.0432820686256647,1.2794630311742778,1731.8465417725947,6
2.237969653044148,-1.97755340335574,19.27681479724277,1.9811073739960163,1.246348195799526,1732.6628980340208,6
2.233688602063948,-1.9905444431566448,19.633650324680254,1.978575486151784,1.2607788111217717,1715.042522423446,6
2.2210754973361,-1.994048657321407,19.769264444354683,1.951367618614838,1.2720206596733663,1722.1842770759542,6
2.2146558739803397,-1.911151923688717,19.46992917732085,1.8930388641095897,1.2214289870950807,1756.3051889478838,6
2.2556388129699827,-1.7249527637875686,19.632856337636223,1.7324332800818074,1.0978789802443156,1771.9096773416077,6
2.409881077039397,-1.3342988436575052,20.086573710607222,1.3292201907804642,0.8002480065800748,1812.2878446979987,6
2.6406015787525674,-0.8320772717596104,20.364048279617563,0.8186017436126821,0.3662932607765745,1848.2037465097264,6
2.915793979843537,-0.3715975545006131,20.582914192018396,0.37468587480471,-0.0333560885660673,1840.2731290883507,6
3.201061706438366,-0.0672124047411185,21.07864421377236,0.0682565804564071,-0.232151955311651,1828.480275267439,6
3.3821972584593687,-0.0187699132636411,21.482855244136147,-0.0397119161109339,-0.1984053388156208,1867.7687707095556,6
3.460622484548872,-0.0503695238470161,21.021238539728863,-0.0815366728459458,-0.133571691443323,1958.6164586487373,6
3.522225361637485,0.0118570662694394,20.918319778860813,-0.1004781380867825,-0.0834736869392924,1949.551487784935,6
3.51629995951051,-0.1268073116893959,21.03366959203968,0.0566196376474836,0.1299223098937945,2043.4529627602976,6
3.537824618968929,-0.1152644678950305,21.360474762576587,0.0590239499765404,0.0886395169759138,2067.816119262025,6
3.5605143058016706,-0.0492924973368638,20.994148753024973,0.0378518163599412,-0.0254850062444625,2029.5729746147304,6
3.5602215225561444,-0.0991677926952056,21.09521369655128,0.1039124372222859,-0.0210904068870287,2090.049907788935,6
3.561103952868111,-0.0159647258396978,20.777751995832865,0.0216264729498711,-0.0235184148546492,2004.26638375514,6
3.561155172762967,-0.0357596253511424,19.942099478824467,0.0048912606403106,0.0008012700648864,1946.304521020195,6
3.577987461247,-0.0959508452407851,19.407593990374732,0.063528558127822,0.0630528049975975,1995.432326182589,6
3.590424603474424,-0.0687214827651934,19.07091148418307,0.0850942305253452,0.036130689220736,1977.153740528949,6
3.608094249390597,-0.0605894606798842,19.378813034001844,0.1144043914360814,0.0383827622326096,1974.4881085216248,6
3.6187587028447625,-0.0582838787048565,19.638170597976043,0.0961674966149619,0.0274567445382558,2008.9701507958891,6
3.6253334595472766,-0.0240920909171348,20.10182328721069,0.0401596242027319,-0.0217798338859074,2036.6997047996167,6
3.632216307101346,0.0289722094720938,20.87596529275451,0.0501315455638568,-0.0291389463064167,2063.689976666048,6
3.6286518028928767,0.048811310973746,20.66732499368448,0.0743588207722034,0.0225018299128564,2126.647882269768,6
3.6503785720037154,-0.0733897154929431,20.122945565846106,0.0557778715896655,0.1110910220817397,2252.0640907078377,6
3.67499103668185,-0.050404505562411,19.45215289379169,0.1094597065906424,-0.0249775518140527,2209.089085441183,6
3.663222599291061,0.0101290875475456,19.696126087056214,0.1269852653064045,-0.0208264367801355,2084.7494632923176,6
3.6763266314100296,0.0406457895525404,19.77801917109238,-7.539682372611177e-05,-0.1027831758425262,2007.8339263525493,6
3.635706719794264,-0.0052514253439598,20.56546213334833,0.1706746752353478,-0.0840146050837833,2087.3290669721937,6
3.670240763118543,-0.0108837412910322,18.92750721221864,0.1233461394333956,-0.0364849237926034,2139.9106240002297,6
3.65733043541638,0.0510371711966642,19.62875900059342,0.0541168242502237,-0.052518202645715,2170.3160612395745,6
3.631024865825172,-9.79031488924642e-05,18.74194676958883,-0.0059459021815542,0.0477135449893075,2187.3763853976234,6
3.656462133257655,0.061996075023354,18.252619797394523,-0.0449836113246692,0.0208114375116837,2139.0345349634367,6
3.673016990996366,0.056238574495154,18.519307298677717,-0.0169535646286588,-0.0736153272561174,2180.0345224662938,6
3.688390627639604,0.0744313364899577,18.475856533434097,-0.0025503935055702,-0.0880260822351276,2143.152310275508,6
3.685039893364775,0.043202912717566,18.2229403926424,0.0168491681795946,-0.0377044644635812,2119.0413418897115,6
3.6810942724810234,-0.0326512836914178,18.135327110778697,0.0084225018006455,-0.0476047699280107,2147.051365045132,6
3.6780450936863134,-0.0646800232788988,18.0477589288185,0.0044067318072828,-0.0513885916505241,2160.096803766283,6
3.659178170251237,-0.0865377901050456,17.84105738861251,0.0277493717438312,0.0364298622585301,2193.55749667933,6
3.678347345244077,-0.0473879358477519,17.565632842794415,-0.0961375761320863,0.0312405419782809,2168.5309357861056,6
3.6418433171957454,-0.03450908375669,17.5227771912458,-0.076694594617843,0.0103671148971005,2153.9197420053983,6
3.635494902975164,-0.0346540529314949,17.627120696212504,-0.0227546810361488,-0.0524203874974404,2147.787430730119,6
3.682925054316547,-0.0256678380984709,17.124894708776388,-0.0289325714894524,-0.0355198232548983,2162.8380071162305,6
3.669478109593365,-0.1093155673723771,16.525633245325174,0.0093698614128819,0.0749649999755175,2276.8057917118945,6
3.6904507210747206,-0.0106576618617551,17.34436320735509,-0.0215163233858532,0.0278414163527348,2258.3488305351625,6
3.667555378385609,-0.0134217290546567,16.98170976795704,-0.0307852643281496,-0.0432141762894266,2198.453026808156,6
3.668205701890768,-0.0644523873652816,16.713639037918558,0.0319732558561121,0.0128664493533583,2251.292525547735,6
3.670076371110989,-0.0680247351963073,16.3788315565538,0.0338509026369992,0.0263462298033819,2257.706162698525,6
3.6771104736781424,-0.0930224206618672,16.843853073538536,0.0392038500042019,0.0477239583572963,2252.76528177488,6
3.681670314433152,-0.0597765428955647,16.994082215499184,0.054831736286935,-0.0065135103284318,2301.3130980775813,6
3.696790695190429,0.0459838956730663,15.940151019331758,0.0086213359217657,-0.0648084176768985,2265.0454637154376,6
3.7042289821931607,0.0745783505290479,14.958728056285238,-0.0217576233748438,-0.0399577649926577,2236.9014002156646,6
3.680619270753599,0.0100125544440595,14.917625388889904,-0.0085220266077359,-0.0029011071474253,2318.684072212065,6
3.6546763994576072,-0.0079285083594008,14.874363121646414,-0.0443048848441956,-0.0159316108080216,2377.6710131434243,6
3.655824568415473,-0.0012354083730409,14.531509505765312,-0.0576971115125597,-0.0170349172117286,2430.8296875892656,6
3.6641598209820456,-0.037639766836188,14.594037465683067,0.0036556558382155,0.0177755714641026,2492.0322787827063,6
3.648489169708336,0.0032004189500471,14.72642629194521,0.0351975973273269,-0.0406084250645136,2403.4663867008967,6
3.624193127020186,0.075979567464897,14.293858235235405,0.0096234071495819,-0.1337785893945628,2373.417766564072,6
3.6468964002250095,0.0475397270574644,13.999389433991537,0.0231417360080499,-0.0920563928605864,2469.96967880556,6
3.623285229942698,0.0423076688235376,14.97744209631271,0.0011166274527142,-0.0940044668981536,2468.4451245965206,6
3.595208942999133,0.0135485399548483,14.3556603810033,0.0501002162723459,-0.026474518316645,2514.985208738004,6
3.617434666405213,-0.0154848068329414,13.948263670452327,-0.0374527604981491,-0.020653852675335,2525.1613528514918,6
3.618419652447186,0.0003353051527987,14.093071233201949,-0.0029776976384217,-0.0470085953357185,2573.1760436900154,6
3.625230703754879,-0.0594284663119905,14.348802824560863,0.0053285076240347,-0.0213274931368256,2545.4228341557628,6
3.640629951871074,-0.0382936840546605,14.446383919096952,-0.0598339654183487,-0.0212340606325459,2521.9276268103004,6
3.654023564057987,-0.0271817082190185,14.021227261266038,-0.0114243274224254,-0.0565090429657568,2519.601250964065,6
3.665256197753293,-0.0112811630588313,13.785114961306848,0.0408836509862133,-0.103640678881838,2487.991197994028,6
3.653219717294248,0.0434536477738152,13.767028676090534,-0.011724883611307,-0.1175134708829057,2470.0746222292064,6
3.638095072026229,0.0227442944262291,13.519990746674209,-0.053944369645236,-0.0470535804873362,2497.9754716779025,6
3.675460026948501,-0.0263803932114316,13.617161590394836,-0.0644729252516425,0.0340133981687268,2485.703804755339,6
3.69811056039451,-0.0082041779890585,13.360837286089629,0.0035368637886267,-0.0072777060659029,2448.748969878313,6
3.7131866467282366,0.04882077667079,13.444664773818998,0.010205877903965,-0.1043688027933928,2492.3687152757943,6
3.706901207266604,0.0276309373146652,13.414836625512384,-0.0184160140487731,-0.0472052713662004,2484.70366371615,6
3.7158541810142056,0.0513644361599488,13.433290036984292,-0.0163634695909522,-0.0487311768602627,2542.8601926702463,6
3.654050967375147,-0.04907239296591,12.306601977653438,0.0622080816517851,0.0080853317484557,2676.0658969914016,6
3.636726444338532,-0.0026012884224791,13.370120058983726,-0.0051818527758011,0.0744179061476065,2701.9746959623512,6
3.677599715576312,-0.0009569745124326,13.98369004739486,-0.0519561166866552,-0.0516012557926956,2719.9893417218923,6
3.675987501684882,0.0248619424412454,13.406803193868184,-0.0695440604520019,-0.1023325220131787,2665.8859707066954,6
3.668347378317573,0.0222717239581033,13.490519975177552,0.0080540731985137,-0.0180096425374848,2733.3199527607985,6
3.682699513827643,0.0180901288305166,13.132302791588476,-0.0090329572762724,0.0048385644178336,2716.3836328482053,6
3.659999169204962,-0.023326272134699,12.905390892865674,-0.0221687064759795,0.026414359866947,2714.8943656628494,6
3.629048354011131,-0.0513684074692356,12.975167893404498,-0.033151616176044,0.0346460807012893,2730.1886305451603,6
3.633915297945849,-0.0510367663539746,12.758875013487422,-0.0485128530009998,0.0359658819318538,2679.6751492515987,6
3.666015414912698,-0.0353322626930903,12.77038060594522,-0.0291431648333241,0.0532129907493601,2617.4641483732275,6
3.702765867958557,0.0315142348408701,13.05194903553293,-0.070968780114948,0.0009226186575122,2579.9111975298506,6
3.6820585213370034,0.0190046682844841,12.377103836924324,-0.0861049809474377,0.0164802626183554,2620.313162794936,6
3.670958898621023,-0.0662991029280198,12.32888346747029,-0.0396968244763974,0.0768486311900987,2721.653420289646,6
3.634713121044571,-0.0769825836667423,12.88466918882547,-0.1029507690662645,0.082993307581659,2663.128605872234,6
3.656106745303223,-0.1061619274604196,12.63385186204091,-0.0643746307633926,0.1029479806966865,2810.199018349374,6
3.688926074796884,0.0614106039869129,12.682722710604208,-0.1045711375704864,-0.0809533654472143,2717.3049387818464,6
3.68211611402536,0.1087428005974095,12.188566173016458,-0.1273671900087353,-0.1067081942228126,2728.932610492602,6
3.648417759639034,-0.0047500053560336,12.629448712852824,-0.0586044749132639,-0.0465558684095572,2710.49316138454,6
3.658528458265761,0.0160992528419163,12.860827759807243,-0.0899038645873004,-0.0885104236943837,2750.422840850662,6
3.651364630275496,-0.0086875999894606,12.2262580878556,-0.0611414505778334,-0.0772569586660792,2780.6023493737143,6
3.657878095096818,-0.0170208813530655,11.456667080657798,-0.0881676172439199,-0.1042285967325374,2736.3436080681568,6
3.658653291531411,-0.0168797460655379,11.385270493557943,-0.1213261313613851,-0.0772545321059624,2754.666509262168,6
3.656164526285593,-0.0241077367550058,12.059445429981514,-0.1416812220237589,-0.0220849197800569,2813.086599848606,6
3.6586565474487527,-0.0370749179171687,12.695909564630204,-0.1053011201635358,-0.0173512663133782,2856.6248312885627,6
3.6427898781826986,-0.0348826569030009,12.518100816981228,-0.0236064272692641,-0.0198452057218148,2867.601875821241,6
3.629794764998191,-0.0106676621183795,11.70126914978027,-0.0176790757326091,-0.0243534953239797,2795.9921625057127,6
3.6610076370797167,-0.0309211107914144,11.014512349744162,-0.0101286502728678,-0.0554273317702505,2728.748439642367,6
3.6635903558086,-0.0061774075523336,10.63340895267466,-0.0164973542632252,-0.002331645519113,2708.4439195148266,6
3.698289157703546,-0.0362728327049628,11.04096527029872,-0.0152616521251649,0.022716565071255,2832.8429680358786,6
3.6939635390119534,0.0036284140791311,11.86098667995583,-0.0255063385064182,-0.0519507399452003,2911.949855657992,6
3.679124993423657,-0.0164386574868491,10.435113411716804,0.0496290832029251,0.0281326825674331,2868.430131148594,6
3.634945046967082,-0.0023145068307459,10.887870269022226,0.1032724095545924,-0.0165893305399529,2903.077787577126,6
3.63164049485048,0.0077019894633519,11.100928555894818,0.0214780399497485,-0.047625467664745,2909.421700932644,6
3.6432495173850055,-0.0005312645978125,11.112178035366467,0.0529593291413226,0.0135340732428688,2941.04437289334,6
3.654277941862452,-0.0229706751528311,11.047808125860293,0.0161035872001512,-0.029317233159841,2916.8780260940343,6
3.668258143081526,-0.0713235391150682,10.918573362081965,0.0440098364655314,-0.0020226128603656,3037.801714518831,6
3.65928460649424,-0.0458769204003036,10.817476924638203,0.0430465089310438,0.0218100879967914,3041.37068000528,6
3.642200469534837,0.001201220104468,10.696604796693784,-0.0307102855771706,-0.0340351302966755,3024.9313402472326,6
3.637590490267961,-0.0168687926870973,10.704298793506808,-0.0735042049009789,-0.0681020347929292,3055.232236649478,6
3.6541386561594256,-0.048605926580032,11.016255042234786,-0.0528582587252465,-0.0542273645236469,3048.374365323642,6
3.673571952300271,-0.0664565842837076,11.26887154448402,-0.0189394926689749,-0.037314154289427,3094.433968664308,6
3.652378199523284,-0.1110181809152726,11.188250355136455,-0.0107562427240424,0.0321753541964499,3130.9954416669048,6
3.6560736617832776,-0.0586993812670223,11.34640396229746,-0.078685176832912,0.0330736316311457,3112.7310601326844,6
3.67103048652356,-0.0187526769813499,11.054243938578548,-0.0125456332498079,0.0230479899970938,3078.368808558044,6
3.679976539594382,0.013897060249784,11.053034585398338,-0.1619577606155842,-0.0505766578331946,3068.09714208181,6
3.666605990373238,-0.0207733567582759,11.132405725649985,-0.1607328712177451,0.0263034990517051,3064.162885090551,6
3.615340480856747,-0.0636528733252826,10.39727679292724,-0.0995406281250702,0.0589196487232852,3118.9255277365173,6
3.637510701986728,-0.0192407784367171,10.77099436074768,-0.1401341844765536,0.0073364228146382,3162.292293457924,6
3.649311715549699,-0.0016306303186133,10.633387239585192,-0.1182394744164326,-0.0066128961258385,3134.2416644052782,6
3.645227298876049,-0.0049500842800048,11.140077343370631,-0.1024873711754459,0.033240001563535,3142.296947304902,6
3.6487957441828582,-0.0069854678305196,10.86744863067291,-0.1352589957593135,-0.0385560622844025,3106.58946928202,6
3.6456652376289993,-0.0532382814225564,10.840241695452876,-0.0873520596589622,-0.0608242082884578,3144.0835795568173,6
3.6293232671957343,-0.0619066516294984,10.846891954132577,-0.0262906169093174,-0.0161878759317241,3192.135498493202,6
3.615458219535172,0.0079471885585936,10.427967960699377,-0.0450946466054038,-0.0357423502870155,3152.611575389909,6
3.609779181384517,0.0159936804848759,10.579320677455671,-0.0689687781594345,-0.0673780939941854,3145.968202803648,6
3.608576349628037,-0.0375108593152012,11.380934436316904,-0.0590140204229682,-0.0534947274501371,3206.644733882254,6
3.61785076305243,0.0059533310301538,11.509292164929825,-0.06927684975117,-0.0762259408395694,3192.0383939028247,6
3.630968009749976,-0.0379655388008497,11.439926630400208,-0.0187678494792033,0.0092466892317,3254.183534834895,6
3.6325176904144825,0.0356144215741373,11.067769840386893,0.0143556404463843,-0.030269651311077,3263.014830538737,6
3.5823833406298453,0.0536267835190563,10.098995798030767,0.0618790798229722,0.0489685030235191,3342.1008939028216,6
3.649069932086815,0.0351882947836969,10.224941912691166,-0.0152347181162657,-0.0577828519768253,3330.8482346892133,6
3.646967435449743,0.0450292038280092,10.00413339534668,-0.0699393647591823,-0.0579812197215595,3289.374889757339,6
3.633159348036296,-0.032157067257159,9.426964629066898,-0.0004675429334767,0.0106088307020468,3367.6572680708737,6
3.654896948411652,-0.0111076671228335,10.263723491968564,0.0257728105577786,-0.0279333930040347,3354.7671175159967,6
3.686805854549791,-0.0208464479916667,10.23001698035427,-0.0317090994608624,-0.0883883111029041,3297.58229815328,6
3.7092232080874536,-0.041670791477891,10.350262096202783,-0.0199649139789278,-0.0476561958681953,3324.331617505284,6
3.708373791556908,-0.0441086676509768,10.359812194294207,-0.0052840317615117,-0.0116682120954696,3405.1667605440184,6
3.6886680614359855,-0.0403629951791963,9.904444235988247,-0.0084466063255747,0.0471629664145233,3426.612271659335,6
3.6711698925255423,-0.0350430066913529,9.434973631306146,-0.0233241117761983,0.0597790776457383,3451.5570034884886,6
3.6586845570552073,-0.0368465460441885,9.52570367426062,-0.0550494029082809,-0.0108006761887776,3493.821177927188,6
3.643408471095279,-0.031241674813862,9.979389086066044,-0.0701475300957231,-0.0465223006427397,3473.1514336901564,6
3.634352632152969,-0.0102924058763777,9.820666433470327,-0.0517117554148217,-0.0308265844717533,3461.9097487538565,6
3.631186307021425,-0.0506433480209791,8.99468261886123,-0.0474886948504992,-0.0094890148503215,3461.253629527536,6
3.636185952470768,-0.0159552036682444,9.366875214376233,-0.0868247147697184,-0.099387485064033,3441.8358852797955,6
3.6095783174364833,-0.0732447877253858,9.972655210896,-0.0039934145458641,0.0014792287677955,3568.443803469921,6
3.619999955733472,-0.0288633442257386,10.430317277228385,-0.0011701218816204,-0.0354955260364357,3539.213984571383,6
3.6636994325264727,-0.0241122959110156,9.578617137790358,0.0348072819208728,-0.0064459023162905,3540.08880247015,6
3.654652592904824,-0.0701877027613821,9.933917950450624,0.0248701490557168,-0.0387968706167986,3558.7977404271887,6
3.675138748977913,-0.0660437845252109,9.107974144832712,0.0386122857106402,-0.0627223601534124,3562.425429991002,6
3.689954682721517,-0.0406095940871682,8.250588056156333,0.0581845338277566,0.0180308372463379,3500.720077821495,6
3.680165591579904,-0.0496087922719767,8.46803405385133,0.0343211122551812,-0.0126205906816798,3485.9182686814447,6
3.6577114396382937,-0.0594705880042404,8.658358261833676,0.0149839934833358,-0.0887104847776633,3489.0981280171677,6
3.658244768052041,-0.0176122751515974,8.597184570005648,0.0031858790815687,-0.1029846055443358,3481.3006683293816,6
3.657795383463829,-0.0054848931416537,8.597165991662846,0.0024186334627222,-0.0818982823484552,3513.969270416765,6
3.645991995304114,-0.0532098346725262,8.915671228272855,0.0021719650639521,-0.0361739444585519,3512.8114038219783,6
3.6389851831648863,-0.0917646985848378,9.124651659559294,0.0196038464176198,0.0108423227890375,3499.824862799216,6
3.6237554327879353,-0.0816553877547419,8.858002657428298,0.057272033061036,-0.029637445557787,3608.685183565185,6
3.632945932025665,0.0053177709824029,9.20482204165276,-0.0027789201109008,-0.0815789618510652,3592.997327396595,6
3.668425499412216,-0.0111385037249098,8.65863860023959,0.0129247164248166,-0.0432139538786966,3585.9110631855574,6
3.6139483739514673,-0.0777847492961822,8.473172649822898,0.0206493785744447,0.0008911900460665,3625.8712861167446,6
3.597046197877288,-0.0750897249557637,8.714437376646499,-0.0822288244417858,-0.0570227120895708,3633.0086243680016,6
3.629103576897268,-0.1003342065585598,8.980003287195071,-0.0382303642057955,-0.0545934242157221,3655.360221681473,6
3.642331354360912,-0.0741659566977993,8.454254812906598,0.0193439702651514,-0.0353678747793654,3635.7875650744113,6
3.586053440296235,-0.0906311766784198,8.896819402356478,0.042037254659088,-0.0048383478300005,3709.061357404023,6
3.6132961609681744,-0.0413870779453499,9.50989076032064,0.0146745173311642,-0.0722971631197435,3684.096106604204,6
3.585400534286358,-0.0458698521829615,9.09175256662873,0.0515780905491498,0.0277997619681893,3774.958296139456,6
3.5988408634388045,-0.0365626878042101,8.812529586568829,0.0524181807022092,0.0409137664781613,3830.1992424053074,6
3.627863564918421,-0.0226074595147338,8.455903173582632,0.0185005512476722,0.0107719280690608,3840.6717736838727,6
3.624074315240221,-0.0098251952794825,8.340917622149545,0.0163688592021522,0.0134891706673766,3847.232761083181,6
3.627397327144143,0.0093202847720108,8.40757712759962,-0.0098388064073824,0.0213150107752964,3810.725065967062,6
3.6433802431200712,-0.015376278711741,8.426046953776655,-0.0468320957294746,0.0520621698649391,3780.208313099865,6
3.6370241655074262,-0.0782598704508279,8.864143235591913,-0.0085418816014,0.0713149401098734,3818.478194269881,6
3.6350270507540503,-0.0698102279625804,8.972206970019583,-0.0266529372203726,-0.0093215364772152,3808.2818355804384,6
3.610678142341879,-0.0272367121123944,9.013589022146473,-0.0471781185765168,-0.0650658068780033,3780.137759137193,6
3.6137021908594456,0.0094123012973631,8.41929234534341,-0.0795595491648906,-0.0159677511942607,3681.111627610117,6
3.648467519383544,-0.0562710355170463,8.992725717520155,-0.0514626057590395,0.0001057947881915,3653.1820244658406,6
3.641616646942752,-0.0493416516638103,9.168183244778437,-0.0769908386035757,-0.1197197706127082,3750.111397305621,6
3.585382795856902,0.02988887850665,9.250258489326322,-0.0220234356616277,-0.0728638587856647,3713.712823676017,6
3.5687190052360243,-0.0052843517342908,9.251775989148909,-0.0491903068725922,-0.0232930564384577,3897.820432561841,6
3.5857359504351014,-0.0246987541715258,8.245391842216204,-0.022513366901951,0.0480121896385979,3919.4558850834096,6
3.591206398045123,-0.0232089144029608,8.30359504602073,-0.0341885241031155,0.0051075412297599,3924.6230995415335,6
3.601977075911527,-0.034017009820646,8.010943229717135,-0.0130933891280368,0.0261819808619604,3938.3466752242334,6
3.5895696571147853,-0.0066907600494579,8.413969960465513,-0.0250486927660323,0.057936098978223,3985.0373682444015,6
3.617744784904355,0.0028769500703434,8.855121758999728,-0.0754206560933505,-0.0150192544082192,3905.623032146222,6
3.656544886297892,-0.0287564738604227,8.9141160626734,-0.0807169800184976,-0.0833029073188028,3862.437235328355,6
3.648049559410137,-0.0262319395076852,9.00490195223792,-0.0641828984144731,-0.0475823488733442,3957.499206877713,6
3.640923707533144,-0.0026306668058097,8.870447960806509,-0.0757142631864847,0.0132445362064539,3957.9146645945216,6
3.621276797062736,-0.0513971618068517,9.192868830734897,-0.0300533603502242,0.0703369915567116,4011.591023837411,6
3.6173899805741945,-0.1277872768845375,9.091641033807203,0.0329577094880376,0.0967258947613668,4097.875252620828,6
3.614102836500792,-0.1246730190253992,8.189409479144741,0.0046418680506519,0.0058259747452493,4033.835680415904,6
3.60389768924748,-0.099737755409434,8.976155038725542,0.047136705164443,-0.0348937630898564,3982.831914312442,6
3.610891552686256,-0.1267254061356766,9.685483043328956,-0.0335072108784499,-0.0668638329646496,3970.8672116016337,6
3.5867364607083942,-0.1258248729559795,8.653414323517314,0.0156944693973683,-0.0138723228732872,4050.4291960944665,6
3.5908311546611613,-0.1535409636918118,9.5878718025724,0.002742959254538,-0.0447904530476786,4058.530119454839,6
3.5706663497841107,-0.1312168604086465,9.073647176543766,0.0003508349088441,-0.0154132683517929,4034.8906142881615,6
3.586846001187453,-0.0927323060045496,8.88485199616204,-0.0235843109755476,-0.0159650370580792,4066.7829987074406,6
3.626166269591785,-0.1190847338499079,9.40146173899094,-0.0208955154306429,-0.0884483276919199,4032.153160973917,6
3.632144102884602,-0.0975432255504521,9.679049029864602,-0.0237696916614096,-0.0922341938564694,4073.978920889516,6
3.607503150019392,-0.0801618126045647,9.66915616692747,0.0053798276488404,-0.0776706231822708,4103.833399240885,6
3.608089325414935,-0.0308373528626255,9.37656437805842,0.0034484211866186,-0.1135138662794198,4017.1601218828487,6
3.630475181548208,0.0039649096196713,9.109614213598274,-0.0307638653685125,-0.0977031868598151,3957.863950293504,6
3.6300494313457983,-0.0496291774963552,9.782798864723771,-0.004176727922589,-0.0466167101605878,3983.963969842608,6
3.6213375645974,0.0081411819544091,10.732357680688612,0.0029709429592506,-0.107458091264342,3985.830967653822,6
3.6093887689998425,-0.0261066692865962,10.135900678756686,0.0172961053814759,-0.0959913623425598,4067.548504091922,6
3.618813415332076,-0.0233628826804959,9.68337055185377,-0.0120159002630485,-0.0915379568907201,4076.568145138254,6
3.6457779198285647,0.05838662934859,9.190128113713518,-0.0026020418564828,-0.1589950420221197,4046.808104576097,6
3.646481961175336,0.0405699955452729,9.296233670585115,-0.0133750326446236,-0.091865884238884,4104.293415076554,6
3.625745786827269,0.0352956979949251,9.41248206115946,0.0449096582577974,-0.0627000782591112,4061.767836101747,6
3.645806088090161,-0.0163959093269316,9.633976648668924,0.0171192952208692,-0.1430175996758398,4082.3675619679793,6
3.641935700254423,-0.0300650993937549,9.471243431188938,-0.0149488602432902,-0.1429737518648775,4100.488625367773,6
3.613451904527012,-0.0220510219334463,9.319982026569148,-0.0231556056315927,-0.0545039749287141,4102.314174617231,6
3.609266863444606,0.015458159230419,9.125055243371822,-0.0301715802210615,-0.1117640629894313,4112.360461358832,6
3.613642465915715,-0.0151502762051146,9.07323381539019,-0.032622345602327,-0.1548356048803658,4153.2672451653925,6
3.6163272713830312,-0.072999985238208,9.01148492718963,-0.0189652441842457,-0.1272472911114218,4178.468458995087,6
3.623641869267773,-0.087475202269375,8.93467586524308,-0.0223493710070027,-0.1040131149633055,4159.782442584551,6
3.6332538873229647,-0.0662266762017974,9.218377645098554,-0.0490159303889747,-0.1133791532851016,4129.618299745772,6
3.6447863382656793,-0.0504114186115418,9.445014838544692,-0.0690472412520731,-0.1366296915075248,4104.585957138367,6
3.6614535508687593,-0.0572312916245925,8.953013268423687,-0.0637890089173825,-0.1256775285851117,4090.599534392141,6
3.670466859772176,-0.0573196115425152,8.889548613776672,0.0087436857718229,-0.055445340872354,4135.066371436529,6
3.685434375864062,-0.1070982767660598,8.957446120992692,0.0395588535045867,-0.0173949143479834,4140.271683436643,6
3.721124966794001,-0.0751687733548428,9.638343563463373,-0.0304050816825744,0.0126084119006579,4143.598835444759,6
3.696898015369226,-0.065919572150358,9.13616452400163,-0.027973232443497,0.0064680399015624,4222.855525879803,6
3.634501404474597,-0.1396973524821518,8.238817141740377,0.0219684080059008,0.0900407850068104,4289.04517181787,6
3.648099858756475,-0.04023109197998,8.563840653386366,-0.01974983044459,-0.0279214532136693,4209.242593657164,6
3.661643733925968,-0.0222326661621848,8.26410828473581,0.044267957921138,-0.0682760834067351,4256.489572919047,6
3.660689584951732,-0.0168734050561866,8.831003436658676,0.0253712529864781,0.0030876956403365,4296.5340288291245,6
3.6427957471153634,-0.0658695266362439,8.735932962114237,0.0209060801972909,0.0296708839133354,4329.047028536334,6
3.63947301111448,-0.0670085407289549,9.328385916226969,0.022754844547108,0.0153463263051,4378.521597741945,6
3.630431307735129,-0.0118564378871989,9.724414630171584,0.0215914231202338,-0.0220698328208612,4410.46473752428,6
3.637204079131104,0.030385367762999,9.2172221195981,-0.0465346043810293,-0.099684638694829,4326.405622464863,6
3.642586973511104,-0.0019686643367944,8.979155172595602,-0.097412072326408,-0.1008512919302156,4275.196314949442,6
3.6210238772292898,-0.0892370017398657,8.964394292186322,-0.0238843075113809,0.0137698889303099,4381.668107111233,6
3.625600457845266,-0.1235196250856894,8.135427809720492,0.0268600253691342,0.0469549267094781,4429.730589258169,6
3.624160305891438,-0.0859823582840356,7.912344759953322,0.0063757039793858,0.0012927836954754,4415.033512875628,6
3.611127061425441,-0.0722642747559308,8.505859092558977,0.0085642079855066,-0.0101319552251094,4393.8124401922405,6
3.593384718328333,-0.0289588921058119,8.474554654667113,0.0030013771854956,-0.0236872971514201,4361.277177716523,6
3.5930998268685346,-0.0540550727758174,8.831118623778854,0.0221942189495204,-0.0665822867746749,4374.910688271253,6
3.58371587558028,-0.1160296431216526,8.940787819229492,0.078575324454437,-0.0235613736662814,4392.149348006171,6
3.609015659178852,-0.1517071171614338,8.048215688255594,0.0689789525742281,0.0044657357302683,4417.012465007999,6
3.614064114185312,-0.0640436848131743,8.575020736052773,0.0401170350597576,-0.0053341544217945,4497.715461465954,6
3.603377761526996,-0.0431489674902268,8.429901011465219,0.0078764304150923,-0.0128606018155706,4531.260987667106,6
3.6025900766662096,-0.0308332350207195,9.025222792268062,0.0125976312831921,-0.0551348424174421,4487.688142710234,6
3.5794645083669754,-0.0621623396464878,9.960043403304736,0.025094801294439,-0.0582354436654046,4446.674345863801,6
3.581132127772303,-0.0629351098342374,10.084071576050452,-0.0075071281574739,-0.0538809331750308,4411.366439456693,6
3.607332757447712,-0.0481234316661326,9.65750100800063,-0.0464513074994848,-0.0650301879268459,4411.220920039705,6
3.641154894227301,-0.0433308900192626,9.318240955499236,-0.0674217599197213,-0.0499415774259316,4445.121558822269,6
3.673093390857062,-0.0394178954322551,9.153451930016445,-0.074648607079573,0.0003193324053799,4484.356017731661,6
3.668668049998868,-0.070773094252324,9.406299859557771,-0.0459034693320119,0.0337080296939426,4526.499848248972,6
3.651407346429075,-0.0943992676884207,10.092173299144347,-0.0066901829733869,0.0224526189233583,4523.654446840722,6
3.648532303421327,-0.0840918859381779,10.057091271855493,0.0463082723019872,0.0164423103612835,4529.318310279079,6
3.640503757396608,-0.0726023300719439,9.60009314068056,0.0437047301674132,0.0082617984263999,4554.911519331296,6
3.65404364177906,-0.1075783971921846,8.921403013156139,0.073727096497358,0.012936270136857,4510.558171525081,6
3.592288012478425,-0.1902913325610949,8.530266951817257,0.0224941123746858,0.0851997332426116,4562.024182865346,6
3.621149976249152,-0.1307121971434811,8.619927073309585,0.0177353791912959,-0.0090063138706611,4583.601913312672,6
3.623830549023922,-0.1056726596282426,8.409345201426053,0.029616588355473,-0.0565627522092368,4533.004715886367,6
3.588989749033228,-0.1561824960780552,8.437024505308386,0.0808073962396757,0.0477093506529552,4630.4795734189365,6
3.6050218184643743,-0.1829437972259263,9.208405628936628,0.0853553071509109,0.0508276294283488,4631.548832588264,6
3.630026204930364,-0.0755105993048096,9.015493602159884,0.0146612105874053,0.0190662801354244,4568.7417670603845,6
3.627887871845112,-0.015771766069773,8.358597289927463,0.0045880324750392,0.0100528031512686,4606.047058886544,6
3.642988865292706,-0.0597350992521183,8.054173265558271,0.0475519158157244,0.0298403746991599,4645.947937792789,6
3.658206438015757,-0.0841016748296919,8.07315161807882,0.0778126278977298,0.0846596731237374,4660.640823168992,6
3.651959310284045,-0.0266846116135023,7.980815099405832,0.0329663337666266,0.0581843253681306,4635.132482218343,6
3.650084794984219,0.0347676851822418,7.626147031348187,-0.0769811890052271,-0.0699704200764888,4542.408254898884,6
3.613524916838901,0.000965049691236,7.555438214289863,-0.0654963169526103,-0.0506712773191635,4607.8326186157465,6
3.5955627949625755,-0.0552849144805923,7.607314634584632,0.0023699792917537,-0.0216202667933029,4631.511804444698,6
3.615710441547514,-0.0265965344728224,7.518983000593194,0.0185363228710318,0.024008392020919,4626.205889546676,6
3.6494510744781774,-0.003683858243765,8.042898090927425,-0.0552747107231803,-0.0645638311612104,4648.9377981461375,6
3.640250650576743,-0.0856564546581116,8.906114700289484,-0.0320410104485491,-0.0632550848930583,4671.786594314157,6
3.6425821672192,0.0297462137541996,8.430736883466816,-0.0102421035189896,-0.0263960537597727,4700.87052780793,6
3.614470871972427,-0.0393624955846145,8.515309900426777,-0.0206183383319615,0.0537433481828006,4728.264253884827,6
3.613279870048956,-0.0244379639216923,7.557646568340177,-0.0215746890821611,-0.0013752122711006,4624.786850505598,6
3.621091350123041,-0.0476692503154744,7.797171434057265,-0.0305793449534632,-0.0230200690280312,4607.438897002114,6
3.629805089786676,-0.0581550938800875,8.130763425251684,-0.0355861341509239,-0.0156011222614828,4643.249608125286,6
3.624772597056638,-0.1012831087168009,8.273628921787745,-0.0107483541085575,0.0352352599645728,4675.732794111346,6
3.615970331746438,-0.1122730445709256,8.079129775219897,0.0087194790658447,0.0279362631427073,4692.880205952925,6
3.623415532452097,-0.1139100960964922,8.63378920197708,0.0115870182084046,-0.0201329394623339,4752.415429151911,6
3.644703030804176,-0.1371382940730834,9.459975226923566,0.0108277733715238,-0.0235663282717329,4811.140076018338,6
3.653706356202009,-0.1034862248318927,8.968542367492333,-0.0059849323468184,-0.0176184768780003,4803.498998443214,6
3.64088176983584,-0.0560630501760417,8.618882575026365,-0.015941925057408,-0.0109925599942416,4837.979141374829,6
3.642817634115272,-0.0305466948986269,8.331338324538114,0.0107148819563849,-0.0128828200734712,4841.304125128539,6
3.645819556778484,-0.0261721502737553,8.964235148874483,-0.0335997009421711,-0.1181773574549475,4792.008631955558,6
3.6392815910702,-0.0500636230030492,9.802499324791611,0.0066280311605203,-0.0647011384694828,4927.861007662539,6
3.645347349386547,-0.0662829671770177,9.85290521067283,0.0438640452180773,-0.02609579628793,5076.1202323397565,6
3.628780747244519,-0.1003981598361768,9.812063325257796,0.0648113558072285,0.0051772112037038,4965.019826718174,6
3.63860667383867,-0.1999152579516818,9.548319581221824,0.0357380201410098,0.109628327548427,5022.421781271427,6
3.644654036439969,-0.1881562155659482,8.866293497451663,0.0250345831685841,0.0837102379969941,4984.154442377454,6
3.620750857445613,-0.1351714374895912,8.646922322470264,-0.0039852601212128,0.0466945943247232,4963.271965515025,6
3.619986395949202,-0.1141838326341924,9.008442273741476,-0.044364455055577,0.0311977324302438,4937.428885004854,6
3.6485928726370656,-0.1300051727722085,8.858832681854606,-0.0234923589177791,0.0078815809422081,4938.0627169147065,6
3.656611612117705,-0.1332684063797024,8.428724201767276,0.0005006359752192,-0.0309900586651653,4975.257889268167,6
3.6402251567875448,-0.1267869535704199,8.714049048136095,0.0152001538930266,-0.009726052705396,5050.878448318956,6
3.626429080963135,-0.1260862533936116,9.101133897491955,0.0190540478246411,0.0606575775380763,5082.364342614545,6
3.628025941046762,-0.1111760815738322,8.834815550111983,-3.446943349645279e-05,0.0593503975535873,5024.927934329296,6
3.649675414592736,-0.0953193552778452,8.967912740201797,0.0136733060869534,-0.0062182614511907,5007.963322669104,6
3.657274464148708,-0.0997919442040171,9.382040839744445,-0.0039112959082631,-0.0358293748118491,5017.964345649566,6
3.636922886428275,-0.074262723694445,9.405808126250824,0.0066563276248612,-0.0664331879895821,5018.744503042162,6
3.620911693660172,-0.0913197008085867,9.084825965560544,0.0474120825460989,-0.0232142750275966,5020.359458016738,6
3.627874597988791,-0.1301541111723168,8.638307397064814,0.0160789017036033,-0.0407507160075788,4995.048387154364,6
3.637318527022925,-0.1308328331987862,8.802733363791406,0.0018719107055628,-0.0084021742671884,5059.747342571699,6
3.5850787498397394,-0.1718155729977707,9.292214988136651,0.0231645778003512,0.0603960812725212,5121.295318212981,6
3.610790035188526,-0.1305452648693275,9.677687953551477,-0.0155285351366581,-0.0483168299962044,5118.964854461837,6
3.624010761215657,-0.1317845231136636,9.554977298436688,0.0650924491360683,0.0080002472621901,5140.21084823469,6
3.622459599479243,-0.1479247645279176,9.5049552987219,0.0801581537020698,0.0099064802965457,5127.067108767995,6
3.614961496872701,-0.1255372249175671,9.654218970094789,0.0255581932023169,-0.0343057850726522,5141.83499485832,6
3.6253100788353576,-0.1126035385010887,9.673015245789797,-0.0140854605146684,-0.024144311450842,5151.125808743715,6
3.626573745685695,-0.1156004456568241,9.210237795953526,-0.0054819593393319,0.0195035286404384,5123.441099177329,6
3.609192283759387,-0.1392389101808888,8.665081313584789,0.0016255088089194,0.0714763488341326,5144.4797474862935,6
3.606464276148153,-0.1710384999430799,8.462268839806471,-0.0106276915233293,0.107969768999153,5210.345408549474,6
3.61839649228335,-0.1565658760953436,8.387336584506146,0.0057091497342825,0.0574039883734493,5213.080688699727,6
3.635192685850796,-0.1758811580905984,8.70171169650622,0.0133400805995991,-0.023633501725699,5246.227765796393,6
3.635502989592892,-0.1966927191293623,8.990281514755322,0.0189160194956221,-0.0588145131412118,5299.368430073122,6
3.633069058440939,-0.1496775553747329,8.808307846459872,-0.0160938894420426,-0.0699958384609092,5225.928929637511,6
3.608506679534912,-0.1983019560575485,8.88522720336914,-0.0090655032545328,-0.0467373058199882,5251.1396484375,6
4.099535465240479,0.0629842951893806,19.477563858032227,-0.0242947284132242,1.1925102472305298,447.1609191894531,7
4.181582810273811,-0.162283909187388,12.183924646519904,0.0593448646032988,2.8581712993223274,-119.13953103592146,7
3.890047781503023,-1.355175901259949,9.280709480171772,1.4735597719007465,3.3134144028620933,-22.49934148076756,7
3.738408426740276,-1.944334911321526,7.176053502666417,2.131442019298895,2.8403274230102995,-5.130282885992692,7
3.739292532650393,-2.0535506490451185,5.522356773490337,2.20241928100586,2.6411971334201185,-140.35348510742188,7
3.717547234314591,-2.197476967057185,5.159921788457615,2.281252402867844,2.5216054845212112,-54.59241371724145,7
3.715538341607621,-2.160708881136197,6.128983910404035,2.210876158813932,2.499601945948245,5.965483138810409,7
3.7108917396460006,-2.175893947259704,6.682193514126451,2.1612861138671198,2.4718701421324885,8.116273638027813,7
3.7116106481694464,-2.160423275250108,6.548422286759561,2.1234514321853863,2.458107062240145,94.62321802395498,7
3.69834232152398,-2.144689812589048,6.787396850870617,2.132950886861602,2.508709404005933,-1.1361299842150698,7
3.6881264359203736,-2.074861944611393,7.054312577888148,2.043536391720843,2.523706683472021,128.32222468817417,7
3.675519227981568,-1.9995256297623931,7.03766651295904,1.9808984643487788,2.548975375161242,108.988314386624,7
3.654367546537029,-2.0121950569437512,7.783057597146104,2.0344069964850124,2.530689374724431,89.54648407893404,7
3.640672356335085,-2.050105667825955,7.470752196525459,2.0521281610673934,2.5096225916449706,118.56631503888023,7
3.632383494234797,-2.061026379243652,7.534542710033815,2.079313313783105,2.4930988372261846,106.45467302692472,7
3.636816875258488,-2.05845121127456,7.94384958494955,2.072932729970164,2.5192944256227405,102.80296519265248,7
3.627142642860982,-2.003129272318598,8.258844631821361,2.0277772234446965,2.5780512823987363,132.70884920945798,7
3.633010689002365,-1.9800247723486888,8.673807756224676,2.004893267332618,2.5714897931511724,111.69588903170911,7
3.621220736361262,-2.034474410227875,7.890000386024589,2.029786351901381,2.5544631214284186,164.14349655606878,7
3.6214886298820153,-2.0006954242934043,8.292047087825946,2.047557511436405,2.560545463170578,193.0861748083315,7
3.607703952646968,-2.082483853866805,8.235399986380962,2.099238797799865,2.5314527127280164,232.4715389422516,7
3.588432872473304,-2.07309530831095,8.163410998102444,2.1104024515223148,2.540529159467612,236.9851848545359,7
3.573837500899585,-2.067696510855831,8.517531907380517,2.07352801579148,2.5125584139752744,268.9937921780259,7
3.5616676798507347,-2.0851280048711978,8.441235371490022,2.082431388435079,2.5227947021598247,260.66408254139463,7
3.5580580875055112,-2.107493617641392,8.836995765344422,2.100195450569267,2.438711159264864,256.9222844821302,7
3.550817486065537,-2.080847862051494,8.816100120544434,2.108240316163248,2.446287412251999,314.9505287284282,7
3.536064220898187,-2.1038119775145803,8.259017303808411,2.082449651476163,2.442613676412781,320.7852332271746,7
3.554482921735564,-2.0076953733145304,8.058134534465731,2.071248996613631,2.461401765915885,278.4549173383571,7
3.5821798808539094,-1.9932289265874608,8.099255576062559,2.067594453470031,2.459533072229642,295.24503474449045,7
3.574391211146739,-1.9707392396321937,7.858697770246819,2.0693188656621904,2.439906193249261,326.45090086068683,7
3.5569710517997173,-2.038970475766196,8.138964368336234,2.0689480963037976,2.484878629001219,332.5648562303231,7
3.552745215038755,-2.013255451152574,8.415529542894506,2.055685136745225,2.4962310301723765,305.5583669178521,7
3.520351513108211,-2.0393887473576107,8.269586164559891,2.1108593940734863,2.466039123819835,350.42886716928064,7
3.528400833926984,-2.003228001185317,8.00142019898144,2.059889786279024,2.458461765033096,310.27833625451854,7
3.5361007238501934,-1.979317468493732,8.06661960260192,2.0571788567215648,2.4746077790189145,320.35992841578246,7
3.514637415978446,-2.003804200620793,8.557450458184997,2.065512042437027,2.4809375262972133,301.5699226037782,7
3.5099132167759226,-2.0224286940560416,8.807254535048758,2.0629182004216893,2.467459162669395,328.0883620532592,7
3.50153223881081,-2.014378072610542,9.09028583498144,2.0480417030960765,2.4689660988636875,312.5922405185979,7
3.500377777797073,-2.040283893471333,9.288970007825252,2.0914073043794774,2.438357315846344,355.2408306064893,7
3.5069973104035674,-1.9951902285440644,9.358800261767945,2.033457273867593,2.4698180467335145,321.00532691158463,7
3.483517433280376,-2.051347198771007,9.28204320082024,2.0739241322474693,2.423188928347915,416.9221423704233,7
3.4824507414405024,-2.02144792097718,9.229099067289438,2.05966971881354,2.426064035785732,370.7380443971546,7
3.4725372773497853,-1.981636495732549,8.905047089306276,2.035824868216443,2.460793797649554,394.61958927894665,7
3.456388417464584,-2.036275924141727,9.801614092357111,2.0410178268133707,2.415385426870033,410.0444144633283,7
3.472652638136451,-2.016488374169193,9.577306377353953,2.060810000149172,2.4422565111473427,373.0514221191406,7
3.466526953142081,-2.002631803057087,9.008242009291008,2.0317114564909864,2.4020461991651736,382.6202752412255,7
3.448726072240232,-2.059765159194149,8.849445129508403,2.0889974796949926,2.3811210447282933,427.0740852925313,7
3.4373005121501525,-2.0536412605598797,8.968602913529127,2.0590644888023832,2.394091230719837,453.1397267811332,7
3.4297654949017424,-2.082891478467344,9.15255896724872,2.1289587234383203,2.4031635327125658,473.7021734892434,7
3.445195967581735,-2.0488907214420937,9.410274569667983,2.083546255061875,2.419882410497808,456.2310075902223,7
3.4429863513405645,-1.992654418767388,9.738912952480032,2.038607666741556,2.4238891227921444,461.8293953511252,7
3.454770985823959,-1.9886566738584148,9.549454674791932,2.011094825926112,2.443507712278793,395.8746265012825,7
3.4305523438240164,-1.9848418929683629,9.83668207766405,2.0005095930241823,2.409191074656017,421.9462558120042,7
3.4222593156259453,-2.007511497433506,10.194460633975355,2.063237885041024,2.3960484639922184,414.1708196383799,7
3.417420579426324,-1.9274944671944008,9.70430529295509,1.987711092429375,2.3896214410440244,482.2437539171816,7
3.4191801441249563,-2.0189781366889155,9.936846797146009,2.059950541204481,2.349403775450009,509.3823063409151,7
3.43863599691818,-2.017525648003194,9.681054585015596,2.049227351572976,2.36053743291257,475.9563821821071,7
3.4414329012828087,-1.9895449765582585,9.719743209098702,2.006207089815567,2.346707290677882,560.3469452359783,7
3.4299374729839727,-2.055007653449898,9.96500914844114,2.098619391669088,2.3444787584134006,509.5091190622813,7
3.4312177371622914,-2.038592286074339,10.276320115843813,2.049761074692455,2.377194272938059,515.2707454624464,7
3.4236251880873496,-2.022161138591482,10.074421156698197,2.0299060593790084,2.395915248500767,498.6289659186974,7
3.427538296179985,-1.9352890342029163,10.156069207547322,1.931759072328681,2.4089727410629616,451.8260065334944,7
3.4212327857515707,-2.006079102630046,9.436218560631596,1.9907953374421417,2.3513836718317287,548.7801231270406,7
3.4287455491165617,-1.971813847769552,10.48667446535025,1.9931612797637484,2.366819014300161,578.891582432078,7
3.4130260375008654,-2.037573013732682,10.41208776787146,2.0057118045749944,2.359693854602415,530.84924589698,7
3.4052229986261966,-2.04250203495595,9.75694895502347,2.04991955543632,2.3856464099528183,502.5993949548523,7
3.4127030443789352,-2.0124196525829943,9.891762050230112,1.9810432587096944,2.368113014235425,553.8695651381763,7
3.404300034046173,-2.0274649262428284,10.060524940490724,1.991922438144684,2.376323521137237,599.6659851074219,7
3.371717819527014,-2.040302194766144,10.560327330631996,1.992160706377741,2.3813420694265792,553.3874721242421,7
3.392089561739964,-2.04344968119664,10.821295382371588,2.003567674711569,2.393820528663806,564.5673477400596,7
3.396591996079061,-1.9876858191703684,10.6838438973498,1.9877792071940297,2.3880237928077355,590.9887221606807,7
3.392564831384972,-2.011030357720247,10.87719634753554,1.9750277284365985,2.3830868841996837,613.7219056086752,7
3.3823936839601885,-2.0046052719230083,11.613600673960216,1.970536415256671,2.399375694901196,621.8912982086631,7
3.382573546758339,-2.026814737426701,11.25739460916662,2.0313633404560947,2.393717607455468,620.5148565947118,7
3.391987859313168,-1.995179001075118,11.452313487209492,2.000590188289756,2.3878451301090755,648.306552260669,7
3.3722144943564687,-2.00320048563516,11.523557068696656,1.9977857452719956,2.345006783506763,672.0765449182317,7
3.375943980999847,-2.057106929038888,11.379045030963953,2.035327861558146,2.3346126648917127,676.6776460106695,7
3.369699008429228,-1.998455995944009,11.807572069452773,1.9783884095611857,2.336062364613832,702.3523058535447,7
3.3831407988249365,-2.019910495672653,11.30408848577471,2.0324371519373425,2.3301935089168264,695.2788942251633,7
3.367536652444014,-2.04157391857745,11.662021088956008,1.9994768740525888,2.329263833921347,673.0229350986765,7
3.3669948791390034,-2.0183793146218827,11.708276549381996,1.97597034119848,2.34340581609242,687.6918517155434,7
3.3652029402220425,-1.985681242907225,11.24074172617784,1.9844152571550056,2.342196869316386,749.7613142782182,7
3.358604212305439,-1.987317427770416,12.18450896419696,2.0128758825472937,2.3619041353908936,716.2408793435167,7
3.3409407957276303,-1.9523180758775167,12.212919868640046,1.995976122902401,2.363176067373645,685.9632536475336,7
3.33241176249376,-1.9833673220961845,11.901310351357528,2.0072240509204016,2.3468934991466464,758.2519686115321,7
3.336847255479044,-1.9661394651256392,12.14651219168706,1.998433567249952,2.358537579650309,766.7111351810289,7
3.344278308882642,-1.91630829626055,12.033780681553171,1.9833575291420105,2.4084526247052995,804.0948531876736,7
3.32272906890556,-1.985586120566325,12.63181610605609,2.057322783256644,2.3624586480766987,766.392791292561,7
3.3193861441825754,-1.9696733382210805,11.678135487570689,2.0120162074245624,2.3708444815963063,775.786747718925,7
3.311550374351331,-1.9737691652418965,11.384848178322637,2.0229168178430244,2.33670466871404,795.1613924396572,7
3.3166945603356432,-1.92882451993316,11.251314291313513,2.003913288685813,2.348418991957138,782.9434413625233,7
3.306926003142969,-1.978868691334084,11.339349440674283,2.0178927014123147,2.3145124547517124,818.1291153181844,7
3.283395162269251,-1.9479285211705448,11.375147833752989,2.007560544939184,2.3207155804135904,823.5449246079176,7
3.280782372204225,-1.9909289910722132,11.778360993114871,2.0032791339639413,2.335639672492867,863.4274235056411,7
3.2968578712264103,-1.9956690704644615,11.553850465746072,1.9733228968150576,2.333650615677905,815.8117766878503,7
3.2802860630092336,-2.045802167102472,11.757324087086008,2.0304194884513738,2.2988508583894416,808.4697994402976,7
3.286677944126414,-2.047557695588069,11.404988146539946,2.04357734367029,2.2787869403611367,933.9301903568096,7
3.292683344278762,-1.9815370649544173,11.144285504497702,2.0115949057821023,2.266705730957772,891.8892016054988,7
3.2822498634679995,-1.9306059826665856,11.646818168127709,2.0120475737016594,2.2789969462067337,865.7695681443856,7
3.29460812059801,-1.95142409383361,11.632754137266929,2.0106776027537103,2.258520282026547,879.5118783979275,7
3.296669906644679,-1.9784772129201176,11.364091560022157,1.9815585417533987,2.300967408649957,823.8785828547691,7
3.273508775590071,-1.95962732318622,11.277768234708416,1.969901243252541,2.271079547369658,864.3883268441726,7
3.2950354067247307,-1.9098856982900132,11.228694075968727,1.958983384851199,2.302846853412799,865.0501749978134,7
3.285483200158646,-1.955010410120238,11.162305063276149,2.0096734713262583,2.2616489467336174,913.4537294302414,7
3.272460236478208,-1.952092437601801,11.0414141469927,2.0297845335149054,2.2428406530351777,913.7430556567748,7
3.263936002752674,-1.9561361221235196,11.23698075137922,1.9728220265303087,2.2501684889864566,952.5416287094802,7
3.288141270182026,-1.935962449258832,10.766793606886218,1.9327515764022936,2.283197970532659,944.9236058477148,7
3.2757506317167144,-1.9749442903853167,11.14617221746871,1.9926591822460515,2.2877407785671866,961.5683532259364,7
3.251470562237412,-1.977044320818204,11.431398306319965,1.9903755312535305,2.2655516097794712,989.5180026381752,7
3.248493368945905,-2.004441884026599,11.357712635353431,1.9819376099465495,2.240371749472263,1061.1471794470012,7
3.253917902263243,-1.9785767437806776,11.242153580509015,1.935511254552586,2.2599410210082778,1027.398634725543,7
3.2415154006943774,-1.9378463625907896,10.962225059964764,1.8873158764483324,2.215675950050354,1066.3854889371505,7
3.231253520766301,-1.9477764439226977,11.534771534933972,1.935546026301028,2.196775710404809,1051.4671977028918,7
3.2132838564132578,-1.9834145365366296,11.704064490190191,1.953051050207508,2.203750017863601,1044.405532609171,7
3.215151599983671,-1.9749209258093765,11.43432691204014,1.935930440674967,2.214329554073846,1052.2036524530668,7
3.2093158337607317,-2.0040229372124174,11.41548572369476,1.9449612484939065,2.18177572826841,1067.4957480359428,7
3.1838884922995496,-1.9908964598356795,11.370697220759608,1.9390933709358105,2.1873808049443944,1094.8571358296415,7
3.1966496812763503,-1.9417289762354613,11.060073752901449,1.8949719689675235,2.178369013231192,1072.325501854739,7
3.194673531091035,-1.9299182945222997,11.248528836378409,1.8781941310683292,2.209350769199541,1101.036474427181,7
3.2026454219177585,-1.9089418066971344,11.251914949559447,1.86976369637162,2.2069845635499528,1100.5039508876516,7
3.201330782762214,-1.9439478383135431,11.855890530258865,1.9260103062017628,2.155702669229081,1086.5751224347016,7
3.1963570349252044,-1.9915185148146608,11.825106834297753,1.9518493329411133,2.1861710717428973,1090.1565615525883,7
3.170927716724908,-2.073643125704864,11.824238741575783,2.0429568183955857,2.1562442530446977,1095.4235238601902,7
3.175133474727175,-2.0489825633034777,11.89290090817124,1.9910447673121492,2.157491955294538,1107.7020951456095,7
3.177045473411902,-2.0157444832929925,11.687429285761135,1.986540171637464,2.157940679521703,1087.0744501370102,7
3.1585612305954323,-2.022983780102944,11.651658232532329,2.000900634633961,2.1627766836935014,1092.7890470134678,7
3.150323049346013,-1.97492989319474,11.793598908097,1.968550634028307,2.140617657063612,1102.5383455646572,7
3.155854659294014,-1.964064717737596,11.963814333303649,1.9364805982184048,2.162701440391256,1122.546551604769,7
3.169649344771656,-1.9624306550666464,12.00889815145464,1.9666039534469144,2.1241945081682343,1104.109344026935,7
3.174573105662616,-1.98765092509896,11.827264408567062,1.9721521370446509,2.1762779853237206,1126.082027150624,7
3.16475914485419,-1.983469842974819,11.944188438244716,1.955877867207598,2.1541166892692227,1194.8539966184694,7
3.1771517582793734,-1.9742817109200488,12.004596304537646,1.96491275527584,2.194948882309358,1153.7441729645238,7
3.164461936523665,-1.9540180377106184,12.03332536611984,1.938555925639709,2.1377697951758097,1171.432666380014,7
3.166862834745379,-1.9917345687524588,11.95118191348973,1.9990304232533291,2.149609555059404,1188.4718295424734,7
3.148609042167664,-1.9894387125968933,12.130566596984863,2.000283658504486,2.14825975894928,1215.0624389648438,7
3.127180831645852,-2.0213125454845717,11.85375565201489,2.0264629632679383,2.103933155536652,1241.5178914995336,7
3.127070024831971,-2.005664377070185,12.03685794659515,1.9875036460250173,2.099082687007847,1253.219325734608,7
3.155390715421136,-1.8880509662984015,11.856634720047907,1.905680513204033,2.1228190553722097,1282.506292997901,7
3.1449451909136417,-1.9449090770821071,11.731084339654268,1.969802261288487,2.110727879538465,1306.8711238120918,7
3.14576279583262,-1.927939170776908,11.86038707975132,1.923652346009638,2.097028163831625,1285.29128208445,7
3.1035499501584183,-1.9667782712338573,11.222161051052725,1.972689343922174,2.0722027607818148,1333.5137356430737,7
3.1044615934144204,-1.9828254371436675,11.753769408411058,1.9451853161427517,2.0925072280328667,1334.08516317339,7
3.0779314432571185,-1.9685555064856115,12.481031382261806,1.9844464286049797,2.0507702418227693,1360.61836629839,7
3.096008460913132,-1.998592234814344,12.534999769125411,2.0072756574225066,2.073868072744625,1337.460086651702,7
3.059716950601606,-2.014386952812992,13.0164271682056,2.030045000474845,2.0557228344589924,1345.1444365088616,7
3.057094439641753,-2.006185055668674,12.89574341987496,1.9983678562427627,2.0311922306445105,1374.7782925278395,7
3.0694326340262577,-2.0142217038282686,12.623043409034384,1.9976474189046596,2.0268477735234725,1407.530869213503,7
3.06566618805501,-1.990366808958908,12.495364587698406,1.9552294020332488,2.0636627558451988,1401.576819576435,7
3.0539013271901143,-1.9952011108398453,12.924235642845955,1.9505959927146117,2.072200543844878,1400.6985336986918,7
3.0583426640994515,-1.984980394146335,12.81958246586927,1.980258750826563,2.0880981461325696,1427.618725221548,7
3.0369736739059,-2.033139387173442,12.91383451490258,2.026010445694428,2.035829885682064,1414.1967245073456,7
3.020136610785527,-1.9475618663118852,13.394923057129132,1.9354015957953332,2.025564876065325,1398.9423682369415,7
3.0197032601086065,-1.9704998927329904,14.110997584328729,1.9424766462240648,1.9967457216177416,1425.2244818388529,7
3.013284531102252,-2.0262926532261405,14.057231024130068,2.005449616642141,2.0093971481963773,1432.19142082556,7
3.0165418920232288,-2.022567037326186,14.221728894247937,1.9980796646715984,2.032262154479525,1467.873139794193,7
3.000790836206123,-1.9835349895171264,14.279593410776622,1.949384604817006,2.003304264883497,1501.817275317747,7
2.9870986120024723,-2.0236018308952675,14.078821837012448,1.9910203289629809,1.9951687766544852,1445.2718013934234,7
2.980126639800285,-2.014282415607082,14.001257974710036,1.9865316681897465,1.9823375975907735,1463.8782148218868,7
2.980958330097484,-1.9317012340275208,14.17187797489451,1.935946469876304,1.9791614528912216,1481.2081225950326,7
2.960812628269196,-1.9808662097845504,13.580655727813491,1.973436029989328,1.9748971569004348,1516.5022824415516,7
2.9412554377940165,-1.97152114626187,14.030972736984936,1.9801120491170177,1.928479233784462,1540.778768510961,7
2.94045422860046,-1.9611206290437213,13.694887378322548,1.953497723412157,1.9350111564593528,1508.0878177472016,7
2.952517456083155,-1.963845081293761,14.126267589739903,1.93745452343528,1.9928251496001848,1478.6422729492183,7
2.897517901747974,-1.959939496730692,14.652328252792357,1.9613719360152293,1.9171177744865424,1589.6743569445237,7
2.906677986258891,-1.9464460842644988,14.224547713550171,1.9127736483047255,1.9040706816004287,1604.3043158232272,7
2.883537587834828,-1.9872142223279867,14.022096850978787,1.944841693141568,1.9121632642710376,1636.1622583190008,7
2.8982675840605543,-1.9673876397645316,14.283451663914017,1.9389807688656155,1.8885413079119449,1641.9075654442638,7
2.923185810224333,-1.971238488581643,14.299791268448304,1.933944860501076,1.900564323610334,1641.0068122522166,7
2.923376691875174,-1.925807143325236,14.6413624179897,1.8916807477153932,1.886063385365615,1632.759867653916,7
2.8881062829672404,-1.9408716430414952,14.90537372631814,1.9174028577199616,1.8734700275001248,1635.6515630465829,7
2.860695870954599,-1.9836511336155775,14.57006290777406,1.9613590605223328,1.836841612609465,1626.6883708896914,7
2.8712161201149677,-2.000787219894467,14.274961991096609,2.016669932586044,1.8248084009583307,1646.565736685228,7
2.8524651562989654,-1.9853030994756895,14.322498392702927,2.0189101660429536,1.8091181552232216,1632.7802752594437,7
2.8201531065044123,-1.971637463391718,14.065069550898553,1.960484663052348,1.7960317535186892,1688.6293448832491,7
2.798598038616466,-1.9898239614358584,14.41069652785116,2.01072893302832,1.8042369378146852,1663.1338564744622,7
2.7923842793080347,-2.032660580393094,14.641282561999647,2.0147966751411777,1.7868531991296737,1650.9439701820486,7
2.7931187188447413,-2.0041549241364893,14.342442854126888,2.0148806216111828,1.8042667783907989,1668.128119169776,7
2.7789513335299136,-2.0028924568375546,14.514804085688803,2.0296282332334945,1.7889243729078947,1676.3709999198345,7
2.751967697001215,-2.0021594967415086,14.86709239589634,2.012258083073061,1.7812403645088424,1662.898049425723,7
2.7535840593167205,-2.005370675627865,14.378966377742255,1.9693894528630955,1.7364010926502855,1710.612376654326,7
2.750543042794982,-2.0289328774409507,14.888478834237622,1.9678516138845408,1.7418960457417505,1698.8270883133162,7
2.710650251872504,-2.0299706530215134,15.834086154823874,2.037804353593001,1.7138006162287585,1691.0117729528629,7
2.6772534349071444,-2.057578624184452,15.485501004688771,2.0193706768662185,1.6911089954091545,1720.1279670373722,7
2.6846741749279537,-2.034840275102587,15.456235447926312,1.9973719289053733,1.667529111477866,1711.6327751501278,7
2.653536280589317,-2.057493818340017,15.731340322921518,2.0392361612462286,1.6369741283245949,1732.061044265974,7
2.6419507701005505,-2.019350127942528,15.643438655938676,2.0165057280170395,1.6242558497991133,1744.4787347138815,7
2.614145729079176,-2.0215126009129767,15.9178870400386,2.02191043789707,1.6272554700054342,1809.4391324626863,7
2.6020401342591244,-2.002202219927489,16.13833670829659,1.9775077086776056,1.6146015413661496,1762.3727120926137,7
2.601237848623475,-2.019460505514004,16.020506588380723,1.9477987271636292,1.6053471476284424,1772.3293147300606,7
2.5804480296462327,-2.051448399451242,16.330606282646965,2.013164870774568,1.601066269091706,1751.1311599959188,7
2.560992020279615,-2.006987041501856,16.45349219307971,2.011559642962555,1.5605515855461811,1760.8212198285914,7
2.5167630119110225,-2.006921957233057,16.440411845249916,2.002512310867878,1.537201324060782,1805.2588888139871,7
2.508653932542943,-2.048842198813142,16.797692654737784,2.038986964012262,1.5283634217817392,1799.3641849347034,7
2.5147114378302846,-2.0145229679435035,16.665731081322065,2.002753952101094,1.5142113624224027,1777.9589606897143,7
2.540944802227304,-2.063925787584106,17.02968685662568,2.076070456362481,1.5242227280317842,1797.1785223661957,7
2.5093813209391347,-2.027412765951301,17.446207751089073,2.0578922798384505,1.5098461041699602,1819.4719056086767,7
2.4803792967725165,-2.024606348863288,17.620956961788334,2.061414686601553,1.496548971133444,1866.214838284165,7
2.489272566873636,-2.01547849089352,17.878696840200845,2.058310863687031,1.5051976126521385,1856.4367516361085,7
2.491530825842672,-2.03048580618047,17.708754781466816,2.054866822797861,1.4703386514934138,1864.4129902853892,7
2.462720693047367,-2.057598400471816,17.80100520689096,2.0574342510593477,1.430136708181296,1898.6969185444848,7
2.442146824367011,-2.080017452809348,18.49388728924652,2.0734251755387034,1.441064870179589,1871.6100072149025,7
2.475986897945404,-2.030066430568695,17.853466987609863,2.0913135409355164,1.4433558583259585,1968.5828857421875,7
2.438942402156431,-2.0951337547444586,17.918901073398875,2.122886796495808,1.4604001792509165,1941.6561698344217,7
2.4244963153084718,-2.0092424741431847,18.1707099088982,2.038574482077983,1.4120181456430636,1924.4014478085649,7
2.395248918390985,-2.0421231184432758,18.731980451897005,2.080558207497668,1.4244269310538449,1945.370989899137,7
2.3471351657340778,-2.057571770539924,18.735118858849823,2.07217922317448,1.4448577730513328,1884.7876113208376,7
2.335047440742379,-2.058546676564572,19.22037987210857,2.072693235838591,1.3716289748006794,1991.7771724871732,7
2.343396580041344,-2.0567817287658574,19.1706274231868,2.084424441430106,1.340548118103796,1978.0042610737808,7
2.3586346213497333,-2.084863851319497,18.921083763464168,2.053085238186282,1.3834106904357222,1948.351236371852,7
2.309902840585851,-2.0238329590256545,19.67487296061729,2.038501269781768,1.37110690750293,1981.284461633482,7
2.2829386992241028,-1.9981537834921876,20.132532632172992,2.027472846543611,1.3372296495224103,1964.366567127741,7
2.282086089475832,-1.9788030866366704,20.036746565975367,2.053316565591896,1.320255305784852,1989.7985607545747,7
2.243857711108763,-2.036194000671158,19.84626032701179,2.051656819101589,1.3063542718317962,1975.432516980528,7
2.232766694986997,-2.112424007992246,19.989911655881517,2.1033557564464966,1.3045598535395366,1968.6147579363903,7
2.232844875819648,-2.0906440927021563,20.344448815530782,2.0429365581540933,1.3054398920998649,1985.2801568330235,7
2.212884480383859,-2.0703560354104664,20.682723906502805,2.052377355632496,1.285955745337615,1942.0372578635152,7
2.212426281687039,-2.008669497361825,20.869078935082275,1.978646627113,1.2318472061584262,1979.266124212919,7
2.2016227414358918,-1.9841261821896312,21.13126583953401,1.9620330066823284,1.1602138623372855,1935.363517191873,7
2.1974044379903312,-1.9006873209085056,21.104067859364974,1.9082898319657196,1.1350734998930752,1987.0785568009533,7
2.243987796021927,-1.7320563877696529,20.920783875593514,1.739849103475697,1.0683639236350613,2062.548623611676,7
3.000169319892973,-0.3471830380497052,20.88425286136452,0.3255918266168626,-0.1524209851648905,1914.0302278888803,7
3.4451578588628027,0.1078141007238836,21.62653376451178,-0.077608158005713,-0.3894484069810103,2010.3593212526148,7
3.558349846014336,0.0831328130035251,20.70981795752226,0.0108426820709191,-0.0853137783150167,2083.003740453009,7
3.559652558903196,0.0076697938641144,19.77075716274888,0.0120929522134029,-0.0879663012143391,2056.271273029384,7
3.564617644495039,-0.102822565876726,19.608854806245265,-0.0351614203137249,0.0446143811985628,2102.6657605527053,7
3.556624738138113,-0.0802949694777603,19.233630557558428,0.0842668750643064,-0.0035057652519266,2160.982303448578,7
3.605199100366279,-0.0535058144535592,19.78845574962559,0.0925870280045623,0.0124521400334675,2140.1024552530307,7
3.599944017716308,0.0245087101165918,19.10121245882404,0.0543839968740939,0.0009932195795563,2131.021153691989,7
3.628909730199558,0.0234854482670328,19.349176406860348,0.0604002558028516,-0.0311617301359994,2074.5749985424445,7
3.642974771670442,0.0106491156256032,18.975065295376005,0.0460944650555732,0.0021449224050372,2074.033126603311,7
3.6390228627333,-0.0600148258146965,18.420013199991253,0.0573168824802146,0.1035641088192137,2097.4785775711293,7
3.654228737994806,-0.0798530019263719,18.054788568126632,-0.0069511085470653,0.0198663431984288,2089.390996221288,7
3.644844745522116,-0.091261010227809,17.925721581302476,0.0545532598313113,0.0764477523182745,2163.133515770753,7
3.639029179936024,-0.1195359781328895,17.55645026021926,0.0520774458548942,0.1034972973501509,2174.3607797195664,7
3.6432970157310143,-0.067077858790533,17.57062883519418,0.0106046220093078,0.0725073529157153,2218.3795074918366,7
3.6527617511464574,-0.033441749192886,16.378449525406083,0.0161886026443402,0.0664797014932151,2231.762023014812,7
3.6579719657328607,-0.1351050390903591,17.809863304024294,0.0066912656288523,0.1016135965543423,2316.540844362168,7
3.62100185831981,-0.0457018895158131,17.456370638377592,0.0451971182961041,0.164782528028779,2367.688330806898,7
3.68868063812825,-0.0569774934938626,16.986528353904646,0.0086943518592802,-0.0097464835688195,2293.335199612296,7
3.7215774566379953,-0.0715703462500697,15.325957711063264,0.1242196250206447,0.0300525777153063,2200.8571485832567,7
3.717475108246304,-0.049714845174287,16.585616239860872,0.1240279132972921,-0.0399793098444366,2280.8653655550324,7
3.710246484671068,-0.0216610370509623,15.990474238324564,0.0897666041308392,-0.0535591890785255,2306.5578549513184,7
3.708811352502052,0.0690749486658109,15.889537355793042,0.0175110904027314,-0.026692542136272,2294.209483587917,7
3.674346058226343,-0.0303499779816897,15.163272729560545,0.078030305108364,0.0052618609268728,2357.98421375787,7
3.6508177145203526,-0.0305208435921498,14.663862954324747,0.0316111866051089,-0.03170034611848,2400.8554140916544,7
3.707356745627389,0.0602309533686779,14.802912719214142,0.05663055376108,-0.0602448454766128,2306.124125466418,7
3.657419791862146,-0.0541915738982941,14.545154265503388,0.0650551142588035,0.1161099177465511,2354.662788960471,7
3.674012610271796,-0.0593816603520022,14.260719135626037,0.028013526232663,-0.053367448136655,2333.003804221082,7
3.636534658830557,-0.0429246502358516,13.442230196141484,0.0125624134983699,-0.0027072871131688,2327.8466541802704,7
3.654464106061565,-0.0054251610565546,13.052061479483074,0.0328298908338621,-0.0274269782951959,2378.4920235249538,7
3.699654669903997,-0.0570309221077315,14.163868804476143,0.0395022463331471,0.0305546753025099,2429.948856182953,7
3.701576128824433,-0.0661148518574091,13.745864007010384,-0.031766868745491,-0.0233316222125826,2451.237738310401,7
3.6527640677210114,-0.0652017702362454,13.307403550219185,0.0161046900477172,0.0381095501691556,2380.7773291744406,7
3.6719139912235206,0.0140981815421768,13.442112168269365,0.0283801660442067,-0.0290680151543954,2352.3571986867423,7
3.6821228247969895,0.0127915806039723,13.457160045851536,-0.0189983047294743,-0.0313990610971392,2420.160726518773,7
3.692332606707046,0.0334111806839268,13.000739471236272,0.0031022258492118,0.0475200017663979,2367.5417015872767,7
3.72006426640411,0.0004344021192586,12.865562538602452,0.0102987629986966,-0.0045043921459522,2311.302151352612,7
3.6776369703349774,-0.0442741572189698,13.460895360405791,-0.0497996373963893,0.0223426896967575,2370.55271251166,7
3.6365717702837146,-0.0204600630425356,12.368649952447242,0.0610162679717578,-0.0327665179745484,2499.954821230757,7
3.683005718152912,0.0119205939430568,12.5116008466749,-0.0871995938733298,-0.0005332468383377,2457.753673952016,7
3.698520333019655,0.0199097585099856,12.459242735336083,-0.0385516826897422,-0.0562866300956067,2405.5347481343288,7
3.635862905587725,-0.0122991054138113,11.809339388092983,-0.0477044313812426,0.0095924319449183,2368.749010683885,7
3.679591509833263,-0.0486312852199408,11.43802361701857,-0.0896085248287044,-0.0410053228486835,2366.6562809730667,7
3.697868035800424,-0.0217956790297428,11.102165905397388,0.0061858774635436,-0.0122754802621577,2410.901338036375,7
3.651235167659929,-0.0293953023545088,12.00378864914622,-0.0460230109573722,-0.0552049302565545,2505.2591388759306,7
3.709315379164112,-0.0118175825979804,11.327056468422724,-0.0439970210583758,0.0791868290572025,2558.242839756296,7
3.715922330742451,-0.0302631478033855,11.463069616858617,-0.1378652679720041,-0.0669879429598333,2527.096860060051,7
3.6768071179959296,-0.014186428644369,12.51536405976146,-0.0280154602907944,0.0159697103689393,2684.0655781760192,7
3.712438106536865,-0.0711460635066032,12.44001579284668,-0.0974358269013464,-0.0455151721835136,2681.60595703125,7
4.075586318969727,-0.0034174243919551,20.421009063720703,0.0650838688015937,1.281444787979126,516.4248657226562,11
4.087526256839435,-0.5577443369353812,10.84361652036508,0.5147935071339211,3.3023579257229967,-148.12628877162933,11
3.8663108125329018,-1.4564677054683368,7.698377907276154,1.592570073902607,3.2355086927612624,9.319838201006256,11
3.7840735763311386,-1.8654714301228523,5.947472363710403,1.9893648885190487,2.853637915104628,38.28361511230469,11
3.7322201828161874,-2.1148483604192734,6.47955306371053,2.214352751771609,2.603398566444715,25.72483448187509,11
3.7381099375585713,-2.08685465157032,6.901647766431173,2.093376231690248,2.5649848158160844,73.36142857869466,11
3.727805383503437,-2.0525799319148064,6.821352481842041,2.0649974048137665,2.6235410571098328,84.54442596435547,11
3.6913440177838006,-2.0755571126937866,6.802245716253916,2.115576349198818,2.5801635955770807,111.73596954345712,11
3.7064009805520377,-2.0075297256310782,7.312078396479289,2.0177660981814065,2.581734746694565,133.04787413279217,11
3.664192445576191,-1.9971664752811196,6.837057322263718,2.0498554557561874,2.5899270363152027,129.38209760189056,11
3.647840075194836,-2.0142548258105912,7.138319671154023,2.087111214796702,2.5900895471374192,127.2886585394542,11
3.630252110461394,-1.9943272887418668,7.028927822907765,2.020904775088032,2.550035939862331,191.4924666086832,11
3.6182306557893753,-2.003295451402664,7.706510782241821,2.0218906551599503,2.5676306635141373,161.9791717529297,11
3.62494283169508,-1.9245523350934184,7.440935562054316,1.9222552242378397,2.592335358262062,150.20678393046063,11
3.583092004060745,-2.036720422406991,7.759064257144931,2.029319783051809,2.5444437861442566,187.1027323404953,11
3.602662052959204,-1.991576377302408,7.831480830907822,1.970694994553924,2.5362014807760715,219.0507755279541,11
3.606031537055969,-2.016488552093506,8.037945906321207,1.999837875366211,2.540389438470205,168.5256144205729,11
3.589477485666672,-2.0528929444650807,7.379526774088543,2.022431869059801,2.5366775430738926,247.04692522684743,11
3.5770503282547,-1.9914718978106976,7.588479101657867,1.9966631196439264,2.492285624146461,299.74344635009766,11
3.5553198804457984,-1.971039226278663,7.668795446554821,2.027828329553207,2.477963271240393,313.2154649098713,11
3.548059105873108,-2.0216500411430998,7.858118573824562,2.0473255713780723,2.475323607524236,238.6644465128578,11
3.5334399938583374,-2.12508287280798,7.495270222425461,2.1088224425911903,2.463901855051517,249.61268424987796,11
3.5023612156510358,-2.07126335054636,7.8427676161130275,2.0676626761754355,2.464112045864264,285.1859219868978,11
3.502815139790376,-2.012245051562786,8.172965904076895,2.0601477213203907,2.4283149975041547,271.8168207804363,11
3.476542681455612,-2.0849929451942444,7.980632781982422,2.059532463550568,2.451262980699539,245.41531372070312,11
3.4727105436225734,-2.050827967623869,8.113241970539093,2.0404857980708275,2.424627956002951,325.183710098267,11
3.4615125258763637,-2.069555724660556,8.322210311889648,2.06303351620833,2.430796816945076,314.6671091715494,11
3.463120974600315,-1.9719135705381632,8.30224734544754,1.9745871983468533,2.4336216412484646,341.3505802154541,11
3.4657879968484244,-2.0189182658990226,8.024884422620143,1.9675820122162504,2.434519365429878,274.1810735066733,11
3.475266084074974,-1.989583170662324,7.761016925175985,1.9502657558768988,2.4340420762697854,326.057720820109,11
3.4549539238214493,-2.099317073822021,7.684237599372864,2.025100212544203,2.446164771914482,341.9300537109375,11
3.4584131675461927,-2.085328667114178,8.31399220228195,2.077399546901385,2.3724697083234787,339.45593388875363,11
3.447655995686849,-2.0753931999206543,7.703177134195966,2.068408727645874,2.4159655173619585,307.1976013183593,11
3.422008078545332,-2.0540830083191395,8.042427092790604,2.0650529861450195,2.404147323220968,431.9421443939209,11
3.4296649818619094,-2.0568139652411146,7.899256388346353,2.049177477757136,2.378683688739936,402.1985257466632,11
3.411840228984753,-2.076212013761203,7.854079763094588,2.0752454524238906,2.394522021214167,438.4378039042151,11
3.3967315405607224,-2.140205666422844,8.75175416469574,2.1042988896369934,2.388334333896637,392.6548309326172,11
3.4004859874645867,-2.031192623078823,9.25383112827937,2.007641283795238,2.380307628462712,409.0088914235434,11
3.3884133497873945,-2.024041203161081,9.948988497257233,1.9809500649571417,2.372072346508503,391.7595202128091,11
3.3901683278381824,-2.007801163941622,9.73455047607422,1.9962050169706345,2.37891760841012,369.5959663391113,11
3.3906757533550262,-1.987452611327171,10.0472670396169,2.000969767570495,2.358702590068181,459.7431793212887,11
3.391200006008148,-2.038811590522528,9.144171168406803,2.032604350397984,2.3799064258734384,400.75501060485846,11
3.366401620209217,-2.098482832312584,9.53962254524231,2.0730413496494293,2.361280463635921,395.1836853027344,11
3.3567082223792872,-2.115872406711181,9.88255029916763,2.11355542888244,2.321847961594661,417.1177724202477,11
3.382716615994771,-2.049449250102043,10.13886272907257,2.011598904927572,2.3107817272345224,459.6240412394206,11
3.3401994854211807,-2.079705212265253,9.791482418775558,2.050376113504172,2.326627843081951,489.1656455993652,11
3.354757584631443,-2.0034244271616144,9.374192297458643,1.978030855456988,2.328107381860415,502.114142417908,11
3.345669832080602,-2.008099567145109,8.992160667975746,2.0348520539700985,2.3255533687770367,527.3141676584879,11
3.3672900795936584,-2.0152440667152405,9.206540584564207,2.029630124568939,2.3143398761749268,478.266845703125,11
3.3757435865700245,-1.9895875975489612,9.105088402827583,2.022947195917368,2.319675297786792,521.271721998851,11
3.354392314950625,-1.9947231598198425,9.689000686009724,2.041991884509724,2.3247307886679964,503.2899831136064,11
3.348306216299534,-2.0331771299242973,9.324622005224228,2.078138258308172,2.2967195585370064,489.91153717041016,11
3.331095317999522,-2.0209474414587016,9.576207359631852,2.0573538194100056,2.300709053874016,515.8625151316332,11
3.34133841842413,-1.9633295355985565,9.206639866034182,1.993644585832953,2.339498231808344,526.0482692718506,11
3.3368969410657883,-1.9772376753389835,9.55353617668152,1.980589386075735,2.323575742542744,549.524374961853,11
3.3274459602932134,-1.979417722672224,9.742647012074793,1.9651145692914724,2.2990228856603308,625.2948773701984,11
3.327216843763987,-2.020545591910681,10.194432894388845,2.036143412192664,2.345197886228561,603.7876383463539,11
3.3482313230633736,-1.9800068140029907,10.130743086338043,2.016661152243614,2.3237585574388504,580.2714748382568,11
3.3517737487951917,-1.928805243223906,10.202835241953531,1.979065498958032,2.379516497254372,617.4843940734862,11
3.336291509370009,-2.028765451163053,10.442749440670015,2.062461993967492,2.365118940671285,621.9498672485344,11
3.314790979027748,-2.01194041967392,10.656922817230225,1.9977339133620264,2.322400853037834,579.1809387207031,11
3.329561776171128,-1.928194032981992,10.855601578950878,1.9464597937961423,2.3547151101132235,625.8280404408771,11
3.31360254685084,-1.981681878368061,10.464770754178362,2.018035046756269,2.3739260310928016,552.3918037414559,11
3.312022116035223,-2.0025468543171883,10.8960539996624,2.009172271937132,2.3105664253234863,619.4828472137451,11
3.300490299860636,-2.001361052195231,10.18773905436198,1.993301510810852,2.309344291687012,628.8107299804684,11
3.318796218683323,-1.9407476062575963,9.777025719483692,1.9315481136242536,2.341603749742111,594.2583548227935,11
3.2920804396271706,-2.031472258269787,10.380215227603912,2.0288603007793427,2.3239151909947395,608.6538391113281,11
3.2845344034334025,-2.0169294383376832,10.408106108506516,1.9906477133433016,2.3080020099878307,633.9469814300538,11
3.293380757172902,-1.9491927375396092,10.18951451778412,1.9288305789232247,2.3127472003300986,668.8516159057624,11
3.2959110103547573,-1.9601611960679293,10.269998759031296,1.9033956993371248,2.259393505752086,714.5608139038086,11
3.2744934956232705,-1.995747420936823,10.730298419793453,1.9743261535962424,2.3149711911877,675.8120193481453,11
3.2659985894958177,-2.025872968137264,10.38352236151695,2.0402344949543485,2.274456443885962,700.7651596069335,11
3.263257682323456,-2.012922376394272,11.229323148727415,1.980400249361992,2.296331226825714,741.0252990722656,11
3.257559152940909,-2.039700396358967,11.112727244695028,2.0255683548748493,2.31300272171696,725.508274714152,11
3.2751696159442267,-1.957564095656076,11.436801244815197,1.9472785716255487,2.3041658252477646,734.9051450093593,11
3.269285809248686,-1.9308895133435728,10.912607222795486,1.948336824774742,2.2840448394417763,805.409646987915,11
3.282456358273824,-2.0124530444542565,11.000271995862324,1.9823429485162096,2.271624649564425,836.7012964884436,11
3.269380064060291,-1.980986642961701,10.952300533652298,1.9520100504159927,2.2773775346577163,827.496784845988,11
3.2605920657515526,-1.9526692256331444,11.020558595657349,1.9677509851753712,2.291183643043041,782.2094078063965,11
3.248876139521599,-1.927702848489086,11.579005618890124,1.9516598843038084,2.278503481298685,797.7951107025141,11
3.240570942560832,-1.9699679712454476,11.17340199152629,1.9669202466805773,2.251045127709707,806.2930501302086,11
3.228112507611513,-2.0161202996969223,10.983646631240845,2.028663095086813,2.187405977398157,789.2136764526367,11
3.2278493742148084,-1.9674793072044845,10.570958455403645,2.042307306081056,2.2152384916941323,815.0800158182781,11
3.259750702728828,-1.9234892179568608,10.925341377655664,1.9644981777916355,2.277227899680536,814.1850891113272,11
3.237952008843422,-1.9747317358851435,11.607626497745514,1.9679442793130877,2.27272991836071,838.3640441894531,11
3.2400307742257914,-1.9883653825769825,11.630284756422048,1.99083490173022,2.233876413355271,861.3290576934809,11
3.243102262417476,-1.9644025216499952,11.953695078690838,1.974589695533116,2.235118299722672,850.26740137736,11
3.2291739471256733,-1.9704812429845333,11.947553172707558,1.9888325575739143,2.2651271671056747,776.2356662750244,11
3.211574107408524,-2.0180199742317195,11.789836009343466,2.022539466619491,2.223367313543956,856.1729329427084,11
3.206447838495175,-1.9948785776893292,12.050852263967196,2.004970030238231,2.225176341831685,902.9768025080364,11
3.2104769721627235,-2.010978803038597,11.904456228017809,1.989725299179554,2.21412355452776,938.838312149048,11
3.216227286805709,-1.9590282912055657,11.974233900507294,1.9442904343207683,2.212334173421065,926.656897862752,11
3.185622975230217,-1.9753194153308853,11.70781042178471,1.9504087393482503,2.175114040573438,897.3886121114093,11
3.188595090061426,-1.9687285292893648,11.816290810704231,1.9741683788597584,2.187426321208477,942.51695728302,11
3.191055345038573,-1.9869479276239868,11.90845700105031,1.992115040620168,2.1915890897313752,935.2666416168212,11
3.181945152580738,-1.9754449172566335,11.681711917122216,2.00772660287718,2.173853563765685,884.2923596700024,11
3.166917443275452,-1.9561338424682615,11.664722442626951,2.007663130760193,2.173112392425537,945.6746520996094,11
3.1627544624110064,-1.9416397313276907,12.136355270942053,1.9701820767174152,2.2207390268643694,919.9975322087608,11
3.161936725179354,-1.852311280866464,12.115556965271631,1.920001111924648,2.1690912942091622,964.4572003682458,11
3.16712436825037,-1.9414677061140535,11.557867974042892,1.9969552550464869,2.1808061338961124,999.7151336669922,11
3.166173453132311,-1.97818162292242,11.630891640981051,2.013596574465434,2.1627774536609645,976.0057360331232,11
3.1499955703814826,-1.9589502469946931,12.22555715839069,1.9988860171288243,2.16336635624369,1031.698816299439,11
3.146674297749996,-1.9185365103185177,12.392883360385897,1.987266656011343,2.1479933336377144,1003.430206298828,11
3.160089128961166,-1.981048849100869,11.973307728767416,2.005849548925956,2.1510250630478063,1028.9598350524902,11
3.1607262988885245,-1.9579844027757636,12.062706867853796,1.907566110293069,2.185552090406418,1054.0535125732415,11
3.154215231537819,-1.9607483129948375,12.249311283230782,1.9252995532006023,2.148397851735353,1064.439723968506,11
3.1451693301399546,-1.9542834982275967,12.346521248420084,1.9485838140050564,2.1437130173047385,1054.9436276753738,11
3.132829657445351,-1.9554573756953075,12.08221126596132,1.9305461055288704,2.1310261326531563,1084.7472680409755,11
3.1249559968709946,-1.9691831022500992,12.456758975982666,1.964714489877224,2.112164318561554,1081.069679260254,11
3.155431136488914,-1.927984677255155,13.01245389382044,1.9484657024343823,2.12632223467032,1098.9505081176756,11
3.1403386294841766,-1.999234608064096,12.54276100794474,2.02123440305392,2.079814282556374,1120.4657783508308,11
3.1292479783296585,-2.0102483071386814,12.190343886613846,2.032929714769125,2.070086143910885,1159.5846328735352,11
3.1441368659337363,-1.981580406427384,12.35557540257772,1.9571332136789985,2.131421267986297,1140.8831481933596,11
3.144015353173017,-1.9822918536762395,12.529792894919712,2.008019082248211,2.109795143206914,1115.9972629547117,11
3.11050908267498,-2.034004755318165,12.552129089832306,2.0209813863039017,2.121539257466793,1154.6996726989746,11
3.1145230047404757,-1.9929575013617689,12.408308908343328,2.0084012790272627,2.123986057937144,1198.6630528767898,11
3.085762053728104,-2.060523077845574,12.513889869054154,2.0087627594669666,2.1384352991978326,1171.2310663859046,11
3.082833521068096,-2.051106683909893,12.39739115536213,2.036625560373068,2.124642316251993,1184.9665431976318,11
3.07371012866497,-2.036089700957139,12.857060045003877,2.0146075114607807,2.126756889124712,1181.8074175516772,11
3.067291119446357,-1.992137550686796,13.211015289028488,1.9865209193279345,2.1094493369261427,1191.7779057820635,11
3.099686563014984,-1.9804048240184784,12.977102041244509,1.9629864543676376,2.0934835970401764,1190.8715362548828,11
3.0770317229131856,-1.926728537306188,13.460595900813754,1.922159689789017,2.0695107728242874,1221.3769632975252,11
3.0805883556604385,-1.9841587543487564,13.834011614322666,1.98553440347314,2.0801851128538447,1213.873421986898,11
3.078831560909748,-2.006109058856964,13.954513743519785,2.012961518019438,2.091123852878809,1230.1591796875,11
3.0761168152093883,-2.004729022582374,13.591359317302707,1.988122912744684,2.054256866375605,1289.9244817097965,11
3.0563821929196515,-2.05729486544927,13.821178540587423,2.078309471408527,2.047063446293273,1262.2143548329684,11
3.052012652158737,-2.0468791648745537,14.15438836812973,2.041557490825653,2.042960047721863,1287.7206344604492,11
3.0417944168051085,-2.051096142580113,13.575364549954728,2.017124553521475,2.0535559939841432,1317.0902678171776,11
3.0463109811147056,-2.0396585464477544,13.575378735860191,1.994078238805135,2.0393165747324624,1275.2048746744788,11
3.016715280711651,-1.9774330295622349,13.84454721212387,1.9617297779768703,2.029445141553879,1286.798391342163,11
3.0058539410432177,-2.0348907286922144,13.171904414892191,2.031035852928957,1.9901051223278043,1259.828341166177,11
2.986896735926469,-2.0407701681057624,13.494168962041543,2.0187437031418094,1.9912622477859252,1281.8539797464998,11
3.011964052915573,-1.9736741557717323,13.429332971572876,1.9711373895406723,1.9950272589921951,1320.959617614746,11
2.998898309965928,-1.9750022900601216,13.284868364532782,1.9780074587712684,2.003594515845181,1346.5821666717532,11
2.999656394124031,-1.9942733322580664,13.567680269479752,1.9481701540450251,1.9723501714567344,1372.6116231282551,11
3.0167260356247425,-1.98732952773571,13.951391756534576,1.948800025507808,2.004060361534357,1397.2549285888672,11
2.9844774802525835,-2.008177901307742,13.862585147221878,1.9350558618704463,1.9793329536914823,1342.0823567708312,11
2.981636536618074,-2.0259048206110783,13.726247395078348,2.005139212434489,1.9803625773638496,1373.8337669372556,11
2.9850629568099976,-2.038362964987755,13.357260704040527,2.0116909071803093,1.9826355278491972,1411.540210723877,11
2.945146874835093,-1.997799521312116,13.755793233712518,1.9654760615279263,1.9191707639644533,1439.823528289796,11
2.93619371453921,-1.99404027312994,13.466510891914368,1.971520006656646,1.9104404921333,1486.020820617677,11
2.959882576018572,-1.9796775188297036,13.382900208234789,1.958975227549672,1.8656375482678411,1530.859483718872,11
2.8914858922362314,-2.0318471391995754,13.837620198726675,2.0408081089456886,1.8712737175325544,1508.6550420125322,11
2.842573452740908,-2.0395351822177568,13.991957669456786,2.0372972140709558,1.8038750334332383,1518.5386613210042,11
2.8395403027534485,-1.993704080581665,13.871496200561523,1.96487557888031,1.8106708228588104,1529.2660217285156,11
2.8597205579280858,-2.041196834295988,14.352768446008362,2.015457507843774,1.8055398147553192,1541.628694534302,11
2.7938310603300724,-2.0879359990358357,14.1976170539856,2.0980756580829625,1.7908896195391808,1567.4425214131682,11
2.821485381573438,-2.100234799087048,14.727250531315804,2.08071468770504,1.8359036203473809,1544.5797634124756,11
2.8228224466244387,-2.08316405614217,14.275868872801457,2.0413775493701283,1.8283661132057505,1532.424901326497,11
2.815288039545218,-2.131793505201738,14.505424673358617,2.0963146102925143,1.7707395690182848,1524.3753617604575,11
2.8227261379361157,-2.0420870184898376,14.868443369865416,2.1060374975204468,1.7459136545658112,1590.3033142089844,11
2.800381929924091,-2.037404529750345,15.276695614059784,2.032768989602725,1.7551761853198204,1552.308621724448,11
2.782668332258861,-2.049757530291875,14.81918088595072,2.031640569368998,1.7390920817852025,1552.904622395833,11
2.735955335199833,-2.064320307224989,14.5690805464983,2.0250827334821224,1.7289319820702076,1572.1623668670654,11
2.6967497567335754,-2.0641879340012883,14.4763958156109,2.061811476945877,1.7039314744373164,1577.8974049886074,11
2.678585247447093,-2.079128459095955,14.807090808947883,2.032643107076486,1.6993693976352606,1558.1659431457515,11
2.6379881650209427,-2.0843200236558914,15.40453279018402,2.0306665152311325,1.6553352996706965,1546.974967956543,11
2.625346031039953,-1.9675926677882665,15.71815664569537,1.9527300087114183,1.6527386363595726,1524.2661482493083,11
2.593329198658466,-2.003206614404917,15.345132847626996,1.997372842083374,1.5921418120463684,1514.0540885925277,11
2.5801764354109764,-2.016377702355385,15.152829140424728,2.0285558328032494,1.584752507507801,1544.6653804779053,11
2.545889059702555,-2.0538118282953883,15.912184397379562,2.1157960494359327,1.4876967668533312,1567.314534505208,11
2.541023229559262,-2.0047795561452704,16.20848689476649,2.054556717475255,1.4646931743870175,1546.636522928874,11
2.489356353878975,-1.9908690229058263,16.231804847717285,2.045523159205913,1.415225375443697,1569.0556526184082,11
2.467868778854608,-2.0433345331500004,16.737668087085105,2.0847936694820746,1.4565287499378126,1538.9556147257497,11
2.4529977987209954,-2.0759543925523767,16.676610271135967,2.100715885559718,1.4105608661969502,1604.7753550211594,11
2.4708216562867165,-2.077855795621872,16.61133036017418,2.0788465943187475,1.3794227167963982,1653.3744049072266,11
2.483978452781835,-1.9953860764702145,17.05926859378816,1.969643723219632,1.3722393624484537,1681.090184529622,11
2.398358249415954,-2.101949026187261,17.03429505228996,2.0982712171971807,1.404653441160917,1650.384013493856,11
2.3941804468631744,-2.1354717016220093,17.16212773323059,2.1313031911849976,1.3576839715242386,1736.54833984375,11
2.358220974604289,-2.121770950655142,17.279692292213436,2.1179332733154297,1.3550430250664562,1714.56315803528,11
2.32219169040521,-2.0653703585267067,17.897765517234806,2.0759472176432614,1.3675815165042875,1779.39519627889,11
2.3097976818680763,-1.9601808469742537,18.10020387172699,2.018962152302265,1.277872320264578,1852.767263412476,11
2.3121670782566066,-1.9531888564427704,18.601429661115027,2.0301135977109284,1.2528843805193906,1843.5230305989576,11
2.297044617434343,-2.020411025111873,18.051062872012448,2.0339465104043466,1.244819303974509,1790.1528822580976,11
2.329629622399807,-1.986459281295538,17.881449162960052,2.00397814065218,1.229272574186325,1855.969509124756,11
2.306618733952442,-1.9414160121232265,18.234153548876463,2.0214190607269606,1.2511632312089211,1854.2985509236623,11
2.305829465389252,-1.9830592672030127,18.36825656890868,2.005964557329813,1.278228302796682,1835.3472188313788,11
2.319973386824131,-1.9573705680668356,18.557987302541733,1.994394158944488,1.284133242443204,1863.828914642334,11
2.335373645027479,-1.9713150411844227,18.777896861235323,1.9752319206794084,1.28832484781742,1932.929027557377,11
2.2913029293219247,-1.9709261084596317,18.88100613156955,1.9912480420122545,1.2823438594738634,1965.6338736216223,11
2.2067869007587437,-1.948465906083584,19.07251763343811,2.036418281495571,1.2312266379594805,1880.0985565185547,11
2.2151668307681898,-1.9818845658252628,19.153886228799827,2.0328313199182344,1.2468898488829536,1955.807467142743,11
2.1877943029006324,-2.050874600807825,19.37925136089326,2.074281111359596,1.242786617328723,1933.430075327555,11
2.176640596240759,-1.9975364450365305,19.878089487552643,1.9928433652967212,1.2164407595992088,1944.8644580841064,11
2.1483666698137918,-2.0321378906567875,19.40868322054545,1.9955200552940373,1.1851148853699358,1953.251332600912,11
2.2114776186645027,-1.993645430232089,19.107239653666813,1.9568163404862091,1.197933603699009,1870.3440348307288,11
2.1544062942266464,-2.109767623245716,18.965896487236023,2.0408484488725662,1.1932503692805767,1856.576774597168,11
2.146441804865995,-2.09499468530218,19.98983465631803,2.0935235967238763,1.208772343272965,1892.9366156260169,11
2.131499260663986,-2.0685356557369223,20.14143081506094,2.0230500002702074,1.1985578909516323,1902.069686889649,11
2.111139640212059,-2.06704755872488,20.073377072811127,2.0517971850931644,1.1285556741058826,1930.013731002808,11
2.1396856606006622,-2.028791291018327,21.334450662136085,2.030824787914754,1.0699334926903243,2005.848587036134,11
2.077670348187288,-2.085492013643185,20.900063872337345,2.056508318831522,1.1197191892812648,2015.920939763387,11
2.064783334732056,-2.073704242706299,21.09067726135254,2.0018649101257324,1.1310324668884275,1956.5986328125,11
4.104197025299072,0.0751969292759895,18.34633445739746,0.0123738106340169,1.184897780418396,448.6667785644531,13
4.168348228931427,-0.0361194401979446,10.477799463272095,0.1413839161396026,2.8705500245094298,-226.40242919921877,13
3.9197898864746095,-1.3273980826139449,10.052645683288574,1.418960639834404,3.433688759803772,-59.67998504638672,13
3.760298269987106,-2.021425682306289,7.921640205383301,2.1596351087093355,2.948835736513138,-26.721916198730504,13
3.7357171297073366,-2.0923885345458983,6.078580284118653,2.149701189994812,2.723988342285156,40.147167587280265,13
3.735328793525696,-2.1296941936016083,6.180721282958984,2.1520787179470062,2.663561433553696,4.731741905212402,13
3.688260531425476,-2.2360767126083374,6.733127212524415,2.226056492328644,2.570694553852081,36.24639434814448,13
3.7247376561164858,-2.1473248958587647,6.881568861007691,2.140145647525787,2.6135120391845703,8.06218576431275,13
3.7140724658966064,-2.105691576004028,7.055884552001953,2.189731407165527,2.579966974258423,31.865271210670453,13
3.7093925893306734,-2.053870940208435,7.173049020767212,2.044373005628586,2.626241898536682,-25.60171546936035,13
3.680231392383576,-2.002087652683258,6.929940223693848,1.9895106256008148,2.662356674671173,-19.1066529750824,13
3.666930973529816,-2.040680974721909,6.719905138015747,2.054672560095787,2.6251215636730194,24.8528926849365,13
3.669469118118286,-1.993374276161194,6.899242973327636,2.0003704905509947,2.5949800491333006,68.33849029541014,13
3.623602175712586,-2.1399055123329163,7.130452632904052,2.1170680046081545,2.5534755110740663,91.8731887817382,13
3.622043800354004,-2.054915380477905,7.304282283782959,2.114775907993317,2.547209179401398,71.20633087158198,13
3.6444033086299896,-2.015699803829193,7.452534675598144,2.0344811379909515,2.55670902132988,13.966253872960806,13
3.650462007522583,-1.9896119117736817,7.662782287597657,1.9500763416290283,2.551881790161133,117.62178955078124,13
3.6311858177185057,-2.072638458013534,7.574544858932494,2.018959176540375,2.542272663116455,166.16333312988277,13
3.613898193836212,-2.1074963569641114,8.259069538116456,2.0498949885368347,2.513584017753601,150.64274902343743,13
3.585216170549393,-2.0807774901390075,7.892530679702759,2.0604434788227084,2.4842580795288085,206.9149780273436,13
3.5902470350265503,-2.0830352306365967,8.25284481048584,2.0421160459518437,2.4844624996185303,199.80502319335935,13
3.561694383621216,-2.063927012681961,8.275034046173095,2.02199342250824,2.481971979141236,175.76730346679696,13
3.5332870960235594,-2.128858578205109,7.869115257263183,2.0703139781951903,2.426907444000244,233.27109985351564,13
3.526035887002945,-2.0646933376789094,8.07328519821167,2.030424487590789,2.425844532251358,233.52852478027344,13
3.541943168640137,-2.0281482696533204,7.991678619384766,2.0450150966644287,2.471195840835571,195.13738403320303,13
3.522819310426712,-2.073377221822738,7.843087434768677,2.0638311207294464,2.4780698120594025,204.89581298828125,13
3.506389117240906,-2.0152816772460938,8.238316822051999,2.0078755378723145,2.499232995510101,194.32936401367184,13
3.508624869585037,-2.0217433631420136,8.20756311416626,2.006767177581787,2.4706201791763305,206.91375732421875,13
3.5131996154785154,-2.022915410995484,7.748005104064942,1.9944767832756043,2.450302481651306,208.98590698242185,13
3.512429338693619,-2.1028135120868683,8.150533962249755,2.092808359861374,2.460489571094513,208.0652465820312,13
3.5019980669021606,-2.058410108089447,8.374563217163086,2.0505905151367188,2.452204406261444,200.10791015625,13
3.4802506268024445,-2.087613677978516,8.523607206344607,2.093217140436173,2.399239563941956,255.6537872314452,13
3.4793458461761477,-2.033269691467285,8.267194366455078,2.0033170223236083,2.416878843307495,289.21436157226566,13
3.4781160414218903,-2.0391389191150666,8.293370342254638,2.0103971540927885,2.408790385723114,309.87749938964845,13
3.4718764185905457,-2.066100585460663,8.704632854461671,2.0616865634918216,2.400290071964264,336.2079406738283,13
3.4557626843452454,-2.0491049885749817,9.083899021148682,2.0747630298137665,2.3805719017982483,262.9766082763672,13
3.4544788360595704,-2.0976336002349854,9.531802558898928,2.1039251565933226,2.4066883325576782,277.28272094726583,13
3.4301842331886294,-2.106153434514999,9.924562835693362,2.047630488872528,2.3911229014396667,345.28998107910223,13
3.444341266155243,-2.0609882473945618,9.656939601898191,2.0062100350856777,2.400721359252929,324.1888793945311,13
3.423873686790466,-2.0741625845432283,9.627435207366943,2.0726326406002045,2.392160552740097,349.39014282226566,13
3.436909437179565,-2.055142402648926,9.646965026855469,2.061046600341797,2.405503034591675,390.0298156738281,13
3.4509601771831515,-2.0507639050483704,9.367391395568848,2.042588847875595,2.4158879458904265,382.2314056396484,13
3.445535361766815,-2.0361092567443846,9.442523288726807,2.034799313545227,2.416248977184296,416.0956787109375,13
3.442494940757751,-2.003110149502754,9.88261513710022,1.9938961893320084,2.4146249532699584,423.8265441894529,13
3.4243544578552245,-2.0077090740203856,10.040425300598145,2.0372857809066773,2.3966540336608886,428.3014587402344,13
3.4059507846832275,-2.033320665359497,10.597129344940186,2.0720129907131195,2.3839011788368225,466.8818359375,13
3.3913707733154297,-2.087993621826172,10.33288688659668,2.1223748922348022,2.412292718887329,431.5990356445312,13
3.379433393478394,-2.096999740600586,9.712415647506717,2.1117501914501187,2.407043009996414,460.4632751464842,13
3.375573444366455,-2.081085872650146,9.958876037597651,2.1063061714172364,2.391656494140625,471.848809814453,13
3.368436539173126,-2.0952077865600587,9.7953914642334,2.065526509284973,2.366247016191483,539.4270576477049,13
3.3704687356948853,-2.0731762647628784,9.775764465332031,2.0692654252052307,2.35897958278656,510.1476211547852,13
3.353678750991821,-2.07229722738266,10.285618829727174,2.0941320717334744,2.333785003423691,510.5505065917968,13
3.3531795740127563,-2.006296133995056,10.064833259582525,2.0107367992401124,2.345890235900879,533.1301361083981,13
3.342386078834534,-2.037548995018005,9.782484340667724,2.0321751117706297,2.3515805184841154,496.0856620788576,13
3.332930493354797,-2.0636607766151425,9.789526462554932,2.061078357696533,2.344700002670288,514.1216842651367,13
3.329123437404633,-2.0143339037895203,9.817181825637816,2.0403523445129395,2.34349724650383,510.69042587280273,13
3.341565656661988,-2.0325241565704344,10.029362487792968,2.05301570892334,2.347377157211304,484.4056701660157,13
3.359471523761749,-2.037572997808456,9.51442990303039,2.030860310792923,2.335841697454452,491.52351684570334,13
3.342916536331177,-1.9870136857032776,10.03675708770752,2.017479455471039,2.364984953403473,492.2497985839842,13
3.324969756603241,-2.0721923828125,10.298346281051634,2.09685218334198,2.326024067401886,462.8460723876953,13
3.320454716682434,-2.045270800590515,10.205464363098145,2.0530219078063965,2.313377141952514,491.9874725341797,13
3.3094804286956787,-2.0457747995853426,10.74686846733093,2.0436644077301027,2.330154353380203,509.4551124572756,13
3.2971326112747192,-2.0392574131488805,10.714638900756835,2.0250209212303165,2.3196409821510318,558.6448242187497,13
3.2877747237682344,-2.068714532256126,10.708251571655271,2.0651913881301875,2.2894435286521917,554.0320617675784,13
3.2857906818389893,-2.058396625518799,10.636286544799804,2.0797837257385257,2.2628171920776365,575.0741821289064,13
3.284834265708924,-2.0215024650096893,10.621854066848757,2.0440067052841187,2.2765001356601715,619.5282135009766,13
3.2794802069664,-2.023345160484314,10.793331718444826,2.015853023529053,2.285677361488342,649.8325378417968,13
3.2795388758182527,-2.023181957006454,10.421759796142576,2.050069326162338,2.266419905424118,672.4080810546874,13
3.249194025993347,-2.0564120769500738,10.65659770965576,2.0439064979553225,2.256796956062317,697.9484619140627,13
3.243108993768692,-2.0309463918209074,10.247859477996828,2.0102218627929687,2.2259687364101413,693.0820312499999,13
3.250696420669556,-2.034505605697632,10.448314189910889,2.019188702106476,2.210200607776642,685.9515686035156,13
3.247482854127884,-2.044758874177933,10.426221561431886,2.027878081798554,2.20226639509201,705.3686859130859,13
3.236162233352661,-2.067408943176269,10.453783798217772,2.0286544799804687,2.178201675415039,703.1599243164064,13
3.2666763067245483,-1.991659826040268,10.707978057861324,1.97087422311306,2.223263001441956,700.3684082031248,13
3.2416934132575985,-2.021604293584824,11.174702072143564,2.004047083854676,2.2068142890930176,771.9867858886715,13
3.2571736574172974,-1.9923563450574877,10.934581995010376,1.9690099209547045,2.21075239777565,813.6884765625,13
3.2526264667510985,-1.9385991454124456,10.79515552520752,1.960285782814026,2.2217544078826905,730.8000732421882,13
3.261054766178131,-1.9337399065494536,10.751278018951416,1.961280298233032,2.2334400177001954,759.212756347656,13
3.2491700649261475,-1.9232901751995088,10.720298719406124,1.9279282450675963,2.2517010688781736,768.6112609863283,13
3.248058587312699,-1.901090410351752,11.412375283241268,1.9153746843338009,2.2681657314300545,697.9836975097646,13
3.253804922103882,-1.9115103483200075,11.717798233032228,1.892830729484558,2.237937688827514,744.1294555664062,13
3.225963455438614,-1.9468033254146568,12.099553990364074,1.9546990454196929,2.222876650094986,756.7264739990235,13
3.2212294340133667,-1.965673226118088,11.600542068481442,1.98065157532692,2.190448522567749,822.2866821289064,13
3.221480280160904,-2.0030743330717087,11.34322602748871,2.0269139885902407,2.1897653877735137,758.819467163086,13
3.2052915334701537,-1.9877213835716243,11.232591724395744,2.0260049104690547,2.20876259803772,785.3085571289064,13
3.199832856655121,-1.9886537790298464,11.667624950408936,2.023932784795761,2.2088374495506287,745.1296691894531,13
3.1889564752578736,-1.9678029656410216,11.016073131561283,1.982171833515168,2.199716687202453,855.3959228515622,13
3.1887111246585844,-1.962241077423096,11.28719964027405,1.94022581577301,2.1834236860275267,867.8845855712893,13
3.174735975265503,-2.025398397445678,11.457002830505369,2.004288387298584,2.170341730117798,881.5309936523439,13
3.185274022817612,-2.0385029196739195,11.77837874889373,2.019997316598892,2.191103136539459,857.8721115112307,13
3.1638489961624146,-2.0102275609970093,12.013106107711792,2.019251644611358,2.175009787082672,838.8318481445312,13
3.1817583739757533,-1.986895492672921,11.316873526573175,1.980408608913422,2.173887854814529,904.1018569946292,13
3.1845107078552246,-1.965769481658936,11.35722951889038,1.9926815271377567,2.1853863477706907,899.0467834472656,13
3.1753068029880525,-2.0350494980812077,11.374947333335871,2.0535473883152005,2.1741265058517456,917.9052978515628,13
3.181753206253052,-2.0415601491928093,11.319057035446166,2.020272886753083,2.202306890487671,913.2748016357414,13
3.17258095741272,-2.027505546808243,11.695157289505005,2.0179179906845093,2.17847216129303,942.8566284179688,13
3.175110483169556,-2.045058679580688,11.682457923889157,2.0355811119079585,2.175276231765747,958.9604003906252,13
3.144867324829101,-2.047660452127457,11.544006419181825,2.027884846925736,2.1692443907260897,969.2301101684568,13
3.154507851600647,-2.0380452275276184,12.06424088478088,1.9912398457527165,2.171954643726349,921.9903411865234,13
3.1422668218612677,-2.050642800331116,12.0079507112503,2.0142424881458285,2.1407893359661108,937.8514495849604,13
3.135314106941223,-1.9802345633506773,12.047024726867676,1.9727923274040224,2.108944892883301,984.0535583496094,13
3.152797818183899,-1.9972556352615352,12.586293148994448,1.9776879191398615,2.146817588806152,922.9010803222652,13
3.157021200656891,-2.019179844856262,12.22521605491638,1.997503352165222,2.1415245056152346,974.8135528564452,13
3.174094122648239,-2.0371378719806668,11.991976499557495,1.983550390601158,2.1917819380760197,989.7194854736327,13
3.166740083694458,-2.01788501739502,11.719496917724612,1.9902965068817136,2.177672481536865,1041.4595947265627,13
3.152695327997208,-2.037281185388565,12.170480370521544,2.013608515262604,2.163844466209412,1028.3930053710938,13
3.1407851696014406,-2.0298573017120365,12.22756285667419,1.9955977857112883,2.1562618494033816,1024.5000396728517,13
3.111770009994507,-2.022966080904007,11.762701487541197,1.983691668510437,2.14952267408371,1062.7809844970702,13
3.107004737854004,-2.027325963973999,11.687485313415529,1.9709965825080875,2.1180693149566654,1082.8428100585936,13
3.066504013538361,-2.0781238138675677,11.9401573896408,2.022673335671424,2.092492604255676,1058.5878570556647,13
3.0734370946884155,-2.0503581762313843,11.98815369606018,1.9949334859848025,2.103889524936676,1120.553466796875,13
3.0643091559410096,-2.0863401651382443,12.38915421962738,1.9986481726169592,2.0999590635299685,1112.1072357177736,13
3.067473030090332,-2.0059785366058347,12.38556327819824,1.936556005477905,2.043181037902832,1160.6951171875,13
3.0770290970802305,-2.013277763128281,12.293040752410889,1.968580198287964,2.060745865106582,1152.1837951660154,13
3.0684100389480595,-1.9912625670433044,12.066073942184442,1.935490500926971,2.062060940265656,1149.869537353516,13
3.030521184206009,-2.024965301156044,12.504988074302672,1.9941609650850296,2.034116357564926,1130.8658447265625,13
3.008019781112671,-1.994345390796662,12.469542407989504,1.946823918819428,2.01904513835907,1154.415380859375,13
3.0257570624351504,-2.001066079735756,12.14504761695862,1.952337348461151,2.042263227701187,1117.7832489013674,13
3.0103209137916567,-1.9987944304943088,12.2304407119751,1.9424717605113984,1.9929814040660856,1130.1772705078124,13
3.016858118772507,-1.9814501404762253,12.401544451713566,1.9246351510286317,1.9822348237037657,1104.9144989013669,13
2.9878437519073486,-2.038506269454956,12.451654434204102,1.9545849561691284,1.9808363914489744,1119.0030517578125,13
3.016137182712555,-2.024211484193802,12.613959717750548,1.926388040184975,1.973921218514443,1084.948880004883,13
3.023833501338959,-1.9753010809421536,12.890031051635743,1.9703622281551365,1.9815463483333589,1141.554156494141,13
3.0108126759529115,-2.041704708337784,12.83764469623566,2.023009991645813,1.9390732765197756,1125.3025939941408,13
2.999681353569031,-2.054512023925781,12.67947511672974,2.044486093521118,1.9281530499458317,1203.1444824218738,13
2.966976433992386,-2.025943756103516,12.286086082458496,2.000490143895149,1.912578597664833,1258.9846954345703,13
2.9462689995765685,-2.033069682121277,12.517240524291994,2.006651300191879,1.91862074136734,1227.5874389648438,13
2.9435540318489077,-2.0012157648801803,12.804716873168946,1.976853686571121,1.9223558366298676,1194.600720214844,13
2.9156021595001222,-2.006194019317627,13.01494636535645,1.945407319068909,1.889488458633423,1179.6987792968748,13
2.887778681516647,-2.035947728157044,12.628121685981744,1.9567941904068,1.894410592317581,1209.3740875244143,13
2.907024621963501,-2.0131097435951237,12.678735256195068,1.9470643103122711,1.925539702177048,1272.6318359375,13
2.8777132570743564,-2.038744819164276,12.867458629608157,1.976642325520515,1.9032169163227084,1292.706231689453,13
2.8396355867385865,-2.077910566329956,12.939933300018312,2.031814122200012,1.860069680213928,1317.0441528320314,13
2.831553053855896,-2.124187618494034,13.350548100471498,2.0829622864723207,1.852455246448517,1316.9209564208984,13
2.8483538389205934,-2.0488320589065547,13.06197657585144,1.9795958340168,1.8572995245456696,1308.034838867189,13
2.840453505516052,-2.0590139627456665,13.340781569480896,2.001721560955048,1.8452623039484024,1293.1785888671875,13
2.810049343109131,-2.1170844078063964,13.551001358032227,2.021590662002564,1.826665186882019,1267.4384521484376,13
2.808310496807098,-2.086028611660004,13.446950697898863,1.9620727121829988,1.831578519940376,1246.6201965332032,13
2.785374343395233,-2.104873764514923,13.724895524978637,2.010332578420639,1.810991597175598,1255.8318298339843,13
2.818686830997467,-2.0468120872974405,13.812504339218137,1.9764894604682923,1.8186207413673403,1294.309994506835,13
2.79418683052063,-2.028093457221985,14.236145496368408,1.998610019683838,1.7629721760749817,1315.005615234375,13
2.763452076911926,-2.062147551774979,13.985085606575012,2.0214514017105105,1.7558498322963716,1276.4283538818356,13
2.739363300800324,-2.003505027294159,14.320054435729988,1.9585379242897027,1.7559625267982486,1309.7696716308587,13
2.7216493606567385,-2.0647205889224987,14.228618502616875,2.0205439865589128,1.756716120243072,1297.795510864259,13
2.7109281063079838,-2.0511993408203124,13.59872455596924,2.0210401535034177,1.714643406867981,1352.0039062499998,13
2.713344246149063,-1.985850751399994,13.71019971370697,1.9416019767522807,1.6534658819437027,1333.4956665039062,13
2.7078704357147214,-1.968788665533066,14.420463085174562,1.9290077567100528,1.6659762382507324,1356.8164001464845,13
2.706076496839524,-1.9953717499971384,14.191376519203178,1.959567949175834,1.6770808726549142,1360.0911773681646,13
2.6878170967102046,-1.9702527284622189,14.181643867492667,1.9331553339958196,1.659130752086639,1422.7350341796882,13
2.681409633159637,-2.0070581138134007,14.578523468971255,1.9716486901044847,1.6799318045377731,1422.527835083008,13
2.68306303024292,-1.945781260728836,14.68952488899231,1.9133150577545168,1.6400169730186462,1475.8973388671875,13
2.6779340863227845,-1.9859661847352972,15.144954276084896,1.9438703179359431,1.6257248759269711,1460.8435028076171,13
2.6650797843933103,-1.999073028564453,15.546648406982422,1.9775858402252195,1.6529952049255368,1526.4787841796876,13
2.645395296812057,-2.0280481457710278,15.785890316963204,2.028608393669131,1.666328728199005,1497.78821105957,13
2.6450335860252383,-2.0647565245628354,15.73587927818298,2.020812404155731,1.6634083986282349,1503.1952331542975,13
2.665942966938019,-2.0176099836826324,15.590684294700624,1.9960182309150696,1.6656668484210968,1555.2373809814453,13
2.620455932617188,-1.9830038070678704,15.771264839172362,1.9732935428619385,1.646242380142212,1566.1603515625002,13
2.596389710903168,-2.025585496425628,15.940247893333432,2.007616317272185,1.6496663957834248,1560.5063690185543,13
2.5541309237480165,-2.0842952847480776,16.138510036468496,2.061894893646241,1.6407027125358586,1531.0428588867194,13
2.5596266925334925,-1.9910760134458536,16.368452167510988,1.9489656031131743,1.5852585643529886,1561.0036926269531,13
2.5266668796539307,-1.9916880130767824,16.527786254882812,1.9760210514068604,1.5670522451400757,1558.29345703125,13
2.5573076128959653,-1.994838845729828,16.59328699111939,1.9612373679876327,1.5601935267448428,1570.5778442382812,13
2.5468688130378725,-2.0287075638771035,16.670251750946054,1.9939785480499248,1.5472958505153656,1614.088116455078,13
2.530565994977951,-2.048429214954377,17.043193292617786,2.039280742406847,1.525834092497825,1626.240481567383,13
2.530869245529175,-2.0356951355934134,17.183967208862306,2.0161869049072263,1.5025069594383236,1633.1811157226564,13
2.494811922311783,-2.0262536108493805,17.2515070438385,2.021041065454483,1.4717843681573868,1640.6283721923828,13
2.5159368991851805,-1.949543803930283,17.422598552703857,1.9535957872867589,1.4509941756725313,1657.9564697265623,13
2.4781381070613864,-1.985413146018981,17.09261608123779,2.0001265585422505,1.405849856138229,1634.8782592773453,13
2.463904762268065,-2.0238732814788825,17.265755081176753,2.0544603347778327,1.417145109176636,1658.7412841796868,13
2.461932933330536,-2.0698312938213346,17.10102634429932,2.0634692370891563,1.3940200477838516,1716.9984558105468,13
2.441387414932251,-2.0682661533355717,17.173181533813477,2.100492298603058,1.4426153302192688,1752.90966796875,13
2.419643342494965,-2.098914015293121,17.535879468917848,2.1312091946601868,1.487319633364678,1649.5932678222655,13
2.396424841880798,-2.0703353643417364,17.37210350036621,2.0763061285018933,1.4201976537704473,1692.2085083007807,13
2.357825583219529,-2.094998532533645,17.954601097106927,2.114294129610062,1.385408374667168,1763.7952087402325,13
2.3308793783187864,-2.120747113227844,18.064878177642825,2.1543807268142694,1.3319902360439295,1785.4415283203125,13
2.319954216480255,-2.116837203502655,18.13619112968445,2.1423521637916565,1.3155085742473602,1758.5794067382812,13
2.2954470634460447,-2.090147209167481,18.13265686035156,2.0911965847015384,1.2699491262435914,1745.4127685546869,13
2.2988067984580987,-2.050720134377481,18.11846070289612,2.1023738920688646,1.2607201337814338,1771.854440307617,13
2.2856655240058914,-2.015272825956343,18.44711761474608,2.049226391315459,1.2526747286319724,1763.7615539550784,13
2.3101608157157902,-1.930432978272437,18.619797801971437,1.858799466490744,1.2114729017019268,1746.884844970703,13
2.49212908744812,-1.4309762716293335,19.56512260437012,1.3561326265335083,0.8578645586967468,1799.2693481445312,13
2.984926414489742,-0.483752554655082,19.72058072090149,0.4247667327523299,0.0398991942405769,1703.311114501954,13
3.497320461273191,0.1587701827287669,19.01694812774658,-0.168369733169677,-0.4698199868202241,1600.385705566406,13
3.6172404110431664,0.1315226942300812,18.71937828063966,-0.082411588728428,-0.2601153612136873,1669.9400604248026,13
3.5939748764038084,0.0381598198786381,17.968914794921872,-0.06055552214384,-0.0105422660708413,1720.2721923828124,13
3.630430668592453,0.0620918050408363,18.79814481735229,-0.04294971562922,-0.0092205945402383,1852.4923858642576,13
3.635856592655181,0.0166775429621331,17.7228165626526,-0.0191221840737848,-0.0020451053977027,1823.7153686523436,13
3.63522396683693,0.0146405661478639,17.757883787155166,-0.0256151335779584,0.0242421866860237,1795.4833862304667,13
3.5847185373306263,-0.0909282490611072,17.991551399230993,-0.0295216744765633,0.1398819930851497,1877.548352050782,13
3.591630786657333,0.0148369625210776,16.769087839126584,-0.0236665462609377,-0.0337403580546388,1875.522958374024,13
3.6246129870414734,0.0067488332279026,16.457070350646973,-0.012702252715826,0.0371725931763649,1867.2677307128904,13
3.666806012392044,-0.0096045777201657,17.843306303024292,-0.0360859758919098,0.0108063336461782,1928.8417572021483,13
3.6867798328399664,-0.0335632130503667,16.996530151367235,-0.0243919096887121,0.0035469826310875,1914.6407226562528,13
3.699679189920425,-0.0190425798296927,16.354998874664346,-0.0231541417539156,0.002616110071539,1892.160806274412,13
3.707779812812805,0.0173422173131256,15.42592120170594,0.0506316043436515,0.0686956718564018,1830.5361389160164,13
3.717503011226654,-0.021432495675981,15.9866760969162,0.067314226180315,-0.0520315989851951,1827.928024291992,13
3.6756625890731818,0.0117362216115004,15.293731784820553,0.0805333789437993,0.0045605614781384,1899.5873046874992,13
3.672488474845887,-0.0415175512433058,16.31287174224852,0.0297564812004576,-0.0493742350488882,1946.574304199215,13
3.6537358522415153,0.001895030774177,15.774561977386504,0.0580137208104151,-0.0115802690386798,1974.476654052736,13
3.701002019643784,0.0165890529751772,15.2532612323761,0.0048128601163622,-0.0080747131258246,1857.8510223388685,13
3.68934178352356,-0.0034463927149772,15.40142059326172,0.0016835983842611,0.0234340485185384,1982.192138671875,13
3.755777782201767,0.035113735496997,14.733643174171457,-0.0669770010747005,0.0313511144835499,1919.48167114258,13
3.677827036380768,-0.0472336694598197,14.830199813842764,0.0212134875357131,0.066266383230687,2054.1595520019523,13
3.705779922008515,0.0026079759001712,15.056027507781968,0.0167311385273968,0.0431201413273826,2045.070727539064,13
3.657893967628479,-0.0227699076756839,13.95669040679932,-0.0258432470262037,0.0413763102144007,1907.2375976562523,13
3.683207213878632,0.0950447395443916,13.712910413742064,-0.0164912436157464,-0.0399147793650627,2009.044448852539,13
3.687043702602386,0.0176961615681654,12.089343357086186,-0.0295348172076049,0.016928537189961,2065.8470458984366,13
3.666787207126617,-0.0543043330311765,12.592872929573058,-0.0527663542889062,0.0172862526029345,2027.5737213134785,13
3.670098495483399,-0.0754409119486834,12.616973876953152,-0.0362823914736514,0.0197560623288165,2088.5918945312533,13
3.671713429689408,0.0103994806297127,12.616003847122178,0.0026021488010894,0.006747674569487,2090.676678466797,13
3.676893711090088,-0.0064734439365565,12.327511310577393,0.0431101657450199,0.0034269746392965,2087.019256591797,13
3.7052935659885406,0.0432747438550013,13.544098377227808,0.0906915942206972,-0.0135450128465903,2115.0928955078125,13
3.717655539512634,-0.0243796035647411,12.955111217498745,0.132910215854645,-0.0190286323428126,2018.0973266601584,13
3.739234030246733,-0.0245881125330891,13.131794834136956,0.0294615741819144,-0.019976864755155,2014.8787322998053,13
3.721763718128204,-0.071909753978253,13.176646423339838,0.011089253053069,-0.0369983010925355,2134.785400390627,13
3.706355690956116,0.0220062956213951,13.071696758270264,-0.035814207047224,-0.0958570810034871,2107.022003173828,13
3.692354774475098,0.0546489432454109,12.33943443298338,-0.0106528946198519,-0.0446966812014579,2070.6356933593747,13
3.677025109529495,0.0437003239989289,12.21701714992525,-0.0491156837902957,-0.0190080408006908,2057.16319580078,13
3.723554348945616,0.0185869653709228,11.808180427551257,-0.067045031487942,-0.0223117772489781,2176.496301269528,13
3.6879576086997994,0.0360936090350149,11.828298687934872,0.0117302652448415,-0.0421105567365891,2082.153588867187,13
3.642565965652466,-0.0343473474495112,11.392305374145508,-0.0037833992391824,-0.0201134607195854,2203.400390625,13
3.6512278079986578,-0.0333370189182448,10.80896644592285,-0.0099480604403652,0.003475355729461,2216.3681640624995,13
3.6442411422729486,0.0019663715735089,10.33954229354856,-0.008869123831393,-0.0815703913569461,2135.009985351562,13
3.691747766733169,0.0387261286377879,11.05504226684571,-0.0495281569659672,-0.0517716869711871,2123.7663146972664,13
3.6664197444915785,-0.0302445456385602,11.279632759094238,-0.0061106630018913,-0.060157174244524,2206.0543945312497,13
3.698905289173126,-0.0484308823943138,12.079570055007936,-0.0358324125409126,-0.1030488582327961,2156.2042846679688,13
3.708128690719605,-0.022055659722536,11.330496835708605,-0.0562510930001735,-0.0959540922194711,2168.6121704101565,13
3.654789328575135,-0.014821232855322,10.671930885314945,-0.0070787617005398,-0.1082667872309685,2141.331402587887,13
3.6546473979949954,0.0708211377263087,10.031350898742655,-0.1144026562571527,-0.0643760606646538,2220.8354736328147,13
3.6263008415699,0.0719459548592573,10.374521875381468,-0.0354491546750059,-0.0380763396620747,2223.742187500001,13
3.6278696060180655,0.0009009623900055,10.988303422927856,-0.1020864471793174,0.0214452799409627,2283.7119140625,13
3.656478661298752,0.0010580589063465,10.559254884719849,-0.1027897819876675,-0.0647333309054374,2277.1437072753893,13
3.682102346420288,-0.0007519046775999,10.216220855712894,-0.0262240123003716,0.0128998812288054,2196.569824218752,13
3.747222501039507,-0.0547704681754097,11.6663290977478,-0.0909527205862123,-0.0798039957881001,2178.674902343745,13
3.68120322227478,-0.1010801360011092,11.928364753723134,-0.0164852086454624,-0.0461266323924066,2423.788269042969,13
3.668700188398361,-0.0654715225100517,10.48097825050354,-0.0405026618391275,-0.0114225670695304,2402.0782775878906,13
3.684310460090637,-0.0392230793833743,10.134631729125974,-0.0980502888560297,-0.0471997663378715,2252.1295166015643,13
3.657457953691482,0.0296049579977969,11.324776029586769,-0.0907029666937849,-0.0748175784945474,2283.785168457033,13
3.6912456750869738,0.0466498270630845,10.671449184417728,-0.0363298282027271,-0.1472868680953976,2232.5579223632794,13
3.712265509366989,-0.0102206781506533,10.78047060966491,0.0686203345656384,-0.1109185801818957,2298.18265991211,13
3.734951734542847,-0.0026276633143424,10.424943923950195,-0.0011606165207922,-0.0449463054537773,2377.8759765625,13
3.682036209106446,-0.0316709980368615,9.684200429916386,-0.0261577550321816,-0.016112268343568,2300.8286743164067,13
3.6681330680847166,-0.0283160731196403,9.444140911102297,-0.0228749285452074,-0.0458863660693173,2428.392480468749,13
3.662613052129746,-0.0609207406640043,9.639152812957787,-0.0642256232909874,-0.0614153668284436,2352.8510620117186,13
3.659459257125855,-0.0400109097361556,9.441545677185058,-0.0309735838323839,0.0144953545182937,2432.194604492186,13
3.677638918161392,-0.0976989343762397,10.148934364318848,-0.101948045194149,-0.0588331744074821,2302.685272216797,13
3.675921440124512,-0.0127115528099237,8.454814720153818,-0.0880656346678734,-0.0080887243151671,2259.892016601563,13
3.6523507833480826,0.0868434861302356,10.098156213760358,-0.0705032005906107,-0.0526223644614216,2411.244232177734,13
3.684901094436646,-0.022358612716195,9.785348510742184,-0.0178132954984899,-0.1057031795382493,2389.40981445312,13
3.6966073274612414,-0.0106336603872482,9.303548431396475,-0.0706000066362324,-0.0518781706690784,2385.8316345214844,13
3.694602072238922,-0.0171337644569575,8.749948978424072,-0.0536052212119102,-0.0821874663233757,2430.343505859375,13
3.631509608030319,-0.0881095513701439,11.35510432720185,0.063629032671452,0.0226732369512326,2594.446301269533,13
3.680451107025146,-0.0596096321940429,8.851129150390674,-0.0305121008306728,0.0335974749177678,2450.2891845703134,13
3.674226278066636,-0.0759553059935555,9.510257911682125,-0.0031276199966673,-0.0256270036101361,2524.5111206054644,13
3.725464940071106,-0.0481421455740927,9.885599517822278,-0.0762960657477376,-0.0383055731654168,2527.766552734376,13
3.69823095202446,-0.1108440980315208,9.988160133361816,0.0040164925158023,-0.0082829985767602,2539.6754455566406,13
3.70657172203064,-0.0792488619685176,10.163203811645523,-0.0340022765100007,-0.0619128867983814,2617.3923828125003,13
3.72499926686287,0.0412429973483086,8.752783393859872,-0.0511015973053867,-0.0958249613642704,2523.8354370117186,13
3.701704263687134,0.0028896346688285,8.962188625335669,-0.0051238581538227,-0.0497561618685719,2533.5279907226563,13
3.725502347946167,0.0299951270222665,10.25723400115968,0.0221158679574734,-0.1356567451730363,2476.7700866699224,13
3.7106937170028687,-0.0324523374438285,10.166705131530762,0.009056990587851,-0.0405330583453178,2614.3299560546875,13
3.7151279509067536,-0.0640543386340141,9.444218444824228,-0.0796619948931042,-0.0197875557001677,2617.08016357422,13
3.731615042686462,0.0184334352612507,10.129384899139422,-0.0576187567785379,-0.0872907921671877,2613.434521484375,13
3.6789303243160263,-0.0293153092265127,7.919824123382622,0.0003365740179991,0.0293510571122141,2645.133758544921,13
3.684529590606689,-0.096376995742321,8.617248535156245,0.0176949795335535,-0.0551036998629568,2674.2177734375,13
3.717217445373535,-0.0356930717825889,9.848947048187256,-0.0728823766112327,-0.030565969645977,2619.4190368652344,13
3.70597106218338,0.0126079991459851,9.410801029205336,-0.0692392513155937,-0.0275782648473978,2645.060083007814,13
3.7060237944126135,-0.0289452597498892,9.527896881103478,-0.0391967479139557,-0.0148528400808571,2619.2015319824227,13
3.7116086959838857,-0.0648386046290386,10.367609214782735,-0.0912655759602803,-0.1071243695914736,2553.353784179691,13
3.679192841053008,-0.1577131515368827,9.161623954772942,0.0044968225061899,-0.0132085561752304,2658.057177734377,13
3.651805877685547,-0.1841602213680744,8.272254943847656,0.0354610434733331,-0.0139031037688255,2756.814208984375,13
3.670225948095322,-0.0724523141980166,8.242746210098273,-0.0598771453835068,-0.0902857141569264,2716.909283447266,13
3.6795884609222416,-0.0850369974970815,7.752400588989255,-0.0833211347460737,-0.0749865695834163,2724.2717285156245,13
3.72131695151329,-0.0882618455216269,7.921129560470539,-0.1182853296399114,-0.0603395149111766,2724.3379028320296,13
3.644881296157837,-0.1075490277260545,8.356019592285156,-0.0179306510835887,0.0279306963086119,2806.937097167968,13
3.6742445528507233,-0.1048822170123457,8.786237239837646,-0.023946488276124,-0.1456461539492011,2713.701538085937,13
3.697566723823548,-0.0927067324519152,9.365705108642576,0.0068765319883814,-0.1170424148440362,2754.660522460937,13
3.711909663677215,-0.0375877688638849,9.401683187484744,-0.0409929558634767,-0.1410560866817842,2774.4434997558583,13
3.701806163787839,-0.0756177410483404,8.720964431762686,0.0467488422989919,-0.0547676507383555,2904.612500000003,13
3.743520712852478,-0.083011321723461,9.115766429901122,-0.1348484830930819,-0.0821941539645191,2816.326867675781,13
3.776784658432007,-0.0364566370844841,8.309774398803711,-0.1337524652481079,-0.1311577558517456,2773.7314453125,13
4.157154560089111,0.1385550051927566,17.830181121826172,-0.053367730230093,1.1423708200454712,317.8885803222656,14
4.135045256303704,-0.3976890703906183,8.68654343356257,0.3803349480680796,3.235024886286777,-125.98296882795248,14
3.888910187327344,-1.151200350212014,3.724790461685347,1.152666230564532,3.4506918347400166,-64.7006308514139,14
3.734020401602206,-1.7956601212853969,3.294209542481796,1.94570522075114,2.9796107774195466,19.631201080653952,14
3.734369967294776,-2.134285164915997,2.461867259896319,2.220810003902601,2.637868907140649,81.3548434713612,14
3.7592005017011054,-2.07582946056905,2.736328757327536,2.124670623437218,2.636433177668115,17.143615473871648,14
3.724636883839317,-2.095461057580036,4.6326730147652,2.132051651892455,2.5889149282289585,-7.495367547739981,14
3.6837363217187966,-2.0576866307984227,4.624364438264267,2.0308828962885817,2.5686620810757512,32.219030380249016,14
3.6646145737689473,-2.032956937085028,5.264119770215907,2.059665508892225,2.577666293019833,13.11503756564589,14
3.6358195037945458,-1.992571482839792,5.602579697318697,2.0066179205542025,2.56293068372685,115.81476327647307,14
3.621921821780827,-2.055627654428067,4.984430396038553,2.069131369176118,2.5477658302887627,128.6629656086797,14
3.591244155945985,-2.129628339539404,5.604915494504182,2.152327461087185,2.475363439839819,47.00786988631551,14
3.60338756830796,-2.1084731506264727,6.3336277008056605,2.1234077837156216,2.473161184269449,84.04627625838599,14
3.603585464798886,-2.0989050437574805,7.438872534295787,2.1030807002731,2.473874452321426,37.03988262881408,14
3.5790120466895727,-2.1077255684396494,6.926503720490829,2.091346263885498,2.424197523490242,86.1940636012865,14
3.569467527710873,-2.051908166512199,6.471241183902906,2.004167464764222,2.464277640632961,155.3721824314283,14
3.579105221706888,-1.9746438834978184,6.831077078114387,1.9580078021339744,2.5087628779203994,118.8233705603558,14
3.5549475045307823,-2.0540416512800297,8.191291311512826,2.0548895662245545,2.500182723221572,110.85102877409568,14
3.544219571611156,-2.020553249379863,6.750222309775976,2.0174887219200963,2.4997713565826416,137.11516007133156,14
3.5193166266316958,-1.996260179773621,6.9051952880361815,1.954479533693065,2.5043604516464733,133.62320543372113,14
3.5140913310258286,-2.034871326840442,6.90068887627643,2.005601045878037,2.420645604962888,247.3435098399286,14
3.511778889790825,-2.033825755119324,7.445338767507802,2.034047616564709,2.4338672847851464,189.08026056704327,14
3.487117269764776,-2.0245898728785305,7.504599322443422,2.0330902545348457,2.474948958210323,190.3736850904377,14
3.485466420650482,-1.97065119445324,7.97053837776184,2.003603845834732,2.4811308681964874,232.64250183105483,14
3.4665010804715366,-2.061014579690021,8.118169618689498,2.086271317108818,2.438126719516257,278.62941974142296,14
3.472696604936019,-2.001513535561769,8.200205232786095,2.026332907054736,2.470736556726953,188.5934514584748,14
3.468039206836534,-1.9493143558502195,8.45228052139282,2.021413691665815,2.468960837177608,229.68251900050964,14
3.4792304842368416,-2.0133371035689893,7.59433428100918,2.042665423258491,2.461045367562253,247.1443461542545,14
3.4409039435179336,-2.0530461591223013,8.425092448358951,2.042751343353935,2.479116206583769,256.2481915017833,14
3.413987992898278,-2.0229444866595063,8.10827646048173,2.0589778928653057,2.4150450657243314,281.23266468877387,14
3.4206393309261487,-1.996636874001959,8.209300766820492,2.0096061929412508,2.414979126142419,196.4941897184952,14
3.425173467915991,-2.0118201601764434,8.809770905453226,2.0319407983966498,2.404435245887093,240.7253776218577,14
3.414285006730453,-1.993033098137897,8.770984235017195,2.022404214610224,2.341427201810091,285.6074948518173,14
3.4005400862382804,-2.046861074540926,8.79367360861405,2.082897266615992,2.3352994530097297,303.641456272291,14
3.387750363868216,-1.9991350290567973,8.78261843971585,2.033438270506651,2.3402186243430427,310.8088989257812,14
3.418047898489496,-2.00698480139608,8.851460363553917,2.045374605966651,2.3927942177523738,261.78823985224176,14
3.390637568805529,-1.9752695741860768,9.593795527582571,1.9786126043485568,2.4550463945969283,235.8574285092565,14
3.402739794357964,-1.958353790252105,9.201518234999286,1.959033528747766,2.4019619200540623,357.2377551534898,14
3.4013406427010247,-1.9547643078410104,9.221869302832562,1.936793726423512,2.404343903064728,396.4572382387907,14
3.4156991010126863,-1.9805670024260225,9.03554705951525,1.9193945896366365,2.4200806332671125,422.1167217752203,14
3.3867358539415444,-2.0205314055733057,8.885736797166906,2.0140375469041905,2.3806425281192944,436.2541119119395,14
3.363957826210105,-2.0556090214978098,8.686364899510924,2.052812142216641,2.343365419170131,445.8775966478436,14
3.346606775470402,-2.066030020299165,9.256780728049902,2.0609873921974846,2.3571947631628616,445.3714453655734,14
3.335440485373787,-2.047760397195816,9.229451656341553,2.0477838101594346,2.363797523405241,421.7684684421705,14
3.330746863199317,-2.0216610898142275,9.985533880150836,1.970075086407039,2.3759692907333374,417.19658229662,14
3.31867492976396,-2.003223413358564,10.360039089037022,1.9927541898644487,2.374949040620224,448.4515327785325,14
3.320909321308136,-2.0017170011997223,10.78976678848266,2.004658788442612,2.3799233436584477,470.9230957031248,14
3.3260146094405134,-2.085825186708699,10.774815953296164,2.074646375749422,2.34103390056154,467.139655735182,14
3.31575722279756,-2.048011727955031,10.491098403930664,1.993346369784811,2.319668292999268,561.3562462848165,14
3.30277147370836,-1.9900324117878208,10.05314296224843,1.989565307679384,2.3234931930251745,566.9083683179773,14
3.317100659660671,-1.9929543500361235,10.154522729956586,1.93489673604136,2.2832142814345984,614.4649472443954,14
3.3046925029029017,-2.07297891896704,10.383072987846708,2.035014410381732,2.2874618315178417,603.4710879118539,14
3.2979189157485966,-2.0179016382797896,10.478956346926482,2.010795251182888,2.2934456493543536,590.055173127548,14
3.292340509269549,-2.001483990446381,10.47083860894908,1.9967056668323016,2.296779343615408,612.8917879850968,14
3.2713869110397678,-2.083004972209101,10.440834086874256,2.082228051579517,2.2666095002837805,588.300993546196,14
3.3131185718204663,-1.9806948070940769,10.67694181981294,1.9783365227605985,2.31482938191165,530.88530830715,14
3.3095284233922544,-1.996036705763444,10.700981554777728,2.031904293143231,2.2765919954880425,592.929907757303,14
3.313120073598364,-1.993266223565392,10.712445912153823,2.0163921512987306,2.2783925118653667,621.2562010391905,14
3.328396017136781,-1.9965210660644197,11.350471444751902,2.013027491776839,2.3067237061002976,632.3757430366853,14
3.3327929027702496,-2.069863285707391,11.743019922919895,2.0698427156261774,2.2917926894581835,583.4228091032609,14
3.351861368054929,-2.030925501947818,11.24022973102072,2.085942258005557,2.2977154462233838,660.9099625297214,14
3.3351190958334054,-2.07825893941133,10.993316308311789,2.0912659712459742,2.3104999480040176,646.9832272736928,14
3.342859781306724,-2.0428795607193653,11.492104613262685,2.0262937286625733,2.343086608078169,677.2719859247626,14
3.3128352139307107,-2.012114220339319,10.951215609260228,2.023736536502838,2.315138316672781,773.6374100394868,14
3.319352906683217,-2.0103686477826987,11.313827721968938,2.026679453642472,2.3328353736711587,668.6063205884852,14
3.3120071486286498,-1.9545800912639373,11.6243579439495,1.99127019358718,2.3027219914871706,709.5317482326343,14
3.295447492081186,-1.9776128595289977,11.19328677135965,2.0072018439355106,2.303843881772912,729.444883927055,14
3.2887217182180155,-2.01903036431126,10.430368661880491,2.0647494183934256,2.255883369756781,754.0537454356318,14
3.291428980620012,-2.026743710041045,10.49311625439187,2.0609107691308712,2.278381565342779,733.7322653065564,14
3.2844165265560146,-2.0441264808177944,10.688479423522969,2.081462085247039,2.2775126397609715,771.9097442626947,14
3.2886420488357544,-2.0910990134529444,10.875287615734594,2.109601406947426,2.304396784823874,778.6149663510532,14
3.286439181669899,-2.099653666434081,11.220616915951592,2.130673357973928,2.281260831200559,763.8369233504571,14
3.284264201703279,-2.078362858813742,11.213781522667942,2.109305288480676,2.238854905833369,816.4543748938517,14
3.277363004891769,-2.041074242280877,11.712537330129871,2.0679309355176017,2.2456419921439625,819.4273024849269,14
3.260898473470108,-2.0263105579044502,11.804295166679047,2.029354929924011,2.239374539126521,869.9728552776833,14
3.2569427593894624,-2.004855190930159,11.77997789175614,2.01708846118139,2.286953733019207,830.7102362591279,14
3.255229654519454,-2.066335729930712,11.560987203017524,2.060918481453605,2.243092469547106,839.3250228218411,14
3.2588072095228275,-2.044400647930477,11.417226993519332,2.0155267261940506,2.247778253710788,855.5547060759166,14
3.238074872804725,-2.01432017787643,11.614609241485605,2.001258874716965,2.1955100868059243,903.3070824664572,14
3.2387515306472783,-2.0397992134094243,11.62029143520024,2.0244183954985244,2.2162514912045523,887.3204239555018,14
3.2292177366173784,-2.0323705258576767,11.526899462160854,1.993186484212461,2.236513003059056,932.2975835385532,14
3.213385055894437,-2.0257254994433858,10.864371201266422,1.9940280804167616,2.2114326591077056,922.4731929613198,14
3.1989574587863427,-2.097842302011405,11.27206832429636,2.0366036917852304,2.2063742150431094,925.1177162502124,14
3.187617149042046,-2.0715866671956107,11.600222779356915,2.070147930280022,2.1987146359422933,975.6591753752332,14
3.205151609752489,-2.009318709373475,12.091923796612289,2.0171158054600604,2.2355535807816884,985.5575627866002,14
3.1859559377898337,-2.038823630498803,11.950012720149498,2.0543699225653773,2.182610963997633,1032.8376421721105,14
3.224000705325085,-2.012909619704537,11.817303833754169,2.010025923666747,2.213475880415543,977.9495604141898,14
3.2190375042998274,-2.007298764327297,12.082277925118158,1.9891338128110632,2.201491846986439,901.5954231593914,14
3.198954302331676,-1.991672318914662,11.9542585870494,2.01758197079534,2.1982353666554326,930.8466956097136,14
3.204992154370183,-1.9769607361244128,11.954085427781807,2.0434219811273664,2.191467581883721,972.9878281303072,14
3.206769805887471,-1.9811232362104505,12.138210213702658,2.0050491612890498,2.1872002663819687,1019.46416042162,14
3.1905625903088115,-1.9474765820347744,11.92589549396348,2.034325759048047,2.189422354750012,990.336196567701,14
3.192790269851685,-1.971470832824708,12.112857341766356,2.0361101627349867,2.196421980857849,998.047912597656,14
3.1761527048504865,-1.961021094218543,12.982326803000094,1.981686256501984,2.1872616254765056,964.5742695020588,14
3.2004164975622427,-2.0036893979362818,12.173875414806862,2.0130066716152686,2.157987094443777,1029.5209874692175,14
3.1925739788490795,-1.9757002468990243,12.506747406461963,1.972660957471184,2.1777406684730365,1037.0978380286176,14
3.1734846467557163,-1.9755606754966408,12.584847201471735,1.9754214597784965,2.1456692840742053,1058.2320344344405,14
3.1538183676159903,-1.9919563791026236,12.554222594136778,2.002844207960625,2.113722811574521,1093.398266336192,14
3.144432731296705,-2.0264668101849765,12.120689101841135,2.0112831929455632,2.116752751495527,1047.6010987654977,14
3.1095922356066503,-2.070357387480529,12.052404517712787,2.0366189415040226,2.129025083521137,1082.4001385232666,14
3.127400978751804,-2.0145224073658823,11.71152282797772,1.97270329102226,2.1128953850787617,1129.5838941491168,14
3.1097630793633675,-2.0437736394612718,12.245840336965468,1.9919467037138745,2.1185728713222174,1079.483057436736,14
3.1092189498569653,-2.0297946541205696,12.127769998882112,1.999099257199662,2.119052695191425,1098.1304467242696,14
3.0980594676473867,-2.0432523074357407,12.266506692637572,1.996844486049984,2.084223136953685,1136.387910262398,14
3.1227112542028026,-2.020869348360142,12.117700659710428,1.966179474540377,2.1002264126487398,1111.2894287109382,14
3.104094944570376,-1.9991590536159007,12.260807830354445,1.9460673267426687,2.0995186139707984,1139.0361168902853,14
3.081711486629818,-1.991996055063994,12.305947770243108,1.979044525519661,2.091803423736407,1116.6022405209746,14
3.069234722334406,-1.9969601773697403,12.53224575001259,1.986597687653874,2.038764058247857,1141.3149798849354,14
3.0363323170205825,-1.9752618463143063,12.844161240950864,1.9943978553232935,2.036892491838207,1123.552031143852,14
3.064605624779411,-1.929343828688497,12.572210907936096,1.9391374607448992,2.04595654166263,1166.6625717826512,14
3.0226162050081347,-2.0101444721221933,12.175449578658371,1.9567998453326845,1.9925604786561897,1207.185268236243,14
2.987138175446054,-2.002542573472729,12.554799427156864,1.988429846970932,1.9954054368578864,1265.763553121815,14
2.999977630117665,-2.025049748628036,12.74950765526813,2.0194672294284985,1.9657560379608816,1273.4807022758152,14
2.9610721689203507,-2.029378104469052,12.991278088611107,2.0132066063258964,1.959861860974976,1290.5111428965693,14
2.9948840348616885,-2.006305334360703,12.579206829485692,2.022943913936615,1.940776412901672,1274.6874960194464,14
2.9502494633197784,-2.050635367631912,12.898152232170103,2.019761338829994,1.9463545978069303,1265.0142669677734,14
2.953412382499031,-2.017021083313489,13.298300473586377,1.996148495570477,1.9032650201216983,1319.6855999490476,14
2.9519839856935586,-1.946092023149781,13.685056784878611,1.942693775114806,1.8960228853899503,1355.7576506241498,14
2.9583253886388694,-1.964629449274229,13.312391747599062,1.9949006049529363,1.9261755308379296,1367.5703310759172,14
2.9153616182182143,-2.062905249388322,13.3503849921019,2.029955740856088,1.9019132243550363,1360.326142684272,14
2.894401177116062,-2.009017032125722,13.330169387485666,1.9767957873966384,1.895394900570745,1343.810530952785,14
2.9102628179218457,-1.968012048498444,13.082636859105982,1.964731186628341,1.934025986039122,1358.306105903956,14
2.902947464714879,-1.9552404712075768,13.387411387070356,1.9632480079713075,1.919446955556455,1396.376482092816,14
2.8992237798545677,-2.0012568015119303,13.21801915894384,1.9799157270918728,1.8872404869483868,1345.6351610266645,14
2.885551732519398,-2.0021189114321847,13.424650441045335,1.968899988609814,1.8514368067617013,1395.1289274796193,14
2.852327675923058,-1.9904564606106787,13.624734479448072,1.9382007776395136,1.7956712906775265,1380.3524581245758,14
2.8348307143086973,-2.0016367189262225,13.408362855081975,1.9633723989776943,1.816568233396696,1398.6763663913894,14
2.824833075637403,-2.0603724400634302,14.246191848879269,2.0010653086330543,1.7955054044723509,1402.6542185907797,14
2.8232522529104487,-1.9842960627182664,14.409656151481297,1.9453877832578577,1.7876150037931362,1430.6027938179348,14
2.8285269231899925,-1.9553881987281465,14.31230193635692,1.933188937928365,1.7762674786474393,1384.5949136485226,14
2.839914277843807,-1.953316871238787,14.335417581641137,1.9631246781867444,1.7955515540164444,1430.2935379691733,14
2.8432477168414905,-2.0118033276951834,14.854833566624178,2.008148676675299,1.7916751186484885,1442.7693209440822,14
2.810323948445528,-1.9922897141912708,14.093696055204974,1.977096816767817,1.7678670209387075,1434.0428917926297,14
2.77043182435243,-2.059238007535105,13.9784707090129,2.0354922349038325,1.7234043103197347,1423.580592943272,14
2.7418272495269784,-1.99704928242642,14.330347102621324,2.015587075896885,1.7130100364270415,1490.3265327785325,14
2.7463185748328334,-2.054910506891168,13.95038806355518,1.998677149415016,1.639617418465407,1546.6305488918138,14
2.76635105713554,-2.003538380498471,14.701976485874331,1.922951091890751,1.716474455335867,1543.1522269870925,14
2.760287472735281,-2.0182312454866325,14.728219369183424,1.926731699834699,1.707061628284663,1585.97185947584,14
2.729635477066039,-2.0932325720787053,14.547510862350467,2.019539356231689,1.6919533908367153,1549.3871154785154,14
2.739056515952814,-1.983847877901534,14.65291920433874,1.923467027752296,1.716949379962424,1491.987010789954,14
2.7232964246169384,-2.053232737209486,14.77919960021973,2.0555060946423067,1.6708990387294609,1531.3941093113106,14
2.750964505516964,-1.99826200954292,14.402571740357809,1.956282975233119,1.663542418376261,1463.469033282738,14
2.7117645248122835,-2.094876675502116,14.723197118095744,2.0481757910355287,1.638209537319516,1458.075743302054,14
2.706589045731918,-2.0443365366562545,14.718869971192406,2.0537666173084914,1.6157589664925696,1540.290454366933,14
2.7000253615172016,-2.037923367127129,14.253068011739977,2.0428053296130635,1.6459530332814087,1476.8809549082891,14
2.6989286399405934,-1.983545432272164,14.736746622168493,1.9567249903212425,1.5928031063598125,1498.278848399288,14
2.6608337500820998,-2.023703681386035,15.016383243643723,2.0186127398325047,1.582285126914149,1521.04235043733,14
2.6043181212052064,-2.1175719642120887,14.63306134161743,2.0600548386573823,1.5728010930444876,1579.732426518979,14
2.595934240714364,-2.0958141451296592,14.287811548813512,2.016802953637163,1.5666550942089246,1543.4324924634834,14
2.557640224695206,-2.1290271036002943,15.044253836507384,2.073304781447286,1.519976259573646,1546.062356700069,14
2.543678571348606,-2.1942326530166274,14.89479400800621,2.119648415109385,1.5177405256292096,1513.1593773883328,14
2.5452713694261475,-2.083235876715702,16.106364727020242,2.0359042170255086,1.474290894425434,1491.397043642791,14
2.527190685272217,-2.126856171566507,16.056502508080527,2.113759569499804,1.492161958113961,1494.3927585767665,14
2.514021773701128,-2.1063338621802963,15.968047738075256,2.091422908979913,1.4376366922388917,1589.577647996981,14
2.4886312743891845,-2.158783692380656,16.185192294742766,2.1503586587698567,1.4204619358415194,1557.9364411727242,14
2.492553083792977,-2.1734302847281746,16.460703176000845,2.1586810013522277,1.3963333044363104,1565.0845078178072,14
2.4412831119869067,-2.171935340632566,16.74661681963051,2.126203837602038,1.3481920439264063,1631.7847236965,14
2.4350118637084965,-2.110442819802657,16.336257602857504,2.089769294728403,1.38679809997911,1679.0876750116772,14
2.4028480286183567,-2.097888329754704,16.210203543953302,2.115233501662377,1.370707533929659,1602.787608271059,14
2.369612276554108,-2.0635087425294163,16.883229867271748,2.099410281233168,1.3419292135083172,1629.2565586255928,14
2.407163516334865,-2.064363531444384,16.553709278935973,2.048561054727305,1.3099397369053052,1673.3122027853258,14
2.37452256679535,-2.0614678561687447,16.96973466873171,2.026747167110442,1.316725075244904,1699.6692962646505,14
2.365355968475342,-2.0974202985348915,16.899174089017123,2.068952876588573,1.2779752003109974,1661.1934681767998,14
2.369777288125909,-2.1077308343804404,17.06880403601605,2.028941915087078,1.27616040084673,1629.546222852624,14
2.305437481921652,-2.1630504753278683,17.38515820710555,2.092415436454446,1.296033934406614,1554.6689585810127,14
2.286041389340938,-2.204464444647666,17.687575081120354,2.128232327492341,1.2755812173304335,1560.5943882154384,14
2.3230746984481816,-2.147923930831578,18.21971337691596,2.120914697647095,1.2719715431980465,1567.2106455927312,14
2.296882901502692,-2.1227823651355253,18.65481788179146,2.13679419911426,1.291696453871935,1640.1977452817132,14
2.2926120136095136,-2.126858244771544,19.04395310775093,2.150907475015392,1.2333312967549224,1672.0696384595792,14
2.2378298329270407,-2.1794424743756005,19.106155934541125,2.2140987878260403,1.1892777383327486,1682.432033372961,14
2.20365853154141,-2.056821587293043,19.38165127712748,2.087637302668198,1.1409098000630111,1739.659206224526,14
2.1787181457747584,-1.9947791300390088,19.285568672677748,2.053744621898817,1.1001598951609255,1733.9626418403957,14
2.136654610219209,-2.1486318474230552,19.26832945450493,2.074699852777564,1.171275022237197,1685.9133513077445,14
2.176757230706836,-2.0825118033782326,19.949980144915365,2.0328427242196145,1.1399634648924282,1772.2405116869036,14
2.189194070256275,-2.094634963118512,19.97506239103236,2.092201295106308,1.1804357326549038,1806.721897291101,14
2.160838522340941,-2.1170415230419346,20.153823116551283,2.108067065477372,1.1636056556649828,1831.8398211935312,14
2.170310061910879,-2.044351826543393,19.64615390611732,2.0744320413340698,1.1464221581168823,1845.464695142664,14
2.128325051587561,-1.977589197780776,20.530053978380938,1.9701508439105508,1.0736238885185,1917.398231174635,14
2.150376900382664,-1.930640732464584,20.991601653721016,1.906815421322118,1.04191098783327,1950.2896396802803,14
2.139994179425033,-1.92252567151318,21.529543451640908,1.836651371872941,1.0833877597166146,1989.0765128757648,14
2.086392957231273,-1.938016298024553,21.3286597625069,1.9410144142482595,1.1146702792333516,2020.5456622579816,14
2.0572968008725554,-2.1031856873761017,21.535978255064563,2.0877729511779277,1.1672756620075384,1991.975037284521,14
2.037131097005761,-2.073363656583042,22.0487090193707,2.074254061864774,1.1204474697942306,1964.9502828846828,14
2.082625385211861,-2.028923940399419,22.823528673337854,2.018725562354793,1.1128234027520467,2001.2344665527337,14
2.0429255962371826,-2.072452545166016,22.113126754760746,2.054127693176269,1.128408670425415,1987.527587890625,14
