Voltage_measured,Current_measured,Temperature_measured,Current_load,Voltage_load,Time,cycle_idx
4.084949493408203,-0.0563704296946525,20.41367530822754,0.0993081405758857,1.225493550300598,488.7075500488281,1
4.052849872137911,-0.4469512829483624,12.292426058041151,0.5447455354395413,2.880510658346197,51.00790927572489,1
3.6738721153642113,-1.890538702728928,8.621148912710101,2.166593365344523,2.8816342379457205,236.0159889139155,1
3.5651896538272982,-2.4380205113400697,7.873473341746997,2.740076231700118,2.3980710865348898,152.89922012821322,1
3.528283266183723,-2.5665574637792443,7.099513638404108,2.815141940202337,2.231175309868269,159.65426570112987,1
3.45965062589201,-2.6697334269041657,7.105413074561772,2.781501570055562,2.131401064575359,206.18277152550263,1
3.419403965755176,-2.602359443582514,7.023459854946341,2.6778890189304145,2.1179731840728437,228.81281928605927,1
3.3896779082581987,-2.496918195464705,6.753119164470276,2.549648252439328,2.119233992791945,175.4335700141059,1
3.367891638936962,-2.411719036785932,7.397205195546578,2.44944193969918,2.155063677005016,207.59438430622055,1
3.3155787914030013,-2.326353980648902,7.37431280074581,2.307387028971026,2.159984396349999,235.89922800371724,1
3.247199678079202,-2.2970385081451856,7.314847672711991,2.281378583668808,2.129221680343792,305.56104117226005,1
3.1993518593490764,-2.2491325511727283,7.467266848437675,2.2048637174790904,2.1054119029780014,269.6361078515275,1
3.156345918614377,-2.27904833773131,7.123619674354472,2.2102553126632527,2.119697340073124,237.2214398127729,1
3.140602188725625,-2.2121766493739194,8.321488882905694,2.229419747561109,2.070120110733962,237.7258509700871,1
3.108550505826123,-2.236893810251708,8.221177398517566,2.223648972836019,2.0881612830691867,253.8921107357121,1
3.106517391820108,-2.23890321998186,8.4132870704897,2.2143231258597424,2.076684469817787,269.930669640982,1
3.1166456002061085,-2.177372814506613,7.923206917273956,2.1370449450708207,2.0724781328631985,356.37998595972635,1
3.097052404957433,-2.2450933618784803,7.829265567136922,2.1993075117842698,2.065556111728846,390.98464178269904,1
3.100244845113447,-2.1249683672381985,8.000915035124748,2.1382765077775523,2.0297648599070888,377.4472213252898,1
3.0833822706694245,-2.160897948835913,7.919506496853298,2.146780855766761,2.015844692893353,357.8438982126106,1
3.0287403137453137,-2.177123223581622,9.119626602391618,2.20617519484626,1.986275966876724,342.9135832974561,1
3.050205158930953,-2.147804332035844,8.598618086948191,2.186793909277968,2.0198763724296325,387.32989075363326,1
3.044000331646225,-2.1560218009470185,8.74254403063046,2.1575127442677817,2.0117876435693445,354.17911729163166,1
3.0117087176196464,-2.161886861247401,8.96425405112646,2.1689821443250104,2.0056487924309185,388.4745449490017,1
3.0076146074520644,-2.174816769938315,9.372314945344002,2.1833215272554787,2.0214380910319667,384.9685442524572,1
2.9907852637725063,-2.1178631748349863,9.300387556834888,2.110509253744583,1.9807716911411624,450.29451836480047,1
2.989378890683574,-2.0592319503907235,9.40798317146985,2.0543436722088884,2.018791085930281,407.8733919752114,1
2.976777284376083,-2.0531861089891,9.83083411185972,2.0499099608390563,2.0124342941468765,397.30795878748745,1
2.995034016161409,-2.052026606802445,9.920747264739008,2.0529798752090835,2.042910280193479,411.4468940543445,1
2.9927183778482527,-2.0968391408202467,10.233798262893512,2.0936877607871978,2.0159529451828275,402.3190291209888,1
2.9751542306715444,-2.156008182033416,10.358272265362483,2.0966917340473463,1.983892802269228,396.4481191327495,1
2.9959332942962646,-1.9906726280848184,10.371278974745008,1.9975649913152056,1.9731657637490168,453.7869364420573,1
2.9938631091921133,-2.0738387005303496,10.303368052274095,2.0525647970083365,2.0326131274623256,415.1625183542997,1
2.9582148341722387,-2.018754828360773,10.18216836580666,1.9686770746784823,2.005962828154205,415.8827432611936,1
2.964682820877294,-2.0236628311936573,10.404996181474363,2.00359999706241,1.984895810004204,455.6595484142236,1
2.968322803469969,-2.029318019480688,10.540250518415991,1.9902395044176384,1.9607565232075244,506.0684977432305,1
2.969669872714628,-2.022118722238848,10.942170358473255,2.0009249179593978,1.9986922010298696,465.3382125362274,1
2.9613469646823023,-1.9716210643023144,10.884575696828971,1.9457506082391225,2.034012433875846,501.4434393332424,1
2.9547515445285373,-1.975264191200229,11.318791358701644,1.996687018315852,2.0470253498323503,460.3097684033029,1
2.975936033392465,-1.996654050324553,11.508308051734842,2.0113743953807384,2.03841301959048,457.14953383579046,1
2.9527510143949995,-2.041989493113692,11.2121527818796,2.060966683117719,2.024632936737443,479.6244416048879,1
2.973567927610062,-2.0283198724083573,11.111923081045935,2.013233425796672,2.048830230603509,465.022006674052,1
2.9609764622103785,-1.9816668482236963,10.87783790916525,1.956432411747594,2.0289320689375683,499.5323817755585,1
2.9754517300581846,-1.9908166461520724,11.083808372524905,1.9500360347891368,2.111558645002304,491.42552037392886,1
3.0204688981442467,-1.939484161715353,11.43448367511927,1.9299871421629384,2.1016933960726614,501.7855471812696,1
3.0123230257341937,-1.9984948942738197,10.91203824935421,1.9493372940248055,2.091331604988344,501.794898248488,1
3.0014105851504964,-1.9918365384515464,11.2096185991841,1.9224709451839488,2.0385628866038443,535.9062707825803,1
3.0243145915342486,-2.020128349249509,11.77407522098992,1.941313671809371,2.077980408959064,546.6528046857499,1
3.003072307955834,-2.061677640484225,11.210354630665112,2.023083171536846,2.0758123833646054,514.6064774708079,1
2.988942287301505,-2.096907891680263,11.793521115429511,2.044276330633403,2.059245189885512,477.32690593760486,1
3.007983803321811,-2.0279482581709445,11.817727249583038,2.0125963713533133,2.025142544059344,529.4776127859681,1
3.021708326954996,-2.063839030522172,11.81580872689524,2.026932970170052,2.026310151623141,531.1413869550152,1
3.0234209200814632,-2.030409081435118,11.343531427417604,1.9923731208274869,2.0160549601346363,540.7696955417647,1
2.986584852245973,-2.078861860391487,11.95849165010623,2.018001596560188,2.0097899462587088,569.9162542965249,1
2.993839248534172,-2.057810652640558,11.53674264107981,2.017597452286751,1.972713651195649,577.9272716891381,1
2.9843753836915483,-2.0770076970472986,11.328161126823836,2.027097462753241,1.9604503330791292,594.1993996678287,1
2.996499488857912,-2.056769550487559,11.767857445610897,2.0043285063945264,1.9714311630495127,590.1088230584257,1
3.000906057255243,-2.03288810740235,11.951638754977974,1.9931386440030985,2.030114868635773,584.9149609637512,1
3.027206530280438,-2.0270866689716187,11.473315888408264,1.9841074618814665,2.048265896390416,571.1115291691169,1
3.0295426307186006,-1.9556368683401408,11.398667157764514,1.9072346977862835,2.0511438641496884,623.1098722505744,1
3.046121189671178,-1.9576890814688896,12.431210630683488,1.9266108851278985,2.0384276272148214,624.2708379273774,1
3.0589596208278422,-1.9495283540431745,12.176263593858287,1.8953987654819284,2.025213674832416,673.2858630764869,1
3.0616350968678794,-1.9747977919048731,12.688959863450792,1.9335072173012628,2.045998255411784,652.8748711480034,1
3.0493024856813493,-2.001438087032688,13.361754171309933,1.9794848542059624,2.067311594563145,623.1699553458922,1
3.030425984372375,-2.0362955900076045,13.445598872331736,2.0257932165617585,2.0616842880043933,611.5552477546064,1
3.0046244906695514,-2.108414421799362,12.992186303634368,2.0707339394477104,2.0561976390072947,673.8362969292538,1
3.018956363842052,-2.022857073814638,12.554611206054688,2.0187945519724195,2.0735295331606305,685.4243341261339,1
3.025602498789415,-1.977250786237819,12.827723407403534,1.958627780278524,2.0768443418660043,656.0962826308386,1
3.0385288867471894,-2.0126941033161665,13.225532668465789,1.918741929061096,2.064837062657948,699.8610290746109,1
3.045918703079224,-1.992713442412756,13.508587826964677,1.921419247504204,2.0513956546783447,738.0788423271589,1
3.043857853045173,-1.9298789163644168,13.321665319490604,1.889831643378008,2.058057738034101,757.9027902473258,1
3.054885834348672,-1.9841049811318785,12.86755479792113,1.917014635164678,2.1125166108531337,634.3188710639982,1
3.070323236526981,-1.9648004539551276,13.365960767192227,1.9219684100920156,2.072763658338977,736.5316339308217,1
3.0785730047465227,-1.949183743914396,13.327450263457488,1.9131542533956547,2.079844843956732,781.9659539773047,1
3.058869728478052,-1.943471924378453,13.778106234834183,1.912267370463272,2.1001673266024574,767.9669677296847,1
3.05312494821446,-1.990581289414436,13.606949016612065,1.903943268201684,2.0825158267892814,747.8480428059897,1
3.046779032676451,-1.9915642007704704,13.24841116491612,1.915670944371104,2.0590220121499887,797.9786405392449,1
3.044343896236898,-1.995247697744745,13.417584179977364,1.9409561610136403,2.063048891696452,768.5675077267449,1
3.039815446381928,-1.9997389854923375,13.64345306478521,1.9660147261875944,2.0833813733952025,764.2827942550817,1
3.0147427410207768,-1.9307591193038496,13.04214108032992,1.9262760834881905,2.0458211215166204,804.0866171997505,1
3.0073588834441263,-1.950882810845597,13.069780380495136,1.9366692864339408,2.02771645720287,843.1091022012909,1
3.02898956114246,-1.9800147202707097,12.831717152749338,1.9326902512581103,2.048288791410385,848.091330251386,1
3.0482442002997177,-2.014137786776362,12.560025857768174,1.9728986563221105,2.0747445501307005,833.7397095601613,1
3.052049806895649,-2.007622718811035,12.524532054914795,1.9585587179361703,2.064192249783478,771.2789794484349,1
3.042497063195833,-2.013507350798576,12.399498355004097,1.9862213775675783,2.0513536622447357,780.3065178983952,1
3.0439198546939426,-1.9898243552895003,12.18371812758907,1.9228986450420915,2.0513041446713136,815.9999617163,1
3.039400958673074,-2.0015556641377,12.43967947395899,2.0124313079328093,2.048534793238486,828.0388702064431,1
3.036681375195903,-2.0300481806519213,12.868238141459804,1.999499249201949,2.050289951344972,778.2267285418767,1
3.022194215473736,-2.069009816774758,13.108992716744808,2.016234473088309,2.072442675149569,792.6327103372116,1
3.0309654111076,-2.0008086115655934,12.79422612344065,1.9840051358745945,2.068395946188212,845.1933753447721,1
3.025171426034743,-1.955636785876366,12.539951908972956,1.9454530900524505,2.041238477153163,856.0760793378275,1
3.0252396863848503,-1.9784427603513115,12.282043262194565,1.9602083271122324,2.0531434568453006,877.0813668637295,1
3.024999868912509,-2.026388359753462,12.673191825976083,2.015082344786668,2.050248306711942,858.8637588118137,1
3.037137269973755,-2.0225711663564048,12.948596000671388,2.011542638142904,2.066666841506958,835.6536661783857,1
3.028288481483323,-2.0653872874475296,13.272326561712449,2.0456732968702966,2.050051898511934,814.897577538713,1
3.037540855373533,-2.0085857529794007,12.9843658836939,1.9724112924281831,2.007844456635068,876.0466573298194,1
3.0179669728843117,-2.0067940450483754,12.96252876199702,1.9706096482533288,2.01980241908822,873.4233641265542,1
2.999331671704528,-2.029238146265775,12.922193848531306,1.9727526398969808,1.998391723547358,871.9512090648802,1
2.995757619112623,-2.024944928384596,12.89499013483738,1.972676273315184,1.9897511210492864,930.579310919649,1
3.005564597345168,-1.9822274061941323,13.427667433215726,1.9195246965654424,2.033958958041284,933.541021531628,1
3.0068488103941777,-1.9873371098631176,13.605747376718837,1.9268526518216704,2.0217469960557937,901.3157781785544,1
3.0066127401098983,-2.0465656369390453,13.903183161144188,1.9837068276593333,2.0077206917561083,969.1171850935958,1
2.995523629649993,-2.02170757837193,13.593378723308607,1.991803434587294,2.0112508830203804,976.7372712166076,1
2.9799869376698704,-1.9868707050132068,13.661931372885208,1.9634212477660091,1.9752608695765124,1010.3640823637712,1
2.968776597771593,-1.988303214418418,13.69336128576682,1.9417633501859548,1.998625323763885,992.2478882710992,1
2.9487888402836298,-2.009970671387129,14.108167986715994,1.9605877207171531,1.9593232203555364,984.8517147597446,1
2.947802204385026,-2.0278105829778963,13.725147989061144,2.015628606187827,1.986459625237304,989.8636627744175,1
2.952899721788249,-2.0119781656504534,13.473670778308716,2.016076909598484,1.985065580696188,1009.3861145238296,1
2.96716623152456,-1.9812296898134287,13.325942131780808,1.9680457884265528,1.9391116826765,1039.990124117944,1
2.96284856420264,-1.9695318710846712,13.181681803904985,1.9574704311227284,1.9220964280507893,1051.1352027154735,1
2.9328580235922206,-2.0243393281027413,13.649748843203309,1.9706356085329504,1.945209655710446,1015.964502915686,1
2.926373517641457,-2.080537649892991,13.713092465554515,2.029774342813799,1.9606639903078795,1013.3036669659364,1
2.9158880163691805,-2.05310675918415,14.000977892174946,1.9886566597073732,1.9303523374714728,1045.703013867887,1
2.924364072020336,-1.985652928711265,14.021535579448956,1.9734191022893437,1.90022832262046,1032.2938888713882,1
2.913224338203348,-2.001198649406433,14.178787949264692,1.9468140884112288,1.9387242896582495,1030.7116226688509,1
2.8958424838213084,-2.0107520122254616,14.578307247503687,1.9948888329194865,1.926417932715468,1096.9305013020837,1
2.907483080381988,-2.004499161969804,14.358857346264692,1.976953301805749,1.913332161083016,1076.3910489646337,1
2.9137910719840754,-1.989205910313514,14.09116769606067,1.9535086654847675,1.8830195626904889,1068.4249385710689,1
2.907807106612831,-2.0047262219117963,14.233935766322642,1.9600292619411224,1.892080747953025,1040.3087280710963,1
2.9052635615017253,-2.05203043517246,14.367490918832868,1.9759634583654369,1.911409359679,1018.7622787858425,1
2.910681906566825,-2.032533827648368,13.984761873881023,1.955193277328245,1.9004947780280983,1054.1934000651042,1
2.8919372319320624,-2.068134329225,13.959673628584886,1.997784310771573,1.8820549112921547,1073.804151965726,1
2.88282342025456,-1.997427714341003,14.5036314208875,1.9609613935579964,1.886291479551664,1087.1083673730118,1
2.8712965288469867,-2.040161089230609,14.114238031448856,1.9939169999091857,1.876731605939968,1151.4801209152386,1
2.8612915674845376,-2.0318215158250594,14.444873809814457,1.983224074045817,1.8025729921129012,1202.823771158854,1
2.858057665568526,-2.0023643013397,14.354733914884612,1.944026428311529,1.810088744727514,1190.6780651461695,1
2.847623402072537,-2.020941865059637,14.69311031218498,2.002294855733071,1.847637457232321,1244.221301663307,1
2.8557578150089498,-1.97708004093512,14.816812344349412,1.9450950323467184,1.8566292156882611,1254.5875025376622,1
2.816642858648813,-1.9778930183807155,14.700369954536464,1.9382203552458024,1.8340174968097367,1234.2519750014003,1
2.7883548762208674,-1.996285379573863,14.581055477101316,1.999450532338952,1.8227167590971916,1247.7469705561157,1
2.77027149866986,-2.0282531502426315,14.94464500317864,2.036707983222059,1.8039538535593236,1224.7602289671538,1
2.764123912353242,-2.0441880721772443,15.239040552501615,2.0240161974370263,1.808075319054306,1207.417005750868,1
2.729946159547375,-2.07825562005402,14.806856504050632,2.059719685585269,1.7931016901487946,1191.359196488575,1
2.734318242705424,-2.066123984620562,15.097079526566263,2.014056417677137,1.7807943098861256,1214.5673263713877,1
2.710102654699784,-2.057255585988362,15.161939473989612,2.022434844765612,1.7669191655292298,1195.2201487770226,1
2.7027943749581613,-2.016089908538325,14.885354565035922,1.978122811163625,1.7099439905535792,1205.1419677734382,1
2.673241614440863,-2.0123097811121253,15.171046448437547,2.001285868306314,1.697955983086726,1174.371118689097,1
2.6656806161326747,-2.0572491162139457,15.153281704072024,2.033374719722297,1.680891730452096,1179.0426222278213,1
2.673702445081485,-1.952833391004993,15.357868276616578,1.9836207717977543,1.6713940635804208,1199.8372933992775,1
2.676675317962537,-1.9129472385597912,15.124902178309725,1.9525020994165887,1.6503662652866815,1190.2029110488072,1
2.6726865238613557,-1.909074555588452,15.18335758400647,1.9682473721897304,1.6482631848277156,1257.3443642893146,1
2.64351890676765,-1.9305578495866509,14.987719771682578,1.983315721634896,1.615398419800625,1243.9956855363744,1
2.6205299567150813,-1.946493459431501,15.631173342359537,1.97206873150282,1.5978584704006018,1243.947486139113,1
2.595845489946317,-1.943975330680929,15.40793858121373,1.951247477189614,1.592794888335744,1244.0661196691588,1
2.591616322917323,-1.9879952630689068,15.647148778361656,1.9983893517524969,1.6207186291294715,1267.950447328629,1
2.575066376757878,-1.984499885617192,15.543122144582876,1.999450739566571,1.5808264094014324,1308.8802520861332,1
2.5368160432384856,-1.9794098668628268,16.045770863905606,2.007152902609986,1.5344212456843331,1281.212173516605,1
2.516168573851227,-1.9893168249437887,15.974442133339506,2.027204790422993,1.5320515158355876,1308.148286552839,1
2.543120183397792,-2.003493359439262,16.54512205773357,2.033117712184947,1.52271137186276,1294.0275143859212,1
2.5215791596306696,-2.041274760359077,16.31384722391764,2.0277438591030763,1.5431808985262367,1286.8774383435532,1
2.514405770968365,-2.023608182066231,16.661205066147676,2.006402191295419,1.5143273056194342,1271.060872395833,1
2.505661026978578,-2.0520529447917872,16.063108464723,2.033846138198744,1.4845812602709696,1273.9780693464386,1
2.4631867895844155,-2.0981055451123094,16.74717528503856,2.084435252733128,1.474980568373075,1317.8937817645326,1
2.438308069782872,-2.0866477566380657,16.553937604350438,2.0997378672322924,1.4874249235276251,1323.5820706275208,1
2.440345191613748,-2.0586739201699524,17.085559099805824,2.079028697851309,1.4669235799474942,1328.803661934365,1
2.4285114606221514,-2.0214857260386148,17.176279703776046,1.957864681879678,1.4076544046401978,1336.1449652777767,1
2.399085190988356,-2.0825330595816327,16.93526222885295,2.071367386848696,1.3949967802211802,1377.8799130019331,1
2.3833280344590486,-2.15326081894632,17.468283800241334,2.1589743586851284,1.3858624889004614,1429.6273805898588,1
2.3804818934437195,-2.181035193918426,17.635331929798177,2.168756238021302,1.396653328745168,1400.6889206534208,1
2.361172942705052,-2.169873478592085,17.225763013285967,2.173030927617064,1.410458154575798,1393.154799594675,1
2.379600470211343,-2.1615658464397582,16.88359203133533,2.142082701447189,1.3559841041496568,1369.0247181444622,1
2.3554784610707267,-2.10598049198,17.126513450376446,2.1229890828491538,1.3301806330253574,1466.5633689306144,1
2.3294412551387658,-2.1424089093362144,17.36094603999969,2.1443972664494675,1.3540030333303634,1463.6865076864922,1
2.3451411271180755,-2.0005529422486448,17.492405368435776,2.026499371374798,1.2354981330987755,1532.2511051957338,1
2.534071042973515,-1.3733838036068704,17.80809403833098,1.4405280373002294,0.8436974000759744,1570.3438265674015,1
2.9673207985457504,-0.5276458654352497,18.174864389563112,0.5544556084499649,0.0818605358882684,1540.9308688256056,1
3.4697854382162867,0.1351546832630709,19.31065344041395,-0.1311826549443721,-0.4773552951846937,1452.563582881804,1
3.584750393385528,0.0823596003448673,18.90970592430415,-0.0798013657064426,-0.2880127904235691,1509.0061258295527,1
3.5455881908375733,0.0554784360912542,18.777679217759005,-0.0658290207546241,-0.0483187026875007,1495.246702788979,1
3.58727849939818,0.029333823871228,18.07674572031985,-0.0702232870950923,-0.0165671464456344,1517.8320631895433,1
3.6198456697566535,0.0004128909613059,17.454797669550853,-0.0441618150627529,-0.071074262555141,1550.801742061492,1
3.651827450721495,0.0117682663032843,17.37401679254348,0.0406932368153524,0.0035220594295572,1615.4961449407765,1
3.653469910331097,0.006298278017791,16.03518012945797,0.0192925973084344,0.0162895093588526,1587.2139735068045,1
3.654866151057691,0.0445385132799436,16.718610667840554,0.0192350239215893,-0.128728988743971,1495.8640018586193,1
3.682210701768117,-0.0251254595575793,16.681043317241052,-0.0815187167145952,-0.0283137927012097,1575.6832747920866,1
3.6397358559365767,0.0083382377604617,15.881473941187704,-0.056289445782434,-0.0503233299126655,1671.6568787277386,1
3.653742827822231,-0.0046382278878254,15.176532967543524,0.0294193070194948,-0.0733229582294768,1589.2245122437837,1
3.730326385908229,0.0092435310124062,16.462612100826792,0.0056865732636186,0.0237785351652932,1674.521203482023,1
3.696402602725559,-0.0830526651287157,15.342038294747734,0.0782958894807806,-0.0867865263187325,1739.1960383589549,1
3.677817422429293,-0.0008812121860017,15.74493946909478,0.0387985806471552,-0.0984317837316404,1692.5647016409048,1
3.720475696748303,0.0259081449720166,14.846812494339472,0.0004590454871857,-0.0319276281422175,1701.549351846018,1
3.6738267850704944,0.0499651423224844,14.430174636157188,-0.0001438052900884,-0.0575160046899192,1692.7187001218092,1
3.684433948181864,-0.0033337586596071,14.495158674041829,0.0383962306150605,-0.057138235151341,1761.8116660716291,1
3.681005318959554,0.0058386949772245,12.531008402506526,0.0682818028394883,0.0018323767049009,1772.9778606455798,1
3.6634031384649246,0.0429561808705325,13.254956200985932,0.0580146725967139,0.0066411324633164,1691.4832343644994,1
3.701554670983318,0.0215179528373438,13.308449861396593,-0.0045016636224091,-0.0115140473810569,1631.8365636025692,1
3.6822311878204337,-0.0607500995198895,12.49908924102783,0.1032663260897008,0.0509009019782154,1615.4382324218752,1
3.691206795340371,0.0434551405383252,11.841965094262124,0.018115204755604,-0.0421901789884415,1520.6848783322146,1
3.715280340563866,0.0637209889442256,12.48702596849011,-0.0192387408600253,-0.0888078458687303,1612.006244399643,1
3.714044317122428,0.0999310648729717,13.012252223107124,0.0024792700517748,-0.1517493994005261,1689.1850113407274,1
3.7178400537019134,0.1779495692381321,14.211438647307832,-0.0470327775204391,-0.1629794870226192,1717.9936510311652,1
3.7131944822154166,0.0135421321116452,12.089579448905022,0.0740362773182087,-0.0043120221518585,1725.671755992384,1
3.68275797495278,-0.0042376065606681,12.09207299960557,0.0395338173995723,-0.0593102113531568,1702.445821782591,1
3.683281559243423,-0.0038887971885352,11.6596652102727,0.0407781767922616,-0.0903615417446237,1671.972857512885,1
3.635471978922471,0.0252070914533366,10.73581811775018,0.0717818614990016,-0.066050820693535,1810.9894612630237,1
3.678437655971896,0.0061755676112927,12.222444923975113,-0.0256257488402322,-0.0992056646494439,1777.6351449617775,1
3.702076811089739,0.0581568889453421,11.646147495529556,0.00270606259612,-0.0170359190913923,1732.4775198112663,1
3.7230765811004094,0.0152568033993189,12.189613212394027,-0.0216945793987089,-0.045357206976543,1660.9038899739544,1
3.6587228544296746,0.0384503196804794,11.443884818784651,0.022824877512553,-0.0384153290501535,1752.8478688886114,1
3.642660068354725,0.0373827928016234,11.472704979681234,0.0358307890553939,-0.0223391763465356,1739.559258792565,1
3.647569038534676,0.0383396353505839,12.117062934410622,-0.09916823995583,-0.0593434805350894,1748.061021155357,1
3.668800705222672,0.0157828693908995,11.486682102244425,-0.0942233816109688,-0.0309980077649019,1761.9814387495844,1
3.688849838831091,-0.0183019740874198,11.72290107426251,-0.0333731535782106,-0.0796478484960866,1795.861415193073,1
3.649330157105641,-0.018654760764411,11.845564425205252,-0.0663828510377143,-0.027704600178,1839.9397458312333,1
3.658381167278495,0.0405999131260379,10.285464768768646,0.0140234654899485,-0.0748282820186618,1762.3738318002356,1
3.682216487050484,0.0095563293518132,9.939863300665298,0.0094027130741048,-0.0884788740813525,1711.553142151097,1
3.651893643922703,0.0395164771863389,10.063677968944695,0.0270519866391114,-0.1040608863943793,1834.887353165603,1
3.6844348907470703,0.0888111069798469,10.33679531466576,-0.0488935402564461,-0.0338294796285124,1807.59519515499,1
3.710063364343404,0.08262342660551,11.62948112761248,-0.0846544968024377,-0.0364496230438193,1827.1991413075436,1
3.70800819020972,-0.013496928344277,10.434607550234778,-0.0203730760113624,-0.0343610820161031,1817.7163440335185,1
3.693758136482649,0.0794981375977557,10.798127779396632,-0.0808271762904941,-0.1653209819748838,1874.9740042737733,1
3.704331570628723,0.0353696555379895,10.770899249661351,-0.005070934125546,-0.0315706505837404,1921.7940866340448,1
3.68356426044177,-0.0134268766269088,10.406125331864986,-0.0325868387295991,-0.0088067105687539,1913.450001925124,1
3.719209050619474,0.0834501216648725,9.310891879502163,-0.0733305692512499,-0.0851537811980451,1890.9857098979328,1
3.710189815063203,0.0278061576801813,9.297484804652496,-0.0595512210948922,-0.0975880544085232,1753.6912277385743,1
3.701585101397661,0.0197502028674396,8.982969707912861,-0.0850240973001312,-0.0734778183602514,1807.59369749664,1
3.648411889230051,0.0300461839764358,8.772770112560638,-0.0269144966958024,-0.072464131780209,1824.8272941343248,1
3.631265719731649,0.0331722506218477,7.965193006727448,-0.0134016484436061,-0.0744668700628815,1822.7657063802096,1
3.6256167521186207,0.0074983472538621,8.087277251759737,0.0411684464890251,-0.036625299796356,1898.6236756027388,1
3.657601771816132,0.0211190349192066,9.381305284397564,-0.0323968832130714,-0.105972176197395,1908.7340744182616,1
3.695356183581882,0.005288759907407,8.923616443483638,0.0060013980073961,-0.0102302419509071,1934.534712596608,1
3.6579831723243954,0.0105540363708893,9.924661246679166,0.026133586462307,-0.0806091086251338,1958.5529881412413,1
3.636322152230046,-0.0184100247038331,9.4530747116253,-0.0134421025392812,-0.0788275676388876,1933.1335606728828,1
3.634853835601533,-0.0450983094752475,9.116269402179238,-0.0330416057325608,0.0139180486254059,1983.4978552377315,1
3.66460181820777,-0.0651093490929136,9.05302297257182,-0.0788088556525952,-0.1025042577403004,1865.6446646960424,1
3.617024583201256,-0.0295774419942202,9.223249189315272,0.0033049639314394,-0.0457764635643687,1953.7008726058443,1
3.66811410927858,0.0882938361199312,9.136441234192144,-0.0376933811626332,-0.1365764529901583,1897.8440781460024,1
3.695819034371327,0.0519468134609587,9.384709532542942,-0.1475247122534317,-0.1305416582359222,1927.1287478648624,1
3.7396032271846655,0.0331908827347142,8.836404615832922,-0.1464225707515586,-0.0515611392035261,1826.5972257224464,1
3.7189439060867455,-0.032980557010379,9.573801621741255,-0.0308612208065708,0.0152208841135381,1908.701918297773,1
3.6893462228945935,-0.003288864261572,8.680186979232294,0.0197730362281768,-0.0591166795208062,1894.936858583948,1
3.748398616749752,0.0430891248647861,8.49096207977622,-0.0197735738249574,-0.0074580236668539,1879.7226995652757,1
3.684847600143869,0.044034461794577,8.191438374126255,-0.0224506319049847,-0.0271882202983667,1962.0748763545864,1
3.671292938211913,0.0431013863306758,7.916520730568941,-0.0165075759827337,-0.0556769155526653,2040.2987248683955,1
3.623347551591936,-0.0730622220904582,8.152075429116554,-0.0073027977900146,-0.0336626173868338,2143.646673387094,1
3.661064829877629,0.0947283648194766,8.765339027596198,-0.1068826689782097,-0.1025297333316084,1971.2632999761984,1
3.689140798370471,0.0153574293819795,8.73578773006316,-0.1164332054902595,-0.0163053380639257,2012.6504593168904,1
3.727991609163178,0.0625824137560744,8.57807659846477,-0.0888493217287515,-0.0410896208818226,1841.4459517284115,1
3.658740517913654,0.0336668123641316,8.79339694634987,-0.0970051479008459,-0.024504103507566,1909.458410338261,1
3.6197393572885934,-0.0745312740565629,7.812775512750006,-0.0608383981130459,-0.0533766274650891,2044.1500721046136,1
3.611699427327802,0.0628156153264863,8.258210910263884,-0.0680002443772806,-0.1340112410565851,2069.579345703125,1
3.6930698066629386,0.073830310562392,8.458588487358506,-0.0548515242581189,-0.0958760141738855,1957.2272883589544,1
3.711891492207845,0.053925794485863,8.732895793026064,-0.1418588810657089,-0.0433204618072314,2049.9767208851367,1
3.647524510660479,0.0495138223613464,8.852861035254696,-0.1138441103600689,-0.1110667915594193,2104.230382119456,1
3.677659626075444,-0.0414481197473823,8.4198364613304,0.0349964801435722,-0.0784107346528319,1995.967497794859,1
3.610435073948248,-0.0978489050568219,9.199780775227426,-0.0321552466841475,-0.0637969105741456,2115.395335426467,1
3.626848946335495,0.0131518674653864,8.951236417216636,-0.0775732564269215,-0.2252186741880191,2214.281572895665,1
3.6324821347404126,0.0018678899039935,9.31261918536224,-0.0838474910839812,-0.1653329185260241,2213.998570158489,1
3.624283393224081,-0.0565057454837693,8.743096669514971,-0.0567879374656411,-0.1277256881197295,2239.9832356770835,1
3.629867763929469,0.0745008111160282,8.786794539420834,-0.1064300257512316,-0.131378590019159,2281.106983471943,1
3.642703248608498,-0.0306054105778565,9.430464460858316,-0.0531832284317431,-0.1304821955260414,2321.701430891577,1
3.640449366689156,-0.0099084010100713,8.71573184297076,-0.0310973519305812,-0.1321803970148907,2229.7230631510406,1
3.6899525888504527,0.0099077558505437,8.912429748042939,-0.1055450864857242,-0.1642216674743158,2167.3258647303423,1
3.653664691473848,-0.0218732177837348,9.394269348472664,-0.0097906636558212,-0.0281010759013005,2180.028828720037,1
3.668631211831151,-0.0109087339749289,8.769441406359382,-0.1128925382289836,-0.1528605282520304,2194.450271442374,1
3.676633619493054,-0.0325130809859556,8.18002155262937,0.0210062167457014,-0.1052333888026971,2232.5527081233195,1
3.684079535118568,-0.010327366078907,8.648824534535844,-0.1192386080127043,-0.0138245020128477,2325.7068781152016,1
3.6563278458024415,-0.0031872871882657,7.953547070957859,-0.0932012076713275,-0.0873720592762419,2350.5453839045717,1
3.64122874249694,0.0050414766194963,7.629151313535626,-0.0808480967597298,-0.0793302253850034,2360.089103452625,1
3.657888197129774,-0.0604450032114957,7.322207050938791,0.0380788948920993,-0.1276600019051631,2379.2753004942288,1
3.6423272351637537,0.0038742391512781,8.173179687992207,-0.0248227434877893,-0.0950262320351442,2304.6632486979165,1
3.635265342650876,-0.0125059218656604,7.637992489722453,-0.0258457066431188,-0.0580895528677992,2401.573541456652,1
3.664044176805832,-0.0423870706483497,7.723632128862516,-0.0343376746581416,-0.1753193789485549,2381.4262450296837,1
3.7046125858060783,0.0366669743452029,8.131640806847557,-0.0628875574851464,-0.1268741242240403,2376.478845521111,1
3.65738336501583,0.0547050510843574,7.924287816529681,-0.0993746981745792,-0.078086467439769,2275.237519951279,1
3.686180820601815,0.0414095681701487,9.191093205551065,-0.1201027887322601,-0.1496730504497406,2298.3968002702163,1
3.6640532050936017,0.0632864997111328,8.38970409926548,-0.1453159388194772,-0.1087684344540372,2334.286815356184,1
3.615696958316271,-0.1156479154703434,7.893376094038807,-0.0301213900768964,-0.0540478475471978,2477.8623204385103,1
3.636059167137282,-0.1208724591306894,8.965044534334575,-0.0936695190153251,-0.0966412515035686,2484.84091831877,1
3.6587502973481305,-0.144879852625207,8.309521206818115,-0.0036678605956605,0.0307033536254811,2475.384093581992,1
3.6500894023526103,-0.0489739624242581,8.156463253882645,-0.076418646160634,-0.0685262567093317,2442.245455834176,1
3.672656436974856,-0.0104655868617519,8.032810723909732,-0.1520613530203427,-0.0750833837629241,2413.7055375294008,1
3.722695425847097,-0.0513872501830946,7.863755038134952,-0.0913948284522133,-0.0641688546666516,2454.1576929673524,1
3.6932031211032657,-0.0913196926315595,8.288086511755463,-0.0774608391427241,-0.0441279041991454,2543.4730946530544,1
3.727234088391816,0.025834498412937,8.554778601533688,-0.1247214216698889,-0.1421352322597267,2469.9569437443997,1
3.6792682601559545,-0.0598921246265858,7.5278226654162115,-0.0398246626366311,-0.0488234403406308,2472.7167137446804,1
3.674794289373583,-0.0211622467444789,7.986666135890509,-0.0701121536073506,-0.0828395058871593,2538.122576969926,1
3.627073825473854,-0.0223297354494851,7.880295852606442,-0.0693387926879962,-0.125884523154587,2547.9181673877124,1
3.601429000977547,-0.0648731125992685,7.726020211387278,-0.1001358218357555,-0.0993334510260157,2702.750319395441,1
3.5645570755004883,-0.1005125567317009,7.433689117431641,0.0135951116681098,0.0595028474926948,2723.342529296875,1
4.034965515136719,-0.1481063812971115,18.74721336364746,0.1501767635345459,1.395146727561951,545.5839233398438,3
4.072750080237954,-0.3499199047179545,10.234560995586849,0.4551595533613936,3.02542069806891,-167.88420875678628,3
3.8294299408540886,-1.543329490241358,9.919962711657508,1.8133934214963752,3.3176331350358867,-25.86085478895801,3
3.696269697253987,-2.262484888303078,8.631645209102308,2.4968354556520107,2.725868945202585,-43.59709502397958,3
3.708425258377851,-2.226129089775732,8.325954734672933,2.3300975209575587,2.499728029057131,-55.449267222517626,3
3.7037689281722246,-2.185796963966499,8.289432525634766,2.255360409364862,2.4978251659264,-27.92206746440825,3
3.7058028625229658,-2.169743472438748,8.48915521654032,2.2456263065338136,2.5208985506478,-35.81248701709812,3
3.7005196935039457,-2.129656664799836,8.779986339504436,2.197150665218547,2.5276203543452893,7.988465338238211,3
3.728541508367506,-2.058190961611473,8.881773977764583,2.138413443807828,2.57699290130098,2.250230436809993,3
3.716178119788736,-2.0768081018480204,8.562247066174523,2.1521935155836203,2.597937211343797,5.557955085625066,3
3.680277355646683,-2.1150957810676703,8.807162850590075,2.1350681337259583,2.593543537592484,28.25454931744077,3
3.6575141518802967,-2.1244927673016565,8.941106356604624,2.143695596921242,2.561997437881211,63.23119959427133,3
3.646431794409025,-2.1091223732899813,8.472554649740962,2.14411562741813,2.552841992297415,102.11227334232652,3
3.626145315170288,-2.087358289653972,7.837340093063096,2.1020811485031903,2.547801112320464,155.55508381471796,3
3.606947696006905,-2.136553684331603,8.070414139052568,2.131565180471388,2.520808704020613,149.12220345190013,3
3.589814961966822,-2.1356807522854564,7.886330943996623,2.148373886690301,2.499626038438183,159.96607428081964,3
3.5673562971212096,-2.0920663267879163,8.869998369378559,2.1419422036510403,2.4758961499747585,179.39867243362687,3
3.5567743810556705,-2.075170945313017,8.712510163905257,2.124895006923352,2.452594736066916,217.04869436490333,3
3.5621618529497567,-2.049434589127362,8.77429989960234,2.0934965303388693,2.4899882413573184,197.8246953414659,3
3.572327004448842,-2.01938800003569,8.330029426186771,2.059890787480241,2.4681621931367,239.22874807584083,3
3.541091931068291,-2.0508496922961736,8.188270892127084,2.0647278236130537,2.455932253498142,196.4652922032244,3
3.524719807253045,-2.0828393540139927,7.938241066366939,2.0869273024090265,2.433806859840781,248.8121312028271,3
3.535595494609768,-1.9843121326575843,8.316650222519696,1.99842898077884,2.4112329353720456,203.9049915378376,3
3.5134414341490148,-1.979584765030166,8.215721401925814,1.9633255772671456,2.4214602405742065,254.56756478002515,3
3.499503102545011,-2.014993493839846,8.757490979210806,2.022462502980636,2.4315916182631154,238.76367466813423,3
3.495938200061604,-2.0097665059364447,8.508575924372268,2.032547433497542,2.4634987459344377,193.3968811035156,3
3.4770394179780606,-1.9983567561133435,8.677049526925815,2.0023081039978288,2.460000953835956,183.6099124197232,3
3.4794337870710987,-2.0374767756058,8.765920470932782,2.0097895654581364,2.435066211829751,200.2860520185052,3
3.456966152837721,-2.073066238629616,9.075691914962508,2.0276755785537977,2.4345163385746846,181.97066288317663,3
3.441666951421964,-2.089443368426824,9.241867686126191,2.047842832339012,2.430953057337616,239.17607246010985,3
3.4172464831400724,-2.0956479937343278,9.544643175804008,2.03576530440379,2.400714979333393,277.3289893198821,3
3.437368914232416,-2.07478153099448,9.76799389467401,2.003125070313276,2.402633109335172,273.2508105261851,3
3.4211395376819675,-2.086260696993036,9.983170551364704,2.0528453317739195,2.407256549091662,267.5483285677635,3
3.408962822768648,-2.030225649526564,9.958129662982488,1.9973384998612485,2.398373472084433,266.7281766212593,3
3.401322492502504,-2.0668485770791265,9.542164857508771,2.0675094483262404,2.3818306147041968,330.7862527103748,3
3.39384634211912,-2.0513204639240845,9.287933608232915,2.011636594594535,2.384273820004221,376.8891451560844,3
3.367410966097298,-2.000784180528026,8.944737224255578,1.961477944810512,2.384209023491811,400.73310536530056,3
3.353977133864064,-1.9839518838009589,9.49061256667315,1.9300977460408613,2.374121164063276,372.56759250446896,3
3.322738152035212,-2.078063799163042,9.04960534047272,2.0369343515169827,2.3419517387778077,402.9469891047074,3
3.3047543040776657,-2.089472729472791,9.342984726469396,2.018675436407833,2.327510050595817,365.3051020218154,3
3.320175320415174,-2.0298848394620213,8.99990893218477,1.955789972159822,2.3533646413835427,350.531423277774,3
3.339830548076306,-1.967132830619812,9.185508863804705,1.92093972068722,2.3682870315293134,343.03589436159297,3
3.3343119257587497,-1.9772505525815287,9.293826830589165,1.9575445243867775,2.378400864035396,364.95030238264695,3
3.344718647003174,-1.9426045922909756,9.300207726430084,1.939103875321857,2.373783379085993,358.4718091027211,3
3.3353945206787627,-2.014356561434471,9.32435663514218,2.0079790745751334,2.344280608225677,415.6192257638705,3
3.317275495852454,-2.0189457060927056,9.94158680156126,1.96087038112899,2.3406544701527743,408.39624385510456,3
3.3402361659680384,-1.9816553338099332,10.01941554182667,1.991628178903612,2.3262443251528984,412.43901936159295,3
3.3272196575746698,-2.001851886005725,9.792183336160946,2.0079914020279706,2.3183201321100784,390.498900436143,3
3.3458130876896743,-1.982705454503076,10.151890887244273,2.001031090849537,2.286034853175535,421.6970217947232,3
3.347032849263337,-2.016591356568417,10.335539407245182,2.0771753456632966,2.2801825604196324,383.1512905314818,3
3.3347815618676653,-2.024006524328458,10.370351435774465,2.06566667960862,2.302425445136377,378.3283975892148,3
3.3226374933275125,-2.018039039029913,10.45280135203216,2.0652301036705407,2.301038116519734,388.72896780240336,3
3.3145892248315327,-1.9790292190293133,9.87120955515716,1.949670769400516,2.282748654737311,407.5454266047075,3
3.2934860512361688,-2.0349482734324567,10.067525559764798,2.0433445772882237,2.2490158501317947,503.3963773048528,3
3.3064757767370194,-2.019954858391972,10.089048566656594,2.048274634248119,2.277521796145681,512.2113659874868,3
3.321029327683529,-1.9872520374039475,9.558953980268058,1.9816965086985443,2.29980292562711,449.99231526003047,3
3.3491530652773585,-1.919295608795295,9.157592275587175,1.9002534603668468,2.2916299973504017,414.7409265550512,3
3.327519109693624,-2.0301484803021967,9.419781390691208,1.9932010432421152,2.2828426223690226,519.497453489142,3
3.3246452242641125,-2.0620383779881366,9.827613022367832,1.998323374279475,2.2568720599352305,581.5846516237419,3
3.333896207809448,-2.028551959991455,9.568053817749025,1.9626552581787111,2.260290765762329,588.4677612304688,3
3.326519497370316,-2.078639818450152,10.557968656895522,2.0059624809329795,2.2700233419062728,633.6904017561571,3
3.3226935766511043,-2.019576797646991,10.793592174982622,1.9972256151296324,2.3043566784616245,637.9525558213055,3
3.338058579978296,-2.021535924329596,10.061239733938445,1.9906031358039984,2.3098949262651347,635.33870559951,3
3.320248937606812,-2.054952424259509,10.11615109847764,2.009857631941973,2.3074691303705763,596.8473626605535,3
3.3124168299012267,-2.034324011560214,10.328178690247617,1.9816376532538464,2.276489851838451,584.020878368313,3
3.309530593581119,-2.004956039331728,9.877889277571338,1.9542185654074455,2.2737073696265786,626.832381943525,3
3.318120964502884,-1.9737645743256909,10.62458477990102,1.9824614306627693,2.308846421969139,546.6914830094677,3
3.2973680116362494,-2.0372468956446244,10.681646191871772,2.0382576489852644,2.278059624009213,573.1000453108445,3
3.279481302681616,-2.0097440048799675,10.412184117204047,2.02124854427273,2.2437777745521674,637.5906003790386,3
3.262348953344054,-2.0557263826919816,10.619131780074811,2.001207722243616,2.2518424696841484,624.2147140244306,3
3.253632080757012,-2.033531467793352,10.874326059373756,1.95755286135916,2.2637887768826244,594.2111081915388,3
3.2722273115384377,-2.02736447059502,10.645691415819073,1.97525533942853,2.271348295373432,639.1433078571902,3
3.274193030696805,-2.0524128784567623,10.833705591751356,1.9825917615728863,2.287809592586453,678.9437766899497,3
3.2766216100272487,-2.018939998594381,10.677837093805865,1.926820670952231,2.295968711982339,711.9993542687367,3
3.2784014758417164,-2.0145205683627374,10.64459478733903,1.9490534592483004,2.265525189900802,729.2033883822169,3
3.283730733192573,-2.01235856848248,11.32164402331336,1.9769241526975472,2.3043211759146995,703.9973961781648,3
3.2947347463187526,-1.9573001687809564,11.415239838422355,1.908050881401966,2.3027763851618364,726.1269752631749,3
3.3148537789360955,-1.965882511866294,11.14316722417282,1.9172113374128172,2.278545802326525,791.3974652823755,3
3.302379018977537,-1.979218167773748,10.965362374257232,1.9700587713112263,2.2888781604120285,787.0411527989274,3
3.3046268374232923,-1.9821894964929356,11.03009106264276,1.9353844707295045,2.306900200601352,742.7439662092821,3
3.2991746563022417,-1.9266775846481317,10.960365327738106,1.9180081799878907,2.290861828852508,741.2346594858981,3
3.285770915726484,-1.9524553892976144,10.663975738266766,1.95158627962662,2.26047566058272,783.0738825393935,3
3.2733061426776957,-2.032705398333275,11.105074355561854,1.9899076251660364,2.269221804505688,771.5642174672272,3
3.266910745329776,-2.0211263511140465,11.451419888512566,2.014474641670615,2.239713406158706,806.3953648454055,3
3.257435245837196,-2.060405659271499,11.652394947763216,2.025118154590413,2.227306339296244,803.7999178611625,3
3.2586143420914477,-2.009410906646212,11.634724196741136,2.002852504536257,2.2454916016530184,800.4814442780059,3
3.2786699319289903,-2.028371971744602,11.298991090160303,2.0172494484206376,2.2445551888417388,821.2124315164859,3
3.2915962502107785,-2.021822058952461,11.711409597881776,1.9639977406647249,2.2583232693753006,791.2030250678627,3
3.3038075172295005,-2.0248556824053745,12.2951331607366,1.9628469455040105,2.305422186447402,751.514336640956,3
3.311669449887033,-2.020034501512172,12.131600887492551,1.9509767249479133,2.3266098911479367,792.1030163781118,3
3.287571668624877,-2.04518524671005,12.483581979395984,1.9869066497026864,2.3137291326361185,843.5780267230538,3
3.2921475636757025,-1.9928067118434585,12.302032515962244,1.9571479659969528,2.308672177589546,840.6578818111091,3
3.298192425097449,-2.0156145701974126,12.27667137727899,2.006391823493828,2.292395254717035,853.3747986874338,3
3.29058645862644,-2.050021722761251,12.133016815832107,2.0260763507778363,2.2786623873953094,892.5714769266419,3
3.29505294056262,-2.0345756951024976,12.479542638487732,2.006876686063863,2.2865661596847797,893.5420226016288,3
3.2933906579421737,-2.0351933139865683,12.406468019647113,2.022494994987876,2.278027760780464,903.100748353085,3
3.277696362996505,-2.0344172162524723,12.471859097884874,2.02119654962572,2.26789319717278,907.2965617551642,3
3.287214471526065,-1.9824951002153304,12.372038605253575,1.9543649366346456,2.248440318996624,910.1547102588715,3
3.289930454351134,-2.0037471504534707,12.484510884042516,1.993915474212776,2.2969628633078885,887.2598543846,3
3.269941932063992,-1.9753588203656471,12.50508111533472,1.9735323453353624,2.324365050105725,881.3248499983447,3
3.266842288486028,-1.9591232093714053,12.685367551900573,1.9680383649923032,2.329030081377191,905.2976643190544,3
3.2610315145072293,-1.9683397959854645,12.549839750386898,1.9787906274957172,2.326553164498281,957.8926695742856,3
3.2704368583226606,-1.912842885114379,12.801534384388033,1.886990565364644,2.313945991710081,958.2420182567532,3
3.2731388148614915,-1.9158345404317825,12.503921334218171,1.920764832173364,2.3137261600817665,981.6391179488876,3
3.27312527753539,-1.935787338321492,12.533209622916528,1.988317090373928,2.30120921539048,992.0797175003312,3
3.2667627698284085,-1.9598736419516087,12.45485729282185,1.96285842232785,2.2791773909229347,976.3368592343091,3
3.260910850460246,-1.9485691894919184,12.683909603700798,1.9177938534041583,2.274823388406786,1033.725885113215,3
3.2594447782484157,-1.9292416132102577,12.77464165121822,1.9174802901381152,2.281906236228296,1043.6334005064882,3
3.2680628380532992,-1.904148517624807,13.368311439126224,1.9174886707532204,2.3117322323685983,996.6726976297676,3
3.279276025093208,-1.9076105501692175,13.231183947547008,1.9111991934857129,2.2941942360441563,1050.039949682203,3
3.2778212337170616,-1.9318111407554757,12.736600552575064,1.91715188147658,2.2782013052600925,1075.272092657574,3
3.271727178056361,-1.957019163794437,12.7378008438369,1.9305218987545725,2.293674250780526,1090.7731896351956,3
3.272646773871729,-1.9340467885389163,13.147864965665145,1.8921328702215416,2.317761172278453,1045.6521695411805,3
3.2975711442656435,-1.910513094320136,12.837646791490457,1.880267911442256,2.32705779964641,1053.9872666181147,3
3.291728310665842,-1.927234155444776,12.887736388384283,1.903966408260798,2.3263537560479115,1041.8245340638243,3
3.3062551466085144,-1.9019583504078756,12.545144873150331,1.8668392654192651,2.335363177929894,1094.663212145789,3
3.2990604570356465,-1.914304514254554,12.794073347317973,1.8905537649736568,2.284764647887925,1081.6608340505825,3
3.2887161974179544,-1.9493894290115876,12.687986118510617,1.9168231960070332,2.30607801938461,1096.6657247252383,3
3.279947376251221,-1.9472806930541997,12.294645500183108,1.941453790664673,2.3017151832580565,1110.937353515625,3
3.277778606899714,-1.951893934961092,12.434211233106709,1.9264053962998464,2.33187010005369,1121.3968269994712,3
3.271486936989477,-1.9319764739376,12.554306208077122,1.9312946473137804,2.3277595851380943,1091.4363455045027,3
3.272045237331067,-1.8854194293587891,12.431268611196744,1.9044176416882013,2.311258586786561,1129.782568773173,3
3.2513227899195782,-1.887359830484552,12.861348662942143,1.927980218903493,2.26050654912399,1176.7773723020396,3
3.2617920503777973,-1.927238817134146,12.728452288094218,1.9327639260534517,2.280434462175531,1148.5185170319123,3
3.2638005216242902,-1.9335509934667812,12.513287521620928,1.912102229716414,2.2988620353957354,1154.088223318326,3
3.246872566514096,-1.9603591813879495,12.564391863548147,1.9470020977117248,2.305280491457147,1156.8722813493114,3
3.253657821881569,-1.9118193242509487,13.076499027316853,1.8957424325458083,2.2901081869157696,1126.370458984375,3
3.247101260039766,-1.954627305370266,13.02728389804646,1.935305525892872,2.300949160527374,1123.2854852191474,3
3.231020195201292,-1.9448719081232104,12.965371180388887,1.9420841948460723,2.30814787331274,1140.680123228946,3
3.2560410135883395,-1.880367508581128,12.342124693272478,1.88393707032931,2.289046541310973,1170.2830810546873,3
3.25421566882376,-1.8769372115700933,12.478243908639689,1.8815427755905407,2.2831955845073115,1177.574032541049,3
3.259998879190219,-1.8950197401693312,11.965553532616568,1.9095090934785743,2.30695937851728,1182.3229343220337,3
3.2786942587060444,-1.8880712359638532,12.470179295943955,1.9292849249758963,2.3261071043499446,1180.7962857521186,3
3.274710595405708,-1.8639614149675527,12.655924822920456,1.9234579324722287,2.311227265050856,1177.8848496259272,3
3.2824393369383733,-1.8851793980194351,12.680556746660647,1.937465733188694,2.278382841207213,1254.9242721298997,3
3.295027765177064,-1.8690038353709848,12.685953124094818,1.898022888070446,2.3190139026965126,1187.4152128575213,3
3.290380515890606,-1.8944893792524176,12.841279498601365,1.9398497334981373,2.3249583818144712,1174.856506968353,3
3.2722720978623734,-1.9116235656253364,12.879251076003252,1.9732725010079852,2.294029961602163,1170.3443115234372,3
3.2618491285938327,-1.8835086600255155,12.938537284075204,1.933410466727564,2.293616423364413,1214.4223574880823,3
3.2407350499751204,-1.9399182950036,12.571817721350715,1.9955140715938504,2.260871478258553,1247.274638340837,3
3.230421143063044,-2.0004626350887755,12.41928186254987,2.0220893237550386,2.238333746538324,1265.493004750397,3
3.229761815475205,-1.991429392766144,12.744809153928594,2.024615779165494,2.2675786083027467,1219.9007171113617,3
3.248148593256029,-1.9611656572859169,13.153368956355726,2.0236812858258264,2.2860004958459887,1229.8000235864672,3
3.2390494411274537,-1.9758724503597973,12.745307169122208,1.992036364038112,2.2376653331821243,1230.454617154396,3
3.2102711515911557,-2.043197397458352,12.966859914488706,2.0415397215697726,2.2614550566269176,1262.5619554422678,3
3.2017226219177246,-2.048834699695393,12.93492250927424,2.0174822686082226,2.261501288009902,1238.2709278171346,3
3.2056600578760697,-2.024103277820652,12.84545753931595,2.0268104335009043,2.2395420098708847,1217.7108667405985,3
3.2053736848346257,-2.0188501325704284,12.684927235619496,2.034425644955393,2.233255520513502,1225.7462480965312,3
3.211233859143015,-2.0016540737475377,12.768608157917605,2.012579431372174,2.246382263151266,1247.563863877118,3
3.202653582621429,-1.991487293728326,12.882075759111844,2.0075729717642563,2.2207055819236627,1338.103542108049,3
3.223495616751202,-1.94917997061196,12.880655482663942,1.9528810109122323,2.221317541801324,1290.9350172139832,3
3.250017494266316,-1.921233473793935,13.228353969121375,1.9282446562233615,2.2269122050980394,1272.024649513374,3
3.2511490175279514,-1.9504583504240405,12.990976663363185,1.9469524213823224,2.220746348267894,1253.025900009931,3
3.2326032541565977,-2.003929759688297,13.69999695794057,2.021359904337737,2.224539970139326,1224.9479678396451,3
3.228806308164435,-1.995849999734912,13.229075473850065,1.9929336523605607,2.18481667405468,1263.8597664525944,3
3.2195085145659363,-1.9897598694946816,13.245283708734034,1.9886697106442224,2.167527667546677,1274.2725292141156,3
3.2083125938803465,-2.015847900358297,12.93965097524352,2.012202262878418,2.188215970993042,1297.7741442664194,3
3.197417123438948,-1.9897305084487136,13.147230542716333,2.018142007569135,2.185292989116604,1316.8937280687232,3
3.189175703565953,-2.0064881712703384,13.338585860042247,2.023092616614649,2.196219808772459,1304.9040912175587,3
3.170157334764125,-2.0372757240877317,13.176293217933784,2.016725441560907,2.188457487397274,1305.3111812268276,3
3.165956283019761,-2.0432506617853208,13.080636056803051,1.9984465817273689,2.1869992199590658,1309.575431177171,3
3.165703886646335,-2.044401323997368,13.543130806745111,2.002678181761402,2.186518054089304,1297.1442639367056,3
3.1732803740743862,-1.9843243922217424,13.490320063445528,1.9732256396342136,2.171944541446234,1373.747770871954,3
3.168514439211053,-2.023240747290143,13.45843319327144,1.9867805088980728,2.141968693975675,1381.980308610301,3
3.163538251488896,-2.005668479305202,13.726772499084474,1.981670354180417,2.12581341872781,1422.5573713916842,3
3.166654732267735,-1.971968291169507,13.621622214883066,1.9584467734320696,2.141600544169798,1411.7049850205242,3
3.165092967728437,-2.0240048578230003,13.810305352938384,2.0288092936499647,2.1317064867181297,1415.086095156912,3
3.120025022959305,-2.059015916565717,14.094882108397403,2.0431878162642656,2.1181512089098917,1490.606574417373,3
3.1042571504237286,-2.0325310028205488,14.002173507819744,2.021027293851821,2.103510253712282,1491.435731014963,3
3.1116625236252604,-1.9885565919391173,13.712314369718904,1.9701966677681877,2.0812317726975773,1516.6078989837135,3
3.113006199820567,-1.955191638510106,13.824987346843136,1.9720219313088112,2.0816409668679965,1556.667645987818,3
3.122030586307331,-1.9776435080221144,13.909559812384131,1.980754761776681,2.100354747448937,1538.2139143604347,3
3.1413587149927173,-1.954352509369284,13.681829300573312,1.9823711047738284,2.124204138577995,1484.0562235169486,3
3.138805182505462,-1.9530458951400504,13.86129847704354,1.957442922915443,2.113027436046277,1551.077390922934,3
3.131268550581851,-1.9732184830358477,13.272135679600604,1.977533633830184,2.0877179186222907,1576.2069617319933,3
3.1236921609458275,-1.98657330820116,12.96877528045137,1.9778819003347627,2.1092795881174378,1542.7871859275688,3
3.1112279382802672,-1.989376741344646,13.046578549530544,2.0021256535740224,2.0735907352576826,1559.5210738877115,3
3.116982412338257,-1.998597049713136,13.426368904113769,2.014394617080689,2.064421367645263,1527.6373779296878,3
3.0988980050814354,-2.0208408064761403,13.181519162452828,1.998279763884464,2.050606598288326,1557.6530443094543,3
3.0920494023015945,-1.969915901604345,13.54458121930138,1.995769362530465,2.037945473396172,1578.8693106958422,3
3.092281612299257,-2.021814423092342,13.55135954840708,2.030991614875147,2.031033229019682,1531.909994868908,3
3.083956210087921,-2.0154606285741776,13.383726498232049,2.0210306418144097,2.04180726924185,1547.263635460805,3
3.0768722663491457,-2.0188128212750973,13.991419061563777,1.9741732629679007,2.0525843741530085,1549.804296047404,3
3.0918165271565066,-2.006962798005444,13.718544859805345,1.96975594415503,2.0113343861143465,1638.4701564982795,3
3.093665874610513,-2.0283072786816096,14.309996575824282,1.9942606214749612,2.023075822248297,1614.2946735963983,3
3.097915479692362,-1.9871860884003725,14.319119421102226,1.9372275845479152,2.0223393399836653,1609.5537957660224,3
3.115645130610062,-1.9814629013255485,14.067507983062224,1.949210311194597,2.0246302281395865,1533.041871358581,3
3.092165266457251,-1.936132042690859,13.856613000772764,1.9148911516545184,2.011034698809608,1614.4524418200472,3
3.081066257670774,-1.9676383576150671,13.775956418958758,1.9622913611137272,2.006228124893317,1656.6660007282844,3
3.0712659827733444,-1.992556200593205,13.683852544881528,1.9721642320438968,1.9999947604486497,1695.4390447067003,3
3.051133462938212,-2.0255359552674377,13.534923537302824,1.9874361086699923,2.0135541487548307,1714.5065773139572,3
3.0367064063831912,-1.975061486535152,13.691369790545966,1.9494070125838447,1.9961698653334272,1678.1670981197033,3
3.0280414815676413,-2.016243069050676,13.958163038350769,2.0109058861005105,1.991964501445576,1725.1161430746822,3
3.0160956301931607,-1.993331533367352,13.75895912364378,1.970546450857389,1.9767430766154144,1728.2613078489146,3
2.995871087252083,-2.0194936210826286,13.38712838706324,1.996875378236932,1.9616428132784571,1784.1702616028856,3
2.972782054189908,-1.97761266716456,13.703998387870142,1.967187146009025,1.980047522965124,1694.168587377516,3
2.9654874688487944,-2.0498415744910803,13.668765940908662,2.02455702393742,1.9493053949485395,1735.397213072695,3
2.9498832153061687,-2.0293523893517964,13.692419475620078,1.9875758914624229,1.9246993400282773,1777.8345107256357,3
2.930480290267427,-2.0672742932529773,14.199839249303782,2.02110771284265,1.9172824132240425,1745.9695300086073,3
2.930267365504119,-2.0077944117077307,14.31628944590939,1.987353004035301,1.9023453057822528,1751.6635075973256,3
2.904097706584607,-2.0576252048298467,13.942582211251988,2.0177421771873862,1.9028911590576167,1775.990602654926,3
2.89331607576144,-2.0086565906718628,14.153794469671732,1.969568892252648,1.8255853442822476,1783.6792890128445,3
2.8993105225643867,-2.0232703491792847,14.174944476758016,1.97584008241104,1.8172227443274804,1800.5386168399104,3
2.887939698817366,-2.07642557742232,14.297510137396344,2.067346877566839,1.8344215716345835,1840.7604914261124,3
2.8509908837787177,-2.0523155576091705,14.517006305112668,2.054075015601465,1.834760169255532,1829.468303926111,3
2.830141419071262,-2.051060563426906,14.550100003258663,2.046931190005804,1.8312861373869032,1846.7224762480143,3
2.8145616539454057,-2.024136396181785,15.22893507036112,2.0159210455619685,1.8157526105137196,1872.7744359937765,3
2.788022413900343,-2.0340511402841357,15.5610962754589,2.013606572959384,1.814994370735299,1876.9439589678225,3
2.773816611403126,-2.0191711951110323,15.520114009663214,1.9608933970079587,1.7854413036572732,1897.855829995365,3
2.7790432833008847,-2.0161804853859597,15.430641248670677,2.0078308970241223,1.7499384180974151,1916.0417525986493,3
2.7635578058533747,-1.9972960140745528,15.306209305585442,2.0197707838931325,1.7450820571285184,1954.5162146616783,3
2.7282773187605,-2.054696330377612,15.814078389183951,2.07055742296122,1.756182567952043,1947.669328075344,3
2.683288583917133,-2.0211312237432453,16.199039123017908,2.053824090149444,1.7168910487223483,1893.7871780654125,3
2.628293287956108,-1.9782615447448475,16.50328501038633,2.005041325294365,1.6543936858742914,1928.752488579184,3
2.618015501054667,-1.96303883124206,16.366556329242254,1.982379928281752,1.681362445071592,1977.8270900920288,3
2.596965143236064,-1.9972896010188732,16.221886263055318,1.9845830020257975,1.6459511558888331,2020.1443098682464,3
2.5484539912918867,-1.9724050214735125,15.817361324116336,1.9745104858430769,1.6491263846219593,1968.2887608414983,3
2.5199307126513983,-2.006500072398428,16.33462993815794,2.032110295053256,1.626693774077852,1913.6065777277545,3
2.525709636332625,-1.983260459010884,16.763941270214012,2.017698489205312,1.601697909225852,1933.0659763142216,3
2.5120757401999776,-1.9375017356064357,16.629326752484864,1.9866727962332256,1.59397725452811,1955.5616815082103,3
2.4924300323098394,-1.9071360543622808,17.247423883211813,1.9565924446461564,1.530660956592883,1961.341511354608,3
2.4562754000647598,-1.986004898911814,17.06467573521502,2.016721109616553,1.5457181401171922,1955.5746342028608,3
2.43728986917916,-1.9215416564779768,17.705922556731664,2.009165037688563,1.5218634326579203,1956.5685919292905,3
2.422619873790418,-1.9802460355273743,17.916993952605683,2.0420196605941,1.5433324619875113,1905.120566571769,3
2.4104189759593906,-2.0296471830141734,18.2799763889636,2.083192636198915,1.507464576979815,1951.3997082726428,3
2.388402534743487,-2.079149743257943,18.265420687400688,2.1212661064277256,1.507732629776001,1946.4950613248143,3
2.384363779779208,-2.1223613165192683,17.67445406509659,2.1191142340837894,1.4827168266651998,1972.4076440843487,3
2.3639945515131533,-2.1191275103617526,17.34418011681509,2.1159447104243907,1.449049760123431,2034.6769022278852,3
2.3213978945198703,-2.0114412663346624,18.35593623791711,2.0452133227202847,1.424308681488037,2084.189072844942,3
2.293905567718765,-1.9464999574725923,18.6596347744182,1.9794556011587896,1.3454435805142946,2084.0588420286017,3
2.469633352958557,-1.4684402518353064,18.76833566568666,1.5169040914309084,0.9713015010801272,2086.15746242717,3
3.204159950805922,-0.127126186429444,19.29639641066729,0.2067414546416978,-0.3005826517687004,1865.030109573623,3
3.421942112001322,0.163461609765634,18.89208191693842,-0.1184814584709828,-0.4759858062711841,1906.375216829978,3
3.487176659147619,0.1420874322369941,19.00622304496118,-0.0797491673948398,-0.2814706604359501,2049.513472838322,3
3.501527251227427,0.1231705476419402,18.966474843429303,-0.0669728507682433,-0.0843177118796417,2145.18111675715,3
3.5334536342297573,0.0356960785338418,19.06884274240268,-0.0709274164953475,-0.0886245770222063,2068.6823316671084,3
3.5413941860198976,0.111346121132374,18.545382308959955,-0.0531806901097295,-0.017503851652145,1993.870410156249,3
3.5853654732138422,0.1285625759827887,18.863418637291858,-0.092027048160464,-0.0022909134373836,2058.154018802966,3
3.572542062048184,-0.0093020641450136,18.491903608936365,-0.0460260639125022,0.0807928010316201,2095.2184984110163,3
3.6022628210358705,0.005938791799343,17.70689372046519,-0.0801257758069846,-0.0038816126979006,1998.240824450476,3
3.5679980577048607,-0.0606937243019115,18.395421561548275,-0.0315603669101394,0.0958100955112513,2123.6142247086864,3
3.605832558163141,0.0164077665593687,16.941589187363455,0.0133318710440816,0.0715673476710157,2102.387063857259,3
3.5998126652281166,-0.0015667227396771,18.42901151624776,0.0513316151322954,0.0280016098297753,2197.108769200212,3
3.6348316944251615,0.0462639574024634,18.239778654454103,0.0256674752333914,-0.0346514302479501,2146.220335672669,3
3.604204545586797,0.0136163491124317,18.225176426515727,0.0329615235076095,-0.0329982764008687,2220.248418465308,3
3.618776099156525,0.0151206788733221,17.572080094935533,0.0109079485538146,0.0312887877225875,2211.140078787076,3
3.609305155479301,0.0022240687587883,16.995112946073867,0.0394892390880537,0.0276533004906712,2175.547777906516,3
3.6221852221731408,0.082496583296019,17.06295365155752,0.0312636405482125,0.0252900436520569,2178.512431309588,3
3.6129911301499695,0.0703745259824443,16.66291092694816,0.0420950256919459,0.0007069275856525,2157.983997616526,3
3.637703962649329,0.0836074594471438,15.813628927327802,-0.0181455340552142,0.0403408743314818,2049.300072000793,3
3.602741649595358,0.0091108804000372,16.297725936113782,0.0602485526163702,0.0287063601979274,2153.9719817598,3
3.6523011611679848,-0.0815174224265554,16.154154955330547,0.0646094250350688,0.0603781494043657,2248.2300764698102,3
3.678846075575231,-0.0511588088789224,16.81085256802835,-0.057912741342593,-0.0290254872418585,2268.5489042637696,3
3.698363371218665,-0.0734288316914587,16.55222695560778,0.06392899872893,0.0277420661522679,2284.269245729609,3
3.6722512891737087,0.0123284832653345,15.859479765164648,-0.0394738042000978,-0.0328169946195696,2295.2895334017494,3
3.6974860934887896,-0.0115784948407589,15.509059210955073,0.0072811007247111,0.0578033735944048,2337.9135824947025,3
3.6640465291879942,0.0238005569173117,14.636846067137638,-0.0139084586336956,0.0180734641786854,2381.0518521583685,3
3.668657959113687,0.005441105604108,15.62220562433792,-0.0571527030760965,0.0287046294406814,2361.739635195974,3
3.667126951379291,-0.041336656046117,15.27854843462927,0.0640597439734124,0.0379475957319394,2372.553279760328,3
3.703229036169537,-0.0085661693176222,15.390230644355384,0.0124137545746387,-0.0572203177769304,2430.698790055614,3
3.659997358160504,0.0137223453592448,14.78165143223132,0.0076511141023265,-0.0167727751057524,2519.0881140757406,3
3.698490573592105,0.0336181907077958,14.468836516040856,0.0170491561356752,0.006923931262503,2490.164021120233,3
3.678514672133882,-0.0226353233395997,14.639653771610574,0.0123498728467253,0.0385009882119243,2401.9695668366003,3
3.6506019309415656,0.0912879010125741,13.781121008274932,0.0435274529128759,0.0085964717854873,2368.427427337129,3
3.6362058930477854,-0.0289464696231525,14.63769767243982,0.0062784553900102,-0.0159480818941937,2465.7105592889284,3
3.7165653180267855,0.1181960981023512,12.40326975159726,-0.0628808273981179,0.0706070675435723,2216.2430771649874,3
3.712984210353787,0.0403752392631439,12.605583304065776,-0.1035867592288279,-0.0609695132190409,2337.155956203653,3
3.693194280236454,0.0213287583599655,13.08862453072758,-0.0912186000306725,0.0295128791766656,2301.5807476496298,3
3.7167945950718257,0.0198873551972852,13.457432336322318,0.0523516680098189,-0.01919346767462,2342.2099915585272,3
3.683197605003745,0.0515582819863918,12.891317765187384,0.0781505265857212,0.0203629549592731,2463.801367187502,3
3.698091506958008,-0.0378102176917432,14.057709936368262,-0.0098695697547016,0.0607219705894841,2436.3062888969807,3
3.7254404577158255,0.0707342992142099,13.142461333840584,-0.0021224382870148,-0.0094323227655572,2386.050697662871,3
3.7264490685220486,-0.0284590470841368,13.080902568364552,0.0035154156071145,0.0122065450491024,2441.6722424523296,3
3.678292232448772,0.0275679589296548,13.323752358000156,0.0237591730651711,-0.0098411222888254,2296.987945246293,3
3.695466545880851,-0.0460677385582753,13.60793343883449,0.0531923580283317,0.016175874947742,2395.720912506619,3
3.7002645225848174,-0.0294857748736762,13.33810964681334,0.038188309677071,0.043325692288955,2476.7842458951263,3
3.7388877690848656,0.0146310252816242,13.24471353110621,-0.0071320154593661,-0.0061996521270381,2490.9632655256883,3
3.710999934956178,-0.0005774704329043,12.169778413287643,-0.0094835181041807,0.0480247273030928,2542.5835424390903,3
3.724483031741644,0.0505516722798351,12.619099713988223,-0.0193737160651236,-0.0247398179150738,2547.8891791909423,3
3.7939988548472776,0.0493180230259902,12.168296649092325,-0.0349878738618508,-0.0255235536876383,2502.86755329714,3
3.7705626932241136,0.0098343413733564,12.72025484957935,0.0789646004342416,-0.0123560150485418,2539.032251390357,3
3.748386846962622,-0.0922223830879745,11.98766018819001,0.0922395707060726,0.0704559337600309,2505.6631504899365,3
3.700988657191648,-0.0411145068468291,12.81710502171919,-0.0128967908163685,0.014220930534905,2493.0123874470337,3
3.704311097678492,-0.0889265238481049,13.401707044698414,0.0295380641722063,0.0046789827298802,2491.886947166312,3
3.680466411881528,0.008754971446627,11.672172775915117,-0.0686969883045401,-0.0161957549089093,2526.123775986493,3
3.692745814889165,0.0029997712837816,12.35993146088162,0.0500380196085703,-0.0302081498301649,2511.576854641153,3
3.707748257911812,0.0360407146104313,11.715329238115745,0.0153312593509077,0.010308862717474,2554.719119935115,3
3.7365692938788464,-0.0431592743528087,12.377512702295329,0.0870706349863854,0.0565582507495155,2549.638040419756,3
3.7363803944345246,-0.0434581639655552,12.717188169188397,-0.0019382803243085,-0.0978635081484701,2576.6604674258465,3
3.7018054711616646,-0.0362129345031105,11.728142505581095,0.0262997712182289,-0.0215673432764354,2534.6695643538123,3
3.700151714227968,-0.00909231345848,12.659379684318946,-0.0464724125182722,-0.0403114199890933,2659.90392031912,3
3.7622924780441536,0.0552905324909637,11.464678127482776,-0.1118616999458435,-0.0914591977404303,2658.4302957825766,3
3.7268955125647074,0.0784302804177093,10.683608381626968,-0.0134997671627896,-0.0223726398548335,2618.935270458156,3
3.735722456140033,0.0505386053253024,10.909861697180784,-0.0450133700176307,-0.0398014726085678,2549.799102886652,3
3.743989949307199,0.0427326044541271,11.007229733871212,0.0287811169495537,0.0103075487444477,2535.272206865731,3
3.738330841064453,0.0217184498906135,12.184578895568848,0.0047134235501289,-0.0106195136904716,2633.613037109375,3
4.102734565734863,0.0184239819645881,19.39318084716797,0.0136736687272787,1.1904007196426392,439.4062805175781,11
4.145964187210526,-0.3638282465242251,13.547436615243493,0.2605595185548933,3.0671719752901323,-166.06801592561715,11
3.850452488388758,-1.6005213982831392,10.339104228989218,1.6590073410406152,3.2833177143112757,-1.2564009803954002,11
3.745039527346979,-1.987005429643813,6.94618627144588,2.086046370233243,2.869976678824524,-43.155121830983774,11
3.708400571989321,-2.120620531659898,6.880747118431503,2.134408537282983,2.6781904034594777,34.299411848867585,11
3.710140437011402,-2.144250333556496,6.464826014032008,2.1208800507778944,2.586863584043574,96.19272689502765,11
3.720068805939924,-2.0309167066550358,6.548964781385239,2.020257280080645,2.5827134308478645,-24.84680958506484,11
3.693310858303086,-2.078152075842703,6.795777119046919,2.0905907114511706,2.579818908604349,11.827864809155043,11
3.673383246813572,-2.02455578008628,6.343235411584625,2.0237029439680803,2.585339406713905,60.34858029314096,11
3.6906357632633062,-2.006137082190929,6.233816328879708,1.9853977266683616,2.644494155630531,-13.07253538028828,11
3.6819964226845383,-2.014569624825632,5.829742075496689,2.004259622937911,2.601334714295953,79.17013274386714,11
3.68235011714128,-2.045915773795353,6.425089681791567,1.980767378173923,2.601040672959134,90.11844179145524,11
3.665980309371632,-1.96254995848628,6.451171867085691,1.9818160568530132,2.627400925545277,69.81196831667566,11
3.639651571566633,-1.9601179361343384,7.037146540598256,1.9559678511995495,2.5994325129322986,86.32208039849633,11
3.629746092800283,-1.930661555642409,6.703581109581151,1.9453456134717,2.6127607169487663,79.00315828442083,11
3.62959055880788,-1.9614211474216825,7.406722167715492,2.02366473516488,2.5730516475265945,117.15333620443384,11
3.610107292278179,-2.0221166917397277,7.552995206904114,2.0417039107484936,2.5708030170424845,97.65499444225514,11
3.644104775551444,-1.9460569803150856,7.939933476111699,2.0288922420675823,2.583397119371723,167.98108666764236,11
3.5996730555142604,-1.976095146163371,7.2419116467361135,2.0088253347705507,2.607719979345551,77.03838696618298,11
3.6001093961391213,-2.0107210216680502,8.195228402545343,2.019828173629476,2.518003871332066,101.29517158729922,11
3.591920541035189,-1.98610779556496,8.124935981149001,2.001039761725303,2.567960826193149,148.7195332634005,11
3.590046304884788,-2.0084618503127354,7.790401901941576,1.991693332482176,2.542440512368293,147.38506206338332,11
3.5673753918453865,-2.066925928305788,7.863350563524174,2.0704632923316164,2.5504818853006324,127.23700483013494,11
3.554999029982634,-2.0635739233483914,7.702296878292353,2.1002272906639763,2.499826256170312,166.7071620577104,11
3.5362545889937533,-2.0181993310382254,7.289716047864729,2.021861433488205,2.477359228609014,158.7714630696785,11
3.543719202651028,-1.956544346334529,7.991411525678832,2.014517826658067,2.488241557758379,209.18483838599747,11
3.544765221132777,-2.032481727758384,8.2077061111007,2.0310245697923714,2.506659026957152,223.36104257670672,11
3.5259655867374784,-2.011978122703267,8.196219487803607,1.997773076488764,2.463400337211324,253.5532075874044,11
3.5010869473342576,-2.096819165336641,7.857913535660233,2.08999871910855,2.4051883388851687,266.0413535976806,11
3.4855639469574102,-2.09884430758686,8.2832283083334,2.1118230869166585,2.4395995001575264,247.72144985594684,11
3.47408059523808,-2.060214626343913,8.298462341435222,2.0587202315508577,2.438296384336543,299.56559443177025,11
3.480529533876917,-2.050858511469671,8.20117633075635,2.0481708504846976,2.433930422755198,264.8204301382989,11
3.496198754092964,-2.0640282413276894,8.288846011973021,2.0827181922944256,2.445893881231917,290.16509490586907,11
3.490402194968892,-2.0598004299575363,7.706321668822736,2.0812502629529392,2.4481647469690726,280.20363620109094,11
3.466280971819929,-1.992669498277403,9.339390972343224,2.000414229032904,2.4415982175170137,228.70186542178604,11
3.474492340167034,-1.9737089654716715,9.479605781586836,1.957824486419868,2.456713901021174,233.1547163967272,11
3.462778541557027,-2.0229035719796333,8.966774485417915,2.031179506254394,2.4187873517823912,242.02679481348065,11
3.4411381517703106,-2.078739659914832,9.127190293118172,2.0895615168132227,2.399101123770243,272.68784962254443,11
3.458915286044362,-1.9933540855700544,8.91029533607831,2.033807837616853,2.4051967913679064,242.38753639316164,11
3.4751456980883333,-1.9979968931665064,8.941319073878878,1.979119901340532,2.4099778911384804,278.41972648652217,11
3.4564273575034874,-2.010939032210354,9.528651083158753,1.9931589706310096,2.441818131450796,295.250723937735,11
3.4308045197324635,-2.036220417972422,9.952903201471226,2.010607690732014,2.4334473520888333,352.61508963810456,11
3.4386757320388224,-1.972236874192582,10.734018056719131,1.9845453733230527,2.4313674141262576,337.5909992392133,11
3.425181643102179,-1.968235691058685,10.621997643308516,1.964245042365616,2.470673217813009,373.6409335947632,11
3.4367974012224507,-1.912439526364022,10.236791112116263,1.8701960179815649,2.4558372695416333,426.7020898082936,11
3.4351616667514024,-1.9505478311871096,10.359429023077874,1.929121234110282,2.459815185594361,433.6771099676236,11
3.418440487374903,-1.9503674828659945,10.246794918266074,1.9475259805616008,2.42422589325806,398.9933921212477,11
3.400177636087188,-1.9741357569872595,10.03217410645544,1.9442475900610452,2.4425698543485272,440.2636588322176,11
3.399232018538036,-2.004554645649131,9.99076072407956,1.9853294845438605,2.4082505861258605,471.76924013003264,11
3.3928504188031083,-1.9897474668827293,10.436615884551369,1.9680474907530787,2.4376226836715,467.57719060494185,11
3.4245965678662187,-1.9124158937406737,10.918716691836282,1.9593960130857728,2.466219956449453,476.7844062267003,11
3.420272788566178,-1.9472154616320283,10.65446390650579,1.961052722950694,2.457199111519018,508.3985841363298,11
3.416942005830187,-1.9670043946301792,9.892531493887368,2.003355148916917,2.4551656879330075,551.8399230197259,11
3.4135208149668586,-1.9989554862263788,10.153270444434703,2.0393585406893022,2.460683651484889,541.1146323809487,11
3.4121041990414693,-2.018245009465831,10.239799024653138,2.082633712974326,2.455307312526149,528.9545207043407,11
3.4044827425628283,-1.9717732712440963,10.636062875328223,2.047602396288353,2.4382131238201348,535.3628023392927,11
3.388856862095877,-1.96230667656388,10.595480669583525,2.035862036265773,2.398494857970115,554.360744365518,11
3.4033079849733854,-1.9994718474471225,10.241803545180195,2.0419133421791043,2.377707973060766,587.0538484565453,11
3.385252129487477,-2.024884198216482,10.021327845783157,2.0471684912922967,2.3594564540752234,621.7708894721701,11
3.3920238136750536,-1.9992233757161504,10.526462388731137,2.0743606763261977,2.385465473554936,664.3251636552612,11
3.389793146695339,-1.9801528127361632,10.845592008092096,2.0269265491438118,2.3938239244009942,658.7162546498153,11
3.377134501192085,-2.019106098230449,11.180637525819648,2.061875487758906,2.389698632030566,645.8620324352471,11
3.374282991243101,-2.054293361442218,11.043383610199104,2.0627254044861223,2.3757872858482774,665.8266092514101,11
3.3737727626230707,-2.023750817627333,11.250384132891767,2.042193114015572,2.381938650400312,658.715415859618,11
3.358790788413083,-2.067748499114484,10.709830137703923,2.04440854001342,2.3517637796916406,723.0370493528754,11
3.358319686161532,-2.0123628432325305,11.353849126095591,2.008987940198653,2.3747308313599262,696.4849273555016,11
3.387816267884124,-1.9705489097294469,10.722044932891716,1.9486679437249528,2.3825962919417263,710.2842280597606,11
3.3788976006488087,-1.9618421422000745,10.941135620180502,1.999330696723273,2.398971623899531,733.1089745992447,11
3.3790234995086164,-1.9952471632185809,10.747123718261715,2.0007988209546346,2.3997786460575723,714.5726938841252,11
3.359834280251468,-1.9556595829017924,10.81723086566846,1.9296791108317397,2.3765755402102013,755.0729066207695,11
3.355167812331584,-1.9636796445767415,10.8698545669619,1.9648227671864615,2.40588135739085,745.85175269669,11
3.3413617383395,-2.003201787402521,10.394071048720743,2.038971108519685,2.371026469464124,799.1166123512869,11
3.349978118516597,-1.9844027584519128,10.875602935854328,2.0126794250179625,2.377150521733454,777.3662339839698,11
3.3554368315890617,-1.960677488216227,11.209456835544955,2.0090851051678804,2.375100251550002,785.447922829276,11
3.361065762666251,-1.963755721373182,11.363789578196418,1.9562645482819108,2.360613108670563,792.7019060696806,11
3.3524494418464754,-2.0067510159678474,11.347499143038544,2.0060249186155708,2.3883656070440145,783.4689503270066,11
3.3608004601664563,-1.996325980578221,11.027015084547624,1.9611454207867511,2.391248618913389,797.016199642197,11
3.359695522617008,-2.0366535028481385,10.84219076227845,2.024620164974102,2.3631418156920625,788.8420787510536,11
3.363828751061467,-2.034319117850783,10.76026145650143,2.013633622173452,2.343978488099031,787.9024959580039,11
3.3605491313696896,-1.9885289871841048,10.777508802928368,1.9905455414190332,2.3812442419439925,806.4301947755931,11
3.348171273702408,-1.966515438685279,10.260231366296033,1.981310438813016,2.353203197732506,822.3974763862323,11
3.343685162017949,-1.9635271378077908,10.193143702146914,1.976952556752565,2.31606505421682,811.7062752751393,11
3.349563587750637,-1.943341360547236,10.876745833400868,1.9908262461547532,2.317539197280694,755.8871308006192,11
3.339739208894152,-1.9564780649802496,10.617257589126526,1.9673982403585029,2.3302841611917584,726.3926107952701,11
3.3455001773675943,-1.9530327527849507,10.527000617189527,1.9941086689960907,2.3240569587565063,776.2101769664972,11
3.333258262808392,-1.9705861421046909,10.283757957680091,1.9832612706417856,2.318109221478221,819.5517793394225,11
3.331380981627342,-2.01033666618632,10.611996053165411,2.036197959140128,2.321150155482945,785.7634933281741,11
3.336877657664762,-1.9624427111811655,10.81851973474273,1.979211150857917,2.327539155097423,821.8240285533099,11
3.3353421984866447,-1.9804399973129336,10.74144144176942,1.9871620929092788,2.331126958008129,842.4442728762801,11
3.3225274600428665,-1.9937765726904653,10.645691630256618,1.9933069415112257,2.3354378439084127,869.8567991138002,11
3.319832372467548,-1.9883599019149527,10.687302743745542,1.989749338122324,2.3093119231497106,853.1850499829811,11
3.329919050343304,-2.0029133236754486,10.860966575590904,1.9791099372246448,2.323194776827864,866.7664551794282,11
3.344883319253249,-1.968562464991051,11.16736400968306,1.963936613803088,2.34819479206291,838.0115118382879,11
3.370572472014368,-1.9631414047415323,10.291225765750616,1.9664301441912824,2.3249806586142894,844.4677767298525,11
3.349448863896097,-2.0144976639648684,10.406994008424372,2.0156097921593057,2.308991496493708,911.8203140195473,11
3.354388559507631,-2.0080594056869443,11.306393132664851,2.031083485892205,2.344774553884609,803.5100702942653,11
3.336810716454913,-2.076419391078078,11.348815609310668,2.095645546418502,2.2977649908342794,855.3798534345832,11
3.313143714334955,-2.0824398024942865,11.560304364722793,2.08384926784088,2.2672945542948866,873.2743879769356,11
3.3175507511835374,-2.078570676542417,11.295849978181828,2.072465829334813,2.25371454068734,925.3645108171518,11
3.319835838935187,-2.081280422408552,11.286271130890276,2.091726218021758,2.2263470388547018,917.8125445733918,11
3.3308053540985614,-1.9804041939652317,10.647326615836116,2.034892046599962,2.2200643937122773,942.21713370802,11
3.3086106539761877,-2.03222264392742,10.677832805269484,2.0197155811974614,2.2463162647738,947.783302655359,11
3.3062605749027365,-2.0656811755722484,10.97316263127624,2.0638279232246743,2.248770845381551,950.927184805336,11
3.313791129598974,-2.033835336875124,11.050018278889638,2.0440441632171886,2.2671739016331083,943.8466839928844,11
3.309497793680405,-2.003033287792285,10.933564245453514,2.029474879696161,2.259241410805476,885.6580818144612,11
3.3045704354883725,-2.005444020156544,11.250675889960958,2.0299227386094723,2.259217829130497,934.3732003492934,11
3.287362039336525,-2.016009024564656,10.949610714101194,2.013673798177252,2.250816463929489,941.0836442496272,11
3.292877364455417,-2.0343570590513878,11.911032850811594,2.0067348589046365,2.282741923549858,896.5199620417046,11
3.2858828311144563,-2.005474198408641,12.71039628784686,1.9767421874762567,2.2762588821506102,980.7676736032316,11
3.2949211389692,-2.0340256493121256,11.9106235187578,1.9889094963113296,2.2612428219981218,998.9725977474224,11
3.3056374585480115,-2.004537140185408,12.009086264614249,1.977636084022364,2.274945690424116,1011.8647790172784,11
3.28054306121288,-2.0084649744864818,12.158063298933737,1.9700659548098616,2.288796536655347,1011.0458229666428,11
3.2781690987313934,-1.9615326481736048,12.25590846350579,1.939566980753696,2.252052650412089,1042.4180958854704,11
3.2583975455572998,-1.963518245586221,12.157338925911676,1.9166997191322293,2.2295260726168937,996.8539621186948,11
3.2706013823940547,-1.989431382214875,11.603999260550216,1.9490554654251988,2.2389666282289755,1025.6556877674402,11
3.270415778971312,-2.000797944939483,11.6499605178833,1.933381462492884,2.2712248093854344,1066.0068151703515,11
3.286151084662473,-1.974258863579683,11.80240109154792,1.9275831018740703,2.3263893364870696,1047.5685731246765,11
3.2776476070594,-1.9943736638270968,11.734029477068,1.963400288241533,2.2686493386866142,1053.9338105387712,11
3.256374291859227,-2.0349910734105405,11.496902236305331,1.9911069197278797,2.24321211423122,1092.377560943983,11
3.2836848769445144,-1.992979915310238,11.447715169661269,1.9570563838689647,2.248441042247155,1110.241570563732,11
3.281763329050848,-2.0193950803448057,11.76503642070343,1.987998463800834,2.25500098006854,1152.4083084802903,11
3.269220586634276,-2.031145937709887,12.069422725819956,2.025712229898857,2.219662944310928,1180.278527477472,11
3.25177391535019,-2.047724656544286,12.254507357648794,2.0365969006945983,2.195832760996838,1208.0651921315807,11
3.23849648756605,-1.9421401914224583,12.222374132560002,1.9625066721587756,2.2225158837820977,1193.0705991879538,11
3.220852015918716,-1.983972392636216,12.2620979206196,2.0017930852921677,2.1837696672969837,1263.037713648372,11
3.223430556380402,-1.9826873684325157,12.804140209657032,1.9852669516045032,2.195402753798299,1268.6302677645233,11
3.224929209072066,-2.0094945109236773,12.715138910222352,1.9700887569253365,2.191484848988007,1242.8185179144527,11
3.2233538657303176,-1.9889996313949836,12.631975898109523,1.9317562960984795,2.1971969188990927,1261.9177291680178,11
3.2456019696358327,-1.9960131338523135,12.489892092977817,1.959239178178716,2.2237096485755257,1305.5556797644904,11
3.2607508744441622,-1.9849249871439956,12.408496203758904,1.9495146967068748,2.246736245531264,1309.2969266646137,11
3.239803129211996,-1.966356890330176,12.486745600878448,1.96358662720043,2.206819598605524,1363.6713137804716,11
3.21755943456626,-2.024095565451627,12.54246942433084,2.0069167505161394,2.196822053663959,1353.0041443124342,11
3.2248526955046595,-1.9777726404894431,12.260447517964856,1.9595130681991573,2.1769591624311397,1326.5877037206626,11
3.20226838380964,-2.012976926886689,12.43730663362875,2.042043750711496,2.1927555527429856,1334.5618384903396,11
3.2087759496760078,-1.992263587183972,12.34377850338631,1.9788081571768923,2.216756470470508,1285.7646053836554,11
3.171709472213049,-2.0054087223353725,12.383293523828025,1.9840135698001908,2.2107173466583507,1291.6061819242732,11
3.158815264207199,-2.061398205420785,12.790598928681062,2.048501060216755,2.2060322840678737,1302.4767205329345,11
3.163797771287657,-2.0475654008477555,12.995054225209335,2.0451340922676176,2.1661178125880074,1320.1109279775033,11
3.160254413161535,-2.018458710666514,12.974038357556609,2.0031740338970514,2.14882413282434,1331.2912759741312,11
3.1561609363160192,-2.01803084626732,12.899693956018975,1.9878673419912825,2.1831162104468125,1361.952940121726,11
3.1647960120711582,-1.9674417017901096,12.91053623183635,1.9491874029032925,2.194068690058601,1348.6823816576432,11
3.144586176298465,-1.9767536805378456,12.636999470564342,1.9852556900364744,2.184626452655713,1394.239163600556,11
3.150926833330843,-2.015473566114654,12.540323795619347,2.008631563780217,2.2047940349183137,1389.3498459178873,11
3.1595883656339527,-1.984183225888929,12.92829794903514,1.9398936374553504,2.1645750860950264,1410.9858241417596,11
3.144189751494475,-1.9941154738184823,13.088008156455896,1.94858943031042,2.155376713305588,1383.1709840386736,11
3.1615091666146435,-1.9211197008235807,12.63568198730342,1.91293070375672,2.1555715962564306,1381.1526745048309,11
3.129692642520572,-1.9486030315462504,12.759464208515846,1.9544822076544244,2.1227918670385213,1377.5804924549395,11
3.133808465419469,-1.996399909628872,12.52809894134394,1.9727000799416496,2.1299324362109813,1416.9340273275416,11
3.1408336647318604,-2.017499452804629,12.43265868222565,1.9836911611042576,2.152805356069224,1413.2405803253046,11
3.149321946860349,-2.0013328978629525,12.41279771021293,1.988575174106107,2.168681698716033,1381.401822545222,11
3.142066570733098,-1.999671640237832,12.104209852416483,1.958613478791169,2.1724516336353985,1417.203886799792,11
3.127916984043676,-2.011972159270924,12.590762340181586,1.9955997190040171,2.16157496717461,1476.581845358694,11
3.113433264103173,-2.02144519520993,12.947308564087178,2.002534009608984,2.1146797045632515,1450.9945493832658,11
3.1038661141613213,-1.9880944554736504,13.445753346834936,2.00229756466086,2.1251350982555217,1415.7805641775803,11
3.0978438320001627,-1.9740014620341704,13.129084104324278,1.9786259000232111,2.126566581211644,1395.424624874384,11
3.09159888469332,-1.9513124440220877,13.53321618756813,1.989310733510251,2.0956105434053667,1452.7616194728994,11
3.084183662264179,-1.939771240182932,13.402336259105889,1.9467502753269617,2.0984132863673928,1432.1095776063269,11
3.0909910736242274,-1.9080606708882748,13.273431184380874,1.929779005248516,2.101058877849975,1463.0772391038315,11
3.063544280301486,-1.9102757649797624,13.617070482974228,1.9033742138953629,2.115141117721178,1493.3207384798045,11
3.0658375821172945,-1.935909184182828,13.247445415164425,1.8913195271709649,2.114997506636307,1553.4113906290522,11
3.0511466883030174,-1.952586427763785,13.840323685610446,1.892996051499458,2.110780276698196,1506.9574987641015,11
3.0462513771294564,-1.9468456971694823,13.83965741153575,1.8993051868256687,2.097593806096627,1500.4180057256533,11
3.014836212411461,-1.9549842345764037,14.12093887883104,1.9320249067797208,2.087524801863674,1545.708173443175,11
3.0082811735477684,-1.9787136702122043,14.350968633944564,1.934846429409328,2.108504644568036,1524.48531154775,11
3.0169352070424567,-2.027316715707423,14.426837149497384,1.9709944448035783,2.0771367777432643,1555.048423925376,11
2.9980845223818577,-2.039501135774668,14.098124812747436,1.991352039748702,2.076538722050141,1566.2244645114756,11
2.98414095902344,-2.026475596724704,14.459159534501826,1.9853898568766744,2.0544968215261754,1579.232339312921,11
2.9911972872943795,-1.9670529820612364,14.871016059179029,1.959859450823045,2.0292073987826265,1588.5782404856072,11
2.961582925804423,-1.974248303911993,14.467398770122609,1.9807063009729031,2.0109445672806867,1611.353242106458,11
2.972234170961182,-1.940826140993364,14.655811768844416,1.945350748374749,2.050471040717793,1648.7983261678228,11
2.9556320109308016,-1.979977967828141,14.911937840252,1.972153332223536,2.0279260839169453,1667.732337793374,11
2.936276883010548,-1.992415945064972,14.556737191449558,1.9777800636172789,1.985475667284733,1680.7748071187768,11
2.9474628654258384,-1.981860660418434,14.61840787468115,1.966882387137512,1.999183352062812,1686.370302065774,11
2.9379209720247514,-2.000608595575041,14.63462731848119,2.0130623099220246,1.9751814663162863,1679.8059644263806,11
2.9215409785385447,-2.000449680193826,14.958677454113468,2.00900975203613,1.9576535521701164,1675.2899803066648,11
2.924320298111785,-1.9978799364873483,14.627709594504962,1.9855970658701985,1.9530410024635032,1645.8632756783256,11
2.933647396158876,-1.949533321056128,14.831438147675453,1.9461745186960049,1.9373697626145552,1704.9670638088376,11
2.911863542691305,-1.9631729694817577,14.363527456259822,1.9350010715579595,1.9148751066928096,1685.2702368265366,11
2.887718138358405,-2.024220363727743,14.457493414028056,1.973214609494348,1.903407423328067,1682.220642849618,11
2.8986690113653286,-2.009296346007541,14.454875767972958,2.013046597049444,1.8766487901141533,1744.7345446827997,11
2.86527475084012,-2.044357598569878,14.518226762035576,2.026791018569124,1.873080102239902,1756.141022614918,11
2.853597187896982,-2.0422498863267697,14.570380618463412,1.9790276026824687,1.8724996271964425,1821.0893878857623,11
2.8102579542215427,-2.071138659948136,15.172733682814483,2.0429401635134377,1.849042426006428,1797.1913778851142,11
2.842540037582524,-1.9485971106533195,15.333787423446465,1.9059418870205704,1.787237441886015,1794.4669427515566,11
2.78216272073168,-2.0283298996968884,15.111566547536256,1.978309134724724,1.759117349549448,1823.4629954737743,11
2.7329899671166764,-2.068061709898636,15.19435067790178,2.045610275505984,1.73278380281203,1852.027580292888,11
2.7119308754616256,-2.062844913530152,15.011523468365803,2.004536577280132,1.7414395047421267,1860.2593391386797,11
2.677452117081004,-2.0541065471300928,15.352858333666806,2.0444262898314527,1.731164808589888,1911.0009061568005,11
2.6205375788122782,-2.070511524113382,15.65961626852202,2.0611144942366733,1.7043958570947286,1888.1138531063607,11
2.6259401784398246,-2.014900809007067,15.52274307076862,2.0201741610325223,1.7042050594116147,1881.335040460484,11
2.5863805578952013,-2.0619986017709944,15.826634585115425,2.0780011677643078,1.698711244891788,1892.4118252196251,11
2.5732879846422505,-2.050355036723664,16.212471427759183,2.0874944910468893,1.672190025634291,1876.5189122876689,11
2.5597267299272204,-2.0362672182534243,16.630130601621758,2.059680747787983,1.6167231427188726,1900.2358854301733,11
2.528755799368704,-1.9848604083555863,16.538611170661902,2.0688115917300784,1.594862242457283,1937.9884124375976,11
2.5166510328712306,-2.053895772245415,17.259632680425998,2.0914076967358097,1.5760480190213786,1901.266893315612,11
2.5163258289400474,-2.0192383146879584,17.535135364136757,2.056890129548385,1.559985350771069,1952.5964026233464,11
2.506257757606348,-2.0821500131203425,17.377758295209578,2.0956588889553336,1.53742823165482,1966.4805599228475,11
2.476867532334388,-2.0805920713670023,17.925231933593746,2.088703661044109,1.5420400928164897,1957.719303115275,11
2.4211509376145988,-2.1058186614167145,17.74372923126854,2.104823814882777,1.529799188815706,1926.491211444015,11
2.350471539121445,-2.127469337827437,18.135238734518342,2.141824175213382,1.446280782153497,1858.0210036914875,11
2.3172397257381454,-2.079039964438474,18.40844793834132,2.127435280574308,1.3830562231451644,1884.6863562872795,11
2.2967264978717474,-2.111478529530442,18.314693458842044,2.1985846921121435,1.36781158239515,1860.9623152230288,11
2.267277201181625,-2.114821458753215,18.25608559762788,2.1554657018036285,1.36868381599173,1873.3538342234517,11
2.2810123283338744,-2.079021933662445,18.81126706135224,2.1270288174577754,1.306704920851837,1838.4213750688868,11
2.242281402295061,-1.9690561868343108,19.227884466717352,2.0282969108755653,1.2478368247693006,1863.5982671080783,11
2.2447188978867905,-2.02313809869695,19.163529075527588,2.053887145647864,1.2486172508896634,1875.5756405399052,11
2.263371327111335,-2.110569494888495,19.147140922388104,2.123338329346842,1.2947493311775171,1879.070462935198,11
2.266355503644191,-2.022674693111563,19.85675617866989,2.072191787458555,1.2861072512583116,1897.509440948361,11
2.2399624482230025,-1.9733188498564296,19.7928891241303,2.044892547536194,1.2654452680057506,1898.4797104958184,11
2.2095993366478885,-2.015377537343512,19.933967685303745,2.079093482979105,1.2726252583547255,1940.0477573505573,11
2.205924633627611,-1.98388324881985,19.59886746386769,2.0205928240574247,1.2581369743307595,1889.2354857891924,11
2.253408381553112,-1.920741971102988,19.65087278848861,1.923265082707544,1.2269198538356796,1942.7740706447744,11
2.256716430434547,-1.9429830926087883,20.057606867240175,1.9474825745301625,1.259669686254129,2002.0416219244344,11
2.2924230543904285,-1.946548820036576,19.91529900800144,1.967823320404622,1.2675613901921825,2040.9623501726212,11
2.2350246352278837,-2.025660469324263,20.298952371747664,2.012292889638561,1.3584309158483487,2047.366290460484,11
2.242850843801538,-1.939927731312162,19.990762354427357,1.932097497322747,1.307220158240607,2140.010342040003,11
2.254638927111487,-1.9052594173004025,20.317176154045647,1.9224971443785672,1.2465744849557208,2154.027351854253,11
2.226202706578362,-1.9773308251408617,21.053261420538806,2.014703445909429,1.279064036998511,2098.474200110218,11
2.2360872767278264,-2.0459647554579616,20.63682211879873,2.0159517640394795,1.3325565632942804,2082.8802171129414,11
2.237867426575467,-2.0002266584095616,21.46968099981917,2.0028037312614475,1.3288717660666507,2110.139649450531,11
2.2775481113259723,-2.0331770879104423,21.4536713327115,1.9532374623405488,1.3793060675696218,2098.767419079033,11
2.294963481515275,-2.043002114751032,21.12904863634545,1.9577475039296133,1.3230656771244351,2119.923985144904,11
2.300400889266081,-2.0067155380961315,21.573106773661383,1.9352733341984736,1.2781646454482654,2150.447972721084,11
2.2958391177703725,-1.9980532450300037,20.602414127207386,1.9453268822792655,1.269808184556446,2160.570012642635,11
2.3179940623366493,-2.005097594993243,21.232228457185748,1.9382761093590763,1.316304701987144,2192.440281784881,11
2.294295941151029,-1.9258488663993936,21.54147663353885,1.9594015466721724,1.320027858884503,2211.2696244489107,11
2.323378549077204,-2.0064114065091143,21.90670946524845,1.973896653325726,1.3532460275032707,2205.1917972802125,11
2.316806800137912,-2.065766148547413,22.00368578898956,2.0335307952279376,1.3689478596216416,2197.4090297588173,11
2.3555818919818927,-1.9814007267417744,22.102566485583043,1.9797209273730063,1.3770728610857876,2246.784707476985,11
2.3717697022861466,-2.037670514395622,22.383350491029105,2.016880051229009,1.3838633194998595,2266.640063780472,11
2.3400508843022263,-2.0306222112346983,22.416749455622124,2.024574056205908,1.389694441403591,2313.373763088369,11
2.3032125932052425,-2.0316625343813444,22.102317295628463,2.0136893577100823,1.3927134715669878,2282.615091537539,11
2.2970523507763243,-2.074709299689011,22.53978360441215,2.0054523934961845,1.3786368221662846,2283.4170448651457,11
2.2835760670578837,-2.018588721999488,22.56856484630792,1.9448719593499213,1.3330360660909126,2330.5316987730166,11
2.3003936071118867,-1.913650952434145,22.673627703021676,1.8931705976422897,1.2963456424934732,2380.9084999432694,11
2.27013666303326,-1.9817558635814552,22.92363478632884,1.9475093046164604,1.295752587160134,2345.6277149247926,11
2.305857565393092,-1.9366148210660052,22.766042139520287,1.8825234990891575,1.256732215030559,2365.789064526063,11
2.3273476644175672,-1.957546690687601,22.55629644750065,1.908901139413669,1.2454097246233369,2419.684232972964,11
2.4597273703927303,-1.5054347455748944,23.30348565667495,1.4629690934019026,0.9949241312707646,2471.3608226222123,11
3.1056122878775154,-0.3214238919163003,23.25718364478148,0.2344600476664474,-0.169367016103768,2394.7281995591256,11
3.471314492562006,0.0118539484519181,23.32292253644634,-0.1254333919261989,-0.3692222853419183,2295.9160541202027,11
3.525880813598633,-0.085567407310009,22.72676086425781,-0.0848487541079521,-0.0893298387527465,2334.45068359375,11
4.148985862731934,0.1258974820375442,17.332881927490234,-0.0303088370710611,1.1990660429000854,373.0252990722656,12
4.15004469219007,-0.2208315016407715,10.50823806461535,0.3160548912067162,3.019036550270884,-151.6770029569927,12
3.8620176566274544,-1.5281157493591309,8.761822650307103,1.6148268486324109,3.269273745386224,115.11805991122596,12
3.754911372536107,-1.9404685340429608,6.6659244236193205,2.0933908663297958,2.884062848593059,119.25329549689042,12
3.74137816931072,-2.008139811064068,5.359407023379678,2.1372986216294136,2.680022653780485,55.481155797054896,12
3.7132789084785855,-2.119369073917991,5.867589599207828,2.181976224246778,2.5994753523876795,57.910923606471016,12
3.709441498706216,-2.150286599209434,6.905483245849609,2.127328546423661,2.586016755355032,37.87429930034429,12
3.713717222213745,-2.1313296493731047,7.354473314787212,2.116684719135886,2.587620308524684,65.41411992123253,12
3.698160761281064,-2.144745136562147,6.687828967445775,2.134432177794607,2.5826506865651986,124.6459442941766,12
3.707786955331501,-2.0087659986395585,5.990729231583445,2.049048712379054,2.58270778154072,111.90314965499076,12
3.701263001090602,-2.0045055025502254,6.431917491712068,2.0266298871291317,2.5408866781937447,111.92403974031149,12
3.6732976185648063,-2.081743692096911,6.127779709665399,2.0440244674682617,2.5241679768813285,138.54175286543995,12
3.653431566138016,-2.068088882847836,6.171612087048984,2.0249655372218083,2.524416547072561,143.1449665270354,12
3.6279798118691695,-2.0176603417647514,6.326165450246711,2.0198619051983484,2.566392503286663,155.74285406815378,12
3.610622920488056,-1.9597397666228444,6.215915679931641,1.95171038100594,2.627294829017237,251.30007934570315,12
3.627969271258304,-1.9793621144796671,7.223331150255705,2.0374522836584794,2.6125921387421456,240.0758586682771,12
3.643948027962133,-2.0127780186502555,7.3764904423763875,2.054744795749062,2.572408262052034,254.33528699372943,12
3.610768933045237,-2.03692500842245,8.349476161756012,2.0458462614762154,2.543067543130172,247.15680413497128,12
3.6070535308436336,-2.030575733435781,7.869142833508943,1.9865603258735252,2.5360841249164783,177.84860550729837,12
3.600549817085266,-2.0864603519439697,7.8627424240112305,2.065000295639038,2.5336289405822754,161.66769409179688,12
3.575942742197137,-2.1406958228663395,7.568600002088045,2.085745623237208,2.517351966155202,179.50942350688734,12
3.5693505375008834,-2.081677279974285,7.57506957807039,2.023027633365832,2.5547968337410376,162.21673423365544,12
3.5847575413553336,-2.036403543070743,7.542626531500566,1.9843467536725496,2.567685541353728,165.7074536775288,12
3.57013085641359,-2.065398718181409,7.903352988393682,2.063097865957962,2.5214630867305554,184.60561170076065,12
3.545454088010286,-2.0852448061892863,8.551741148296156,2.064901527605559,2.46742310022053,178.0867646869862,12
3.5229140771062752,-2.088108690161454,8.339874468351665,2.0457233127794767,2.496213329465766,250.45081369500411,12
3.529134524495978,-2.1037058453810844,8.670552002756219,2.051591396331787,2.5034088461022628,197.07342689915723,12
3.539191879724201,-2.089794058548777,8.188027934024209,2.0470934918052275,2.484234822423834,258.2241901598479,12
3.5271985279886344,-2.092872331016942,8.280032107704564,2.071072264721519,2.4926340203536186,255.1199421129729,12
3.50516845050611,-2.08569860458374,8.88309533972489,2.0637323730870296,2.4649915820673893,265.95759502210115,12
3.496657346424304,-2.0396327595961723,9.186554155851663,2.074861539037604,2.4253353445153487,279.8578250282688,12
3.494533476076628,-1.997060157750782,8.763440383108039,2.0026330477312992,2.454773451152601,279.5410718415913,12
3.4785162147722746,-2.042637260336625,9.346554705971164,2.033425080148797,2.438893995786968,273.08235088147615,12
3.4742786947049598,-2.0087680502941736,10.224493127120168,1.993791752739957,2.4347017062337777,342.47136969315375,12
3.4689031274695146,-1.9928688124606488,10.42413199575324,1.9909454395896515,2.439278288891441,336.8496013440585,12
3.4615083305459278,-1.9948225931117407,9.49132638228567,1.9910962362038456,2.40783493142379,315.9981030915914,12
3.4688195680317127,-2.0229299382159582,9.354827680085837,2.005217897264581,2.428034782409668,293.9083557128907,12
3.4801828171077527,-1.984805263971028,9.53647161784925,2.0048735894654928,2.4350769770772835,327.5868160850123,12
3.45309853553772,-2.063455820083618,9.26175308227539,2.0677831172943115,2.4029409885406494,394.5906066894531,12
3.4612836273092973,-2.1014050182543302,9.527548187657406,2.091925476726733,2.41014311815563,344.0855825323807,12
3.4622404700831364,-2.024174414182964,9.752922459652549,1.987900733947754,2.4500149676674288,384.88022171823616,12
3.4615391367360164,-2.0400184832121195,9.71701155210796,1.9731270765003408,2.4700138757103365,389.1447448730473,12
3.4436558798739783,-1.998842007235477,10.02787098131682,1.9562110775395445,2.4554195027602344,377.1316030401931,12
3.4472197419718693,-1.978809237480164,10.412856654116982,1.9544501461480797,2.462781259888097,427.4247291966488,12
3.444124799025686,-1.9795946447472823,10.33832499855443,1.9653830841967932,2.46792251185367,438.05178833007807,12
3.430177556840997,-2.0273576096484534,10.382885932922363,2.021257751866391,2.4333942626651965,463.79801699989713,12
3.414418935775757,-2.0226991427572147,10.56223588240774,2.025050301300852,2.375704551997938,516.8682716771176,12
3.4218537619239404,-2.0241598204562536,9.992221229954769,2.014045520832664,2.3764424010326985,520.7493575246709,12
3.4101742192318563,-2.02525248025593,10.560559624119808,2.079984815497147,2.4021395131161336,527.6243157637747,12
3.4200859822725,-2.020240300580075,9.81645292984812,2.064338251164085,2.4045657672380143,493.7440490722657,12
3.4142317897395085,-1.942451690372668,9.721492265400132,1.9394824504852293,2.399371561251189,508.1365324321546,12
3.3825352442891976,-2.051624310644049,9.792880961769503,2.0347074270248413,2.4034531179227328,586.6412417763157,12
3.4124764517733923,-1.9738476652848091,9.871183094225431,1.9746505586724532,2.3883870024430123,480.6291519968135,12
3.387252638214513,-2.029245138168335,9.989009806984347,2.033788850432948,2.37164947233702,455.9895035593135,12
3.38262340897008,-1.9999725002991524,10.504162838584495,1.9963725491573932,2.3745500539478503,476.7145594546668,12
3.380227710071363,-1.9595442633879807,10.325042875189531,2.005536951516804,2.4007413512782048,469.22162989566186,12
3.398618522443269,-1.9287928154594016,10.063102220234118,1.9650271001615025,2.3941007413362203,499.5535535310445,12
3.400676131248474,-1.9666097164154053,9.835090637207031,2.017135500907898,2.384411096572876,544.33935546875,12
3.4158650322964315,-2.006565445347836,10.270972402472244,2.003693681014212,2.374914859470568,567.4297678094163,12
3.392378386698271,-1.9699600872240568,11.026287681178044,1.964195091473429,2.3941976898594906,583.7291227641862,12
3.4079325575577584,-1.98085702093024,10.180101695813628,1.983368955160442,2.3819706439971924,587.0011082699427,12
3.3875370464826884,-2.002595274071944,10.483286907798362,2.0325314433951127,2.386450133825603,544.9850720857323,12
3.3841782369111715,-2.000969146427355,10.369035118504575,2.0720090866088867,2.387103482296592,594.8327861585115,12
3.3791876529392444,-1.9916661193496303,11.155499006572525,2.074113456826461,2.391454677832754,585.3282567074425,12
3.369622356013248,-1.9816018531197,11.407675592522873,2.071242508135344,2.398523995750829,653.9216533460115,12
3.356665956346612,-2.006210129511984,11.139858797976846,2.01600236014316,2.3857324311607764,718.0472508480674,12
3.3538926902570223,-1.919322760481584,11.520565434506064,1.9819750723085907,2.386456577401412,733.8372192382809,12
3.3780184984207158,-1.928125296768389,10.552560003180249,1.9912530497500769,2.355161058275323,704.8932238127056,12
3.3647142585955168,-1.8756527712470603,10.693844644646893,1.955588516436125,2.376881800199809,727.814957468133,12
3.372868487709447,-1.928597933367679,10.541325518959448,1.9537333751979624,2.3718556040211727,771.3402549342105,12
3.375920094941792,-1.946803325100948,10.766636296322469,1.9535290065564608,2.356795060007195,768.5263703998774,12
3.375725532832899,-1.9433391690254207,10.78876585709421,1.9669290906504584,2.3879758307808325,719.8774928042766,12
3.372868588096217,-1.9363049582431189,11.245020916587434,1.97847192538412,2.375445742356149,738.7849667197788,12
3.3643654584884644,-1.9156165248469303,11.354168389972893,1.9332730581885893,2.365832203312924,729.6920262386926,12
3.366160543341385,-1.94720428868344,11.15102858292429,1.9216719740315489,2.386180639266968,698.7921046206824,12
3.355060583666751,-2.0279290362408298,11.445033625552531,1.997053792602138,2.3580652977290906,646.7265368009868,12
3.3832173347473145,-1.9518182277679443,10.97856330871582,1.986967086791992,2.3547308444976807,645.9478149414062,12
3.366899346050463,-1.9650147118066488,10.569080051622894,1.986970506216351,2.366903769342523,655.9772467362257,12
3.3492671941456043,-1.962119215413144,10.271774091218647,1.9548913742366592,2.3472047730496057,669.3057829204358,12
3.345893521057932,-1.9684304312655805,10.041997507998818,1.9634076733338208,2.3414559678027502,735.7300575657895,12
3.3284324972253096,-2.019714593887329,10.354190424868934,2.024463415145874,2.3224786833712927,738.9582551655012,12
3.335444889570537,-1.9822880531612197,10.152318301953768,2.006462037563324,2.3104253379922164,784.259964792352,12
3.338079703481574,-1.972446736536527,10.008182425248002,1.999510702333952,2.3343777782038644,802.7675427888569,12
3.339512912850631,-1.9852234438845984,10.210958129481265,2.0326740490762814,2.3293686665986715,837.981715152138,12
3.3537383455979195,-1.9919621317010177,10.061105125828796,2.036975935885781,2.3337334080746297,877.6725174753291,12
3.342939778378135,-2.047119611187985,10.168694797315093,2.04246577463652,2.361088200619346,856.5420628597863,12
3.34345427312349,-1.9938865900039675,10.17908226816278,2.012994025882922,2.3525587257586027,850.3066631116367,12
3.329700971904554,-1.991127610206604,10.36030588651958,2.025566954361765,2.348826383289538,851.1711570338194,12
3.290350914001465,-1.991914548371968,10.80412453099301,2.0498963155244527,2.3138467638116134,859.6788811934622,12
3.291434099799708,-2.0312388570685136,10.316171294764471,2.079152295463964,2.2926217129355986,829.7800806949016,12
3.320426451532464,-1.9796285315563804,11.027176405254162,2.0277629902488306,2.276115430028815,848.2632639031661,12
3.333333235037954,-2.00288420601895,11.114695323140996,2.0181376118409005,2.2718533653961983,915.577366879112,12
3.3322018071224813,-1.9590753630587927,11.46075675362035,1.9763281784559552,2.28683446582995,876.9209112870066,12
3.3064353466033936,-1.946148793948324,11.636715537623358,1.9837459984578585,2.291856320280778,851.7406102230672,12
3.309030997125726,-1.958191225403234,11.699733683937472,2.0099095419833533,2.276491002032631,855.6668155067844,12
3.3047471046447754,-2.0004878640174866,11.423948764801024,2.0454503297805786,2.2691961526870728,897.1842346191406,12
3.286020442059165,-2.0453410901521387,11.546630508021304,2.0566703143872718,2.250051925056859,855.0882214997945,12
3.2778994723370203,-2.031057922463668,11.340306984750846,2.0539127651013827,2.259714628520765,873.3847720497532,12
3.2836813424762927,-2.0133426001197408,11.585151421396358,2.011709570884704,2.259865145934256,877.6536608244246,12
3.286792058693736,-1.9745359577630692,11.684235823781863,1.990301339249862,2.264760186797694,903.3776020250822,12
3.287481584047016,-2.041884096045244,12.14402675628662,2.019881562182778,2.2393673846596163,884.8262104235198,12
3.282452363716929,-2.0821546504372046,11.570247374082864,2.041332257421393,2.242070279623333,912.2867062217308,12
3.2667539245203923,-2.077660686091373,11.486241390830592,2.041998951058639,2.2575924020064506,947.9184698807566,12
3.286679700801247,-2.056176957331205,11.566598038924363,2.043566528119539,2.263312684862237,906.8785223709906,12
3.282727781095003,-1.9942908538015267,11.605023384094238,1.99837507072248,2.2638176616869474,910.1949270148024,12
3.282897384543168,-1.9827920794487,11.566866146890742,2.003538793639133,2.244846124398081,957.3111877441406,12
3.2690778280559343,-2.014667109439248,11.911092306438247,2.0313495585792944,2.2578578246267216,944.287877133018,12
3.259355149771038,-2.038842471022355,11.930950164794922,2.0326503766210458,2.2760313498346427,988.2908293071548,12
3.279505692030254,-2.018853124819304,11.76386060212788,2.004479910198012,2.2689899017936304,985.9740311472036,12
3.2882675183446786,-1.9968053761281463,11.794210157896345,1.9842863773044788,2.2591764174009623,963.2329326428866,12
3.2966290524131376,-1.978429819408216,11.611843460484558,1.9947890419709056,2.2124890402743693,1041.278590152138,12
3.307889480339853,-2.027847854714644,11.374224888650993,2.003952932985205,2.2158619792837846,1040.0624132658306,12
3.285006322358784,-2.0136706327137195,11.761482891283537,2.0196460799167038,2.190002177890978,1018.8926391601562,12
3.2900256608661853,-2.033639876466048,11.680890911503845,2.0348937636927555,2.231976967108877,972.3804192793996,12
3.267362356185913,-2.067862272262573,11.634241104125977,2.031881093978882,2.2326149940490723,982.7596435546876,12
3.244002787690414,-2.0476762244575903,11.895671442935344,2.026978172753987,2.214441343357689,993.3694490131576,12
3.2627507009004293,-2.0566213130950928,11.671101268969084,2.027947501132363,2.2214355719716927,1034.5088468852796,12
3.2632041918604,-2.053123041203148,11.417245262547544,2.00294218878997,2.232559605648643,1076.289868806538,12
3.271244400425961,-2.058058851643613,11.979011385064371,2.0057692276804078,2.247434465508712,1102.2690108449838,12
3.2701411498220345,-2.040262667756332,11.88032559344643,2.001842771705828,2.2513722369545386,1093.8312699167352,12
3.2831660320884306,-2.070689690740485,12.379056378414756,2.03283375187924,2.2895512078937728,1126.713166889391,12
3.255008973573384,-2.044468402862549,12.199863760094894,2.000631194365652,2.2484260170083297,1117.7394280684623,12
3.2585277557373047,-2.049120062275937,11.794403879266037,2.0011708673677946,2.224426056209364,1148.035342567845,12
3.2477568137018302,-2.0788477408258537,11.883771921459,2.0042312207974886,2.231593502195258,1109.8536601819492,12
3.2588150877701607,-2.029575573770624,11.860118916160182,1.9994547367095945,2.2198369126570854,1089.177933542352,12
3.2468777393039905,-2.046228841731423,12.490668447394125,2.02231450457322,2.2525033135163164,1072.7074649208466,12
3.258825189188907,-2.0242998349039176,12.719849988033896,2.040336583790026,2.246510718998156,1086.538683439556,12
3.271985555949964,-2.0125159338900915,12.60140953565898,2.020208120346069,2.2096203000921952,1170.5784751490542,12
3.27648357341164,-2.00020296322672,12.819749480799624,2.0077262928611352,2.21642541885376,1145.5872738486842,12
3.2519331543069137,-2.0093401733197664,12.712994650790565,2.041564031651146,2.1854522667433085,1194.6115015933387,12
3.254274029480784,-1.992015800978008,12.44324588775635,2.0139448140796863,2.195417253594649,1198.2943950452302,12
3.2620554472270764,-1.9893384136651693,12.786118130934865,1.995739758014679,2.204219240891306,1167.2440571032073,12
3.2344861532512468,-2.046247369364688,12.381937579104772,2.027148748698987,2.1820886888002096,1153.809403268914,12
3.2308019399642944,-2.0209232568740845,12.596956729888916,1.9894301295280457,2.2050492763519287,1124.754150390625,12
3.2386850683312667,-2.0284144000003206,12.10084197395726,1.953583522846824,2.193486125845658,1184.6171810752471,12
3.2462799674586247,-2.018476614826603,12.290100423913254,1.9938678678713344,2.2258259810899435,1206.5073338558811,12
3.2246454891405603,-2.0094666230051144,12.288789598565373,2.012606332176611,2.191893188576949,1240.1533524362665,12
3.245417695296438,-1.9791521147677769,12.005246087124473,1.9564748626006276,2.2340379075000163,1213.4129060444077,12
3.2472100508840462,-2.0147174534044767,12.1554805856002,1.9873789799840824,2.2475600493581678,1251.471326326069,12
3.231487926683928,-2.0495595681039918,12.150445712240131,2.0091717807870166,2.23654580116272,1242.9483224969165,12
3.215513731303968,-2.0643525625530046,12.97038238926938,2.0461883419438407,2.230699840344881,1295.7762065686666,12
3.224484286810222,-2.0385943776682813,13.01994629910118,2.0120903253555307,2.2074064706501213,1299.9118684467512,12
3.2084476947784424,-2.0965347290039062,13.193495248493395,2.0706889754847477,2.15153505927638,1306.298564710115,12
3.211106124677156,-2.061907874910455,13.079105101133647,2.0728089370225606,2.151414419475355,1296.1695653011925,12
3.209102618066888,-2.0542243781842684,12.82709106646086,2.0575036877080017,2.172988352022673,1289.9130538137338,12
3.184416363113805,-2.0607425162666715,13.252860094371592,2.067802517037641,2.179835074826292,1346.2504304584688,12
3.1807746761723568,-2.0497470153005506,12.837228825217796,2.044138632322613,2.163486066617464,1356.775159333882,12
3.165845274925232,-2.0729617068642066,13.0207290900381,2.090646279485602,2.1514837930077,1357.558747944079,12
3.158185682798687,-2.0354273444727844,12.63856149974622,2.044897117112812,2.132499682275872,1382.725283974096,12
3.152710262097811,-2.010962006292844,13.183538236116112,2.0017373373633927,2.1094921827316275,1426.996353952508,12
3.1828930252476746,-2.0218377113342285,12.916179004468413,2.028053998947144,2.0575319214871057,1408.2463250411192,12
3.1736990652586288,-1.984604273971757,13.085942996175667,1.985235584409613,2.0811196753853247,1361.4023855108958,12
3.139633655548096,-2.0474038124084477,13.156086921691896,2.055899143218994,2.081852912902832,1441.4752197265625,12
3.140872566323531,-1.997657026115216,12.861772160781056,2.0360990637227108,2.088834160252621,1435.237950375206,12
3.1460750102996826,-2.050335858997547,13.528162203337024,2.0746589836321387,2.094730076036955,1429.999286852384,12
3.148333549499512,-2.0489204808285364,12.826968042474052,2.051071072879592,2.1082841534363594,1476.0907946134862,12
3.131006931003772,-2.0350698420875952,13.202370392648795,2.066733975159494,2.1024257509331954,1513.696430407072,12
3.132286322744269,-2.022203580329293,13.368803626612614,2.02766361989473,2.102188787962261,1487.27049817537,12
3.134471918407239,-2.063080310821533,13.324771931296908,2.045884621770759,2.0811318096361657,1477.851729543585,12
3.129347393387243,-2.025699922912999,13.269550674840024,1.992675175792292,2.1048326806018225,1463.9338282534968,12
3.1215746779190865,-1.985510757094935,13.445084120097915,1.9797931156660384,2.065990560933163,1463.747096011513,12
3.123631847532172,-1.956870555877685,13.373020598762915,1.9398978352546687,2.0559074125791854,1488.6368215460525,12
3.111927082664088,-1.9605229277359812,13.630884321112385,1.9357754619498009,2.0419523088555587,1489.9004227487665,12
3.0796047260886743,-2.0181616607465243,13.413235965527988,1.9847498724335115,2.054305427952817,1483.5637560392686,12
3.0859754712958085,-2.006865928047582,13.440369656211452,1.983255624771118,2.0404860596907763,1520.1904746607725,12
3.0697075818714348,-2.027197668426915,13.634561538696286,1.980402955883428,2.030386347519724,1536.352140727796,12
3.0648067875912317,-1.983546068793849,13.2055788542095,1.9275621552216384,2.023229247645328,1521.4454988178452,12
3.0700102040642188,-1.949666528325332,13.783884751169309,1.9173530277452973,2.059370229118749,1542.6029502467106,12
3.075362757632607,-2.0181269269240536,13.872085019161831,1.9784676526722167,2.0390325972908423,1566.2615452816613,12
3.0710954164203845,-2.0144114808032385,14.18647058386552,1.971624330470436,2.0384591253180258,1603.779338635895,12
3.0367169882121843,-2.0098970689271627,14.30578954596268,1.983778150458085,2.017590598056191,1621.1720163445725,12
3.04266619682312,-1.9790056943893437,14.12509059906006,1.965079486370087,2.00862729549408,1628.1094360351562,12
3.038400712766145,-2.001300811767578,14.370051584745704,2.024037536821868,1.9663851888556227,1648.592593544408,12
3.0023584554069918,-1.9467425754195768,14.185744536550416,1.959336898828808,1.9417396187782288,1693.147782175163,12
2.987871345720793,-1.9952078242050968,14.103479887309833,1.9900380435742824,1.9575220722901192,1654.691072162828,12
2.9570849443736837,-2.053156219030681,14.181254060644852,2.0482535926919234,1.94343627440302,1749.7303370425575,12
2.938540998258089,-2.045550271084434,14.157172855577972,2.0412714732320687,1.927436113357544,1721.3572098581417,12
2.9292551467293197,-1.9836976559538584,14.809627583152364,2.02985992557124,1.916392988280246,1715.4757915296052,12
2.950064997924002,-1.946479458557932,14.458255366275184,1.977082867371409,1.9156792791266184,1694.9761256167767,12
2.9293076176392403,-1.9835256808682475,15.20126182154605,2.009370973235681,1.9108412297148447,1663.9916831568669,12
2.913692901009008,-1.9958429963965163,14.518656078137852,1.970123579627589,1.8994548759962384,1682.1324013157894,12
2.892034649848938,-2.013426247395967,14.5177062436154,1.96395543688222,1.882762711299093,1705.9887406198602,12
2.874045648072895,-2.026447082820692,14.541839147868906,1.9812215378409936,1.8507520211370363,1747.9923802425983,12
2.8737266377398845,-1.9986762969117415,14.694185708698472,1.9828561764014396,1.839696197133316,1715.2975174753287,12
2.852814737119173,-1.9077186145280545,14.6656181435836,1.9035315639094303,1.7904838825526992,1684.4527202405427,12
2.8153957755942094,-1.979079688850202,14.652354541577791,1.9584207691644369,1.8069095391976209,1709.3252820466691,12
2.781952757584421,-2.009806557705528,15.127931494461867,1.9896648557562573,1.8111010852612948,1750.3166889391446,12
2.759125696985345,-1.971054045777572,15.52588781557584,1.9715510136202767,1.7947834667406577,1776.1259412263566,12
2.7688307511179078,-1.9389611419878503,14.695323492351326,1.9699837032117344,1.772904565459804,1802.6705900493428,12
2.72956373189625,-1.9718434026366785,15.12560146733334,1.9649007728225305,1.7455004296804733,1802.656294973272,12
2.695788621902466,-1.991011142730713,15.716489791870115,1.956684947013855,1.7081743478775024,1858.711669921875,12
2.6587924267116345,-1.9897108360340725,15.857175676446207,2.000313918841513,1.666480823567039,1859.2322194952717,12
2.662918831172742,-2.0182741566708224,15.7397326419228,2.029905720760949,1.6336672368802518,1866.6199308696548,12
2.634438056694834,-2.039133981654518,15.764581429330928,2.073975776371204,1.648070558121329,1879.006694592927,12
2.5714512373271745,-2.0575112669091475,15.907999088889676,2.073742502614072,1.648099202858774,1821.2501027960532,12
2.522947455707349,-2.027888985056626,16.252785908548457,2.0699864186738663,1.6160225523145575,1835.4992386667357,12
2.479484332235236,-1.979064257521378,16.860292033145306,2.0186914393776343,1.5853002322347536,1844.5180664062505,12
2.411535808914587,-2.0248566771808405,16.9689363178454,2.0640722199490167,1.5369794149147842,1864.8977532637757,12
2.3600220303786434,-2.0321173291457324,17.36543524892706,2.0838212088534704,1.4815854210602617,1858.8050665604435,12
2.364761245878119,-1.924176611398397,17.735042622214866,2.004208746709323,1.3868220040672712,1863.1301173159952,12
2.5225417112049318,-1.3854453877398825,18.582171389931126,1.530672167476853,1.018301938709458,1915.8550832648025,12
3.0802865844023914,-0.3219456955006166,18.64459338941074,0.4944710951102321,0.090414006459076,1872.62473016036,12
3.5059727367601883,0.0890974163224816,19.25975729289809,-0.0074363142791152,-0.3670039490649581,1737.4913587068245,12
3.5633687784797266,0.0439142031889223,19.91115238792016,-0.0067213372768541,-0.1050514923898833,1853.6884348016024,12
3.5839837475826863,0.0911646120642359,19.04922083804482,-0.0365219123073312,-0.071788021216267,1838.153191817434,12
3.616820071872912,0.1452606688988836,18.310494975039838,-0.0184140686239849,-0.0412557866228253,1869.2831356650915,12
3.623389833851865,0.0014473310377643,18.443218030427616,-0.0473616587880414,0.0382890524832823,1773.2401572779602,12
3.673971082034864,0.0162561108407225,18.64909724185339,0.0583669657230746,0.1106657379944052,1726.0922658819875,12
3.688719159678409,0.0554868214224519,19.323603780646067,-0.0246568113522549,-0.0242124614550874,1757.087331671463,12
3.647907495498657,-0.0100799724459648,19.15915298461914,-0.0302208019420504,-0.0255293771624565,1828.4260864257808,12
3.650508064972727,-0.0187410951444972,18.80413145768014,-0.0122387859921318,0.0658949939043893,1823.5793842516448,12
3.693127776447095,-0.0213947033411599,17.941565613997643,0.0324147368144028,0.0005129380641791,1788.98417262027,12
3.6702122939260375,0.0351693359644813,17.624696731567376,-0.0276538410076977,-0.0076693679745268,1828.910490337173,12
3.7058702707290654,0.0512574013126531,17.773893406516628,-0.0108483628811024,-0.111089748967636,1841.672954358552,12
3.678156752335398,0.090562768280506,16.47925055654425,-0.011062692238116,0.0333937778088607,1842.9546283922696,12
3.707513828026621,0.0554842646968997,15.98179222408096,-0.0148800555616629,-0.0039940138200395,1958.23675858347,12
3.68935923827322,0.0483765958955426,17.353540721692536,0.0628092551701898,-0.0051785775913707,1885.6362947162845,12
3.704787110027514,0.051616898884898,17.521630236977032,-0.0215879936555499,0.0064301483921309,1849.7589657432163,12
3.731687633614791,0.1295681365912673,16.364292194968787,-0.012950922999727,-0.0484542709432142,1816.6242740028792,12
3.7119371577313074,0.1081240179115217,15.259763592167904,-0.0673261001510056,-0.0448351396541843,1836.8117997018917,12
3.6928275133434094,0.0699906141350146,14.78908965462132,-0.0515577423533336,-0.0585797028125924,1807.7551912006563,12
3.7098059716977567,0.1089743920846982,15.329534229479346,0.05468919961468,0.014192626272374,1847.340364155016,12
3.732209845593101,0.1444335038724693,13.928748030411564,0.0066177394290107,0.0476879520635862,1943.582076223273,12
3.7373618263947335,0.063677537990244,15.71869559037058,0.0283673461526631,0.1225063783165654,2027.1525075812085,12
3.740138041345696,0.0477708433019486,15.197190435309166,-0.0441679208490414,0.0180218212894706,1969.1592632092936,12
3.6992626754861138,0.0250926191036265,15.291053395522264,-0.1471065188709052,0.0491259517638306,2083.70923494038,12
3.741052087984588,0.0988233571774091,15.096966392115514,-0.0808966022573024,-0.016038073422879,2037.6713610197355,12
3.7307651670355546,-0.0605581610610625,15.130041925530683,-0.0817008665517755,0.0165504147543711,2114.226482190586,12
3.756911277770996,0.0999785140156745,14.49188995361328,-0.0995258018374443,0.0041230991482734,1847.1116943359373,12
3.7073246115132377,0.0314556121041891,14.79243368851512,0.0032493277011735,0.0727337309600498,2043.1652061060856,12
3.7078821408121208,-0.01482325674672,14.397194109464964,0.0420588166698037,0.045898846497662,2004.3375436883248,12
3.685950799992211,-0.0661677540230886,14.39076313219571,0.0196957437223487,-0.0030892843282539,2016.3231650904595,12
3.6789731477436254,0.0417839712953483,14.200692026238674,0.0312915531624298,-0.0634122134039276,2104.8113949424333,12
3.705056962214018,0.0527100198363003,13.526902274081582,-0.0217697627254222,7.811276928382932e-05,2199.2252646998354,12
3.6743104834305607,-0.000662510258783,13.54084050027948,0.0169127858979146,-0.0138259424190763,2221.573152240953,12
3.680300938455684,-0.0858510971853593,12.647196041910286,0.0541838382027652,0.0727471658273772,2246.7604273745847,12
3.714822392714651,0.0071208780435347,12.83508215452497,-0.0315831973903646,-0.0261144895890814,2187.6074218750005,12
3.692709634178564,-0.0266658463760424,11.833419950384846,-0.051930740083519,0.0137148586739044,2244.7203433388154,12
3.6876798554470662,-0.023513557487412,12.161189129478052,-0.0282075666871511,0.0217914153870779,2264.149478310033,12
3.705458339891936,0.0167089470809234,12.62772979234394,-0.0599273055007576,-0.1089518058456867,2221.484799033716,12
3.695257575888383,-0.0265434372581943,10.97243304001654,0.0346150060037252,-0.0156115363106922,2249.243806537828,12
3.679294466972351,-0.0707526687826752,11.98473463560406,0.0856477391759021,-0.0097601671556106,2362.8263389185845,12
3.7025178984591833,0.0280330798245573,12.145334595128109,-0.1190487157161295,-0.014929094498879,2197.9926886307567,12
3.709378173476772,0.05458371380442,11.890303912915684,-0.0547916167660754,0.0056899465424453,2249.8278615851154,12
3.700004088251214,-0.0264638117269465,11.359338760375977,-0.0399738512933253,0.0945075636631572,2363.9684287623368,12
3.696216708735416,0.0022262754408929,10.903835597791154,-0.0482681387741319,0.0685044036884054,2366.9998393811657,12
3.7063373389996976,-0.0001465782621186,11.352124665912848,-0.0499374201815381,-0.0499218502327015,2318.889776932568,12
3.705142736434937,-0.0713165923953056,11.169186115264893,0.0013544596731662,0.0037970598787069,2288.4381103515625,12
3.711805971045243,-0.0924827319226763,11.11444372879832,-0.0667029670194576,-0.0142924666992931,2274.559300472863,12
3.721447587013245,-0.0239075564191142,10.790238029078452,-0.0100548807531614,-0.0661278700357993,2311.3334639699856,12
3.7135477818940816,-0.082270379521345,11.205654244673894,0.0016675678719041,-0.0413217156341194,2327.1283408717104,12
3.7384507342388753,-0.075244983952297,12.169633764969667,-0.0184000836146102,-0.0985564497348504,2257.0546553762338,12
3.68719976826718,-0.0870669911566531,11.484102901659512,-0.0397173317247315,-0.0609712588943933,2243.0572702508225,12
3.664745964502033,0.0105472039921513,9.376050196195903,-0.029117663341917,-0.0309873933070576,2249.050736276728,12
3.663740910981831,0.0815474528231117,9.06404003344085,-0.0055748235777409,-0.038797341581236,2299.325966282895,12
3.661959836357517,0.0250093793055334,10.830435803061995,0.0306244514588466,-0.0369753342513965,2283.6911942331417,12
3.6770285179740494,0.0342240941367652,10.0039516248201,-0.0802859012037511,-0.0209324097162801,2320.327084189967,12
3.6770618401075663,-0.0296847651663583,10.476556928534254,-0.089901032024308,-0.0250939809178044,2285.874293277138,12
3.6459364514601855,0.0073651808657132,11.153424313193874,-0.0684797626576912,-0.0834171132821798,2407.854813425168,12
3.672230758165057,-0.0380294781766452,10.464200070029827,0.0414570293536312,-0.0654874965548523,2410.2951146175988,12
3.683262548948589,-0.0189819606511219,10.072628322400544,-0.0502421925530598,-0.0463841451626073,2379.28369140625,12
3.648363263983476,-0.0387388702334931,10.283944380910771,-0.041803266558992,-0.0587200165579195,2419.117707905016,12
3.6903533433613034,-0.0299239110838824,11.293909072875994,-0.0831237266722471,-0.0905862897634496,2402.563695004113,12
3.7132059649417273,-0.0106346339820642,11.137671294965248,-0.067375724350936,-0.0564580579337311,2460.0330489309217,12
3.66807172172948,-0.026845570065473,10.855091245550843,-0.0937410330301845,-0.0322349580298904,2508.196777343747,12
3.662165924122459,-0.0562320057498782,11.580661874068408,-0.0300263927661273,-0.0862713099310276,2500.9907933285367,12
3.680124759674072,-0.0187265202403068,11.554678916931152,-0.0151330176740884,-0.0064433738589286,2579.268310546875,12
4.094824314117432,0.0409364178776741,18.907251358032227,0.00977767072618,1.1997722387313845,391.4863586425781,18
4.106005257096033,-0.2342646850960878,10.104469220173309,0.3505647036544514,2.9118922815283304,-110.1129847799594,18
3.852252671332775,-1.4678920190858644,7.077042456979079,1.6832530879380792,3.355751643042346,-5.532853381762367,18
3.7066236007263056,-2.065337117776832,5.26234119462769,2.2087522938043747,2.814186863879445,-6.975203806928608,18
3.679224906620643,-2.20082135418144,5.142375669044083,2.327680381996503,2.583461923717958,12.764866993140384,18
3.6814923711832135,-2.2477095700893166,6.115100884338632,2.303036530482818,2.524543183473136,10.966823967660602,18
3.687189911411017,-2.1497303885543,5.270360313510498,2.1803852245520754,2.49059320881159,21.5029552902918,18
3.687064864328788,-2.033170185643113,5.239591740968317,2.095539435311472,2.533081092280471,66.86142705387098,18
3.664689962300028,-2.113851982528243,6.3577470502418105,2.144296584782264,2.5757338881987257,113.54457557646566,18
3.650102478834604,-2.010217383689405,6.360242629941569,2.05797454133568,2.5834748359142004,103.23745983962696,18
3.664801439309021,-1.9748555540543868,6.416959161085706,2.018985810616204,2.602134236656284,120.10209855202324,18
3.6435129325914186,-1.9955310549478809,6.969251553547333,1.9972518816033835,2.601067376829282,207.43910780784003,18
3.6502834276539655,-1.984426780855013,6.501909430096258,1.9340976605276845,2.590713230900745,275.32792657242777,18
3.659047214816715,-1.9815045486347311,6.332106143112499,1.9366505373563012,2.6026806989646056,241.8881624467146,18
3.628174216915463,-1.9620507728014744,6.34091248255053,1.953656901462444,2.581646463188393,216.74629850902,18
3.606382739989095,-1.9988292183618823,6.669835537795704,1.9596615287772847,2.571052722416478,249.31000502970207,18
3.603138367664765,-2.0005285853666885,6.564840443401415,1.9532134711000435,2.531375426969093,219.16459598778687,18
3.6236677189585578,-1.891899243924628,6.975654823651452,1.905091360396864,2.5818221381096422,176.46597391342243,18
3.615503879008946,-1.925135739116748,7.1795728612242895,1.89839864271805,2.570138812559769,203.62493731866732,18
3.5792752628009845,-1.9791625302856888,7.531315799570679,2.0125397142038306,2.5564926541197845,196.12793184019228,18
3.5621221352414967,-2.0414231525911832,8.514085635110055,2.081297174034277,2.493801089243276,264.47475639121654,18
3.5459481086968387,-2.075248038620375,8.726919712367394,2.1162563230981477,2.451199424711995,244.9057208175976,18
3.547334383137493,-2.104284019391072,8.514130643789205,2.0782772455967318,2.447500021131207,210.2051162403153,18
3.545419552514167,-2.1087892144547458,8.461126343343269,2.0643670905180493,2.4327015520626083,165.12366393789708,18
3.543379351311205,-2.0085155241716945,7.94263015842042,2.0134431405680804,2.4735549812000324,141.3392887352905,18
3.5440166392267,-1.98453120374086,7.599920613142465,1.983169433981551,2.515673460307457,191.9512712787296,18
3.552474970639494,-2.003106536212304,7.368871696757084,1.985895630234999,2.488675486497365,270.1496831490292,18
3.525681236472862,-2.016273905132816,8.546382199679172,1.988488945228925,2.5079984041665107,233.0031643309534,18
3.523935079574585,-2.0240702599410696,8.295268379306398,2.01668288895698,2.4873194585697287,238.68984377532595,18
3.5023512088411577,-2.0636607027647407,8.917714597773255,2.059290562427885,2.493863343203216,247.07089866543217,18
3.507656950178977,-2.02099238985307,9.513556333992986,2.049480867583722,2.502584896641648,300.2286849279127,18
3.512289649718036,-2.02624003323282,9.429977227048754,2.030409784237873,2.512683464778409,349.8373163626896,18
3.4926435027379714,-2.022297514919424,8.63984191862874,1.9950055309351051,2.496187721545271,360.5106678563035,18
3.493407435436961,-2.0590508003947154,8.502184476100558,2.0184731166887087,2.4741108239439016,351.486940122739,18
3.496128886567112,-2.0795495707959057,8.980687279918877,2.034090984906398,2.49364795031884,280.6983101872491,18
3.467875538030601,-2.0538005680464115,8.627701225122474,2.036854786496934,2.451469587587222,375.7770870731085,18
3.4840317504534584,-2.023942484400579,8.98529370098193,2.0620803219648813,2.4610513344839893,352.4859817948085,18
3.4789637243104674,-2.049550993313928,8.949937978720763,2.04927551696904,2.4727370669732944,379.2151933725444,18
3.47302777539645,-2.1004964296253887,9.157515355660212,2.047999140632597,2.449369130787513,359.7356241946399,18
3.476550892675566,-2.0217552768738933,9.163841651188386,1.9916752952757717,2.494580252041955,317.23773433954386,18
3.4705852344323,-2.0402680116075698,8.917255884384218,1.999901885313612,2.452107761905401,402.5156124637334,18
3.4524638405479338,-2.063713485274572,9.576107547490924,2.054855245772239,2.4247216100020035,381.3407449682719,18
3.439933030931781,-2.036240927905957,9.660546290923948,2.018701557301881,2.3891128860568607,370.22206274008846,18
3.429137857128476,-2.037402507180494,9.625117305898073,1.9954554930762136,2.4183298878649957,378.9351336847205,18
3.433621511419779,-2.035230120187973,9.842246186189136,2.026777334233043,2.3939844424299186,393.9528652840133,18
3.431958713966781,-2.047401520226506,10.223925246242665,2.014559762606482,2.4231471243735667,452.8007904939137,18
3.4220552751137507,-2.0485244133660405,10.09120778918761,2.0536484104963755,2.44371511035935,462.1664118469997,18
3.4180742675338047,-2.0211802725970003,11.02052311877492,2.0366629208766573,2.418359198510894,455.0502824585471,18
3.4506420396670268,-2.010751204866592,11.253522734424388,2.042951617498121,2.434907172230764,492.4599114255789,18
3.444861374455369,-1.993201751926628,11.07170836262683,2.0163026489162843,2.426136009920682,489.4043751316942,18
3.420664524141684,-2.043760139417846,10.91626944482574,2.0584078023047865,2.413197895303307,456.7427341571982,18
3.41839328148553,-2.0328628720089608,10.611420025964,2.035630730672496,2.409201180786513,501.4158967204113,18
3.444652031071453,-1.9757461513226464,11.170079346019696,2.0227813829524885,2.4515159693991,500.8702338127675,18
3.4260767713127294,-1.975092357125025,10.993110110650912,2.012114731602649,2.4067100954253644,491.2928397150951,18
3.41279366797926,-1.9874770206039876,11.084313206652885,1.993654091328506,2.380364477387108,501.1900656292546,18
3.4072770587636225,-1.9719366745335436,10.33955241634638,2.0115149525685925,2.379849269677,550.875547290343,18
3.396593553891321,-1.9825162056570729,10.444332423546502,2.0102260508477934,2.355415735007321,560.6316953793602,18
3.3790646954690766,-2.019919890091132,10.436525479391896,2.0098114439066017,2.356543518200949,598.8514508132617,18
3.408050702320589,-1.946627936917222,10.649402301835815,1.976946301480052,2.3894908992086705,583.77528400342,18
3.4155532274998075,-1.9273875976499184,9.936745386400656,1.952941268806141,2.3947103320315666,629.8228909187792,18
3.4241130173948298,-1.9389889695337696,10.330048335538368,1.9322630345079412,2.4059958200731715,569.3775667689154,18
3.423191532554468,-1.9541834538408336,10.781009159642135,1.986021787793805,2.373106901081766,567.7526873196805,18
3.4002797445320985,-2.0223833297792804,10.376027965941368,2.0101561120931537,2.3745283556182355,684.6265912194472,18
3.386424128939997,-2.0168463867234983,10.757000776742004,1.9892021209867168,2.4090780756780217,616.6185127986423,18
3.4049977722009683,-1.957548327960414,10.768321793109056,1.9454656087511308,2.385993993133925,634.0155274957046,18
3.4120804610588737,-1.980285597540036,11.013045077501989,1.9829118241907648,2.40159335274914,615.5280728795221,18
3.3857443016099733,-1.9848108301518863,10.95470227443331,2.0139035535551204,2.4023759464010657,690.2469292478447,18
3.400256604079884,-1.997207037640805,9.881960761992268,2.000023845320421,2.372351928370622,782.5942917186691,18
3.40841754145642,-1.968366359774008,9.605744041347904,2.0027513489188995,2.371144133484709,771.7676113017861,18
3.399543086522842,-1.988245458523762,9.9997847228624,2.0362916279630543,2.362980764436524,713.570688587996,18
3.3770646445484083,-2.0172932622838315,10.841130062752244,2.03326236558653,2.355284458374087,736.8561644494774,18
3.391678659747745,-1.991562439198316,11.048890299816843,1.9694203395566503,2.37710016495954,784.6511202610377,18
3.400847427083249,-1.9531243322301208,10.863437969160278,1.9588800911092163,2.38303347346199,770.545300495575,18
3.387698009301023,-1.943556293412363,10.821972684741512,1.9726455236371627,2.366677659181144,802.7229877646045,18
3.3815229532629623,-2.028234012394031,11.021718970967529,2.0373490850955127,2.372602762523034,810.551302708036,18
3.3674231831958186,-2.006421292965838,11.298303287553589,2.040247391862988,2.3702902358597244,761.3019571264749,18
3.375306866475656,-2.00898747078116,11.198295704062057,2.0255219560441136,2.3298782817555663,821.6650043661666,18
3.3625060631526456,-2.0020519702761006,11.474637201712834,2.0079153365614006,2.315383008901509,830.422136108905,18
3.3479551645730043,-1.9893456672731769,11.181366987742823,2.004698326973499,2.3382627716697595,822.0016271820705,18
3.355838568873425,-1.993697522586807,11.57217575009928,2.03485160348821,2.349431977727106,871.7874631763001,18
3.351781751110346,-1.9962224609129655,11.92389232588012,2.048789808858974,2.3381243741363904,863.0121340929717,18
3.353866718616723,-1.9446012548391256,11.978410499224523,1.9654533061743769,2.3323993860933294,870.6030871126168,18
3.358168464478616,-1.9999489022488417,11.75021575199618,2.0203863852251613,2.3602521666847323,845.6460986632035,18
3.343883223553416,-2.051470507230007,11.557266963468058,2.02299003977004,2.3579847822545474,867.0788201929619,18
3.3629476806434853,-2.0428596690482617,11.780561819116112,2.057809048173833,2.347423969957344,836.0589667989009,18
3.3779063442436,-2.0068246873087903,11.971227131443891,2.0281691600672933,2.331149383204606,855.597720830767,18
3.36375347311566,-1.9678053935039093,12.223372653312213,2.0148202888203857,2.360916091198743,852.0384412583477,18
3.3584330774441797,-2.044050945780584,11.728195020272029,2.0866017935187,2.3287432352042297,894.8256909382292,18
3.3588147766857226,-1.981845108799915,11.971045494079588,2.0421804224307114,2.3273631418394354,814.7125287194467,18
3.366570949554444,-2.0093462219871427,11.599923949023998,2.056944860956976,2.3220050285465983,844.9699663977404,18
3.3623273046184874,-2.02016715390059,11.93361385630374,2.021642428710748,2.304293687907492,881.7023487645064,18
3.360857996208539,-1.9675911269247288,12.22687700279521,2.0275824980122428,2.299340952481472,945.4977743694894,18
3.333995792381002,-2.08769985847948,12.49895287747205,2.130881548917145,2.3280759461193163,925.6179743723256,18
3.332752606680779,-2.0923368218528777,12.21381885085363,2.1540742751473707,2.2960177605577523,927.809978057735,18
3.310542410340052,-2.0595796820533723,12.006484439264192,2.118721558345304,2.2988460786115086,907.8555591630736,18
3.3128189199692977,-1.9926216414360585,12.12484022987334,2.0416602920199827,2.2885457727424336,928.9877354792044,18
3.3031510861582776,-2.035079522746233,12.187556757471878,2.06618564455341,2.2956917483776937,945.0070441155016,18
3.317370320751459,-1.980526796515057,12.391207924522304,2.0126710927338025,2.3201801025026567,971.0279406788932,18
3.311419247591644,-2.025784735857698,12.208944162392516,2.0325917485343963,2.305456362324632,987.9564216582112,18
3.281903333189081,-2.049428926958583,12.164008595636773,2.0060847517860383,2.2681889187745528,993.5091094337562,18
3.289395201750316,-2.042345819631553,12.07877375575022,2.022112649506058,2.2754670079812964,978.994679304574,18
3.294284530695049,-1.9778768046762931,11.543675470154314,1.976862036835603,2.2916860234193286,999.5500488281248,18
3.3057508923700736,-1.9677403413408523,11.641577554441588,2.008779641503615,2.2964786266390216,976.9979372143252,18
3.288931946536812,-1.9581565406807229,11.932254807088386,2.002592257938939,2.3097044877491557,961.9848321305268,18
3.28991462284104,-1.975493401412648,11.929328059754445,2.0189059690815783,2.3047940424369084,1001.691559217777,18
3.2945570480774053,-2.06740903953299,11.66029414893186,2.0811570185348702,2.274480027281892,1044.9620325872015,18
3.2963339876831816,-2.044848070105082,11.681173099027134,2.073606800736234,2.281205516633156,1040.560683127755,18
3.2974694586393745,-2.0168522818949213,11.739909108743626,2.0264653160364303,2.2767903636599973,1024.166991174468,18
3.31312956157067,-1.9961655664246112,11.640864514710993,2.027109007617745,2.26902878927492,1055.2167951021945,18
3.305927350807981,-2.0230029133840213,11.13205846414526,2.037893485231517,2.242955092077928,1021.0074933950336,18
3.2864170984608503,-1.960150585134989,11.319374036986796,1.9711165883234427,2.1934430717927293,1042.423774940839,18
3.282926604955523,-1.997701874412442,11.41808263691629,2.005930662155152,2.2189013859048425,1024.9878550169376,18
3.285690087005805,-1.9594177764481036,11.397102419271503,1.9592161480321928,2.2399819065426394,1046.1555145390305,18
3.276950732306326,-1.9728171533568768,11.282274958503692,1.9904533743363693,2.2354583176339813,1056.7041035885632,18
3.274997787356872,-1.9700486303859723,11.78621023423445,2.008225821855157,2.2687497198334383,1058.4085090605538,18
3.2528746177546712,-2.026814459765106,12.06077310158504,2.0647621837394365,2.2409770182059514,1031.2024948943206,18
3.2451596339213897,-2.0356838633905303,11.617677542183904,2.0466024816283546,2.256642657196868,1081.9210083514329,18
3.247340258721,-2.0013542546276235,11.74790919371166,2.018229451416933,2.238400668029469,1097.0839808293897,18
3.256463053810151,-2.0065941083480707,11.9831896184391,1.9980149214693124,2.242214142534248,1091.0132950272302,18
3.2474659092693408,-2.013977211046021,11.805590400062655,2.0194744865923995,2.2395562017607,1133.741559926899,18
3.2517975118645,-2.001747055172425,11.801479909429908,2.0023487356193828,2.2410549642634097,1145.6209407822223,18
3.247681157717566,-1.986650274996936,11.792729033474112,1.989996739937557,2.277787293635958,1114.59045916672,18
3.249010505517983,-1.998134997870417,11.501969115862703,1.9890531504302595,2.245122503937527,1136.5938290164684,18
3.2304851484496564,-2.0142533472464788,11.85474717864357,1.988500093028753,2.2262183759222385,1140.8980880040845,18
3.219452431587757,-2.053208633082536,11.802939822564978,2.0437766086016445,2.2013435205483334,1152.0158463474136,18
3.232764053146869,-2.033891783710338,11.661894042462237,2.0224383065314715,2.2181295428533283,1169.9498068148655,18
3.2179344244517725,-1.9693269808757348,11.787593619952064,2.0075349001468954,2.207047164687477,1241.421405966351,18
3.1979869866272224,-2.0077096852029506,12.21608946234359,2.0070618000267944,2.181290176399516,1236.5378458490015,18
3.184516955213428,-1.9523377205820995,12.14723293019528,1.952293497892831,2.182182620669796,1244.562767440353,18
3.1858184555259483,-1.9793239322440752,11.869489962629263,1.9631137561006664,2.179516208617024,1252.0609277748963,18
3.200606358001836,-2.0101375807370383,12.096183298039726,1.9537365580000816,2.164331008784504,1279.142865825985,18
3.1951954948456955,-2.0013719426151124,11.884606369303464,1.9935756234212532,2.1131546220344126,1322.5543385106016,18
3.199788508078864,-2.00246683591629,11.680186932512338,1.9763668513396968,2.170658880249593,1333.283198059842,18
3.216948504269865,-2.0249761951414875,12.03361557924896,2.016110510252324,2.156372766771752,1359.4282489950726,18
3.1901985481072264,-2.0059100166890627,12.425478792784125,2.0323089079243517,2.145901451466984,1354.3627716950857,18
3.166551870923814,-2.0190131881919644,12.751786295309106,2.0346286544166663,2.191964056481959,1297.4710455296945,18
3.1879621521565924,-1.994801323443528,12.538314922221948,1.9902794257239185,2.169681382871762,1302.2739926413392,18
3.1783917474548846,-2.0093053317168934,12.611294410040776,2.0234720598117937,2.158655887817446,1345.5471348426156,18
3.169539845336028,-1.9928026303216135,13.42984556855008,2.02560449388512,2.160572858272252,1317.925421623768,18
3.150953640087017,-1.9961233979933488,13.571838458049347,2.0151853462472498,2.155471126073624,1352.7141224714728,18
3.131575219364087,-1.987306386108716,13.368519573290817,2.007839213763036,2.1228128538092146,1404.695667567589,18
3.103307746752664,-1.9992831920687089,13.474984303549617,2.017237935323438,2.089916070961853,1461.347796554883,18
3.096549054893716,-2.050887525328956,13.4801737599353,2.0304323330954395,2.0294448735802995,1451.180344957534,18
3.095076839953537,-1.996670569621676,13.08478364904886,1.9882501517094024,2.060236259120134,1466.8097232802777,18
3.075657643717849,-2.0081550590230224,12.904811415929515,1.991715999559743,2.06376597198708,1461.3100064226207,18
3.074263854640153,-1.9922323538554647,13.088554410024296,1.9781090352545132,2.07283509519585,1478.3010684444698,18
3.044670439360053,-1.9993532871309636,13.577735896921746,1.9746540265459227,2.0502680772567694,1438.5362857802766,18
3.059426575775463,-2.0133322521858688,13.580553284324557,2.0034000848833458,2.096099517157464,1456.6564890754669,18
3.104988072423025,-2.010241855724224,13.784183134181868,2.0171530246734624,2.091072869004056,1391.3231758339273,18
3.1058911653969794,-1.9694736755735156,13.704573045627704,1.9560589364950092,2.093993685552193,1377.2749773080914,18
3.087296698597952,-1.9844759979683328,13.600356517491004,1.9396545511063688,2.0899997875403566,1391.5686607519126,18
3.070527652487221,-2.0048667875068324,13.901685457506613,2.0293560453470323,2.106887312845571,1403.6741310214604,18
3.049374549715351,-1.986758996836872,14.019870022025833,1.978029131394699,2.114763840600168,1386.91201617609,18
3.047823961344992,-2.0461136166980154,13.674422366985144,2.015242664151171,2.080474268845997,1467.7649558926023,18
3.028266589176605,-2.0505388851482342,13.96616485010044,2.0403898533943776,2.0493209540101995,1492.6164657149573,18
3.023955422318328,-1.9934997489343544,14.090134434680229,1.978468881108454,2.059911479593807,1479.10212827817,18
3.0054713413428464,-1.9945007745655747,14.23254071627415,2.02530613182986,2.0203430345938918,1503.4025179914418,18
2.9844375972431223,-1.9879533428374172,14.09053311803035,2.0014012997575827,2.006367588438928,1500.8685196366052,18
2.9436147846126954,-1.9815658899758368,14.040731536896892,2.001907418872311,1.9894505961802,1450.859831370753,18
2.9358593546997955,-1.9764053188418944,14.339545186624488,1.9790162599927656,2.0044933384384853,1455.6596963336358,18
2.9410430474894667,-1.983043082522159,14.499745242328569,1.964184969787281,1.9855991987766568,1549.14539384644,18
2.956716673008139,-2.0321730746273183,14.583832906984194,2.0108663936868254,1.9862105742529717,1488.7005144174675,18
2.9764861259223023,-1.9735025686841767,14.300591567739902,1.9614426105348888,1.939449564549932,1503.8702939615214,18
2.95661209430932,-1.970002841158032,14.29651278974604,1.95967986029708,1.8629981704767309,1544.280002958053,18
2.944337466940345,-2.033607209866472,14.433039815594052,2.0340987824800103,1.8796632428386892,1601.0534404580524,18
2.9318131658546163,-1.9681556190197893,14.163405584596502,1.9958998667253995,1.8661644770396697,1646.11800045789,18
2.9161357751031143,-2.017296394371887,14.58817809647049,2.011661512723107,1.863362302918652,1653.8902192808282,18
2.891512468148069,-1.9722977856877435,13.935232597762624,1.9439704650665215,1.8223763852693229,1718.9252711885697,18
2.8526851982496586,-1.9600577730360864,14.356028216508411,1.9412362318315937,1.811741058262552,1722.3690560368582,18
2.833490632876321,-1.981880258722424,14.564880600608731,1.9245137975423663,1.816416695404844,1736.9261454348743,18
2.820086153711026,-2.0023409573369,14.547873018193544,1.9952549118224017,1.8256409499655124,1781.8734672831304,18
2.794540609066912,-2.0286844004239293,14.595646581214488,1.9991033868670969,1.8464441734725516,1776.319249323295,18
2.7743385421784583,-1.9817689820443956,15.047903025298702,1.9954181419863253,1.7923884856750356,1764.5235231011734,18
2.7497041522219963,-2.007211929534975,15.105356125416105,2.0154037762479664,1.7795162210820623,1756.849428042337,18
2.7378759957942727,-2.0310926887504293,15.142644146171346,2.024809875923568,1.7417030977510315,1746.0555034969852,18
2.7458129443568318,-1.997879751985004,14.992276144225563,1.989795778302236,1.7302017622468877,1814.215601497666,18
2.7234367097561787,-2.009459359022592,15.32681625413696,2.009833970999817,1.6995299851745989,1844.906989513096,18
2.7016449024073808,-2.0043522371790727,15.842407404634471,2.0529030516929154,1.6802693234439705,1873.265401120008,18
2.6804599880677533,-2.0258611287318824,16.088173988943772,2.030689869678861,1.6830905166404375,1909.107320571836,18
2.644944319586536,-2.075156323642652,16.226417494018047,2.048186717686317,1.6907871387806177,1886.1468282992412,18
2.604948345556299,-2.068318029656945,15.774859357176975,2.0117576142069717,1.6616247719254238,1917.650090261119,18
2.5751774053850616,-2.010359095339953,16.355558957301724,2.008550277884076,1.5914582859925714,1936.7070960840244,18
2.5373661992955503,-1.9495626915539936,16.499251440847562,1.980682513031228,1.5744033537465012,1947.0422576017893,18
2.540179507860999,-2.0505889950946146,16.850695226202372,2.0512934611546045,1.579220589760428,1922.8299829000264,18
2.508357324046218,-2.082699789545843,17.081056254533316,2.092537346717233,1.5509958504641204,1953.9047922474715,18
2.4687880440866303,-2.0891027687990813,17.268692151144826,2.0796951070366063,1.5362082101497412,1898.6931653794409,18
2.4542223309085585,-2.062714377874161,17.852542972168976,2.0856875829182218,1.5331901692750542,1928.4278316260368,18
2.420632626505808,-2.03999456825098,17.741603115287557,2.068899484096226,1.4907226236034723,1956.303712963564,18
2.389252775437604,-2.101200621157761,18.046968982427448,2.1364775396481592,1.463130480026308,1897.2967818010889,18
2.381680821976721,-2.036420969547572,17.97625439592417,2.082788562378943,1.423817445628376,1898.633812362228,18
2.359719811633415,-2.0266782218489903,18.78463309038724,2.05997748988298,1.3778512586696514,1953.3415638777228,18
2.3303322406230627,-1.9911511231260184,18.633335746670166,2.029092339559215,1.333265655268278,1983.058290347024,18
2.335671274493838,-1.9956382102491452,19.7323112487793,2.0114260758601783,1.3984357197749673,1948.855000729382,18
2.2982276762174862,-2.0052304074972014,19.70832581737724,2.020432442550343,1.389437343075068,1959.5826603426483,18
2.276601265080242,-1.9796315466219951,19.81038339701925,1.951558440552708,1.4112994027830257,2003.1670281501235,18
2.2702444351560347,-1.94811767859083,19.06640982726797,1.9469451384920304,1.339250626900384,1992.6464306843231,18
2.270671967154222,-1.9247256814196885,19.54852885329377,1.9304919138983565,1.3071664131528609,2049.3092765333245,18
2.268273678063357,-1.9620298295594831,19.82119411452677,1.9296623522809928,1.2921162324327644,2064.825203416753,18
2.223348225795381,-2.0023584415309177,20.02744247309894,2.008903633014791,1.255971210131507,2062.2573039581166,18
2.1842471831072414,-2.0281581957805206,19.75619837654082,1.9708219415419328,1.2344194932597303,2018.6655344349715,18
2.162187990805915,-2.01383060934138,20.19375847780853,1.964444358813812,1.1735986604730124,2014.3178827436136,18
2.214859758669905,-1.935942965919052,20.37695710589776,1.9612773627166429,1.180002162565334,2085.766377682508,18
2.2044472674611204,-1.92107576403875,20.77387194020125,1.947622818076264,1.1708649436467895,2049.323203692296,18
2.157308012618068,-2.0087469450171054,20.776012602683416,1.958513307868197,1.1891161490278124,2066.8159635551738,18
2.186366170273777,-2.0015399624203254,20.275036950329035,1.941979585841484,1.191829360372298,2068.76389474196,18
2.1910350372187826,-2.0909205304141856,20.877164500382925,2.0390589632928617,1.2645586006868923,2005.3613635811075,18
2.1958693537969314,-1.9921610765932007,20.516133755569147,1.9248646581815985,1.26213599636347,2024.34555167677,18
2.2100302183776472,-2.0475748010690777,20.843964192877166,1.9871081395762595,1.3217819256406595,2057.2886684306923,18
2.2099897653730087,-2.1142356366042776,21.29494701084756,2.071243667998253,1.2905331879730546,2112.964738394708,18
2.2634599634225934,-2.087312141394715,21.846810305266956,2.042006193849556,1.2858382963045998,2063.3404221910664,18
2.266567630886537,-2.101549295963588,21.515548618997283,2.049294337197458,1.276938992911849,2135.360766905472,18
2.295105986575368,-1.9981509105793172,21.75696945981861,1.920442331876003,1.256705985029703,2168.2579766111253,18
2.265668958054539,-2.0710607524729365,21.815728231089743,1.9974024839915667,1.298825874368185,2169.4430504003503,18
2.2911599651906505,-2.0649303647987085,21.608800413202932,1.9946105114157269,1.2731869487841592,2178.965563002464,18
2.295294395620892,-2.1194224614820043,21.441899358978905,2.0194039028215207,1.2643277382949578,2181.6017286371884,18
2.3259082829803845,-2.032054381746474,21.64692149815223,1.989839360427065,1.2918431981470575,2222.7269991166363,18
2.3635250740526126,-2.043109786955648,21.942385883252157,2.0745684497089307,1.3145056775002066,2323.466937686397,18
2.404616603218173,-2.0479963617206107,22.052887334863183,2.001191419189896,1.3454511155726012,2311.768115031768,18
2.4293868047073173,-2.0625950587735637,21.73477972196841,2.0093123932597043,1.3647248012890962,2317.7967615404555,18
2.4127680167123,-2.1485465463266333,22.35633772537421,2.0310179168257974,1.3880707960405794,2322.034601108662,18
2.414489444360693,-2.1387184962197456,22.43441634751949,2.0559542367072523,1.4117429014063474,2343.8941655455783,18
2.3870144820312245,-2.151749306199956,22.34975505369828,2.077728585088896,1.4180741923478628,2359.092208165845,18
2.3870098442457524,-2.169145408013056,22.194402283158045,2.05121403413195,1.3874976575621931,2389.634422207274,18
2.390389151592967,-2.117697434801282,22.27223523721656,2.076680399075583,1.3815202821834445,2378.472592429008,18
2.3921107681955047,-2.110604007214431,22.763798685984,2.090530629969237,1.4146425719083104,2397.099562775545,18
2.368994265671093,-2.0213479481297405,22.963546586729183,1.9892519539322595,1.3640149673485655,2432.048074429461,18
2.3820648846289925,-1.9596731138427224,23.40496291164541,1.973313732265931,1.351529891065542,2476.062817078903,18
2.3661289650374924,-2.0232967479595008,23.08141155955208,2.0048025792070443,1.3792226922957236,2454.1860868208632,18
2.363114806131703,-2.058279891231741,23.432145922015813,2.0407854491744284,1.3468731448858096,2454.6172563861523,18
2.3304521028431613,-2.026764458145838,23.117251083563964,2.0200193136064835,1.2881790542998253,2461.713969503694,18
2.2859287400463306,-2.020323818649988,22.716570137941986,1.978391915436108,1.285830028324206,2448.664608524053,18
2.2821775274158016,-1.9415914364375515,22.642947098031577,1.8967711455594456,1.2679375969028075,2447.6691803358403,18
2.519558960966053,-1.2846508688946536,22.99448355203842,1.279967937232058,0.8158372690074225,2456.4696475460323,18
3.1786978373389103,-0.2912464896178265,22.19531345763146,0.3124383643454949,-0.1122923401567038,2442.029525820149,18
3.503142068989544,-0.1053121947834102,21.684133078547436,0.0792586383297736,-0.215468968098587,2479.802055643805,18
3.516777871555313,-0.0500282066182473,21.22700341410657,-0.0222290698438893,-0.1280866286628472,2476.732128095824,18
3.568814768336126,-0.1030123295316557,21.383091392358804,-0.0322687864319046,-0.0582578646876999,2447.9850760178942,18
3.568496394454196,-0.113048392800128,21.870629021735603,0.0454150458403647,0.0871928856395089,2491.4568833473822,18
3.626511002971918,-0.0436297212089761,21.90636186085303,-0.072523744593283,0.0661173950401587,2421.639497495789,18
3.6393006431611257,-0.0702727787907701,21.44141854092293,-0.006423303169578,-0.0147334034032977,2407.2848381580648,18
3.6174903915136185,-0.0390817107192203,20.50249852382295,0.0493436152988828,0.0763214970339873,2524.728222858857,18
3.631818056106568,-0.1005801483988761,20.915058135986328,0.0766288097947835,0.0302965696901083,2562.991455078125,18
4.106216907501221,0.0086090052500367,19.67044258117676,-0.0204129163175821,1.254726529121399,383.7743225097656,22
4.199109275981146,-0.269146735740079,13.691872901025912,0.2308727604869738,3.089191168662639,-15.784432236786486,22
3.848385590987447,-1.891702178851176,11.888027358147884,2.0402473308696822,3.2002873003250896,97.38097826887198,22
3.756879573666168,-2.26010514047823,7.790345685491301,2.341417933252535,2.677247717222815,85.16664702419178,22
3.756945055282533,-2.26816484250911,7.320054265775569,2.2774879477831176,2.514951059326588,62.13763276333938,22
3.700787073907221,-2.2740953293291977,6.728346694768171,2.2512858080956724,2.463560933732801,-2.430113892610894,22
3.70837162348083,-2.121928254917902,6.353784152969776,2.09230188822468,2.4751897071586044,14.578070521818525,22
3.7218312632712873,-1.9802966488938387,6.329715313150725,1.977811045219926,2.571695925196785,-8.923479345522042,22
3.7035123494812487,-2.103856325149536,6.875176819382011,2.0610513111960564,2.606756635213177,82.96737745114338,22
3.6545736001159432,-2.1490150342191705,7.912661073736643,2.098239393085821,2.507042781852099,143.91487041428863,22
3.650983568295431,-2.135866552011512,8.708275717056216,2.101349567160996,2.505775777282418,80.72364531045757,22
3.6401138491203815,-2.097950461309708,8.759708285795575,2.079818004764008,2.5126037198745785,39.0241168723496,22
3.613784522861822,-2.141965057135556,8.69899429143171,2.1275022577218974,2.49470553694996,109.70040967770588,22
3.608238772195601,-2.125245513619152,7.577490995830135,2.097787331050472,2.535296251801665,120.5733031335972,22
3.603560977408858,-2.08410060544886,7.119117989150467,2.044774732701045,2.5193105170698944,117.01126546896846,22
3.564681129232919,-2.1217457737904115,7.483314796180577,2.0730009283073216,2.550176644603566,111.29364527245906,22
3.536896308572376,-2.0572728739638277,7.840547264781907,2.0577494569325725,2.5267322842713,134.4331896592671,22
3.529710945916083,-2.038109329424016,8.450796171848879,2.060041847859839,2.485283726384204,159.49981060102294,22
3.5232267518915554,-2.0094711251759807,8.688838105257384,1.9978987020277328,2.493889657439889,189.91729866948108,22
3.5642323317694755,-1.9265800621722924,8.409093886497885,1.9342680325304025,2.4966312438133627,185.49549444176336,22
3.553388047311093,-1.94420752961348,7.6400431028136015,1.9751506236740588,2.519705608197224,140.8592283493814,22
3.5579410916636425,-1.9414192261862848,8.011775198613623,1.9241828556654517,2.540141406226251,153.67632471819348,22
3.573669343606971,-1.941035713667072,8.268197434421642,1.9301383982372653,2.54432574413166,228.6628238663136,22
3.5751824981971474,-1.9191377844791933,7.907047011972867,1.9176587928593851,2.540627963811971,251.994572502166,22
3.5481438126545477,-1.974447875635169,8.609157851697871,1.9715891334333309,2.5268695679156234,237.53852636433757,22
3.518844456988086,-2.0153124044841366,8.699155740700808,2.034950175637865,2.4705406571176725,238.24440245869584,22
3.498587360641836,-1.9823144572254283,8.666699762010388,2.023074449732146,2.5007375474106013,312.68565433962345,22
3.508357555485885,-1.9321050388803744,9.231800903142194,1.9707357479904413,2.481395145334622,267.5143483677728,22
3.509842469998371,-1.9591309643904984,9.4584967616931,1.9840925894822592,2.523977296361664,282.19903505080407,22
3.481741614842693,-1.992779451121616,9.506412394779666,2.03531304685986,2.491781923093684,346.0182783668609,22
3.477284257050154,-2.025678391586482,9.132478647194947,2.053834920727325,2.4295362424293843,301.7835333560691,22
3.461183519214972,-2.0869904826123427,9.86645428401487,2.134510893766054,2.392388172186766,335.6341720165445,22
3.4739459971045705,-2.073505137217184,9.3213233873538,2.0842943386345056,2.453013398767909,340.9270984931679,22
3.474149167769614,-2.0681845381102213,8.993639623144718,2.1087022950213243,2.4529456090370503,329.1555979687882,22
3.491586136910702,-2.018553232868358,9.55380582994988,2.0488456455186186,2.459389453732086,354.5076653743998,22
3.491952430413391,-1.967443323320916,9.770064216643457,2.003279448483241,2.489047146029045,352.6226912324068,22
3.4856960792022,-1.927764290037786,9.70262965339631,1.962739020006202,2.5049781428236906,400.669216170849,22
3.493994688709422,-1.972304362267372,9.734099681275366,1.979463166299961,2.5020577573590703,351.7723537103672,22
3.486199829828878,-1.9676035995149428,9.92076781751581,2.001426121604118,2.515553692435476,348.21408769778253,22
3.47716184070602,-1.9467141804528143,9.262060788818834,1.981031299565089,2.527423889256637,386.5020620145686,22
3.5050332731773883,-1.8948332776355368,9.307450832559905,1.9330850431427415,2.546841477605619,371.43972825818486,22
3.4831069063119853,-1.987391472790492,9.405473033741757,1.9943801558899048,2.507130288892219,407.6494203560085,22
3.5049518091669345,-1.933758783433224,9.61887718824097,1.943211721539033,2.546040116581008,442.8418449669027,22
3.515115584844745,-1.9208482675515264,9.482134889535867,1.9039294817104413,2.508878815498797,442.6045611786007,22
3.496880437613461,-1.952592731913704,9.713570361007513,1.912897242646273,2.4923814623272373,464.93123463434006,22
3.496317484035566,-1.9763793096468143,10.170140566992853,1.94565860631401,2.499764717042678,447.6513459320663,22
3.483697775273008,-1.960470398576343,9.724692170258162,1.943969509480992,2.487538051048605,458.2091497873981,22
3.484489242390436,-1.997436217296912,9.799027995840584,1.990026111268812,2.4709634085109724,455.4209512792208,22
3.4557276440037827,-2.0271214835838585,9.361346300473937,2.0136206938598877,2.445313149389126,545.2380596710086,22
3.415459719149519,-2.0783804826699344,9.34685691506946,2.02996921260997,2.405474404880509,505.0222530142343,22
3.433448139331684,-2.049638770433715,9.180105669489166,2.001370958317114,2.443919766273944,539.8281052882569,22
3.451417093610949,-1.972650485279959,9.563045405228314,1.9575276300600997,2.4504271342132804,515.3376576464464,22
3.44409339437225,-2.035006787990317,9.72628498448472,2.0150495767593384,2.4497764453813726,499.9204126499042,22
3.453393590125592,-2.011660279003099,9.083613206440374,1.9947202177827,2.466181132580056,495.4495432812878,22
3.419916938714944,-2.014289483022133,9.560127762968902,2.035177485952117,2.425559115317081,512.6435527875728,22
3.4077354720594357,-1.9924319973251696,9.696707751500467,2.015001199124852,2.414695522664586,500.0571646486275,22
3.4040820515109407,-2.0252276292570834,9.807239777383174,2.0273008374388577,2.393440224317261,514.5992153776295,22
3.4106618894213367,-2.0178190214624667,10.184658035693932,2.03064863134451,2.4135062657441613,500.47643081130695,22
3.413217301498592,-2.0214981615311443,10.771502068070586,1.9977655795761584,2.450701458444855,540.148033053031,22
3.4027807035334843,-2.016636056194973,10.559946223455643,2.019740328250692,2.3980322069695026,611.9918357760062,22
3.41479303493574,-1.9700855290379504,10.43271202057716,1.9387530287879915,2.386210084425336,645.0189624593415,22
3.4310378981935377,-2.0196621956064544,11.14458602133428,2.0313009492154253,2.390707314710209,601.0363439418928,22
3.424768330985934,-2.007666996944739,10.94098421386244,1.9925881628860296,2.3788312427728555,610.4283003157678,22
3.410838774669959,-2.013836684393976,10.696081235714924,1.9858091364574804,2.419912177764952,649.0823554250517,22
3.4290831237451576,-1.964278577366692,10.59405626675498,1.954869252698431,2.459116692672908,647.526986801207,22
3.4182465809328546,-2.025897963037751,11.030891611418372,2.0227183497833376,2.4216576429656507,668.6216055428472,22
3.4104218130445667,-1.980931741718188,10.99191520928409,1.9876127628036973,2.3955381927787096,633.5520629882809,22
3.401760396326562,-1.9918210886795695,10.87272028050998,1.9978683783386468,2.397440055001107,621.6209168192942,22
3.4146257216828344,-2.0368277878149006,11.006650753986044,2.048607733463036,2.419106445423824,689.1361817831191,22
3.4022719303457656,-2.042124631339937,10.904165987838564,2.0474056826491296,2.3842880466104943,714.946921975696,22
3.4011833315229603,-2.0140747606522376,10.760963254401656,2.047861534333878,2.380338975891529,663.3380466565083,22
3.3810802146154617,-2.020546390852576,11.23093893741355,2.022730174231622,2.3926089830435666,691.4746675602663,22
3.391290738888752,-2.0173139855091677,11.470663909318382,2.023383064492667,2.382275620323211,734.5456407598947,22
3.3871095783515663,-1.9619336550337796,11.19308302467435,1.9751369044010736,2.4055633238781287,722.5159007269119,22
3.3842765737600367,-1.9864805301339716,11.495399467676062,1.990639381371584,2.4091636800580454,716.9668669348094,22
3.3680557694416566,-2.043081770611181,11.949492409999268,2.0462530317937357,2.397059148387686,723.7852923322745,22
3.3691131020334444,-2.0322215974562834,11.771325341458452,2.0675919083769685,2.4042348008211483,794.5507320893879,22
3.387221262148846,-2.0023458876034628,11.476222316578667,2.0490002557925213,2.3877819456478964,787.1585956974253,22
3.3993669428250204,-1.9795652799569217,11.084584944906869,2.025868740990932,2.4100362966960507,780.6524537082774,22
3.3809387739530337,-2.007300085594682,10.978573654412292,2.033555521575394,2.3792741920233698,855.0576093503015,22
3.3911593637577755,-1.9834939821221025,10.928577894366672,2.013224184281168,2.3797519578080237,886.2167982999454,22
3.3725217641095706,-2.0546336906893248,11.459430813325524,2.031407805268403,2.408858184220726,875.1704524296264,22
3.373385563898643,-1.9572169344712784,11.01581972396792,1.97601835458659,2.3788481176131437,947.319512155733,22
3.365209315073629,-1.9699726011966447,11.353540294365196,1.963517096256004,2.390567688626538,900.1308607999453,22
3.3587989426772413,-1.9315176019408835,11.578749779133476,1.9624372999028008,2.3829185211241013,940.5138613927224,22
3.345482840148392,-1.9991865775000723,11.244639934732756,1.9675459370075032,2.366528101932214,967.508425463962,22
3.3473145293818374,-2.022819479615772,10.575603685490352,1.9913459023612945,2.3768521384970223,956.8565072976196,22
3.333041066789442,-1.982244188219656,10.70050065897781,1.9641147132977428,2.321336943815654,933.7125662124574,22
3.3066642330778246,-2.0458108840749425,10.923735696518005,2.0632524035784057,2.318928211115677,943.3541912865549,22
3.291128717971683,-2.02224991108193,11.138820351329755,2.0715338961159677,2.286670993738137,921.5636107448474,22
3.3323804042682577,-1.9893065742017693,11.162809438742556,2.024440533456172,2.3433191896876475,976.371391088583,22
3.3207631825473056,-1.9881879814867844,11.33739200176432,1.9751619819537207,2.3331425895022977,985.3185667045384,22
3.3248936860941725,-2.001625248430304,11.140737719109088,2.0175738019238185,2.300283444994619,973.36818567417,22
3.3333187984585297,-1.9888250363939928,11.248094172793138,1.99499097130178,2.3074337322888203,933.3853206411876,22
3.3361926162289275,-1.935365094285067,11.427914059115754,1.950286286814204,2.335397613651557,929.4452398277906,22
3.337984234442507,-1.966313693310036,11.082234423448131,1.9605556568746896,2.308183646851477,983.2959661224012,22
3.353020293239489,-1.977171605663077,11.242089928356126,1.973090670915893,2.3290490204258187,979.7702349354784,22
3.3415239868460924,-2.0391249526799418,11.309557525100413,2.022082890054131,2.3404192321495323,921.5702419652084,22
3.3440290360135325,-1.9564593923694888,11.141997526591854,1.963587541060689,2.347770726170521,946.1532877762496,22
3.314365284916028,-1.9804034998444733,11.61769913328297,2.0032035942671365,2.353205090830762,983.2956295978234,22
3.3074621337860943,-1.969611463843616,11.516020014128328,1.996629538703057,2.2993696635799186,1019.8948699119944,22
3.294457200900126,-1.9660646428393944,11.364215464907396,1.9520416663314573,2.310020443066549,1033.662939643118,22
3.2812889382996917,-1.9901785753116528,11.683959853324444,1.974062650120212,2.311594749703018,1018.1932427669776,22
3.294051749233142,-1.9559460024889344,11.338239599294695,1.9593713789134644,2.307223550076614,1055.84814690616,22
3.309150487068562,-1.9780258070170185,10.924919232320228,1.9403849510831128,2.3205495344525646,1015.4397440513286,22
3.315017149142254,-1.9322045508061867,11.26192669181972,1.943104867805303,2.355699901914782,1040.483273042315,22
3.302190239791276,-1.9597508002811836,11.204896726496951,1.9814822715544052,2.324655142275739,1082.8350739831594,22
3.2983353202908883,-1.9620099879424395,11.126074653655174,1.9491955204232656,2.313896361955873,1097.1870440175096,22
3.296820838163799,-1.944330559630338,10.7673207591016,1.9560219731312316,2.287662969025193,1059.6531227200876,22
3.2883212584929704,-1.9816259679163477,11.410518790961245,1.9964676840296052,2.2778118723561325,1114.9474803167564,22
3.280938844272599,-1.971866847012293,11.73053497655846,2.021025697544855,2.282225686752379,1112.1786216409291,22
3.259445615315716,-1.9945902346637,11.629915137235296,2.00516995660062,2.278225416339325,1085.5294108706223,22
3.2390558098076845,-1.993817347960713,11.681629707841092,1.981259496759348,2.2509943548343525,1138.1596560942062,22
3.2182083037112936,-2.008960729443145,11.341323013899396,1.9768870971546095,2.2122555298564035,1180.7271082540428,22
3.213307080101874,-2.00499506126582,11.41558909880048,1.98936612318462,2.2331414009346573,1120.2181149493856,22
3.224646803006124,-2.0392330527769453,11.598013399176097,2.0513092107809934,2.2233273120241868,1146.1189819810918,22
3.223215398157617,-1.9864978558358504,11.99940019080613,1.9791481587673423,2.209650711326747,1107.171776678775,22
3.2239968498393257,-1.9944924593899496,12.183987725105734,1.9841770787183413,2.208599728832913,1145.4210941299857,22
3.2218964062776085,-2.022582839899026,12.200383479493135,2.006173409376627,2.241021485644092,1182.0703566733036,22
3.2347017661142905,-1.9920125360154923,11.997144825263709,1.9762433567863495,2.2262666550127914,1196.7020757652913,22
3.227943759947899,-1.995318885907125,11.78221037230139,2.017040345455422,2.2529498927788048,1201.7099737620074,22
3.2228108769724804,-1.9506096575510643,11.824679248527794,1.974153424979184,2.2370980203383626,1205.6156286098617,22
3.2294573774597524,-1.935465391044023,12.588980147810766,1.987858475414232,2.267553199589948,1205.3283135677584,22
3.221430824888356,-1.97592003707292,12.671391023272207,2.0226594891529603,2.234209476277986,1219.418552502584,22
3.2344452342170684,-2.00159074824144,12.491423799833898,2.0385006151310665,2.230123474440222,1256.9711030596427,22
3.201233966805128,-1.988783360455287,12.558675020121422,2.0521130264965013,2.163648648020822,1273.2145692105416,22
3.1867651753852337,-1.9734757447521047,12.22946665351957,2.024818029848982,2.149747814185889,1272.5891536015015,22
3.188529444111924,-2.0194633526560866,12.215892806591231,2.0567475283656136,2.184814983768686,1267.75217161661,22
3.204010569167972,-1.9921930225906668,12.40190907489465,2.043940925412605,2.159220804964058,1277.2124816657038,22
3.2153507373676224,-2.00489042055746,12.056029256679668,2.0584753366759783,2.1748091172615376,1265.810888386886,22
3.2058837107647253,-1.9864246859160848,12.069976550595769,2.0283203607403357,2.167889872413665,1267.5782579948925,22
3.206037602999795,-2.003441095352173,12.40970277971795,2.036683330276132,2.177070575929338,1280.1536656242406,22
3.198868918511654,-1.9650223078894709,12.175307670919812,1.980460818175676,2.1963952886455256,1257.211343134423,22
3.178659091199882,-1.9953725161719416,12.40284935695188,2.0194176569986904,2.198290076237244,1282.3096035612234,22
3.160968555086781,-2.002643010959551,12.838997417850717,2.010336428764729,2.177031388078682,1282.1539586879862,22
3.161305333853696,-1.9553761992473089,12.997852837529166,1.98285842359298,2.170292411796778,1283.262995500972,22
3.160709464596404,-1.969920737734102,13.52388436135614,2.00523686130687,2.1673637614639816,1278.9260168409528,22
3.174361150088477,-2.0089728006592997,13.5302078306443,2.014203335988382,2.173120989409866,1252.3080484709394,22
3.175943289285504,-1.991791846687228,13.901262721199002,2.0041319827625266,2.174695089169513,1331.12787268969,22
3.165778654558649,-2.048247619361729,13.708676178631617,2.0648892797848597,2.1549733232431376,1350.937680968051,22
3.1613034914439755,-2.0080755545471427,13.511337465813188,2.046427383497067,2.1506007302132097,1346.799673592534,22
3.186126464999603,-1.9820462896666184,13.20548201906078,2.0439767382952034,2.1645842795242123,1389.240024433063,22
3.186815131035297,-1.989502973593628,13.483400660266213,2.024943634693725,2.1766360464726904,1332.2662401013802,22
3.1764615973609898,-1.9870568898865224,13.522857717966753,2.030911663163032,2.151015699141684,1352.115564012343,22
3.153686380571892,-2.0503746285048905,13.254805705890584,2.0537240022815157,2.1456473430307,1412.3071759294442,22
3.144185146005237,-2.020189809428115,13.422799834017622,2.01795704819349,2.129679116757464,1420.3750370485775,22
3.141360183634183,-1.9841712411739487,13.890743656381094,1.974176331252904,2.130610071731449,1374.9633637068334,22
3.1304873019340897,-1.978397318361336,13.668500198928289,1.972036362622036,2.1083780578138303,1433.9664311390443,22
3.131980269799437,-1.971665863860906,13.589053309845092,1.9740542094531224,2.087077818028194,1460.0993452851403,22
3.13103875854136,-1.953351841826383,13.751964220277069,1.9753778658024528,2.1109649383604294,1448.7295705594902,22
3.113856598560912,-1.9445367040337287,13.960502635644104,1.972755748010331,2.090408437446861,1489.5858847770246,22
3.1250386609177645,-1.9413370000713064,14.135667396426667,1.9735670910735077,2.0841566848383803,1431.0234512744717,22
3.100357160494021,-1.971534860273279,13.852439038020629,1.974426622984474,2.045646283413185,1448.775944928715,22
3.0967769724849594,-1.9924187715879207,13.948528913208484,2.0055360218894163,2.0852820177486437,1413.2568444871722,22
3.087580845049847,-1.986146182865484,13.931965920711765,2.008538624655875,2.070839540503832,1430.3068619665012,22
3.085392332262566,-1.9799759592063697,14.00326576307126,1.9685271816031016,2.030387538880226,1478.7580452410627,22
3.065144537023997,-2.0114867594455466,13.686984911966878,1.98823384088301,2.030098752752816,1508.40773099313,22
3.0477536457521905,-2.0095446485489723,13.573924049793048,2.017962500279052,2.0297022932698288,1549.1153056222636,22
3.0392051373938176,-2.001924995318462,13.727198630455408,2.008696073687959,2.059006535125614,1550.5773365302773,22
3.0238601094553905,-2.0448786293950065,14.050225521339982,2.026582683570654,2.051954789848179,1590.1836659472274,22
3.023088248323374,-2.0430707245021478,13.969537590264345,2.027597253888497,2.048224181052776,1586.4659951057877,22
3.0308381184529702,-1.993708896729733,13.946966212083394,1.9901424242828607,2.036754176774377,1540.622016639561,22
3.015599735979904,-1.9973512628199055,13.973214965849996,1.9679974452066973,2.0103974388731127,1532.162119824599,22
3.020956882706876,-1.9843611341506124,13.757586620197218,1.986299427566824,2.017643680832266,1558.5287496960111,22
3.013905769192291,-1.9871545042045384,13.689319759027509,1.9570140091825547,2.0084886365363577,1575.52983930417,22
2.997789960890892,-1.9814944939854544,13.731139940046615,1.967408242392633,2.03075323401722,1535.7547745166585,22
3.011840290596513,-1.985756042402542,13.95284934359302,1.9700099062826848,1.9898225801928036,1563.8624068085785,22
3.0037260324574637,-1.992575570767028,14.2635807118991,1.9770322857199936,2.010876678771082,1549.82394088567,22
3.00962876160321,-1.9473271889445405,14.213113955486596,1.9325383085221195,2.022741589564756,1543.5020229473212,22
2.991922590055355,-2.0043316569309746,14.04031822189746,2.0263137965814613,1.9656872183432368,1618.491321608251,22
3.010317693888445,-2.0243704801403597,14.14178509842097,2.046637743827433,1.9382457046657215,1635.4079129111449,22
3.0106855208771703,-1.985007064815625,14.155698353214486,1.9884725642111516,1.9066261368502904,1610.6134489185615,22
2.9977303358367444,-2.018188637054384,14.32433127243695,1.95800180193979,1.9157211632116296,1612.2187295757842,22
2.9781288915107225,-2.013690082015694,14.479475255142388,1.9835103638905027,1.900111909042536,1667.9248089623352,22
2.950363070120607,-1.9538322687149048,14.523786311019723,1.9499021875255305,1.923884438633456,1695.3834561002852,22
2.963108750168915,-1.9121515569983747,14.904555836540258,1.9343377444530736,1.93729083129868,1679.257174599495,22
2.9573535399678152,-1.9482592437053936,14.610825141580186,1.9502391393082612,1.939458998260795,1776.601269436254,22
2.923142594586087,-1.995732064377009,14.400125737320124,1.9454592350392024,1.9061051996765437,1769.460233102049,22
2.893822431564331,-2.003794374169079,13.99552520796483,1.957979405900384,1.899677763189323,1795.024917543167,22
2.8864620585385925,-1.972597071168952,14.213520209613003,1.9393805571567224,1.8956743743169169,1794.390722371261,22
2.8457530518914007,-2.009647578116985,14.354011431742263,1.9963572285054727,1.8833244120564443,1768.5901330138918,22
2.830165200660201,-2.0299810491183385,14.637008711521728,2.0018323942844964,1.8617694633016328,1783.9939544321498,22
2.8086516643776505,-1.9666433097787404,14.6931662021444,1.9655199046264824,1.838466611353804,1823.8317514857429,22
2.7915090735320454,-1.9615952620710375,15.6334576959276,1.961308701956782,1.8484372916388605,1794.3318094335182,22
2.808825695097214,-1.9504206834600133,15.444989237803902,1.9635595189922048,1.8155109492721264,1839.461368308456,22
2.795583728686381,-1.94770972135002,15.728580007293356,1.996664144185731,1.8000074680677185,1838.7996617179904,22
2.7529646914292862,-1.9026670182261485,15.469667672183265,1.9431398114341696,1.7682900303532634,1897.499223879804,22
2.755246059439989,-1.9558311088539748,15.3598983482628,1.9960300036441487,1.7700765383382715,1948.3107729663184,22
2.715921962307585,-1.978291378410873,15.420373085407896,1.98921038111824,1.7656956410129712,1936.0424106464316,22
2.683766182294616,-1.991048945527133,15.52911852305965,1.988537720669105,1.70813973497324,1915.8596333900773,22
2.6652102535336857,-1.990029583645238,15.1956080536898,2.012545862086553,1.702074819037887,1940.826691030064,22
2.66055298222642,-2.001037387996332,15.579225621798626,2.0349721927123303,1.740333828016942,1993.7279684460127,22
2.637639705309144,-2.0295518891820645,16.114352341291973,2.0604106860402025,1.7192608396366875,1941.43078280794,22
2.6168729999186,-2.0542307410258727,16.16635465065329,2.0548368557881758,1.685901615870138,1971.31554035825,22
2.577019387182095,-2.0276915544665743,16.25628053538994,2.0255300525561384,1.6682147172638415,1951.7453504035443,22
2.566312707351803,-2.0527928784663585,16.75516769765416,2.051175978397117,1.6499481549058896,1966.2500641225383,22
2.567725302180428,-1.9955606061660816,17.114980564043222,1.9851114049495884,1.6213164686692834,1955.389306450632,22
2.556969395871292,-1.9713424662207812,17.423232579509573,1.989896970500278,1.632329407832965,1986.4883805211884,22
2.511504006293033,-1.9989533600640204,17.318258834720123,2.022529917468357,1.6025400166381658,1966.5008150687013,22
2.5108015073412586,-2.0113570291244565,17.377821413923332,2.03467527994386,1.5606626128408234,1940.385777811132,22
2.500476955903643,-1.9914163128411253,17.413273095156896,2.0052924564376413,1.5652043953943808,1946.971727185676,22
2.467729079584202,-1.9811717016687656,18.50168775120599,2.0341434859116254,1.5428752991939791,1960.1843698701969,22
2.4320529388546475,-1.9661130000645084,18.22026549610182,2.016823931890703,1.4983028349709415,1983.8394794389903,22
2.392715736121983,-1.981578569004044,18.26527289750511,2.0672635039466827,1.4434256934006389,1982.0356298068157,22
2.377542957721517,-1.9988045321364345,17.830576937486224,2.067698993571537,1.4007479147224573,2009.2764427096,22
2.407014436758909,-1.9997835697367037,17.863764996658503,1.9998569293708652,1.3976943103255923,2059.162142623723,22
2.411055895141127,-1.9856827532734849,18.22825851143567,1.9657351984588085,1.410142161502911,2102.3254176039645,22
2.35313086936446,-1.9967499308085168,18.669881085941302,1.96957643022797,1.4003617053829749,2062.993050066877,22
2.326465364560079,-2.0349539875520346,18.82915406282774,1.996990791090732,1.4030366101617475,2054.8133388177894,22
2.3177858744150006,-1.986001535148472,18.710372976755817,2.0066012260051087,1.334607633635228,2073.6746184946496,22
2.2998174656226014,-2.0108222312036657,18.587306390012746,2.026528985583828,1.3477456263531042,2085.1269711743066,22
2.259349997405411,-2.026071361066765,18.89916917971601,2.058560155245116,1.3223564856711063,2102.09035103052,22
2.2540877041649723,-2.0094175320191154,19.399564832101067,2.063263963632547,1.2900690030495017,2137.991644120866,22
2.263141223892628,-2.069925027134818,19.43376535200424,2.0424986238145646,1.313642478638586,2165.075912534958,22
2.286544767335231,-1.996399151675896,20.246370716317617,1.9673070466935867,1.3161654931561957,2173.2021598370625,22
2.265779485034572,-2.0042886079981166,20.36443853563836,1.963939911660517,1.3224201174561618,2139.1198682970576,22
2.28069317294466,-1.9013184002865156,20.94754892935549,1.9042862342953213,1.2783845022958538,2123.0426799610896,22
2.284140315964992,-1.9331119978938116,20.96489805377412,1.9468663536620976,1.308134097069618,2140.3069911615403,22
2.275694286776888,-1.97222035543464,20.995603182900272,1.986110823627576,1.3000418754867078,2158.235257516112,22
2.24047965947756,-2.0066568600992283,21.16235779788244,2.016973979742146,1.3157931779609118,2160.230949431542,22
2.220910755112941,-1.9699055962989296,21.203937344977827,1.9994118083775736,1.3246320759739856,2105.8681973112234,22
2.20047086593242,-2.042450892786108,21.1314656372664,2.0261391034849887,1.2947719751165072,2120.9948948960355,22
2.21130010126166,-2.0137426714025106,21.355634474104924,1.9913471584654023,1.2736099072467493,2153.982522571135,22
2.22203597206086,-1.933605166260833,21.17685383303157,1.9613588783991476,1.2381695726966109,2211.8537987141303,22
2.2331973374585696,-1.895939069035452,20.74772995084177,1.9092881169300595,1.2489290761576557,2234.363101706894,22
2.230434197860005,-1.9470169182417456,21.42324389743434,1.9525557264743607,1.276703095157787,2204.6399771248784,22
2.215006150160318,-1.9630127602514131,21.74327814718165,1.9601984167841164,1.249827333925299,2202.638158894698,22
2.2201276140918065,-1.910701491953334,22.280782885124708,1.93442587212366,1.2405557488652983,2256.913492521888,22
2.206575716515923,-1.9498104088965091,22.18532567450973,1.9666711583675576,1.246426337887805,2260.4768807377804,22
2.1873572958118723,-1.9083669732980684,22.800302490649997,1.922503458386728,1.246588198591299,2305.589732604268,22
2.188297905346763,-1.941832128201941,22.34608198232688,1.9209738139512476,1.2076365112794512,2272.2020125927165,22
2.2110809305762507,-1.9504831778863996,22.29647735862881,1.915510036602095,1.2514936631755609,2322.760760236807,22
2.190547825297493,-1.898558688534836,22.253983018927062,1.8836254122656129,1.2237051948035271,2268.5656833277617,22
2.1852560683447093,-1.8799321099478,22.59186395875212,1.857015659836944,1.1912323194719017,2318.9695261201973,22
2.192900442427698,-1.952533649099476,22.46154214435979,1.87763078249846,1.2711784092832634,2337.864245462973,22
2.1951070137988733,-1.9242769354512248,22.64681047966508,1.913407011254752,1.2804088035910044,2332.1191710238327,22
2.1838067060314725,-1.9450791489753276,22.8109448132348,1.9053452803467037,1.258272263790383,2343.954145260822,22
2.196016103840988,-1.9735887523755031,22.774794745538024,1.9568052194461745,1.1953641199416225,2352.6332190843877,22
2.1926100773570134,-1.9862195972338732,22.79652728366481,1.951256827621608,1.1901662303315994,2357.8851560600087,22
2.1928305060019286,-2.0276320926874063,22.785045178483895,1.9272632417975692,1.2105792310915102,2405.428298653331,22
2.2211858317082034,-2.018569966698435,23.333003047839213,1.913062822957911,1.2316374518991908,2389.4311912922544,22
2.252323886299876,-2.0135343705633737,23.411237390124843,1.8908367050297064,1.2410901167977182,2424.52070730484,22
2.2480700516979057,-2.0011214764665533,23.480799901346288,1.886163917960824,1.2351811252215492,2481.645164875669,22
2.2154795474115505,-2.0038629218298163,23.576324982401918,1.90965129661189,1.231975047504857,2517.8285486837294,22
2.201622754219441,-2.024596379424811,23.63563351315748,2.0001822065286583,1.2305327417321703,2483.504207388436,22
2.209547599465931,-1.9597834821804936,23.79491896573672,1.852026506620621,1.2024242228571072,2480.896592670841,22
2.278547472527056,-1.6829747123940897,24.349014193167484,1.6338985249226183,1.0648715709433936,2515.5136576255472,22
2.929445045931327,-0.4137741413097945,23.836014068544145,0.4338495780057982,-0.0901727949845263,2501.3300125775177,22
3.4284613336570526,0.0864707920627843,23.22235655135217,-0.0401552080499292,-0.4081424975673533,2432.816414799671,22
3.468107684577023,-0.0060181044556686,23.54499249885052,-0.0207899666612372,-0.208345729089429,2481.247590892512,22
3.534152429855288,-0.0176184582976972,22.887478438796684,-0.0016314078080252,-0.0221542509395899,2543.83427031402,22
3.5478027664733767,-0.0456116693203092,22.963969189833108,0.007640725896777,-0.0064007693010191,2597.073245987354,22
3.583910235171188,-0.0315444123594213,22.62367129047557,-0.0200861178425498,0.0236429495787691,2575.3180249878405,22
3.585529280079942,-0.110953010676668,22.92792821208792,0.0351174239663544,0.106882170973353,2615.387784609073,22
3.592740105283864,-0.0879016049815022,21.57122922221974,-0.0073547256233512,0.0839720807012862,2633.320242202697,22
3.5926719899307438,-0.0448042388266151,21.587078495248296,0.0144989337656158,0.0079606957226291,2644.139294101106,22
3.5941298685185177,-0.0171138096586285,21.73801499303677,-0.0127981214454319,0.0022162089078123,2566.441987627676,22
3.5957248210906982,-0.053216628730297,21.64522933959961,-0.1267679948359727,-0.0247203037142753,2538.463134765625,22
4.066952705383301,0.020374484360218,19.60004997253418,-0.0058826156891882,1.1785473823547363,473.1791076660156,26
4.078587666886752,-0.2658479992972047,11.299125202366564,0.3317554776297242,2.876591898378779,-52.19919260994331,26
3.840256493599688,-1.6831671028840738,9.46154073809014,1.826466146062632,3.1951607211691435,51.843736117003374,26
3.729995438309967,-1.9450277246412684,7.457352263028504,2.087198799750844,2.778150482255904,16.75383388019004,26
3.709703758114674,-2.0916361378841715,6.576326807991404,2.1988016699181228,2.6575361939727284,34.354975872352455,26
3.7199514263966047,-2.1226599050349875,5.763287231570384,2.2186086353708485,2.535000856782569,-0.3619067395320563,26
3.706205532199047,-2.1338898998792053,5.573341948087098,2.1710798740386963,2.5104154446085944,-3.167750452385554,26
3.727425892822078,-2.0647874484296707,5.217220431468526,2.067950620025885,2.5887483563579496,63.2283546572826,26
3.698366001004078,-2.05499204260404,5.557128812445969,2.0824612984891795,2.5977886700239337,101.29793973828924,26
3.6617335305839287,-2.106988913700229,6.040773727854746,2.13083352905805,2.5360334124721464,114.57920824895147,26
3.653777349190634,-2.088276317862213,6.1206097368334165,2.097029469052299,2.554507638587326,61.69400343347738,26
3.666497835370361,-1.994493918829277,6.709402443932706,2.084864550926646,2.6223057977488784,40.22482662513609,26
3.698234038274797,-1.8805059937180064,6.970310836541847,1.9357324330533137,2.656739188022301,73.05902612404752,26
3.6853506750747806,-1.974713288369726,7.051609899176925,2.060270263523352,2.628972737515559,74.10117089943813,26
3.670502232723549,-2.002204568659673,6.366816942809058,2.057519455425074,2.6276345077108165,85.41005331570986,26
3.658198364445421,-1.9666106471272764,6.8829572787050335,2.043744278735802,2.604234960235533,119.53999766365428,26
3.657325830615935,-1.9247708398787704,6.016439875618356,2.0335484215470614,2.5785473291991186,157.95795828397164,26
3.6239912607630735,-1.9436503248136552,6.284807744573375,2.062439299020611,2.5835464117956946,159.7146952582184,26
3.610174653960056,-1.9795362353324888,7.464665647412909,2.1037637933355864,2.526129148045524,172.6098387671301,26
3.5908246372566848,-1.9894429508779872,7.16850274508117,2.039020866644187,2.516014371739059,253.43286583071864,26
3.603515589823489,-1.958172462025627,7.498474402505844,2.0180364241365525,2.560176814188723,245.14476188284456,26
3.599641149161292,-1.9947736566184,7.159890393741796,2.009415325571279,2.5791109370403604,195.5342937532018,26
3.5782261226998,-1.995151250088801,7.107741793648141,2.0134187653416493,2.5797834103224706,268.8441727435003,26
3.57489043767335,-1.992625706508512,7.489203257638902,2.044610094828684,2.5411496318754603,282.72910996734106,26
3.5693732011513637,-2.01899854081576,8.025790949336816,2.058736277408287,2.513937340408075,246.81508398837727,26
3.54967454026957,-2.0177519917488103,7.952808169067886,2.046601662870313,2.4891859996514243,270.19134821657286,26
3.5065944468388794,-2.102675125247142,8.711030194016752,2.09769700003452,2.465894515397119,321.5630087930649,26
3.523618489992423,-2.033637836331226,9.174089900782851,2.077405332541857,2.4838727878742533,315.0009095238855,26
3.5156340950825173,-1.97739806331572,8.835329462270266,1.993476662479463,2.4960701700116767,293.21598690845923,26
3.498572592852545,-1.993712765760109,8.851203230560804,2.0186732812005967,2.4774016034407693,339.58834288550224,26
3.5111339014084613,-2.01458740234375,9.310718677083,2.034161319498156,2.5189818417439698,270.4962843597912,26
3.504587844747012,-1.9944927233164425,8.710365991123385,1.9654530399158343,2.5033689434411097,296.4542041215742,26
3.5278884152897065,-1.932741200337645,9.03248618079014,1.9034644248055637,2.5043493607005134,288.0607154721119,26
3.507488973805162,-2.006792879984027,8.937836201464544,1.9963273977647065,2.458913907652996,275.2098018458632,26
3.48076147720462,-1.9999193441672405,9.034145605368687,1.951402961230669,2.4845158291644736,315.19101652551865,26
3.460836345055064,-1.9833559677249093,8.351298308763347,1.9413349946014216,2.477833959899965,253.29235689757303,26
3.4665042728674216,-1.9948545928861277,8.842590081887167,1.9335918055206052,2.4755347244075088,277.3423376865072,26
3.4688481522388144,-1.999335540611236,8.98148919715256,1.942170680057807,2.480437438996112,258.1213128762168,26
3.472120523452759,-2.0519827721548864,9.079815536248876,2.0418255329132085,2.4759023912617417,226.92857535940664,26
3.452073488079133,-2.095491155249174,8.919817752525457,2.051509053003593,2.43092295869452,261.8554682497122,26
3.4466591428537834,-2.1213799695499613,8.763035883668987,2.0608574210620323,2.4001639084737807,286.1918269923481,26
3.463727912941917,-2.0602523225252742,8.840780008034628,2.0155694885332074,2.405685327092155,298.1245812588049,26
3.454730583018944,-2.0015762633964664,8.956812467731414,1.978433478073996,2.4250643507379,265.22324909147665,26
3.450743633215545,-2.018947797720549,9.034993015351844,1.9749839809097225,2.419066608929243,321.8605041503913,26
3.454824502350854,-1.9795246456490188,9.996671489027678,1.949675026487132,2.417640146661977,364.0327993924501,26
3.445906337167396,-2.0381325356295847,9.493770927679348,1.961966445211504,2.412939192818814,373.4292607541942,26
3.465125431779956,-2.009114339703419,9.366504762993484,1.939090006664151,2.4624938046345943,377.0633950155288,26
3.4742029573096604,-1.9497987461871789,9.643925760613117,1.919899876977577,2.500732639773947,326.7140397869173,26
3.4907559449555445,-1.9501892386889843,9.791252573982614,1.9168100865160824,2.4590272238997164,384.36169883853137,26
3.478897581334974,-1.983844721415004,9.611420381264608,1.9448822902851417,2.479511029407626,431.2372886782787,26
3.483479804679996,-1.978231025523827,9.31092345128294,1.9769380307588424,2.49194854400197,398.6275979964461,26
3.461050217268897,-2.0741197173712687,10.218829709975449,2.043037504446311,2.444512312529517,435.30381649830304,26
3.460833404884964,-2.0686151981353764,9.26012533219134,2.017798857610734,2.4243252511884346,475.3000933537718,26
3.455141649871576,-2.070062792692028,9.183705916170211,2.057834119093223,2.389870526360684,520.9168304693505,26
3.4454135562552777,-1.9260861824770457,10.413530928189637,2.013226907761371,2.3839601356475084,484.46628508020575,26
3.444861512692248,-1.9760388976237808,10.06712757173132,1.9950575315561447,2.44139393724379,466.4535312339912,26
3.4716780342039515,-1.9115666913204503,10.554982888894004,1.9503708472017385,2.415666853795286,523.9182739257812,26
3.4527367548864394,-1.9092032943592696,10.55981249105735,1.9486090247748329,2.4255833703963487,529.7054849843506,26
3.4370377220091277,-1.9846375369634783,10.360892202033371,1.9730733887093967,2.431280366709975,502.27583563132407,26
3.415417179709576,-1.9734977899027653,10.70581092209112,1.998373108809112,2.4018984847381466,531.2833871059725,26
3.4055102223255598,-1.9478460393968176,10.329404424448482,1.9650531987674895,2.3923734680551,483.3089564589202,26
3.396054744720459,-1.9645334184169767,10.928546905517576,1.9709336161613469,2.373338103294373,506.6077194213876,26
3.412827906061392,-1.944655061745252,10.153728844689535,1.9110738410324333,2.371226881371169,595.4297135149851,26
3.4171381123730398,-1.9324999124300284,9.9268910533092,1.9312982139040216,2.385139497577167,630.5985627721577,26
3.419942093677208,-1.9269286042354148,9.851122527826028,1.878339243716881,2.429319530236916,560.3976600521904,26
3.40119347122849,-1.9693014758532164,9.764090999228056,1.9435005090275748,2.408278348015957,601.1955176181481,26
3.4023305079976067,-1.961288451171312,9.87460220837202,1.9547493858415568,2.3763879713464955,644.1786058769851,26
3.390768678461919,-2.014344501690786,10.286081189014867,2.036806259976059,2.384001403558449,605.6793267922334,26
3.3999875686207752,-1.997831626016586,10.281507773477529,2.0086870427991528,2.3868600188708697,611.9240872742697,26
3.368936469320391,-2.051552796950105,10.291842288658264,2.044589489209847,2.3840353322810817,648.2178719942686,26
3.3616616686836616,-2.0204895148511794,9.685742831621011,1.9747156197907492,2.3715253052164296,651.6860101418416,26
3.36746248944861,-2.026247346987489,10.16588440097746,1.960236641227221,2.3806838744976475,669.4096184402215,26
3.3581832979546213,-2.0180845338790143,10.510154911729156,1.971167943516716,2.363118417927476,704.872095326909,26
3.3791680463024827,-1.9529680668330585,10.805210574728545,1.9235034326060871,2.396537656666802,662.0194817214716,26
3.3580313686464653,-1.9908672493012227,10.948210700613553,1.957981929427288,2.3084087840846323,765.5373385069806,26
3.3661308552398057,-2.050628113942068,10.840863345099278,2.004825966768577,2.356325230637535,777.7189781314037,26
3.366552345088271,-1.9952328674128808,10.690167067480877,1.9503088564169224,2.3456439502903668,735.3293647140747,26
3.3510979521469992,-2.035127233286373,11.090721786999309,2.008739293598738,2.346565481092109,680.9331324843105,26
3.332903050985492,-2.061241699046776,11.646581673231289,2.0435591134868685,2.3426974054242744,703.262981477331,26
3.3435532968552386,-2.0027156828856856,11.749625561667273,1.9843372047924603,2.330434124977862,724.7420224049051,26
3.3472765899095385,-2.005728451932061,11.46936572966027,1.9820910829012492,2.338086675425045,707.1063322473741,26
3.356746696057867,-1.9827001754377709,11.577771628489252,1.971580992468067,2.342448290254249,711.5807685226686,26
3.3626201817246737,-1.9808109099747704,11.66951398380467,1.9613398723914968,2.355187531377449,748.1221033315192,26
3.3581148141720254,-2.0302391736233827,11.593748589031032,2.011431802980236,2.358200448458312,726.391304891617,26
3.352830413912164,-2.0003091644068234,11.37492395619877,1.9783526404959255,2.3666612007578864,715.2265174740651,26
3.348657341277013,-1.9920719300137189,11.804528291108166,2.017342242549676,2.384993005971439,707.891996790152,26
3.347235159795792,-2.0028745961970977,11.370723560208186,1.976309894538316,2.3819611072540283,733.3736982501918,26
3.354479720357989,-2.024752947150684,11.345555090513384,1.972986416249979,2.3703005499527103,719.8480504770753,26
3.3346694766498,-2.061008523722164,11.697751436077178,2.035013961010292,2.334046699961678,728.0966486696339,26
3.3291154562449847,-2.015508921419988,11.315110589637133,1.9949893541023376,2.3434212911324424,761.995282782883,26
3.3302303337659995,-1.99401430810084,11.05982334887394,1.9429182361383888,2.3522712773964063,779.2979526207087,26
3.317312765316885,-1.9666624889999145,11.40348300777498,1.9388727369855667,2.361904352414803,778.0131905977844,26
3.327531032874936,-1.9996500875129075,11.44111068913194,1.9740909592050029,2.338257246330136,758.0773575579536,26
3.334795963568766,-1.9611395250578396,11.540986819345443,1.9493065681613857,2.345276328383899,777.0660675549117,26
3.3309101648018014,-1.961733877658844,11.694198233182307,1.9205817120974185,2.357358627632016,847.4347734294972,26
3.3380164152286094,-1.9872533078076424,11.48456201787855,1.9483707767041007,2.3765833260583094,805.6635401991551,26
3.3031696999659306,-1.9977508099352728,11.763321079191613,1.957629260469656,2.318890665398269,910.4606213178788,26
3.3260709135258786,-2.0247860179572807,11.815391325559776,1.9920404270047047,2.3354762626475973,899.6112495797578,26
3.333995602169975,-2.007012920301469,11.793072020421263,1.9657049227933416,2.3222799398859992,901.4302868452228,26
3.33392287375497,-2.021437795435796,11.72154635679527,1.9928489332316368,2.2720264294108405,905.2327595695126,26
3.326592441465034,-2.006573540265443,11.841525671912018,2.0131569963986755,2.304214543983585,873.515367851882,26
3.3303296165388137,-2.007531499276396,11.373391233506752,1.9965053923794485,2.267715832249063,874.752466170514,26
3.3212792990637605,-2.010978274658078,11.460839678029544,1.9962797291943284,2.294617916716904,884.6269576275939,26
3.3182805815681085,-1.9803170625303608,11.47672383120802,1.9317791105293831,2.302295617392806,938.7103466596756,26
3.305704847711031,-2.0227689586701945,12.392000917528504,1.9905317259616544,2.316894515615995,962.2868712378324,26
3.314309764103811,-2.0024268119061577,11.89714243372933,1.960702148128728,2.2859565674281512,1034.621020707928,26
3.315213539561288,-2.001856554727086,12.252513471196908,1.9463880462724656,2.2851331781168454,1016.2269202060388,26
3.303295936740813,-2.015600672999366,12.479423108648078,1.981003453008464,2.3181807975300024,1020.2779703609284,26
3.31643199138954,-2.031069481959109,11.91676799586562,1.981169212059897,2.330623130329318,1032.1330386302527,26
3.2959568930453944,-2.034027642891056,12.470306306588853,2.0167437684340563,2.281651076723318,1078.3701867275545,26
3.3061774363283254,-2.0524507936884144,12.383831415020053,2.0554382976938466,2.28511583023384,1066.2012349113086,26
3.316313901885611,-2.0167230123379194,12.374686721895555,2.015207300420667,2.3036170191452148,1062.127645023534,26
3.2781283112822988,-2.0410680731789013,12.431708070098376,2.0271724755646754,2.302481291724033,1048.994068583504,26
3.2708064210219456,-2.037054879743545,12.867562137666296,2.0250566631066995,2.300162664202393,1067.703948474322,26
3.263790498014356,-2.0073960237815727,12.174908552013456,1.967585423930746,2.262152130486535,1146.9012441166124,26
3.267243235814767,-2.051905547986266,12.112723901623584,2.018440078027914,2.269736757043932,1103.427308129482,26
3.2613523045524224,-2.0644359158687906,12.04292378660108,2.050464086845273,2.227981454036275,1176.183391633581,26
3.264229814537236,-2.084094664112467,11.807106956106734,2.029266564572445,2.23841444195294,1160.4899191934544,26
3.252977867595485,-2.082847685110373,11.987482453955987,2.0431478101699074,2.2420151311843126,1128.9668098824932,26
3.2515149057888597,-2.063373636026851,12.191761681290933,2.037074136929434,2.246247785990356,1153.4006182561154,26
3.261085744763984,-1.984278712116304,12.635022616777269,1.971652779422823,2.238895095762659,1124.8490470511013,26
3.2532542494476817,-1.973433124725936,12.779636617566718,1.9704355333672197,2.2214941499663183,1158.8470819191853,26
3.234197735786438,-1.9893536567688,12.483017921447756,1.997123181819917,2.212819099426269,1185.1472778320324,26
3.258756320984637,-2.001872142807383,12.397051107688023,2.0261343825058864,2.2060295616994137,1153.1848344646507,26
3.244838398011004,-2.0131161447431216,12.740870256892975,1.9951021749465183,2.16895833953482,1194.765921170598,26
3.220944585370236,-1.988951746069017,12.46261894898336,1.9552447146079577,2.157707080489299,1200.4120538430136,26
3.2299553038644016,-1.998447880393169,12.802885899778277,1.939257531869607,2.1716580508185217,1241.4578547243232,26
3.227220372098391,-1.9855990556419876,12.63193533850498,1.9379269739643472,2.204310798254169,1211.117006895972,26
3.19685835916488,-2.04346936257159,12.961083740484526,2.008125778104437,2.161604181664889,1246.7259961737957,26
3.193305619427416,-1.996500701689328,13.056915779582807,1.9785894380241125,2.1819704849211905,1235.032581266811,26
3.2216346048917925,-1.965733026871916,13.06527558311087,1.911022280083328,2.186997259249453,1295.359518082415,26
3.2251895421841104,-1.9462480051595656,12.809355899935865,1.9275041022261636,2.180982268247448,1322.2433581743094,26
3.217964141095271,-1.9705791844696292,12.761977273909771,1.9545485191657892,2.154361298826874,1330.4260293929306,26
3.212793143069158,-2.016310486637178,12.605934827054124,1.980007264946328,2.17447413381983,1302.7614255811357,26
3.2119754201076067,-2.0410703440181552,12.163914391251849,1.966944066227459,2.1176933382378245,1382.3720933257564,26
3.174911515634568,-2.0543247725142804,12.500901374660556,1.9899949016141103,2.1615965229565983,1351.759245325307,26
3.162013675345749,-2.0136902801326064,12.263197273504524,1.9205130709976443,2.115553246169793,1407.370947665857,26
3.1587786107766824,-1.99101374090695,12.48155358971142,1.935326223002105,2.166406617789972,1401.854639772509,26
3.171113395300068,-2.0500317479743337,12.626946332024742,1.961501636466042,2.151089040959468,1333.6142037813786,26
3.1493934842406723,-2.0573113013486384,12.907342570726993,1.9864439465960504,2.101674784402378,1408.4669064381094,26
3.119200026402708,-2.010569681886767,12.850915596133373,1.967675887170385,2.126310215621698,1448.445942863089,26
3.079484163737688,-2.022545334745627,13.493782043457038,1.9953988858910865,2.0970952774657574,1484.613680479957,26
3.086475108490616,-2.011182440108936,13.689618220094763,1.9960625328001405,2.0772877951137354,1487.966158507298,26
3.0937288813903683,-1.969871905006346,13.626936560771505,1.9851583652809015,2.090627544238919,1473.1143208488093,26
3.0784494095161303,-1.9776641267244948,13.791664530019302,1.939074770348972,2.048710995033139,1479.8500976562495,26
3.053457326576358,-2.007104667483783,13.438926857025896,1.9531272058604192,2.0464461885514806,1514.3226928710938,26
3.0611217061027154,-1.9615015065083727,13.726869262632777,1.9322471989959968,2.07499451324588,1505.1977819223864,26
3.0619233875978176,-1.9945200080754348,13.1593632971654,1.935718066379673,2.0655346659363287,1501.4438841772858,26
3.083396735738536,-1.977526273883757,12.735269952992915,1.9458422524030088,2.0614146951769223,1472.131897973232,26
3.064683452004292,-1.9793115082334316,12.760510194497012,2.000120044243141,2.010227742742319,1539.9797023085289,26
3.046428330609056,-2.0313996272008925,12.583550265577973,1.989650158608546,2.0054835667375657,1492.2495947665857,26
3.031428688862285,-2.078329966693628,12.982764928067304,2.0315100140258915,2.0243724584579463,1524.20647192783,26
3.032008057735005,-2.0200852487908008,13.19126265166237,1.9803219955475584,2.0109585035042685,1528.6719090195943,26
3.036423029469662,-1.99679591030371,13.04845536341432,1.9534115429784435,1.997786798438088,1516.9217804455368,26
3.043657056620864,-1.9756741709396484,12.751044335912484,1.9322711239095585,1.9497086620721655,1543.8523709656745,26
3.028200898014131,-1.974665323730375,12.904053324558696,1.9734655672409496,1.961764388397092,1544.283100065638,26
3.014593327631716,-2.001954129484833,12.872753112042538,1.981520400672662,1.9403830395370236,1588.7326560098622,26
2.987053973752944,-2.0527095100918764,13.0267264686647,2.0102864113010352,1.941265421324088,1569.6138510782216,26
2.957542968578026,-2.055878164338284,13.437081141550037,1.9907837050860044,1.8988425966169007,1608.6060290727455,26
2.9432747862378097,-2.0718234689509294,14.013778174509774,2.0323736736031845,1.874472926386066,1616.564879870807,26
2.9254329986259577,-2.0356933757907063,14.070129566505315,2.0094175260575096,1.8479040274854563,1605.1580490362476,26
2.8967879092107047,-2.046576944530987,13.992008713425186,2.006193446331338,1.856060716460963,1659.5776252121225,26
2.8815494521719502,-1.9733171101476332,14.224172818856168,1.9915487678324613,1.824050883777805,1682.1949032642822,26
2.864607650725568,-2.030377944961923,14.042100660136487,2.049603717248948,1.8557429391829696,1701.534162177414,26
2.842073823584885,-2.0580831433905926,13.774030060064588,2.0526170496080725,1.8257028040338736,1679.1942098648824,26
2.819153568783745,-2.014674647909696,14.18637967109682,1.984207715655936,1.8535238030504,1678.1252596495567,26
2.801130357335825,-2.0054481224935565,14.45418135064547,1.9502818516043368,1.8005782649165287,1703.4079389728483,26
2.7833270567362423,-2.0388148593120903,14.47212371669832,1.996960182658965,1.8125074896656104,1714.1063277447806,26
2.778238495842355,-2.0134668584729805,14.856811304561427,1.9906253052539515,1.7819149533256151,1697.5211681928788,26
2.765668043347656,-2.008429920087095,14.611592730537778,1.957748823967136,1.788823148754777,1700.1019757380257,26
2.735632693181271,-2.0104555341063963,14.646522709580738,1.9995328676505164,1.7233602893157085,1741.6529470975267,26
2.6879466459399364,-1.99130837888014,15.149747778157716,2.0164763497524567,1.727309593411742,1733.9187296883006,26
2.682939036947781,-1.955204164395566,15.042781814199977,1.9773470515110447,1.6962334738403066,1702.2782162525632,26
2.6574297801392976,-1.9667743820636,15.233689464506556,2.0263071148121945,1.7033755403073108,1753.208367019403,26
2.6415567886633946,-2.005909124358756,14.82082587382833,2.0601750358206328,1.6702383932520135,1789.979492187499,26
2.602375076442467,-2.037650080977893,14.906096943089238,2.0607820045752616,1.6436656132096126,1802.3994610895872,26
2.5714469894033964,-2.037219547834553,15.097032249950969,2.062047200124772,1.6085628427442962,1754.3688164382688,26
2.5562993395523934,-2.038062589090379,15.445281294525651,2.0631789955936504,1.60906180788259,1776.6843987136574,26
2.511093252994975,-2.0560265134592526,16.48930052460217,2.078716915161883,1.5465691421852736,1748.6780465548156,26
2.5097039058560227,-1.995114617171835,16.46900962610714,2.0371343952710514,1.5150734958101482,1725.788107449891,26
2.47619592948038,-2.056613371020459,16.29277269957495,2.0875075957814206,1.4941000703905427,1768.0722456134745,26
2.489376259631798,-2.011062768639112,17.030475671174102,2.010091864671864,1.5126464151945271,1816.7600237736935,26
2.453537186638252,-1.9724253249950092,17.263060006938996,2.00072445146373,1.484040191916168,1900.1578279088783,26
2.417599976062775,-1.9692177176475496,17.31315565109253,2.012787938117977,1.4947193861007693,1917.7846069335976,26
2.374885539539524,-1.9668335445591671,17.66682471603645,1.9549360431608616,1.4619635284924115,1910.268612720927,26
2.346092309130996,-2.0331654607272545,17.828121099315716,1.967910073819708,1.4406158797076487,1914.514469334338,26
2.299417519178547,-2.0474719102265406,18.260374366259967,2.0377073112081305,1.3987492528118068,1945.7406025870907,26
2.32684429844872,-1.942922024453269,18.301847168656654,1.9767647835074855,1.3898141149614671,1972.131925489081,26
2.3087351752109213,-1.87982349708432,18.72075818796628,1.9391818027027308,1.3219729173378858,1933.375598344645,26
2.322450504928339,-1.9238487452757176,18.498751280737693,1.9789649717143336,1.3234590243120663,2020.612375728421,26
2.2961323886621186,-1.9815076267132987,18.88180945349523,1.9834406336799968,1.3157401974083958,1984.4734587122184,26
2.2671847402072345,-1.987993961474935,19.29068491888828,1.9912233127922312,1.3158426450901346,2017.7148337442368,26
2.2848387507141603,-2.027421028887636,19.305446187003724,2.01296456915433,1.328063452830079,1995.5588398917776,26
2.2313787282490343,-2.038111918285244,19.688995204988075,2.0419164466076207,1.3170680950899605,1990.089478039352,26
2.230110760594977,-2.0319938278589085,19.53425879556625,2.0243396075045474,1.3023881951316454,2025.837227242892,26
2.211119558967527,-2.0449830303426664,20.196157861928477,2.0707371215351293,1.338683558292077,2021.7156792312337,26
2.190813205281242,-2.0075727740272145,20.34334864381884,2.019757790643661,1.3192061244464308,1987.4757560354765,26
2.203331085502125,-1.9200019103581796,20.59034335026975,1.9544001700448197,1.2329310056616043,2055.449356829536,26
2.220081958614412,-1.9131562787978376,20.950538025527703,1.9284770303085208,1.2535771620078198,2100.606859551102,26
2.214575370804208,-1.942003294581273,20.68581403669764,1.9236128799250876,1.2494596145192127,2065.75045826396,26
2.238043183186016,-1.9361945703381376,20.262098187305867,1.9244458069566803,1.264868949280411,2076.1197049500515,26
2.2613638404939995,-1.975836176364148,20.61659769933732,1.940419368079451,1.2564749991307491,2025.413957939773,26
2.2311608400501197,-1.9734757171302555,20.801504135131843,1.925260878000104,1.2850282661250392,2143.349701428021,26
2.248171328521165,-1.9527323070119675,20.845343488161657,1.9261057479459769,1.291086923392093,2101.5275558721846,26
2.2396218659447844,-1.9911131780655664,20.639139300487084,2.0081706398823225,1.29379418638886,2131.505086930072,26
2.250221899298371,-2.0478277978349912,20.61722179319038,2.018929132672607,1.3241783346309044,2170.8549684618342,26
2.2575053660596,-2.1226902027599133,20.945979040177143,2.079556768057775,1.3453018987765086,2164.752527455814,26
2.241760922259972,-2.0272225981853054,21.0391511135414,1.99611853869235,1.3267804799509837,2171.509026199091,26
2.2424675714774205,-2.067701840009845,21.23945373785301,2.008997581044181,1.3567636990156324,2178.411985303534,26
2.2815531785370875,-2.0403199313116858,21.37558183513703,2.078873522946093,1.324577668162643,2227.261332527536,26
2.319518695112134,-2.0866098599355736,21.29411784938125,2.07320366726547,1.3525257042196934,2172.679191214139,26
2.346170854373058,-2.0502721540263447,21.58459433571239,2.0242987157868555,1.3664796645524104,2201.839202380571,26
2.335619344085944,-2.0133411610712764,21.805349506315643,2.043351654146538,1.3206155593277975,2240.48515544954,26
2.320461152029819,-2.0549886060542746,21.852680511161925,2.06537225891332,1.3056081445490744,2257.033344206264,26
2.345925241220193,-2.021224043408379,21.824850692123658,2.0054788032516107,1.393925974603559,2302.1523977811216,26
2.352571060422993,-2.071132648186607,21.40159886000588,2.019330950056921,1.4065855590046434,2262.184783435257,26
2.385039564038885,-2.067129682322016,21.7959620991691,1.990327280075822,1.3862603472881607,2256.6891569544077,26
2.385183363664346,-2.008964597690301,21.940590139295235,1.998156146925003,1.4090311957187338,2300.966446673284,26
2.3822107862253663,-2.017311472384654,22.30078880122452,1.983966903608353,1.3991995062984386,2327.2512407146537,26
2.37114578876339,-2.0181123858592547,22.37734643748549,1.955023044445475,1.3470565964941117,2362.005414118533,26
2.380596203882186,-2.015169835481489,22.464361878692127,1.9882491143023384,1.3598328320706496,2414.921242635758,26
2.3892751052731374,-2.033154744593823,22.98047226765119,1.9845488110526672,1.3288483619689924,2386.5854852395,26
2.3698813270349968,-2.095732917551136,23.2563841147501,2.010194034850012,1.39089251248563,2394.8226018186465,26
2.393463688795684,-2.032644100853652,23.287530945949893,1.9925904967745796,1.3803920711650215,2437.730461745965,26
2.384352469053425,-2.014863956170004,23.349083665941585,1.985482948725341,1.3553398613069878,2408.0720575051228,26
2.3665301575035333,-2.0301062542884067,23.108652920019438,1.9595158994197843,1.363619891835041,2416.4983900726806,26
2.349481473203563,-1.910943285363624,22.653692464359462,1.8986204852823387,1.3356648937600573,2450.8388731909604,26
2.3108496060136883,-1.9965799651185028,22.755969305507477,1.9564470790448745,1.3652330734690683,2409.58242947938,26
2.2927895843005577,-2.0191397276081027,22.79545818391393,1.970329736099868,1.358053512260563,2423.151095030737,26
2.3021298187677988,-2.0709193456368395,22.90686973978264,1.983021509451944,1.4099836569340514,2427.207943775615,26
2.300882300392525,-2.0207524260536567,22.81743240356446,1.9660566947499265,1.3705786329800953,2446.781099913549,26
2.3185667571474315,-1.9716462400115875,22.783682346343987,1.9723689629406207,1.2728448309859255,2424.3462264264213,26
2.310562583266712,-1.9203867638697385,23.527843162661696,1.942063308152996,1.2819164229221027,2523.878698130124,26
2.4580852838813323,-1.4069006701961768,23.837021999671805,1.4469177351623173,0.8850738968028278,2615.039571793354,26
3.08567616001506,-0.2706953736602123,23.4156521656474,0.3475801817706173,-0.1637041256076186,2644.43982333824,26
3.4424263649299505,0.0252932755917784,23.41035517708198,0.0119019558607461,-0.3953305336295533,2679.952191462283,26
3.514978674591567,-0.0045000479831457,23.20966451676172,0.0806331641239202,-0.2097136759367129,2609.23939389088,26
3.548338345816878,-0.0389691184534397,23.319497327335544,0.0648828975734156,-0.0864528724160335,2543.241674204341,26
3.5394663537134883,-0.0832467991553375,22.880224165369253,0.0574468603571437,0.0176318451212593,2627.680343878076,26
3.5712295106199923,-0.0831278595523782,22.88838106686951,0.0176044650925471,0.0076149376872626,2665.9433153496407,26
3.555301122978085,-0.022783339390011,23.31878727772197,0.0731733936022541,0.0182635956367529,2641.430960233094,26
3.578471162280098,-0.0668371846197139,23.184463891826667,-0.0359431600778333,-0.0050524809077112,2666.7491345014737,26
3.5766354545218046,-0.0911189370223734,22.780219328208048,0.007157024427424,0.0237575846010456,2683.1638583824283,26
3.614209920656485,-0.030935749556626,22.893130490037272,0.0522403886205869,0.0106395591722192,2644.7041435867054,26
3.631713390350342,-0.0848578736186027,22.65774154663086,0.0186257413588464,-0.0448437872692011,2623.7880859375,26
4.17567777633667,0.1654336005449295,19.10884094238281,-0.0576316080987453,1.0659356117248535,366.6097717285156,27
4.148837966048371,-0.2467214420004999,10.197130345704643,0.3161151943365073,3.1383158952863384,-29.72659374569461,27
3.8731963258561257,-1.365202138038097,7.910260489372791,1.392442559305563,3.4191856592027974,119.06966207037328,27
3.785457664505575,-1.7213430622306602,5.81626168721939,1.8199559563917735,3.0008773338745245,41.95137666567729,27
3.7376378037622855,-1.933496172002737,5.701338202132229,2.0098434919143613,2.8013943596994237,15.347894172450816,27
3.732561248961326,-1.977023486279848,6.723682015763279,2.0068039557745845,2.7100461854974265,85.47870420717103,27
3.7382802755506206,-1.9664273281809697,7.494059622040428,1.926843291001696,2.686947108304352,101.96754262457252,27
3.713835029681194,-1.9941250901993877,7.671550608274847,1.9947973207814071,2.638648544604353,139.10103787623993,27
3.706744275152436,-1.981912637647257,7.856974083358321,1.977365058982026,2.6418446297467497,106.37066308492446,27
3.68555580135203,-1.974895816126305,7.742704051164176,1.9780909258300337,2.6528500719189148,145.2089135894142,27
3.6925053032602015,-1.922814678354382,7.557268134785885,1.94419088403219,2.631708497328382,150.33100064859354,27
3.6784717037470016,-1.943236954973941,7.463300222183164,1.964522576431021,2.631198652552371,98.10491231071497,27
3.676939427110664,-1.9673072005703245,8.16712960365897,2.018537729112934,2.606317818906792,196.19261492337435,27
3.681472809977551,-1.9291826170015136,8.336555955815612,1.990047950467628,2.6201486379773784,170.58383507946226,27
3.674692108423384,-1.984762030023757,7.939687800110622,1.9810958413167608,2.615706477422437,159.79029852522854,27
3.677000012140551,-1.9155224032421825,8.211054457668446,1.9320045877789065,2.572068728846633,223.9625584772514,27
3.6770632820999967,-1.8533390468581583,7.841974677881264,1.9045784463526303,2.6030435107060983,159.42485343964762,27
3.650443632078369,-1.977206405267676,8.047218773869558,1.9546646082549668,2.6144980632417925,214.56100691799307,27
3.625403518004042,-1.9452527464672735,7.9187002379864575,1.97075143790344,2.5786205782435245,251.89674333121272,27
3.6158688909285295,-1.932159584092896,8.138440887957689,1.951342739010253,2.58876281655181,182.26925076686493,27
3.6315325177062094,-1.9307488203048704,7.943997972733747,1.9481355273377352,2.5949656231274743,247.73131729062655,27
3.6018109776667044,-1.979141485641606,7.776186424666915,1.97384791947994,2.5286260442615047,273.5504967147385,27
3.5741695922440018,-2.034985730262218,7.918630599975587,2.0673993425250545,2.5009533191617592,306.6777071497747,27
3.5636325357365903,-2.0102359377991608,8.210437244399454,2.062282900592598,2.548272844172118,206.88143692966312,27
3.5718660473328905,-2.018491439304906,8.454568577999892,2.0654772960298784,2.4900062747021434,288.1701646227067,27
3.5716114004617903,-1.985464069853185,8.829377684850416,1.9930583599692064,2.531755532466524,362.7879979303764,27
3.557275730544601,-2.0342673938798703,9.209180420365076,2.058826739362661,2.516899979460784,315.3260347358419,27
3.571066190592976,-1.9256329897528368,8.903323224965963,1.961949510198411,2.5478636110471986,353.93310863447385,27
3.5559432219667557,-2.012100098538696,8.736978190568474,1.9704826911950013,2.5374119479626542,391.9474911511686,27
3.553643929018519,-1.9886002169605117,9.310223939507829,1.9556204050903003,2.510501279870504,402.400617670716,27
3.5481895876128644,-1.9341420286423927,9.397033881349683,1.949122444228018,2.516326628285325,393.4972264460014,27
3.5475665978870947,-1.937423316274936,9.30535588719538,1.972551402214652,2.5090990640315773,352.9234194933628,27
3.557058007885312,-1.9397484148191717,9.354552082995657,1.9579935177727852,2.533575595167168,409.7566025603362,27
3.546111371012644,-1.9768464303115592,9.66052934638692,1.9941110017388688,2.53732952042734,403.6410273001897,27
3.5440375903829997,-2.003071369471886,8.633868997027767,2.0234477787096963,2.4963409138912978,400.13499267071626,27
3.540039580887284,-1.9614162539050788,9.535570389996922,1.9859125233290107,2.5419087034043435,414.1244181399523,27
3.520370687191912,-1.978676516485412,9.710829145186176,2.020621562894449,2.5324261228078626,430.5340830696075,27
3.5136814651647543,-2.006073605470143,10.18860710112386,1.9986094587571397,2.464569140272022,453.59715087384114,27
3.51843295453495,-2.031254538856601,9.958359231592707,2.0295763263069246,2.466307092999027,453.7112126647187,27
3.4999746148517024,-2.078336938288202,9.808983300236743,2.035126824596611,2.4583411295878936,496.5896473484908,27
3.471093510196417,-2.0709713464950625,9.900513724172756,2.056688493712809,2.447347844784685,479.3861135902247,27
3.473886912294444,-2.012351165668598,10.130336167901383,2.027039038195155,2.4413983168938347,433.8111968614254,27
3.4492438848582543,-1.9944250984310607,9.98685725200226,1.9867272530353908,2.4198979797205,526.0637415969024,27
3.449453826761839,-1.993999584581842,10.132367747453236,1.979733953832096,2.441315139477678,528.5533376353408,27
3.4435943004006666,-2.02467019726132,10.09127153895208,2.0210246980437603,2.402305710859813,466.699226474366,27
3.453737893045196,-1.992447988620932,10.271695544610877,1.978625956907312,2.432627322762833,523.5538094548269,27
3.4636178471735404,-1.984460506696424,9.81085425095934,1.9875879119540647,2.4338077885481333,502.9011146893641,27
3.453600749929911,-1.9652561340094603,9.834658183497512,1.968762125217074,2.4708694570786727,515.2545048250697,27
3.426474417888277,-2.003810386934716,9.736668899346189,2.027184782186485,2.4548013299332614,520.1620759449561,27
3.433346850248788,-1.9765700710264973,9.753221068639478,1.9774817905980029,2.4850424077995585,516.4988523617819,27
3.443855818871146,-1.9699586590296003,9.870711939958122,1.9294728881590597,2.495961951022326,550.0953366608046,27
3.428581697812219,-1.9548032011728564,9.811250979474964,1.956793008998222,2.460942566147484,647.0497375741539,27
3.4055559496661933,-1.986998688135899,9.693284125743562,2.023499704495505,2.4012382762560707,636.4479729743417,27
3.381977848986867,-2.0182930710899387,9.39827124409656,1.9783650458601008,2.365544664414592,652.0533135758393,27
3.4054778334510774,-1.975998350693477,9.511059218917149,1.967597260020086,2.375336949756037,679.811419855015,27
3.425834337210754,-1.9374487498983803,9.81339151532818,1.9497401570878088,2.3988246205436736,653.7970474686365,27
3.3776611302403494,-2.018134929332496,9.517324954147655,1.9856503781441337,2.372014942010903,717.2492936636899,27
3.3815401035720383,-2.026534882818515,9.396871416400575,2.049689825145041,2.3403665228008728,674.4275117612973,27
3.3886192319798765,-1.9072372151608288,9.523288631834925,1.9459372585739836,2.380373362189012,645.507860872261,27
3.3911821604764314,-1.9775393756098767,10.332848560760624,2.02533422169349,2.361127490324598,644.487290758315,27
3.396137789571928,-1.9854182400644076,10.094616988882484,2.0289532841488533,2.363984995363164,653.3432908434097,27
3.3957015696402904,-1.9574532686922064,10.042505193053438,1.949422157157012,2.369983505905912,626.3998347238879,27
3.373902418801398,-1.941464710532382,10.16678462681434,1.9397111285276925,2.3763005822525978,600.8374532485897,27
3.374867870599897,-1.9922095675686091,10.49425649840802,2.02068041963696,2.368532699173416,597.9511645305209,27
3.370452045899704,-2.016329758394803,9.929985727017351,2.02848504390954,2.369691556914713,641.00065669776,27
3.381958434195934,-1.987529548371976,9.882571453870083,1.9835734031012449,2.3600353878068727,671.7297370878987,27
3.40168524678812,-2.01437925105273,10.73867842171697,2.0374358026813177,2.358179806673675,665.2168579101566,27
3.4074778467787747,-2.0091038551568,10.305835826762978,2.0222493256770724,2.382508465857921,664.3712687512157,27
3.406391904561846,-2.034893118988923,10.158184684658442,2.038735833900103,2.365662240388483,638.8962597352336,27
3.410217604696504,-1.9652343706471296,9.948465616376568,1.984909628436773,2.373896718519852,672.69053630908,27
3.4000260839818424,-1.946614081928839,10.4243432278455,1.977006447760396,2.4102460823613083,725.4942776375289,27
3.3638601777959165,-1.9887826131092563,11.246481187116064,2.027237338149201,2.3561996345203444,757.5495678913542,27
3.3734525526212957,-1.9929060718330605,10.906534748947967,2.0242100058749504,2.381094063960665,764.683125476125,27
3.362420144417474,-1.9955735142300235,10.659016969292978,2.012219746577789,2.3858467889524597,764.3892034633521,27
3.364589530897338,-1.9518592911637171,11.15051024979081,1.971902908625939,2.362918703387882,756.4773620352211,27
3.3718897020173766,-2.0114441274112687,10.709069707086966,1.9734904058741336,2.378875877847315,733.399118510519,27
3.3844154672503968,-2.0097483767513413,10.613849885236178,1.9788154996776968,2.3975170351162984,787.7467544998866,27
3.381329248554973,-2.005837242138336,10.427429286276157,1.9818497451014536,2.375892974529029,785.1761472076796,27
3.3639564098658896,-2.006915797336468,10.423650733662836,1.963253619759904,2.363941856439677,777.6854068233755,27
3.335273877219046,-1.9756504356613795,10.835008494586868,1.9493219209409849,2.34395068216126,838.9491622734862,27
3.3369436362966955,-1.95431934204339,10.828811645507812,1.944409198780772,2.367796599122993,839.202291528219,27
3.324076599105265,-1.9626431430523816,11.064788022971246,1.9502214994667968,2.3636480327463745,821.511722548869,27
3.3489626759810074,-1.9117637823231488,10.865166201136418,1.9395259529723168,2.343518002893915,806.9180383959252,27
3.332308938394444,-1.9594768404465983,11.429701445013654,1.9761059437549957,2.338146255224078,787.4621108438959,27
3.328819581581844,-1.9747218442655696,11.32441393270532,1.9680355050257132,2.335324790962504,807.6671023546907,27
3.306408586343789,-1.9878919035567288,11.13609423973748,1.9556205396335649,2.3110801115075583,840.7928909998217,27
3.292945665937242,-2.0556654930114746,11.312293646246564,2.028400962283502,2.3031642911839785,859.2480250948192,27
3.2981622614801176,-2.0380302830850434,11.48756052943186,1.98015207868394,2.303377944898803,849.7702436645001,27
3.311133365908104,-2.030570267641693,10.784522654109972,1.99232549439822,2.308128731874015,832.1103097749447,27
3.3118498523205644,-2.0201206048989198,10.590816189144656,1.987817365598876,2.3030404055266955,845.7828604670483,27
3.314285555321151,-2.053782504623856,10.82750653627008,2.0229895718364794,2.303642901147549,850.3266315381062,27
3.3141766168269875,-2.040429214224281,11.211885491842065,2.0395729432956813,2.3030211074718303,855.0594788863937,27
3.311893830160877,-2.078928873252077,11.203693947851413,2.062350033724456,2.3198016293315966,872.2855232207113,27
3.3073130475040293,-1.9888902521726997,11.1517015116838,1.9829520160231848,2.308585181770483,915.2114050141016,27
3.291531169068269,-2.0152523280179357,11.351630088204669,2.027757873179013,2.261921090209138,909.3663763149152,27
3.29238191086227,-2.0476105213165283,11.78947291235706,2.03525981566718,2.27828926169526,903.9708105063536,27
3.2855182703105243,-2.031788690456217,11.60889695195241,2.0153508028054143,2.2803679927256093,924.2633707513452,27
3.3003571369835947,-2.038970203320515,11.783614340659495,2.0498214163720854,2.2940732443481067,869.934982869635,27
3.2970304271492226,-2.042044231011165,11.281715954982394,2.060503176139103,2.265858789697228,951.2606054282286,27
3.290729571180225,-2.013423297415135,11.179920560591452,2.0026922532631644,2.2818738464497934,984.1520150212332,27
3.276812000393373,-2.0182176309007827,11.652835477931866,2.027568926949719,2.2894139022748003,1016.4612581245136,27
3.280747070352072,-1.9900136983246228,11.161583437464548,1.9891261812067629,2.2604028298152428,1054.7234266605617,27
3.2597161338537064,-2.0613556333597267,11.139270014782664,2.0765833251209176,2.2969778791008157,1032.8374261499937,27
3.256022952898904,-2.038607994055847,11.478300383476792,2.0367017207798623,2.2827737835927624,1070.1179928601532,27
3.269921674767965,-2.012529532939072,11.699261356686163,2.015849771341348,2.265829841130996,1110.479529669671,27
3.261375177945339,-2.0006517720914974,11.893689440493764,2.0187707887150936,2.243615865707397,1108.8175692103216,27
3.251861159732233,-1.968609150514563,11.560010803191004,1.989481371962678,2.229933201524726,1109.2678845670705,27
3.2660374918419297,-1.9583937859634148,12.1203374941814,1.9759939448962076,2.2667873598233297,1139.4244166963829,27
3.25239168262086,-1.9716255031680665,12.307927246410324,2.0118201926536083,2.2343444250431297,1131.949153915975,27
3.2744157868302213,-1.9367225590583208,11.938819521195663,1.9874301461263324,2.23167446836891,1121.896272144872,27
3.2752829834633346,-1.956817041788853,11.88833807316064,1.9954618507401083,2.248195454292772,1134.4140143809973,27
3.257610949243253,-1.9537897861844764,12.51190306240097,2.012227832034416,2.2082265462123503,1222.4541172644908,27
3.2446826800271187,-2.00511953840612,12.918564954733949,2.032176266072697,2.20977446548177,1205.6991093425831,27
3.2273466814603053,-2.0310876923477994,12.98024561395289,2.046977488331775,2.2166512131196336,1202.0580315174404,27
3.2390408189464903,-1.9745220029997137,12.54926624535524,1.9898492711213616,2.2166195588487803,1220.9011833222578,27
3.2391565439612044,-1.9858995176449847,12.705945810341737,1.9958389112068904,2.212210333693572,1199.6764073035529,27
3.2454643239618832,-2.009254688049253,12.513979607103275,2.023124766053006,2.2045256735378285,1198.0724682313278,27
3.2263502421715446,-2.0535034767324998,12.661869864246162,2.0602097412362634,2.21570564998136,1269.1457747463369,27
3.2245162859002585,-2.011632663085748,12.646111088669649,2.007130375541592,2.165529014658631,1263.3302893420966,27
3.214147793306849,-1.99251068627686,12.744764802861509,1.9954653904151127,2.1727292062830625,1292.6667911007196,27
3.1999082327878323,-1.96445864364814,12.879768545696844,1.990645667824013,2.1877712669214278,1276.2543727510697,27
3.1770536672030247,-1.98767460332372,13.00340383379291,1.963267402530212,2.1893316848644084,1254.197428216578,27
3.180320383602158,-1.9897088866016184,13.125735670699129,1.983777039278592,2.18178129196167,1269.8077007626102,27
3.173452044918329,-1.9941423443837776,13.048933519862004,1.9779090174006229,2.178599754309753,1265.688406663317,27
3.1799524186557755,-1.9641772206888168,13.558683153999292,1.9584948244925853,2.22041906855413,1231.7863921485996,27
3.155211200357967,-1.97549712262213,13.407947457182951,2.0262555066975323,2.173616013586274,1293.5004771379015,27
3.1883554626797244,-1.9708350812745796,13.610893237640248,1.982397521679826,2.188600370003474,1289.2849966975175,27
3.187016165602751,-1.944647749429917,13.80632909007092,1.9258559175546737,2.1580704059838256,1358.3944426097314,27
3.177950906555682,-1.9423718333738969,13.458111319799146,1.934848493065577,2.166849149213292,1293.2129954737748,27
3.1653536009096013,-1.9660456269608493,13.506524604385817,1.9535373488897108,2.1837068543889213,1269.090447010342,27
3.174741605505409,-1.9490386247634888,13.249883766490894,1.9609618592559048,2.173705580818208,1294.770210994229,27
3.1580061249713185,-2.0069368785842343,13.523650003172053,2.0135621277623166,2.158166749843423,1303.0622077403718,27
3.1536121506908623,-1.9916384002479768,13.44814307264272,1.9746002245740768,2.1662012373263413,1262.816548074429,27
3.16523031970772,-2.021324202232836,13.456376293388145,2.001549712355206,2.1546265534840185,1323.9201275204227,27
3.162639071832554,-2.0134042150252096,13.229900534222237,2.0041160583496094,2.1543881972301056,1358.6083533575925,27
3.144988893967941,-1.9760756368953647,13.2454789466383,1.991732445989901,2.1660863799178256,1354.0732852413455,27
3.154047586116554,-1.9991732776412332,14.257687699250658,2.032158692348053,2.142169328151403,1309.7695444194107,27
3.165622779442561,-2.0104371106476204,14.045123361452983,1.989864334525904,2.187300160712721,1327.320432037734,27
3.166461562714636,-2.005827911661868,13.262789362199078,1.99149868992849,2.144546430635254,1412.6034391411115,27
3.1840443185750877,-1.966177997252753,13.021144126955406,1.9959398503125452,2.162268980904733,1384.788131523924,27
3.187808694681191,-1.9547670852099224,13.763613993696156,1.962965474089152,2.1423705534321646,1405.132799330588,27
3.1651045435197123,-1.9735361936181413,13.470783664972451,1.9880903781202328,2.143750088838127,1457.2909882731474,27
3.1509760039475943,-1.9666080217638453,13.15385621019418,1.9588040034306005,2.108909823587821,1422.293207825467,27
3.138645884407012,-2.031068354721386,12.859426403441368,2.0428653188760846,2.124286378567644,1431.082257156056,27
3.1360754768878096,-2.0405764728166256,13.060195428207203,2.0473723282952525,2.099608668647861,1461.7370600403592,27
3.119101281977293,-2.01557776047481,13.760474189188477,2.0078267279502264,2.0968602445610327,1445.9108542288,27
3.1103389332403286,-2.00819699645537,13.511346555844392,2.0268566687572047,2.079718284092504,1486.535428248997,27
3.0924542810907005,-2.046106515583656,13.512595702998372,2.0030164817556795,2.09748506941736,1455.6961376142694,27
3.0976034635330136,-2.0175709724426265,13.589111581382909,1.964947816247267,2.0741656805964426,1513.9721755664875,27
3.1180178406822234,-1.997273803746552,14.006933999754086,1.9634042632035693,2.084411999991326,1491.8204487527555,27
3.075703572435498,-2.0573211853929583,13.9436001599577,2.0255981124782965,2.0874531031644192,1488.8723777676023,27
3.051436068111436,-2.0122108360543782,13.929743584755537,2.0044555431579654,2.098553435931068,1519.1616935255129,27
3.032028471285871,-2.01178783697706,14.065167858392874,1.971506841449816,2.0409108662506354,1529.843427855939,27
3.0280178711127443,-2.010591109263946,14.229259261451814,1.9731228470307665,2.0458646058046965,1528.4086848215447,27
3.026752389812865,-1.9476930377888977,14.13441001132316,1.9133502625825491,2.015518271576814,1580.817966318724,27
3.0099436188139856,-1.9764437487511215,14.080695251211583,1.930688164540841,2.0111131658197934,1604.8408952768414,27
2.9784475164294744,-2.027079633657368,14.9919712058736,1.9994484819317253,1.9963041568692792,1595.8952474633684,27
2.963197213485528,-2.003682073221167,15.41481521020787,1.9270172292266143,1.988717546106869,1593.886378877885,27
2.9591418608590283,-2.027352044196544,14.906895819541328,1.9486656332411705,1.9986516761581927,1605.3218913098096,27
2.9729560450399566,-1.977015010548825,14.649703128703896,1.913613705714214,1.98264710091951,1671.697604990599,27
2.9762010663376803,-2.024143669120504,15.126985775484576,1.9564926090082195,1.9982593549237708,1660.7066949234954,27
2.9914376715901483,-1.9508689137415276,15.019112733389845,1.9345131756359115,1.9533224966516147,1699.358975865534,27
2.9586989523464213,-1.955062539745664,14.286086992604114,1.95766083185109,1.9227299541853275,1732.9299757075014,27
2.937967240068428,-2.002030953332101,14.676566028990688,1.980105043941513,1.933102415805041,1719.0792519976983,27
2.917109179793552,-2.0332701255671712,14.442327360889228,1.972634573200432,1.9255862547648888,1729.5130959665132,27
2.903165337455718,-2.004152274230704,14.30247713223532,1.9742794813456872,1.9026494980847688,1711.082464827542,27
2.8718022785740773,-2.004241480372258,14.077574132389053,1.9598819022356724,1.917350667146232,1750.8419427515555,27
2.877065459722305,-2.0145673257186703,14.286656989101548,1.9608885331767236,1.887338355863737,1723.4366176494425,27
2.868967855619692,-1.9881990727547283,14.449301992709216,1.974852477366498,1.865511885322476,1750.6541226335585,27
2.862871413408968,-1.9812067935080944,14.835659343671995,1.985361840220408,1.8592456084564015,1755.5226291007525,27
2.8373057802683093,-1.9517813826992296,14.669412953230358,1.984903914305184,1.7697944482827088,1797.8290813018673,27
2.796535386089468,-2.004529060664513,14.706240242447588,2.0261624235335223,1.769897090943522,1802.3504431000388,27
2.754351806838482,-2.00405220520447,14.75219829448526,2.0415831324470504,1.7689838147262318,1826.2274792936328,27
2.720624854455844,-1.975222938288297,14.696544465187673,2.0175109809859664,1.736430574749515,1846.7432825872024,27
2.690845850592332,-1.952016496559396,15.362660356577008,2.0018803311581435,1.7085647048791908,1843.7708081763813,27
2.6528057191381813,-2.008074976101951,15.499600596447705,1.99137430369112,1.6222683151727888,1848.7037890422396,27
2.6074022752120785,-1.984400333705285,15.604619916543928,1.983748334572029,1.6466343115968824,1835.1482055157544,27
2.569316207125968,-1.972359614253539,15.312296574541152,1.9806136654620357,1.6629834917076391,1857.962306105744,27
2.5502289380275367,-1.9691210742807983,15.64359631676891,2.01706180730796,1.6177545375349112,1889.829182098515,27
2.539173379478613,-1.98606169520572,15.861033926366275,2.0352647344106463,1.656246450926753,1898.113199194437,27
2.510284941226121,-1.968680073611469,16.33264550331717,2.0605978124863875,1.5772964172838142,1910.871400192071,27
2.475502139799823,-1.9453150286219427,16.51960220970059,2.040290308196515,1.53876788388644,1933.4545746482752,27
2.4292164778808343,-1.999538495827513,16.936438786043666,2.062867567252322,1.5233941221632905,1943.587726007359,27
2.40062979642781,-1.9763162541686257,17.59898903557868,2.0525923329270226,1.483348057972445,1981.8890791137185,27
2.472292949549886,-1.7936593457376273,17.51561464808294,1.805737526584954,1.367134695725814,2034.3711150236643,27
3.2167941683060883,-0.2647643705126669,17.766772859818712,0.3955051973152969,-0.0877316966111837,1872.1109923050117,27
3.500033823780994,0.0502385304491059,17.541727627956032,0.0746729272684356,-0.335481364202699,1955.660857267894,27
3.591152352416171,0.0738523929260089,18.06185023517532,0.0558308192463088,-0.1831632595339205,1907.363375461944,27
3.6412815770667626,0.012727164906829,17.361872154647376,-0.015207773654168,-0.0569828224379953,2010.8360651419885,27
3.618284804197762,0.0147992471248466,17.17159738184506,-0.0412067698925359,-0.0239071063001744,2050.4570829146146,27
3.616351098935139,0.0999860771278621,15.68346338549096,0.010015625444809,0.0053900902186561,2024.6024205377985,27
3.657206635257515,-0.0561201011267372,16.993604129775424,0.0327798228525389,-0.0274021277799272,1927.7335260794864,27
3.672565229700807,0.0058205932015515,16.618614675593058,-0.0586882456055064,-0.0234404123191138,1879.3128596262336,27
3.6128803496538855,0.0334475473558747,17.162499115180168,-0.0589596749248599,-0.046317295383863,1937.6837730566008,27
3.663412566006926,0.0105752551723352,16.041268119178863,0.0064618150182881,-0.029726365758917,1928.98626633007,27
3.733912399695622,0.0627577525265978,16.264976042434885,-0.026653605602156,0.0249460026915513,1992.7626375696968,27
3.7001830255342223,0.0175814913833105,15.89817814411464,0.0001674225670768,0.0588108529008279,1995.0595095306007,27
3.6617932853857034,-0.0399290795333653,15.813379897121573,0.0519824845936612,-0.007205633060132,2075.8000457890294,27
3.701872084645315,0.0297254114044644,15.71541323998164,0.0010767360430416,-0.0764302473855356,2075.208419103346,27
3.70085544902754,-0.0787786737208062,15.855328848747794,0.0885103606363899,-0.0533943288801113,2124.385829308221,27
3.733147440114952,0.0356639196083753,15.615531802672074,-0.0270778806145878,-0.0204284229234664,2082.667651671097,27
3.705010271665961,-0.0383735600534317,15.256344059196266,-0.0214490112442812,0.0334876589554353,2053.096675635373,27
3.728566656468815,-0.0469362629090586,14.51645698784791,0.0002478357941627,0.0001038655685053,2056.6887551462005,27
3.724236640692746,-0.0557082784806542,15.766241520766872,-0.0574559216460987,-0.0390740638421043,2204.083560927775,27
3.740553305851473,0.0073544967038498,14.27762645309891,-0.0281684209217793,-0.0754009252452744,2081.1392847591437,27
3.70849735905026,-0.0795025822718113,14.674748254514828,-0.0075177224855328,0.000561413575443,2154.5912538900416,27
3.749190164304868,-0.0216554148254053,14.467168823812022,-0.0222368950171097,-0.0003214208602416,2133.877113183998,27
3.693312375871968,-0.1661998141108692,15.24534019691814,0.0604728036386211,0.0266860964093594,2228.0473014863182,27
3.697404974229108,-0.0574255545789764,14.291150801409312,0.1301242421956967,-0.050134242786657,2170.2970451893148,27
3.7150273748453215,-0.0010633372152957,14.053219241225374,0.0734666185569466,-0.0514247357783466,2200.877989456367,27
3.748240567836524,0.0236289558383439,14.327754744850251,0.0252974728780271,-0.0430319130853499,2152.992850022692,27
3.796555109538478,0.0839290087462959,14.10599036236521,-0.0155600084154193,-0.0067817599462393,2136.6207381758945,27
3.771069085449599,-0.0472295479346595,13.904060102597326,0.0845022456820922,0.0432209060471817,2240.898997706496,27
3.798132869712546,-0.0304406092065499,13.961030263623757,0.1047206592757634,0.0373783616418645,2202.5413793033613,27
3.753143127528464,-0.0468298827155008,12.480908259316598,-0.0052376088775166,0.0421662064987976,2104.0955531963173,27
3.7392426872649134,0.0116403061448285,12.34078208242709,-0.0071107492747394,-0.0083089526278968,2149.767236733338,27
3.696850468014286,0.058208527684953,11.94092023619972,-0.0150294490390422,-0.1115965724176875,2125.6716946803685,27
3.750037796764453,0.1010617558144922,13.574483748788168,-0.0552636536448821,-0.1413208871028734,1962.550713376878,27
3.7722802716172072,0.01741707995843,13.228761336615452,-0.0076851941088639,0.0021897145311241,2165.1066084105914,27
3.753799666012965,-0.0298046746380103,12.619084195971991,0.0750350662936076,0.043089415553447,2139.028004246629,27
3.731022477644608,-0.0196119910724372,13.25382386995054,0.0346601589861101,0.0160680500118075,2227.0730649069637,27
3.750437081602104,0.042740799362976,12.37278590855262,-0.0010896058718352,0.0026302032435458,2196.006085281055,27
3.730612027694576,0.0351710356926502,12.835994676930284,-0.0544537560419148,0.0410547949280979,2227.082122422849,27
3.7030524267695255,0.035198387546905,11.768627981921927,-0.028262234791431,-0.0243704327424669,2172.9268864675178,27
3.69935773714944,-0.0120564726069269,11.313462439414362,0.0437855966373726,0.0873278751892067,2392.371354099135,27
3.7252359172615273,-0.0109151386891597,10.957985478318092,0.025149667063628,0.0164492983927495,2344.015538892311,27
3.7001099309485976,0.0397254523214467,11.182165929390685,0.0665476846806241,-0.0365849475828447,2361.6521350654816,27
3.7351917221338415,0.0349066062401454,10.429319777429356,0.0444866154358354,0.0082510963499668,2319.0269466415966,27
3.7357156899954767,0.0158929674271756,10.120902658992827,-0.0142029344309065,-0.0086531093521847,2372.52793232138,27
3.73588605540422,0.0601098154404845,10.385375026845352,-0.1195908307379974,-0.0356119062937028,2289.9072620186093,27
3.708527816281774,-0.0017727596117223,10.21434004376044,-0.0734104689411603,0.0721514364975003,2385.251884238849,27
3.685369646895476,0.0147813155752496,10.60057183420015,-0.0366400405764581,-0.0203312109630259,2418.566397132715,27
3.6982711964128425,0.0432489301962971,11.22079192355461,-0.0407650352791875,-0.0540202722200712,2375.158705588693,27
3.7037878313499855,0.0229620100366137,10.401719603795756,0.0600061060791125,-0.0059759654954877,2429.261371280149,27
3.714364658252826,0.0133596498256383,10.40335834867229,-0.1271886756311294,0.0539782176188422,2517.4313549500785,27
3.699533472417301,0.0105591208917464,9.56929755309806,-0.0496385603895825,0.0262068614240004,2554.8434217777494,27
3.639599220386679,-0.0477440700676927,11.253911346815434,-0.0949852045826396,-0.1442867996967183,2599.961095532936,27
3.687159199932304,0.0114868376983703,10.084056996705616,-0.0674735504778343,-0.091950585702396,2531.009439428811,27
3.6907756348368537,0.033877359169896,10.40387283420166,-0.1145102940963493,-0.0727908996811053,2537.684183334412,27
3.715163624632903,-0.0414984154194221,9.874166892277252,-0.0795865952968605,-0.0741015014497569,2584.0936476838046,27
3.705092048249304,-0.0323935966954187,9.67541167548088,-0.0181946326138963,-0.019011258932132,2657.195838263421,27
3.726253747940064,-0.0306693837046623,11.169218063354492,-0.0022408887743949,0.0099979694932699,2672.58154296875,27
4.083266735076904,-0.0052109281532466,19.55776596069336,0.0317289866507053,1.1749457120895386,457.1328430175781,42
4.10709797951483,-0.3856103213564043,10.258992287420456,0.4889128073569267,3.088491862820041,-75.71014330464024,42
3.9032398962205455,-1.42446901336793,6.961515118998865,1.6266805548821726,3.277146916235647,-65.78780161949899,42
3.7636042102690666,-1.8823709603278869,5.433065352901336,1.964345689742796,2.929799549041256,-18.567854542886057,42
3.734842469615321,-2.103713504729732,6.014997359245054,2.2065459682095434,2.657851949814827,-19.35387125322893,42
3.76113752395876,-1.967120955067296,5.760462914743731,1.959853003101964,2.618432314165177,-33.41148450297693,42
3.762561813477547,-1.879501965738112,4.695197628390405,1.8693587356998076,2.6735936364819928,9.738625587955598,42
3.740874944194671,-1.9407755944036669,4.618619672713741,1.933675093035544,2.663449856542772,44.95714722910233,42
3.734028946968817,-1.9485347309420185,5.182569872948431,1.9542873982460267,2.641225722528273,74.65411057010773,42
3.710883217473184,-1.982339605208366,5.8406780612084175,1.9794636849434144,2.6358685954924552,117.58218211512416,42
3.700877051199636,-1.961696497855648,6.77202655423072,1.986195518124488,2.63843087996206,71.10210861698275,42
3.688980671667284,-1.9464286681144467,6.8614349365234375,1.9303483616921209,2.652629990731516,163.15189460016092,42
3.646609137135168,-2.076310796122397,7.182764607091104,2.079903817945911,2.57349818752658,183.6317168205015,42
3.623911680713777,-2.036090512429514,6.7325247487714215,2.0289129826330368,2.538127799187937,202.9138882544733,42
3.584759104636408,-2.0781113870682253,6.410656529088174,2.054816907451998,2.5261474117156,189.95069836032008,42
3.5974147012156825,-2.009193505010297,7.410860246227632,1.9570566069695257,2.517208060910625,235.21957200573345,42
3.6155062721621607,-1.978020764166309,7.338179434499433,1.9632904875663015,2.54513309847924,288.0081895397556,42
3.6062047635355294,-1.9602049627611715,7.447436240411574,1.9499299487759991,2.549996837492912,232.02315693516883,42
3.594922181098692,-1.9720596421149472,6.765432911534464,1.932329623929916,2.530421772310811,217.5241768129411,42
3.600409423151324,-1.9778849694036669,7.242987109768776,1.9613585279833885,2.541866394781297,244.4949744439894,42
3.5896664665591334,-1.9580759694499357,8.085732429258282,1.9515372668543167,2.4997318560077297,239.83849999212444,42
3.616870995490782,-1.9507115310238252,7.705255385368101,1.9801960106818908,2.5756953916242047,239.6904995825983,42
3.582149928615939,-1.9499777055555771,8.343273039787046,1.9672085777405768,2.5702332911952848,217.6050582393524,42
3.592003445471487,-1.9493819859720043,8.396593339981571,1.967526170515245,2.5794189053197063,235.2369886829007,42
3.588479818836335,-1.9538313188860488,8.548065616238501,1.948444408755149,2.5665270359285417,278.2252029911164,42
3.561386308362407,-1.97599732875824,8.494057932207662,1.963945504157774,2.5172809785412205,316.4335218860257,42
3.5531954380773727,-1.972438050854591,8.459093770673197,1.9782706153008247,2.496545368625272,268.4307300198463,42
3.5350262349651707,-2.016841019353558,8.611589062598444,2.0236561452188795,2.5004750682461645,364.4932851483746,42
3.522592390737226,-2.0286985135847524,8.971418011573054,2.025507519322057,2.4714411151024605,325.96759525422124,42
3.523640186555924,-1.9922078424884428,8.272706431727254,1.9842137213676208,2.451142495678317,377.28993569650976,42
3.5042993407095637,-2.0104464753981564,8.304843102732013,2.0243459747683623,2.4575130785665205,405.9460596884453,42
3.5256237983703613,-1.962849736213684,9.056848526000977,1.977288842201233,2.481842279434204,377.1378479003906,42
3.527689741503808,-1.975757837295532,9.07552189980784,2.008490374011377,2.47698466239437,390.16208476405006,42
3.518851980086296,-2.020781816974763,9.205433630174204,2.0471246165613977,2.4525695000925376,404.8345268003399,42
3.527568878666047,-2.0196457139907347,8.871554959204888,2.087436637570781,2.4622231375786567,422.6136386009956,42
3.5147907810826453,-1.9963756876607093,9.356519637569304,2.032014316128146,2.458389074571671,341.6270899618825,42
3.5070038687798286,-2.01739372745637,9.869052763908138,2.026652520702731,2.445110482554282,372.3473441831525,42
3.495235058569139,-2.030029443002517,10.131590997019124,2.0273166241184364,2.4578180697656444,350.9651932254919,42
3.4948129730839885,-2.094130946743873,10.241156178136023,2.07265902334644,2.4474131215003228,382.1891489336568,42
3.507301915076471,-2.0223536260666384,9.763666768227852,2.0365910453181115,2.4445494374921246,399.44980842836446,42
3.50645955916374,-2.0511071143611788,9.830092399351056,2.04311752319336,2.4493574173219743,423.8497462118826,42
3.491873195094447,-2.1003406586185576,10.262051366990612,2.0838825779576453,2.4175970169805714,393.6046053978704,42
3.4840383760390745,-2.068751919654108,9.780189637214905,2.0651833472713346,2.386677749695316,367.7742870699973,42
3.478349739505399,-2.035486328986383,9.85938275244928,2.0661791678397887,2.416766466632966,420.7003124606227,42
3.4718936104928293,-2.03528328095713,9.182403072234123,2.073903114564958,2.445671958308066,448.0427236249364,42
3.461292059190812,-2.06420652327999,9.055152893066406,2.0743579787592736,2.443095322578184,406.464366297568,42
3.4589673165352117,-2.0015423682428173,9.7637877310476,2.091907516602547,2.463539577299549,435.6396592663181,42
3.4726271783151934,-1.989966050271065,9.837261569115428,2.0912178408715034,2.4495604422784623,440.0013181624872,42
3.4773374680549867,-1.9535930233616985,10.029946419500536,2.0410404436049925,2.458683175425376,427.3031862320438,42
3.457891541142617,-2.016183468603319,9.78532434278919,2.0776194757030857,2.414861740604524,523.8158657935359,42
3.4169833275579635,-2.074329291620562,9.67585342161117,2.1144339346116583,2.3882096890480287,627.9355921591485,42
3.433134294325306,-2.042745690191946,9.91211337427939,2.080859568811232,2.4002255778158865,591.9832940870723,42
3.421675505176667,-2.0380607420398342,9.810081112769344,2.044546650302025,2.368922687345936,655.396742297757,42
3.4328807477028143,-1.9948568536389253,9.811398290818737,2.040764485636065,2.374249066075971,624.4267519058719,42
3.395953147642074,-2.119026291754938,10.295188103952714,2.1118294808172413,2.3159564310504543,612.8319938413558,42
3.381422219737884,-2.114251582853255,10.0956978951731,2.0883196476967094,2.338493316404281,549.8582586473033,42
3.391646777429888,-2.055873832395,10.41393796859249,2.0574426035727225,2.330476591663976,580.7648591072331,42
3.3916205436952653,-2.0040177914404103,10.445480223624934,2.0320463872724965,2.315444184887794,560.3355260049142,42
3.3864011072343394,-2.0046601987654165,11.137420838879,2.0154932545077413,2.374489307403565,569.9935125535529,42
3.3691320111674647,-2.0464338794831307,10.785102967293032,2.039765481025942,2.3546440832076536,629.6689984721522,42
3.38424611860706,-1.9711052371609596,10.445120042370212,1.984220324024077,2.3466931927588672,669.1070930727058,42
3.379443330149497,-2.001496618793857,10.590006674489665,2.015344389023319,2.322547574197092,680.7014849262853,42
3.366774559020996,-2.0316178798675537,10.634611129760742,2.063042640686035,2.281869411468506,658.4657592773438,42
3.36613804294217,-1.9994590128621752,11.11131809603784,1.9930536439341888,2.295573334540091,647.6164294827372,42
3.3431065236368487,-2.059815152998893,11.344547487074328,2.0063601078525664,2.364145163566836,681.1810479933215,42
3.3561377217692714,-2.039022899443103,11.658417917067004,2.027318585303522,2.3112743823759017,740.4365411573841,42
3.356759163641161,-2.0337613936393475,11.105031844108328,1.967626140963645,2.345672853531376,715.3207003685734,42
3.3684881425672963,-2.002732030807003,10.972529072915355,1.973703980445862,2.3664004110520884,680.1074395948841,42
3.3666212712564776,-1.962641996722068,11.273647985150737,1.950869756360208,2.3405730262879403,671.3907411636844,42
3.3761415404658166,-1.971378153370272,10.938606631371286,1.9857446301367976,2.352239508782664,717.2489820911034,42
3.3717652674644225,-1.9789900856633345,10.710082269483996,2.017739680505568,2.415621542161511,724.5432896767892,42
3.358682932392243,-1.961487547043831,11.18384416641728,1.9946883724581803,2.392721876021354,730.5428250220508,42
3.349290217122724,-1.952056477146764,11.080536257836124,1.999120404643398,2.385952780323644,725.535162156629,42
3.345108578282018,-1.9482867910015969,11.305069400418189,2.015245568367743,2.383423974437098,762.5574813350554,42
3.3570487806873937,-1.945826580447536,10.967587686354117,1.998637268620152,2.356149142788302,810.5263770318809,42
3.3801326982436644,-1.8919112913070184,10.920081907703024,1.9310941773076205,2.374892019456433,793.4925163022933,42
3.361605059716009,-1.9492355662007488,11.075608776461694,1.999240048470036,2.3589517454947195,807.4255193894909,42
3.336125373840332,-2.017980567870601,11.055228079518972,2.026491480488931,2.339133770235123,775.9825892294604,42
3.31562610595457,-2.024385352288523,11.545634023604851,2.030075534697501,2.281999349594116,810.5578632970011,42
3.3163462300454416,-2.008044804296186,11.74816922218569,2.0377525975627284,2.3187326077492005,797.0445340064264,42
3.315285090477236,-2.00790334516956,11.5106825367097,1.981977954987556,2.3181453135705765,827.6753894436739,42
3.3216915284433672,-1.990829429318828,10.961596089024695,2.015032260648666,2.2928547243918143,868.8445080172629,42
3.308677319557436,-1.9813336210866128,11.257130222935832,2.003571506469481,2.2945932880524667,852.5928659746723,42
3.298897781679707,-2.012830003615349,11.24764073279596,2.013758213289322,2.3071626001788723,826.5256918630295,42
3.305476011768464,-2.034868647975306,11.119048949210876,2.0677515460598856,2.317311479199317,798.9218415291077,42
3.285082617113667,-2.0432485034388868,11.072018961752612,2.0460354358919197,2.2701927461931786,804.4445702337453,42
3.295144134952176,-1.9959016922981505,10.951594445013232,2.0033055351626485,2.288813452566824,867.9262439358616,42
3.300746125559653,-1.9441477598682528,11.458892729974565,1.966849465523997,2.309774691058744,816.472201439642,42
3.3000484205061387,-1.97734325162826,11.208903343446783,2.0233154604511863,2.338761268123504,814.0416712607112,42
3.2843918877263225,-1.9966835245009396,10.662344532628213,2.007705742313016,2.2950845918347755,828.2215162707918,42
3.272394880171745,-1.973431621828387,11.2682128414031,1.9898336625868276,2.2695573760617163,889.8988155241937,42
3.276758924607308,-1.970662509241412,11.011192937051092,1.9763023122664425,2.33004210072179,886.4067264679935,42
3.280161757622996,-1.933654750547101,11.19965368701566,1.970719241326855,2.332836743324034,913.9247554656,42
3.268848180770874,-1.9521501064300537,11.211627960205078,1.9404901266098025,2.3071439266204834,907.83544921875,42
3.254654945865754,-1.970123329470236,10.876823486820342,1.9812740279782215,2.2710877387754373,971.4634399414064,42
3.2532994900980303,-1.9896619550643428,11.124016638725031,2.0288013104469544,2.228181739007273,917.467909289944,42
3.25783125815853,-1.9840958772167083,11.069807175667057,1.98339710697051,2.244479102473105,968.842767530872,42
3.241470229241156,-2.009453162070243,11.304261146053197,1.997957510332907,2.2223760620240243,911.1058428364416,42
3.2361754217455463,-1.9251746977529216,11.056024059172598,1.935498079945964,2.2270748307628017,969.8427714686242,42
3.226202772509668,-1.929384777622838,11.034871501307336,1.9421467088883912,2.182620556123796,1023.4633198399688,42
3.2313066990144788,-1.989326342459648,11.076940967190652,1.946771760140696,2.212983715918756,1017.1165417086696,42
3.2269734413393083,-1.9310088696018344,11.195862370152629,1.916635770951548,2.225009041447793,1023.4530757781,42
3.208069262966033,-2.012944882915866,11.49595248314642,1.997863519576288,2.217070748729091,1006.0426438854588,42
3.206284069245861,-1.9825835843240056,11.950936163625403,1.993744919376988,2.2261472671262683,1044.775709582913,42
3.220112262233611,-1.948769465569527,11.239348565378496,1.9609272672284035,2.220928907394409,1026.865986485635,42
3.2284119975182315,-1.991630946436236,11.266969065512384,2.011486338030908,2.2390852205214964,1033.1624362084176,42
3.207291749215895,-2.0123176343979376,11.684009552001951,2.0129070051254763,2.237158190819525,1057.6449959047382,42
3.204934689306444,-2.018706314025387,11.43961029668008,1.992271807885939,2.210358635071785,1086.4297308152725,42
3.1819148294387323,-2.008200153227776,11.455137868081383,2.001806512955697,2.153600362039381,1099.7086575415826,42
3.189196886554841,-1.9881162297341128,12.10124188084756,2.0057514059928154,2.1794172256223616,1108.9089001071063,42
3.180914648117558,-2.022328445988317,11.63556338894752,2.061114403509325,2.153453973031813,1143.4381221648184,42
3.177411440880068,-2.0047545356135217,11.614597658957203,2.058085472353044,2.137857867825416,1161.2731657951108,42
3.170208354150095,-2.0331865126086823,11.933786945958293,2.0363995490535616,2.1362468657955045,1157.9267420614922,42
3.135382098536337,-2.010358695060976,11.533181405836544,1.996088904719199,2.109159769550447,1180.7947368006546,42
3.127581150301041,-1.992441469623197,11.681010369331611,1.9688060052933232,2.095779795800486,1190.641743321572,42
3.144508692526048,-1.9880384783590996,11.82434211238738,1.962688265308257,2.142608819469329,1187.562744140625,42
3.144083123053274,-1.9794246842784264,12.112644872357777,1.9213729635361705,2.130660864614672,1245.1004402406743,42
3.1157801843458603,-2.0491209030151385,12.07386115289503,2.001342750364734,2.11547900015308,1277.044681672127,42
3.1079192623015373,-2.052473122073758,12.295856906521704,1.9785199665254165,2.139585348867601,1260.2148319367438,42
3.105156014042516,-2.051614092242333,12.254467164316493,2.0343860195529078,2.1694781857152137,1247.1856886340713,42
3.071611758201352,-2.0743278226544777,12.835631185962312,2.016606500071864,2.140343719913113,1258.7478224231368,42
3.058951823942123,-2.0280629204165552,12.561712049668834,1.93876544121773,2.098349348191292,1317.0330456149195,42
3.053700562446348,-1.997588411454232,12.526664272431404,1.9248152625176227,2.037610676980788,1337.0194052419354,42
3.043709708798316,-2.018553433879728,12.40927997712165,1.9575030034588203,2.0467723954108443,1319.4433514994969,42
3.0474116802215576,-1.9890283346176147,12.76613998413086,1.9513964653015137,2.017939805984497,1355.47998046875,42
3.044208103610623,-1.9772370592240367,12.523991861651018,1.950840388574908,2.02118859752532,1402.1822627898189,42
3.0298248029524277,-2.0339067059178517,12.596230660715417,1.9848675497116584,2.02430925830718,1389.273677702873,42
3.0176623098311888,-1.9780351423448133,12.81396081370692,1.964370842902891,2.056327650623937,1394.66646452873,42
3.036852582808464,-1.924724886494298,12.648291895466462,1.942215192702508,2.021563130040322,1424.470395980343,42
3.031186711403631,-1.9944458046267115,13.074341558641017,1.952293215259428,2.006372009554217,1376.2997259324582,42
3.010907526939146,-1.9798187171259236,13.45641662228492,1.963162233752589,2.003325769978185,1370.8476365612396,42
3.010257936293079,-1.9637626947895173,13.385245200126398,1.9545733582588931,2.0168001728673137,1411.2166393649195,42
2.9880945297979538,-1.9993115432800783,13.506785915743915,1.9372873383183635,1.9634557539416888,1364.288018995714,42
2.9876396271490284,-1.9796830646453367,13.427434582864084,1.9482928245298323,1.9531014157879736,1378.5208582724297,42
3.007910120871759,-1.9736245793680995,13.4566590709071,1.9236265651641355,1.9417739222126615,1416.4428120274697,42
2.9947619899626705,-2.0141013206974145,13.796511711612828,1.9896918112231836,1.9105219879458024,1440.234375000001,42
2.981818668303952,-2.0256541928937355,13.135591968413324,1.972278306561132,1.9330049330188384,1410.8663684475807,42
2.9595785448628087,-2.040362758021201,13.118829019608038,1.969990626458198,1.9069823603476248,1469.883741809476,42
2.9229143358046006,-2.032499121081445,13.687249645110109,1.9292842803462864,1.8742440400585043,1459.4025721396165,42
2.9030634741629324,-1.9924117672827928,13.458121545853151,1.9432696873141877,1.8686614574924592,1492.9529596144152,42
2.868085253623224,-2.106214746352165,13.581618708948938,2.031768429663874,1.8805589522084885,1548.0869258757562,42
2.8670768968520632,-2.129436416010701,14.099264821698576,2.051272169236213,1.8771226406097412,1571.7478539251515,42
2.879501312009749,-2.054177645714052,14.171671867370602,2.018860340118408,1.8535400013769832,1620.3897941343253,42
2.848327990501158,-2.057834594480453,14.095880693004975,2.0088317855711906,1.8325345516204836,1589.6676537298383,42
2.828044752920828,-2.059459301733201,13.730985764534244,2.0280162134478164,1.8254528853201084,1569.0489186932973,42
2.835341238206432,-2.019102135012228,13.814118600660748,1.9932762653596952,1.760761560932282,1634.6935877646176,42
2.8099344007430536,-2.0286826241400937,13.714392446702526,2.002631748876264,1.7537233560316023,1606.2760009765625,42
2.7573681185322414,-1.9864812666370044,13.748275541490129,1.96902112037905,1.7392041414014752,1558.5588103263606,42
2.689609835224767,-2.0683453698312086,14.340066663680547,2.05266837919912,1.720679137014574,1572.4667417464705,42
2.7045031055327384,-2.0302534949394966,14.670512476275045,2.0512603329074,1.723512795663649,1660.0535061743954,42
2.667428047426285,-2.006047748750256,14.88689358003679,2.031070824592345,1.7202626043750395,1636.2386395854337,42
2.656546754221763,-2.0037076550145314,15.343376128904277,2.0102347250907644,1.7205401197556525,1670.2509962512595,42
2.623690066799041,-2.06580279719445,15.392577202089372,2.059549108628304,1.6902908740505096,1674.8014073525703,42
2.600717467646445,-2.066208693288987,15.316403265922286,2.0749902340673625,1.690042480345695,1678.5967938823087,42
2.609222981237596,-2.036083575217955,15.373746472020306,2.056415657843313,1.650291819726265,1709.241124306957,42
2.560024738311768,-2.069753646850586,15.76699924468994,2.084047079086304,1.6192338466644287,1746.95751953125,42
2.5223079727542013,-2.043466014246787,15.871518104307118,2.0578384553232505,1.5638145285267984,1719.9726601877514,42
2.515840068940193,-2.062140134073075,16.099459125149632,2.0498034031160435,1.5824114661062931,1697.0511750252008,42
2.4894311889525382,-2.0934863859607327,16.3652100101594,2.069915694575156,1.4825371003920034,1714.387443296371,42
2.446109979383407,-2.060238768977504,16.850626053348666,2.0758073406834763,1.484423675844746,1741.3224822013617,42
2.45504440030744,-2.039250266167425,17.04876912024713,2.0590756785485054,1.4551236975577564,1791.6775138608873,42
2.442798668338406,-2.037389632194273,17.48320105768019,2.057891599593624,1.4744690118297454,1749.1254449659775,42
2.4371031407387025,-2.0743307067501924,17.59908122401084,2.07508211751138,1.47929141213817,1853.0638782132064,42
2.412968543268019,-2.0767969700597946,17.709840159262377,2.0815817079236423,1.463000989729358,1860.6930089150703,42
2.375734706078806,-2.057217705634333,18.002742951916108,2.073346576383037,1.4111191034317017,1954.5897295551915,42
2.3600837876719813,-2.056459596080165,18.33539101385302,2.0517417307822936,1.3898161495885542,1938.4096364667332,42
2.3030348747007303,-2.013871954333397,18.282453044768296,2.080836588336576,1.3396251855357988,1920.5884222215225,42
2.2722240032688266,-2.12230836191485,17.92075883188557,2.118627094453381,1.3389061458649167,1902.640093403478,42
2.261894056873937,-2.112350563849172,18.48889320127425,2.1228996630637877,1.3216099008437123,1880.5373023248487,42
2.2717583717838417,-2.124960983953168,19.73567519649384,2.082304839164978,1.3440977065793935,1852.8187492124491,42
2.269327479024088,-2.081233916744105,20.09508717444636,2.078109556628807,1.3122099253439123,1871.6229878087208,42
2.268405422087638,-1.98938577021322,19.487347633607925,1.9697007363842376,1.308852637967756,1938.0334748298892,42
2.2973549596724974,-2.033699266372188,19.232578093005788,2.015336459682833,1.3361263928874838,1979.8942713583665,42
2.303389226236653,-2.011291534669938,20.255517775012617,2.031595191647929,1.3507365026781628,1958.968714560232,42
2.32926114912956,-2.028227636891027,20.20979752079133,2.040140798014979,1.3415050006681877,1962.3272783833163,42
2.3261648147336897,-2.0452113613005616,20.34642324139994,2.076355372705766,1.290536545938062,1963.2476137222789,42
2.3045567466366674,-2.1296245436514565,20.384814539263346,2.134137668917256,1.3204328821551417,2004.040291078628,42
2.334780200835197,-2.007427684722408,20.42758049503449,2.003189536832994,1.3282485815786549,1982.3462504725296,42
2.328453025510236,-1.9874100762028837,20.51054979139758,2.001371218312169,1.2781518543920212,2035.9696793094768,42
2.3735967912981595,-1.962542837665926,20.37026553000173,1.923746620455094,1.3249964521777238,2040.8950904107887,42
2.3583250353413243,-1.964721129786584,21.142927415909305,1.9556779822995587,1.3020683642356623,2069.3932239163305,42
2.3357163090859685,-2.006976342970327,21.322665737521252,1.9941776952435903,1.290621807498317,2100.285715410785,42
2.3195217501732603,-2.042410819761212,21.10225542130008,2.0014503079075965,1.300027874208264,2113.6023973034294,42
2.32224246763414,-2.01632813484438,20.99771641146752,1.9839644893523187,1.323987533969264,2104.648224861391,42
2.3527747200381377,-2.029167767493956,21.257039347002586,2.0561321166253856,1.3784971775547157,2141.8076408140114,42
2.398962113165088,-2.0548690442116024,21.60732804575274,2.0784492031220463,1.429798356948361,2176.637057396674,42
2.3747990131378174,-2.02026915550232,21.967016220092773,2.0406343936920166,1.4155452251434326,2137.503173828125,42
2.3492574537954023,-2.060319446748302,22.06093431288197,2.021401689898583,1.4044491552537486,2160.2183325982865,42
2.3719254693677354,-2.053899634268974,22.08751678466797,2.033112633612848,1.361113582887957,2168.8818280619976,42
2.3517638944810435,-2.039792476161834,22.57406302421324,1.9994109292184152,1.358377937347658,2180.451864919354,42
2.360567446677916,-2.0024421176602747,22.49563481730799,1.9854731790481064,1.353505842147335,2251.573171307964,42
2.3652651848331576,-2.016551429225555,22.03488097652312,1.9723373497686103,1.355016369973461,2218.3613990045355,42
2.360981002930672,-2.085248801016039,22.24260071785219,2.0439602328884985,1.359232610271823,2237.952912361391,42
2.3936639447366037,-1.998180866241456,22.24556559901084,2.009627742152061,1.3800068363066649,2248.521437121976,42
2.372746029207783,-2.051842412640971,22.2920195056546,2.1091933788791795,1.388219260400341,2245.9240328881046,42
2.353705098552088,-2.172445343386737,22.49947018777172,2.1866019002852872,1.4101424371042548,2258.211567540322,42
2.3359989120114237,-2.0786781387944377,22.850867117604903,2.097014242602933,1.3860995577227684,2286.408715032762,42
2.331096664551765,-2.144749541436476,22.740192044165823,2.162802142481654,1.3988957789636427,2269.568894909273,42
2.342561760256368,-2.2135419307216515,22.967287309708148,2.1823753926061817,1.4362934866259185,2260.880182081652,42
2.3566428461382465,-2.084759158472861,23.4028141267838,2.08127232520811,1.4322724226982366,2228.335205078125,42
2.3503605011970765,-2.1100641373665097,24.206368907805423,2.101821837886687,1.3978328435651703,2231.875559160787,42
2.356020458282965,-2.0376185371029765,24.39814155332501,1.9923692864756437,1.329347510491648,2274.2644515499,42
2.3593598027383127,-2.070532345002697,24.201464314614576,2.014028379994054,1.3523141991707588,2294.107398248488,42
2.3154966600479616,-2.1314244577961583,23.774509614513764,2.119757990683277,1.376790735029404,2357.65072139617,42
2.3060338035706547,-2.1559612904825527,23.734562781549265,2.137145257765249,1.3295153148712648,2367.5135852444564,42
2.30828119093372,-2.157103569276872,23.53111710086945,2.154266026712233,1.3459857317709154,2362.502055506553,42
2.314280210002776,-2.0555606811277327,23.420571357973152,2.034888298280777,1.2652699485901862,2353.6645744077623,42
2.300141849825459,-2.0892346905123818,23.51017287469679,2.053153576389436,1.2617753782579977,2409.433073966736,42
2.269122915883218,-2.0734889814930577,23.76445610292496,2.095865111197195,1.2744738171177523,2447.5132544732865,42
2.2351972056973364,-2.087182344928865,23.916737033474835,2.054119756144863,1.2587918966047218,2391.630678238408,42
2.365516139614978,-1.6555088027830722,23.767678414621653,1.638252738983372,0.903673433488392,2456.432711693548,42
3.3232204683365376,-0.1110022010341753,23.822217879756803,0.0848811211124527,-0.4038520743769995,2239.538408833165,42
3.498692112584268,-0.1478057025421037,24.093921599849555,0.0839639245983095,-0.12860853657607,2387.4531328755047,42
3.535325304154426,-0.0524133350099295,23.241679222353035,-0.0383890214706618,-0.0375623203092941,2408.5747621597798,42
3.5706946157640025,-0.1272165023030771,22.77117975296513,-0.0241483913794639,0.0115605051959713,2403.2642704133063,42
3.603289850296513,-0.0678584635738413,22.13217563013876,-0.046940169146945,0.0292206327881554,2414.155139553932,42
3.612819971576814,-0.0767815442335204,22.60144325994676,-0.0021272052920598,-0.0082981030667023,2405.4368542086672,42
3.620336771011353,-0.0894709154963493,21.482177734375,0.0412858775816857,0.0259392317384481,2400.0,42
4.077286243438721,-0.0318809077143669,19.596097946166992,0.039944652467966,1.1509284973144531,473.8280334472656,52
4.138497560947865,-0.2888771672103855,12.509344234122889,0.1796020102594885,2.7458460062473744,-97.227986447446,52
3.8678323127127983,-1.5606898778193703,7.124432950406462,1.5863099065986837,3.2441077318277447,-81.48525402996991,52
3.70806457223119,-2.1908665476618587,7.131817637263118,2.2653878089543937,2.722776973569715,-9.70331779686181,52
3.6642405256494746,-2.3142027511253014,7.264485058483777,2.34848141240644,2.4664613427342594,-111.16755057669968,52
3.671680390297829,-2.283170032071638,7.0099804336960245,2.31983174289669,2.4627657849509434,-88.3525267592421,52
3.714311831706279,-2.15609606536659,7.51247601895719,2.1590729790764884,2.5416860902631604,-35.09834722570472,52
3.686221497552889,-2.1439960335826016,7.467560355727738,2.1352278831842786,2.5351556904681094,-24.27309718432723,52
3.6966051518380105,-2.0992131448006845,6.938361176499376,2.0972543428610035,2.5241706586098887,5.792413810351944,52
3.6966157056189872,-2.0506561060209534,6.967607962118613,2.0848289663727217,2.5239232778549194,-5.1194338283023,52
3.683995120160215,-2.084359106716809,7.389205588950767,2.084165010366354,2.544671196121353,-86.89825638779674,52
3.652793588939014,-2.1095481702873298,7.31524557680697,2.074874869338027,2.5731531703794324,115.80949903608445,52
3.6511242711866223,-2.0917849476272994,7.558627309025945,2.0532984411394275,2.5181839852719694,189.7252601417335,52
3.673508168340803,-1.973727251495327,7.585876078219027,1.9507654158918708,2.5462043500161387,123.83194179363082,52
3.656342785637658,-1.960942195342468,7.148227691650392,2.0058959754737646,2.5709345920665845,117.36724984108866,52
3.6477641737138895,-2.031806207991935,6.948977934347618,2.082995756252392,2.556738589261029,130.9643219612739,52
3.657309063920029,-2.001646948290301,7.38997390678337,1.9969588378528216,2.595889158077068,113.9262370891401,52
3.616726322217031,-1.9953872572194349,8.020480628486151,2.03097250977078,2.5755154914684124,120.65184258125916,52
3.618836763742808,-1.9759796825615137,7.838116929337788,1.9487083731470884,2.550325393676758,111.0239144402581,52
3.630519501797788,-2.0387998325330714,7.487327171875548,2.055018825573964,2.550317896379007,114.3047582609162,52
3.619877499503058,-2.034379890373161,8.277416538547824,2.0414282094250926,2.551670940072687,60.63067730053007,52
3.5836646460198067,-2.08630658484794,8.726790273511734,2.0461760243854004,2.515025019645691,122.96260452270492,52
3.585048576733014,-2.0941885613106392,8.632032205392651,2.051796764940829,2.528312687401299,121.4933281288492,52
3.5781163922301285,-1.992052519643629,7.987173896652089,1.9577797527785776,2.5208795199523104,182.20590924787075,52
3.566921756074235,-1.9656905612430056,8.274157807633683,1.9404276480545868,2.5077857455691777,192.62779194599867,52
3.5553544201292437,-2.033809335382135,7.965592951387972,1.960137168566386,2.517726497607188,220.22696032824825,52
3.5367516955813847,-2.082824960485235,8.031801876721081,2.010706429008965,2.5012267258790164,219.54678454699808,52
3.569695018433236,-2.019191558296616,8.503814207540975,2.019747634191771,2.527773718576173,147.30485823347755,52
3.5499560231561063,-2.022126155930596,8.705668165877059,2.012114192988421,2.4835790320559665,236.7321708610464,52
3.539629195187543,-2.057009606748013,8.744991250940272,2.013616136602453,2.480859899306082,241.21689172693212,52
3.521989751506496,-2.0288293297226363,9.072328979904588,2.039468997233623,2.528691704208786,261.220849114495,52
3.51408610902391,-2.036887685457865,9.291959290031915,2.0068561370308338,2.525841632404843,304.503690427488,52
3.5108895237381392,-2.0360625090899767,9.496600589236698,2.0046731222857224,2.495807102134636,298.40364995733,52
3.511502004958488,-2.013736354338156,8.971280201061354,1.9458267463220131,2.457927536320042,324.41366742108323,52
3.5224822942201084,-2.038033090196214,9.5255647779585,2.030359059840709,2.4920204609364003,324.2414800970406,52
3.5047236691724075,-2.0998350725517616,9.849858756537913,2.077728869678737,2.466385128261807,320.5637055818024,52
3.5068547661240035,-2.038750996460786,9.590091550672378,2.05449619164338,2.463523626327514,354.8093302958716,52
3.526245792706808,-2.018619954586029,9.896300315856934,2.041520953178406,2.46419894695282,333.6815083821614,52
3.509680971369013,-2.035840610126117,9.52029443001962,2.038130418674365,2.447659254074097,327.0483582642698,52
3.490840090287698,-2.078220783053218,9.613006308272078,2.068448501664239,2.424658076183216,375.202268033414,52
3.4947746465872,-2.036822407095282,9.994290635392469,2.073457599760176,2.417769144247244,427.6200168369053,52
3.483751012398316,-2.016214261183868,10.643109244269295,2.0138860489871044,2.4165383931752795,401.0243368062892,52
3.4867536183950065,-1.9926054187723108,10.313128342499605,2.003241307026631,2.4380840353063635,419.4709546888192,52
3.496628660339493,-2.0324448078602284,10.018956192978871,2.0599317282169785,2.4591477357589446,431.6269319551484,52
3.4629237673304103,-2.0587525926194745,10.26352459675557,2.0852415647592637,2.4531158821002856,411.41389726518463,52
3.4493368767403267,-2.047811044229044,10.362776756286618,2.0615585559123275,2.4491441862003223,436.1835236420508,52
3.460284948348999,-2.066341468879768,10.699372712556302,2.05060812374493,2.427684721646008,400.80339503932674,52
3.467216190991101,-1.9878973493704923,10.93096812995704,1.983265189974157,2.4574757964761407,435.9901554691898,52
3.433637483699901,-2.009168940621453,10.83332768002072,2.0344310257885905,2.419587857014424,469.8884813463365,52
3.4439143414969915,-1.9942519514410344,10.87861343761822,1.998394399075895,2.420137247523746,490.6144692360817,52
3.4341268152803988,-2.037169791556693,11.16550062368582,2.001518737088453,2.4283153022731745,523.0128536739866,52
3.450818638543825,-1.9884414302336204,11.152377231701,1.9691610465178615,2.43198655102704,510.2157654633392,52
3.427486288654912,-1.9840067646524928,10.7914481463733,2.004414324287896,2.4242673929747163,600.620993124472,52
3.452197787997959,-1.9498882798461228,11.297193402642602,1.980104358883592,2.4278566654738003,666.3907388223182,52
3.448186191352638,-2.001341594232095,11.088439580556509,2.0076137136768653,2.4042948903264225,593.4258785763305,52
3.422554841986648,-2.003263435922228,11.322415472150922,2.022696006405461,2.4189556450457186,626.0117599899705,52
3.4286935393874707,-1.9874783142192944,10.722793372901716,2.020101259420584,2.389939626057943,661.7958385020761,52
3.433199895394815,-1.957735784955928,9.800832671088148,1.959014080666208,2.374144270613387,644.2465028505057,52
3.437611296370223,-1.9721032585109677,9.9393516574894,1.9765055362168733,2.3839872119662995,673.9261524097336,52
3.449439077763944,-1.9691308328697277,10.238474064045125,2.0129079700590253,2.407793902062081,688.5524390968116,52
3.429722805280943,-1.9634016977774125,10.886381097742026,1.9718708992004392,2.4192624994226404,694.9526416675463,52
3.415325274338593,-2.015322981653987,11.20512689556086,2.0220460225869945,2.3901121186780503,718.7405225049265,52
3.418756600972769,-2.0098674555082576,11.086649095689928,1.9840623022199748,2.3736856542192064,744.7611485386756,52
3.412872636640394,-2.03166281532597,10.46387048669763,2.014415148142222,2.388724211099985,690.213863888303,52
3.41659419171445,-2.02390979002188,10.552735835582284,2.0462775080053657,2.3861201475332443,653.6785652229379,52
3.405944932688464,-2.036614134504988,10.900828705177652,2.057357624844388,2.4044404147981524,648.4840511287655,52
3.383064682419236,-2.042556189201974,10.336206900106896,2.048780338184254,2.4022932374799573,717.0131423537787,52
3.387842693844357,-1.9958365312567703,10.50396289481773,2.022163887281676,2.430426078873712,712.8600804784277,52
3.3939401287216326,-1.995552777170061,10.570764730642502,2.0176676415108346,2.3665071972855576,731.5563332497543,52
3.3846446114617423,-1.979733552481677,10.925580256694072,2.007626533508301,2.408020831443168,749.3712570602829,52
3.3908320353911803,-1.937739029660955,11.25747068937834,1.995028815827928,2.375449008769817,794.5793143607467,52
3.3659031670372763,-1.9942534050425968,10.949657783851968,2.0050096350747184,2.382078626134374,816.4789043804548,52
3.344187311224036,-2.055184454531283,10.88403624457282,2.0201252666679594,2.343503107895722,841.7971141918293,52
3.3722327088450528,-1.9979619754327311,10.337798376341125,1.9806043022387736,2.338167876810641,793.3610911326365,52
3.3395769596099854,-1.9874194463094077,10.33461125691732,1.9671506881713865,2.343894402186076,815.2462361653638,52
3.336808881244144,-2.0111486428492777,10.306459633079731,2.018197723337122,2.3498282496993603,830.2733731656463,52
3.3342015721776463,-2.01607564333323,11.290002771326,2.028616967501941,2.334085382856764,790.1714433549764,52
3.342185360891325,-1.9631222218006583,11.36572382901166,1.9811844444489697,2.3425055785222098,791.7529159408431,52
3.3324316772254736,-1.9507298372887272,11.07814324868692,1.994150184296272,2.3202617683926148,831.8623558250639,52
3.347739447344531,-1.995789306657808,10.820850844855782,1.971706585841136,2.3282732039958507,845.8652129302153,52
3.3398343614629806,-2.0274438643240718,10.789232236845008,1.9774508970277795,2.351738564602964,876.3642611116977,52
3.3046688485789946,-1.9995120022747968,10.957158758833598,1.9734742528683429,2.310344766926121,880.1484820391681,52
3.315476778391245,-2.054701042604875,10.893072368862375,2.0369378532375286,2.303740868697295,879.7626524229322,52
3.3214673867096773,-2.0542961176451264,11.100336465749653,2.010062683809985,2.330720579301989,925.3993467038816,52
3.326339025755187,-1.9936313145869484,10.928534585076417,1.9573764833244105,2.303125639219542,965.38345419394,52
3.3048492530444724,-2.0285372830726,10.256097106246264,2.014416386415292,2.2913520024703438,963.9017784874712,52
3.3225868242280976,-2.024411667574634,10.204502758679096,2.021459104778531,2.2786911844133253,974.2059876038154,52
3.30843139661325,-2.048653312631556,10.568258826797075,2.009425237372115,2.3048810346706494,959.758309029244,52
3.3128235103847743,-2.0143917487548286,11.019233703613285,1.970551167522465,2.3275915094324056,966.6908948743664,52
3.317093612911465,-2.0079325378478106,11.32974221684911,1.9775882443866213,2.320035876454534,971.8808827443172,52
3.321807416709694,-1.9550654855934344,11.847270656276397,1.958138514209437,2.30984927512504,994.8614617425044,52
3.293398200928628,-2.0259578850892206,12.204082312884625,2.0408309268521827,2.305697151132533,993.0220284676768,52
3.281714471610817,-2.0477764026538745,11.622140781299498,2.036113762640738,2.2461188655715816,1041.2824773015184,52
3.2667841363597563,-2.0482548281953146,11.370630470482071,2.082711155350145,2.259359991228259,1048.5855020059123,52
3.2439959779516,-2.009737745061652,12.293103252445254,2.007139864268604,2.235151039587484,1029.4451464403849,52
3.2519026779913687,-1.9738603884035408,12.187836273296456,1.9633480315809853,2.27219100256224,1052.790500950169,52
3.231686894958084,-2.012980364464425,12.037109529649891,2.0153382404430493,2.221919246622034,1089.9504031619508,52
3.22367389352472,-1.9845603704452524,12.246483274408297,1.992646229696704,2.257388236286404,1110.4366521062068,52
3.220805034981117,-2.02264615866515,12.303904748177745,2.0489765480831936,2.2359298650208896,1116.8347805813628,52
3.242475239006249,-1.957490788923728,12.30158531343614,2.0012983792536967,2.229266202127611,1057.478317673142,52
3.250587229256157,-1.9873360223598304,12.451434728261583,1.9818099543854997,2.2885479175292693,1072.852633639499,52
3.2346837799828334,-2.039708296457927,11.95703932616088,2.013841640841854,2.2559809609576384,1083.253740190386,52
3.2289331732569515,-2.044184910284506,11.891891247517355,2.016301341958948,2.2018270556991166,1091.4664999472127,52
3.2109891466192297,-2.0052580564945663,12.169665916545968,2.006348663622195,2.180048283155974,1109.5746872360626,52
3.2186172352180824,-2.021572583430522,12.394335282815469,2.009415682371672,2.211915014026401,1155.481859911669,52
3.218624208424542,-2.004580219049712,12.387331047573609,1.9773465781598485,2.218423627518319,1170.247810982369,52
3.222085372821705,-2.012363749581414,12.506228910910112,2.0113583749479003,2.233671553500064,1159.169157560881,52
3.1950654929822626,-1.9786647015863716,12.24585662446582,1.9837405214438568,2.2002825543687146,1165.723755982546,52
3.2003022077921277,-2.0322446887557573,12.17205550219562,2.021960297146359,2.1560085206418425,1197.7705177100927,52
3.1641348342637765,-2.0533768335978184,11.866802580721746,2.0638182345811305,2.148078304153305,1205.763323809649,52
3.14754074543446,-2.049314260482788,12.367239986454038,2.064748598648621,2.137629283441079,1201.177103128519,52
3.182960271835327,-1.975355088710784,12.606307506561274,1.9860100746154776,2.150134086608887,1226.0553588867172,52
3.180371512163867,-1.9992097734331005,12.347251849131538,1.9959684019690156,2.1456299365103786,1261.175020235078,52
3.164720108917168,-1.98880643296886,12.219873415457227,2.00671256232906,2.138600882109221,1266.9356562983876,52
3.1552437769400106,-2.0268065929412846,12.011304752246742,2.0312094044040987,2.1350621597186934,1251.1369233002538,52
3.168261450690192,-2.0173249781668723,12.050644823022791,2.023481344317531,2.144392930709564,1288.476076968081,52
3.149839805053161,-2.060826131889413,12.083449337933512,2.0111281699962453,2.1371677351427514,1344.002193966428,52
3.1444836307216333,-2.019572042130135,11.98832144608368,2.000323577507121,2.0938378282495456,1296.713924923458,52
3.1384648073900934,-2.0165137149192165,12.187279099816651,2.0101412695807364,2.0982521460936963,1334.3110791455515,52
3.14441213736663,-1.9403836582158065,12.532898722468197,1.9659405270138304,2.107412231935037,1314.8150508296385,52
3.126197995366277,-2.0318136472959774,12.671904821653625,2.0339450965056542,2.0839139384192387,1260.5449713629648,52
3.1428127686182656,-1.99299853556865,12.766699803842087,1.9803825069118188,2.109188107756881,1314.542574495882,52
3.146115303039551,-2.0007016733959992,12.831160356332578,1.958933012979526,2.0978046430123847,1301.5112964527011,52
3.128025986052848,-1.9838701244947077,12.83176732707668,1.9540346925323075,2.1290226594821826,1304.1581338418491,52
3.13376935967454,-1.9226384603225437,12.819917086008427,1.926044209583385,2.127391203029737,1326.5892059051237,52
3.122164914199898,-1.9594223010647385,12.810053928478355,1.951300010487839,2.1228839900042558,1351.5332427153708,52
3.096800546388368,-1.978452727601332,13.054009927285708,1.9647439009434464,2.104629233076764,1414.0807181693408,52
3.126818812645233,-1.996571404976888,12.806565555366308,1.961553115028519,2.143272329021144,1425.9968509158575,52
3.118239228789871,-1.9900721751891808,12.792078138471728,1.9923378970171943,2.1276731598484644,1493.1743449992948,52
3.1165708303451534,-2.0075223349236158,12.710436305484254,2.0129653698689234,2.066453888609603,1507.1898853198904,52
3.0870058729841903,-2.0118765702118746,12.78436733795716,2.00406678302868,2.0789965079711363,1465.4255613034911,52
3.0715487894711195,-2.041943993654337,13.18100481205158,2.0421863085514795,2.0418582424387206,1541.3800901120844,52
3.080102160170272,-2.0358486626599284,13.461386912577858,2.060932101430119,2.0745529999604093,1559.851516311234,52
3.0815111237603263,-2.0232920174126146,13.65245460389971,1.9919652299838024,2.069856222685393,1529.9518124692097,52
3.0731097062428794,-2.049069226325096,13.573758142488495,2.030852075095649,2.055596847791929,1543.075826558981,52
3.053459676536354,-2.055028074496501,13.53616528897672,2.017763141039256,2.050959500106605,1565.8454457875844,52
3.0216072357452672,-2.042216520051697,13.210876636676964,2.020872333028294,2.036277682931573,1546.2274389868371,52
3.0014960615484565,-2.043897103618933,13.122719386676415,2.0333392781180324,2.0285825267568383,1528.2138248477984,52
3.0076295685123755,-2.056282378531791,13.000504029763713,2.004707877700393,1.984962424716434,1507.8977479676944,52
3.0099073358484216,-2.0492915441324056,13.605618683067522,1.98987521244599,2.010541089483209,1580.6309852943753,52
2.972952185450373,-2.0872146567782845,13.6848096246118,2.004389357996416,1.988028655181059,1591.7203039220865,52
2.9708063827978606,-2.03900022120089,13.761947670498415,1.9793879260887968,1.982206446093484,1614.6672231313337,52
2.9742245351946037,-2.0587296700692392,13.363175967792134,1.981535071725244,1.9713883915463009,1592.024085242469,52
2.9260336912430085,-2.030117081092284,13.880829888421143,1.99286987115671,1.947961930756096,1590.955771506369,52
2.9117920140962346,-2.06523236712894,13.871160842276902,1.975745362204476,1.937722563743592,1625.5685969172268,52
2.899625200409073,-2.0157579645380226,14.411687129252652,1.938631755274692,1.948546005798889,1615.2238868507177,52
2.894114262348897,-1.9563869323816383,14.175862587250029,1.938094438733281,1.9064216903738076,1639.3521508569115,52
2.868192112123644,-2.0011108501537422,14.4629656688587,1.9619811837737624,1.892790705771059,1655.2559121621623,52
2.8459433714548745,-1.9918387730916347,14.58074378967284,1.9547292788823447,1.8514158328374235,1665.4959309895833,52
2.8361721940942712,-2.01240007190017,14.492619218053056,2.0088178214726136,1.874474195209708,1718.6909515105926,52
2.806027393083315,-2.05066982475487,15.517412108343995,2.01511314108565,1.836662037952526,1729.7935494087835,52
2.7685904825055925,-2.0439898570378627,15.684350550711692,2.011100910805367,1.854110192608189,1703.5421791420322,52
2.772452715280893,-2.014888488494598,15.995846791310347,1.9867048156154057,1.8365067189878173,1617.1339166314767,52
2.7770969738831384,-1.9957956752261603,14.965467556102835,1.9492638707160943,1.7633834594004865,1692.1022850242823,52
2.7575716456851445,-2.060826292983046,15.350710387702462,2.0194625553784067,1.717538286973765,1672.0065522065029,52
2.771956843298835,-2.029704739381601,15.501343907536684,2.006514993873803,1.7504503130912772,1711.8614655915674,52
2.712972370353905,-2.0624516654658964,15.484866296922831,2.051600643106408,1.6955471038818373,1736.8732976140222,52
2.6927929515237228,-2.029114607218152,15.701290173573542,2.0332097980353248,1.647044460515719,1759.8805426520255,52
2.621313488161242,-2.0590907346020937,15.74313595917848,2.0100180587253056,1.5982739893165794,1755.0637789889497,52
2.65496535236771,-1.9576218353735453,16.074800388233083,1.9767825764578737,1.6019726218404,1772.6111813107052,52
2.6598525884989166,-2.0364136975090763,15.748418541641891,2.0495610043809207,1.6261880086348928,1794.5331162461268,52
2.624468897914028,-1.994174315048768,16.024614170864897,2.037442798013086,1.606165804841497,1829.1159519504856,52
2.608364498293078,-1.958036483945074,15.986912392281198,2.026529988727055,1.6029443257563822,1839.7660868876692,52
2.612443039009164,-2.012062135043444,16.419640154451923,2.0300698624000875,1.5781843984449238,1854.4480035455383,52
2.5683746123099103,-2.0872903020532303,17.161483472531973,2.098185135437565,1.5929675456639871,1827.4771354606555,52
2.554430826290234,-2.1290783592172566,17.3423345411146,2.125195822200259,1.5836072531906336,1815.121989482158,52
2.5526560491269774,-2.031987903354404,17.154196455671972,1.982611978376232,1.5033618093610877,1886.8512292810385,52
2.533751539281897,-2.1152967139407304,17.371810251528068,2.094694327663729,1.5019887240083367,1931.1631667678428,52
2.493824230658042,-2.100143445504682,18.03399034448569,2.0795199420001085,1.5038570938883618,1885.5725097656264,52
2.442500011340992,-2.04253545215538,17.89107502258576,2.094946481086113,1.4127735157270689,1936.5913333377323,52
2.421208304327888,-2.056816623017593,18.4036784300933,2.0545916815061824,1.4170640964765802,1899.8447078670465,52
2.386400793049786,-2.035651503382504,18.55182815242458,2.0516049765251774,1.4082990482046809,1932.4206493480765,52
2.3904389626271016,-1.9752395217483123,18.62215901280309,1.9932392857096228,1.3632076001382083,1948.812513196792,52
2.4022982184951367,-1.997296570120631,18.5407402880557,1.9922785920065809,1.385663400362204,1861.3341768281955,52
2.3922666085732947,-2.1015809999929886,18.759102898675035,2.087292168591473,1.4003421100410256,1876.964751372466,52
2.413233470272373,-2.083413477416512,18.9434892551319,2.131923618617359,1.4070028098853855,1933.5778033282304,52
2.412761331678512,-2.0811213888563547,18.994801736092786,2.0703760675481835,1.4035915684055622,1977.891420106629,52
2.398420485290321,-2.093466491312594,19.339012145996094,2.108490241540445,1.4277045404588855,1923.3384432406035,52
2.3941629169223555,-2.077494634164347,19.508490931880367,2.094901185851914,1.4154837217416856,1988.3874951611767,52
2.3495192774781235,-2.0395644135303352,19.41333204561525,2.030056490554469,1.3798041241663,2075.0099206872897,52
2.333818036156732,-1.9710650025187304,19.632932044364324,1.958228932844625,1.3262893477001712,2030.7905108477612,52
2.3056611638885363,-2.0553854993871736,20.069391327935296,2.03198838126552,1.34427592829541,2087.666647421346,52
2.288191206820377,-2.1240374805691,19.933269500732425,2.1315576364328184,1.3577965261699934,2044.061553130279,52
2.2691297112284485,-2.135583755132312,19.92354307947932,2.148390737739767,1.3698956354244345,2080.782846811657,52
2.3019068670702394,-2.1038533416954266,20.00621601482767,2.1018464006819184,1.3691662367399715,2059.9707680092224,52
2.2862468560536704,-2.06497840086619,20.0443073908488,2.0686016877492275,1.3328544100125626,2079.589925130208,52
2.2940487152821296,-2.0569223584355534,20.44450955777556,2.0816520355843204,1.3313918693645583,2098.9760214315857,52
2.347255355602985,-2.0590540557294283,20.73320383638948,2.059128274788727,1.3092848325634885,2138.3995988175684,52
2.332486311594646,-2.081802333797418,21.215768092387385,2.1012382550282496,1.3265742697157286,2124.719060124579,52
2.3457900640126814,-2.1376038950842777,21.55669970125766,2.1124604972633154,1.346158512540766,2090.546439505912,52
2.3430407562771367,-2.113103668968958,21.876008695310286,2.117854180636709,1.3052029545242734,2137.830047332487,52
2.3239262168471884,-2.05648158155046,21.83636359481121,2.0957567262219943,1.3348090267396184,2190.196800438133,52
2.3047650891381344,-2.1239167033015067,21.77394722603463,2.106623385403607,1.3523356560114268,2228.2914643158783,52
2.3446691014745222,-2.058909227182201,21.928073393331992,2.0789236109535985,1.340506287845406,2194.030696834529,52
2.358814147141602,-1.9969443415736283,22.16101029542116,1.9849552066476484,1.280485878119598,2238.502410613739,52
2.384907145757931,-1.9908206897812903,22.422132904465144,2.0074960686065046,1.3252934056359351,2304.155032596071,52
2.4033683355864106,-1.97747853425172,22.985611614880263,2.001010525333989,1.325633621430612,2257.451587573902,52
2.390428955490526,-1.986688964001768,22.5674397923925,1.970070698776761,1.3055366385090468,2285.161116316513,52
2.359286430719737,-2.072960009446013,22.489596598857155,2.0322201960795625,1.3777614187549907,2309.7346455342054,52
2.324243498278093,-2.0699206161069448,22.57965464205357,2.0240002929627376,1.3395214274122875,2320.847725533149,52
2.3395411130544304,-2.0246568391988937,22.206476469297662,1.998080557531064,1.3431698223492046,2367.344185494088,52
2.3682427567404667,-2.016586408421799,22.286664112194163,2.006727194463883,1.372341418588482,2333.260950036951,52
2.381596247355142,-2.057537532067512,22.52253374323112,2.044697424312968,1.388045648196794,2343.43969066723,52
2.38142623020722,-2.097520242940201,22.24627663208556,2.0611086181692206,1.3533806285342644,2384.345981357335,52
2.399174967327633,-2.0472985989338643,22.65004781774573,1.9762909541258948,1.3156200679572851,2387.551348711994,52
2.382565204087678,-2.079032939833564,22.8136228870701,2.068056182818369,1.3673408128119795,2383.125844594594,52
2.3741392273086688,-2.128357431910058,22.50957456365363,2.130683063386796,1.357697831617818,2413.499375351917,52
2.376814964655284,-2.1679529144957246,22.601093653086014,2.144554853439329,1.371799686470546,2424.726496516048,52
2.3582500036772305,-2.160925386188268,22.90368879163588,2.157762269716006,1.3739663663211168,2392.867251284488,52
2.347619420773273,-2.0046039164603298,23.311197865116693,2.055720979028996,1.296895378881747,2458.59731973184,52
2.3705519663321013,-1.9569076654073363,23.50961545995765,1.9299799622716127,1.2676215977282137,2515.998416385134,52
2.332910900717383,-1.9265916922070985,23.455212893786737,1.924712384606269,1.2932738028131088,2544.6459444063216,52
2.546019882769195,-1.4021740883320373,23.72336989050513,1.3874181390882687,0.8876650290446295,2604.467766839104,52
3.177214290644661,-0.4094357603305205,23.73772389179953,0.355895760897057,-0.0831174440178395,2537.5687618771144,52
3.519294723734123,-0.1155662844712682,22.73229033667768,0.0582945292127592,-0.3581258187422889,2478.309700080939,52
3.547861213082665,-0.0938947163857864,20.46601062637202,0.1223047817679683,-0.1757802104090806,2488.928741730016,52
3.550738450643179,-0.0625094922410472,20.73770739581134,0.0528067548734108,-0.0701483349139631,2545.4849490603874,52
3.5464025950646594,-0.0772182158118979,21.544273591256346,0.0484088494668929,-0.0343640214839105,2606.618613853111,52
3.605992894988873,-0.0604538859145053,21.740370793385495,0.0731759073531543,-0.1171986751325472,2460.9538244299,52
3.603571073429001,-0.0721327604071531,21.514946525161303,0.1035983137585032,0.0068947342098549,2637.5625527871653,52
3.646473966203295,-0.093663565277517,21.021312404323268,0.0337726666785048,-0.0765990502796716,2514.5054326787726,52
3.634956033380182,-0.0754109793552401,20.669716328114003,0.0433230652633294,-0.0625906764521262,2537.0708634660045,52
3.6547441482543945,-0.0290301367640495,20.405271530151367,0.0368527211248874,0.0074211414903402,2566.765380859375,52
4.077070236206055,0.0726811364293098,18.352758407592773,0.0083522852510213,1.0861517190933228,463.7372131347656,57
4.087128393040147,-0.3568206169577531,9.670207409526029,0.4060812661814135,2.9370185541552165,29.282278850466703,57
3.826326788303464,-1.6068679892739584,7.296681577105855,1.8223374327947923,3.1712704991185388,157.5511802495912,57
3.7637624274852666,-1.9475724780282309,5.959632483194041,2.121700195933497,2.7901571074197458,119.64091026838432,57
3.725760585208272,-2.095934790234233,5.5914992842563365,2.238486599367718,2.643356238963992,74.83960425798287,57
3.734212210012037,-2.1376263540844587,5.704599114351495,2.226113042166067,2.567818491957909,92.0148625928302,57
3.762274687789208,-1.9410442790319755,6.033793382866437,2.0632454617078912,2.599293501432552,114.31188209001398,57
3.751679037892541,-2.0213067531585693,6.425196554494459,2.12289200272671,2.6429794222809546,176.72029589275974,57
3.747059535980225,-1.946688387005828,6.365719152051349,2.0630821106045745,2.5838413515756296,199.3586293774981,57
3.716084132083626,-1.984744909752247,6.865362495599791,2.093947996095169,2.613511814073074,213.74576941201852,57
3.6868461176406506,-1.9715692220732224,7.056400210358376,2.0736627246058266,2.593741727429767,211.9660722599473,57
3.655108804480974,-2.007708701422048,7.351663908847542,2.0696407750595447,2.6132004893103318,195.27847290039065,57
3.6601487104282815,-2.00104135247164,7.8849109915799875,2.0445466762365294,2.6022770582243453,143.03225537677145,57
3.635490609324256,-2.0496883713921834,7.586156437008879,2.1041973513226173,2.6037601493125737,175.2901274925053,57
3.672055030423541,-1.991054084689118,7.3667008156000175,2.046265278306118,2.623349672140077,174.53139123251265,57
3.667144309642703,-1.97271737387014,7.220368496207303,2.002283961273903,2.6261560306992644,198.90915342818852,57
3.64923616231874,-1.962272799292276,7.65667056593784,1.9959704853767573,2.6369573570961173,233.57879028320312,57
3.6767728727917337,-1.972563509053962,7.817208915533021,1.996487088536107,2.6677720945934915,161.80443753974393,57
3.642792872495429,-2.027745781388393,7.696151023687317,2.05764048154964,2.611961953584538,210.41287572106657,57
3.6136060526204665,-2.0215831202129984,7.670164480874706,2.0045797669610312,2.568762523074483,224.50058466001968,57
3.605614501376485,-1.9902655246645904,7.641713120216546,2.017268591148909,2.559891889261645,279.5073973189953,57
3.587314024636912,-1.9548649288887203,7.960666159696358,1.970088881115581,2.5405465924462605,282.2304470328397,57
3.609144242974215,-1.9690744666166085,8.37757005913313,1.976775881301525,2.585942831704783,302.6348614360011,57
3.589091370826544,-2.04291000698888,9.17002451697061,2.0643867248712584,2.548158049028973,287.8064758300782,57
3.5738537877105,-2.055498682066452,9.16074777647506,2.0701999941537546,2.5336632218471795,352.2052210608196,57
3.5655463628990707,-2.0740757653879567,9.089358440665311,2.0766442376513816,2.518983619157658,279.204404609148,57
3.564288206987603,-2.066527734800826,9.3058879763581,2.053622367770173,2.4853773959847385,352.49824942655306,57
3.566600174127623,-2.038815964099973,9.54664894813715,2.051236783072006,2.5053230363269186,325.533967199991,57
3.5779654613761016,-2.0374232258907585,9.175675831284634,2.062952901041785,2.54958744270857,258.4538930493731,57
3.56102257883826,-2.0239841006522954,9.832591123359142,2.0645453952079595,2.55389224651248,250.3556707337842,57
3.5270443849785384,-2.056463984555976,9.203967515812362,2.0497560057529185,2.5181367009185083,310.108939947084,57
3.5356844813324684,-2.0162867357564527,9.050839375340662,2.030839643921963,2.468951389401458,361.988551366052,57
3.5216155030006586,-2.0737986121066783,9.636927059084872,2.106999521477278,2.4859994888305663,298.97725787495466,57
3.5295216183329736,-2.0155088546664217,9.181842307157297,2.01949693324954,2.497780315266099,322.73493638149483,57
3.535158712919368,-2.0494311776272087,9.529360003804056,2.054938528149627,2.458689840449844,315.68674358988903,57
3.5246735561725706,-1.9730091289032337,10.1057783171188,2.006716473158016,2.452044170956279,340.1118015023165,57
3.5068483862766,-2.034691127510958,10.053654763864916,2.0504438067591466,2.4367301486259283,347.70211536496186,57
3.5192178704017816,-1.9637198459270389,9.138946000919791,2.014636679582817,2.501781952658365,404.6661693484286,57
3.509350868713024,-2.016286969739337,9.451925153510516,1.997247089341629,2.473973569204641,423.8972336879996,57
3.474689525781676,-2.054528508075448,9.287814118141352,2.055486461728118,2.455174315252969,463.0180878395258,57
3.480008225108302,-2.0146541484566622,10.028665498245594,2.04226456132046,2.472566477088041,409.2611190441042,57
3.4645177419795545,-2.0292829923851547,10.351931629624476,2.0689003500827527,2.4034986595774805,443.77081483353015,57
3.466170134655265,-2.007756595833357,10.30097958764365,2.0660144129464797,2.4100807467172314,483.5297640068584,57
3.4844531059265136,-2.0022280693054197,10.202021408081048,2.031609487533569,2.442311906814575,501.3427795410157,57
3.455690611240476,-2.058473410717277,10.761854216109874,2.0719790270162184,2.419077054844346,527.1880375352017,57
3.432393428891204,-2.033188814340636,11.249320762101997,2.018987683362739,2.409520969834438,503.103600080623,57
3.422109741388365,-2.028765561968781,11.376301348486612,2.042150372128154,2.3944195226181386,526.187604753361,57
3.42582370070524,-2.004287325504214,10.660944872124254,2.0421518869178232,2.40845691436945,498.23070593545583,57
3.447007467580396,-1.9558536385380945,10.593098023880351,1.9764222843702448,2.45071344264718,476.06683221861255,57
3.429050785996193,-2.0375686878381774,10.469702689592228,2.05457346273023,2.379150391733924,552.1645033725473,57
3.4213189579719723,-2.003877564918163,10.85927022889603,2.0343108565308325,2.3809868845828746,580.8689773914425,57
3.420024705487628,-2.0622004054313483,10.538754547473996,2.0400382762731506,2.3877894135408626,566.8896492891533,57
3.426377975109012,-2.0823935464371086,10.438513742491253,2.1037582852119625,2.330758533921353,583.9564052847927,57
3.4418763515561124,-2.017517354876496,10.14084683795308,2.0480458481367245,2.3552299632582554,595.988847599473,57
3.429158971476,-2.011485686413078,10.648631375334984,2.004488706588745,2.411158010571502,568.9868428075038,57
3.4122070323589235,-2.0128146825834765,10.42788066420444,2.029699952103371,2.403577616048414,593.2886948696405,57
3.421772685161857,-2.0140811376793435,10.764103911643804,2.012947844350061,2.433624985051709,610.9379130518714,57
3.420832590724147,-2.0064273191052813,10.617048024022305,2.000909158795379,2.4590405663778614,604.1691346634266,57
3.417789610042129,-1.9782867658969976,11.381594178842937,2.0221141615579303,2.4121842872264776,642.5965976448952,57
3.404898744405702,-1.996589585237725,11.110011238275574,2.0517775457958844,2.42741246001665,631.5754976494366,57
3.3963218622429427,-1.9846152843430984,10.859266103700149,2.078915723534517,2.417193662288577,638.881877100745,57
3.387560472931973,-1.9894690352816915,10.977689805141711,2.039041221973509,2.388176750582318,662.9580325104469,57
3.389098169637281,-2.00022429532783,11.284007981766102,2.0314762841823493,2.419357051405796,664.3081182435501,57
3.3954317858052807,-1.9790942912877996,10.7937035937642,1.9647276246270464,2.3812226073686467,678.411679290062,57
3.3839838194292646,-1.9600751050682952,11.13592924073685,1.9687335291574168,2.401965269931527,692.8140508607377,57
3.4016421506571217,-1.9719721716503764,10.81139923805414,1.973938279373701,2.3944222982539687,714.2895152956941,57
3.3869485200837604,-1.946482641752376,10.496848563260812,1.9990518048752184,2.397226420114207,719.3337535769441,57
3.3919277579285376,-1.902577564328216,10.678588831701942,1.975532447460086,2.411815861768501,704.7102910951128,57
3.376937827398611,-1.9593887312467704,10.644251827860996,2.0210881410643093,2.357850653626199,716.6282450831199,57
3.379713527546373,-2.0367887341698934,11.100052518622816,2.0415368878564166,2.347616349819095,736.8777306845018,57
3.3580432658971744,-2.020276441130527,11.08476922678393,2.065911209860513,2.3770578628362613,673.1217140375181,57
3.358288458890693,-2.0734077863915017,11.428485484455909,2.11995007160098,2.341508290934008,725.831382006268,57
3.3673773599225423,-2.040861573330192,10.872172652843387,2.046445003775663,2.3631896950477778,756.1886613712754,57
3.3667399062666785,-2.018135187237761,11.299195906173344,2.022584399511647,2.3771587837574097,735.2321995934763,57
3.364177718273429,-1.987414582385574,11.483810957088028,2.012334345662317,2.367866970771967,776.6527624795597,57
3.3567173314649006,-2.002257552257804,12.072190927904709,1.9932171355846315,2.3254563087640805,814.1081358443859,57
3.376316510799319,-1.9707751057868783,11.539921002055324,1.9467273468195003,2.3242760769156523,847.6392734261442,57
3.3590110335239145,-1.9953857371973436,11.355498211882836,2.014341179160185,2.328466997590176,847.5080529501273,57
3.3493828485178394,-2.060016405859659,11.415476421977198,2.0657022332036217,2.3119485921637954,850.9547031136447,57
3.340609740102014,-2.0446471491525338,10.83658275160679,2.027792189842047,2.3074068368867384,851.2723306345384,57
3.345711913219718,-2.029480191164238,11.319972415303074,2.016869301019713,2.3290651676266694,786.3353768282158,57
3.3293234836223515,-2.007874288115392,11.150939914792094,2.0255834058273683,2.2414168479830723,839.0228200513251,57
3.307118868273358,-2.0185363614281946,11.5017419371494,2.0410242601882578,2.2469337263772657,794.8692209642988,57
3.311090046860451,-2.019790689335313,10.650160039857376,2.056419963614885,2.2526402595431305,851.12021739871,57
3.3043203209721765,-2.0351610161537343,11.129624149411216,2.0683315765026,2.2598174106243043,893.0821564430411,57
3.288529989331268,-1.9328424098879788,11.458827018737791,2.020090485728064,2.241502612136131,894.4008618731832,57
3.285185766220093,-1.9767514944076536,11.39068202972412,2.0040010452270502,2.251638221740723,888.278393554687,57
3.270520638310632,-1.9968603732974024,11.014151710687688,2.007069041008173,2.228937466200008,872.6707817609919,57
3.2968265067699343,-1.991056852562483,10.918810706914858,2.015505088207333,2.2400538078574246,866.7454524550327,57
3.2942275579585583,-2.0039747981138003,10.882588665984397,2.022811978362327,2.24003329720608,892.1641771893171,57
3.278677463531494,-2.0233849259309986,10.901929988417514,2.056198208831077,2.257359415985817,881.0618357103924,57
3.267095803105554,-2.022275461152541,10.644732266803125,2.023790967187216,2.2102197358774585,959.8232223155884,57
3.247341445434925,-2.0131473485813585,10.971041169277456,1.985139652740124,2.21435019914494,955.8478762604466,57
3.2278837736262838,-2.0171798096146696,11.09564796270326,2.0488348362057707,2.2396895907646,984.9944370003634,57
3.214532216759615,-2.0726907131283787,11.719152321926387,2.045594208739525,2.1904755426007645,992.5684575990176,57
3.2189386223637784,-2.008876262709152,11.85734076832616,2.0221917629241943,2.212670459303745,1048.4923237645348,57
3.24130159200624,-1.9621277543001383,11.603010004620216,1.998925703070883,2.206992057312367,1032.7221509356823,57
3.245538100530935,-1.9755939228590147,11.56513054426327,2.005596030035685,2.19207704898923,1034.641556140988,57
3.2196783043617425,-1.948774184182633,11.526349387057993,2.0090987100157625,2.211149517325468,1025.455636809593,57
3.2284534698308898,-1.993978883499323,11.722482632481777,2.0204758533211646,2.220012705825096,1033.9140244594837,57
3.2276149017866267,-1.978485550991324,11.417992148288462,2.0096505519955654,2.185682468636091,1080.6007278797238,57
3.235373193164204,-1.9880770350611487,11.910229381295135,1.997590037279351,2.1845665410507555,1155.135009765625,57
3.218410939948504,-1.9938166285670085,12.0760267612546,2.0195305580316587,2.162993697232978,1156.732402003089,57
3.1862841606140138,-1.9919274607370063,11.608190855869028,2.047483924377796,2.123980012050895,1185.3877327852467,57
3.184233201936234,-1.926641092743984,11.913772689464484,1.961982151519421,2.0995801326840424,1201.3693467251096,57
3.1692501556041632,-1.9859782734582592,12.124231094537777,2.024331686108611,2.137426015942596,1174.6924140397891,57
3.157049835559934,-2.004399463742278,11.852726661327273,2.061776572604512,2.131971057625704,1171.9811035156251,57
3.158740472793579,-2.0447020009506574,12.407985212636548,2.0787597489911454,2.124830207159353,1216.3195556640635,57
3.1529597049535707,-1.9851691356925083,12.495481047519416,2.016721314053203,2.1199987400409785,1164.50302734375,57
3.1145375673161,-2.001433145722677,12.380093352739204,2.033089778589648,2.0654080712518024,1208.8030954760177,57
3.1276127016821573,-2.028379867243212,12.121782391570331,2.052463137826253,2.0738153402195425,1165.16625692678,57
3.1381279169127,-1.9586449201716936,12.32691942702892,2.0072017470071484,2.1050494659778685,1193.9869180368823,57
3.1268933983736265,-2.012417156751766,12.100028477158649,1.9924206972122191,2.0725798551426373,1211.92170069495,57
3.1272104241127185,-2.0067233385041696,12.3364385915357,1.9852398140485883,2.106059904985649,1195.6423214934605,57
3.1065939470779065,-1.9752955492152724,12.94932404451592,1.9697595186011736,2.0670250415802003,1240.9152042832486,57
3.0991496041763664,-1.95760638492052,12.752624644789591,1.9648429987042453,2.0494798061459565,1257.102879723837,57
3.1107076412023504,-1.9576634717542083,12.41464145571687,1.9540724421656417,2.059341803262399,1299.6780386991277,57
3.07585464521896,-2.004938905183659,12.643411614174068,2.0196622066719585,2.083158185870148,1291.4248484057048,57
3.052653060957443,-2.0237846762634986,13.057729814218922,2.0281830887461822,2.094884266964225,1218.5503520167154,57
3.0606383478918744,-2.0082023698230125,13.338168570052732,2.0130433149115987,2.084784014280453,1233.337306390807,57
3.056391144907752,-2.016796616620796,13.82909981040068,2.022084724071414,2.1146969795227046,1204.143918059593,57
3.062210384635038,-2.034530156157738,13.705984630141147,2.0099019416542943,2.0822691118994423,1263.2654217387353,57
3.057573946132217,-2.019262785135313,13.645891646451725,2.036357725498288,2.068711782056232,1346.1374721793234,57
3.035638497596564,-2.086934893630273,13.760068494220112,2.102323343587478,2.053436686271848,1362.715970771255,57
3.0259967249493265,-2.0215235687965576,13.749415960977244,1.9954423028369288,2.0334953884745754,1371.5708831077395,57
3.0108664368474205,-1.9778233128924705,14.11127283406813,1.961704320685808,1.9970446797304375,1375.7695766715112,57
3.0194248310355243,-1.9551792227944664,14.000729551980656,1.9283260229022003,2.02178763234338,1375.5029052734371,57
3.013621638541998,-2.046803184997204,14.158903627617416,2.035388693698617,1.9773268710735232,1376.9207161836846,57
3.0027431676554124,-2.031019712048908,13.906471496404604,1.9984035713728092,1.9924264968827712,1404.2159662291065,57
3.0007699489593507,-1.9764082431793213,13.851271629333509,1.9276913404464715,1.990443062782288,1414.2802001953114,57
2.975464615710946,-2.026889168938925,13.702640444733374,1.9852558901143629,1.9745939859124115,1410.6178177234738,57
2.952603781500528,-2.007848892655483,14.1454950864925,1.9758371109186217,1.9406812617945115,1483.24126771439,57
2.956788730621338,-1.9957835147547172,13.50054753325707,1.9448988304581765,1.934469575660173,1467.4065140125358,57
2.9645982908648114,-1.987780675222708,13.27136596413546,1.9527447944463687,1.911706439838853,1543.4252986464392,57
2.9410131654074028,-2.047533698414647,13.979195745601212,2.0331121422523672,1.9100057086279223,1548.6451347883358,57
2.9552548818810034,-2.0572222609852644,14.111014831897826,2.03338776632797,1.894295043723529,1482.8030324536703,57
2.9053759075874512,-2.047116839608481,14.462446208332867,2.0179074930590253,1.8728156727413805,1467.256374909158,57
2.8935928134031075,-2.039120116344718,14.015731580867325,1.9953911387643148,1.8443543733552443,1511.0228072765262,57
2.872963213366132,-2.045318377295206,14.277150877131971,2.0131933722385136,1.854212141036987,1513.74967126181,57
2.8713831369266947,-2.026901129789132,14.182406753717489,1.9564625900845207,1.841788334624712,1511.8789789244183,57
2.8643526531929195,-2.1075506543004234,14.039838724358138,2.064926502316497,1.852808115094207,1525.375746616097,57
2.880015729194464,-2.08150236329367,14.005095530665194,2.075685091905816,1.8317839500515964,1528.6845737191134,57
2.8768921818844118,-2.1155908373899246,13.607273345769828,2.10031619848207,1.808450604039569,1558.421717160248,57
2.8544774033302485,-2.064431756041771,13.941629267847816,2.0943327094233317,1.8000015874241673,1524.5571760310686,57
2.833484940196193,-2.081694285814152,14.576458864433825,2.0935679535533107,1.7625536979630938,1545.0540181004724,57
2.806235374406327,-2.069824113402255,14.489218623139145,2.0751761502997814,1.7404692034388702,1538.4461953806326,57
2.7826162637666227,-2.0843115008154567,14.833196852927982,2.116025144000385,1.6880082047262854,1604.797811818677,57
2.769521336222804,-2.039429121239241,15.170520746985147,2.061214089948077,1.6696865919024446,1605.1849404978195,57
2.760176951386208,-2.0840105966080054,15.244093664302383,2.064435886782269,1.6871051244957505,1628.2827222247458,57
2.734948329038398,-2.0696564042290966,14.823139119702711,2.0536617478658994,1.6700448141541586,1629.1693512672616,57
2.6965363247450007,-2.062163630197215,15.776082593341204,2.080699571343356,1.668314581693605,1647.8780063363008,57
2.678495669919391,-1.9931901421657836,15.984208883241164,2.032910440134448,1.6099252040996113,1674.216212640807,57
2.652544467393742,-1.9416327238082876,16.086548091090002,1.9675549252088664,1.5995840394219685,1663.85446152798,57
2.648003293192664,-1.952780576639397,16.048267515315565,1.98429907698964,1.6099554056345031,1711.73103935774,57
2.628534294838129,-2.011355757158856,15.98646979664647,2.019755768221478,1.649388925419298,1694.3718573991634,57
2.5947582610817848,-2.010147338689759,16.266086001728855,2.031545805376629,1.5719301617422765,1794.4897546102843,57
2.546963196022566,-2.0986056926638583,15.72473346798919,2.141074749480847,1.585269876413567,1770.407260060865,57
2.550424175484236,-2.0679232175960105,16.12971629652866,2.1073262558426973,1.585402394449988,1754.7121139171504,57
2.535723810417708,-2.0350747130637936,16.643880045691198,2.0806718604509222,1.5588007488916087,1840.401253065953,57
2.527362396550734,-2.0581694447716994,17.158039447873126,2.088462047798688,1.5482765097950784,1817.642840434229,57
2.487435401872147,-2.0018607599790705,16.766363764918125,2.029185916102209,1.53092805452125,1843.7578721157336,57
2.4503098776174146,-2.018533589119136,17.61691669197969,2.0603830880897003,1.4979557486467592,1849.4409951853204,57
2.425871364460435,-2.0423979737037863,17.63269401372865,2.050517006807552,1.4731069221053037,1830.703949400436,57
2.445688308671464,-2.0059089682823,17.696086120605468,2.028330734164216,1.4294293819471846,1819.72195732649,57
2.4529059088507363,-2.0490957958753726,17.623617855338157,2.0900989111079733,1.4380819198697112,1840.866802552689,57
2.4119570976079885,-2.124644828397176,18.132870962453456,2.1712654025055675,1.4449831774068445,1840.9623484057024,57
2.410081498567448,-2.1185998484145765,18.59181357982547,2.1196787878524423,1.428879952985187,1861.356982989644,57
2.386470846797145,-2.09188751730808,18.37865991814192,2.107442974489788,1.4427266886067942,1877.0804732921515,57
2.3920737078023517,-2.057704927754957,19.348421336329263,2.038847460857659,1.3903217648350914,1934.355125249817,57
2.398435485085776,-2.0213397619336133,18.8159007316412,2.017875996301339,1.3778873931529894,1990.5280960437876,57
2.3874971922053847,-2.063342432643092,19.245278291924052,2.100570972575698,1.3599713375402047,2004.7047516578853,57
2.333505933229313,-2.168346079005753,19.170591239042068,2.127296402288039,1.384101913696113,1979.5009112690773,57
2.3185817241668705,-2.096674633026124,19.589051818847647,2.059561014175415,1.3614526987075812,1995.4442138671864,57
2.3405241445053457,-1.983339798173239,20.140365307830105,1.9628122850906016,1.3005955723829048,1982.746352084847,57
2.3357178499532294,-1.9901472757029,20.21733899670977,1.9691315501235267,1.2984194927437362,2014.632533725472,57
2.3345586144646933,-2.08349850565888,20.309279641439755,2.0270787394324006,1.3142920288928726,2009.6887405750367,57
2.3483445699824843,-2.066289198675821,20.944131017285724,2.00837119568226,1.340539941676827,2020.2252645803053,57
2.341608648521956,-2.112566761637843,21.31643618206644,2.014286047913308,1.334480497448943,2017.6471236827765,57
2.361118805685709,-2.098341749989709,21.32306031515432,2.070760400905166,1.333016835257065,2044.395889353199,57
2.347484417848809,-2.1076867025952004,21.162786829748818,2.067720004015191,1.3105247492013976,2003.1818563771808,57
2.3516753108002417,-2.0131622026133,21.243202120758763,1.925025030624036,1.2965677588485012,1999.4974734284156,57
2.384394779870677,-2.0800519255704657,21.06168634281605,2.019358959863351,1.3523596358853704,2028.4690509175136,57
2.383923043761142,-2.1074262219806053,20.78975070687228,2.0655988515809542,1.3924443577611163,2050.272764126089,57
2.350773986550265,-2.070319169066673,21.455183596943694,2.054592691465866,1.3755325555801392,2061.395354514899,57
2.332094080503596,-2.143179309090905,21.17357250479764,2.094766225371252,1.339717311082886,2111.687093477468,57
2.323967462362245,-2.054395997247036,21.57735185844952,2.034812023473343,1.335716643998789,2141.386463253997,57
2.302356322976046,-2.0421435034552284,21.397940586888517,2.0174222258634344,1.358204230042391,2104.418220839389,57
2.328032454778981,-2.0154462914134195,21.50176398698673,2.006412839335066,1.279889558636865,2097.9627157521795,57
2.3681463419004927,-2.048118678359095,21.585292124193764,2.0283049844032077,1.2772561943808252,2144.746050599564,57
2.3834923089936724,-2.0282477877860847,21.330910270158636,2.0503530302713084,1.345365917405417,2201.783801553416,57
2.3486094474792485,-2.035560641177865,22.320149443870363,2.005558155303778,1.3282145622164705,2153.629031159157,57
2.346594823792924,-2.098550034678258,21.889911731453832,2.0862698033798543,1.314384582430818,2228.1611702852456,57
2.3521296401356557,-2.0343648566756145,22.139653556291417,1.9983190603034475,1.3195061783457904,2224.234332985101,57
2.39406417913215,-2.0023328404093896,22.290836715698244,1.9370063216187237,1.35461918476016,2297.9453908521077,57
2.372576956416285,-2.151820949066518,22.170433452517496,2.0872968119244257,1.3900139132211375,2287.59612895167,57
2.3682192647179887,-2.106534137282263,22.80721806370934,2.0546090159305312,1.4189097299132236,2309.241636764172,57
2.3690167781918547,-2.1489696735559507,22.87224915970203,2.0942766300467555,1.4161512513493382,2312.1529751090115,57
2.372364685147308,-2.201033246239949,22.63333479415538,2.0984836489655248,1.4136357418326442,2239.595432867008,57
2.3593083048975747,-2.19641652107239,23.07357079261956,2.0784512952316647,1.357404162162961,2195.5950127180213,57
2.352202901174856,-2.112481059584507,22.90844197827716,2.0357166833655778,1.2891673348670782,2272.617946039244,57
2.378767695537833,-2.0854317310244537,22.91117295553517,2.0395046832949606,1.2907106987265646,2361.0737077579943,57
2.3451483149861185,-2.076068552150282,23.111241717671245,2.058619420472965,1.3223697823147438,2272.7694551689683,57
2.344757867413898,-2.1090115669161773,23.63513894192008,2.120313953798871,1.3250318787818731,2362.213771802325,57
2.3228466022846312,-2.162701036763746,24.09721391367359,2.1615854119145603,1.2975211381912235,2397.274376589752,57
2.3397039147310474,-2.0876161275908016,23.449160118990164,2.035258726740994,1.2814156033271975,2397.842236328125,57
2.3010348719219835,-2.1291724526604923,23.39481007775594,2.10550217295802,1.2578746413075652,2333.610050644985,57
2.285246917813324,-2.082052400500275,23.411918010268096,2.0337470021358754,1.2391240824100584,2373.2126362645354,57
2.459143604234203,-1.656739243241253,24.03489568843398,1.5783324940260175,0.905160763097372,2369.6996139171515,57
3.12975478948547,-0.3367178758909774,24.053217235831344,0.3866148100343101,-0.2424593279874402,2374.7127430050914,57
3.520010032210239,-0.0125188923895705,23.209677523235943,0.054038282459991,-0.308687955834146,2396.38283293968,57
3.561452954314476,-0.0167857338566057,22.762771340303654,0.0773478599135281,-0.1525588276427862,2403.4647869731107,57
3.5716710256975754,-0.0336622545235705,22.11506997929064,0.0629042254111074,-0.0896251088311531,2378.358031658791,57
3.615051842844763,0.007988327568353,20.97215518507847,0.0740223643045095,-0.0458444068165017,2329.6982296965853,57
3.636123964398406,-0.0445970635427995,22.009202717625826,0.112712523237218,-0.016183054126624,2240.915219613009,57
3.5725442520407737,-0.1161716581430513,21.509990585682026,0.101379227880823,-0.0026801557994872,2408.2653592841543,57
3.590865135192871,-0.0303056761622428,20.79169273376465,0.0749580934643745,-0.0109003707766532,2555.18310546875,57
4.116019248962402,-0.020270399749279,19.242721557617188,0.1445870399475097,1.361107349395752,516.3958129882812,60
4.116952209965164,-0.4476651257612337,11.32114210710839,0.5907600603193186,3.156278172569096,-66.63635526128773,60
3.8639605123672127,-1.5507493198197773,7.944330197544724,1.732360776041595,3.2390516957206903,23.755404852925327,60
3.761892832500834,-1.8552778539523276,7.350242023736658,2.030958813680729,2.895338491654732,104.33805256158531,60
3.72946505367476,-2.0102316045984976,6.300950780161109,2.108326149658418,2.665558394132085,125.35922864457255,60
3.723297967597353,-2.0078594818921154,5.430467587681442,2.074838362948995,2.593119308982097,233.92367066575892,60
3.7039864835604814,-2.020002442346492,6.164533104695065,2.1035048760158914,2.60963343902373,152.27440621819304,60
3.716769025919023,-2.0124034254763608,6.006398760656796,2.105464306235873,2.639844276535679,177.99726129809434,60
3.6919230810353456,-1.932012339712868,6.061500164264803,2.017985575076,2.6056154568990078,107.18796510651634,60
3.688914658318103,-1.938887399686894,6.464896537888218,1.9277337856695689,2.6428446165272885,139.27876142045142,60
3.661363730408216,-1.9409262249727204,7.1248295116872296,1.965694796311464,2.5830226414640185,168.07148183903234,60
3.634061257044474,-1.9713015931313027,7.188086505227246,1.958023770314427,2.6165074272334854,167.0943203778334,60
3.639812771703156,-1.9479754860972016,7.324794339462066,1.9683693076523257,2.5790025583455263,233.8628080126265,60
3.645585627623008,-2.003274610904461,7.448758452151304,2.006279314068001,2.554113819005904,282.5665829080931,60
3.616881811562838,-1.982967014044104,7.882852411046276,1.9719699274206384,2.5901394416468806,298.4458358836288,60
3.613065481185913,-1.967587988141557,7.418681292466714,1.91177039415064,2.562825323830188,277.2298115475076,60
3.621378069192591,-1.94098042714204,7.794924059943974,1.9083948773397528,2.599340041478475,234.507831555577,60
3.601997604952172,-1.9546645303287415,7.946551676647204,1.94369981042656,2.6030730551956967,248.25725444381789,60
3.62833378348552,-1.9301175668206012,7.4228553503332,1.8813493906612129,2.580026025503454,332.7357431331151,60
3.592744491469692,-1.9443810170804952,7.662342107351959,1.9464251116407871,2.5821268021220893,307.7273609716565,60
3.575820977699029,-1.9352443744319143,8.010373370748171,1.9456436930687773,2.531891860872367,322.1622900447936,60
3.5590491362021,-1.9830650443762123,8.298179062319473,1.9996935145955688,2.560138050938996,289.13636930223936,60
3.5595497391033617,-1.9896642758812708,8.657349725284494,1.9905371290977016,2.509179952558777,280.2422581345821,60
3.5682963798863225,-1.979094279204176,8.390250326881947,1.9850407290346743,2.453435447854056,338.36741000609777,60
3.531835720572673,-1.964591780178984,8.366735028548979,2.026764893195999,2.476078130829502,404.2101977710992,60
3.5340167345575324,-1.9663571102518431,8.287292167054655,1.9867360401601295,2.458922035817249,428.1338470888811,60
3.515111052374325,-1.9953520331584236,9.005004641035914,1.9940947182301625,2.483081658681234,298.6372828237328,60
3.480455240733187,-2.0354649684798547,9.275682315020498,2.0165652993699195,2.4568517577480264,367.9921045437669,60
3.4920989638762854,-1.9756013238933716,9.196125585708264,1.9564840804802976,2.464603558392592,359.4081579933707,60
3.486037231946775,-1.939991021380178,9.537645465331458,1.965321100933451,2.478242510361291,297.8352923326088,60
3.471310232726621,-1.9023456304845676,9.789353384098536,1.879065108970856,2.495496511459351,359.86133973027614,60
3.463992953860144,-1.9777122137132384,9.418328746383738,1.9928901872724436,2.505179812650725,400.1307569333646,60
3.4579337281240545,-1.9214349459034732,9.47622786329386,1.9428744830995657,2.473747175064445,396.1151989860711,60
3.4616724269490846,-1.9707248126956776,9.16619316960724,2.027640718809315,2.491461757203223,400.1743709940305,60
3.4736202322821104,-1.9924473840865733,9.32542962983181,1.9864866621617423,2.501501424771519,358.99788139235807,60
3.4694584076393378,-2.026011118866468,9.282134973946867,2.015493277652723,2.436024617701069,415.6223472631039,60
3.478092737600837,-1.9652281227246136,8.927819346038389,1.961601947394895,2.415622617157412,370.07930057149537,60
3.464726661852268,-2.0200177873244307,9.67333939601558,2.0228891898768606,2.446819239379095,333.5476052727496,60
3.480279150143476,-1.967979580024039,9.682657662691645,1.9452385169239677,2.4509996517163484,386.9051532297632,60
3.4717428818554943,-1.9988657269679329,9.337329273492518,1.9408496769381245,2.4089354360607307,364.6639124910597,60
3.4555301229718705,-2.008221124819187,9.932455644920958,1.944492049060517,2.4043745960987786,362.317082078244,60
3.463528848030198,-2.026769021307359,9.622395824378646,2.017382705715341,2.375734023644891,390.4877661763221,60
3.4553375412041034,-2.042566282648436,10.2840993639449,2.038481678761227,2.4070237220173154,399.3754998865263,60
3.445622477732914,-2.081314762993038,10.653850134549565,2.0641992181679445,2.399853362723695,460.14918553885127,60
3.4294197951124303,-2.130124255525115,10.769572181880752,2.122768491646493,2.352999915539378,441.3631266562592,60
3.4034029060686137,-2.0930880459261614,10.867037544787772,2.058176346228156,2.36503846544615,380.53117907886747,60
3.4210327779743035,-2.0171672435993315,10.444532698868583,1.9721530088236636,2.413652471533404,440.0663972236742,60
3.40476449554515,-2.0400430909904514,10.976687561178434,2.049414163464112,2.378186087093443,471.88570221377086,60
3.438055283586744,-1.944140585375504,11.015793545145383,1.9432277007841732,2.392788269150425,397.300474784744,60
3.434814406112886,-2.0162745227276444,11.108331823572854,1.9948378599865335,2.386437420554004,426.4303054451386,60
3.4399452735560603,-1.9789031100385064,11.044882993742895,1.9659917623224392,2.415814160181323,494.2156554029581,60
3.416575035578768,-2.0127003025001207,11.12335978763204,2.025354163747439,2.4120368957519536,572.3014509174185,60
3.4221141092094456,-2.009706948284812,10.62205935196138,2.044800860221397,2.3939054247359155,584.7536681269255,60
3.425588543985931,-1.9728668441235175,11.086898400749956,2.009061636499396,2.367468436559042,668.7884346688855,60
3.4278606226746464,-1.9081801948413049,11.233800538828673,1.9464414774532053,2.401455711311018,626.9379736671984,60
3.405012568397701,-2.002989765623925,10.763996822733274,2.053973071452038,2.372782193439108,681.6660766601562,60
3.4126045021092946,-1.9991278306978983,11.374904346018331,2.0339933359567004,2.393701209708558,616.5406439696114,60
3.381123875228452,-2.047932312522136,11.763303461209158,2.079673260030612,2.35289290589346,632.4499142069211,60
3.378527561823527,-1.9743347005665024,11.072053354111077,2.043250367115361,2.3434020118534287,647.7056761549112,60
3.3756313738128947,-1.983202899006051,11.06077229137152,2.0293997117611164,2.328968953638569,619.9106150165969,60
3.366165815944403,-2.024747193699153,11.450572376519869,2.003351856285418,2.3716567737955443,642.5478592993509,60
3.371417986954882,-1.9591097333621528,10.900361441670446,1.957800565191277,2.366627221935792,673.4656406456313,60
3.3710634294250204,-1.9795875442979485,10.829793007720804,1.995343171934567,2.3655301181363386,667.2196838665457,60
3.360589840042759,-2.021288942283308,11.41040999452833,2.02012143672352,2.339987963018283,672.4481433277407,60
3.369734108168194,-2.0055160281803683,11.387492851472237,2.014249500534344,2.335779805698305,690.8105758165532,60
3.380331726701047,-1.9983375402683383,11.359763006649109,1.9952178740165605,2.34449332085014,697.3103528806301,60
3.387910245170056,-2.0219670584504046,11.00258400070836,2.045518633345484,2.3780178385721125,736.3260747345383,60
3.3498917622185647,-2.111546123531503,11.068160455551505,2.137571895626229,2.3208657542304807,705.1321554407826,60
3.362981772758592,-2.04693457778071,12.016676361012344,2.090440051656373,2.356286152987413,697.3156219625699,60
3.382787768269929,-2.0314298448428305,11.553777439493532,2.081047850595394,2.351552442765571,718.75068170252,60
3.3910205991055484,-2.0458437019670512,11.05943490865644,2.023609585605316,2.3772616184933093,797.0585785628491,60
3.360525449117025,-2.0576518376668296,11.853876749674484,2.056096871693929,2.3266025384267173,806.1353556315104,60
3.3466927501517283,-2.048581425572785,11.53946503115372,2.0325758222123267,2.318864869399809,812.2930211886554,60
3.334175798254953,-2.027637901440472,11.682743627700448,2.0240314991821147,2.316137736951801,835.7910273735517,60
3.331909374451973,-1.9819137367284356,11.096767300171472,1.9876068477899256,2.3256836597908275,844.0327220075,60
3.322607345984016,-1.9848071051315523,11.654292737933952,2.003320828290053,2.319589107808933,803.2825059487786,60
3.305537175684468,-2.0554625260438177,11.648973742561164,2.074419781635626,2.2850618798967823,874.4198187169893,60
3.305473493298454,-2.0175309002119604,11.6508495662134,2.0130971474266937,2.314450044587185,845.591815787303,60
3.290028521712397,-2.004728663135582,11.903505499933804,2.0000940477344358,2.305189035308193,888.4022173814373,60
3.296877603575657,-1.9800897752734985,11.3097563909253,1.982985299517852,2.282002628129413,906.9298284826144,60
3.273405837341093,-2.01829662569252,11.47624498018077,2.015623751940302,2.275927132843806,957.7437514900608,60
3.280133465646019,-2.025697961659498,11.88562750480544,2.0548569064744755,2.276848332982668,962.1150847958846,60
3.276038769824963,-1.9923735952153452,12.10068722845804,2.005865436204722,2.274761020857404,959.3410971198276,60
3.27284325568329,-1.960156544273448,12.232194842307225,1.9878660138224205,2.3000616971315915,962.6896978387248,60
3.276732874588228,-1.9291115562680732,11.954575820707934,1.925603230234603,2.3057162560207747,961.47382451447,60
3.296999710826247,-1.8830758702587056,12.0514011203963,1.8857637515090424,2.332799449213235,974.2946602548252,60
3.2773296150243336,-1.952064666389859,11.958955679700956,1.9937495468927655,2.3190858968546686,939.6309258546086,60
3.259614155326091,-1.9450952284772631,12.08783754160707,1.9775406189367808,2.2960782689107977,961.2803894902612,60
3.255146151976966,-1.9584578001443227,12.617076488727683,1.9974017848431227,2.3168534057241086,996.9250829275784,60
3.2763051191965737,-1.9616913616377425,11.955535543916378,1.9736491139505952,2.326893549010228,984.009410016414,60
3.2543239794986345,-1.991665118177172,11.81465449803312,1.9554697711702804,2.2822959020104205,1028.6659795196967,60
3.272208427599338,-1.968002141361505,11.312757518929493,1.954702504923646,2.303833196980293,1010.8931374706576,60
3.2909480271764764,-1.9383682023751336,11.110402622133355,1.900395953599276,2.2720074060377384,1079.7420502425384,60
3.295050970265563,-1.932228791881616,11.376307097958852,1.9465917986883257,2.2743948781994026,1019.293689136774,60
3.289903533290809,-1.9602594840134808,11.240707075092152,1.967116838889502,2.2763360229456366,1029.446131459984,60
3.2878536741498494,-1.990277818111187,11.557485584921672,1.964333478833588,2.2570254892250734,1078.4339530837383,60
3.2721166879358425,-1.9740879468514891,11.22698628062934,1.973851224066507,2.2606232031969955,1038.9190501898115,60
3.2582115309898843,-1.9965350862959748,11.288250676902804,2.0034747045364742,2.2381782039230416,1064.1950339733717,60
3.253503736755657,-2.0113739732285625,11.234169360057852,1.9712244479309249,2.2055643074949027,1064.612987822769,60
3.265075176534518,-2.0393131450867985,11.545962199358884,2.0333242953663144,2.2219478311673027,1036.5359815140846,60
3.241143634061858,-2.0468431963047515,11.996356655174582,2.022014897753935,2.2230186484789067,1022.9841136663728,60
3.2376233725480628,-2.0117222098677363,12.45064396029906,1.9929991842995216,2.2145515529202755,1038.1807970217135,60
3.251980093163504,-2.007449509392321,12.005205705132274,1.9833756651676877,2.254142056048756,1023.5288859622568,60
3.2333807016202543,-1.971059730914837,12.096257200823144,1.973471460208087,2.247530937194824,1038.0834725966474,60
3.234717566082735,-2.0207573125060176,11.770857949771791,1.9892349735671924,2.219446919893435,1062.9292634059568,60
3.2172894880805214,-2.010443989659698,12.157822300011013,1.9844092516831944,2.196064908739546,1147.3534279406924,60
3.18987576950324,-2.0127093277067085,11.8362916892683,1.964782551420687,2.182620327237626,1208.3114758701947,60
3.166473687534601,-2.012165128904889,12.179031354160934,2.005257974767909,2.169118751382604,1176.0232151371772,60
3.1713605598664625,-1.999467171413797,12.153145870692304,1.9798911054369432,2.163664492083267,1166.2230757592426,60
3.1962588505006178,-1.9773249698916515,11.81640005335562,1.9495176418286544,2.163165811082008,1156.6059197797451,60
3.1818337485264165,-1.9521799300198257,12.39240448015956,1.9764840457361064,2.1925843735815773,1179.4554844529416,60
3.1697121573166105,-1.9838702040658875,12.430749382771245,1.972237684357335,2.179420749906083,1136.087938765406,60
3.171688360787334,-1.951120702313705,12.130250057704025,1.9480462975345283,2.1698377412249803,1146.8393142055431,60
3.1681609467161653,-2.00191483139432,12.39736329110016,1.9824428463206043,2.169083954582752,1185.924433891762,60
3.161559491090372,-1.9489244256221077,12.837669560607043,1.9897901978291268,2.1596052848117444,1164.7937458736803,60
3.16111150817692,-1.9991358412263536,12.699850942047547,2.030716262512924,2.154095964252669,1198.3104540327904,60
3.1418459337082267,-1.997990538256829,12.498845355611442,2.027494374575189,2.134263409135487,1274.3935810501027,60
3.1205348800605446,-2.012382111079255,12.568118565519082,2.021951608254875,2.119899501263255,1306.8084132234835,60
3.0970782696361274,-1.9983379572210176,12.473558049806408,2.009858675406013,2.1203164975967765,1279.7451252109008,60
3.0989568233489986,-1.957012358965448,12.443186853972964,1.9649514944900368,2.1154855965448656,1293.113520232724,60
3.0803076179934217,-1.9981745162480329,12.566306073900668,1.9684916969756008,2.126233759060712,1276.0010401766065,60
3.068440317547937,-2.0377589553734503,12.887480731301464,2.035147334488345,2.099820282537612,1269.6914864840082,60
3.0772836062829816,-1.9807942299775672,12.903309280323882,2.006550813504788,2.0821025248424547,1320.603931695643,60
3.0606007206607875,-1.9543979402998808,13.201249861381417,1.9409908123419324,2.0990762341190403,1347.8217739051488,60
3.0566408880439724,-1.983070435098639,12.873530763975332,1.96111420622454,2.1024318468962475,1343.497030195496,60
3.0579232934495093,-2.0105221288304937,12.996564408423197,1.9701432465387632,2.1132516670674786,1367.184786371221,60
3.0245379595689363,-2.00325710001126,13.29880639197122,1.9619470028810104,2.093228306568843,1386.8865021181814,60
3.034736757547083,-1.952340974494325,13.373920552607434,1.933450870110955,2.026912624287493,1453.80800861484,60
3.0079121466533683,-1.9661003021007415,13.83877213348245,1.9571440180702389,1.996756992429636,1446.1388650097192,60
3.010916303580915,-1.9995397698711357,13.548314658688833,1.99703812095481,2.0017407578481743,1465.320577272228,60
2.987667438569763,-2.017760542077077,13.608547756929356,1.993446587956567,1.974812197573308,1437.1067410321302,60
2.9892385252204856,-1.991873238008347,13.41195979140734,2.0058160751638274,1.9474646983572008,1499.1940098435673,60
2.9920491567799736,-1.9960809291248576,13.56581012296007,2.0427164259091226,1.9719842571607773,1522.5120093117316,60
2.968051552212854,-1.994978683095583,13.790871208262551,1.981388750770282,1.9613144923823544,1497.765211221758,60
2.95723542137325,-1.9795965751012172,13.798095900128152,1.9406879530266423,1.968371596134884,1519.9133449787262,60
2.943253943617915,-1.9558823041512925,13.368046908311428,1.9608517431877024,1.96508618979387,1547.8077117490109,60
2.9280277697693013,-1.9480063316407903,13.996470263306524,1.9437344074249276,1.9029060495851189,1510.3600993984744,60
2.9164248072485406,-1.9803444214270156,13.82949592697788,1.9585934608754971,1.9037937675843224,1565.9026297269295,60
2.8699985289237864,-2.004538264073112,13.626118109259831,1.9837919641548447,1.8970703239172269,1608.540358852332,60
2.871549163066166,-1.9461011696309556,14.127344919482312,1.9699667921648336,1.8692814671377629,1571.5668607183468,60
2.84490525890404,-1.9461783019589696,13.717981217612678,1.9924849243790888,1.875508375570808,1612.805765501212,60
2.814598681221546,-1.967703119130198,14.10074469069363,1.9484204104248883,1.8441584664331323,1594.5821309694134,60
2.8014061450958256,-1.9747661749521883,14.177220980326332,1.9669463634490956,1.8285393714904787,1604.4479166666663,60
2.8159924907863414,-1.9814047656708456,14.067601033779392,1.9972802775566565,1.8100855462427985,1592.6704262030526,60
2.7909854835187886,-1.9421203405084744,14.627174887858644,2.0117276890177123,1.7833272218704224,1653.874920912192,60
2.7401004912148057,-1.973218853484856,15.095296680647444,2.0101479913147395,1.7528173542918173,1665.4573435895322,60
2.6827265175295536,-2.0232859877913225,15.195235243425676,2.033450038220403,1.6911924758427572,1703.9237301248884,60
2.6085817478072477,-2.067138739035163,15.575664426239443,2.0887006705915425,1.6976669724558442,1643.9589173222932,60
2.604224228523147,-2.0425568119460977,15.638085916008745,2.0143554994198074,1.645761713735374,1715.2797169573423,60
2.598099946975708,-1.9899519749090715,15.70213635762534,1.985501727028072,1.6452065577529411,1691.8363535706417,60
2.562720883060509,-2.014912531409465,15.555553436279297,2.024899791663801,1.5793856919651297,1728.5906243122804,60
2.534561187448636,-1.962467736481499,15.964542693375424,2.010512052007682,1.5742449558956504,1657.6728120185967,60
2.501235337324544,-1.982371513832345,16.484103699805058,2.033142800622145,1.5257949392560477,1618.9565870974563,60
2.484113951803933,-1.9995152967076903,17.03992532004773,2.067387933462438,1.4729372363694957,1713.177990550726,60
2.501543089817387,-1.9583826350494191,16.352488916244862,1.98016891345172,1.4428139102291044,1685.9451617746845,60
2.477126799838644,-1.981802956599025,16.527007313401473,2.024803143711717,1.4599550503520358,1728.8633867004123,60
2.46264774027005,-2.08130234395954,17.212278849642043,2.077074776233082,1.5062496527819569,1696.4433198310962,60
2.42171658372655,-2.0812614109594496,17.923583276954638,2.041379991271688,1.4970000422616525,1735.6901293830715,60
2.391026800227275,-2.0043177537515144,17.83357995440703,1.997086706295821,1.453699677762849,1785.8322496011203,60
2.347563713369235,-2.0087473358906487,17.791023818539912,2.010250578463917,1.3926173784363438,1799.4392863528824,60
2.292917842596349,-2.018541793868015,18.813305913002843,2.049690605888905,1.368735304460838,1804.074012433981,60
2.277380904121578,-2.038593876529745,18.72119503289879,2.0845437676693908,1.3190125171007694,1790.7351039832752,60
2.3015357205565548,-1.9265254937427143,18.58764780071419,1.9925492128855744,1.2812652856531277,1880.0149080518263,60
2.289966996286956,-1.9743341168327528,18.65972196552115,1.999673906066608,1.289926565309087,1900.9644219483564,60
2.288726290626706,-1.9449784800480203,19.20116197111462,1.9884337270763528,1.2886437530248922,1893.0176371543089,60
2.2486599599811385,-1.992035927906844,19.32566607837945,2.0414110573244777,1.2550201986877014,1887.9858535981507,60
2.240698467397913,-2.073426610427284,19.46172347091173,2.0996189363685565,1.2839534389021248,1937.0374492233343,60
2.231474174580104,-2.05757236256846,19.53566208243925,2.034208096249002,1.2847298495646384,1988.5858234530888,60
2.208328942178001,-2.0776281726192414,19.19085741714693,2.0860513129704423,1.3125126277896708,1954.9746093750005,60
2.201852936140248,-2.0240955800517613,19.812227589423653,2.0095619539699654,1.216452723377747,1941.671914543904,60
2.2163114682049825,-1.9901261967672408,19.655304671453205,2.0290165328084027,1.263937537658944,1983.2132545435384,60
2.2145051183834883,-1.9958134268371148,20.07857037933779,2.028903910811518,1.2924697147288782,2015.1891230193671,60
2.236701091130576,-1.9648142185569368,19.997406659551626,1.992066647525124,1.2853772293234118,2019.6555221629235,60
2.224761076376475,-1.9708475921075688,20.01949038975674,1.986692010516853,1.276969664533374,2024.8415544536745,60
2.307796790566243,-2.026878303205463,20.19419766815615,1.988013888748599,1.2640541909446172,2020.921152893928,60
2.3086489008066238,-2.034287891477488,20.536312739054377,2.012607186612951,1.332535322283357,2030.270488327097,60
2.28294515945542,-2.151301949236875,20.79882023591951,2.065363547052017,1.3422786607428916,2075.887911944322,60
2.2626310838779937,-2.122766766749637,20.52197808279118,2.05624124701594,1.3402509202419868,2122.6693854533464,60
2.256050926978599,-2.129069748059126,21.26979063150468,2.075192383197556,1.3590847231412726,2109.10494608275,60
2.294107480787895,-2.125244060032803,21.178067175995015,2.109557168584473,1.3446438469237567,2174.7723084928843,60
2.271266947329883,-2.07242113771573,21.388967487174018,2.0908435465584354,1.362092884493546,2145.316007372357,60
2.344419177149382,-2.068185181684896,21.496665130758505,2.051207929709706,1.3593820842778723,2167.8671691607974,60
2.35494701515341,-2.0234031643666013,21.43275260029824,2.024097560716908,1.3396458513859848,2220.9513816296217,60
2.400176243043281,-1.9897575512738304,21.73247417933504,1.9654585022321895,1.315696820406848,2214.1320353763194,60
2.3712207700165218,-2.017433729529939,21.63467886302393,2.009534339949558,1.3534508702900483,2239.79813696633,60
2.369672379023592,-2.067850429687144,21.84032185872396,2.057752167115191,1.322201849709094,2227.6150647373825,60
2.388727000061895,-2.081405176243311,21.97394849213074,2.058830775005716,1.3353573470048492,2262.100028884244,60
2.3482245044529138,-2.1219950024510807,21.76986371071688,2.105552568122258,1.3285613681229076,2239.3861043867355,60
2.3406241880336283,-2.102937483451736,22.364004161995897,2.1092477785029877,1.28779874049442,2239.827978286386,60
2.376698591339756,-2.065462209808994,22.13805209415059,1.9924665907738903,1.3182718283693542,2272.0622042803698,60
2.351119467909907,-2.0172850425254567,22.404102495578524,1.9955402215321885,1.3108172343930171,2305.1016496112097,60
2.351488948428016,-2.0546917948924324,22.42311708692093,1.973791586401317,1.3647810668452809,2358.6011819615605,60
2.3685145210212384,-2.080416961455013,22.632981770475148,2.0364740986219627,1.3910668013801044,2355.6495481679103,60
2.3141991487691107,-2.184650558820909,22.87582207621545,2.0831590180105994,1.3919682620276856,2289.5403416593304,60
2.3166688529538435,-2.069449271394613,23.45639546712239,2.046861996673082,1.331070902761719,2313.3728829683823,60
2.3410194524576964,-2.016144020456663,22.632656204868358,2.014543409078895,1.29569748085989,2288.573352222713,60
2.2603920591828954,-2.0991094604904097,22.84241444404136,2.0686534648769883,1.3461444668926528,2334.0571587074533,60
2.240575464678482,-2.106882477030509,22.908790758517977,2.077721578974121,1.3279443643462487,2348.4885070514224,60
2.220973236460081,-2.1491898852334907,22.917543384390804,2.115369716160735,1.3835957856245429,2274.379635233276,60
2.2623164206043658,-2.080872802107546,23.18333932939276,2.0645929132828686,1.3154238921375887,2342.63148863887,60
2.2785350895823453,-2.034187290030466,23.865029133541483,2.0323613372766904,1.316836324096286,2402.4276690415923,60
2.284149787795377,-2.058581595689473,23.852348838053967,2.036255193428251,1.2512719463294628,2406.4226039832765,60
2.382754108715512,-1.6535560385162102,24.40074340390488,1.6791151012053342,0.987814979374114,2503.0403932383388,60
3.084888798530122,-0.3004988787319649,24.731373101892604,0.3931767033858931,-0.1994788137400186,2438.2564026738555,60
3.493320683358421,0.0330435187673875,24.264576629853558,4.1821000867206526e-05,-0.3764703559203762,2477.802012268926,60
3.4934470250572955,-0.0377703301713462,23.49364799177141,0.0657643504755584,-0.0937682330048655,2543.35525555678,60
3.4830135773045363,-0.0543017136588917,24.90758016523617,0.1024090254880432,0.0369201282852594,2651.579746873165,60
3.572385307768703,-0.0577038191783621,24.162685313694944,-0.0193125392034841,-0.0195711910934569,2445.9225042638573,60
3.5806733185136825,-0.086064241406782,25.408512052795675,0.0694971875475607,-0.0305076697710101,2395.199920224473,60
3.625898861549269,-0.0407651770212844,23.45842553080525,0.0751624082875343,0.0072785393802742,2513.0816277875606,60
3.6344455799586335,-0.0569405439244177,22.86134835364109,0.1037223163834728,-0.0478463335303804,2431.7712161641666,60
3.62889590957355,-0.0224967161565163,21.7983208956293,0.0359099241402093,0.0128869030869498,2356.014052413441,60
3.594730903285208,-0.019031384846137,22.01208494302812,-0.0296403893527567,0.0448870548689934,2541.460759838988,60
3.591409206390381,-0.0844349190592765,22.573711395263672,-0.07930838316679,-0.0058685466647148,2619.524169921875,60
4.114661693572998,-0.0334628149867057,18.95962905883789,0.0207771118730306,1.2836958169937134,424.1191711425781,63
4.080183075024531,-0.5399912249010342,9.374207909290607,0.6325867262024145,3.3497403917404323,-113.7106188260592,63
3.904676148524651,-1.336230251651544,8.969045125521147,1.5447932493228178,3.3866304457187653,96.09446188119742,63
3.7714695861706367,-1.7968650276844318,6.617994785308838,1.878836246064076,2.993015633179591,119.11382282697238,63
3.7217685075906606,-2.111220052609077,6.415872280414288,2.13896198456104,2.708207024977757,76.67188967191257,63
3.754573620282687,-1.975960306250132,5.876375170854422,2.0690844655036926,2.638020029434791,163.87293184720554,63
3.7192620795506697,-1.933633655309677,6.725104148571308,2.004553723793764,2.6531137250936947,127.89808618105374,63
3.748364220444973,-1.82873980815594,7.431442013153664,1.865906587013832,2.665581640142661,150.91649191196154,63
3.711306306032034,-1.9144716400366564,6.753128418555627,1.9636525878539453,2.665525298852187,117.89653631357044,63
3.7194923689732176,-1.8402796485103092,6.585522633332473,1.891421934733024,2.667759263744721,157.01320237379807,63
3.6952963861135335,-1.9244416768734272,7.511683702468872,2.0023091641756205,2.661636457993434,187.3056347186749,63
3.667073148947496,-1.952193792622823,7.18717149587778,2.032925518659445,2.604548543691635,185.5902346097506,63
3.6676552295684814,-1.869371968966264,6.61153532908513,1.9514936139950383,2.597389299135941,210.5501380333534,63
3.6481562852859497,-1.8741896003484728,6.65773332118988,1.9455407336354256,2.623782590031624,248.6433868408203,63
3.6319196201287776,-2.011185518824137,7.4593491187462435,2.0862492001973667,2.553641154215886,259.59226989746094,63
3.632593472416585,-2.007979329961997,7.097169711039616,2.074326536976374,2.5378708633092733,189.9768612201397,63
3.624413637014536,-1.9885893693337076,7.449038432194636,2.060668285076434,2.533643043958224,307.2512700007512,63
3.5939203856083064,-1.9858930460535564,8.056063862947317,2.0303252155964198,2.5434258431196213,258.1801094642053,63
3.568766380731876,-1.9752288838991752,8.191288214463453,1.9927488141334968,2.5193082025417914,317.1319967416617,63
3.564871296286583,-1.9925276734508,7.94838914504418,2.012361317299879,2.5181716290804057,310.1940806462215,63
3.5665999742654653,-1.9251626110993896,7.550348575298602,1.9678503366617055,2.5008376928476186,307.7080336350661,63
3.5581398606300354,-1.9129325913695188,7.721534187977131,1.941160036967351,2.496253170646154,283.8653206458459,63
3.552035086430036,-1.95419475206962,7.578695939137385,1.978452334037194,2.5302151212325463,276.85430086576,63
3.5515746027231216,-1.9790024774578905,7.866391016886784,2.0116766542196274,2.5278445241542964,371.2831919743464,63
3.5529934534659757,-1.9440522560706504,7.860539583059458,2.03271136375574,2.498969527391287,309.81529587965747,63
3.5410825426761923,-1.969559284356924,7.974651969396152,2.033456151302044,2.493252550180142,322.67202054537256,63
3.513577401638031,-2.000909611582756,8.132949590682983,2.0275846123695374,2.466675251722336,322.9394989013672,63
3.515185264440684,-2.0063152427856736,8.747131852003248,2.0247865479726057,2.4346291663555,391.06363443227895,63
3.4926450711030226,-2.003877580165863,8.79082855811486,2.0211764390652,2.407733486248897,345.4072124774638,63
3.4748052713962703,-2.027190835430072,8.820072320791391,2.0406056470595875,2.4320451433842,373.8350266676682,63
3.453656024657763,-2.0093849083552,9.523937830558188,2.0172319389306583,2.4138243083770456,471.51282794658977,63
3.470351150402656,-1.9784363640042453,9.374142986077528,2.0157276604038024,2.472416211779301,421.5267967811,63
3.484504552987905,-1.940453712756817,9.21207149212177,1.9677193898421068,2.442944489992582,452.6267301119289,63
3.458549929352907,-1.99658650217148,9.24126515021691,1.981925835403112,2.414355830504344,493.310434781588,63
3.463505838926022,-1.9865011905248349,9.671850277827334,1.9836882662314632,2.4267212748527527,484.5727398212141,63
3.4728812999450245,-1.9919382156087804,9.27982613673577,1.9710142234197032,2.392100344483669,483.05832657447246,63
3.450119871359605,-2.05832792703922,8.736481996682974,2.0408922112905064,2.3823331594467163,457.7777827336238,63
3.4478558061214595,-2.13444482592436,8.855579027762781,2.135882318019867,2.33928357064724,456.0807900061974,63
3.4528381686944227,-2.1054549492322483,9.06722853733943,2.1341309180626507,2.3899547457695007,423.5327923114485,63
3.451556906104088,-2.096446350216865,9.320518374443054,2.101535826921463,2.381392866373062,449.926383972168,63
3.4384489701344414,-2.089542407255906,8.837841840890738,2.023159118799063,2.354712798045232,459.61964533879205,63
3.423097564623906,-2.0212838546587872,9.12260669011336,2.0161336912558627,2.319482179788443,491.7446570763223,63
3.40535555436061,-2.031048515668282,9.617363287852362,2.021759331226349,2.346133312353721,501.8931846618652,63
3.394702149125246,-1.9549138769507408,9.876604456167955,1.9667405079190543,2.384558780835225,525.5936625554012,63
3.4150414375158458,-2.0046869837320767,9.25858493951651,2.019092981631939,2.3684700085566592,524.1254718487079,63
3.4129479298224816,-2.0235301496890874,9.111094016295214,2.019022886569683,2.334196073504595,478.81455934964697,63
3.403330234380869,-2.074682187575561,9.705641049605148,2.098032891750336,2.3843247569524326,461.2335909329929,63
3.38829865363928,-2.1103468124683085,9.18627675680014,2.0894071173209414,2.3545104035964384,531.6478829017051,63
3.4161446277911844,-2.058919851596539,9.27339876615084,2.020082033597506,2.329048230097844,547.1046095628003,63
3.4004920434493284,-2.066993141403565,9.19470996123094,2.029225182074767,2.3404257939412045,520.5018986922043,63
3.392123490571976,-2.0438076211855964,9.310128432053787,1.989004422838872,2.36143951691114,506.2925946162298,63
3.388857952677286,-2.015955850481987,8.400328434430637,1.9600941733672068,2.3840969835336394,505.66536609943086,63
3.3904970288276672,-2.0333298444747925,8.848776817321777,2.011901438236237,2.379130423069,533.9604721069336,63
3.3835205814013114,-1.990729557780119,9.490596395272474,1.9565173851755948,2.3950466972130995,516.4797017024114,63
3.383190643328887,-1.9839817984746049,9.567250380149256,1.922660118112197,2.400761370475476,543.554926945613,63
3.38747963653161,-2.040824024723126,9.888310625002932,1.944233062175604,2.349352207321388,509.17736948453415,63
3.371286703990056,-2.047652959823609,9.886223132793718,1.9942566018838148,2.310543041962844,544.4512657752402,63
3.36715341416689,-1.9880846761740167,10.453534749838024,1.9657136820829832,2.3600370757854905,543.9973760751576,63
3.342905961550199,-1.9646761772724295,10.593835812348583,1.9509690965597448,2.345230806332368,584.7297480656551,63
3.3356068512568107,-2.002909960081944,10.498529232465303,1.973689330885044,2.3563125821260305,530.4544971172626,63
3.328647398031675,-2.0391859595592208,10.795879914210392,2.018306108621451,2.304314819666056,616.7557466947117,63
3.2983760340855675,-2.0116703642102385,10.64763186528133,2.01425031114083,2.3233850930745787,621.7357981755181,63
3.3139027448800893,-1.982401023690517,10.876968878966112,1.9499808733279889,2.326114390905087,662.5403336745045,63
3.307917339297441,-1.9957427078714731,10.85806267078106,1.966747929843572,2.312932407626739,648.6498272235574,63
3.3127702933091383,-1.970520542218135,10.490162776066706,1.9283710167958183,2.340686321258545,705.0465886042668,63
3.331648200750351,-1.979489803314209,10.990859150886536,1.9655393436551092,2.351583108305931,682.2885665893555,63
3.322336854842993,-1.9781690526467104,11.89419343838325,1.9890575936207409,2.3499057384637685,722.0473714975209,63
3.342721095451942,-1.9473152831196785,11.615646050526548,1.9766889707400248,2.359475460190039,706.9928359985355,63
3.3494496207970843,-1.903591777269656,11.325934831912694,1.9216190255605252,2.366686243277329,757.3501539963944,63
3.318894747358102,-1.9672013910917137,11.605290486262405,1.9769742534710808,2.323640104669791,749.2585513775164,63
3.3365960121154785,-1.971460522367404,11.223653949224037,1.9954376220703125,2.320648273596397,762.8459202693053,63
3.340710025567275,-1.9744312396416297,11.150313436985018,1.961860883694429,2.289969354867935,767.5799625103291,63
3.351002381398128,-1.9947431270892804,11.439962167006271,1.978926282662612,2.3111851307062,731.2269756610577,63
3.331931428267405,-1.9823471221786284,11.38033296970221,1.9496477125928957,2.348769275041727,753.6488242516144,63
3.3326153525939355,-1.9823321700096133,11.167946356993456,1.9756160516005303,2.3801625623152805,688.9479123629053,63
3.3258516238285942,-2.0093239820920505,11.420376071563142,2.02661183476448,2.365872384263919,737.4537940392129,63
3.3357541010929985,-1.9601219709102928,11.074305607722357,1.970965603223214,2.3863239700977616,704.1766404371998,63
3.332194582774089,-1.9959526039086857,11.583046968166643,1.9767066314816475,2.333551077888562,709.6278616098257,63
3.311824232339859,-2.048242509365082,11.986827611923218,2.0298085808753967,2.3120677769184117,683.7172088623047,63
3.316398368431972,-2.1030234281833358,11.57646580384328,2.056880832864688,2.312620575611408,763.6652814424953,63
3.2845710607675405,-2.02222229884221,12.073220766507662,2.0006973101542544,2.265247161571796,779.9151658278248,63
3.294891566038132,-2.0364061697171287,11.806975538914031,2.018652316469413,2.2437839485131783,799.0138631967395,63
3.2806731714652138,-2.0380038802440343,11.195779727055474,2.0112197399139395,2.244678653203524,799.551830585186,63
3.2816611413772288,-2.0070090998823824,11.813017125313095,1.9969675242900848,2.258347227023198,735.9002257127033,63
3.2722588181495667,-1.990298174894773,11.47771145747258,1.961578057362483,2.2600402511083164,767.9802034818209,63
3.291236391434303,-2.005786401148026,11.355830316360182,1.9939823523163795,2.2684661081204047,779.6548279982346,63
3.284293697430537,-2.010498371261817,11.685440778732296,2.0008598749454207,2.2616172639223246,761.5093008188103,63
3.290384834775557,-1.977570017943016,10.997433864153354,1.969480823438901,2.2797050029039383,854.72639113206,63
3.2759579420089726,-2.037740184710576,10.704085350036618,2.043300381073585,2.2517500932400045,818.7431546724763,63
3.2836035730747075,-1.9840186037696328,11.29367088354551,1.9745666871850311,2.229444240148251,839.7912615262541,63
3.2689814361242147,-1.969719938360728,11.584010454324575,1.969573576862996,2.1943050760489244,889.3968323927658,63
3.257609471678734,-1.9532730132341385,11.306512236595154,1.9609310775995252,2.2159435749053955,920.394989013672,63
3.228863904109368,-1.9964398810496695,11.308629549466646,1.9636598275257997,2.1861920540149398,938.7345628004808,63
3.2339900812277427,-1.9813955225623583,11.622521079503557,1.9586044177413,2.2037393725835352,913.2749352088356,63
3.2438297684376054,-1.9955767885996747,11.893447362459623,1.9896044719677703,2.221663871636757,869.2617122943586,63
3.223968947162995,-2.0084802817839846,11.570952520920676,1.9705753452502768,2.204908688481037,916.1276318476754,63
3.221070271271925,-2.000465924923237,11.692067659818209,1.9714700717192437,2.206164158307589,918.0559410682094,63
3.223596451374201,-1.9948454470588608,11.821673283210169,1.9715910462232735,2.216812108571713,900.6332893371582,63
3.227771004805198,-1.9688013562789328,12.14052448822902,1.977857815531584,2.2354875940542955,905.363517174354,63
3.2064900260705214,-1.9079443388260329,12.005544676230503,1.923699497030332,2.211721209379343,909.1212284381576,63
3.212939693377568,-1.9389690275375664,12.076510062584507,1.9351566548530876,2.226082843083601,925.911079993616,63
3.188367358767069,-1.930396212408176,11.971824100384351,1.9541408236210165,2.198838933156087,1044.9360002370986,63
3.186250856289497,-1.93741632768741,11.497833499541652,1.9737009956286504,2.199785042267579,1032.8738057063174,63
3.17325489796125,-1.934483096003532,12.351827062093294,2.0048812060401997,2.2279247022592106,1025.8392005333535,63
3.1612651348114014,-1.9584047198295595,12.479413032531738,1.9976670145988464,2.216965436935425,990.85693359375,63
3.1528175461750765,-1.9830452839915569,12.795705323035898,1.976148825425368,2.2093805303940406,1023.1371996952936,63
3.1713281227992134,-1.9553205795012985,12.103513149114756,1.9411271478121093,2.1802086165318126,1057.135414710412,63
3.153727150880373,-1.905600041724168,12.92582936928823,1.8948937723269823,2.2504410021580186,1025.4669007521406,63
3.136141910002782,-1.9050133274151733,12.992921003928547,1.8899630422775568,2.200214670254633,1100.579096867489,63
3.1319460295713863,-1.9102005545909584,12.875188378187325,1.891864531888412,2.2143591080720606,1086.496778048003,63
3.11959812274346,-1.9250422085707004,13.189969594662,1.885969934555199,2.2005426012552705,1088.495959942156,63
3.1214847530309977,-1.94677473203494,13.650389818044802,1.9551997545820017,2.192059788566369,1085.0683358999415,63
3.1133748934819145,-1.9309290097309997,13.280817838815532,1.9112833554928117,2.1717596237476053,1154.4560734675488,63
3.135716289281845,-1.922222192470844,13.170861322146203,1.938363005908636,2.1540160316687365,1153.8980988722583,63
3.1266378668638377,-1.9628409284811752,13.33278002188756,1.954964933487085,2.145672470331192,1191.359603881836,63
3.131798965426592,-1.9922471098028696,13.280359671666076,1.997684904015981,2.1168718406787286,1246.772776677058,63
3.07832579429333,-2.0313454064039083,13.12054835833036,2.043973046999711,2.0596802876545834,1300.5672983022837,63
3.0763146728277206,-1.976610116660595,13.184954106807709,2.0094230845570564,2.107825607061386,1224.1931533813477,63
3.07845705976853,-1.9293994582616367,13.154092036760773,1.95333921450835,2.067596836731984,1254.2417215200571,63
3.0794718586481533,-1.9217554795054288,12.668478892399715,1.957433244929864,2.0536042749881744,1254.7799430260288,63
3.057379539196308,-1.9652836368634157,13.209741225609417,2.0143741460946893,2.0656815492189846,1153.4502140925476,63
3.065897044080954,-1.9575845037515351,13.096274375915533,1.9855392397596288,2.0500692209372158,1205.6006604708157,63
3.0368178945321302,-2.0227156384633123,12.76006219937249,2.018814921379089,2.0014117566438823,1272.6715170053333,63
3.048986126597111,-2.018553409438866,12.545062674925862,2.020640439712084,2.036453460271542,1300.0955657958996,63
3.048048762174753,-2.002418806919685,13.011071902055011,1.9953093735071332,2.0550494881776658,1308.4541203425476,63
3.0307467648616204,-1.9694823680015705,13.045696584077984,1.9652114648085373,2.0578280561245403,1279.64231637808,63
3.0200645648516145,-2.0236743367635284,12.906993930156409,2.0017986423694167,2.0265765969569864,1327.3357203556943,63
3.024651625981698,-1.9965959048041928,13.249676044170672,1.9639647729121716,2.029008432076528,1328.322018549993,63
2.9817225566277137,-2.0561949839958777,13.750947732191818,2.038752317428589,2.033861655455369,1281.7511737530049,63
2.980268027919989,-2.029537339623158,13.288103850988245,2.004392849711272,1.979651932532971,1330.689245370718,63
2.985864758491516,-2.031388998031616,13.732192277908323,2.0085235089063644,2.0119150280952454,1339.4933166503906,63
2.961046602863532,-2.0307119574684367,13.994070186064793,2.0518616460836854,2.0085192059095087,1339.754570594201,63
2.9795454282027025,-1.9945842119363637,13.592161050209633,1.9871517534439376,1.9772675541731028,1340.7973726712742,63
2.972895234823227,-1.988747485555136,13.504952228986305,1.9428369259605045,1.958344252063678,1370.2583336463338,63
2.9618581395882826,-2.0138552234723024,13.799704029009892,1.9879946410655984,1.9457682909873812,1376.3301438551691,63
2.938693237992433,-2.0527014881372447,13.974291939001825,2.0201534674717827,1.9171427098604352,1408.3584048931402,63
2.9241564548932595,-2.0349971422782303,13.9915586251479,1.979481499928692,1.9103406255061823,1381.0326913686897,63
2.899346825021964,-2.0790885297151704,13.839012636588167,2.0543596985248422,1.893205164143672,1374.6582870483403,63
2.894485964224889,-2.086837899226408,14.291107948009785,2.0802896183270665,1.843882295947808,1429.8821739783666,63
2.8580949317950477,-2.0866629527165337,14.340063030903163,2.078387910356888,1.8046854350429324,1425.5689808772154,63
2.811308636115148,-2.0786185447986307,13.787026130236118,2.080394327640533,1.7718149400674377,1408.6849013108476,63
2.799068983930808,-2.082840926372088,14.369596412548647,2.0901626669443574,1.7536979953830056,1460.803611755371,63
2.769316625136596,-2.0413193588073435,14.245974256442144,2.0543072040264425,1.7513050746459229,1486.5170311560998,63
2.760942652821541,-2.023006036877632,14.949668645858765,2.0676774829626083,1.763381116092205,1544.8123397827148,63
2.748047278477596,-2.076782244902391,15.235371222862833,2.0920295898730936,1.7160350909599889,1602.220768855169,63
2.7321385855858145,-2.073900556335082,15.305209040641785,2.0561853475295577,1.7018151655793188,1603.8293457031257,63
2.7159382540446058,-2.0425378198807054,15.21798626276163,2.032721164134833,1.6661679205986168,1591.3170553354116,63
2.6682311468399487,-1.9935223597746636,15.736754454099229,2.0335809622819605,1.669144763969458,1646.9225868811966,63
2.617342595870679,-2.0381347537040706,16.04778792307926,2.071597108474144,1.6246951818466198,1649.7426170936,63
2.612033176880617,-2.0720145209477496,16.0705632338157,2.089428492463552,1.572836085007742,1692.8795741154593,63
2.5657757222652444,-2.1284100848894845,15.909289075778084,2.1057274777155657,1.5318416838462536,1709.4619727501504,63
2.5471167312218594,-2.0422825354796204,16.065905653513394,2.063575516526517,1.4964844664702053,1681.967950087327,63
2.508447830493634,-2.020332088837257,15.85969928594736,2.0459375473169183,1.482513125126179,1694.480863131009,63
2.482785753332652,-2.0301009393655334,16.46258869996437,2.0923021710835967,1.4774595046272647,1642.444837130034,63
2.4202525501067824,-2.023989303753926,16.381011944550732,2.096511049912526,1.3770148490483949,1673.696967491737,63
2.349546018701333,-2.0611829310655594,16.503644218811623,2.10529553775604,1.3356777784916072,1721.3239435049204,63
2.3273513317108154,-2.0133789777755737,17.43504571914673,2.0641120076179504,1.2971901893615725,1731.106201171875,63
2.296711791020173,-2.0308048862677355,17.793332760150616,2.106103055752241,1.280979968607426,1715.4198332566482,63
2.328916772053792,-1.928862731044109,17.563634010461662,1.9842242632920928,1.2811549879037418,1687.6005965012769,63
2.340523464175371,-1.945462274436767,17.45459765654344,2.004128370720606,1.2815575553820675,1749.7550676785986,63
2.403090843787563,-1.7182458364046462,18.31599837083083,1.7961279795719958,1.1380186722828742,1881.067335862379,63
3.1636790621739053,-0.176828224498509,18.39592479742492,0.276092060196876,-0.1922144620464221,1683.2276699359636,63
3.544955728145744,0.1370391272581541,18.25958759968098,-0.0903531868870447,-0.3644040502034725,1654.701712975138,63
3.558562959616,0.0304110800990683,18.07406441981972,-0.1010921196295684,-0.0947175719417071,1810.842340909517,63
3.6002636276758624,0.0488811530745942,18.255828784062324,-0.0903161956140593,-0.1541262628653856,1839.9610501802888,63
3.5525743101651845,0.0620963407250547,17.069897202345036,0.0178498859302357,-0.0175782420600829,1974.5707479623647,63
3.608479481477004,0.1113095151690332,18.26344585418702,0.0011399203481577,-0.13589652090405,1799.8743485670818,63
3.565225483133243,0.061632017103525,17.965019427813015,-0.0174442336249813,0.0059891628244749,1961.2179500873265,63
3.597320602490352,-0.0390707684250981,18.008116428668682,0.035770419985056,-0.0689067215873637,1925.9263775165268,63
3.616824433207512,0.0427263081073761,17.29034161567688,-0.0815492644906044,-0.0202334765344858,1993.5921630859373,63
3.632505533786921,0.0583297390347484,17.224412679672238,-0.0887011814719206,0.028029944944697,1926.8461174598108,63
3.657596043669261,-0.0683267185321217,17.10957374022557,-0.0174716821370221,0.0115189734273237,1917.6056289672847,63
3.633658730066739,0.0407595690698015,17.055305517636814,-0.0033902809596992,-0.0083632280047144,2036.9300231933585,63
3.658520289338552,0.016073363904771,15.47535821107714,0.0380991763757669,0.0246516017673117,1917.1428651076064,63
3.683734490321232,0.0079231886909583,15.72051876324875,-0.019832200442371,0.0136078785245268,1920.0855771578283,63
3.7020648694955383,0.0175877757943573,16.238749439899742,0.0061183895629198,0.0413111196114477,1988.5457106370168,63
3.720560972507183,0.0020847078770966,16.49785658029413,-0.0227785426048692,0.079072007766141,2019.9307579627412,63
3.757283356327276,-0.0096455646248956,15.913991492528178,-0.0020400901826543,-6.45577047884878e-05,2058.282032893253,63
3.7399916098668022,0.0034906411400217,16.26920971503626,0.0611428051398926,-0.0325641122001867,2009.739084097056,63
3.749371436926035,-0.0204451617140038,14.677456553165737,0.0479669916497253,-0.0201642911325998,2022.5994661771344,63
3.751146788780506,-0.0691287007469404,15.078862850482649,0.0780607643179025,0.0944918445669686,2073.6099055363597,63
3.747907198392428,-0.0263689945523556,16.166477143764496,-0.0323526832060168,0.1035507344282589,2031.9383210402264,63
3.753965377807617,-0.0057339291088283,15.552565217018127,-0.0212895963340997,0.0963723734021186,2030.321533203125,63
3.7913123415066647,-0.0234520458258113,15.036942770847908,-0.0003008064455713,0.0289303322877877,2084.036661001352,63
3.749615320792565,0.0370509378038918,15.016551311199471,-0.0576634643456112,0.0115106528481609,1969.573237492488,63
3.6990869733003473,0.0350745492256604,13.534946391215689,-0.0242678614136257,0.0487103376251002,2120.4429556039663,63
3.742578536272049,0.0683507741643847,14.795758925951374,-0.0404032418289451,-0.0460684545911269,2122.280883789057,63
3.6834575522404456,-0.0188341423725829,13.575914204120645,0.0118300682650119,0.0113570174345562,2129.1771627572843,63
3.7154017961942234,-0.0194985471092753,14.932584762573212,0.0596270970283797,-0.0125718684150593,2140.525723970855,63
3.728219738373389,0.0084599632626542,13.357215248621404,-0.01037658811905,-0.0536982709398625,2134.6224071796123,63
3.705089752490705,-0.0137919028146332,14.086612407977764,-0.0386141998550058,0.0368677383431998,2152.168048565205,63
3.708324009409318,-0.0060200848115183,13.050049254527451,-0.0573783900875323,-0.0190890672115193,2161.477157592772,63
3.646482504331149,0.0029497908858147,12.8783925129817,0.0049026613840114,0.0288897441843381,2230.4325232872607,63
3.6592212915420537,-0.0409117610408712,13.137941837310796,-0.0225169731644337,-0.001147627973785,2270.3318211482124,63
3.686346677633432,-0.0205957115842746,12.29634120831123,-0.0564348669006278,-0.1105165567535619,2162.5148784930893,63
3.683210149407387,0.0437756851315498,11.559371650218964,0.0511921234428882,-0.0299388263374567,2096.309333801269,63
3.6754126961414633,0.0326776441473233,11.628725803815405,-0.0118366763568846,-0.0863501905248715,1964.8752136230464,63
3.723115499203022,0.0855672878857997,11.889256816643934,-0.0732311497514077,-0.0363917516974299,2087.405852097732,63
3.721395614055487,0.0804912339036281,12.109409469824556,-0.0465829816575229,0.0508128575120992,2265.2191702035743,63
3.768435537815092,0.0342381218305017,11.433162753398634,-0.0944812479608029,0.0179058443754898,2258.5961526724,63
3.740727699719944,0.0392267916065,11.27223550356351,-0.0046055077646794,0.0277705863118194,2261.5624718299287,63
3.74251374373069,-0.0049038777987537,11.594993064036723,-0.0557199696508736,-0.0345278915304406,2206.0945915809075,63
3.700989225736032,-0.0415440253340302,10.604953729189369,-0.0849416571167795,0.0783607438206682,2344.415621243993,63
3.7156569992120456,-0.0067031624225461,10.782007098197926,0.0492799383803037,0.0491970512442845,2322.3664409930866,63
3.732909353879782,0.0049911151783397,11.075941562652588,-0.005155299181262,0.0101057301060514,2332.56840632512,63
3.72153468315418,0.035419933497906,11.25478405218858,-0.0197264801424271,-0.0408215053970563,2385.690797072192,63
3.702238059960879,0.0286499829246446,10.112820579455436,0.0192736993328887,0.031110980762886,2489.2019160344057,63
3.7142105389099855,0.0700873337112936,11.247260011159456,-0.0631859979162417,-0.0548094214441682,2310.014825674204,63
3.7219488620758057,0.0311457589268684,11.006567001342772,-0.0490757189691066,-0.0416265651583671,2270.526611328125,63
4.129034042358398,0.2288450747728347,19.133886337280277,-0.1101903840899467,1.0946694612503052,358.6797180175781,64
4.128946320524493,-0.4299963939103108,13.0430621776766,0.3857961481491339,3.1313356033806663,-75.74718664224865,64
3.8359283845401504,-1.637512337814257,9.70186072414361,1.677092032525146,3.0953859565327466,49.594626986864704,64
3.749729146077795,-1.859182539495449,6.806625801382713,1.9657972790662528,2.83429252522663,3.9490760356477166,64
3.7224720103069417,-2.05547006153366,6.38133202710198,2.125641626061745,2.6261472262225105,33.85538941911123,64
3.7348249421536335,-2.07311673071778,6.869479734920761,2.118364994965711,2.6006051683888853,74.86946320765232,64
3.709567037600916,-2.063247349655744,6.670350398832155,2.1096384363267027,2.548053711363413,133.5407258561514,64
3.7436822919012274,-1.9732774571307656,7.512747412746393,2.0442771969489684,2.602768753338786,100.60228762580348,64
3.745668591804874,-1.9332983574820957,6.82044844025547,1.960995376688763,2.610583328506322,132.53357259509633,64
3.703161468783629,-2.006522112679713,7.629202259397043,2.0037331025577285,2.60460336925914,142.0557166164361,64
3.698316618076806,-2.016155291529535,7.902591094229985,2.0171590800424224,2.60275089625016,129.43251882016085,64
3.659178024356805,-2.060697965251589,7.678738223696218,2.086582956962215,2.5592363609850985,149.70214162289517,64
3.666664422137066,-2.077759728848356,8.661747497262306,2.10806981799672,2.5524574252008234,173.92088866002354,64
3.656897890914991,-2.067928462352568,8.258610855028468,2.075926122156162,2.583701880232802,187.5942486513008,64
3.657498556433372,-2.0104024502837543,8.043003397080504,2.0286764450443604,2.5711573073007528,195.8032353965982,64
3.636568997670146,-2.059306346097039,8.508896549928535,2.0394223268749645,2.5752245245627985,207.69780338620677,64
3.615725920038316,-2.074685518024037,9.194740054676831,2.0683106380758933,2.5621488719310577,233.8355887700053,64
3.610996872476004,-2.043904498364161,9.395232515427672,2.063774802152393,2.5152985517261097,193.0167873345532,64
3.609813535097733,-1.9711729785771048,8.888468214609091,2.0198231692453037,2.5519777061869795,197.43847508106427,64
3.620579679035446,-1.968571154237951,8.49651804248106,2.026811754819259,2.584720522454641,253.45282545367505,64
3.565597147617525,-2.062191525709282,8.943141511343061,2.058299932665038,2.5141572419879505,244.3838255058214,64
3.5489833516982,-2.064681702447169,8.650659088949556,2.129226007507843,2.509874779043846,291.2740599993363,64
3.560459398528905,-2.0577561392367465,8.389620216147414,2.1365676435452063,2.507050757269257,364.0112680972201,64
3.5323761099750555,-2.16085250748014,9.252805311702987,2.193077218185351,2.5112244724069983,300.8097205300933,64
3.536316904049475,-2.050315567590658,8.869238066441804,2.0427328290291205,2.4977025939422903,318.46646710738395,64
3.566860219807301,-1.9733992780296548,8.635802481938335,1.9512154650919649,2.559162563490636,288.48106221319404,64
3.545095682144165,-2.031958272156206,9.150593915031951,1.9924439110802212,2.536077460039009,313.56971488878577,64
3.561463095609424,-1.9984823222299224,9.442495244220623,2.0042636440795603,2.4854308447791533,290.65237130470643,64
3.5379859498403605,-2.049730495341773,9.282608939606009,2.0633180442365626,2.4982797243062733,337.5972541883155,64
3.541919255719601,-2.072566291660938,9.232673617242613,2.028974955521741,2.481320177467124,294.28682819847904,64
3.52122979719662,-2.125836020534478,9.66647687004608,2.068625357544538,2.484802454420664,300.59237967185595,64
3.519691365436443,-2.086666604847584,10.090297763787428,2.057973251759427,2.5096759495225927,333.8726845157957,64
3.5056033875178363,-2.032061058340721,9.86768991044424,2.0088331907698254,2.4499961103050456,370.0670708221139,64
3.4886990183765447,-2.005168341895909,10.575288763324032,2.0160847705544778,2.4635456650002485,399.1833422021958,64
3.4992931815027037,-2.0556558521048536,10.505295318307228,2.0987729540148985,2.4708348107569424,376.0737479496928,64
3.500070419126344,-2.081912708513945,10.528721263107744,2.1042064787114705,2.4254449652236643,388.0505403685336,64
3.505067526715473,-1.976808750513688,10.91126898422982,2.025812864303589,2.4432598248268795,409.4987813708851,64
3.521804667213588,-1.9311543315359687,11.526035938448118,1.9779529068076496,2.509548490487256,418.1274298510504,64
3.535644714114736,-1.909498270275524,10.920055315332505,1.944443590432695,2.4928199643070257,452.3459742277573,64
3.5200662207834927,-1.9900923278725264,9.9490892169545,1.9649663324494964,2.4875549425199197,502.2843016096689,64
3.5228249610049054,-1.9185222722951647,9.846097020269598,1.9085570573806765,2.522658586502075,470.0451618676051,64
3.5001439863038293,-2.0087089596442804,10.642274449172527,1.9935674215983417,2.5223611269182373,499.9863724199313,64
3.509455141511936,-2.0733060234958685,10.16221755685158,2.0528537740985167,2.49950016586526,611.7340698242185,64
3.4821583021034312,-2.0691468160129287,10.229318192861612,2.0687384813734626,2.43184413956207,594.1881790901849,64
3.443412195131617,-2.0476472215745054,10.619540464530871,2.0278107356099246,2.45408981749155,578.8583397726411,64
3.4546819936881943,-2.0294886410815045,10.238309276914135,2.025586750900861,2.4552347220263435,555.1273708899043,64
3.417608006486615,-2.032012078368548,10.569066093963327,2.0223447605244163,2.4398061974534717,577.0460613954415,64
3.44451576297723,-2.0354918067895094,10.742784666783605,2.0433873945069547,2.420505161424285,586.0221765018202,64
3.430936894370514,-2.0414968254496757,10.660533330972912,2.029060095259287,2.409184092456855,652.0831802516308,64
3.4266927149689312,-2.0175627273263284,10.65708292803718,2.0260921346331107,2.4009190265414784,640.427704153709,64
3.4013978208152995,-2.006501843628374,11.052768855418972,2.038431656013415,2.3997811808169467,637.0927088468977,64
3.3980903509751106,-2.045254353180672,10.927951229428782,2.0736816195608343,2.406092301155757,598.1870561618249,64
3.4245698197374064,-2.03508312493852,10.976561046341097,2.0557692236113314,2.44261077306803,626.1008982241729,64
3.4136610945451604,-2.008343415352905,11.33661177551862,2.0392109363981823,2.4078408838475798,620.723188974325,64
3.418219552456754,-2.042545639195489,11.005694509709924,2.0452207407905063,2.3880483502323187,625.2835983720795,64
3.43033325903624,-1.9916213374693423,11.02082859891132,1.992828616818179,2.419042627788284,674.8134167124928,64
3.4059575738258734,-2.026019450530265,11.555464476057622,2.0270799734060048,2.3832670114572765,622.3070015027686,64
3.394585854798845,-2.012648949345339,11.055364553210804,2.0180010147465084,2.403647040857852,665.2219653083282,64
3.372702297655124,-2.041320546159467,11.198251131668837,2.045143766310609,2.3684968323383515,696.5781635173316,64
3.371439767115324,-2.0180327764992576,10.95686599120352,2.067652903714226,2.3642302010823224,687.3650696393361,64
3.365548295882142,-2.073530965638392,11.818012672720602,2.09863094681675,2.305226865324002,649.2502257708207,64
3.355672564321351,-2.0388857959543616,11.623348601813454,2.0621779265912985,2.3009069741350934,718.563362788228,64
3.3574777413340446,-2.021639421148207,11.335982118995442,2.050253516262017,2.3389148295504376,689.1931798249774,64
3.3802989837035398,-1.980674899897529,11.448490665954294,2.045503412635581,2.34547929393435,776.5649822938785,64
3.384697752091491,-2.0049075270162047,11.642005707453755,2.064890521243938,2.3734412795131647,787.0323267075622,64
3.358300634958212,-2.035634229484114,11.358485809807638,2.05106492760112,2.348635413114307,787.6691710833205,64
3.3607266018691573,-2.073419964429244,11.15803276913838,2.071509833474761,2.3381772110763106,696.8535754750078,64
3.334468402908844,-2.0887549143393063,11.168755364649504,2.1062297624291726,2.336937494648313,744.8403000322361,64
3.348146392303763,-2.0298595034960405,10.919966558808262,2.053089065459168,2.325434469482274,776.6046302573195,64
3.324998866007166,-2.060967289128349,11.40588972869428,2.031344146404451,2.2855644388106264,767.6944123795888,64
3.323694164313159,-2.0362756229141383,11.04222079156672,2.0113077372023205,2.3187055147967293,773.5608887903901,64
3.3123912683968406,-2.0226117881756385,10.74208304951492,2.0230236649513245,2.3002646710108783,805.2375120885164,64
3.3244749643270253,-1.998165341256892,10.750535946447876,1.9955176948343667,2.3309054999675567,831.1652885362939,64
3.348895032429001,-1.995907224497748,10.917950287605953,2.031649171727375,2.316923011853857,850.3601086070238,64
3.3346299801057984,-1.995432119925045,10.547033550669846,1.99444995690318,2.297733661040519,857.7831456452898,64
3.3397817820021247,-1.9808175702696864,10.70095408541485,2.029299589036738,2.304259743505311,819.5082059693568,64
3.2988720611461155,-2.0702618464682865,11.330490686361074,2.0827763150039225,2.282954195170727,826.2296136652378,64
3.308471616032054,-1.947381576866779,11.45112882540064,1.95947871161896,2.3077426419674776,803.816774534947,64
3.2818289613260805,-2.026806738770124,11.228037769354662,2.0344929093296087,2.258789233791018,859.4408356009178,64
3.278536744488096,-1.984142785512128,11.648461059459205,2.0146143042925493,2.3003226588073287,841.5618090583281,64
3.295904397964477,-1.974654034503456,11.49156106559976,2.0020809358763465,2.249931171102431,834.7848309266918,64
3.275764619262473,-2.0054256389442,11.76828916790416,2.0073534273406834,2.23042585317371,859.2107081737331,64
3.269625929952825,-2.048160654827229,11.099455750104292,2.037186969831152,2.2283882261479944,907.2625679090183,64
3.2591555616230643,-2.0322087424472697,11.760542471431997,1.9966597128840329,2.2430503021166164,870.4451907259746,64
3.2497052058432865,-1.9821061925980648,11.755185543912132,1.9896329676063316,2.197568069383936,918.9213618306276,64
3.226194902531152,-2.032724731755488,11.062455445817374,2.0302144775112856,2.2065245781130005,976.0716872724514,64
3.239178270969576,-2.0104367895033755,11.37304014372594,1.99106719655898,2.216368323390924,1008.390079831614,64
3.2401695077859083,-2.047213650444179,10.99174589323766,2.0336125822900573,2.204372767105843,986.779659234204,64
3.237480908921621,-1.9833275473233565,11.464576397127315,1.9933260748687296,2.1824279641642157,1030.3851507983163,64
3.2512135656134595,-2.0256550277321086,11.556091854873213,2.023964217565592,2.216635348727402,986.8526362446904,64
3.258277249567717,-1.9804093444231647,11.627804098777402,1.9579431790750008,2.2167742784740856,1005.538290968219,64
3.2188477793943537,-2.0284189390904697,11.80476680311184,2.0020992165630305,2.245632024644648,994.6336681773366,64
3.2202232300656517,-1.967582416765898,11.721411575391452,1.9914801340658683,2.1849638304664096,1023.4433475235134,64
3.2143764692602805,-2.01613450050354,11.601440776899022,2.0083354659450867,2.186392670696222,1025.8904069326456,64
3.216943509370378,-2.077411848364524,11.758358409103838,2.057466835651583,2.1856332288205045,1052.150573137894,64
3.173581383760693,-2.0919617472343077,11.748577705864768,2.0629193748085246,2.1704167879900886,977.6556514999246,64
3.181751482695052,-2.0500604782289678,11.89643840419436,2.0140961072977306,2.2002009882510287,973.4950229681812,64
3.16985184359319,-2.013288898375428,11.769399670721256,1.997620073915685,2.134666802813705,986.1897138577068,64
3.187717525704393,-1.986898412982237,11.796404949669697,1.9734075578671053,2.171735629294682,1083.3549342479528,64
3.179025970616387,-1.9840230102677947,12.1105899810791,1.993370559030366,2.1755204166023474,1055.6001735057646,64
3.148711054070482,-2.030416736325014,11.733729668033936,2.0641442201669933,2.135243758414556,1092.3521929990898,64
3.142174396700072,-2.0082462725130097,12.02749562494963,1.9807721879875773,2.165140648490017,1145.0366797586094,64
3.1635352222664843,-1.958360050488444,11.665640562483404,1.9282418315850411,2.169824996040863,1143.1203506617871,64
3.1615021228790283,-1.965340793132782,12.413614749908447,1.9542778730392456,2.157833218574524,1138.5094604492188,64
3.1447219269946944,-2.00168183706339,11.890612417054411,1.9920672965281212,2.104055564380387,1179.453225737636,64
3.1191214369338693,-1.984766099059465,11.655373980698071,1.949631134283195,2.1039836233102,1268.864179000114,64
3.121284024229327,-1.980962195442718,12.05618040770003,1.9064841594510864,2.078164748775149,1295.319569411787,64
3.120759229058201,-2.0338965272440497,12.26441295864513,1.9532948686081224,2.1151637070387315,1260.2146683479966,64
3.125962924031378,-1.9808143377304068,12.330954783171126,1.9173536138627123,2.1172309454204967,1237.5293549472844,64
3.113918347266114,-2.026149925676364,12.747131949489557,1.9766814031647244,2.1200601348599184,1263.5187609033676,64
3.123916017199026,-2.028883998833814,12.72265292602836,1.9874526736805744,2.1115835800911618,1278.933002360817,64
3.113030984563735,-2.079019597433146,12.381148342947354,2.031468820803374,2.118782495989383,1252.4612071213214,64
3.1267063270494773,-2.0434322171998254,13.000564232613272,1.996353628565964,2.097024285677568,1291.1396804365131,64
3.100638990263337,-2.0430924244297364,13.190089077625462,2.0251219920741708,2.120317992654819,1302.7122382006612,64
3.106201590843571,-2.033539998878553,13.002924937646366,2.030094470792604,2.103018901880505,1344.0778393791718,64
3.105198746746026,-2.021977551932473,13.01379782019309,1.9774320385988464,2.125414433988553,1329.519564434163,64
3.0920827249878813,-2.035291345374099,13.162445077618344,2.038662769262074,2.0994713607343654,1314.8680526585258,64
3.0725989017671758,-2.00658010510565,12.568590275292255,1.992993477478768,2.0505351511020105,1327.330213231948,64
3.064422739362254,-2.0149307806515,12.313814700228493,1.9808176165645563,2.050839259786513,1306.3271140681888,64
3.0507284240815244,-2.035140414839809,12.979132434696831,1.992456939035249,2.0796195963054025,1335.1671320350424,64
3.03047020689955,-2.0464864124372166,12.83406062265044,1.986929957149098,2.035752106638788,1383.03065505537,64
3.030093662947128,-1.9961988954868133,13.0571765621889,1.9396542698434256,2.021385711373634,1320.4554656686132,64
3.0142550005496127,-2.034381327119846,12.954880464424209,1.9972200416824195,2.0171930211261637,1318.2424766762745,64
3.003415799835353,-2.008734318816546,13.46293598471336,1.984632430724728,2.008529569338826,1380.02927909777,64
2.9921111481861,-2.0217272425160817,13.550019458659646,1.982433033220976,2.0408802680598885,1428.3131873862262,64
2.9966317843464974,-2.0001255372195565,13.507323135450047,1.9672897608534805,2.030472260077022,1440.8594224059464,64
2.982830547592016,-2.0120641421345837,14.000296592712392,1.9756987939760529,2.019251001691356,1392.5973374450086,64
2.9572966214522576,-2.010178218767481,14.011692361924265,1.9263422217183908,1.9610098860796208,1436.616498928626,64
2.926709520006643,-2.0210272617710445,14.272530713127654,1.978144131817864,1.9319603686193816,1441.839451465792,64
2.925057126480399,-2.02399387810994,13.986594644565027,1.986720465340659,1.92683940952264,1458.5722976240138,64
2.910777980841479,-1.9990954769467848,14.001008024493473,1.9720143658443563,1.90999922358874,1425.702890340564,64
2.9107189780300105,-2.0236475907483147,14.173051445229538,1.935154906754355,1.9342751352532397,1451.26251339218,64
2.91023124074473,-2.033928709122742,14.509220669570473,1.9946888719947595,1.9371785203230047,1461.211549036712,64
2.8530931600089207,-2.0353913052568164,14.69184605589191,1.9841885578285143,1.863549071029552,1482.9105882366885,64
2.844322037928313,-2.077531678005329,14.817470633867872,2.01360918017267,1.858219285613125,1546.1642047178395,64
2.815524083896748,-2.061680462753888,14.676831782442855,2.058634170050759,1.82207412453531,1584.7864219887742,64
2.808996466757024,-2.034638189575047,15.007162982977713,1.9685067551807287,1.828058322656502,1585.3317065192662,64
2.7797555587824108,-2.0087538089567016,15.266501385031397,1.988070972336148,1.8170172849905144,1617.3192713468975,64
2.7794665456975545,-2.046069110481484,14.727476916266877,2.026606643084184,1.7342501138020492,1614.4415437272446,64
2.743772162974459,-2.048108559210324,14.622351215881052,2.049868567475995,1.716232585096822,1611.3816202404428,64
2.7022541333170773,-2.0355080701772432,15.058992598820655,2.0388805194965838,1.705452879655709,1612.433881741125,64
2.659769639228154,-2.031978899992785,15.306843535414028,2.051556065244582,1.7206023630586649,1622.5223258305523,64
2.6379245021968214,-2.044766655246031,15.504264109343,2.0484914015797737,1.6692114721224145,1630.4449711771845,64
2.6264423594891446,-2.054571394781465,16.044396761551642,2.043944201423128,1.6207750196595798,1622.9040379200162,64
2.6140821211546363,-2.084095406300813,16.22231174209743,2.0872137731718787,1.6275209801868329,1636.102908828883,64
2.603804565170436,-2.0656609998165982,16.387738125995526,2.078678279247099,1.5810911580196865,1650.525406624507,64
2.58568134817105,-2.060313046557233,16.431100882372814,2.0660694015836247,1.5515573858057417,1642.2635829888495,64
2.546309192203781,-2.116808843844146,16.66957668193336,2.128478143979045,1.5779911389628665,1691.4443584553248,64
2.577893166866118,-2.1441327622793254,16.830829712951065,2.1675825998621083,1.5865163860969176,1670.993203172406,64
2.5392191074426886,-2.0961345191140777,17.2487328908976,2.091301151849692,1.575166995664245,1693.6875657757507,64
2.4796245144408884,-2.09552586888804,17.750509447264438,2.104568412003008,1.5180454103692065,1687.1358215924606,64
2.4839848916507465,-2.1009327034348413,17.917348824658443,2.0969053124918515,1.4680015450542414,1722.4594815448645,64
2.489605630485757,-2.0821712526302893,17.74209450286569,2.050678410576384,1.500165234491662,1722.9925868951002,64
2.5218153289220866,-2.092679207764783,17.677698913129788,2.06058794549368,1.447399166023847,1745.7249809191064,64
2.4887999539236425,-2.066169076752894,17.68763138484029,2.0478647843147937,1.4283734386407052,1751.6133570995146,64
2.451049886860894,-2.0880842880137918,17.63469642342873,2.124965264959242,1.4429377519968647,1753.6378227159823,64
2.458689120209333,-2.143491057516301,17.486255867967326,2.1457895515034497,1.4374984201875705,1779.2861245164593,64
2.3954874601178964,-2.086540898073068,18.5785197470952,2.1088772850129223,1.4345924402903591,1740.8899690202145,64
2.4008484650584103,-2.0507216823911203,18.85701823928981,2.018582841725025,1.4135622526835472,1802.152458709421,64
2.396676517227321,-2.014897208769345,19.227100650083678,1.9984146975776529,1.3917028707207986,1800.9728950574558,64
2.3807853055231782,-2.046335340703576,18.71395292559873,2.036081665927925,1.4033952326450545,1856.33362053436,64
2.372525466298594,-2.0294310473701325,19.05179539467524,2.057413372021277,1.42927638766835,1829.2849524044293,64
2.373854903341497,-2.021101958543352,19.227162388921936,2.006036813976696,1.4292898571606978,1836.741100718674,64
2.3552258709102003,-1.9986043045821693,19.566880892781377,1.9805546512881524,1.3451467115902196,1872.36566517654,64
2.3594523147471897,-2.0621594746135976,19.79576697858792,2.032632838175135,1.373701396497708,1862.0588378906248,64
2.3586537189854004,-2.0846993957908406,19.53893903158244,2.097411330463817,1.3659340588791855,1883.05562850804,64
2.364526600513644,-2.035289560706868,19.74797519202372,2.029847189060691,1.3575820760819513,1929.0715450546124,64
2.3687999676732185,-2.056670032658624,20.00176419563664,2.05322618160433,1.3412811316332771,1984.647539157312,64
2.32370274275252,-2.0447785877487044,20.08913125343693,2.049406773835711,1.3534203964529683,1991.7691105222248,64
2.356980752019049,-1.9926302710783137,20.233561080636328,2.0358852877200238,1.30968350577123,1988.9139582069183,64
2.324130750396877,-2.0355319004614376,20.58014845616609,2.051028031747318,1.3407132914922768,1986.777234716323,64
2.371300244794308,-1.978474239122521,20.06692235446669,1.9814328574439848,1.3197184245563245,1959.415934442317,64
2.406002389574513,-1.993889359594549,20.78855116390487,2.046323933647675,1.3722363802993178,2001.2694814737563,64
2.398919809211805,-2.074235756420394,20.126840887717822,2.102110799076488,1.3801722271928505,2080.733354587,64
2.389767709287625,-2.089037235500743,20.105443565590864,2.082769484195895,1.4103974439565423,2053.888274850199,64
2.397355951151801,-2.0445712029355243,20.889502303114213,2.047795060768868,1.4275787652117533,2038.784239537508,64
2.3661260581710963,-2.033787900961719,21.331536376360543,2.041312548720721,1.416637172976744,2119.879859109526,64
2.362266151650437,-2.0987277378156364,21.8986971679243,2.055990873031247,1.4089263000534575,2021.796743448499,64
2.3569482715384478,-2.166083838175801,21.33514939465569,2.1476907382891017,1.422733977003005,2048.5668210520325,64
2.3328685795219197,-2.120964924108636,21.97017624308761,2.102859814190171,1.3774625624267798,2105.517491609148,64
2.3779036813569303,-2.025532379891108,22.239715909494933,2.0473303864303136,1.3331278539398346,2181.912507584953,64
2.3604550975040324,-2.0809047245284886,22.700209154666048,2.070106085064342,1.3671310173655018,2164.322983825091,64
2.379912468993547,-2.0373152158792744,21.988696089068664,1.9967964042737665,1.3324649148774386,2213.821355430825,64
2.400396272974106,-2.007193379031801,21.80110673071111,1.9546676283901177,1.2859165980977916,2175.8079679915045,64
2.388542466950648,-2.1054158419081306,21.699936653803853,2.0519474640633293,1.3223540435716945,2283.401310300364,64
2.3829331884106377,-2.12607768554132,21.23279866894473,2.098192285565497,1.3550280760792843,2287.82640416414,64
2.3908063647816484,-2.041137440690717,22.02260706262681,2.0304050028902814,1.3237025899794497,2258.262060072816,64
2.3817487793061343,-2.133231779904041,22.212773998964185,2.1086720853175924,1.3601962362678304,2279.770945132357,64
2.352037513140336,-2.1989467468076533,22.503804401286605,2.1487532425852645,1.392227625383914,2292.381112996813,64
2.3333640168014083,-2.125401898495202,22.63697316808608,2.1160248587432413,1.331127538843062,2296.899584723908,64
2.354854018942824,-2.120325030632389,22.97106078064557,2.11948426255902,1.3416617113409692,2251.6508575735743,64
2.304123495388957,-2.108111395419221,23.172034809890317,2.1048124577235234,1.3115088546160347,2264.2415617415054,64
2.301997698626472,-2.1131068039866325,23.12777419229156,2.145210129543416,1.2920113049664543,2292.7775902609224,64
2.3013800290024395,-2.1569099704038743,22.44507009080313,2.1501215129222686,1.3032739451788002,2283.650918016156,64
2.3202935399361038,-2.1050357888045803,22.866507317256,2.141475059453722,1.3407570355146838,2307.495456140018,64
2.374009588389721,-2.1111084558431386,22.681772157983872,2.1118672056105527,1.3628204916287394,2407.3737342612258,64
2.344782667252624,-2.087560646742293,22.751123687596,2.029346857256101,1.350835903176984,2448.5579751023965,64
2.300249276809321,-2.1437805578546625,23.06988606869596,2.0790494634109806,1.3300749740554287,2434.535089881674,64
2.27379620190963,-2.120531239555877,23.26966417182996,2.0658898561903576,1.3189366847566033,2358.5690467612258,64
2.3290881126829746,-1.985309987970922,23.35630455757808,1.9539298710313773,1.2252499733156346,2375.687136159361,64
3.192447683186209,-0.1647426059234467,23.65942279111992,0.2236767810525221,-0.4069427899943988,2214.5876133002125,64
3.480798419239452,-0.0001639556682216,23.271248984105373,0.0289916122169451,-0.3021651726324599,2333.910585273817,64
3.498998236887664,-0.1162394552120878,22.435189367498012,0.0782902755060239,-0.0412238877519824,2351.2871970760034,64
3.52636338321908,-0.0532042107101778,23.045163636068697,0.1208356984538357,-0.0214776983213366,2475.1878318416257,64
3.5455013201074688,-0.083160048621951,21.818991299971767,0.0598806492550287,0.0788559640929557,2486.76014013198,64
3.5641247682201054,-0.0197301872291602,22.19999062436297,0.0429350524706731,-0.0147624133534514,2437.9041072512136,64
3.610939264297485,-0.0310411974787712,22.267963409423828,0.0126150883734226,0.0252575930207967,2486.15283203125,64
4.087070465087891,0.0218454077839851,19.318178176879883,0.0668729618191719,1.1347047090530396,404.6522521972656,66
4.1709533807708,-0.2722489366807589,12.133327521347418,0.2266758125638816,2.9474338566384666,-62.93499365085509,66
3.9430347500777834,-1.2775602875686274,6.29184313518245,1.4282017236802635,3.3138492328364677,-53.32821380801317,66
3.811221272770952,-1.885252214059597,6.352200847718774,2.0156664470346963,2.9687742907826493,36.61433883294823,66
3.6994916636769366,-2.248431763997892,4.915061932075314,2.354529135401656,2.54032820027049,-32.807965260017205,66
3.7217233588055865,-2.069239808291924,5.834984849138957,2.129861750253817,2.5529148346040307,-36.30839882827385,66
3.72563312228133,-2.018186714591049,6.746257856415539,2.027126194791096,2.570581697836155,25.18337632156004,66
3.7611982473512975,-2.0148048575331523,6.854213556429235,2.015545429834505,2.632897882926754,39.73946626244521,66
3.739658883722817,-1.9262399801393837,6.369003909971656,1.9531656387375624,2.6204262338033537,82.16484974186595,66
3.721416051213334,-2.0360864964927115,6.84936552280333,2.050667142868042,2.6411986269601964,56.09496049648374,66
3.663445170332746,-2.0859326444021087,7.002153954854825,2.08672910783349,2.57672680296549,101.12278133485376,66
3.6665183137102826,-2.0430326171037625,7.419393148654844,2.039300330092267,2.572956360840216,74.54329510200317,66
3.669066995527686,-1.985888816089165,6.027140826713747,1.9589529880663243,2.5668291289631915,81.43898989049404,66
3.645168253270591,-2.0245000397286765,6.574680542364353,1.9662868656763215,2.539860750989216,133.79777203071407,66
3.634745611795565,-2.0679467224493258,6.636375269075719,2.044475387945408,2.5539513297197294,125.17136412829888,66
3.611697057398354,-1.9945796728134155,6.801731295701934,1.95343646479816,2.5480851545566465,125.49875492002909,66
3.624799164330087,-1.9778721256953915,7.223452135411704,1.9646514898393213,2.5237564540490878,128.5772595289277,66
3.579702583173426,-1.9867076263195127,7.765942717761528,1.980922480908836,2.519947361364597,164.82203592439976,66
3.567223017390181,-2.021933255544522,8.269431444493735,2.034849495422549,2.481601285934448,135.35589763362236,66
3.5725731558916047,-1.9987383237699183,7.752080275372762,1.9593187151885612,2.479227218395326,90.93774953702597,66
3.560524277570771,-2.0291830621114597,7.397930656991354,2.0101119483389507,2.438099791363972,122.75464592910396,66
3.5470371083515446,-2.0154979031260423,6.813972305670018,1.9745462109402916,2.478312377231877,183.76781169612235,66
3.533024889085351,-2.042793411161841,7.002767962944217,1.982188606262207,2.470826315298313,188.94463147419225,66
3.529535991389577,-2.050394614149884,7.250632653585294,2.022648698527638,2.483537989127927,214.4214243819074,66
3.520096362509378,-2.060489766190692,7.7944997368789295,2.0372553127567943,2.4667464012052958,222.15463048423229,66
3.518819756624175,-2.0496257688941024,8.039751936749717,2.0349130804945785,2.4409132759745527,277.15345801376714,66
3.498935726212292,-2.036219138633914,8.300682384211843,2.0627307310336973,2.414619633046592,250.5678158643769,66
3.514745632032069,-2.080880308151245,8.095885048843012,2.0952072969297086,2.3930765884678538,310.01714596632047,66
3.5107238827682123,-2.0475436827031577,7.486149485518292,2.049473549680012,2.4609690480115938,253.5729934320217,66
3.5039782931165,-2.0474938276337413,7.578079279457649,2.035032245589466,2.4701920497708203,268.8834176412444,66
3.5211409940952207,-2.015795515804756,8.133861913913634,2.0659552085690382,2.4320927480371988,265.4498864150629,66
3.518578231625441,-1.97843979684318,8.852874793075934,2.032567641793228,2.441830415260501,333.0894895972275,66
3.4834804883817347,-1.998436947566707,8.672285052043636,2.028954457073677,2.4144846974349603,405.2761017590034,66
3.483966952998464,-1.962822386695117,8.765367563759408,2.015442734229856,2.4151551746740574,351.3620892780582,66
3.469930897689447,-1.9813840604409936,9.007036274235423,2.047717737570041,2.384542619891283,323.08258279939974,66
3.4663352326648997,-2.053695428662184,9.252156420451838,2.069013043147762,2.385793209075928,346.9127353575172,66
3.44598857833118,-2.0563227746544817,9.008208372534774,2.0472275478083914,2.4048825473320194,357.50529383217423,66
3.440520581966493,-2.0713021336532216,8.97015890726229,2.040141990708141,2.369403557661103,365.0148623582791,66
3.4609275003758877,-2.0191768087991853,8.753704852592655,1.998282959403061,2.3735630372675454,322.5646813369377,66
3.4758492039471136,-2.0242011605239494,8.996338653564454,2.0154123829632278,2.3950225713776376,305.23106376834056,66
3.4464657132218526,-2.0248186239382115,9.118241845107658,2.016055200158096,2.3698910503852657,380.0097633920065,66
3.4479763984680174,-2.0651484966278075,9.6547908782959,2.08741192817688,2.401643991470337,403.4570861816407,66
3.4293457798841525,-2.1115194006663995,9.753480464656182,2.1295599134956915,2.3783690708439527,488.1314737459503,66
3.4245204437069776,-2.059242242720069,10.0158992302127,2.0242855467447423,2.367415087397505,459.7790564560309,66
3.4221466227275568,-2.011416652144456,9.722480866967182,1.9935034304130368,2.347769046411281,500.0892645114806,66
3.4202334241169257,-2.0401325167679207,9.54479012838224,2.039186058974848,2.3435033414422013,473.6304254299257,66
3.421021168406417,-2.0082920749013016,10.038225825239971,1.980659156892358,2.37277469983915,489.06684942478057,66
3.404350071418576,-1.9934745195435315,9.637403227643269,1.99038338137836,2.344963543589522,542.1059489924734,66
3.3999282464748477,-2.0338629024784742,10.26726579433534,2.052078565737096,2.343985379614481,549.2822744974276,66
3.386066824052392,-2.015316401458368,10.51584505220739,2.062805993382524,2.295959021405476,567.7638948766197,66
3.348591955696664,-2.0347075636793925,10.474849747448433,2.04602568905528,2.2818138076037897,554.0110414086319,66
3.385071868431277,-1.951677486373157,10.23041139928306,2.0267199306953243,2.3319949231496677,479.4479517494759,66
3.3710908599016145,-1.9909595291788984,10.03701678020198,2.0351640259347312,2.3422173779185225,524.2330170422065,66
3.3901779698162544,-1.9177703863236968,9.809336564599016,1.9634966728163927,2.3793191793488293,541.2689652605753,66
3.369893820692853,-1.9829902363986505,9.971452452496786,1.9591272133152664,2.3555938848635045,534.5487647079842,66
3.3641848505997074,-1.9948344957537767,10.17581674529285,1.9563359836252725,2.365326230118914,566.6300659179686,66
3.36174310009654,-2.020845014293019,10.110785423837056,2.030992853350756,2.3547883324506804,601.8131916325268,66
3.36369152883204,-2.0189922379284377,9.942729084666182,2.014494340012714,2.373769886900739,596.3715466010859,66
3.361526713720182,-2.06820771868636,9.70038828035681,2.052372882424332,2.363023727696117,554.8445869259717,66
3.356326884758182,-2.019326883409081,9.610541059912704,1.9886516704791928,2.3686414567435663,541.4771082436166,66
3.3320165959800163,-2.0330697210823616,9.922917482329575,2.031589856961878,2.351850852733705,588.0492910989901,66
3.36036177379329,-1.976439284115303,10.07397097145639,1.9655510576759896,2.3819299767657025,557.3843604111092,66
3.3522687272327705,-1.968688464164734,9.924918579473736,1.9777221609906448,2.3636972764643227,638.5010632026484,66
3.3392088680732543,-2.0185198167475256,9.933698849561738,2.0299745699254474,2.3248434718062234,648.0275566287157,66
3.32547474256376,-2.019123682161657,10.24166289538872,2.0005842557767544,2.317256256429161,640.6256136266196,66
3.3056833976652564,-1.9899392854876636,9.817547588813596,1.989997427637984,2.313949177904827,641.3731108874812,66
3.300910924120647,-1.989957814681821,9.714691310975615,1.963441660346055,2.304555803391992,697.240716403868,66
3.3034387541980275,-2.004493128381125,9.765157243682117,1.9764163441774325,2.2690810494306604,752.0888448575648,66
3.325419448061687,-2.017962220819985,10.846389109913895,2.043628875220694,2.317156853326937,664.4496978015435,66
3.335627175540459,-1.977654566415926,10.621816625827696,1.9566326118097068,2.31113359521075,700.3910832102706,66
3.3090679936292693,-2.01931606850973,10.738263199969031,2.084497347110656,2.3348191424113947,700.2281509027249,66
3.319784370282801,-1.9538574137338784,11.000461317853226,2.0228004688169903,2.290844582348335,691.7519510408729,66
3.310826250401939,-1.983836560714536,10.931094323135005,2.029085636138916,2.2683428845754485,724.9681661466273,66
3.30759503899551,-1.9541897198049036,10.889566821586795,1.9844162661854812,2.2540007533096684,743.2500842582889,66
3.303424307195152,-1.9874641319600543,10.854056176906685,1.9736853686774647,2.23309454801606,728.4826549995242,66
3.299211031053124,-2.007417388078643,10.365873708957588,2.0469084774575577,2.2490791692966368,762.0858734875188,66
3.315338035909141,-1.984921215801704,10.659402270433375,1.9748838808478375,2.2557102494123504,788.5188062714368,66
3.304867450202384,-1.9880487081481188,10.701255240091465,1.973794881308951,2.2408643106134924,793.9845509598895,66
3.3001402552534893,-2.0421001655299493,11.26673440235417,2.0287243249939717,2.237740400360852,796.3883178710942,66
3.2851743977244308,-2.016418484943669,11.138818982752351,1.9779190801992648,2.2452969271962235,804.3450430521154,66
3.284516113560374,-2.017666773098272,11.309519139731805,1.9912132053840448,2.228755474090576,806.6185168754764,66
3.2805450055657364,-2.05558584957588,10.883261406130908,2.012774983266505,2.221860729775777,773.8405383598514,66
3.248422622680664,-2.1294368267059327,11.35562686920166,2.110493278503418,2.225572109222412,796.0273071289065,66
3.2399671508044734,-2.089512251644599,11.100416909194568,2.092152333841091,2.235573869798241,837.1627003739524,66
3.199303252522538,-2.0720228602246547,11.341454529180762,2.070098840899584,2.203157437719949,810.9318898270781,66
3.2331088577828755,-1.9935616632787196,11.063739916173423,1.985586951418621,2.1829319116545887,785.8309936523438,66
3.2010653042211765,-2.0635528610973823,11.659513380469344,2.042203620585,2.2095612037472607,793.7332355778392,66
3.222528192473621,-2.052465131806165,11.375562016556902,2.016134557491396,2.216475285553351,838.5815986447219,66
3.2114351016719165,-2.048820030398485,12.138327793958716,2.008411255115416,2.20480786765494,822.0902412228467,66
3.2139332178162365,-2.0571538948431245,11.438681267529,2.026423458936738,2.210776113882297,769.9377956483422,66
3.201938896644406,-2.034229737956349,11.767768092271757,2.043731753419085,2.1718858451378056,803.1451043850038,66
3.192429998444348,-2.0434814627577618,11.608148560872891,1.979939736971041,2.152804386324999,820.6230346679689,66
3.1824260374394857,-2.025283912333047,11.68413867485232,2.014759945287937,2.118401654173688,866.1159849585563,66
3.1959590179164232,-1.9926849272192984,11.622924934945456,1.9882175387405767,2.1465992718208127,905.1242803806211,66
3.1632286409052406,-1.9818811852757523,11.782757093848252,1.928866960944199,2.1085425086137723,908.9332165229612,66
3.1629636171387463,-2.0204166842669977,11.897270388719512,1.9701367791106064,2.1197942466270634,960.9826407083656,66
3.17321154431599,-2.0517805227419226,12.249750300151549,2.040502145813733,2.105739619092244,980.363978539444,66
3.1921998524084323,-2.053673703496049,12.15258623448814,2.0242915514038837,2.109927460042442,1007.8836110184832,66
3.1829819423396413,-2.035709310159451,12.210646117605814,2.0164533394138986,2.115629428770484,1024.885782679116,66
3.1875767928798027,-2.051119720645067,12.226871806819268,2.035849146726654,2.1388511983359733,1020.080151069455,66
3.1998462677001958,-1.974811664441737,12.438212092329817,1.97185890267535,2.127226509699008,1006.3155636671112,66
3.2010172820672755,-2.0158375030610616,12.12724982936208,2.010456346884006,2.12965477385172,1004.430677758194,66
3.202019011102072,-2.0263087656439804,13.077861697499348,2.014829016894829,2.140429318823465,974.651345155297,66
3.1915088025535026,-2.072583157841752,12.843812965765231,2.039394807815552,2.1440166810663737,988.5171005621188,66
3.1804651306896674,-2.0048209946330005,12.737242619584247,2.0260117019095074,2.122209759456356,960.7080947503808,66
3.158456075482252,-2.045609119461804,12.70300499985858,1.999164342880249,2.133699039133584,987.7425790181976,66
3.1640241541513583,-2.0549381674789795,12.867578539034222,2.025946847403921,2.121397789513192,1055.3780702172269,66
3.1420317254415377,-2.087482384937565,12.695848381228556,2.040549132882095,2.0775059071982787,1151.0303460842222,66
3.1298526031215017,-2.06971554988768,12.467605432649943,2.0290676570520163,2.076621645252879,1159.1604772056023,66
3.1152704576166665,-2.05512539235557,12.83451324090725,2.039507961273193,2.101337627085244,1173.3488019245424,66
3.11775115641152,-1.9821712476451223,12.845720291137694,1.9643554571198252,2.101583387793564,1221.385554616044,66
3.120117671315263,-2.051535177230835,12.852225629294791,1.9807448660455096,2.0768331085763325,1188.3873773342225,66
3.130539531242557,-2.000869819594593,12.76129775628811,1.9817979661429803,2.086631940050823,1227.9803276248092,66
3.1574325549893265,-1.992551859413705,13.056974829697031,1.98035583379792,2.0939534838606675,1151.09609136814,66
3.1138696065763147,-1.9623533231456107,12.773509309349995,1.9732669929178757,2.057822083263863,1203.6926275485898,66
3.0885406819785515,-1.974369802126072,13.12322991068769,1.988845932774428,2.0455343083637523,1226.568579697029,66
3.11210562194266,-1.9363555588373316,12.70493745106022,1.966998083417008,2.0499153253508777,1265.4574445026683,66
3.102260844300433,-2.015700611254064,13.474017003687411,2.0108412149475843,2.0530792468931613,1286.8922279916153,66
3.091518217179833,-2.023653696804512,13.29655956175269,2.007779443554762,2.08853483781582,1290.3411865234373,66
3.0678427568296107,-2.160700222341025,12.592786756375942,2.085330915451049,2.0862343136857198,1290.771914300686,66
3.0720915619919937,-2.03557455248949,13.342520992930345,2.007254117872657,2.0636499916634907,1262.1891256192837,66
3.033942337733943,-2.067850196652296,12.865245642313138,2.044541404305435,2.0371336239140208,1275.4320979420738,66
3.0355774611961555,-2.0184290281156216,13.24149824933308,1.9926662503219232,2.007539028074684,1341.3930390148626,66
3.0255395412445063,-2.056125259399415,13.0820384979248,2.0591427803039566,2.0641168117523194,1285.1883300781242,66
3.0118508397079093,-2.012797313783228,13.19539028260766,1.9856921399511964,2.0222256195254444,1255.454434427401,66
2.9990000259585496,-1.9679833098155712,12.9750990751313,1.9506772233218692,1.9743669323804904,1305.8628406059447,66
2.979515733951476,-2.030814695358276,13.139862046590665,1.9708989248043152,1.965666940154099,1291.6614394769435,66
2.9581651315456483,-2.028936604755681,13.563097623499427,1.9739858813402127,1.9777581325391445,1343.6751024199696,66
2.9359924956065853,-2.0892835721737,13.34399867174102,1.9883963166213616,1.897820332573681,1353.3623981754954,66
2.9230291378207323,-2.01863254337776,12.999398068683904,1.9484779276498931,1.8731958674221505,1347.8888225276296,66
2.8837159668527,-2.01208113461006,12.812611230989788,1.969597624569404,1.8313290404110425,1322.4054431450077,66
2.898769983431188,-1.9321242541801635,13.306912789693694,1.9056402869340856,1.880021445925643,1332.0425441834996,66
2.8750380213667706,-2.0074245970423625,13.704219599467969,1.963989760817552,1.880693201320928,1349.6955179354038,66
2.8570170158293187,-1.9966579489591645,14.248712200071743,1.9577499075633724,1.8961951255798333,1314.6275646674922,66
2.868103914726072,-2.012667204694049,14.034868603217893,1.979184673472148,1.853383996428513,1377.8242461413868,66
2.8547558202976133,-2.113532880457436,13.834210721457874,2.025797041451059,1.812427631238612,1418.2199230659298,66
2.80934256228005,-2.1090489829458843,14.982462585263136,2.0695773648052684,1.813687399538552,1430.7128507288494,66
2.7752527481172145,-2.057973162720843,14.81778450012207,2.024351110690977,1.781496920818236,1415.5662174876145,66
2.775192793404184,-2.0184995476792493,14.838154281057962,1.9761680062224225,1.76331208101133,1467.1350478753814,66
2.790342617034912,-1.9971057729023265,15.313309604365658,1.929829099120164,1.7203934332219568,1447.9473912681017,66
2.7682594031822387,-2.043842094700511,15.274302017397993,2.010283179399445,1.7494674223225295,1512.4127494998106,66
2.7608430292548207,-2.0913438006145197,15.20238784696998,2.039579767134131,1.728384731455546,1508.6901438643297,66
2.7203525833967257,-2.078792426644303,15.132856289933365,2.029267877485695,1.7363368993852193,1514.5186142339935,66
2.7111466396145705,-2.0075151745865987,15.382708944925444,2.007352452161836,1.669352839051224,1587.5213974371184,66
2.700455255043216,-2.0621492362603906,15.037861358828662,2.018495920809304,1.6393197042186085,1592.5868920302971,66
2.67090254295163,-2.115716038680658,14.97216543337194,2.0516741740994338,1.658018618095212,1550.4547893245046,66
2.6452006107423363,-2.0124908400744923,15.037995817603136,1.995215271158916,1.5884825398282307,1570.0437577410444,66
2.591680056874345,-2.049468794101622,14.930584153896428,2.050878047943115,1.5655720838686311,1627.0656672780103,66
2.548481584176784,-2.053868127450711,14.808672090856044,2.021715867810133,1.523096649821211,1630.3493580887955,66
2.532180731470992,-1.966583189731691,16.01878291804616,1.9950153612509007,1.5334451617264158,1652.418071765434,66
2.511928000101229,-1.9861893392190704,15.447972088325324,2.0085990370773685,1.5253371436421463,1647.3626679211116,66
2.4854044402517927,-1.997366568518848,15.320939273369016,2.0095711731329198,1.5437509746086304,1713.0407327791545,66
2.484729834300716,-2.0065257223641004,15.274679151395471,2.06921629324192,1.503936819332402,1777.29037550019,66
2.4355304287701123,-1.9947198274658944,15.897996781512006,2.0492157784903924,1.4383337887322032,1737.165350490663,66
2.391314190190013,-1.9906333812853183,16.14457277437536,1.9783966756448512,1.3817676044091944,1772.3136659203508,66
2.412683643945834,-1.977810778268954,16.287796718318287,1.9808560319063144,1.4053622251603664,1749.5868336747333,66
2.413878068691347,-2.015498142707639,16.863136700886052,2.0074221454015597,1.3636752012299325,1719.942054711319,66
2.368105792999267,-2.00006496266621,17.24787383661037,2.0315387051279967,1.3601817520653328,1783.090618449886,66
2.337021286894636,-2.019845618271248,16.994248013380094,2.0652952461707894,1.28846150026089,1824.0976485089543,66
2.273785159646011,-2.0749539282263783,17.194616485223538,2.101181114010695,1.3057392527417435,1833.1783191215704,66
2.290399022218657,-2.0119157767877347,17.569679492857404,2.044033038906935,1.3022265986698434,1846.5164943788109,66
2.3723187690827894,-1.7746522217262106,18.532782112679826,1.8132741811798867,1.165061858805216,1942.686110184832,66
3.194304274349677,-0.1445927378607974,18.12578445062405,0.175431024155967,-0.3068160830474467,1725.3447878953891,66
3.539458079454376,0.0780964079789998,19.085005681107685,-0.0119276647978437,-0.2249024699373935,1837.849921994093,66
3.558518981933594,0.0495085433125492,18.835454940795906,0.0286423757672304,-0.0252376243472089,1950.565625000001,66
3.62249770978602,0.0708452901098775,18.662492938157992,-0.0440461767337667,-0.0742924575035146,1762.8061076838806,66
3.627517767650326,0.0392067742420403,18.003351379022337,-0.0202887218718111,-0.0622199206181428,1829.518858374617,66
3.659726012625344,0.0114221269991705,17.941704717496542,-0.0716075374949268,-0.0440416453451658,1758.5357064596035,66
3.662059153580084,0.0198709765176581,17.57347467003801,-0.0541216141566999,-0.0240321648920473,1816.663422970657,66
3.688996353382017,-0.0214691264963729,17.78159331344977,-0.0297548401010468,0.0407274519343205,1887.7412442835368,66
3.661265256928235,-0.0776592598228551,17.993193044895076,0.010474922953219,0.0775653674017361,1960.22699421208,66
3.711897142922006,0.0253766521084599,18.23376357846144,-0.0348676226760555,-0.0490983882691801,1947.1468285537344,66
3.7053246230613897,-0.0263791329022952,17.62658855159109,-0.0336116803491984,-0.1153089730841363,1890.8221673732853,66
3.70379354430408,-0.0389022179856522,18.080733415557116,0.0719825566178407,-0.0085735026747003,1930.0338718321264,66
3.722452175326463,0.0933223185379328,17.516719194737863,0.0097144239741142,-0.058635477721689,1960.7098144531287,66
3.6958044622002575,0.0312254750510545,17.422124443984615,0.0053067990101704,-0.072141700946703,1923.084145150531,66
3.67895798450563,-0.0284972741473008,16.379762714665134,0.0253078922447646,-0.0367188820660838,2056.468911370998,66
3.68829757178702,0.0216043849770973,15.565662504987012,-0.0039475214349604,-0.0051809458561773,2009.6715772675325,66
3.678231711503936,0.034396562409564,16.66433948423804,0.0185226152037707,0.0137117127728895,2049.725468035442,66
3.702651957767766,0.0219254757209521,15.416517122780409,-0.0787942055885384,0.0872770110644948,1990.7571830935597,66
3.690254554515932,0.0343657791977973,15.29823875427246,-0.0608413481130827,0.0176319772513899,2139.327797494284,66
3.6503059061562144,0.0415916142303777,14.995497247649393,0.0514805717075732,-0.0158965816675889,2124.4458924828505,66
3.664674988025573,-0.0165488800692672,13.881609344482396,0.0467456965729961,-0.0371408854406788,2176.569921875,66
3.682602977752685,0.0197371162519602,13.612924924710889,0.020928568147669,0.0296763357865367,2149.308922446648,66
3.664211651174033,0.099494064908202,13.36608036320382,0.0053718047080235,-0.0126165491142642,2136.2097215605977,66
3.672837484173658,0.0753300540694378,13.244288002572398,0.0406488508167809,-0.0478653513440266,2197.5700624047254,66
3.69432061358196,0.0629034059440231,12.986239479809289,-0.0609439688666569,-0.0290823641891883,2185.466681354801,66
3.6355639039016343,-0.0312343649089143,13.749122103249157,-0.0137603087487024,0.0871418649467024,2259.312357088414,66
3.722935306735155,-0.0560871023593879,13.029991038252668,-0.0179304719516416,-0.0754663468497555,2108.3416146627287,66
3.7282220712522185,-0.014240816212827,13.546723900771728,-0.0053660213606568,-0.0405347406500716,2247.653886004192,66
3.739986437122997,0.0483175256266847,13.870840235454288,-0.0739051159925585,0.0735740387221654,2190.962991854039,66
3.735387264809958,0.0832801448499272,13.718734708646448,0.046136856315338,0.0239682864034308,2158.347021484375,66
3.724641426598154,-0.0266281697149517,13.417446424902932,0.0294489972838538,0.0717517479527284,2256.1124142530502,66
3.715784540408995,-0.0900453914592916,12.34757590410186,-0.0413230176742489,0.031779100773174,2228.74004382622,66
3.717865991592408,-0.0440241137292339,12.341064746205396,0.0094027983342749,0.0958168654180143,2249.533185261052,66
3.741345998717517,-0.1287959510596791,12.898759446493012,0.0959739497885472,0.077898565043764,2222.2632550495423,66
3.7529260833088944,0.0400771299876819,11.74093197148021,0.0007508123248086,0.0387700277494217,2179.140477324695,66
3.7555701755895847,-0.0513297742096389,12.360456810927976,-0.0312382380591659,-0.0098082352793071,2312.204092035061,66
3.723763950859628,-0.0693704213674468,12.385243355355612,-0.0102394843610339,-0.0066022648407923,2258.944208508003,66
3.7016902283924384,-0.0173199273827596,12.05622900520883,-0.0113333885444378,-0.0176784401350624,2299.472135813644,66
3.6637956979798094,-0.0526148834969943,11.644125915155197,-0.0136945806138461,-0.0702796809193558,2315.511081602516,66
3.696828012931636,-0.1336055821034991,11.998612329436508,0.0326446105249042,0.005412238173007,2436.395043349848,66
3.7002616882324224,-0.0770668057043368,12.339097948772144,0.0013684036709899,-0.0193726476736203,2371.1667075552573,66
3.6994664541104942,-0.0212829442649353,11.880048765787272,-0.0247598231656516,0.0216586325862791,2303.32294802782,66
3.73763562760702,-0.043481880099308,10.795601430753385,-0.0293978367727704,0.0596523510610189,2339.838269340701,66
3.72169828414917,-0.0160013949498534,11.894851684570312,-0.028113717213273,-0.0778604671359062,2300.583251953125,66
4.085361003875732,-0.0128407990559935,19.72120475769043,0.0787302330136299,1.206959247589111,472.7138977050781,70
4.10904908525771,-0.3660771389298392,10.235260691619724,0.4003374130253629,3.023654322693313,44.86268296156185,70
3.880005226043112,-1.532050826123371,6.9195319465968925,1.6979207019299123,3.270118068381784,24.642436271704337,70
3.788649635038514,-1.830983270769534,4.57350722603176,1.9230440474938653,2.8884364072827324,22.105234311974566,70
3.727793019750844,-2.1550861372463945,4.838525606238324,2.164073919904405,2.6245544279255157,-2.145021033171883,70
3.7316487733868575,-2.0885610016071854,5.167420732802238,2.103284733306958,2.529197748156561,21.252661046198632,70
3.6876347168632178,-2.0860006118166274,5.910822633383931,2.111695749172266,2.5825305123260054,-7.152167182037795,70
3.6777294557451623,-2.0169593585286165,5.0055994780167286,2.0337770664749515,2.5592505770604967,-8.841147314523148,70
3.6573199972438353,-1.944068294216469,5.625635598592712,2.0031843289085054,2.566294560685826,97.41057174562818,70
3.6696810929671577,-1.9354750228964763,5.758256995159646,1.9319524661354397,2.5880826970805293,96.6377387668775,70
3.619887999290429,-2.045828901051323,5.8931584934105645,2.033657509347667,2.5539784961276584,159.68340961253594,70
3.5674009115799614,-2.0508793056875034,6.2446625566712886,2.022155159337509,2.5969574301715057,108.35229355816658,70
3.588309961816539,-1.9708032746245896,6.847162578416907,1.9732460163641667,2.6016855723616006,192.16470690741056,70
3.6159040536281566,-1.9431494105841227,6.177410549587673,1.963175069882674,2.5886858442555303,149.98905019714064,70
3.5979115202807,-2.0238813582249886,6.531521700430607,2.017865339914957,2.616853870631416,143.37863700977263,70
3.551764564237733,-1.9334360568419744,6.790654113327247,1.925946833430857,2.592721600463425,169.48412422511885,70
3.542709336764571,-1.998748727466749,6.995376476343128,2.001492250368791,2.569135563385084,210.3532489279041,70
3.5555714478239344,-1.9890970999491968,7.319846240794601,2.008889387195237,2.526409553444904,189.4758016245379,70
3.600261667500372,-1.974805484647336,7.621403984401537,1.9671127174211585,2.5393189450968867,135.5079863175102,70
3.575921872963652,-2.070991524175745,7.665451381517493,2.0338375291962554,2.5464754853271634,191.24512529603527,70
3.5520232368782523,-2.024329630073142,7.820936875642784,1.9889708590392323,2.493217218325334,208.70634762676448,70
3.556724036949268,-1.9975356934727104,8.24783590565557,1.9842869475267937,2.508611343909001,246.73340241805332,70
3.582491936890975,-2.017159537992616,7.948545640217507,1.9988793739374136,2.4938133004782856,183.03424322893093,70
3.5810244613223605,-2.0009733438491826,7.872841940985789,1.9442002243465848,2.5294768280453157,167.9203457302516,70
3.5561815033788267,-1.97103252272675,7.433293273483497,1.9072534277819204,2.4897653469140977,229.2085973767267,70
3.5221994360863875,-2.018887860763476,7.460614946153429,1.9684067388663544,2.5172396097782155,228.717093942246,70
3.535214967773733,-1.995924040315232,7.551003820078384,1.986309196062134,2.4883895530792826,324.987340512483,70
3.507651940636013,-2.0132890991542647,8.204200661700705,2.03040277439615,2.4425759522811226,287.9303230617363,70
3.493089549207457,-2.0424821134926616,7.963453403417615,2.06263848433748,2.4578119913736978,258.8891806487301,70
3.475800486578457,-1.9926329073698632,7.805660137231804,1.9589242958216284,2.4307944578824987,216.1487322083993,70
3.507828950881958,-1.985774235448976,8.077971555184627,1.973666749138763,2.4512544749439624,272.52345032622856,70
3.4718929627091413,-2.0022154510885044,8.797049914005298,2.005269206088522,2.457649609892841,284.7774344181661,70
3.465941034077446,-2.0131973379476062,8.700830772879044,1.937254298712321,2.454484506505699,394.7904009980278,70
3.489434501399165,-1.9548469021700432,9.318218258843906,1.929549217224121,2.507527313370636,262.02513454271394,70
3.4665045980094136,-1.9935250933043624,9.459827717951532,1.9832764368702247,2.5148255433437328,293.73629495371944,70
3.458302112017277,-2.0140564936946554,10.131173608383696,2.0206061261863524,2.471249885605153,284.539754084343,70
3.4503615939098857,-2.0198496476463643,10.019306680430535,2.036279315533845,2.437802003777546,306.7877183997111,70
3.451223785750532,-1.9767247041066487,10.018257721610691,1.9795736178107883,2.4181658288706904,387.941918562,70
3.458174621425389,-1.9674230197777496,10.782903551479473,2.0071509304829847,2.4352270186235363,448.87908950289625,70
3.475999220557835,-1.9343766405962517,10.66539706354556,1.986723037733548,2.4898367791936016,430.2839342200239,70
3.45071966636584,-1.949352489001509,10.675822400816395,1.996408428546887,2.475668248347038,446.66668774885846,70
3.4660974620045097,-1.9438011168281808,10.43863516729235,1.969957719678464,2.4602442110218288,447.4938798250207,70
3.460834085077479,-1.9516836283863448,10.226779606031332,2.015620228173076,2.4590759035469825,448.9304734382081,70
3.45166427962446,-2.0088008492465184,10.638404099837595,2.0288745942323105,2.4651535421177964,477.2869264169592,70
3.4495947003940457,-2.025777258158881,10.123412947723828,2.0456756290030365,2.4352531548283527,502.6543461159236,70
3.433185691418855,-2.062321476314379,9.877177860425864,2.077267729717752,2.3781373086182964,482.52103191873294,70
3.455630302429199,-2.0438046985202365,10.221084594726564,2.080637084113227,2.402039527893067,478.7157016330294,70
3.466707647710607,-2.000689125291391,10.192706739269015,2.074073803021712,2.3873685799935016,496.6331592504525,70
3.43505889436473,-2.0389571362647456,10.031664862149004,2.0938139791074004,2.390738729117573,499.4887478593467,70
3.3992301611508724,-2.0555211622357943,10.464486458451272,2.042616479062804,2.348132007939804,569.1656249410286,70
3.3876836668466024,-1.9764366529989932,9.993114075223028,1.9496820272454891,2.352975112804468,564.0305904075143,70
3.4026314244754072,-1.968584767286328,10.949896909188531,1.9602333307266235,2.410043495288793,507.1918896661286,70
3.399579275057512,-1.9732569542484009,10.973919569006288,1.940441023324423,2.384214773270243,551.2937173889455,70
3.4020961137209538,-1.983238603181885,11.117720497979056,1.972866209808755,2.405562281032691,603.850715379208,70
3.408825438955556,-1.997201173201852,10.806693947833509,1.990783608478049,2.382719019184941,574.5557834791105,70
3.4071809704177043,-2.0051617893043927,10.375966242546044,1.9887455822764968,2.413777264995851,611.3959521602319,70
3.3938877329158323,-2.030955291600619,10.394030520305542,2.022470974115934,2.410265487173329,648.9509292086543,70
3.377042677091516,-2.020700230114701,10.634668156720585,1.963632298552472,2.430743172548819,576.6369160085484,70
3.3768456638723183,-2.023608717941431,10.44899649320593,1.9704893337931604,2.4062489092637955,594.9290668284834,70
3.394266358896154,-1.967471270745503,10.315478034641432,1.9688971543657607,2.3844633367326526,626.1562850878435,70
3.354847579762556,-1.977149426073268,10.20262635272482,1.9794284519941907,2.353714514469755,650.1778201780454,70
3.328908076032924,-2.014864686606586,10.296567327158463,2.0468332940253653,2.333367405306314,645.3268538765287,70
3.3518215078086664,-1.9484144011557392,10.253421829518487,1.9885542548221091,2.3744463966664484,675.3052586357365,70
3.3863491390062417,-1.9175580273503845,9.904914855957031,1.9397146287171736,2.398499146751736,698.6207355001699,70
3.365369845127714,-1.9453992463540335,10.18375029080156,1.9763066831994167,2.373492949250816,703.0831001023736,70
3.370955734437214,-1.993630378142648,10.878663316441044,2.009601394911319,2.3307260073325486,717.6620919785072,70
3.377208170683488,-1.9875403452610625,9.78082015548927,2.0126792071522144,2.328945868257163,748.6924986908402,70
3.367745178333227,-1.9913735453057404,10.516422354656717,1.9993635859466403,2.319606367516633,723.9580116456256,70
3.3605560208288368,-1.964501252496876,10.373861764364198,1.955939417875908,2.296681769228212,850.1185759760901,70
3.323816061019897,-1.99563447634379,11.002496719360344,2.0091416041056305,2.330608367919922,791.6238810221354,70
3.3476285542842845,-1.9528268679328584,10.801659349082174,1.9540508213826424,2.333859336548957,783.3473162812311,70
3.3459930062869896,-1.981813057033336,10.80932147261025,1.9952410286751343,2.32059203253852,792.5583770309671,70
3.312439887419991,-2.0552816494651456,11.43631089251974,2.027067350304645,2.276462689689968,773.0472173276155,70
3.301783066440896,-2.052697064220042,11.4043153034892,2.0454102887047663,2.2965504927335734,794.2038588961542,70
3.305817917349258,-2.0617937246958413,11.99944473579886,2.08030352961038,2.268193107872193,768.4414448761133,70
3.3268740902776304,-2.043454695438993,11.764357041621556,2.0518713723058286,2.2922799621803174,719.2879099085712,70
3.326703846742565,-2.003408064012943,11.721766729861637,1.983250767136542,2.2873096258743946,751.2438024253654,70
3.3148933182591973,-2.0733512461473413,11.350745150432491,2.0065586163801856,2.3159188579246046,794.5757705762188,70
3.320829419122226,-1.980004666508108,11.613319410794022,1.9306124016858528,2.316032399301944,795.757013735564,70
3.306976719179015,-2.057377105749748,11.75732237590108,2.0053756951133987,2.3099479848060054,808.7851429814878,70
3.292642019797063,-2.0305275168395847,11.640790036335089,1.9657946554359027,2.28853296196979,835.8126194166103,70
3.257092828335969,-2.0016375106313955,11.257532990497092,1.9617131844810816,2.2748529600060503,801.0815243928329,70
3.268159307719429,-1.9707018707109532,10.971560832958865,1.9408938475853,2.2785761022337394,834.2179329545024,70
3.2571332869322407,-1.984318063454928,11.643511076480287,1.9762730535101771,2.267109103824781,817.4682396045638,70
3.262474958447443,-1.9605454534724136,11.276971996694366,1.9374740434729527,2.265766865965249,846.1366382543583,70
3.245784584450837,-1.962428069920932,11.500862292045555,1.9689746858993011,2.2354618189991387,906.6501034354242,70
3.2452796277216667,-1.969819618883916,11.433265962462494,2.02103332736066,2.243074528836974,931.2346400753888,70
3.242922789808633,-1.9498370643975076,11.385364256043363,1.9481982752896732,2.2427779176960816,879.925108978715,70
3.2318329799578387,-1.9676960228721876,11.36270178458541,1.928921473199042,2.254606227367973,909.8339944000968,70
3.23539379944548,-1.9403248662533965,11.309155947920203,1.90687428465212,2.2450259745408947,923.8869864790912,70
3.2273574912029765,-1.9379108833230057,11.277185274207072,1.9192384844240933,2.184997465299523,973.518650220788,70
3.2287071050653133,-1.942519263944764,11.420588774381631,1.898339105113117,2.236143569439505,972.0931670700296,70
3.2113041083017984,-1.975815680291917,11.201737297905831,1.9514904552035857,2.2508527702755408,981.8408474392356,70
3.214648077453392,-1.9765405499416848,10.98168677177982,1.97666835612145,2.189162257788838,1033.2530721028645,70
3.2163014803531667,-1.9660285146915968,11.511132231081165,1.9835806641601712,2.213244929981692,1062.746006472675,70
3.2140232353394733,-1.9918676217397056,11.530361608606617,1.985733442836338,2.228056877707514,1068.259121659873,70
3.1950910851575327,-2.036932502967724,11.831484587296195,2.053282336912293,2.1986413693082505,1047.2689102836275,70
3.2064107454917283,-2.027868194856506,11.751156281733858,2.03001716632198,2.194297621215599,1014.6295104095898,70
3.176600460844916,-1.944319513684886,12.3130317678774,1.9978303811400409,2.184762756605655,1068.4692654079863,70
3.1726686332536778,-1.9621419180994464,11.889166624649704,1.9798467884893007,2.1252899999203883,1069.544391134511,70
3.173431928607001,-1.947856673295947,11.937659521609689,1.9494438067726467,2.145248001900272,1084.9281341995018,70
3.154588367628014,-2.0203885859337403,12.354261955777227,1.9957475961694395,2.162860126311076,1092.5094577955158,70
3.138408667799356,-2.0459544865981383,12.19615858879642,1.9847386850826976,2.112216776695805,1143.1209009142897,70
3.1271172283928177,-2.004078543704489,12.096909186690324,1.9652654675469885,2.1134767636008887,1123.9492494150072,70
3.140313972021646,-2.019372243236228,12.356704753378164,2.007958287778108,2.0908310724341352,1161.955647196747,70
3.138749122619629,-1.9863454414450603,11.843601005664768,1.987348603165668,2.0669242160907686,1185.1248301630435,70
3.1270577412296614,-1.963812123174253,11.968915782688883,1.9414913055401497,2.075813765687067,1234.068727355073,70
3.124616997253492,-1.972658810984109,11.651946335023156,1.9739623236771369,2.092145155017503,1229.4528678857184,70
3.1075268621030063,-1.9786936925805136,11.738901635874887,2.00427206184553,2.083307525385981,1237.5652863875666,70
3.085407873282686,-2.0069655151182904,12.034404860602487,2.0376552821357485,2.103774403604332,1191.6439403589225,70
3.0965872121893843,-1.950497239684137,12.049982973918825,1.946545049764108,2.1194411257038945,1177.18546844335,70
3.116021370542222,-1.9883286572884824,11.886508250582049,1.9320550172225288,2.147203943003779,1186.1482269729393,70
3.0960144720215728,-2.027856490462298,11.66841541511425,1.9798552379516008,2.121540477310402,1197.6111459040987,70
3.0667275173076685,-2.0027541883901705,12.136465312202189,1.9641700913940656,2.06015822161799,1278.717487427347,70
3.0568227042322573,-2.046649196873541,11.98352021756379,2.0115868768830234,2.083720017170561,1252.9481767295056,70
3.0474401579962835,-1.990675820244686,12.546968672010616,1.975001758999297,2.041135284635756,1307.7872585720486,70
3.031193333547473,-2.019199902308733,11.83818839713571,1.977122628170508,2.020903221075085,1314.8584084625988,70
3.0067027962726094,-2.0325990034186323,12.171793854754908,2.033774448477704,1.9756100229595013,1332.3129139775815,70
3.0073456176813096,-2.0275524376671097,12.37524119667385,1.9956253922503928,2.0027578510524,1326.1611670157758,70
2.9795772487990524,-1.993182786996814,12.161696950018694,1.9509780746727177,1.9517277899571663,1368.7018883746605,70
2.995524240576702,-1.9644593829694,12.537062064461088,1.9787984930950664,1.9047016959259475,1456.9979000367978,70
2.9642536455882347,-2.0642023731544965,12.869672010486235,2.01319490538703,1.9388825760947328,1436.784526437954,70
2.9317801021723358,-2.07162859244047,13.167402410276848,2.020662240935984,1.917371433138272,1408.214909207991,70
2.923798882442972,-2.055763987527377,13.0238956783129,2.0182066326555983,1.8981834304505487,1524.4054025843525,70
2.9225979692118185,-2.0407292704651327,13.231787234688731,2.011849462122157,1.880658014960912,1502.802905981091,70
2.93513744464819,-2.0029004783446087,13.77309845265559,1.98098485654103,1.8689960690512173,1502.5231886416816,70
2.951008236926535,-2.002461194992065,13.361278492471444,2.0152118413344677,1.8961114883422847,1482.6903076171875,70
2.9360189771882577,-2.0119452937213698,13.504164317955713,2.0182360854125827,1.924448295491905,1471.7124742885717,70
2.9353114637199806,-2.067452400778803,13.71230176105592,2.0634770704352343,1.928847773639476,1515.984741210937,70
2.916281105815501,-2.087090208910513,13.970357093258167,2.060631347739176,1.8954985660055417,1588.6605896880665,70
2.898319297366672,-2.0849339363079715,14.193166428718015,2.119847856282036,1.8616486695653571,1578.4394790723136,70
2.851876484599092,-2.1013408260069038,14.584357842155123,2.076670516516276,1.8534991798769465,1541.8920462050885,70
2.8524547521618837,-2.020570136498713,15.177968453669896,2.0206260301064747,1.837082508681477,1499.9068957342613,70
2.8415855612731784,-2.065640796209879,15.393632124011644,2.0317251889602,1.8282659537550328,1535.0745649107412,70
2.838375204427231,-1.9865915556460767,15.503485398592003,2.0150674276305858,1.747339106988216,1536.201808763587,70
2.8208646670631743,-1.952997140262437,15.005629871202547,1.9454150562701011,1.713317228400189,1568.3223664656923,70
2.7745929489965024,-1.9738325479525871,15.573843831601346,1.9920379988813164,1.7089302522548724,1571.2826340532538,70
2.7676940137061528,-1.9609105229953645,15.82442996812902,1.9397852927590344,1.693331861265615,1585.5245455681966,70
2.7273997465769453,-2.082030455271402,15.717899958292664,2.033978382746378,1.6893225510915129,1622.7644856770833,70
2.7136420040314917,-2.0948257883965686,15.965895233522872,2.065944136052894,1.705459975390044,1642.1373344089689,70
2.6584574876776066,-2.034115066850819,15.895353837865562,2.008922257861077,1.6447458491809126,1621.4740143559404,70
2.621511169101881,-2.0404698226762856,15.327677920244742,2.039995069089143,1.5975603279860124,1639.8981332087865,70
2.60105848542734,-2.0438898968811774,15.465436843282356,2.0791877214459404,1.5670285334333705,1542.4417901522877,70
2.602856600342166,-2.0613128044754983,15.455816591419463,2.0802521244915213,1.556183433763071,1589.4464040562725,70
2.5951943397521973,-2.087670823802119,15.564261229141904,2.095544908357704,1.5612151933752971,1617.857299804686,70
2.59557340686448,-2.0394698156826734,15.251708509841423,2.039674215270701,1.5335180822777863,1650.949323718675,70
2.5621767216834463,-1.9789821128338436,15.589704398371753,1.9714537116064557,1.4915082638966293,1681.9837451879523,70
2.547143314195716,-1.936105652131896,16.798231097235202,1.9489462254703909,1.4325039144875344,1685.6509956691575,70
2.5144707373374904,-2.008537018356692,16.112084199840897,1.999882483827895,1.4416000578138564,1718.6612554725243,70
2.466743335631735,-2.0574262672000456,16.89395819769965,2.0704733876214507,1.4677103130137863,1704.494549295177,70
2.423719281735628,-2.145753176315971,17.01300267205723,2.12999597494153,1.45445087854413,1696.6404781617978,70
2.389112640694144,-2.08244398020316,16.97786853624427,2.0639208514909257,1.438176331312761,1749.8460964626724,70
2.375071732894234,-2.036723059732555,17.40949837136384,2.01364669592484,1.4004729151149884,1813.7804468127265,70
2.3504045631574564,-2.0944149908812126,17.16038529769237,2.090929591137427,1.4129326758177378,1828.128322435461,70
2.3688658838686742,-2.0945991444702865,17.417523296558933,2.099646813627601,1.432812340017677,1798.994690825975,70
2.3545230701925672,-2.17449606904661,17.71850423766795,2.156311966946736,1.4631754280864329,1768.9421705163045,70
2.337381148683852,-2.18634147229402,17.711746160534844,2.1692332772241127,1.4085107212481291,1773.8540127519248,70
2.366004723857566,-2.1276823979069066,18.684024949004687,2.1105070597883584,1.4038445402458677,1766.412746263587,70
2.404469346078698,-2.0911760537520707,19.00297945363509,2.086815990687569,1.3653731179122193,1814.3646776871972,70
2.3706919870514795,-2.0144184931464832,19.115347046783008,2.022488663162011,1.3088627379873528,1834.2665431810465,70
2.396085922268854,-2.0155381459544808,19.737629756835336,2.044982508184828,1.3077412089287948,1821.763238436933,70
2.324702474806044,-2.090905242496069,19.643770429823142,2.11962578031752,1.3274419837527789,1866.7397325303805,70
2.3322381143984585,-2.1164635782656465,19.177275035692297,2.0819922530132797,1.352936231571695,1869.0433296535325,70
2.3484903406981683,-2.0413544074348784,19.087518968443938,2.056562373027709,1.3705341389789674,1878.9720476675725,70
2.32176565317716,-2.121079471376207,19.851190861872432,2.114060540130173,1.3260982393642555,1883.469569109488,70
2.3197350882101757,-2.06725910435552,20.255033354828324,2.096314423326132,1.3265925317570786,1949.5105829653537,70
2.25809441442075,-2.1627860852485696,20.186411889854824,2.127674191470308,1.3314875974747296,1913.881983365414,70
2.273160820421964,-2.092874712414213,20.33818658653666,2.0713046898588465,1.2796502522224389,1952.610688287852,70
2.295510706694229,-2.029775553855343,20.22749107471409,2.0477174917856846,1.286140485086302,1980.9068709663743,70
2.320466048475625,-2.073731169032589,20.75287547088477,2.0394832339263758,1.2917719071613976,1987.658972698708,70
2.313612408108181,-2.1004051091014477,20.786835500007665,2.111960420286022,1.3238526168076887,2037.8502439047404,70
2.348633341167284,-2.020882741264675,20.430193113244098,1.9697539599045455,1.3161226044530454,2018.0284476902173,70
2.295364893576949,-2.06507238443347,20.903876447447256,2.051504666102681,1.2955289071308818,2028.7312790138128,70
2.3406107494796524,-2.1082382985359223,21.26964683348429,2.082889829856762,1.3549515360219462,2081.953804347826,70
2.3582580884297704,-2.1637999078501804,21.10516924097919,2.12022976944412,1.3681744095207993,2082.3817085597825,70
2.358341601735728,-2.095191459148978,20.89952630121349,2.027205257600056,1.3384349144599277,2128.097666864812,70
2.344297467798427,-2.106577844435469,21.70163655856956,2.089538387630298,1.3876099206399233,2079.06337395267,70
2.360472575477932,-2.0926539068636685,21.69927146469337,2.142107307047084,1.3616832546565842,2104.48634581635,70
2.3527193679901712,-2.1040291935925324,21.386921389667307,2.116094406100287,1.3797131707702857,2140.905521116395,70
2.339081913952666,-2.055548444462284,22.226688366581268,2.076383307360222,1.3605040150564074,2141.299844787893,70
2.358134414838708,-2.022745401962943,22.368638992309585,2.055765162343564,1.3230968765590507,2179.189060377038,70
2.3739067344849816,-2.0832207329607253,21.641302762976025,2.113751190296119,1.3772397916674028,2224.8440979298744,70
2.422977804561744,-2.100526240712778,21.72964929037048,2.0582075856158104,1.3779980128514022,2148.3078801988986,70
2.4044765838678344,-2.143691353175951,22.360698948735745,2.094063724296681,1.376105780186859,2191.639206153757,70
2.3270653353797077,-2.1086466312408465,22.73254224989148,2.1003492408328603,1.3691173262066318,2133.53298611111,70
2.2820466209724906,-2.0910126667667703,22.8015053053409,2.0920385404485438,1.3301059082510391,2193.6668648097825,70
2.275894175405088,-2.0979240044303564,22.42488048387611,2.109819194544917,1.3254026727399963,2240.961128566576,70
2.2887266189003914,-2.092874134220362,22.276493090938256,2.0692503682657137,1.327948736683758,2235.5669853468457,70
2.242697333368127,-2.148395363259432,22.62119132885034,2.1264885715816337,1.292407412459885,2260.2861835277035,70
2.2083518194115666,-2.1013231692106844,22.81479595018471,2.0956958791484013,1.2985200156336254,2212.2001846976887,70
2.212571592146648,-2.110481444188364,23.0758127498166,2.037711601902322,1.2724034210334063,2256.8315417893245,70
2.2240587973940187,-2.0398685701803303,23.00560895947442,2.025016937854787,1.291262830513109,2346.979441472301,70
2.2742289425670235,-2.0493031515591387,23.190293712892394,1.996140175971432,1.284586204998735,2285.95409094769,70
2.2689083463327897,-2.0522012745124707,23.58760945232594,2.008592562974939,1.322488293555624,2317.4747615206065,70
2.294403675097774,-2.0078119863058643,22.810407380550963,2.029395005553241,1.2816682552945782,2384.2035260039247,70
2.2858345232148096,-1.9806048351785428,22.994439608808868,2.013955703680068,1.2875160013420008,2378.026038128397,70
2.4398871331975043,-1.5572938585051102,23.98104687934911,1.575972704495794,0.9941938332313552,2480.821619301025,70
3.0913478717711693,-0.3243654923162747,23.23042655797397,0.3575102678243836,-0.145311367144606,2410.0952738149176,70
3.472806101259976,-0.0159246406477438,22.659658100294028,-0.0354438408723336,-0.3435597471568891,2437.6730001698365,70
3.4807959386116063,-0.0978360087183388,22.947380452916278,0.0318889869601937,-0.1615912424769394,2512.5014884322136,70
3.515335341006661,-0.1585187130216237,23.31349545170144,0.0915580830730242,0.0470418363971553,2642.4366779419533,70
3.499971769858097,-0.0896381367591842,23.175965516463588,0.0313036116245009,-0.0108672359121445,2676.630983214449,70
3.581881589935598,-0.1190067532917725,22.5061407411732,0.0803049742131693,0.0103071799618748,2663.1602164005867,70
3.5406885584771346,-0.0843598874654749,22.25157907274034,0.0582825339754709,-0.0384900236259329,2673.9946383416363,70
3.5665161160455243,-0.0240932291616577,21.504622058591995,-0.0110408655718717,-0.0421130273059204,2674.5131482110496,70
3.5665647223375863,-0.0906202831993914,19.66031624614323,0.0077689884383476,0.0468280113477626,2643.216815745772,70
3.603364579343564,-0.0030064766794669,21.23151007021105,-0.0084008862610845,-0.0161205226654407,2627.99564556915,70
3.612548828125,0.0039145424962043,19.81806182861328,-0.0125610772520303,-0.0740541145205497,2552.1298828125,70
4.11940860748291,0.1214628890156745,19.68478775024414,-0.1254842281341552,1.0682660341262815,367.8325500488281,80
4.064389877712603,-0.6991771270626599,12.834312532365937,0.5431716058825709,3.1230625037065485,-28.423773942534456,80
3.847332964238432,-1.4667262318208043,6.982338148294036,1.461594820022583,3.289055372021862,-98.68188437235725,80
3.690957154195333,-1.862811774937148,5.313859418495414,1.8396950468574604,2.9398933771959284,24.907824722762,80
3.67110170039934,-2.139979554205825,6.0578219226955135,2.141094905813945,2.673817066802192,69.6857297445081,80
3.6734010693953207,-2.1245397452226618,6.317888977601356,2.113654842081758,2.608481628378642,65.45515025030704,80
3.6566527086434895,-2.044908304804379,6.1473472634541615,2.0373377603353915,2.5608744768752265,163.7046067542637,80
3.680114303667521,-2.015385287324178,6.24551091734896,1.9714236609714548,2.6121741496410564,189.0469168436896,80
3.6578355130461073,-1.9814884085016156,5.98542952783329,1.8761734409430595,2.593155352110715,189.37401116754592,80
3.65431156969562,-2.0047380371192065,5.753521339180543,1.951528456407724,2.595747254558445,151.033556436755,80
3.642159432480016,-1.948229207206018,5.703330384087317,1.921383783989346,2.593564208020869,189.04752216142472,80
3.613063637743291,-1.9507361165027028,6.04458826595975,1.9030158697944328,2.60297734712817,212.53057326483972,80
3.617146668974886,-2.0147716999053955,7.0234223788546535,1.9592178801900333,2.607402415619683,180.35591455833205,80
3.59405259496158,-2.01688400740476,6.674638010791896,1.9920821054694575,2.562334847204464,204.91026416267303,80
3.577918037925799,-1.996637831029204,7.407165645324078,1.98995029188923,2.593087051332611,167.5839846896142,80
3.5724275345654832,-2.014483399612388,7.122924745697335,1.979217628228296,2.574007272720337,240.76069279306952,80
3.567469132315252,-2.039182513030534,7.781978154919811,2.026723932974117,2.591505878979398,176.71172435013287,80
3.556678918219104,-2.0543847882870545,8.328888509691376,2.064754023994367,2.5469658141283644,227.84427823725423,80
3.571330844741506,-2.008036877691131,8.140184186168554,1.9910106757252488,2.573801016070179,228.16025849961744,80
3.554385711237327,-2.051094962149551,7.829942349306087,2.0085649785307265,2.5375079580189026,271.9537023170707,80
3.526815525035268,-2.0502898840560126,8.282201943938265,2.069301325021331,2.5018427150765645,232.04190692704972,80
3.528258734142657,-2.029478498340882,8.081403171893248,1.9994685397934668,2.450658804362582,340.990569439131,80
3.522601334090085,-2.005837785828974,8.7097136900597,1.969429569146068,2.438016345820476,330.95011886124763,80
3.5134035004782924,-1.984588833813815,8.55283467794202,1.9689550848351312,2.480718595465434,367.2714997910962,80
3.513540577642696,-1.9424164479540795,8.589073967687861,1.934402616982608,2.474419805192456,335.9318662033867,80
3.506587984635658,-1.9836218006832085,8.34171772003174,2.002756167932884,2.4505760792604425,330.86683292978825,80
3.5354146318337354,-1.9354329760541624,8.628007593843124,1.957522345572403,2.4829700976302944,246.7252741548205,80
3.5204997935245945,-2.0016100037958204,8.977865730364298,1.9939475729293432,2.45886797143012,261.17095160730105,80
3.50624614400962,-1.9734014690536812,8.933026854524908,1.925901720204304,2.474252010129162,263.35751657387647,80
3.489851694746116,-2.05320756091285,8.464362026489887,1.9703453859103093,2.4558358204733466,277.67527126036964,80
3.486071527618723,-2.0324963589304503,7.871867091385359,2.034534505962097,2.4275671428011862,271.5175205505998,80
3.4628825593240484,-2.022685878055612,8.718703545245928,2.047627280667885,2.4185012038221068,270.3276244487959,80
3.4859860877400823,-2.0419886308847013,8.733333961250855,2.0624417422973003,2.442233496105548,280.08999004560644,80
3.4856941921194804,-2.003874012489909,9.233626483641949,2.0087755918502808,2.442600092937037,326.2621846936414,80
3.454095938771041,-1.9867287173713604,9.366751936293143,1.9972190734037416,2.420935203119652,380.73144688557073,80
3.4551712803004944,-1.9977485365474343,9.69866807681998,2.0228471928036087,2.400862301747824,335.42206597082395,80
3.411961496490793,-2.057569194085819,9.93035869008487,2.073274558352441,2.395657716338168,357.5835152852165,80
3.4322122605805543,-2.0715540438583218,9.92995790107963,2.0163124738280307,2.394383023694618,372.04105180563386,80
3.4427863101369325,-2.0079524664534736,9.613704937020527,1.967061824405316,2.4228091215349963,460.64632360714,80
3.434746929050721,-2.039576530456543,10.57103848211544,1.9964057698692244,2.382487466654827,470.92755032568857,80
3.438029677597518,-2.057698901166621,10.639588916424623,2.0341829737437145,2.418392390319981,428.4554433920948,80
3.443209551044346,-1.9940221358820336,10.054718056904902,1.9465246686001412,2.426180124282837,424.5497565515263,80
3.422175368082892,-2.0022879482544576,9.675115899941355,1.9650839886714504,2.417041564725109,423.86250635520696,80
3.406202482194016,-1.9906669664628729,10.430783438928351,1.9948771479203529,2.419510432125367,505.9704547370832,80
3.4153010181544983,-1.924326833990432,10.532017009774435,1.928180397171336,2.409169135634432,533.9940135208598,80
3.4371817492947137,-1.9220857478908653,10.412640591257626,1.935585879787956,2.386939163060532,507.3077866072509,80
3.431005197701995,-1.9500189036438145,10.402800864780072,1.9574759375188768,2.4278079308185383,488.63771450396666,80
3.42421038003312,-1.9954694933498027,10.621412768806378,1.973496604211552,2.40769191623963,478.0482010988846,80
3.411826327903983,-1.96614580056102,10.369360756628293,1.9575754834204608,2.4251427232604663,498.7403114554807,80
3.413366338641373,-1.923104021967072,10.3110284510347,1.9958390661121648,2.3937409759796773,537.4392467380798,80
3.378536288271245,-1.946186681383664,10.7079583000891,1.985787424844565,2.3890346300970644,582.0813560879114,80
3.3674415989020434,-1.9790699678597992,10.789348307344104,2.0559381172829068,2.364084317512119,583.51616487798,80
3.3542795377908297,-2.012883641056179,10.774580001831051,2.0537890748879346,2.3374812332625248,614.166530963072,80
3.369534418754971,-2.0106879411284457,11.378434992328131,2.0728504952696185,2.306099810551122,617.2929939191367,80
3.37858841837067,-1.9849257850155388,10.70581276883784,2.0550121228719496,2.2900688132059943,600.9286738130235,80
3.3621649668388764,-1.9655003977805072,11.15029163950497,2.0156854612311146,2.2860553866809186,629.4364485593179,80
3.364833293501864,-1.954102620636065,11.03729808453432,2.0005530622816576,2.2912511948457697,615.8204427502819,80
3.36410772431757,-2.0149325513348137,11.113990990156983,2.0303890090627768,2.285242510825088,614.0832286716737,80
3.3696828158860352,-2.028013123679407,10.869886535959145,2.038940891777117,2.338779002120815,594.1716440731716,80
3.368295953445828,-2.00922011223036,10.955686077629167,1.993997783390517,2.3327736731657045,625.811629777102,80
3.376829218618649,-1.993665331417752,10.830076276641533,2.016628073662827,2.362003719683775,636.2938301637002,80
3.36772288120899,-2.01234352219965,10.542521299775114,2.051329811823737,2.339194938079598,668.6600580903674,80
3.36624444637102,-2.0261159262706325,11.308245029646098,2.037038134545395,2.331808997183731,648.4570306207713,80
3.3511207853395915,-1.9946850132696408,10.79069053020674,1.9940694539817336,2.3086396664688267,702.9830561372424,80
3.357972936531932,-1.9793294852541892,10.48342144366392,2.01876813111846,2.2944809407303013,733.3380485613321,80
3.339655271510488,-2.0393831434938097,10.482116620565195,2.097229454935212,2.275310336929006,691.2397781843991,80
3.324771927804062,-2.065504487027827,10.366106505246506,2.0874018300439894,2.3105212904743317,726.5209350585939,80
3.335299426747352,-2.0118407914318985,10.129023758406491,2.026769206695949,2.2926827361903244,720.9540801687335,80
3.2983742497630955,-2.020615140187372,10.324397136255644,2.015736963331085,2.2854371488708813,731.2018696893116,80
3.3061413224210443,-2.0264977597698723,10.546156834081277,2.0123050175991257,2.2802261101830865,740.2021798989208,80
3.292513852266921,-2.008392034117709,10.83670596486514,2.010459251010541,2.2887192362362576,746.1622043884906,80
3.2828166878100524,-1.9746257945434331,11.104211954726384,2.015599495356845,2.305239903558161,746.3854244271506,80
3.295294048859901,-1.968058342786179,11.078494946981213,1.9928519627482617,2.2645369854170023,768.392144586622,80
3.2878250842241896,-1.977120310375371,11.172716593004989,2.0287800517278844,2.272251867756401,784.9359464350442,80
3.267591046303818,-2.054630107486371,11.27748467750156,2.093597311334512,2.257204181140231,798.6688742096891,80
3.285958199156928,-1.97944600864784,11.864213515802758,2.003266182142435,2.283796725813876,776.9882416086094,80
3.2570857706758165,-1.9320680800172472,11.650571341367112,1.9078699682176727,2.3155012130737305,882.5434664696762,80
3.276196713300095,-1.9147856481296504,11.176492553396326,1.9074299999119084,2.2750445714930896,926.81217248661,80
3.267895634641352,-1.9879454460340675,11.248545184577871,1.9477710650139253,2.259840675236024,940.6118824752346,80
3.271477122896725,-1.9798570533388669,11.176139005680676,1.9763520630364568,2.271275098790828,921.6306230997302,80
3.26001269055396,-2.045568126993081,11.603398785148698,2.0102868301352275,2.2264518983585324,893.0840296794456,80
3.248253142710813,-2.0307364820205063,11.889718645626738,2.043862602145402,2.2474502423374925,917.317673516028,80
3.232425276766118,-2.015649365395615,12.223004360788876,2.0037346058285115,2.253958227708168,1030.7833767920424,80
3.2363394978120152,-1.978268233771177,11.91579266184384,1.99288501997584,2.278614776650655,986.71034004762,80
3.2402381503704896,-1.9936654678325063,12.263917500210791,1.970003869115692,2.2823196784737183,1047.9478218629188,80
3.237304252447541,-2.0416047634537686,12.22356366619622,2.0178448490260803,2.2627921682043173,1042.9885618858732,80
3.2397657104374207,-1.9753918832110369,12.095844327788996,1.981864449904137,2.2746272259151814,989.2626556711097,80
3.2176289029957093,-2.0303641643720804,12.267715812958391,2.006907673226189,2.255991369178614,979.7491011472092,80
3.2424975695069307,-1.9682603447707652,12.085462648843986,1.9556245127904048,2.2511181831359868,993.0047613714152,80
3.222560899773824,-1.994026628966184,12.432256442984354,2.013455512597389,2.2495127203538248,952.3599818908064,80
3.1921191068039727,-2.028295639863948,12.543468662143985,2.025754363266463,2.212686622265688,986.5036287602692,80
3.206641835035737,-2.0183205592263604,12.530563762507487,2.0266090053872965,2.231211364883738,997.9047348179768,80
3.192773374085574,-1.9724946341563745,12.22907595290351,2.002594023635707,2.2305676027671577,993.9989372332072,80
3.2013477750660218,-1.9516812771866,12.22745962241261,1.924114435603938,2.216843686152979,993.4691555377136,80
3.1606062908762507,-1.9762410638258627,12.621902750939435,1.993497199618939,2.1677166358711792,1084.9532156088917,80
3.194096807352046,-1.940289831653084,12.00336031569648,1.9752508076195865,2.2211161003899327,1061.7512263661808,80
3.186052106090428,-1.957469061477897,11.918536107564709,1.9821720639454947,2.208636003671233,1095.126138903432,80
3.182356119155884,-1.9911600351333616,12.317405700683594,2.0030864477157597,2.1949303150177,1117.8785400390625,80
3.176753985513117,-2.0383808489927318,12.42257647170234,2.043188363006435,2.2253720686607754,1062.9853628886117,80
3.161240360171525,-2.041000645185254,12.45732536020967,2.0254163016977995,2.2038927582121395,1127.77638291821,80
3.142062934403567,-1.9941738462939709,12.154923478352645,1.996881133502292,2.144652157714686,1171.6726489509492,80
3.142105737912286,-2.0809464258017,12.293110557438176,2.097828808519029,2.118676543235779,1110.0672273930809,80
3.151487903496654,-2.0083830995658007,12.738098360828518,1.994418316280719,2.127399651045652,1096.7777640745812,80
3.141057985345113,-2.0062755985358325,13.087573656101815,2.0078333726863278,2.1269966363906865,1139.7315554274726,80
3.141464260435596,-1.9427108875255008,12.811372884770032,1.9932224369540652,2.059234535571227,1213.7121468770126,80
3.1164047214173785,-1.986874703893956,12.697518481421715,2.0263409196715987,2.0269908806712347,1164.9634481213775,80
3.133227109909057,-2.0141361153002872,11.9852115198509,2.016538634742659,2.052947275417367,1179.4374773477768,80
3.115952518797412,-1.9996921936261285,12.547145578050122,2.027599392477999,2.079179492193399,1193.050212427513,80
3.10766612131571,-2.034024535995169,13.50243409146968,2.0716025214834315,2.0811598989152413,1214.319392568057,80
3.105104856884357,-2.027329650121866,13.000453609781166,2.032600480256621,2.068243775171104,1275.7300144470844,80
3.057547760992935,-2.0927692565721325,12.835748338207756,2.092493027755894,2.038347450728268,1244.3386066869357,80
3.092617313886426,-1.9825255483696145,12.908010291070052,1.9865932519902891,2.043559946964697,1248.0231738532943,80
3.0723579790174345,-2.031179907395668,12.171463258487664,2.0107469484978115,2.044189008240847,1295.774976592703,80
3.0492553944440237,-2.034385259618464,12.734582586386766,2.003993238984924,2.015007369297067,1284.601033318903,80
3.0300116047416763,-2.086921573914204,12.821318272462824,2.0220366925308384,2.008899150435458,1303.4652691084077,80
3.043514788765268,-2.04952992729305,13.286571306051671,2.006654398957479,2.0021178562616564,1332.8306859596491,80
3.0186902272332574,-2.057124713032515,12.95703119100984,1.9668337745764808,2.00918919032382,1363.059142437178,80
2.9916251713467625,-2.04044508934021,13.36896680556622,1.997512669292922,1.975304488054256,1411.44236708179,80
2.934986748646215,-2.075505202578515,13.222036460011276,2.0225927043206915,1.944929088513876,1460.0863024524806,80
2.93262162405191,-2.0258067932325545,13.466111792731532,1.98293306286802,1.950702706563104,1422.6464038337622,80
2.918862996642123,-2.029697423128737,14.037834983511072,2.029110534903929,1.944341595639888,1364.0644191466656,80
2.9304346153416585,-2.0918438815578964,13.533195456278692,2.046512802851568,1.9166196658439243,1389.9880616492835,80
2.9403593859721706,-2.016914316059388,13.66392519056183,1.977286423604513,1.934483917718081,1420.1277421774323,80
2.909792311412772,-1.996973591366994,13.873845729631244,1.9737121788496823,1.8803366158426424,1416.4775201856478,80
2.8788208838590643,-2.056009737486692,13.583952323677616,2.0259034092893304,1.8722740387179184,1419.1022068298962,80
2.8729202870241144,-1.9549238939875204,13.45377216634062,1.921605932958349,1.8225386277916515,1454.800674281168,80
2.846012732417313,-1.8979865300286676,13.929219521198084,1.900799291650044,1.7877300031406365,1487.380165965287,80
2.823297182309259,-1.944207791815099,13.94540953881962,1.9611038688531857,1.7961507998790938,1467.403710434117,80
2.8349863622606417,-1.9388077664621095,13.931913759290556,1.996316926995504,1.8010327103211707,1477.0556313426223,80
2.8037104754103828,-1.9757292307529248,14.09294761579061,1.9842757693271047,1.7735357358283603,1466.0126462326832,80
2.747129081450787,-2.028731805762064,14.154214642711525,2.028473360022318,1.7535711981586584,1528.524522289787,80
2.700192805418034,-2.073548089597643,14.104613402455126,2.0927254846415564,1.6683131155279487,1499.0073852539062,80
2.687200538890878,-2.018992517412323,14.634989551662176,2.032767910318276,1.655662124918908,1496.1296059519973,80
2.6238067051799026,-2.017340205379368,15.068178678296276,2.0401636024111327,1.5906920420754818,1570.5611528219636,80
2.5818793036274075,-1.968194182386104,14.603114521380553,1.9952680056857088,1.5264462576699014,1612.2694267980833,80
2.5493240589948045,-1.986468828830523,15.601596591398884,2.023391324220245,1.5296881340213655,1660.7937735331427,80
2.5120252112752377,-1.9609811293710149,15.96158485805865,2.002957668501078,1.4651821384724883,1696.8623990717638,80
2.4945103384784817,-2.0934308017652064,16.03717198322729,2.0971288078839017,1.5080859126503934,1659.0874602327638,80
2.46821826757844,-2.0956619916502963,15.687208736065736,2.1053498454929627,1.481441988158472,1665.6992351099389,80
2.406770000752714,-2.109054315950453,16.137367214124232,2.0999297518091105,1.4788771216402357,1663.1218494533257,80
2.367534104081773,-2.058461609574937,16.364551858803654,2.079452531853902,1.4596667928793987,1715.425637785922,80
2.341162747943524,-2.045719801765126,16.69291381246036,2.1158204988106006,1.383177369525752,1772.013732280928,80
2.319382689662816,-1.98716409796292,17.25711680933372,2.0256297674375707,1.4094932423424475,1791.9743828527696,80
2.36574495821884,-2.001081915245843,17.014378744302338,2.0353848504036973,1.4229212003884857,1748.0189133476963,80
2.3467108441382343,-2.023556080061135,17.341717080971623,2.0610613011822254,1.3994099675994558,1679.4453741643847,80
2.29283034678587,-2.083661712322039,17.387705085203834,2.0267807650811904,1.3504896053333884,1690.6036981012398,80
2.3108825437801395,-1.9906128079620824,17.39919428481269,2.011762419926752,1.293009883349703,1739.5092131624533,80
2.2956066881258463,-1.9455889531017585,17.76556541993446,1.9715053002858896,1.2315095097748272,1725.0320094786966,80
2.277907703340668,-1.9920094013214111,17.968808754203245,2.045842399302217,1.2768220434483797,1724.7289711863723,80
2.330271480009728,-2.076149691011488,18.04393083041477,2.099113227165851,1.305864708939778,1780.4989372332068,80
2.307639930666108,-2.0971057021740784,18.07016616506674,2.093747345442625,1.3096760462239854,1812.238881533908,80
2.3146351071977125,-2.0313983221643976,18.936168650990904,2.029654195628215,1.3075028608754715,1885.8118619623856,80
2.2702193383089044,-2.0149469449348056,19.37677324432688,1.995148997945884,1.326420787683467,1870.1958788055724,80
2.251129107376964,-1.9897294701989163,19.419584520084346,2.046116872546599,1.2533444166183472,1868.573089914224,80
2.327515602111816,-1.924656357961832,19.194929516192563,1.9469538054515405,1.2383351547201884,1890.8810682788333,80
2.339885565423474,-1.8969830809180264,19.709497913871843,1.973044606828197,1.257346030363102,1933.077523457636,80
2.3146635453725604,-2.062316110453653,19.568157235371697,2.0906410807186773,1.2825519694495435,1843.0860809640792,80
2.2629011279528903,-2.089861561342612,20.135810675080297,2.122709592593084,1.3379152146811342,1909.2415444285607,80
2.2958046726344787,-2.05493359467418,20.076278450562786,2.1100152227067457,1.3357429971399997,2013.71484375,80
2.2964217724259366,-1.9668214358005336,20.67117266310859,1.9574975481967345,1.3278509636515197,2016.6935915602853,80
2.2927308156318267,-2.0283310683732187,20.00354713754556,2.0055334617182146,1.30804226816315,2070.2712930895614,80
2.294876037184724,-2.060587526596696,19.88285735218795,2.059955649769183,1.3118891845044391,2083.632908142718,80
2.336821027637757,-2.1085090661786263,20.20477900554225,2.057214250269624,1.3709873182257426,2096.398054929124,80
2.3508641326550355,-2.0984154411197933,20.17925571166363,2.0582729393673924,1.3739538561437548,2139.774122100516,80
2.3022895154264784,-2.162164149825106,20.1584346810567,2.075186065791809,1.363108077000097,2148.4101008779,80
2.2660243240828373,-2.1441019859510604,20.27430755575908,2.035558699332562,1.3514869317566,2127.9815195614533,80
2.289699790404015,-2.1073674172470245,20.800234568487724,2.037085048931161,1.31888624933577,2185.933981354704,80
2.2940122552753723,-2.1060145822996947,21.113976409754805,2.039417886242424,1.3297158664034818,2195.8950862294623,80
2.3169739320106117,-2.1219589857711005,21.45759671004777,2.0803683320271604,1.3775774400258802,2176.6285337467784,80
2.320154778736154,-2.035618180466682,21.548471499964133,1.996391496707484,1.347989838147901,2192.104664596085,80
2.317113778025834,-1.9817779334550047,21.06899849409911,1.9546134816002605,1.315134497032952,2249.886467058634,80
2.301050584340833,-2.0718411637335703,21.414656039365774,2.056624203613122,1.3528711961716715,2219.162921079654,80
2.3380470914939013,-2.001008242675938,22.294188037361074,2.074578127910181,1.3334649567751538,2238.9490929043163,80
2.338726983856909,-2.020744911174184,21.79609244631737,2.034869201404532,1.3386080056121672,2226.1836768081507,80
2.327898327837285,-2.087936199817461,22.52324354034109,2.0619813068625854,1.3472773881302669,2201.830730005638,80
2.341690986426835,-2.144383441541612,22.34623909979752,2.0817540318695533,1.3689889539148383,2261.485047015947,80
2.350220345959221,-2.09896179572823,22.64466004519118,2.0678674093226785,1.4062625538442552,2212.721143584892,80
2.3372241565861653,-2.14406534814343,22.99819499930156,2.133145130786698,1.4130069902262734,2227.9641314634355,80
2.303794846092303,-2.1045948008901068,22.969862613481343,2.086124326764923,1.3715633362838902,2246.3673787854377,80
2.31175562524304,-2.149975465745041,22.966030927048514,2.067442382733846,1.3506169245415127,2335.435482693702,80
2.2977428682071643,-2.162429635057746,23.03822847739937,2.103902657007435,1.365987517170071,2268.6802865254504,80
2.3376987926738777,-2.063653399034875,23.440812917099784,2.0108553380081333,1.281139541532576,2339.863274957717,80
2.3357852758820528,-2.087836528561778,23.05303260960528,2.04952382549797,1.2919118539574217,2342.032224045586,80
2.3040507380495368,-2.0907103880164546,23.43030263959747,2.0589169927479065,1.3014456525291365,2351.825035488483,80
2.2746294183829394,-2.0294967557966097,23.270169425256476,1.990819645911148,1.2440782699388329,2446.318258698453,80
2.2710495105723743,-2.013706990124026,23.05724638516141,1.9619000959642172,1.1822288798302727,2398.230215800177,80
2.3658093324641576,-1.6314498395035009,23.129643587721983,1.6355945535541867,1.0162799641029152,2447.4685813667843,80
3.304005616718964,-0.0792599200971938,23.17785348597262,0.0833719495645483,-0.3941313950056884,2315.512020779641,80
3.4868912549362965,-0.0305732425599917,22.55914204391008,0.0275817329697702,-0.2019049469957625,2399.519000181219,80
3.476597715898887,-0.1301261750769983,23.11005824374169,-0.013093497911372,0.0281997329757077,2541.8986350777222,80
3.500689944041144,-0.0707325068177642,23.415455041472445,-0.0259994728701937,-0.0234557309754422,2468.9648437500005,80
3.525505971662777,-0.1427916908617501,23.486117746412177,0.0659299975395518,0.0469084376680481,2520.964727971972,80
3.566869580868593,-0.0785429999232304,22.46679249006449,0.0201176632887001,-0.0190771467330839,2551.308696943461,80
3.553242592467475,-0.1184521939259824,23.536005364250887,0.0479181870126846,-0.0134445643340495,2496.845956074821,80
3.5772252082824707,-0.1234554573893547,22.96284484863281,0.0686646774411201,0.0029033496975898,2515.81884765625,80
4.098926067352295,0.0589527562260627,19.04952812194824,0.0501025952398777,1.2319082021713257,513.1375122070312,81
4.098332796598736,-0.4152945437713674,10.649284533450478,0.3495268118224647,3.175681747888264,-155.16879722193667,81
3.831649991085655,-1.5474552593733135,7.011619788721988,1.590796598635222,3.203971225336978,44.939506691380544,81
3.740732054961355,-1.7740423955415423,5.601644455759149,1.853332759832081,2.8460281158748426,-13.457566170943334,81
3.735514957026432,-2.014232028158088,5.428700758281507,2.067267784319426,2.711172701183118,11.01818069658781,81
3.7359276319804944,-2.0544112042376867,5.576686307003624,2.106409474423057,2.6613231834612394,13.250929280331253,81
3.749027299880981,-1.9799536629727013,5.8414044430381376,1.9498018992574595,2.672157463274504,-2.2661652263841763,81
3.736521187581514,-1.9820308151998016,5.334531151620965,1.9716806549774968,2.7172322586963054,104.536134338379,81
3.70570172761616,-2.047221931658293,5.321058554398386,2.039320215425993,2.622279583780389,137.22615870425577,81
3.659555376203437,-2.048274550939861,5.665396459479081,2.0467235201283507,2.6312198500884207,128.1968878093519,81
3.676951822481657,-1.9917541177649247,5.194001047234786,1.9875796656859548,2.5977267591576827,150.3258490311472,81
3.662969122434917,-2.018310297162909,6.279070633336118,2.053054750593085,2.5909820054706776,104.59983126991672,81
3.676484667627435,-1.964846023760344,6.367234762091385,2.011131878903037,2.598932183416266,63.69552797016352,81
3.635176909597297,-2.0462459375983792,6.689634042037163,2.084588522660105,2.544085904171592,135.69867003591446,81
3.6644143731970535,-1.985330309365925,6.878590011596683,2.0376322520406625,2.615159657126979,32.725220609965895,81
3.617525746947841,-2.0489591862026013,7.312981806303326,2.108630224278099,2.585154809449848,83.47434555856817,81
3.618667605048732,-1.995325663215236,7.647773802907843,2.0255670873742355,2.5671559208317807,122.3461586400085,81
3.615368292206212,-2.051745191373324,7.702135497645329,2.0427150613383245,2.5310695347033048,98.08997485512168,81
3.582826260516518,-2.088334944373683,7.964913338109067,2.125849425165277,2.512089252471924,165.48109162983147,81
3.5624591588974,-2.06230628490448,8.309802436828614,2.0699965715408326,2.502849102020264,201.8956848144532,81
3.5608049066443197,-2.0414901407141435,8.235281191374126,2.093402210034822,2.5136607195201672,207.1151685212788,81
3.544771549576207,-2.0676967871816534,8.388336141485917,2.0843799214614065,2.4454745756952385,236.04310013620477,81
3.5291161813234027,-2.075648724405389,9.04956068741648,2.07825134176957,2.447694223805478,243.09409404553864,81
3.526391312950536,-2.092726398769178,8.842454659311395,2.153564776872334,2.4153966150785746,272.6870306717722,81
3.5322330474853514,-2.02724145337155,9.140919595015678,2.09254772537633,2.461727777280305,315.2768101742397,81
3.5423355102539062,-1.9885539381127608,9.487542905305563,2.0278450125142147,2.5056228763178776,301.1655032509255,81
3.5521889485810934,-1.947487745786968,9.50202034398129,1.996367507231863,2.5344134707199903,325.0956950940583,81
3.518872320024591,-1.9615810105675144,9.60916176846153,1.946698427200317,2.519635423861052,304.2893834164269,81
3.4994969242497493,-2.007452008598729,9.39487025612279,2.0420200247513622,2.4803420518573964,319.0457786158508,81
3.5142336192883943,-1.9375100976542416,8.393689567164369,1.97770354559547,2.488404117132488,399.3791128058186,81
3.516418733094868,-2.001339034030312,9.379942743401775,2.0283796787261963,2.4819390899256653,378.36996138723305,81
3.5166009225343404,-1.9597206197286907,9.082120845192357,1.9961259296065883,2.490310193362989,391.6553213019121,81
3.50288196864881,-1.943940911794964,8.505626236765009,2.000004378118013,2.5118917816563653,395.3628286261306,81
3.478513132898431,-2.049958308119523,9.090738898829407,2.038605313552053,2.475102353096009,404.71307919150905,81
3.458622387835854,-2.085809130417673,10.042638336984735,2.074812452416671,2.4417095535679865,450.8456244217722,81
3.4940338636699475,-2.038253351261741,9.621825418974222,2.021773771235817,2.4260688392739547,456.0917759945519,81
3.474906334124113,-2.0676207090678966,9.683852848253752,2.060926821357325,2.4247862640180085,513.2336480391655,81
3.468898696648447,-2.1060492151661925,9.290176712839228,2.100290292187741,2.4339033566023174,507.07015734220806,81
3.466596078872681,-2.0699928760528565,10.220239639282228,2.0419809818267822,2.4333685874938964,434.0874328613282,81
3.447776089216533,-2.038492556622154,9.93686590696636,2.0895222877201283,2.420546106288308,439.59042229903366,81
3.458580832732351,-2.037383694397776,10.115623373734325,2.049661786932694,2.436630863892405,435.977813720703,81
3.4420067197398136,-2.0221592438848397,9.786852043553402,2.049728279364736,2.431612568152578,437.86945190429685,81
3.433639689495689,-1.9959229042655544,10.491686911331982,2.031080830724616,2.4317079995807847,469.833542030736,81
3.407465573361045,-2.0515128361551387,10.014646951775802,2.0276727839520103,2.357324844912479,468.8766469855057,81
3.418668897528397,-2.069894065355,9.768979283383018,2.032672129179302,2.3750523767973246,454.0770581697163,81
3.421034091397336,-2.123756452610618,9.772164093820672,2.096485733985901,2.3704602404644617,462.3581816020765,81
3.414298396361501,-2.102637170490466,10.26432631643195,2.094955883528057,2.3768320510261938,468.0714172363281,81
3.391420902703938,-2.120141361889086,9.970049245733964,2.1042649407135814,2.345934503956845,580.1793797543174,81
3.4014779843782126,-2.0683795677988157,10.110129225881485,2.10499930130808,2.373859671542519,535.971589098479,81
3.4047186951888238,-2.0800553961804047,10.96597240849545,2.108801957180626,2.3787532229172554,550.8688296669404,81
3.401680645189787,-2.0385734909459168,10.492768940172695,2.080068324741565,2.3759062039224728,606.0532772666525,81
3.3776120775624325,-2.023883697861119,9.83452919407894,2.081372991361116,2.335709135155929,614.7401585629111,81
3.359138039538735,-2.039671069697329,9.533572648700916,2.0872328858626514,2.352650301080001,551.8583142732314,81
3.377012956769843,-2.024355819350794,10.54763618268464,2.03877610030927,2.3734752391514027,558.8977757504111,81
3.3928845505965386,-1.9852941124062784,10.13259929857756,1.968938969310961,2.389679843501041,602.6444419459289,81
3.396423628455714,-2.0006859365262484,10.319238010205725,1.9964132120734768,2.391173425473665,614.7601286235612,81
3.3872531614805523,-2.01944435270209,10.05670969109786,2.01744606620387,2.354475786811427,662.9079724763569,81
3.3622456312179563,-2.0277808189392097,10.018670272827151,2.039240384101868,2.333367443084717,694.6706542968744,81
3.344198139090287,-2.073094907559847,10.14378756472939,2.097217803252371,2.332487427560906,672.9526553505344,81
3.3072470150495827,-2.0770847809942143,10.284632662722938,2.051494631014372,2.281707787513733,653.8543405633222,81
3.3064857784070467,-2.015842431469967,9.920731393914474,1.9975669634969608,2.3062660066705,656.9262406198607,81
3.293880406178926,-1.9655262953356687,9.9071018720928,1.9389714059076812,2.298060018137882,657.8890490080179,81
3.315470740669652,-1.9726770313162556,9.95187478316458,1.9417635729438376,2.331073304226524,629.0207795795642,81
3.3048588953520124,-1.971519101293464,10.36108548013787,1.9585215882251137,2.285086969325417,670.9904174804692,81
3.323204843621505,-1.973103030104386,10.42303362394634,1.9594933509826664,2.288035819405004,680.4478008069493,81
3.3319079311270463,-1.957441238980544,10.846275229203078,1.9676567096459232,2.323717600420902,722.5579159385279,81
3.322797830481278,-2.0168804382023064,11.254381119577513,2.029640584242972,2.3006095710553622,771.0276399311269,81
3.311635819234346,-1.988113043810192,10.927374106959292,1.9743124466193345,2.274261553663956,776.4341327868012,81
3.2643512499959844,-2.0730398642389405,10.710823701557358,2.063675024634914,2.2693390294125204,817.4777324475741,81
3.255702479262101,-2.042799948391161,10.635336363943,2.019477777732046,2.2100629781421866,894.8799846448397,81
3.2626007983559058,-2.023069105650249,10.399754172877264,1.996894880344993,2.263201199079815,892.9519749691611,81
3.269697619739332,-1.9886483807312816,10.280287431415756,1.9898431207004348,2.2832887611891093,862.7103753340871,81
3.26689772605896,-2.008478357917384,10.11760324176989,2.031080890956677,2.2457179546356203,799.8819290964225,81
3.2662401450307748,-1.9530834593270952,10.809317367955254,1.9620101251100237,2.266747499767103,831.3026264391445,81
3.2606146034441497,-1.9594441991103329,9.976765461971889,1.9887996799067449,2.246419562791523,852.6113159179688,81
3.2617128773739466,-2.0066005085643965,10.482872711984736,1.9871172120696616,2.2679334188762468,825.9744230571545,81
3.253859090805053,-1.9652199745178225,10.135641860961917,1.9421806812286373,2.2390123844146728,794.9907104492186,81
3.2361091061642293,-1.969438872839275,10.091381143268787,1.9908955097198489,2.210056519508362,867.9929546155425,81
3.224735551131399,-1.925504290430169,9.971275811446338,1.9467783438531976,2.2049352445100485,882.2166568153784,81
3.217167465310348,-1.9417325917043184,10.187525086653858,1.9426861505759387,2.177583688183834,925.4853387129934,81
3.196244139420359,-1.970674514770508,10.028065028943518,1.9713525332902608,2.192124793404027,945.004105417352,81
3.2023072255285165,-1.9669999687295208,10.869660196806258,2.0085695203981904,2.2208030336781555,920.0136683413856,81
3.21751675605774,-1.950850745251304,11.661395133169073,1.9818749477988795,2.227097546426873,955.4679552580184,81
3.2299090786984093,-1.907428775335613,10.96734370181435,1.9511983225220129,2.1952595723302744,960.071139686986,81
3.2075916240089817,-2.0341855325196923,11.665827831469086,2.0345691680908207,2.2131547978049837,911.0646901983962,81
3.2147028257972314,-2.0564129478053044,10.9977479231985,2.052626979978461,2.2011764739689075,953.7074344032688,81
3.1980920666142514,-2.0146025858427348,10.818154023822984,2.036142070669877,2.181643194901316,946.0977815326892,81
3.231232168799953,-2.021903993581471,11.279721797140022,2.021367583149358,2.1739255139702247,979.8676616467928,81
3.209085002698396,-1.994667115964388,11.666894220051011,2.0301866857629074,2.1560430300863165,1020.645814273232,81
3.1903934014470954,-2.030970755376314,11.97529040386802,2.0406776566254465,2.17242532529329,986.5685877749796,81
3.192265661139237,-2.0700132846832275,12.582365487751208,2.0218270138690344,2.178697623704609,983.07176770662,81
3.1834300932131314,-1.9921305386643664,12.204803562164306,1.955722392860212,2.18164874754454,1055.03525390625,81
3.179382045645463,-1.997714286101492,12.380332334418046,1.9603736915086445,2.1769589875873767,1093.114067639803,81
3.16047856054808,-1.9413170281209444,12.370216811330694,1.9596143653518276,2.1815744663539687,1080.712462736431,81
3.1628351236644545,-1.9326611154957825,12.905947504545512,1.931478835407056,2.166619564357557,1113.0391999897204,81
3.1306344270706177,-1.9819079637527464,12.715845584869385,1.9791339635849,2.166511297225952,1141.9721069335938,81
3.1356582942761877,-1.9476792674315615,12.72751699748792,1.914955893315768,2.172342302924707,1118.3617046155432,81
3.127246076182315,-1.966376157183396,12.275630132775555,1.974296796321869,2.155902333008616,1149.4591886821545,81
3.1510769442508098,-1.9291686296463009,12.509198279129835,1.9608948682483875,2.174399180161325,1127.8935701069072,81
3.1328494285282336,-1.9412513005106076,12.759865805977268,1.9411579740674871,2.15967758580258,1145.8696462530838,81
3.1200954035708777,-1.9770804204438872,12.753786036842746,1.9821546328695203,2.152372673938149,1120.590357730263,81
3.1055887912449083,-2.05169477588252,13.006307898069682,2.014820388743752,2.1168752770674857,1067.5290218955593,81
3.11269090803046,-2.0275956404836544,12.71897721541555,1.9670459571637595,2.127995634078979,1150.1763800370077,81
3.096014499664306,-2.0721544767680924,12.79887328398855,2.027234874273601,2.125236503701461,1143.8613017835116,81
3.074368795595671,-2.092780090633191,12.59756076210423,2.0674263351841984,2.1272159250159004,1131.7532483552636,81
3.050150513648987,-2.061182781269676,12.500070596996103,2.043703349013078,2.0857290531459607,1164.62161094264,81
3.047882087607132,-1.9480564255463453,12.912180980883154,2.003418927443654,2.085050369563855,1137.1663047388977,81
3.0282279817681563,-1.95820082928005,12.48857024845324,1.9582392058874432,2.0702852098565354,1132.9409378854853,81
3.0255073321493047,-2.0184336812872643,12.608665466308585,1.9920980001750743,2.042929348192717,1189.8706080386514,81
3.042706975183989,-1.9769424382009004,12.33267488981548,1.9950646124388045,2.0669413303074085,1207.5782746967518,81
3.0316753261967717,-1.989936358050296,13.230131902192774,1.970344311312625,2.062614189951043,1185.5580604954766,81
3.038177359731573,-1.9595705013526112,12.875472520527088,1.9805656884845928,2.034451794624329,1228.9352147152547,81
3.008433261670564,-1.907274303938214,12.49580291948821,1.9236172023572435,1.9740851050929025,1244.2166105571544,81
2.9892411357478093,-1.971830117702484,13.337177281630662,1.9904440973934376,2.0256594676720465,1247.0457622327303,81
2.9876428604125977,-1.985310149192811,14.07892322540282,2.009984445571899,1.9744012832641595,1267.3166748046876,81
3.000178286903783,-1.9601671507484035,13.481709053641874,1.9255455387266056,1.9828130822432668,1296.7322773180513,81
2.978733255988673,-1.974030799614756,13.09911045275236,1.9397448012703344,1.9188292980194084,1328.2993562397214,81
2.962964433117917,-1.9970125041509923,13.490365751166092,1.9890165805816649,1.9221835092494364,1315.887234657689,81
2.9712419158534,-1.9683222720497544,13.857925575657887,1.9840909556338664,1.9102771520614616,1347.8510999177645,81
2.9613025728024933,-1.9704806233707224,13.131477923142285,1.9612744977599692,1.932810474069495,1353.9356458162008,81
2.9365111401206563,-1.9762739570517291,13.499102592468262,1.9769618762166885,1.9546245085565663,1322.1214535361837,81
2.9125300595634864,-2.0384309316936293,13.589690765581638,2.068314333965904,1.8533811023360809,1387.600603284334,81
2.8830876500982985,-2.086206024571468,13.693112523932207,2.099665671900699,1.820017631430375,1338.061361533717,81
2.893715692821302,-1.994336765063437,13.804588192387628,2.014480671129729,1.818952018336246,1350.345900364926,81
2.871881818771362,-2.0573771275972077,13.767008540504854,2.0487331490767637,1.8575948401501308,1350.0947625411193,81
2.869596732290168,-1.9901404788619597,13.779323025753625,1.9640121867782188,1.809348912615525,1428.2254702919402,81
2.832441425323486,-1.98649929448178,14.10479739339728,1.968441202766017,1.8092246344214988,1498.0752929687503,81
2.79358596299824,-1.9037550054098435,14.111927669926692,1.941159602215416,1.7869563529365944,1473.2300010279605,81
2.7673615305047288,-1.9778245260840968,13.918373639960029,1.9378478803132704,1.7295920070848976,1495.1728053042762,81
2.7758985431570764,-1.9332178962858064,13.458676062132175,1.9506724759152023,1.753256310287275,1533.4779001336392,81
2.745768459219682,-1.9946590850227752,13.955230712890629,2.020236730575562,1.7263648321754053,1512.0620631167772,81
2.738390724282515,-1.9872886318909504,14.621477644067058,2.002646241062568,1.7048926610695692,1515.918092105262,81
2.707347405584235,-1.9545257681294497,14.990431484423183,1.9779567141281935,1.7187667834131335,1527.3849930612676,81
2.671054935455321,-2.0118754506111167,14.833097076416026,2.032897520065309,1.675711119174956,1545.5842041015624,81
2.5984114822588467,-2.0381917125300366,15.118118567215774,2.031555007633411,1.6415762625242531,1518.7275711862674,81
2.5754431235162825,-1.9993100291804276,15.443470678831416,2.0212281565917167,1.6248641202324314,1584.4310142115526,81
2.537868941457648,-1.9923482618833852,15.977909991615702,2.0144246979763643,1.5889180559861038,1577.6855957031255,81
2.551554948405216,-2.035944283635992,15.7617408049734,2.048828177703053,1.5918275381389415,1598.295830335116,81
2.54229759919016,-2.044118065583079,16.015683384945515,2.060095571216784,1.5364548319264466,1610.620988384046,81
2.5234682597612075,-2.048203227394504,15.9902533681769,2.041725720857317,1.5306361160780264,1667.102026367188,81
2.46296551353053,-2.127298530779388,16.18921992653295,2.1102117111808383,1.497107430508262,1631.7880987870062,81
2.4075062902350166,-2.129097616045098,16.79001328317741,2.1873013885397645,1.4825115178760726,1656.6848465768924,81
2.388731223658512,-2.071375834314446,16.55437132182874,2.1022810609717117,1.3998687417883615,1653.7430342824837,81
2.406228493389332,-2.102552864426056,16.621611906352808,2.106186876798926,1.405111593321749,1663.6274414062502,81
2.4014928366008554,-2.082168019445318,17.17582397460938,2.0950951526039523,1.350739604548404,1727.8128597861833,81
2.380660395873221,-2.080639487818668,17.480037137081748,2.0706271435085086,1.354364307303178,1683.6533524362665,81
2.4087092826240943,-2.1497468672300646,17.36925932231702,2.1298166425604577,1.394564417788857,1724.2327354029608,81
2.407416181815298,-2.184086093149684,17.49225540161135,2.1953487584465403,1.419862965533608,1688.219739412007,81
2.388679371382061,-2.1560318896644985,17.88163120872096,2.181055995037681,1.364531223397505,1717.765989925987,81
2.351256942749022,-2.098982497265464,18.04595986416466,2.157765167637874,1.3078953077918611,1743.991146047493,81
2.338334321975708,-2.0862983653419898,18.810053775185036,2.0885932821976514,1.2956357880642544,1723.94728489926,81
2.329856486069528,-1.966596408894188,19.117343972858624,2.001875321488632,1.318593672074769,1810.8128353721215,81
2.319595575332642,-2.0690374851226805,19.43050842285156,2.092582368850708,1.3469961643218995,1805.3333007812505,81
2.3377999682175483,-2.089873902421247,19.50326047194632,2.150972598477411,1.3027709571938757,1800.2090711091676,81
2.302084551359478,-2.090417610971551,19.48380604794152,2.158042066975644,1.2784053187621267,1796.8629587273851,81
2.3200085414083387,-2.144659770162482,19.94298443041349,2.1520987435391072,1.2961745575854664,1853.6559576737272,81
2.275894385889957,-2.157976657465884,19.86803008631656,2.179525081734908,1.2310497409419014,1815.2841642680924,81
2.3254290003525577,-2.0678767292123097,19.930964038246564,2.08397290330184,1.2699844925027155,1816.594378340872,81
2.3556080918563045,-2.0805844658299493,20.097523257606905,2.050641534202977,1.3111311034152384,1878.41671720806,81
2.3526680507157978,-2.0461829336065995,20.385301650197896,2.027050109913473,1.3108071057420034,1856.1950567948184,81
2.38212251663208,-2.081414837586253,20.334876712999847,2.0142454473595874,1.304256106677808,1876.2071147717927,81
2.378715870254918,-2.1025538444519034,20.52092149634109,2.011757282206887,1.3320427712641267,1935.1789833470375,81
2.3764938153718647,-2.0666058414860777,19.906646286813835,2.002467226982117,1.2797553087535656,1924.0704795435856,81
2.3796587040549824,-2.011818206310271,20.106417987221167,1.9981439314390477,1.2826117546934817,1977.3488538240133,81
2.3345574981287904,-2.092883895572863,19.738859457718696,2.0492172617661324,1.2929948505602382,2026.9334588301808,81
2.305682301521301,-2.119162766556991,20.095738963076947,2.058413016168696,1.2846099389226808,2003.5527568616376,81
2.3415190947683238,-2.0398104291213186,20.68789490147641,2.0000155223043343,1.2706731181395683,2032.653962787829,81
2.3367826085341608,-2.0015323651464376,21.799595983404856,1.9985021854701783,1.23248120797308,2072.731971499792,81
2.3213013147052965,-2.0552798597436204,21.74299860502544,2.031140312395598,1.2936526913391917,2019.411430921053,81
2.237860838990462,-2.1312382258866966,22.108795798452277,2.046601678195754,1.320316346695548,2010.4796476665308,81
2.233522703773097,-2.108890985187731,21.700760389629163,2.0570577571266573,1.271883406137165,2015.257317793997,81
2.193032765388488,-2.1235504388809203,21.667669105529782,2.0788798570632943,1.2732625007629392,1976.2344482421872,81
2.186140522203947,-2.106845225785908,22.18677560906661,2.104070751290573,1.2328377999757465,2041.88160207648,81
2.159511460756001,-2.0733265199159314,22.174753801446204,2.0446210133401963,1.2146106274504416,1970.597645970396,81
2.211039031179328,-2.1193147834978605,21.651838643927324,2.068821465341668,1.22948514160357,1988.821747789885,81
2.220313341994035,-2.156051604371323,21.627780111212488,2.089331206522491,1.2039418063665688,2032.183047645972,81
2.242043477610538,-2.134608002712852,22.04219565140573,2.062467477196141,1.232056945248654,2054.651382606908,81
2.224083102376838,-2.0554235420729,22.894313410708783,2.004801423298685,1.2246927261352545,2139.5245271381573,81
2.428124846910176,-1.4735030738930934,23.260801154688785,1.4479191478930002,0.8292903360567578,2171.1410181949013,81
3.2664184896569566,-0.0321401709788667,23.03263126172516,0.0362319230248996,-0.4292202585621918,2042.2992971319895,81
3.4789639272187887,0.0080280911765597,21.371268724140364,0.0358775345314491,-0.1784378039209462,2282.4257940995067,81
3.520539765608938,-0.0612610303257652,20.29306978928418,0.0482956026337647,-0.1050005022632475,2220.644662314968,81
3.581318762427882,-0.0645813133371504,20.345416219610915,0.0511485425657348,-0.086371804616953,2196.333316200658,81
3.581481503185475,-0.0781066506316747,20.517585413079505,0.0550872745874675,-0.0691146437274793,2221.3380229749137,81
3.600311352077284,-0.0790874789419927,20.708927897403115,0.1257171101476017,0.0215980121957775,2129.544659745066,81
3.64174088678862,0.0064067516573959,20.38158863469175,-0.0241408198091541,-0.0729476829108448,2140.145308645148,81
3.608134869525307,-0.1104931073753455,20.233460295827765,0.0544297292828559,0.03663443632816,2243.836490028783,81
3.630583738025866,-0.0233013793826102,20.20084592919604,-0.0001751906385534,0.0326262316421456,2333.786041581007,81
3.635260634673269,-0.0375389005792768,19.661182604337995,0.0483872929146807,0.0172640542646772,2367.2237176192434,81
3.651239219464756,-0.0585451647639264,19.43601216767964,0.0241430953537136,-0.0177038500771729,2295.965721371297,81
3.656814813613892,-0.1767058819532394,19.487943649291992,0.1324239950627088,0.1525971889495849,2323.075439453125,81
4.102231502532959,0.1461846381425857,19.548303604125977,-0.0827913209795951,1.1013832092285156,454.5145568847656,87
4.065806646398045,-0.5155106925151564,9.696836196165034,0.4782800794066113,3.078465032067528,-80.90827203434421,87
3.85553629768086,-1.4834451892159202,6.035891405401383,1.6000922905570043,3.2452629861984663,-143.62350529145428,87
3.722911767143617,-1.998017302171432,4.443401999652067,2.049778852870757,2.83820551219471,-0.9442700217752212,87
3.730115402191081,-2.1646312902317963,5.33170709252995,2.229404497911586,2.6520303621649104,-9.400564966354771,87
3.754315132763296,-2.0253690895549754,4.672057360888803,2.106386836199837,2.624731781648442,-63.40506883101031,87
3.734565657090376,-1.9710271536985184,5.273565690147685,2.033875034454672,2.641968085804088,-36.9919337818329,87
3.720907049383072,-2.053762378539631,5.408661235462533,2.039427957432793,2.649533414585705,2.061643057328503,87
3.699284964066776,-2.129733465572092,5.751786400290096,2.077581312567155,2.5854145447838115,56.46452221385936,87
3.715331263720671,-2.0967953281606584,6.227046385168392,2.0915962629777223,2.549022970352581,91.02997017926712,87
3.675588811782592,-2.087624700311671,6.98656123972194,2.061821602245065,2.5839438973901108,71.57566429586979,87
3.6491695712594425,-2.12085070329554,7.955494039198932,2.1410065118004296,2.57656527968014,111.08076970717502,87
3.6853143850112335,-2.047100921365667,7.7247831069211905,2.0449986164582605,2.628865314677437,125.31565110313696,87
3.706381876838399,-1.940289608934984,7.465715938710912,1.945150040687724,2.655027199556484,55.55034939363043,87
3.676209647387744,-2.008851636539806,8.062797199596059,2.066149529288797,2.6308316279222623,113.57755083706256,87
3.656800610496399,-2.007632635493967,7.786960459010489,2.018263271148192,2.6365468208802576,234.80157095353192,87
3.626585060262425,-2.061005230255943,8.253893755336493,2.056160842671114,2.604993607271164,187.8756043133253,87
3.621038436889648,-2.0152446790175005,8.267472353848545,2.041579073125666,2.599635882811113,160.80654907226562,87
3.6275162977330826,-2.022429767776938,8.223564066351416,2.035512221688255,2.5622708491463078,201.6688132872556,87
3.608758821844417,-2.0268569668346545,8.21734640560048,2.0497815953219,2.589808868214408,231.19856841551425,87
3.584086432176478,-2.090882330654777,8.130822870183119,2.0792741074281578,2.54315843556654,261.16225543506664,87
3.585032426099726,-2.0520027971522694,8.832159827737247,2.02026126091493,2.5481458526244136,192.9715548428623,87
3.5870055731605084,-2.059665245168349,9.03301856097053,1.9895007399951703,2.5176665642682243,221.96837840360743,87
3.590379582369392,-1.9647273755966024,8.56493558220685,1.939810485763346,2.4987133518259794,269.0244067186976,87
3.5573359287996342,-2.0111691518263384,9.315648104417768,1.961060787267226,2.510193276532831,343.0884303128654,87
3.5307458645519727,-2.1224829551370386,8.841901758775354,2.050402654046043,2.494712582246505,414.5191544313483,87
3.531127864664251,-2.045990572893684,8.893235374899472,2.0102458420921776,2.4905196166930987,420.9241360751065,87
3.5345087153388857,-1.9999891959409664,9.28507110269312,2.003816778009588,2.474385873519163,499.58165279939215,87
3.5298976196962246,-2.0371585657252345,8.855489669636608,1.996614915164396,2.5104461187984857,484.3396647244208,87
3.507907103727208,-2.008795562274954,9.879963992113742,2.0187121967580874,2.472721880132502,509.9289650330567,87
3.522350575197189,-1.9967318218659589,8.936476834955066,2.033845408077545,2.466061838170424,457.6471076190153,87
3.5053429119089707,-1.9709447093188444,8.703391151632218,1.9779070124906653,2.4227509320101,481.6656407646955,87
3.489505387882498,-1.9856913841981936,9.21738632732534,1.9909410954796691,2.4350755966920903,541.5576645142256,87
3.468973257962395,-1.968847912900588,9.07503060733571,1.951667252708884,2.3847626517800724,576.3084034639246,87
3.4732732556082984,-2.0204688744111494,9.353765487670897,2.075139587575739,2.409220695495605,599.5568681196734,87
3.444102801103643,-2.060358094659081,9.02110246668525,2.059101734569366,2.387504353242762,532.5071900719628,87
3.4360732037753343,-2.049497392725817,8.935020793568004,2.0612381779573816,2.3803084572368767,613.6795017834015,87
3.419565022310471,-2.037262735519817,8.611105057007487,2.056768256712725,2.3639923072753746,564.9554629402365,87
3.4194548079036773,-1.978786797447001,8.41698267115629,2.078310761222228,2.3201297464217734,623.8793269682687,87
3.415157131970248,-2.001450309141434,8.868271771599266,2.050537565812708,2.345215880297084,585.8781996130303,87
3.422825787794144,-2.0326048014635707,8.70846852389249,2.0696468519017017,2.330543659587595,599.8300438539225,87
3.420336866123791,-2.0527737076907235,8.655253119647183,2.0809278245915706,2.366533618559812,578.4492308264748,87
3.412077514883032,-2.0613053673728903,8.243180178065991,2.064658594641456,2.385584252403382,535.534288375773,87
3.4145460830015293,-2.0349860318841784,8.316177051972577,2.0573647672479805,2.379932478787427,529.5947908615683,87
3.400826776728911,-2.0749461650848384,8.444143295288079,2.0414236433365764,2.345886482911951,591.8374131146609,87
3.405257845944899,-2.0176355698529416,9.112992577374294,2.017670804804022,2.3507111812020365,581.4015372373203,87
3.3996642375374866,-2.079204565700999,8.956511686192473,2.025208429856733,2.301294955340299,578.6198400813631,87
3.3852657991297104,-2.039798675373913,8.79648310615417,1.9842938133739527,2.319575164407332,624.3592480338194,87
3.346764476541529,-2.0295136867359997,8.929360598803845,1.9596174617502136,2.327992425245397,624.839293780811,87
3.343074083328247,-2.054460707832785,8.928890779056653,2.022907076034954,2.322307233504433,676.2233661508815,87
3.331119166338508,-2.0816274403250787,8.679800778149282,2.0696254987767677,2.3280490541203136,675.0941929128719,87
3.3481285572052,-2.0524103208021693,9.02498470653186,2.0587658448652792,2.3134962428699835,619.9377496892762,87
3.341745456909751,-2.015077005733143,9.915373164702228,2.012070200660012,2.2901854132585986,634.6922232071984,87
3.3328161061128827,-2.027717977921593,10.117912894264265,1.988702178001404,2.2997840190316263,601.1865231111091,87
3.334377653458539,-2.014394366167446,10.49986129393552,1.988725815864808,2.2765219249827338,602.1727709438712,87
3.330335168277516,-1.9831271311816048,10.227810354793773,1.9589338723350973,2.275063248241649,663.5125050264251,87
3.3217350467641085,-1.9413699663896609,10.445272251883942,1.9832615310495552,2.2991246998628827,638.6174195641499,87
3.330543196775059,-1.9621881214692636,10.57676496862728,1.993435646123427,2.326095772299537,721.0690549146676,87
3.329392276345727,-1.969922988172521,10.54573868940222,2.0040361983253367,2.3284689130630087,657.8801344601218,87
3.331946588455037,-1.971166019771188,10.544553083531994,1.9635879897816293,2.341525150492868,693.1639942842371,87
3.315113822406626,-1.9565432517923775,10.666166805328531,1.9440601847388528,2.318106027847943,754.0941583154031,87
3.3000353542878664,-2.013080020639348,10.98697030990519,1.974974263160624,2.2873080197502587,753.291712470233,87
3.2972212653746578,-2.041752154814368,10.965003834688725,1.9948145042766228,2.268629923223812,765.4627362419579,87
3.2937001021788084,-2.0192994459427616,10.54281399976761,1.9430514338182256,2.274082756297473,833.3217744062291,87
3.3236354901828866,-1.9463817945776136,10.54851497303356,1.9518576076323968,2.317521564463243,810.7915727747956,87
3.311587337504096,-1.9761550458357304,10.87369518994009,1.9805968222133616,2.2840449899275663,800.0131068918157,87
3.306513141183292,-1.973047508912928,9.987059200511265,1.9775532133439009,2.2837857779334576,906.7005579331342,87
3.307315470700596,-1.9402322998658847,10.208399655347195,1.9486715748985808,2.262735654963529,902.428524241728,87
3.301218184557828,-1.961289492520419,9.948753356933592,1.9907184730876577,2.266973257064819,875.0973122336651,87
3.2835544672879307,-1.9627483911055288,10.781246450495576,1.98163674030712,2.3195055028334024,901.2102879814928,87
3.2727677707366127,-1.9832710097817812,10.76543833482712,1.958718572708375,2.2944491712804784,901.9501293814756,87
3.256574623087511,-1.9610475167871149,10.578002725693,1.923482648191604,2.328976716587251,935.6379623005092,87
3.266291195058568,-1.989639201266243,10.496019771392334,1.9719199796411444,2.297432378014141,949.0301363531918,87
3.301762209856573,-1.972946174004499,10.492003058367231,1.92702036745408,2.316579595606595,889.0738225110717,87
3.290554412546005,-1.998616159280991,10.558952994525118,1.9625604579792932,2.2949143871266577,926.0998479669748,87
3.291729726893379,-1.9769957575568544,10.647911204373772,1.9435801767410448,2.2594318122149786,911.8497546190883,87
3.2567904836991257,-2.0375111460048245,10.975308270377903,1.9795533903142344,2.2465609012440564,861.2341742694072,87
3.239370275946224,-2.052552643944236,10.788314258351042,2.0119005301419426,2.2338744472054874,857.85792092716,87
3.221823067588602,-2.037514782206898,11.472130663254674,1.9676969134233853,2.211006033229318,856.9789050097131,87
3.239230395638369,-2.0069207074170445,11.648203671297289,1.9827555628383864,2.1875022299149456,900.8619417404744,87
3.2251819187307107,-2.0342731424831446,11.467692650575684,1.9909305464137677,2.1971490995131715,928.593265309053,87
3.237169875180657,-1.993795061493939,11.482905500075402,1.9828173980355888,2.225013145150985,980.3896902155748,87
3.2413277855531417,-2.0032022050357754,11.570283910169954,1.956409371472934,2.2324170518048945,946.80281793115,87
3.241937424409836,-2.0160376643114546,11.407012449866306,2.0463719304232666,2.226261639977521,969.473913182549,87
3.2325262946878524,-2.012801957002936,11.88189390253893,1.988572830184896,2.255245676652633,971.576426786535,87
3.222057364203714,-1.999938878146084,11.576157309792269,1.9426600824702864,2.215226606889205,961.2880526455972,87
3.209210775752756,-2.0055074054289626,10.791523673317649,1.95927994965232,2.197912672624231,996.2851885627298,87
3.182511548944973,-2.0618191096871925,10.723660973941582,1.999405463111592,2.1972217955053805,1031.9102528617984,87
3.159569936640122,-2.0553829669952406,11.17622824276196,2.0108467971577384,2.17582015430226,1091.641651826746,87
3.169605377523657,-1.975021427327937,11.22941913706733,1.9731665193078356,2.1661519507035853,1113.932052530707,87
3.132686641764514,-1.9565235797096707,11.4538973385,1.98808484026455,2.1297935075300902,1119.2954245174635,87
3.121676674501144,-1.9498649191728887,11.55504579595066,1.948052991520275,2.139856727365504,1163.431081843249,87
3.109280301925333,-1.9407720744291093,11.221428254071414,1.9480371507093872,2.131281968744044,1115.1341885653394,87
3.129395245230772,-1.9430876919292508,10.896811694384894,1.978358396871842,2.1624127071809,1116.2034396411264,87
3.0999640525981067,-1.9811226269778084,11.232935961555034,2.0505041668121837,2.155339897635149,1104.1209390405666,87
3.097083062411629,-1.9691976385320584,12.203731082977445,1.977018766862188,2.1641028411885626,1076.477786467038,87
3.091467719664548,-1.97240987627264,12.080375803983156,1.988483546889401,2.1248009115616906,1104.7952626274223,87
3.1229781632754894,-1.895690979167102,12.06242845402682,1.9027823375508108,2.117416049069899,1160.0410769865475,87
3.0983245691513632,-1.9524418064617213,11.950171123851405,1.9606819191080995,2.1453083989454447,1087.277715835982,87
3.069831273135017,-1.930601197130541,11.956726410809695,1.970643969143138,2.0998296737670907,1131.6615780101106,87
3.068778433264258,-1.930738523044688,11.894355146642676,1.994483194886682,2.05670306261848,1150.5435425457476,87
3.0682903789581464,-1.9453415092937447,12.440454799223712,1.9735971708348727,2.068723901707858,1134.4145951704545,87
3.0618564215573403,-1.9777329509908488,11.966626514088034,2.031503796577452,2.096718246286565,1136.3628706498585,87
3.080233933453892,-1.99292469407148,12.382679929070296,2.00355056517902,2.0827937457650743,1250.4524102032508,87
3.0725726724308444,-1.9478866238007573,12.394102458647865,1.9613593083651948,2.0823596607555044,1270.0426293031417,87
3.05205972181922,-1.9223015461376016,12.308645192314614,1.9550035006222235,2.1088253049289483,1284.6242029526647,87
3.0430011864014497,-1.9126480422555443,12.582262003485535,1.91134062170345,2.13471853541818,1301.2659533495555,87
3.018523972302197,-1.93539504443898,13.057483632296805,1.9414783493082792,2.119119227251267,1322.5019119997075,87
3.04937104362855,-1.946407258829331,12.84994607813218,1.9449666120151785,2.0665047181481344,1308.3869752934909,87
3.034545085009407,-1.9136752183424603,12.9849825517379,1.9406835949994667,2.0936558845846416,1290.6464425969243,87
3.031137242036707,-1.95085687497083,12.964644151575426,1.970962264958551,2.073208037544699,1365.5974192899814,87
3.0157964025589235,-1.940085143328988,13.474337078033283,1.925477509192604,2.0528821868692493,1369.426507144051,87
2.9945860584789425,-1.9407116984301056,13.309745212289751,1.945626764373984,2.0225104584413427,1310.5369514016527,87
2.974716002928382,-1.9858585474962855,13.253487102488156,1.97003596160501,1.9783582974245209,1370.5898117636611,87
2.960605845731848,-1.999602723249141,13.598613183128638,1.9519785738246345,1.936231806316478,1316.0731540618726,87
2.9498905141085863,-2.019091040055382,13.812319934049391,2.004326699251797,1.9608183544587323,1318.5117135277403,87
2.9357800381706363,-2.047311590317098,13.555186557259784,2.047914786772293,1.9355547440880745,1317.4690359187014,87
2.91527287717809,-2.023363915356722,14.076648834554918,2.0117613568025474,1.9307542357215255,1357.635945855614,87
2.912628641740524,-2.011545849356422,13.818811238130786,1.992164673652241,1.915617328914092,1406.9684882342492,87
2.898655652999878,-1.9854150685397065,14.376386902549047,2.024075638164174,1.8594184138558127,1416.5590487393465,87
2.85396786552062,-2.0645662616280958,14.732405167849937,2.0669893861454445,1.838375053941248,1484.1973511394956,87
2.8281369489782,-2.0638567559859324,14.893009297987993,2.0895224739523486,1.8066692632787364,1453.02108226103,87
2.820870403299995,-2.0488918796580107,14.60689670644342,2.0459295772613686,1.765365215546307,1496.390395220588,87
2.804781354047398,-2.02743181187839,14.332890908348364,2.036210182516334,1.7408156057092607,1513.5341470483777,87
2.7869347467779475,-2.0523235440891683,14.455698467193423,2.0379171830447604,1.7477881239059774,1559.7245989304802,87
2.8130051745450437,-1.980117459985662,14.522554525079574,1.9716626310093528,1.732766459969913,1535.033792587525,87
2.76771631342842,-2.025872790239712,14.016713484085818,1.9890792694958772,1.7405355333644437,1579.1263133982286,87
2.790573618628762,-2.0051504290677653,14.824485528915323,2.0011433496832214,1.696677248108197,1527.4876526205285,87
2.7464341989813006,-2.06907684280273,14.48155894763967,2.0469117942340875,1.6561165474315378,1575.8970320594506,87
2.7334054549110127,-2.007417190521158,15.146041365230785,1.996630704339176,1.6648897665707187,1610.795892562458,87
2.7198002351159083,-2.008551843663588,15.904170337207796,2.023138447878833,1.6915039008951454,1582.1852811925544,87
2.6865524429688485,-2.011291961618922,15.858892196002476,2.052048236928521,1.6363066294614013,1634.932131517381,87
2.656085715574377,-2.006970587898704,15.857324768515191,2.003775568569408,1.6007892244002402,1702.963788200827,87
2.5869849480409672,-2.00082004070282,15.96386455597087,1.9586472422043908,1.5822852531218912,1709.8295624268883,87
2.5952800225446566,-1.9625335262420984,15.901156966061532,1.9597890491791603,1.5754962579451786,1756.6052977210068,87
2.5954967106089875,-1.9712803268177617,15.7934269063613,1.9498330310066745,1.553869839658074,1765.870737983581,87
2.553618734533137,-2.026469599116932,16.283499284224074,2.021329446272417,1.5442825555801394,1756.759121981534,87
2.528492910976716,-2.0283280693910988,16.17749766997474,2.026480044910616,1.518387254546669,1815.0533094763125,87
2.4841537896324604,-2.014768488904373,15.725580378649692,2.009109438421893,1.4772404884909571,1718.2074764476083,87
2.450212017100126,-2.026102542239713,16.351696636587537,2.0004997929149773,1.4807224178059215,1736.6577043992322,87
2.404150037204518,-2.045697822927791,16.98802619566892,2.073125458018665,1.423315303848389,1809.04042485691,87
2.3801759207312445,-2.080177173257513,17.164039479219966,2.08854309760313,1.4124976619679677,1801.1813409978715,87
2.3590622190485675,-2.026179613276597,17.281757834123415,2.060542118103108,1.3910941867267372,1798.647938774233,87
2.3535358344807342,-2.0249124555026783,17.449408811681415,2.0552107726826385,1.3310728914597456,1760.4586253446694,87
2.365226530136272,-2.04824468796266,17.75157625534955,2.064520600007817,1.3390815226151982,1787.2347229330296,87
2.3374763580567057,-2.051266121991816,18.47836051777724,2.093411054203219,1.3201548836447972,1811.4309904537083,87
2.3713105872353126,-2.038119418098327,17.893623097057656,2.0627242549855445,1.2997299528376938,1820.7422664866729,87
2.3644122223165582,-2.0771206202991506,18.821378769084088,2.0743867114265973,1.298408457939638,1796.4036401758858,87
2.344690693890986,-2.0826994021308605,18.795144004617796,2.0840096843433886,1.2955910114043514,1873.7814928350576,87
2.3185979809990536,-2.0505394565867863,19.367896136115583,2.0816154275985963,1.3208605841519367,1917.1648654223768,87
2.3281526030066177,-2.06036189405676,18.935479026427245,2.059578416181758,1.2957388143488433,1898.3750326391207,87
2.253232203702876,-2.066312777167336,19.340120968334176,2.087913444335448,1.3001339849941234,1856.360017337901,87
2.2415845878621474,-2.0294084931439875,19.79904169704825,2.0538780791236744,1.340761034246434,1844.0310567764047,87
2.254362496462735,-2.0335945432836344,19.256054964932527,2.002230882644653,1.337787075476213,1936.6933704723012,87
2.2517905235290527,-2.111302473965813,19.629783405977136,2.0278878772959987,1.3134830208385695,1932.8868049172795,87
2.2373540567204264,-2.0276775423855766,20.248874592908557,2.05628998139326,1.2809250743631384,1912.6943339791508,87
2.3760868942036257,-1.624250765152814,19.94498127412029,1.6054609790843002,1.034385366873322,1926.5414164334068,87
3.3978245551573387,0.0646083266897648,19.572892285923253,-0.1263429818943877,-0.4816228967299458,1618.3515331247872,87
3.5314883471810243,0.0785452702386495,18.92109435382374,-0.0068809586492456,-0.1441223551245303,1805.237532508564,87
3.5741348827586448,-0.0195045356842917,19.679560095231164,-0.0689621113918038,-0.0094322586023727,1878.0041836825253,87
3.5773767851253253,-0.0776756943308104,19.866585593810075,0.0148027203080645,0.0799719781719437,1932.960146980491,87
3.627565292113605,-0.0063595587442464,18.40964678392054,0.0589798381900722,0.1530015659512293,1949.03151959914,87
3.6774642824489177,0.0400482372724469,19.160606445475636,0.0256639125154242,0.0437507219911398,1896.7076951297188,87
3.6925714423949705,0.0950098670022995,18.071802108683084,-0.0297709164473611,-0.0142299263454218,1840.9388088287535,87
3.699478275635664,0.0349376725560858,18.00553302458901,0.0035782343344385,0.0798931676037792,1863.9245990610343,87
3.685583044500912,0.0371966756715929,17.76518249511719,0.0259296337471294,-0.0041993080693129,1991.5184038947607,87
3.698750716479704,-0.024531489268026,17.59628118423218,0.0145926505904946,0.0151519390908755,1947.413962624291,87
3.7178867985220494,-0.0216077953816122,16.506758419587655,0.0965693268905047,0.0222577772596321,2128.086681671964,87
3.751502008999096,0.0118698780026451,15.662381921859986,0.0419183885628844,-0.0124359680588705,2041.7715046112576,87
3.741698038131795,0.0410274421387832,16.37265065647062,0.0371054333440442,0.0372460078208981,2028.133228975183,87
3.698969169096512,0.0222495597871826,16.03845856406474,0.0711817578835933,0.0642543997276922,2101.810125177556,87
3.692513493930592,-0.0072970446498006,16.914996856036705,0.0895282576348696,0.0394449666003,2097.872665650065,87
3.6847438225771656,-0.0214786630342994,15.033535503448643,0.0994378976165297,0.1210093808604443,2285.5709352544304,87
3.692627774202885,-0.0272731206076061,15.37323718657466,0.0465439622583617,0.105739904398268,2177.7095274899766,87
3.683276849634508,0.0319519694396513,14.77695472737687,-0.0026824259084666,0.040899051502745,2223.3612040963385,87
3.682186694068705,-0.0311773089881246,13.969323576452922,0.0157924710528894,0.0402925331245128,2304.1139340324203,87
3.725001657710353,0.0392471871831796,14.367524259230636,0.0674855220405476,-0.0022287944003048,2261.091351677392,87
3.71386898137669,-0.0312647136217165,14.52607278262868,-0.0118426347878458,0.0065809881543775,2187.8731839593106,87
3.69717744327484,-0.0305356941644064,14.52841781167422,0.0006862133168641,0.0038963867162164,2351.113685975099,87
3.714394559197248,-0.0435600413437829,13.502637909057956,-0.0247899824006369,0.0011493011899441,2302.322137679645,87
3.673909865598629,-0.0047111057422335,12.63002378290354,0.0048644810660991,-0.0213868094379102,2244.320770753261,87
3.6880215438292,-0.0344133082637809,13.72037611160689,-0.0184914614646666,-0.0060293522967223,2206.578474891377,87
3.667039359954589,-0.0765971823889325,14.989924471646043,-0.1172204572647666,0.0281376231581292,2424.2842279933984,87
3.684024860514677,-0.0912707908985448,15.024838784161735,0.0038270906499773,0.060229075584501,2507.8684591201536,87
3.713307579570913,-0.0497400587334976,14.161277704697916,0.0218721613447242,0.0517605821636834,2276.6847700639223,87
3.724887107145341,-0.0393582678619089,13.901202788327474,0.0158801428415833,0.0197619217383168,2346.6070928726585,87
3.709414575189193,0.0938778643142752,12.519133231219133,-0.0346445293429722,0.0233369592457694,2217.0828628948,87
3.6754190921783447,-0.0117905661463737,12.401540756225586,-0.084004396572709,-0.0246196910738945,2296.532470703125,87
4.077398300170898,0.0236339047551155,19.479040145874023,0.11198640614748,1.144626259803772,450.5902404785156,89
4.163517334422127,-0.1770481735142203,9.441858145708592,0.3049178712599265,2.941942756944667,-99.09494214500884,89
3.905156797398635,-1.216284001459841,4.247548896758282,1.294656448676938,3.2990749247087154,-63.70853923318168,89
3.75041509847172,-1.9928122113962643,4.9186818795126,2.0803070850059635,2.7895123802247594,-27.131485040070626,89
3.750924903838361,-2.065351961740379,4.252193148670301,2.100476039563372,2.5730466230319498,-42.23776149228619,89
3.763471934313331,-2.028459182853907,4.86644842846146,2.021876173592656,2.6567485892707534,-20.9856221662845,89
3.753198725278261,-2.1171769822230107,5.264950861696336,2.127806378192589,2.6111668250599847,-44.49374627285314,89
3.7395375739029846,-2.0848816913333748,5.8145105434897175,2.102432954506796,2.571913601922207,25.72138440283271,89
3.738501776762999,-1.9860011879863635,6.137600122253752,2.021806405541675,2.648188734315132,99.6286722402103,89
3.685723722958174,-2.007481918960321,7.862740594832623,2.0519875542062227,2.631213098275857,70.43943323854533,89
3.6811799221351498,-2.001211436719842,7.318473096753731,2.0482927502178754,2.6213377043197714,33.92085953748949,89
3.670838319538721,-1.9838042402528024,7.402967609342982,2.020361473000115,2.62182773918402,10.325382878871489,89
3.63692810887196,-2.0392467819276403,6.847025511694738,2.055608038042412,2.581964383359815,77.86502638019508,89
3.6254894577088894,-1.965393696326376,7.124452924467827,1.9564842871629475,2.545590712073071,204.02126408144423,89
3.6526040496721945,-1.9869186539467567,7.102329462603794,1.979578694359201,2.590259680982496,174.14856740816035,89
3.672761666970175,-2.046741931164852,7.356179440607793,2.07159966328105,2.576696778907151,134.90021589935816,89
3.6271002917993274,-2.0721203499153016,7.219983314555852,2.1154372418513065,2.5903051316412418,245.07529587042131,89
3.621870099521074,-2.034777496681839,7.024802192312772,2.03474143163754,2.567058895455032,253.4090000840484,89
3.614226333430556,-2.030567266901986,7.661172679213227,2.02425163300311,2.6247676395979083,249.6631444712156,89
3.603216554297776,-2.138155594549544,8.449304455616437,2.10981331757509,2.540223194601757,226.6589273755013,89
3.5867254512557567,-2.111430853442416,7.785975378067763,2.104688835925743,2.498358628788932,308.1497667656574,89
3.5912905052059987,-2.0342175217925527,6.9154825679591445,2.025913887336606,2.52674319314175,278.0565330630443,89
3.599319753751077,-2.075153401640595,7.751472848360654,2.044574061378104,2.543571302799579,274.7902883727688,89
3.5855759649328847,-2.053623944683804,7.93866403506753,2.0352593758067146,2.5146525557575328,258.0287123716592,89
3.5788942399572155,-2.076322469554964,8.055804205722495,2.0853368962397343,2.494707525753584,257.8607462898627,89
3.5719973480766587,-2.08754273060241,7.916567567919122,2.059154841417824,2.522526429650562,246.4521716175183,89
3.531461073401196,-2.0345293524486774,8.127549197504429,2.034926572132632,2.4507327926614897,245.37432477773868,89
3.5311037438814754,-1.975275694346819,8.007054751036598,2.0463612118705377,2.457730887366123,242.4278549444484,89
3.495838905292782,-2.0766799254495583,8.14831731619079,2.105317793257249,2.453157363693571,264.695553138608,89
3.508630265303648,-1.918114291514204,7.519820948116114,1.93517958987606,2.4062097033516303,341.3993331825798,89
3.4934881007085083,-1.9488315093712725,8.785780828507221,2.011054398583584,2.4288226111990507,351.24052104011946,89
3.4846122447258785,-1.9905817300244115,8.504106750905187,2.060138364958633,2.439594792538001,335.92968800028814,89
3.465031683770685,-2.0627960220712125,8.549641155805743,2.067765687984195,2.431473853158169,366.07019693343335,89
3.466319361671073,-1.9958768711715449,9.557838346137377,2.000121382416272,2.422506375390975,324.01422469342344,89
3.4555140753261377,-2.0261875384492303,9.32897120616475,2.043100513395716,2.3556534592571152,389.2515640675696,89
3.454474314965837,-2.049485430691412,9.32065629177406,2.060774863091974,2.3873549354532377,431.87472367417,89
3.44074055796764,-2.075037088550505,9.096460123531154,2.0896951331466926,2.4106635812853203,409.9323775494688,89
3.442626498436016,-2.0592376547432987,9.00116309702722,2.110998914541442,2.4031644245314467,356.11793976663904,89
3.454851322486752,-2.009541946682122,9.23143594251956,2.0176821680016848,2.4196704241747407,384.3904947583142,89
3.446987882989352,-2.055590203550996,9.975347769064989,2.022358394059979,2.398083366331507,387.2360764800527,89
3.4262415268382087,-2.055495376795368,10.131416299955438,2.060687001285657,2.3922025076027125,364.5105318997079,89
3.437468905266517,-2.041634594807859,9.576099572937348,2.0012085431260487,2.394455019893542,408.6687610396923,89
3.4421828027631416,-2.021389093555388,9.759386469106204,2.0024579548444903,2.39457835916613,415.6612253658108,89
3.429193591810966,-1.97861716786369,10.22010591642453,1.9599038668668995,2.389290378393371,516.4237617534367,89
3.4320759786282733,-1.984887747165284,9.98604298159073,1.959354010436053,2.3999207671222798,489.5569988313263,89
3.416803668756954,-1.9918115334432631,10.878215477114818,1.972165309014868,2.422020697202839,508.07954481781496,89
3.4200459998813484,-1.935458096650128,10.381472196735334,1.9616897282053205,2.383218528143044,511.1672816875853,89
3.417564627902755,-1.982944909340697,10.880593440571769,1.9794185050849704,2.3803761383223403,573.6141807681224,89
3.3867815791583453,-2.0332409475670485,11.005283543320951,2.0123052987896037,2.34444673334966,604.4354418144857,89
3.4112192424920087,-2.0178040103182773,10.073379798013647,2.004891346061165,2.3395426989904515,683.5405243420207,89
3.406114682473772,-2.0237117256623147,10.307292385830904,2.029952868737809,2.381405563302379,656.5029873874015,89
3.3895893683199025,-2.094036504870556,10.64569798453909,2.092798295568248,2.3790688671049525,572.5149356029077,89
3.3804689235374576,-2.0516179975916127,10.314472031723604,2.0642446364209954,2.351975831829133,671.2523877086534,89
3.391068591446173,-2.0098820553451286,10.39345359802246,2.04761193358833,2.3273165121755968,649.2154677761054,89
3.413609919000845,-1.989887925445055,10.81657869307722,2.0252770048673026,2.356124229118473,639.8894353147396,89
3.3859972615059606,-2.0503513721820434,10.365288270627214,2.0559090747207893,2.354698074319975,625.6208879648011,89
3.354748728496781,-2.054161527769162,10.860520857930826,2.0535715030190724,2.3621822784507214,669.0317532898953,89
3.351561972352325,-2.047750082172331,11.06319665127113,2.0428540393954417,2.357140521534153,681.0733712618459,89
3.3459616567267747,-1.995462073654425,11.514183372747704,2.013846095142469,2.339468553418018,670.0707564223661,89
3.346392473887876,-2.037952840002509,11.699668780050636,2.0529609899051864,2.340159038376938,652.0657141847038,89
3.3354903713601534,-2.0579800449433896,10.88492590482118,2.057977609947082,2.3331790204908014,663.2161374951977,89
3.326505819956461,-2.011529723803202,11.044956843058268,2.004591345787048,2.3307273387908936,694.1434529622397,89
3.34644367395203,-1.984168410301208,10.791902062671433,1.9897233873117164,2.347625009349135,736.6266272706415,89
3.332685458855551,-1.9524368770786973,11.02416485645732,2.0124800361570765,2.326398603251723,717.3797877577483,89
3.3336380713624383,-2.000304224061185,10.947375573747143,1.9911563565822248,2.347320629599316,674.35419568338,89
3.3257680733998614,-2.001633393959921,10.937026842044352,2.0315146850106505,2.316020441836998,688.4629836785992,89
3.328542654631568,-2.014176173288314,10.452608014716478,2.025041396500634,2.3129994009361896,688.1813114353864,89
3.316224236305946,-2.031882756394765,10.975995173219774,2.024274588934058,2.2971201008134847,699.3843503858217,89
3.2860077860576857,-1.9839510819951045,11.2332864146415,2.005075482071423,2.300507381314137,696.1055571342426,89
3.2841313666984684,-1.967350246476345,11.447042324503917,2.0058265807198694,2.2601760567211717,774.2938202404591,89
3.2640888195871653,-1.9773532985989517,11.389941418757202,1.985902539367884,2.2574614332021907,787.6968397130084,89
3.286916048800359,-1.9749475737087063,11.315943624152512,1.9749930510755445,2.295041588486218,784.0830468349772,89
3.259596484606383,-2.004701630013887,11.216450519249095,1.9966415655417515,2.2452887198964104,822.0300042824667,89
3.2768621757382257,-1.9882757552985937,11.678584739810129,1.988181033421083,2.293710003785097,823.4542706599001,89
3.252939096565455,-2.0310842652138463,11.335930360470964,2.0427788163794847,2.2704751739085047,838.5066134760289,89
3.2305290308155,-1.994176235355313,10.95009609910308,1.959424505468273,2.2538566550270462,867.2704277663936,89
3.245551966578583,-1.9650141398111984,10.858852261402568,1.9518537918726595,2.28423099700219,939.8372315787216,89
3.2502696006024467,-2.0027779464513227,11.319716245098848,2.006576067762948,2.253164773430329,946.2720036741164,89
3.225218937045238,-2.0181441776088027,11.629577902496845,1.9833965809618832,2.2526618379061336,909.8868438220416,89
3.2233540816385235,-1.9965126586090671,11.520497280391842,1.9993412494659424,2.265635463057971,972.59889196177,89
3.241743911159494,-2.0194799144411344,10.90994593093956,2.0086590592327016,2.221671450984934,992.525752500106,89
3.24677119489576,-1.9888102343825056,10.776131301629748,1.9832711845147812,2.2557446448529355,978.6008000608346,89
3.2380727757521663,-2.0327559234014627,11.294174632088083,2.0676406902042244,2.273480240764514,952.1278709870217,89
3.2255075876830053,-2.0536951966624453,11.499767746430276,2.073070109216243,2.2224909151838124,969.6876260726178,89
3.236898078293097,-2.030387972222,11.323032816902538,2.035273309613838,2.226620306734179,985.9749275582736,89
3.2269469453988826,-2.0082000735027545,10.885854168667816,2.0585838198010387,2.2114027002470085,989.5503049756664,89
3.2192103497969,-2.037591654094842,10.961320439323051,2.091598896380982,2.1703745146266757,1011.866983382428,89
3.179218796432995,-2.0648618174380946,11.76806498355553,2.097860617715804,2.1713753293772213,1010.4329743932508,89
3.1830623814317045,-2.051809540211828,11.396117507434289,2.055072297163999,2.162340672289739,1039.5027555872186,89
3.182265728549228,-2.004444734646324,10.85713007150452,2.002381580123485,2.1345551443881665,1030.963168118171,89
3.181862569246136,-2.0375594115648115,11.23104156431605,1.984652616938607,2.1485110384518986,996.078184034004,89
3.178976382062735,-2.0425769657385136,11.35737381606807,1.9999063679429343,2.13529592263894,991.9467163085932,89
3.171415513981887,-2.0207099875465797,12.02209792632224,2.0023595570215127,2.127981781308117,1027.9952389242872,89
3.176800892001292,-2.051645564251261,11.767355496766134,2.017554308547351,2.126358016592554,1066.7471823770516,89
3.169407733802587,-2.0622986678868696,11.531312113902608,2.022955675594142,2.0925775642603472,1078.2748456444244,89
3.1406146776480752,-2.0109741544462945,11.574885628913924,2.000090036887289,2.090301335183649,1143.544575008538,89
3.144296317804056,-2.0054881103703237,12.230711796244638,1.9996601343154907,2.102347776538036,1104.8657806896774,89
3.1574438868976027,-1.9813022672152916,12.096053842638351,1.967423378444109,2.047020540862785,1170.7653375010675,89
3.133516302525671,-2.0157351858628907,11.98655330157673,2.0054241855287818,2.0231397555825508,1188.3162521612426,89
3.109570694751427,-2.028852513579072,12.139216438668672,2.018267127334094,2.024092814961418,1228.1862292680582,89
3.080300450976429,-2.083754057441253,12.337120275028418,2.029486210619817,2.010143135414749,1213.354110634392,89
3.068125004325408,-2.1224146540699103,12.220260979699306,2.0115514270594863,2.0504043375859493,1185.5499914617487,89
3.060377398475272,-2.0701647312914724,12.096054030246428,1.983573596985612,2.058480743502008,1188.471675685194,89
3.025867670611605,-2.099030225003352,12.429654871831172,2.044262591606933,1.989286166722657,1234.0856560045263,89
3.028944592658288,-2.090895693158843,12.93799785968384,2.016179673658694,2.0174901446358104,1252.3364351199623,89
2.978680583297229,-2.0688431536565064,13.0745313206657,1.9856858624786629,2.000782743829195,1260.5859415023058,89
2.961441746174964,-2.0778771345732645,12.02790573516178,1.9950666818462437,1.96137509450235,1334.64986432185,89
2.96675725973369,-2.033020179779802,12.371614450965437,2.006813354179508,1.9389779802228575,1359.4539854956456,89
2.9491827214350472,-2.047671345413707,12.583154271860586,2.004537474913674,1.8836452394235328,1324.199198738473,89
2.934260649759261,-1.9986321580865996,12.730811369223655,1.9805543787492437,1.9278813470256797,1391.0292234994029,89
2.895683842278569,-2.0549931825835848,12.203519956661705,2.0251650002484767,1.9114913790603805,1358.531665572703,89
2.8905384618727887,-2.088295272139252,12.760197623831331,2.0370250256335143,1.893516450631814,1359.8036569063777,89
2.8717247228153413,-2.0729962945635854,12.990980007609377,2.0043344947158315,1.8742916505844869,1371.6255729967131,89
2.8678999546447086,-2.061783050578801,13.337107814726284,2.0564605368942512,1.8391213358425709,1443.600621291196,89
2.842498845741397,-2.0987052370290287,13.817775757586377,2.0665395142602128,1.877395526307528,1413.4773209368582,89
2.812629000085299,-2.041295740773769,14.042459685945772,2.024172256553108,1.8138667481844544,1407.528398357454,89
2.7877027441243656,-2.0233247201950824,14.207732695699391,1.989751458819447,1.7879516765719556,1437.267636825478,89
2.7948393352696157,-2.032373666763306,14.061444016753647,2.001488099332717,1.7995456339883018,1450.07912357518,89
2.749985610201059,-2.058869988540481,14.401206089499237,2.075839850420508,1.7781131769138605,1402.5919216135158,89
2.7325682640075684,-2.018457544305937,14.388523284203371,2.053453553569773,1.7330164049492496,1435.2359685845715,89
2.666081698214421,-2.054491125169345,15.39776406522654,2.0534424078269065,1.7283315130921653,1522.0744008548918,89
2.725179767348076,-2.0207335805632374,14.229349636640704,1.9909332710537095,1.7024079658946054,1500.4465972400103,89
2.691766818364461,-2.0176931222279872,14.574010213216134,1.9885334968566897,1.67502228418986,1509.6724853515634,89
2.6440520286560063,-1.995713179228736,14.260734182889337,1.9863808663164984,1.6792051459922164,1535.8205766521526,89
2.6377342229332417,-2.0679129603130577,14.01403491223446,2.038578321373528,1.6739649629332327,1585.9313591295258,89
2.580398680733853,-2.099476785607675,14.37730299319074,2.090883787863892,1.6399546177660818,1537.146179532744,89
2.579737983766149,-2.0584751973386672,14.259073507590372,2.0615652271958647,1.609167067731013,1530.0105020491803,89
2.556593328225808,-2.0358338877151567,14.294879121207158,2.042741242653685,1.56159158612861,1555.787741739242,89
2.5292856693267813,-2.053695802480147,15.237276327414593,2.109086607323319,1.507413457651607,1526.5919476285003,89
2.4537090004467568,-2.039622392810759,15.572716838023709,2.1135504714778226,1.4653701450003935,1598.126504866805,89
2.444655715442093,-2.037824269852353,16.05102841319934,2.104983783159101,1.4119460146283838,1579.0255300386343,89
2.383799562037317,-2.0635179887052444,16.151780706937195,2.0982011081091043,1.3877626481603402,1593.6778624487706,89
2.393765093850308,-2.0040807645829,16.095677469597497,2.0189870654559523,1.3342290549981786,1630.8884337378329,89
2.3845918282785044,-1.9965186366618,15.99348392382347,2.049089724900292,1.3224936417543174,1613.9004700040548,89
2.339004784985318,-2.0214007200439115,16.41370060404794,2.0896822872057634,1.2810050314241428,1633.0384034537242,89
2.3527114234986857,-2.081950891213342,16.20308047435322,2.067484949455886,1.3384601170899464,1642.0726038197986,89
2.3396856081290323,-2.101351662411716,16.415572036159496,2.0995200748652056,1.366191440592698,1618.7764885907616,89
2.357021317455938,-2.1249722392181223,16.877857124870594,2.1462835327523653,1.341484942722842,1702.0234501739671,89
2.362779808826134,-2.101625876348527,17.410782579515804,2.0986592222432625,1.3407428108277868,1679.806638623848,89
2.387302672276731,-1.968152274199524,17.62003837126851,1.9951231779296568,1.304936431144755,1711.684683044101,89
2.3996697423236624,-1.9551199870031384,17.698923767590156,2.038634495656998,1.3006651453633131,1773.6147874509056,89
2.3754989827265494,-2.0182559646543936,18.722153616733262,2.068987834649009,1.2929942920559776,1734.7564857357806,89
2.336741945131229,-2.0472981447730567,18.436432228713738,2.053900094631591,1.3012891388981722,1729.418073476989,89
2.3129589570676043,-2.090376367985876,18.828891712459708,2.09825891744895,1.277468497635887,1757.076565435023,89
2.2820782739608005,-2.1432878150314583,19.143679728273497,2.165682018780318,1.252272680157521,1762.9319267898316,89
2.2764931493769582,-2.115160869118945,19.53998655308791,2.150193317340371,1.3165004513954208,1812.0584703455872,89
2.2869778773823723,-2.1306571895307505,19.965252412472896,2.1381587930064376,1.3170008900387022,1824.943511462604,89
2.2532501767893307,-2.144104508102917,20.25982081303831,2.1867713107437385,1.2763356439402846,1921.565261590676,89
2.2682072530027297,-2.1673544782106986,19.81708154522005,2.1987664035109216,1.2828212930856504,1900.61107264451,89
2.2680820050786767,-2.000536677615888,19.726854866319687,2.052986812721834,1.2336796137804535,1914.0429333963043,89
2.2864499834717287,-2.043428712203858,20.237910661541036,2.093344633696512,1.2556461818882685,1919.1271112160584,89
2.308366000326606,-2.0538350311133358,20.184761089053957,2.0719035323200305,1.2642346490276304,1981.418507727118,89
2.3035356868160237,-2.079876495840768,20.5123905015122,2.0270698070526105,1.3009293691708088,2000.6045188695384,89
2.3240711337230247,-2.0077437885472027,21.084984294703748,2.008599722971681,1.266516527191537,2013.2656310034583,89
2.330288412792436,-1.9934643064040287,20.719107977028106,1.945143738079592,1.2430261099924818,2004.5502776265805,89
2.366050441408418,-2.041806171500619,21.19463768422279,2.0260133013699235,1.3246087396079742,2067.8273098638165,89
2.3653199360018866,-2.1843686924606094,21.27998746027712,2.1404569149017343,1.3465052764923848,2036.0082247374476,89
2.3472206371078066,-2.150689626652037,21.70966441253497,2.1159651344591177,1.2991417613837246,2102.951185216018,89
2.349859425278961,-2.0430389206266137,22.19741854641607,2.012199035107764,1.2737516549115615,2113.231757492316,89
2.335161642950089,-1.97879400800486,22.38522323233184,1.9486891910678037,1.2346598926137702,2091.756952004354,89
2.311519848192975,-1.9697297557455575,22.19457156280352,1.983456201240664,1.216418904033514,2170.715710916155,89
2.3095280107904657,-2.0574679114128056,21.96344897786123,2.037637403102518,1.2705925911502098,2130.825866365691,89
2.3017274668959318,-2.057459452113165,21.8083818466937,2.067513247005275,1.2367450819640844,2173.9837186219247,89
2.297567544739103,-2.0300490869198997,21.287895004605986,2.055782005435131,1.2214414656487973,2169.882065403006,89
2.2920435178475307,-2.069582348964252,21.612426622317788,2.0657976429319107,1.2464281444341103,2127.930909537225,89
2.2296774543699667,-2.0780900853579123,21.76970025359608,2.0880584130521664,1.2332729472488646,2146.7598536757173,89
2.2626140430325363,-2.105016402208089,21.82484184848808,2.1019326950031574,1.2639822881729872,2178.1672136483944,89
2.233123583871809,-2.157000642005209,22.254275316749137,2.1382442067881087,1.30658951352854,2137.6659889429648,89
2.264351500839484,-2.008704377002404,22.552722086671924,1.9633837254320996,1.2340279192220969,2243.9436315317625,89
2.2952926693066877,-1.9779888788859048,23.358845882728463,1.9383562712070064,1.2228620228220206,2247.1539339993165,89
2.263781874557662,-2.0561987207235544,22.99355504812438,2.055714207268803,1.2981855940949074,2224.948521014771,89
2.2288752891978287,-2.061167498103908,22.849270836251687,2.0312310867622263,1.2687525788291545,2205.33719822618,89
2.197671844659608,-2.061676856598565,23.628712586366422,2.1152684792794765,1.211144472731917,2234.3142196571885,89
2.1831879211905245,-1.9927420101530573,23.6683425694867,2.0358373688869773,1.1370137773576372,2251.4499978654376,89
2.308225135334204,-1.7531905740988023,23.943682905103344,1.7653239652758703,1.0401373495821074,2260.0447737897034,89
3.2998974831377934,-0.0311840034084823,24.080530114512637,0.1185985360640557,-0.4242683583921484,2135.435996467299,89
3.476252086827013,-0.0297404788638072,22.972235695260427,0.1199992709065394,-0.1033103764464268,2324.650714811731,89
3.518458530551099,-0.0595358389078562,23.116482218758037,0.0353732263577748,-0.0948959454649811,2308.6327404584963,89
3.575566788188745,-0.0533661295563173,23.28157245656832,0.1196440330864275,0.0227404237302436,2387.344622502563,89
3.5973022791857274,-0.0942655991091111,22.084674168154176,0.0664795027852387,0.0052400042043365,2295.159562574711,89
3.543430856016816,-0.119258668090475,21.495778005631223,0.1105826112334846,0.0464494968230138,2491.866206935195,89
3.6083123644844446,0.0039112694062754,22.36076029793159,0.0631441877432158,0.0310608561817388,2536.984567110654,89
3.607204349965997,-0.0289768671484618,21.48119007173131,0.0578165742991066,0.0507945225172016,2557.4774136569326,89
3.58380126953125,-0.0263343304395675,20.859420776367188,0.0653576925396919,0.0216178949922323,2333.67578125,89
4.115230083465576,0.0170115903019905,20.56722450256348,0.0323222912847995,1.1162341833114624,470.7754211425781,93
4.10093375650376,-0.5227577802554475,12.231916941897406,0.3752506184659859,3.0718960250235354,-34.32820826425602,93
3.8099577264635975,-1.5397041024962022,7.515271301668976,1.5484394240753814,3.2280124294820256,-18.452291159105556,93
3.7510913354564086,-1.9835122742578,6.270232475240817,2.013282602370097,2.8582321623857108,22.648414941358315,93
3.700135030047432,-2.1045067247920013,5.964033915734416,2.1605524717201114,2.629925465708628,91.3393482388002,93
3.7059767995205215,-2.093400839111568,5.375664026949418,2.118891920718847,2.605995199443158,100.79181307647866,93
3.753991651285381,-1.9879468791771933,5.3925260473920416,1.9802317669254323,2.605823883835558,40.44978799869877,93
3.707601046687021,-2.038868869162355,5.703955815100545,2.0915100237461908,2.645732221803116,23.53032060880317,93
3.704987055344107,-1.9568235799280136,5.38313633983672,2.0169919791646027,2.631412497365662,73.49028338686958,93
3.700782006947782,-1.884289879449375,6.040764853592317,1.9451553209913963,2.650357632112753,110.26901912189903,93
3.6760599488363215,-1.9386328284028935,7.124742557865162,1.997188868947054,2.682412518256622,111.80935345395072,93
3.667525190333421,-1.9204027477983403,6.721260979537564,1.9519861281230184,2.6454408580720115,217.42429259934343,93
3.6393078272255295,-1.9731331938848449,7.277412833967758,2.00506276360357,2.6519642250700146,139.92349882275647,93
3.6339367085102334,-1.9600974614707587,7.223848952048735,1.977868606906911,2.5912775419145357,135.78396095156046,93
3.648547462143823,-1.9259656536641545,7.173358348027572,1.936751482374381,2.611526969839765,109.39056728023498,93
3.6173734702364935,-1.9421125176065253,7.658932860609124,1.9503411547675809,2.588933082151163,104.44998895934752,93
3.5848522910272886,-1.979428791250858,7.151930833986293,1.97829089551696,2.5354374865586844,154.2356620109518,93
3.6066891547897098,-1.9108558206658088,7.090625902745112,1.951146148262224,2.5849435067301645,108.7384937546017,93
3.605386418197792,-1.9417225821480075,6.908901494210925,2.0117646199870483,2.54234640885398,70.81523775430242,93
3.5874342144471814,-2.0121458113505577,7.40158728155166,2.0189978377357205,2.516527398094457,163.22848031408506,93
3.577424468794418,-2.010666723650788,7.097974367790822,2.0318053979524144,2.53047394627676,180.2191358636187,93
3.5924228573344763,-1.9593350063443808,7.346796814683844,1.9481200653845103,2.537949634472113,182.01749999360888,93
3.5870675815961746,-1.9875660953721448,7.927888350961098,2.012580366658915,2.549273505884939,165.9781543671772,93
3.548066865711312,-2.0736739935051083,8.571696546065246,2.06189812041078,2.483887080746796,257.0988895755788,93
3.550767983441577,-2.010540280666651,8.257366160447685,2.047248742967376,2.490990473961955,245.78289874810824,93
3.5314212307255928,-1.9946148607743348,8.461552105648979,2.0196214321396115,2.5211958261060463,277.0043138434126,93
3.5204870126634367,-2.091040171877876,8.516485603692018,2.083997855011705,2.4782065608738604,323.2086742461039,93
3.54921791316327,-1.998208888538221,8.658368015788612,1.9989313124362087,2.4951120246767373,301.75354754862377,93
3.578765977739664,-1.927070706302583,8.309294755546208,1.9308234977472516,2.5008366145388616,337.74997619309335,93
3.5576773201607907,-1.9998163590256457,9.392283404684814,2.032458712293216,2.53013858370756,293.1235119884553,93
3.5303650251857897,-2.040572660755737,9.639163731280425,2.06021284557762,2.523825965002569,296.9195030971348,93
3.5113516877458983,-2.0850268196685158,9.408160713954745,2.077096247548208,2.487840409054182,318.2254681811907,93
3.490174761617371,-2.117083309832668,10.00643758124706,2.076881423670584,2.442924930163079,425.1444083807981,93
3.5219600874716077,-2.028274065536978,10.020053913455984,2.055402147832341,2.446841787917452,382.3011971518632,93
3.5006736610572378,-2.0155322364487573,10.40820670003042,2.054829272924293,2.43274125004314,386.5449696485908,93
3.5066696399169444,-1.98436816200536,10.17037059124852,1.9565981507925465,2.490512724322174,364.56626676389686,93
3.5070661424966385,-1.939613500814787,9.294760369505552,1.9417213432451816,2.4633918619904844,441.8546409407207,93
3.48689142322041,-1.996685514899449,9.748953394864868,1.9739352102679109,2.4325784039122897,444.15797608060967,93
3.45862696557769,-2.015717661193528,9.577101692479316,2.020255151219393,2.39795546257059,467.8755424459566,93
3.4621977369198627,-1.970374465612841,9.138197244773984,1.994945480561381,2.386679538257459,447.1491218287284,93
3.481806383083004,-2.002323608747952,9.66185972203759,2.0165542807254493,2.3992228245859994,435.0990257063461,93
3.4482992207192624,-2.033259736305756,9.708687887141842,2.041688333631186,2.3669623442345267,414.8150767381279,93
3.4490322030651632,-1.9777445868047745,10.172782268823754,2.0029629081955758,2.341976265632669,419.0980619260778,93
3.423949197948915,-2.068202117350713,10.570940936423096,2.065961978822479,2.380529347514607,438.0016359658764,93
3.413308224752935,-2.0300981399276496,10.891230258642066,2.029528369454189,2.3707809111210687,495.01613229481967,93
3.431159873283346,-1.9985944712973391,10.55620487073329,2.021339339111488,2.4340851381811173,482.97027028668,93
3.417954312569184,-2.032448647534036,11.040671772981812,2.033112954094772,2.4096922599832427,483.1272175574177,93
3.415838653504536,-2.0273642240394474,11.02260452789786,2.032956651368066,2.4379522014038724,498.2289085188461,93
3.391671665051845,-1.9836287105270705,10.43056577912176,1.9900777676966803,2.390562082460413,533.9800657901465,93
3.4127705434229987,-1.9738043577883255,10.755213582702956,1.937637588116511,2.4286375008328425,471.4639775940261,93
3.4102512117455768,-1.917522104622806,10.61251601373962,1.9141035354574312,2.422894771186469,517.5644361885429,93
3.392414300229537,-1.9206627370175264,9.795129466431304,1.9516485673594848,2.3943005694144683,566.5523077680176,93
3.392444499500135,-2.0391295967301777,10.237745185172995,2.0553790686642315,2.3723137590897645,538.122980726951,93
3.373004035799916,-2.1010826844819546,10.279489936628886,2.1028143105082475,2.3357558687319933,591.2553292319407,93
3.383265395439108,-2.083368554789358,10.183185847017771,2.110246346258992,2.3569024108467302,588.1238313844694,93
3.372118551693662,-2.0296579430864745,9.628252219155202,2.0423398766842187,2.298606674084488,618.267082493966,93
3.361551251086889,-1.989356494698849,9.540754078570462,1.9948482045328424,2.3414340493566708,623.3630156991366,93
3.3607196183728925,-1.993961678125471,10.010014089614314,1.9965243008748397,2.378720549388706,622.6354855841992,93
3.3480672624098693,-1.989674706733664,9.805912277461346,2.0159523299851343,2.348645548545877,631.5327956913651,93
3.32210158053493,-1.9996098404779488,9.577099495533252,2.023987820011159,2.322967709047008,674.2145922595917,93
3.3324287012609517,-1.9629509979517676,9.265586793110632,1.9577537868659536,2.328461916658891,653.4133412625779,93
3.325605503551623,-1.932139643823913,9.927905117654053,1.9120959598980647,2.35369840092684,702.9845708877003,93
3.33329063809979,-1.9398972076895349,10.24963784342661,1.9169044706833924,2.324626930097011,688.1401133911772,93
3.338150832041396,-1.958351783103344,10.396442203621593,2.009115405107668,2.3489046196662944,704.7089054447194,93
3.316203258424529,-1.9661716547311916,10.606751836407248,1.9970979547001304,2.274244221093143,786.8812815082011,93
3.3038270473480225,-2.0327711392447587,9.819735082656305,2.0436536741506366,2.2556528034010483,721.9341251712821,93
3.298843644676408,-2.0465870352939786,9.766897201538086,2.072665429240122,2.279690233200633,731.8356265722143,93
3.3034037595019914,-2.048437142247305,10.139275785516068,2.0665618686775886,2.298102866916756,725.6396762388539,93
3.3236265194977763,-2.056042933339224,10.202557349080193,2.039774536462355,2.3283931147989803,773.4290193088391,93
3.295582989747612,-2.004298404873353,10.358097356027333,2.0072601815168767,2.3132091716946106,720.180466257465,93
3.289386855370087,-1.9956421296633984,9.798785933649349,2.023560720588525,2.308787699145172,744.7140470974109,93
3.271987806440024,-2.032111617283047,9.626338908809648,2.0159492018335152,2.2490592602035764,758.2494679396068,93
3.271545009463245,-2.027195408706265,9.86685604075486,2.0070323357407336,2.22133004977441,801.9179959122432,93
3.260458961207205,-1.9932116557166215,9.841661732858388,1.9848477384806928,2.2518065038151764,829.3425251426501,93
3.2573489194141008,-2.0070465684561203,9.822793171667929,1.996283056848336,2.244693653745801,898.3732680076085,93
3.265884086099595,-1.9826043763085808,10.116013082534234,1.9720236662170652,2.272678960680338,840.8120657236786,93
3.2570362016168564,-2.0559608811483336,10.570276210445382,1.967852500096666,2.2619154528173477,878.4554782088517,93
3.264966656400271,-1.9924002498856388,10.391094657139003,1.951048927781469,2.261673692633344,874.6637768171221,93
3.242466885381968,-1.993198697479608,10.724847893440288,1.964470264799308,2.230424837292177,913.9712978183288,93
3.237036903491195,-1.9613459272534437,11.073602326877454,1.9581985916766824,2.215175849604981,912.6862735448708,93
3.2359430340572177,-1.9898510534725888,11.02354005743696,1.9504357682472748,2.2302241824684343,899.5834366563727,93
3.2219937721472136,-1.9806808152123891,10.40103677679731,1.9512087112946035,2.20829575348899,935.6966690143364,93
3.193027359028761,-2.0136488994378694,11.15885944266594,2.010768453488175,2.1374906257809143,987.4595103638336,93
3.191336672967641,-2.039395512086559,11.49985111695934,2.0193360800518416,2.160748911153584,1002.5008353188396,93
3.2136606483559333,-2.013594960667076,11.50032608671338,1.9881680130334425,2.1692360333747263,1037.2185946958853,93
3.202853204068089,-2.054728797593042,11.374317014404625,2.047091676302605,2.142234572565368,1025.7182725836471,93
3.181753716543707,-2.0462650016964425,11.272234042901644,2.0550111351212914,2.155749533188905,1033.7350543756131,93
3.186635703940666,-1.9869511221091785,10.65283488727989,2.006374281738441,2.173252925822872,1065.5824217471772,93
3.1735225223121843,-1.984808354477608,11.161681569683614,1.988181730839594,2.1598109699668684,1081.55046233332,93
3.185231245000949,-2.009748800886863,11.486277725059944,2.0006938529888374,2.163858679576693,1072.3633349353734,93
3.1821914405722893,-2.0451737086810367,11.224651017114128,2.0467851186922084,2.1238177297002983,1083.278496707297,93
3.181031654018382,-2.046103332679309,11.3066803597655,2.037844171074673,2.109012996963181,1119.6320238363055,93
3.176186102223022,-2.049585756831144,11.319097024608034,2.0297833275420505,2.1530103733402277,1128.6374812101194,93
3.161560165944524,-2.0776440410713874,11.687782746959108,2.0249405805977228,2.137016170311973,1211.2059390083036,93
3.1553047027887478,-2.0883943298100176,11.465925036924672,2.026528872744575,2.180405858923628,1208.9809122934391,93
3.125824890835747,-2.079302055049317,12.269849946985694,2.070857454968997,2.163648815055168,1244.1584830558736,93
3.132502758066068,-2.031657353745705,12.300261772115816,2.0359987575970395,2.095139334963254,1258.836152241492,93
3.152071226329704,-2.002155778919839,12.412751332627542,2.003679885290056,2.1195604901039165,1247.518166107657,93
3.118323186305181,-2.03225000491317,11.621737260468969,2.0529754511348868,2.09696802793373,1262.982830267302,93
3.126421119530164,-2.002183605863161,11.832828172214366,2.0370679226221213,2.09357469743459,1252.990757168276,93
3.100916953611124,-2.0578402973594465,12.044565200805662,2.0483268954991045,2.091257262604399,1238.0435311681938,93
3.122348976384907,-1.9978759582130077,12.029239389908875,2.0134118601913853,2.1343392439537645,1251.595310710488,93
3.11405800899286,-1.924267070455701,12.482328984125743,1.9745333375731065,2.0869497578805656,1274.7795825578778,93
3.085392118124438,-2.0003937994622425,12.581132204744828,1.9762464087671003,2.1025997419007787,1278.443229635348,93
3.076729185294106,-2.012713784322689,13.365894322620012,1.985643513539699,2.0884568965871915,1279.938011928379,93
3.0922453877813525,-1.9515331490501688,12.964920613154067,1.960544687915223,2.1048189058353763,1275.2321547263575,93
3.1069092763031967,-1.9409803539046444,12.998348281021515,1.9371645282076309,2.090446401016875,1285.8433940148475,93
3.063944379696672,-1.994890179309544,12.733495222960467,1.9715603746044683,2.0544180195993165,1300.4340903397,93
3.033964653913888,-2.0311243022299563,13.17579944970095,2.0533178614072147,2.0383305998996906,1376.3401409368869,93
3.0180193903558545,-2.0045837981538623,12.75580423165366,2.029492419427602,1.9960892475088232,1391.65702076857,93
2.983437414568757,-2.0213290946021747,12.894972901069671,1.9920757222550076,1.974033677765213,1400.0149616021758,93
2.952220126596421,-2.064179807433282,13.523468162376822,2.0487271491145567,1.9614697370229583,1390.9739204127138,93
2.9877063117102183,-1.9908215500297344,13.05333351215143,1.9789155047601417,1.9532066090568831,1355.5946709597906,93
2.9499926017841114,-2.05848021906708,13.467660080075888,2.009220086467203,1.946029541380118,1399.2505892608808,93
2.921317578610325,-2.087278237517592,13.5711593228485,2.0481057060950727,1.9421168765472496,1379.2782301977668,93
2.917822188731887,-2.021603284705996,13.674828469441197,1.9819808942485235,1.902571800491572,1441.7209811385408,93
2.9373447720292973,-1.9820896405824195,13.499597194931264,2.0057107147746067,1.9462823705523424,1444.5230367770373,93
2.945940035175903,-1.993891142425737,13.374752593914252,1.990799964410473,1.9174170974661544,1473.653993296998,93
2.963538178598694,-2.001375257656836,13.284062066003292,2.026438328608167,1.908982926014206,1488.5681292948295,93
2.911729108600716,-2.0483094609844748,14.19291648065856,2.014282633496829,1.895420358443135,1549.0510675719895,93
2.8509297033879144,-2.0613817282372127,13.70004149132374,2.027224097576441,1.8531009476846425,1560.5594444075173,93
2.819938462442128,-2.055974039107717,14.096299610836972,1.98723555110512,1.809528483146148,1486.1516662917209,93
2.846729161227561,-1.97067248946085,14.236998168585815,1.9800196380515376,1.8089056470631304,1545.948989308942,93
2.8542774260356163,-2.0338879567790404,13.871047309555934,2.0239399265868503,1.805836933445556,1537.4523120500655,93
2.839808000944048,-1.9932773756107112,14.054531666620866,1.983543558894652,1.76239845577959,1543.9529345447484,93
2.8111893793675287,-2.002559490852956,14.935907204113708,2.015087282470384,1.7907093151701683,1589.050491093341,93
2.748263753521505,-2.0632142159327165,15.58828313937362,2.0828160028807154,1.7900318518983132,1556.0337572347432,93
2.6907419484323234,-2.0305560596326258,15.165975455838348,2.063030496317679,1.738401223851748,1612.0282116635308,93
2.6748043741855323,-2.027351416842476,15.250383566811449,2.0601309981021583,1.7251613770479932,1593.0937640604548,93
2.6843651651711986,-2.035411377851876,15.16186011648927,2.024022320802299,1.6788138275995304,1627.6303877106511,93
2.670407606044989,-2.019885899508811,15.45667605874426,1.979698954452395,1.6697367929039202,1619.3650343330744,93
2.6530148308938712,-2.053232584948315,15.42495411478412,2.0248620584997203,1.679100968450776,1576.5365968075098,93
2.5582677356859778,-2.0639372371254168,15.432916975770324,2.0527970516244776,1.606804535651082,1612.7673052243535,93
2.537738983543756,-2.070742427366566,15.502573312889218,2.0424227939226243,1.6039956439852088,1606.4060659358638,93
2.549785118452541,-2.053191339782395,15.894098436645187,2.021154466099764,1.5690735023059148,1653.220723576571,93
2.539886755468958,-2.001155898209017,16.21495995846094,1.981043399316478,1.510878858766007,1714.1829303521763,93
2.499877347996098,-2.006433705384818,16.134899908335424,1.989677365537713,1.446223831925717,1708.8828764111583,93
2.485449784713265,-1.9961646146175125,16.27994106951808,2.004738039995363,1.4336609322363167,1741.160400390624,93
2.460586451735172,-2.0510264416639714,16.235841821001458,2.033317004198804,1.47517293285949,1740.7171643641605,93
2.4643832588695105,-2.096530586012996,16.509784498763956,2.063513984230801,1.4712956182619663,1685.0495944197894,93
2.425769314091867,-2.133717568132889,17.28883270942728,2.1587785788231493,1.44671539798457,1710.5466506718335,93
2.4438561419541927,-2.0832131295928167,16.852215562191294,2.0976125282766938,1.433349176851242,1780.5988616144475,93
2.4528831000103373,-2.038375088057593,17.483258851535656,1.9991422766790352,1.4012896896032774,1811.389091132198,93
2.410396718229922,-2.051655116505647,17.835653025442376,2.060620737325458,1.3797322424294445,1763.325467574035,93
2.44739135023187,-1.9982387682530256,17.76994680234899,2.039095767505505,1.370040464775724,1764.7309972952814,93
2.4503485082955883,-2.050375673783388,17.91014116097496,2.092979739473753,1.3421711372455378,1818.059177258876,93
2.422292654426934,-2.010348413627185,18.522601552034555,2.0202036478132475,1.38358068840666,1817.7326730458517,93
2.3955686878783538,-2.0986537671214,18.871335384109244,2.12212968496752,1.379797506082744,1852.4444580078136,93
2.414862943569403,-2.109489336063725,18.451507658234444,2.134955428657732,1.4142232771319247,1870.7741833432176,93
2.3703024824252297,-2.141083015821367,18.899884788153685,2.1131656669197287,1.3835271016465436,1905.0782981992388,93
2.349240984592138,-2.0953257807886407,19.255580772280062,2.0983282258997407,1.3505376558653348,1959.1496735418025,93
2.336910089273103,-2.0426768345358486,19.627175306150427,2.050749451702178,1.3393656321220997,1975.7004273100051,93
2.331810393258539,-2.146688918168632,19.27584658118443,2.149352712781017,1.3509375718251573,1907.5953695087533,93
2.318005963769883,-2.1783161125882136,19.47108165880772,2.184124463515756,1.3406176155150251,1879.9027840978824,93
2.3151327677422167,-2.1706029956877537,20.17960403602161,2.174197469082178,1.362649173636711,1916.4946212369111,93
2.3384466720501167,-2.050139571983776,20.55197284358958,2.0660788975460984,1.3305663444608915,1935.8808120807432,93
2.3479031979725624,-2.0275782459069296,20.618847841991805,2.013935164631349,1.289254035001026,1945.1646613475536,93
2.346746775492324,-1.980608011415492,20.365564366285717,2.0056782455344475,1.2994036218882856,2004.5395277732327,93
2.351484231299755,-2.035432413610488,20.377120152817973,2.025890176832988,1.3602746712599751,1987.5996196007848,93
2.331291679312421,-2.055579738467152,20.663363311927355,2.0406546380507384,1.3301199543538518,2011.7377552611665,93
2.3364519511217847,-2.1425422960551,20.681163608091666,2.0941645774541726,1.329426327925078,2005.6696719823708,93
2.3699541928256367,-2.072806418254113,20.830614808966352,2.042890950647324,1.327046055444248,1979.1994942070928,93
2.4004522356063283,-2.071619025075623,20.74285595079991,2.034283535642773,1.361911808008923,2004.7664449801616,93
2.40799020098142,-2.064994876921489,21.87840409803141,2.026862087050034,1.3533473757549108,2010.2404900196336,93
2.4324921700342785,-2.069109940404043,21.71541866082796,1.9734682755944617,1.35902937794231,2057.833871252249,93
2.4091830291049017,-2.066820942294535,22.206797524896597,2.0228086004706576,1.3856680299599131,2100.340096838187,93
2.411813601149314,-2.100534560168601,21.99325870094499,2.085438715849872,1.381029989706908,2146.7270942408386,93
2.400019719338542,-2.118526110474352,22.50768753371313,2.077855304897768,1.3983928458228785,2111.6432479139394,93
2.370222603463377,-2.137388726179512,22.081551337117304,2.070945507568839,1.4327659294867388,2167.437027057428,93
2.3244218913672485,-2.1084297115266,21.910100377667007,2.027805942515427,1.4224075291169251,2172.492279532069,93
2.3308462285246527,-2.025064547024473,22.316144144347824,2.048762014399024,1.3705212495713963,2253.8977574852743,93
2.356470043122456,-1.99364443724068,22.03878782182464,1.964089370522824,1.3314891660400705,2246.812277589168,93
2.3480828407547243,-2.0724708497212205,22.07678922683156,1.9977183516737056,1.328301643201818,2276.748380491248,93
2.3452637233035096,-1.9794027355953052,22.416819727233577,1.9531100582702008,1.3209018245417417,2286.2140717032057,93
2.3046232131139157,-2.0340196012826484,22.93469426020278,2.0331655297603897,1.3045096578398283,2286.304944422856,93
2.287746270913729,-2.007698543408777,22.768102645874016,1.9732566279266512,1.3280579962655512,2286.313130164021,93
2.323227230791024,-2.09522344803935,23.130131267128192,2.048328744179292,1.3426780113999135,2337.936279296876,93
2.339091077524955,-2.1050994883033005,22.871137738851967,2.0793348943999925,1.3426619131527655,2337.9188890706814,93
2.376936118640201,-2.098647243689493,22.8827145062192,2.034658564322908,1.325504272396027,2341.436174482575,93
2.3472822711105743,-1.9966455298568548,23.239334915320917,1.999885405545459,1.261061696481954,2373.1898621564137,93
2.398812564879813,-1.9299597858758448,23.213559095772155,1.9354392595940184,1.2234338415854875,2409.236103157724,93
3.2540889660101326,-0.2003870088392476,23.98679466647001,0.2675612884042098,-0.2871938332213202,2177.2711571498694,93
3.502149206181472,0.0180229051184901,23.0098125397847,0.09247619377849,-0.3134976300893637,2302.16777829475,93
3.554185296852552,0.0139807340596355,22.342621438790378,0.057747335568148,-0.1191581113566279,2289.645230438074,93
3.562633267247864,0.002590703363507,21.45415255162102,0.0475340101536344,-0.0783485137121214,2217.1985566304,93
3.5168966185984183,-0.0169575742167959,20.566860358752507,0.0997981712690198,0.0694201940875405,2368.907098740184,93
3.55220548145434,-0.0047646340041263,20.80326653525467,0.0520795065402522,0.0030525255825185,2292.472082327796,93
3.592842068347631,-0.0834677372693394,21.349779967862275,0.0937678117246534,-0.0084683539745689,2462.032978157723,93
3.624746089206316,-0.1871277247579933,22.53086490531242,0.0179356105372075,-0.0098890696910668,2363.036761698298,93
3.622456273483356,-0.0387278555341416,21.30619518419835,0.0821222029041245,-0.035471936239232,2377.267984599968,93
3.64198514054583,0.0272195154693737,20.3267822265625,0.0925123297965339,-0.0726341096908634,2435.344789195436,93
3.5978786945343018,0.0182355120778083,19.610496520996094,0.042914155870676,-0.0762039348483085,2422.201904296875,93
4.146237850189209,0.1053895428776741,19.202943801879883,0.0216515120118856,1.159541130065918,376.9806213378906,95
4.067336047137225,-0.4333797596670963,8.85619029292354,0.4724687139193217,3.256721752661246,22.61868906021118,95
3.9137443436516657,-1.2469930825410065,5.9194906729239,1.3943992853164673,3.379093161335698,68.56993611653645,95
3.771379974153307,-1.733498454093933,5.025691774156359,1.8930923144022624,2.9834101729922824,34.908173243204764,95
3.736852690025612,-2.0147765477498374,4.9967977735731335,2.165314692038077,2.703068265208492,42.016146907099966,95
3.7480563587612576,-1.9915743271509807,4.809456012867115,2.012676843890437,2.704794927879616,47.94672958939164,95
3.725402328703139,-2.038967980278863,4.580232832166884,2.058322376675076,2.618780930836996,43.28328196207683,95
3.676316305443093,-2.076557256557323,5.652754112526224,2.099340403521502,2.659605617876406,76.97653735125509,95
3.676446658593637,-2.1016003202509,5.404683077776873,2.055784340257998,2.6230084984390825,67.13028264928747,95
3.6923769315083823,-2.0181301037470503,5.741095860799153,1.989496390024821,2.6111032962799072,26.97627321879071,95
3.673116957699811,-2.023616834923073,5.106711211027923,1.9967366059621172,2.6144671969943576,131.81809149848092,95
3.646447632047865,-2.113326169826366,5.82808091905382,2.1022297276390924,2.6144454744127064,129.65234459771048,95
3.650022851096259,-2.0574708779652915,6.294989479912651,2.0848258601294627,2.5828256607055664,178.0538363986545,95
3.6407825593595153,-2.00185380158601,6.020910757559317,2.027353083645856,2.603055715560913,141.41775060583043,95
3.636842241993657,-1.926367057694329,6.279292989660194,1.904961453543769,2.6255965850971363,152.9945870858652,95
3.635172684987386,-1.940049038992988,6.537700441148545,1.95405113697052,2.585229953130086,180.57080417209204,95
3.623246122289587,-2.0107950546123363,7.1021693194354025,1.957805386296025,2.5400615533192954,226.5087110731337,95
3.596848231774789,-2.032124501687509,7.1064859319616245,1.9823685178050288,2.5591747054347285,192.15649753146704,95
3.5877977212270102,-2.0594465732574463,7.783078511555988,2.062791347503662,2.506482442220052,182.57335408528644,95
3.572438575603344,-2.07808174027337,7.280169875533492,2.0740673630325883,2.4731853008270264,238.88672214084204,95
3.5620981410697654,-2.07989881656788,7.107264836629232,2.089773540143613,2.4552249555234558,275.8162649649162,95
3.529561201731364,-2.0890734990437827,7.0123945871988935,2.0825036896599665,2.415306488672892,239.50808715820307,95
3.572645363984285,-2.024115968633581,7.34010632832845,1.9997731138158727,2.483634454232675,244.85843799732356,95
3.590397225485908,-1.9795929414254647,6.998782829002097,1.9608179595735336,2.4999728997548423,201.3041754828559,95
3.531940619150798,-2.0796518325805664,7.227462980482315,2.0664184888203936,2.476193639967177,288.2840474446612,95
3.538692597989683,-1.9854090876049464,7.187927175451208,1.9805645324565748,2.4918554270709,256.73044501410595,95
3.5451476397337736,-1.994159490973861,7.692072338528101,1.969064893545928,2.5064625828354448,220.3173726399737,95
3.52306866645813,-1.991606593132019,8.153202056884766,2.0417842864990234,2.4498538970947266,271.7395324707031,95
3.528256389829848,-1.982575805098922,7.720654664216218,1.9873168115262632,2.508701660014965,349.0231424967449,95
3.525838021878843,-1.9795545074674816,8.961078855726452,2.0458116001553006,2.454034584539908,334.7461287887009,95
3.5178008609347877,-2.0099449290169606,9.396259943644203,1.9961615800857544,2.450275712543064,367.0064324273004,95
3.5112527741326227,-1.982461280292935,9.335920828360097,1.9697900392391063,2.4906115002102323,291.84849152741646,95
3.491613229115804,-2.059389096719247,8.651937908596462,2.0154215406488487,2.4941033875500715,307.0190508807147,95
3.4910222689310717,-2.059861103693644,8.546485053168404,2.01953313085768,2.4510093530019126,365.5587463378898,95
3.4728285559901484,-2.072100595191673,9.519694575557002,2.0731550675851325,2.4334536923302545,319.87872427481176,95
3.473641271944399,-2.095121728049384,9.020135879516603,2.0923387032968024,2.4088925785488557,371.42002020941857,95
3.485158602396647,-2.053436597188314,9.458740870157875,2.057517608006795,2.417328357696533,369.8273417154949,95
3.4938692958266646,-2.046597392470749,9.535110897488064,2.067447785977964,2.458583363780269,366.4046574345342,95
3.4760893185933432,-2.057722056353534,9.693175845676,2.024866845872667,2.4459752948195845,420.7244906955295,95
3.446930673387316,-2.0497951772477894,10.158911599053276,2.019050611390008,2.451882309383816,437.7356804741753,95
3.4413911589869746,-2.020465047271163,10.276159992924445,2.0044694741566973,2.448641150086014,457.7700907389324,95
3.434227016237047,-1.9816811614566383,10.41140697620533,1.9779414468341403,2.450163258446588,397.3420534487124,95
3.425359222624037,-2.020366668701172,10.182090547349718,2.013238827387492,2.4144541952345104,455.5054151746963,95
3.434606808203238,-1.977791636078446,9.581076869258176,1.9846134671458493,2.402083034868593,457.4972183792677,95
3.408465023393984,-2.044711112976074,9.862716109664351,2.017803139156765,2.375569944028501,477.98411616572616,95
3.3818812370300293,-2.0885313351949057,9.59556007385254,2.1105443636576333,2.3613038857777915,475.4125874837238,95
3.3762529691060386,-2.055956293035437,10.656575874046045,2.052855412165324,2.342918404826412,545.8348592122395,95
3.36963982935305,-2.00409640206231,9.84091596250181,2.0237506937097622,2.3325769548062927,597.0743114330149,95
3.3760511345333524,-1.992771135436164,10.267587025960289,2.0611587365468345,2.359143680996365,553.1544664171006,95
3.3580635830208108,-1.9884488847520616,10.458874455204716,2.005005368479976,2.375584602355957,548.1755755389177,95
3.377335133375945,-1.9837635358174643,10.639408676712602,2.0225547949473066,2.3709029180032237,573.0314376265916,95
3.393230305777656,-1.943480491638184,10.359050326877172,1.9902620845370824,2.3469037744734025,544.4996948242189,95
3.3735809326171875,-1.9446569327954888,10.285172215214471,2.028271745752405,2.342305324695728,574.7058851453993,95
3.368001708277949,-1.9719477980225173,10.904596893875688,2.0311555509214045,2.3882025171209267,553.3923904984084,95
3.335923194885254,-1.986220479011536,10.029598236083984,2.039719820022583,2.3614189624786377,563.8005981445312,95
3.358808437983195,-1.967021889156765,10.066148616649484,2.0021890269385443,2.3577921832049333,614.2556627061632,95
3.3405006903189203,-2.001607365078395,9.777334283899384,2.0440615724634235,2.326440855308815,625.489603678385,95
3.3302786350250244,-2.0186974340014987,10.395035637749563,2.046761804156833,2.2890805933210587,611.2655910915797,95
3.3339725423742226,-2.0031250141285084,10.73618726377134,2.0569987385361284,2.297232804475007,656.5213329173898,95
3.3383550025798656,-2.0373688892081936,11.23395573651349,2.0676546538317644,2.293957648453889,685.6476802119496,95
3.35771197742886,-1.982819305525886,11.129772398206924,2.003721872965495,2.3495176368289523,712.1309339735243,95
3.3306495083702936,-2.021719552852489,10.63843169035735,2.034340778986613,2.344016675595884,664.0304203739872,95
3.3250269889831543,-2.036372952991062,11.195719471684203,2.028460078769261,2.288675361209446,725.4285685221348,95
3.3114824295043945,-2.009635090827942,11.016878128051758,1.9719764788945515,2.2743067741394047,743.5982055664057,95
3.289995617336697,-2.023810148239136,11.279360029432508,2.006118641959296,2.2796295837119773,799.8214450412326,95
3.3182528107254594,-2.042866388956706,11.422587747927066,2.016097324865836,2.30166671011183,721.730416757089,95
3.304934581120809,-2.03163398636712,11.158015780978728,1.9988063308927748,2.280991527769301,700.2278984917538,95
3.280286859582972,-2.0139260292053223,11.152230792575413,1.981677457138344,2.2893974251217317,741.0330787941261,95
3.3024033970303006,-2.004921533443309,10.857122491907193,1.981308804617988,2.25457211777016,795.0851621274592,95
3.307533370123969,-1.9786256419287789,11.500443988376196,1.971995817290412,2.260483900705973,759.8059556749128,95
3.324257259015684,-1.996954617676912,11.234243675514508,1.9934055451993595,2.292594000145241,785.9285775643809,95
3.294388700414587,-2.0437054722397416,11.410687764485676,1.9978553277474864,2.2698951209032976,821.0415242513021,95
3.2834251721700034,-1.9821310043334963,11.789071083068848,2.0327311356862388,2.272224028905233,834.129170735677,95
3.275210592481825,-1.989962529253077,11.59317620595296,2.042489299067745,2.2283399723194264,846.8202017324941,95
3.281492736604479,-1.980136787449872,11.883162569116664,2.029116418626573,2.2462972888240107,877.54754864728,95
3.2692591084374323,-1.9789971907933557,11.661544058057997,1.9857766495810616,2.2514887650807696,819.8786146375871,95
3.272769318686592,-1.9097915225558804,11.68535833005552,1.937533586113541,2.229560772577922,846.589864095052,95
3.271662226429692,-1.9690379080949003,11.876688604001648,1.9792582194010415,2.273934496773614,830.6356088143808,95
3.2536132865481906,-1.9746800263722737,12.15349515279134,1.958933260705736,2.255063878165351,874.7312418619791,95
3.254198683632745,-1.990484988247906,11.614476769058792,1.9796188451625676,2.2582988297497786,887.6211638274011,95
3.2628550882692693,-1.9815885579144517,10.901260517261642,1.9788149109593145,2.246459404627482,940.758049858941,95
3.271188735961914,-2.016770362854004,10.597064971923828,2.007244110107422,2.2286972999572754,931.124267578125,95
3.2565038292496293,-2.01356280291522,10.975780416418004,2.027999763135557,2.191228416230944,916.107695402922,95
3.2432512972089977,-1.9963326233404648,11.371958096822103,2.0433957665054887,2.212385486673426,845.0084658022282,95
3.2114692529042563,-2.005006459024217,11.296320385403105,2.0297231674194336,2.174282497829861,907.8421902126736,95
3.193418546959206,-1.9641186484584103,11.583745921099627,1.995435776533904,2.175335998888369,923.9575353551792,95
3.1983448046225087,-1.971231359022636,11.187374114990236,1.9899640039161404,2.196583350499471,919.8789876302076,95
3.2083936267428927,-1.9951117436091104,11.80705462561713,1.9962498082054985,2.207641283671061,925.0447319878472,95
3.202555894851685,-2.013365480634901,11.411958164638945,2.0387735101911755,2.201857407887777,1015.7579187463832,95
3.185093959172567,-1.953267927523013,11.654265121177389,1.9240956350609115,2.1634886176497843,1029.1472213179975,95
3.1806603272755942,-1.99858558177948,11.954307238260904,1.9715780417124429,2.1601936022440595,1112.7551269531243,95
3.174749056498209,-2.025145724967674,11.672656306514034,2.012183246789155,2.14895612222177,1037.560442889178,95
3.163552513828984,-1.989411287837558,11.534781844527634,1.964121487405565,2.1399265042057745,1026.6728515625002,95
3.1428234577178955,-1.9744693305757317,11.66537231869168,1.9539992014567065,2.118421104219225,1041.0132107204863,95
3.1273488998413086,-2.0388447973463277,11.360366114863645,2.005279435051812,2.0998801920149064,1103.838293004919,95
3.136551954128124,-1.9916519279833196,11.501880504466868,1.9669643861276132,2.1443985214939825,1072.8159541377315,95
3.1167493926154246,-2.0063878695170074,12.327479468451608,2.003477758831448,2.12195626894633,1110.8723280164922,95
3.115316991452817,-1.9641904742629437,11.68854808807373,1.958920606860408,2.0652570371274592,1130.840996636285,95
3.107044767450403,-2.025377392768862,11.845935750890664,2.052738172036632,2.079502662022908,1091.9572889539927,95
3.1096511681874595,-2.044090668360392,11.390692075093575,2.0310284296671544,2.086165269215902,1145.3257649739592,95
3.1021758362098977,-2.016699119850441,11.924537623370137,1.9988699930685536,2.113197988933987,1094.0860866970486,95
3.099667725739656,-2.014574227509675,11.759772618611654,1.965022162154869,2.091185137077614,1080.9151611328125,95
3.134379810757107,-1.9847128391265876,12.345065752665205,1.965653247303433,2.076575703091092,1076.0778672960068,95
3.1162013654355647,-1.9334303184791848,12.398289433232057,1.9488969158243248,2.0684038974620678,1116.4094193070025,95
3.091672967981409,-1.9649212051320957,12.4070313418353,1.9519071005008837,2.0661067609433776,1152.0234465422454,95
3.0915529727935787,-1.9333548678292167,13.017879486083991,1.92389710744222,2.073453028996786,1151.6089274088538,95
3.088781091901991,-1.9462403412218443,12.972569960134996,1.9370205402374263,2.0462489304719145,1178.518898292824,95
3.0494575412185103,-2.00326070079097,12.94801450658727,2.0304357652310974,2.026459773381551,1181.8674587673613,95
3.0477237701416016,-2.0038485527038574,12.652223587036133,2.0491843223571777,1.9844262599945068,1232.8548583984375,95
3.045219324253224,-2.0215805018389665,12.82499811384413,2.0233620802561445,2.025075417977792,1205.5219726562498,95
3.0483351901725486,-2.011702281457406,13.17897033691406,1.9619594635786823,2.0334989494747586,1207.5620976200794,95
3.032133579254151,-1.9939133326212564,12.947139316134988,1.9438462919659083,2.002041737238566,1291.4340006510415,95
3.0036452258074724,-2.075489750614873,13.590088314480273,2.014726166371947,1.979527839907894,1306.5685085720474,95
3.016335125322695,-2.026376560882287,13.558659482885297,2.025882844571715,1.9944485116887976,1323.4404025607637,95
2.996519168217977,-2.0448459519280324,13.877404212951658,2.041228453318278,1.9703168206744723,1322.0725233289934,95
2.9889705887547247,-2.0604007420716464,13.951385992544669,2.0742087010984065,1.957910387604325,1341.0637613932292,95
2.9858246202822083,-2.030174458468402,13.602200614081484,2.041873402065701,1.9217151624185067,1351.074277524595,95
2.959455966949463,-2.013646761576334,13.909572283426924,1.975013454755148,1.9146629571914675,1349.3094482421875,95
2.961529237252694,-1.908898274103801,14.345494411609792,1.869338746424076,1.913870268397862,1333.7008237485527,95
2.949375249721386,-1.9471283179742327,14.33655537499321,1.9117970908129656,1.91841404526322,1377.887071397569,95
2.886490450965033,-2.0362358358171257,14.550179799397789,2.0252349111768937,1.84210749467214,1396.8462592230906,95
2.859067342899464,-2.029433630130909,14.112328600000453,2.000602907604641,1.7926389552928783,1471.5065827546296,95
2.829758705916228,-1.977873042777733,13.978266468754525,1.987302409278022,1.7835776938332453,1503.9286159939234,95
2.816689544253879,-2.0221741199493413,14.147328800625267,2.040662050247193,1.779623548189799,1460.6984863281257,95
2.796211083730062,-2.001470901347973,14.384111757631654,2.0152675399073843,1.7586480908923674,1472.6721100983802,95
2.731328010559081,-2.025839231632373,14.71515863913078,2.0230252301251443,1.7504332860310872,1463.400711624712,95
2.6966545581817623,-2.0312450726826987,14.786092758178714,2.0216800371805825,1.756148854891459,1467.3381754557288,95
2.664933928736934,-2.0139388155054165,15.173614078097875,2.014475937242861,1.7014853468647706,1498.755389178241,95
2.65176245018288,-1.974863630753976,14.770806771737558,1.956751624743144,1.6755134088021737,1530.3130380135997,95
2.628650930192736,-1.963151017824809,15.169984499613443,1.948747131559584,1.6389089292950103,1480.052029079861,95
2.6351201622574414,-1.9751021552968917,14.97757773929172,1.984172821044923,1.610053424481993,1514.5886501736104,95
2.6154986134281866,-1.9646678500705304,14.871068212721074,1.9211821909304023,1.578299155941716,1571.3373480902778,95
2.542368862364026,-1.9393032921685125,15.782008277045357,1.983765681584677,1.552034536997477,1566.7162543402785,95
2.4818052097603123,-1.9360889240547456,15.807802871421533,1.9623780338852488,1.5410146183437772,1560.9235794632525,95
2.38259807339421,-2.033430558663828,15.963116539849173,2.0231138953456176,1.47229282061259,1569.0913854528353,95
2.3755807876586914,-1.99690854549408,15.951675415039062,2.0130157470703125,1.489447832107544,1570.2769775390625,95
2.363260798984104,-1.9666472408506608,16.29511797869647,2.0418881575266514,1.4010541880572287,1563.8891872829863,95
2.381455995418408,-2.023727964471887,15.543820204558193,2.008228805330064,1.4234047200944684,1618.7491681134263,95
2.32691592640347,-2.04609547721015,16.868696000840924,2.026547537909613,1.443226297696432,1698.3079562717023,95
2.297817371509693,-2.005081097284951,17.08599267182527,1.9830788064886016,1.3832427969685297,1656.3900734230324,95
2.232641696929931,-2.001774787902832,17.18536998607495,2.004410293367173,1.2961725791295369,1674.2472511574076,95
2.239419142405192,-2.044567452536689,17.30723084343804,2.0604428185356984,1.3270489904615614,1705.1728651258677,95
2.191091855367025,-2.060373500541405,17.50771352979872,2.087526868890833,1.303080647080033,1632.437328197338,95
2.2645821836259628,-2.0190376970503063,18.31857426961263,2.049260651623761,1.2776703746230516,1718.5692364728004,95
2.24304477373759,-2.0504566033681235,18.38469187418621,2.0722920099894195,1.2887848218282063,1741.4399820963538,95
2.174512880819815,-1.9855502446492492,18.086059499669968,2.027311453112848,1.2421381561844425,1794.7659821686918,95
2.1939389529051607,-1.8847004705005224,17.97224164892126,1.9358988956168848,1.1700248453352184,1747.405517578125,95
2.1516200171576605,-1.980236556794908,18.50632731119791,2.0081710682974925,1.146927820311652,1713.4711235894094,95
2.1584392300358526,-1.9639895359675088,18.476419024997288,1.987804779299984,1.1718654765023124,1728.8066361038773,95
2.168168226877848,-2.156332828380443,17.93100540726273,2.113951268019499,1.249200763525786,1711.219581886574,95
2.175905916425917,-2.1108983092837867,18.761712392171223,2.091560734642877,1.2325548463397558,1667.919311523438,95
2.202017024711326,-2.0766225390964084,18.97762814274541,2.0391230053371854,1.1794429266894302,1722.0115379050917,95
2.204533082467538,-2.0305902913764684,19.1266333968551,1.9795804465258573,1.207279752801966,1761.2976119429982,95
2.203759988149007,-2.0532581806182857,19.452871322631847,2.008772611618042,1.2461780707041417,1784.024169921875,95
2.212575144237942,-1.9949096573723684,19.960226129602503,1.917288290129767,1.1865534782409672,1867.5476933232055,95
2.207119367740773,-2.062148844754254,20.090485396208585,1.9735127334241516,1.1977667985139069,1854.522103768808,95
2.2263152334425182,-2.027435965008206,20.23702557881673,1.9880066712697348,1.231923739115397,1846.6048312717012,95
2.204473354198315,-2.087270657221476,20.26574466846608,2.030049165089925,1.2362601271382083,1869.9538890697331,95
2.1865936385260683,-2.060093076140791,20.0819253568296,2.012867662641737,1.24671799606747,1897.1137559678807,95
2.2687295013003888,-1.9923005898793524,21.419138590494804,1.942339592509799,1.2432843976550636,1914.2859700520848,95
2.2342945734659825,-1.9860764697746007,20.839144035621928,1.9504284726248868,1.187033609107689,1946.938146520544,95
2.2395728340855348,-2.0128154048213247,20.942005510683416,1.966109849788524,1.1911690102683172,1962.3147153501163,95
2.1847164630889893,-1.9370156526565552,20.94321060180664,1.9717717170715328,1.1993342638015747,2054.766845703125,95
2.200928149399934,-1.9988010150414923,21.40049079612449,1.9657937729800188,1.1925483500515974,2062.561550564236,95
2.194185318770232,-2.0105615103686287,21.56825708459925,1.9704745301493884,1.2142635495574383,2097.0885416666665,95
2.19476318359375,-1.9993409315745023,21.39611943562825,1.945323785146076,1.275147173139784,2101.3838975694453,95
2.194575680626763,-2.088569702925506,20.75439990008318,1.9977299990477384,1.2709065940645,2126.8434244791674,95
2.2690312155970824,-2.0790566779949047,21.3189868927002,1.9885856089768588,1.3034640374007047,2186.838586877894,95
2.235650645362006,-2.023872137069702,21.768744150797527,1.9867216746012368,1.2718300819396977,2224.43834092882,95
2.2657003226103605,-2.121031010592425,21.63019759566696,2.0913885257862237,1.304227104893437,2223.039089626736,95
2.230231664798878,-2.156736347410414,22.17068573280617,2.110886344203243,1.2882402782086977,2203.854835792824,95
2.191161712010702,-2.0958491166432704,22.485153834025063,2.093194166819255,1.2617383400599165,2214.422281901042,95
2.2121633423699274,-2.0678169109203197,22.34091504414876,2.0634712731396703,1.2764031931206024,2235.092339409722,95
2.25310038637232,-2.057462983661228,22.257796534785523,2.044396947931361,1.2853419206760552,2274.8429723668983,95
2.2535070313347707,-2.1718745231628422,22.72578281826443,2.0652480390336776,1.2744684086905589,2293.35609266493,95
2.2601085503896075,-2.120073389123988,22.33692995707194,2.085767525213736,1.338843584060669,2315.916865596065,95
2.313514153162638,-2.0996476632577403,22.797439716480397,2.0146136195571334,1.321336896331222,2336.50953052662,95
2.363657421535914,-1.6828298436270874,23.574949476453988,1.699969040022961,1.0871518850326574,2321.8427734375,95
3.3040783052091207,-0.0835885198579921,22.504818598429345,0.091992836031651,-0.3670499192343818,2158.2628490306693,95
3.5437406698862715,-0.0311205511291837,22.362874066388155,0.0143749941726807,-0.1087701557962951,2351.467936197918,95
3.5621195634206133,-0.0748095636566474,21.46545028686523,0.0182247596482428,-0.0305107763657968,2407.7380371093764,95
3.552573053925126,-0.0804103118953873,22.07470286334003,0.0950821889219457,0.0442032226257847,2480.910879629631,95
3.514402310053508,-0.1113914419655446,21.390495936075844,0.0964633207078334,-0.035855590607281,2573.085277416088,95
3.565217892328898,-0.021998510592514,21.502831141153973,0.1123048936327298,-0.0300953185392749,2487.139784071181,95
3.601983467737833,0.0177303958270272,21.042930603027347,0.0234798160554077,-0.0691472835562855,2407.1240686487267,95
3.587360108340228,-0.050782812138399,21.1072342484086,0.0483613581293163,-0.0150678543442938,2459.9922327112263,95
3.604652563730877,-0.0418014253179224,19.065459357367605,0.0095769601563598,-0.0452389793095399,2485.102864583333,95
3.60885132683648,-0.0939566917993394,19.80041842990451,0.0099131082770993,0.0176321501731532,2523.1330566406264,95
3.632191587377478,-0.0665488985401613,19.505046491269724,0.0271289120945662,-0.0023678220394583,2510.2895598234945,95
3.625699996948242,-0.0853672549128532,19.18999290466309,0.0132317580282688,0.1399494390934705,2614.73046875,95
4.061236381530762,0.0189370587468147,19.397052764892575,0.0473369397222995,1.0977576971054075,564.8823852539062,97
4.069606238223137,-0.2456666806792008,7.168540548770986,0.2249502736698598,3.0453821547487947,-79.3916984720433,97
3.870678587162749,-1.2359455671716244,5.809932972522492,1.2724640382097123,3.389473833936326,-46.96647104303888,97
3.697566643674323,-2.044154873553743,6.723492520920774,2.057284802832502,2.8177228582666274,15.219538140804229,97
3.700795498300106,-2.2261701289643634,5.689115646037649,2.1995295920270554,2.615353579216815,-36.32490618685459,97
3.748402776870322,-1.9508043128125208,4.698164138388126,2.0354303457635514,2.666666827303298,-8.453702530962367,97
3.736805515086397,-1.9630798634062423,4.921299366240806,1.9810633431089688,2.6370149850845337,-58.35382161241894,97
3.732508753208404,-1.9589683870051768,5.525045415188404,2.0060406530157047,2.611699365554972,-10.80153688978641,97
3.721136564904071,-1.9953550227144927,5.781250730473944,1.9929647800770207,2.6213400820468333,-32.53922576092659,97
3.6776591970565473,-2.034152725909619,6.755817311875363,2.0471511457828764,2.575593255935831,0.4188474492823921,97
3.653381213228753,-2.0968570303409657,7.018945876588213,2.0305010105701204,2.585442218374699,49.03418017448264,97
3.647883717049944,-2.0947016325402767,6.760343277708012,2.07856072009878,2.475211631744466,39.84791060457845,97
3.627476529872164,-2.060547027182072,6.206076114735705,2.060703384115341,2.5006451708205204,19.350178414202727,97
3.616055909623491,-2.060366860095491,5.996815245202247,2.0619473495381944,2.5314127156075013,27.27105699701511,97
3.589059603975174,-2.01554178430679,5.7574274184856,2.057198352002083,2.464526645680692,153.72736610250274,97
3.5749536473700343,-2.0421660364942347,6.695513867317362,2.0720011376320047,2.488751588983739,114.29650753102403,97
3.5872669575062206,-1.999377352126101,7.233096143032642,2.037744400349069,2.509342198676251,148.38292872652096,97
3.5727790188282094,-2.0829799682536025,7.182744716076141,2.0795081270501967,2.478089668649308,208.9443177568152,97
3.5540590590619026,-2.0330563251008376,7.512682407460314,2.0383638726904034,2.490002672722999,211.70483982816663,97
3.547967720539012,-2.0419444175476724,7.426526404441673,2.036948883787115,2.5228209292635007,166.32402071039718,97
3.5560337076795863,-2.00379478931427,7.22399650736058,2.0370664038556687,2.486945355192144,155.6787440523188,97
3.5196358079605914,-2.0786249307875937,7.367232363274756,2.077237959871901,2.452756327517489,206.52847354970075,97
3.5135447902882357,-2.0215397667377557,7.527934257020343,2.03923244425591,2.4641900645925645,180.7975093760388,97
3.511124035145374,-2.0254337965173925,7.80465631282076,2.039304630553469,2.4601856596926424,159.04073057783404,97
3.4834335205402778,-2.0336962811490324,7.568872573527882,2.0499029108818543,2.4406711395750653,180.05360639856212,97
3.512265055737597,-1.9432607622856788,7.8743845858472445,2.00796007983228,2.492453677857176,227.01692491896625,97
3.508198687370787,-2.0494206103872745,8.106791577440626,2.034378112630641,2.496019705812982,194.54115003220585,97
3.4713556804555528,-2.076357979723748,9.068877970918695,2.0724570104416378,2.4702910628724606,211.91603315637468,97
3.4975744511218783,-1.9595650891040235,9.204795837402344,1.978927713759402,2.4368218919064137,250.9861586550447,97
3.4887554531401777,-1.952493831832358,9.214750837772453,1.9411624593937649,2.5036430485705115,275.8168711560838,97
3.481050648587815,-2.0717625846254064,8.739225184663812,2.0650922668741103,2.4639895444220685,305.4574825205702,97
3.482258863905643,-2.025450904318627,9.012096567356842,2.019898330277585,2.428603777225981,354.9413543051866,97
3.507150523206021,-1.9740609412497665,9.538454015204248,1.928663340020687,2.484927882539465,371.9580253438747,97
3.488306110209607,-2.026677139261936,9.731760572879873,2.0271724500554678,2.4824493007457,341.07232341360526,97
3.5051789613480264,-2.0025394394042646,10.002837221673191,2.009201067559262,2.465101262356373,311.9481233637383,97
3.511589197402305,-2.0473242287940168,10.158299121450872,2.063084702542488,2.4556944459042653,323.1899459514211,97
3.456200432270131,-2.1144969869167247,9.765083191242624,2.11299921603913,2.409487582267599,384.5220161600317,97
3.450605466010723,-2.032370628194606,10.01389447678911,2.064821717586923,2.403157801070112,402.6396899933509,97
3.4551019617851746,-2.0491221635899644,10.14157234354222,2.099573602067664,2.4220388747276145,452.9509413698887,97
3.442126412340935,-2.049493414290408,9.495681407603811,2.1004926993491804,2.421779183631248,442.0961940034906,97
3.427657725963187,-2.049669970857336,9.385805130004885,2.086054076539709,2.422453449127522,416.2728888329039,97
3.4350335357037,-2.0340405677227262,9.191825004334143,2.0262443664226124,2.4331450728659934,390.9812505194481,97
3.442869173719528,-2.028926821465188,10.266546979863596,2.0284419719209064,2.443167559644009,449.8159965352809,97
3.4359169361439155,-1.96840778246839,10.843200369084132,1.993174706367736,2.4121608442448554,471.1162719726563,97
3.4360509527490493,-1.9727118776199668,10.26843505210065,1.9759031001557696,2.4311083022584308,463.6504159480967,97
3.410955273090525,-1.9997533198366773,10.41031251055129,1.969873935618299,2.389868548575868,508.7974933056122,97
3.4001431845604104,-2.003408102279014,10.90849969742146,1.9639112708416395,2.4064425585117744,467.8037102881896,97
3.393884301185608,-2.0098326206207275,10.973199844360352,2.022409200668335,2.394007921218872,464.64892578125,97
3.3943643113400075,-2.0004624255160066,10.500870806105592,2.066550077276027,2.407784396029533,586.5859647710271,97
3.411500900349718,-1.9987821490206623,10.497157573699962,1.99077297525203,2.424027880455585,534.1847574761578,97
3.410812344956905,-1.9477848309151669,9.99038966158603,1.973394444648256,2.386061112931434,517.0531236364487,97
3.3924672628970858,-1.9483958159355408,9.89130770906489,1.9793911601634735,2.3776134354002934,533.1672473663979,97
3.397851644678319,-1.9881997108459477,9.512080131693091,2.04604543016312,2.3853489388810827,546.4324081096244,97
3.397615669889653,-2.022687359059111,9.426480049782604,2.073718751998658,2.3578647058060827,591.222816629613,97
3.383208863278653,-2.025742934105244,10.041378528513809,2.099447425375594,2.347500839131944,521.0163363192946,97
3.368853170821007,-2.009090148388071,10.301628437448056,2.0469858621029142,2.3385451664315893,563.5285254945147,97
3.3560909464004194,-2.042787698989219,10.471132440769926,2.0890705585479736,2.270654297889547,644.9438827189991,97
3.335149193063696,-2.017080632296014,10.058591102031953,2.0288774041419333,2.2655213868364377,645.7731037545711,97
3.3538198521796696,-2.0565539852101757,10.5894782492455,2.062302028879206,2.3043425514342943,602.7667054521273,97
3.375201109876024,-2.014270413429179,10.487540103019551,2.024193222218372,2.302798408143064,642.8829521016872,97
3.3605209868004984,-1.9985156820175496,11.024933916457156,1.9770100116729736,2.328002199213556,597.0713111390459,97
3.351296530124989,-1.9742733557173548,9.606868571423473,2.015252839377585,2.3298189855636435,639.7943017837848,97
3.343874505225648,-1.971140443010532,9.90647717739674,2.027916843586779,2.3136682890831155,684.9524549119017,97
3.3199377364300666,-1.985954257402014,10.57451594129522,2.034751218684176,2.318220787859977,669.4661326306932,97
3.3223869293294053,-1.9512953808967104,11.008792511960294,2.010921315943941,2.316671665678633,729.8276613925366,97
3.3281611242192857,-1.9335147250205915,10.81392793452486,1.97613399586779,2.314631418978914,800.6150252971241,97
3.3331869206529983,-1.977726158943582,11.298936661253586,1.99587408025214,2.3206596704239537,776.6486738489031,97
3.3022787152452677,-1.9830326279427144,11.39616819645496,1.9925822070304384,2.293435581186985,745.8784030346156,97
3.320668210374548,-1.9814732937102624,11.491396335845298,2.008635307880158,2.3352321614610387,726.7303635617521,97
3.3209366278445467,-1.9708415200101568,11.143059436311114,2.002326511322184,2.338640551617805,693.9727659834194,97
3.2873661670278995,-2.0224459475659318,11.924717548045702,2.0255489755184093,2.31105511746508,720.3024382895604,97
3.2936909388988576,-1.9511998143601927,10.924495950658269,1.959533193644057,2.308673658269517,751.9950068047706,97
3.3090146703923,-2.0090860914676747,11.007477658860228,2.0277934277311287,2.2585178283934897,752.3698120117188,97
3.320967557582449,-1.9391362597333623,10.791252085503112,1.9625183052205024,2.275084241907648,805.1919198543467,97
3.314146485734493,-1.9819643814513024,10.914678137353118,2.025462117600948,2.275752907103681,807.3743571829289,97
3.294896020534191,-1.9930552510505024,11.037709408618024,1.9995882720389255,2.2200236992633084,835.8857486806016,97
3.2590991233257536,-2.0195258424637164,11.460195602254664,2.007761869024723,2.2341695744940573,834.4597726375503,97
3.2626826572925487,-1.9970465701945284,11.64254684143878,1.9923295797185692,2.2366454195468983,770.1916633768284,97
3.241826016852196,-2.0472597911002794,11.502667051680543,2.078737887930363,2.227797386494089,817.6940554355053,97
3.241585844374718,-1.9859465056277328,11.123466897518073,2.026980511051541,2.2475440540212266,827.7174896889543,97
3.242455796992525,-2.000499405759446,11.269773442694484,2.0243274759739003,2.2507758140563965,860.1551864299369,97
3.2191197529752205,-1.9849404952627547,11.922421856129423,1.96356257289014,2.208047956862348,880.9743889341963,97
3.216116182347561,-1.9853367691344403,11.765700553325898,2.0157756298146348,2.2322183365517474,877.7090116460272,97
3.196685792283809,-1.985451121913626,11.715872942133158,2.03635384681377,2.187904303378248,901.6901670415348,97
3.2087479702969817,-1.973836508203061,11.554276405496802,2.018195111700829,2.197730526011041,916.80449920005,97
3.2139304343690265,-1.990405228543789,11.551863294966678,2.052801379498015,2.182252672124416,954.5886217482544,97
3.2060353755950928,-1.9913757303927808,11.8348376598764,2.0177098715558968,2.2257382717538388,899.3675459192156,97
3.190943901843213,-1.940644904019985,11.86507473600672,1.9774441351281835,2.210769192969545,942.0161860039892,97
3.189843279250125,-1.9467723166688968,11.885486765110745,2.013089433629463,2.167800472137776,977.3986335916724,97
3.2061030217941773,-1.9389142425770447,12.128565580286882,1.9790740456986933,2.188225110794636,989.5381177536984,97
3.2001611273339456,-1.993477929145732,12.155487364911018,2.014611726111554,2.1616471802934685,981.6855819377496,97
3.186716632640108,-2.007947948384792,12.199339557201304,2.0319195161474517,2.1774693803584326,937.9656745423658,97
3.166633829157403,-2.008140858183516,12.42380507448886,2.022620677947998,2.1273498991702464,1039.2890702917218,97
3.155824681545825,-2.015694157874331,12.103687321886104,1.980308672849168,2.121012454337262,1026.485936266311,97
3.136851668357849,-2.037305474281311,12.445991039276125,2.009561061859131,2.1311053037643437,1054.9497680664062,97
3.131441678138489,-2.009925922180744,12.676585872122583,2.017991518720667,2.1456538958752405,1089.5213168529754,97
3.1339184274064733,-2.0162290613702,12.273345358828283,2.0021524327866578,2.135796328808399,1077.120184715758,97
3.1402674304678087,-1.9503283862103808,12.654193715846285,1.9707906734436116,2.1126400168905866,1101.453402255444,97
3.123122988863195,-2.0297821734813923,12.482058636685633,2.0063566223103946,2.1242255657277207,1108.597401720412,97
3.105099882217164,-2.033944993577105,12.104689613301703,1.997946253482332,2.081231486290059,1158.914336508893,97
3.0950083986241768,-2.026124857841653,12.605990024323168,1.942104557727245,2.0524986449708327,1130.4632178773268,97
3.067158063675495,-1.9996073639139225,12.34512462514512,1.9515439214858608,2.0449355650455394,1089.1762799202136,97
3.0676347270924995,-1.9229038624053305,12.36394515950629,1.9540388254409145,2.0677707727919232,1117.2274897149273,97
3.0577212813052728,-1.9722405304300032,12.969558482474469,1.9895814099210387,2.062209125528945,1148.776883389088,97
3.0572300261639533,-1.9681851128314405,11.704517323920069,1.9590658253811777,2.038232204761911,1218.0238816281578,97
3.038312036940392,-1.942309559659755,12.198697501040517,1.960749194977132,2.0447093907822955,1239.9078550947468,97
2.9882919154268626,-1.9828165794940704,11.599299045319244,1.9998668140553413,2.0122595746466456,1182.9413010617511,97
3.00106523645685,-2.0251650353695485,11.602002651133436,2.046519662471528,2.018577812833989,1203.146969409699,97
2.9804082119718505,-2.0384524832380584,11.626863378159548,2.015537896054856,1.9895177191876343,1233.4562858419215,97
2.9589889379257848,-2.075992149241428,12.191922887842711,2.0410601166968663,1.9475971358887691,1215.7552840861856,97
2.9503072956775096,-1.9821609639106912,12.433620645644815,1.9826160593235744,1.9268766882571768,1276.6871948242183,97
2.964059361752044,-1.9570064950496595,12.290169370935304,1.9387459513988905,1.9249725234001236,1262.584577195189,97
2.9227875953025007,-2.021390115961115,12.209187203265252,1.97330759180353,1.89591542964286,1314.9938263588765,97
2.915103692957695,-2.0171656177399018,12.63147005629032,1.9954398299785376,1.8621527933059856,1371.1207223445813,97
2.8756501091287494,-2.075298344835323,12.635973463667195,2.044890601584252,1.8860613982728185,1396.6949034345912,97
2.850953902335877,-2.0648486423999706,12.82971964998448,2.078445495443141,1.8832961612559376,1418.073738260472,97
2.8510369797970383,-2.007143948940521,12.826568481769977,1.9996691891487617,1.8450464314602788,1451.832150723072,97
2.845699122611513,-2.0472567436542914,12.812745708100335,2.023539133528445,1.8152723978174496,1427.8368789997503,97
2.8058886172923634,-2.013188549812804,13.371683607710173,2.0345520085476814,1.754059815660436,1453.7118179645947,97
2.762146774758684,-2.0158943762170503,12.72552304064974,2.042145467819052,1.7356448655432846,1513.82260846077,97
2.7063143811327346,-2.069768910712384,13.198108896296077,2.0544919257468366,1.779278760260724,1438.8529987741022,97
2.6647980301938152,-2.030622775250293,14.054910218462034,2.07275321889431,1.725682718322631,1505.1433196372184,97
2.661983571154006,-2.037750614450333,14.089679728163052,2.0785419002492374,1.672637267315641,1562.564146650598,97
2.6252266371503787,-2.069006810797021,14.143809734506814,2.1333881324910102,1.6857496525378937,1494.6924782610954,97
2.609738547751244,-2.0045943260192884,14.567811215177503,2.086226782900223,1.6631589671398728,1524.580363821476,97
2.574621024283957,-2.0960244751991106,14.784724083352597,2.1304306831765683,1.6257142291424125,1483.8844182440578,97
2.5729560598413994,-2.0482351120482103,15.015685365555134,2.1043934416263657,1.609639276849463,1553.074582363697,97
2.601574235774101,-2.0147481554366182,14.864697009959125,2.07093532541965,1.5557391440614745,1632.9937886988864,97
2.5420889194975507,-2.029913161663299,14.792289652722946,2.07645964115224,1.534462751226222,1646.5599027593084,97
2.466654371707997,-2.075633581648482,14.802284291450022,2.102177745484291,1.5054567069449316,1593.3865934331366,97
2.4241286008916005,-2.005667980681074,14.73140155508163,2.0547987222671504,1.418658593867688,1582.5487839719087,97
2.3943498920887074,-1.9478122033971423,14.56093269206108,1.9821182381599511,1.3697884285703612,1548.1644871488534,97
2.3872571752426475,-1.87363132010115,15.447544848665268,1.901258605591795,1.3159944377046948,1566.3975518409238,97
2.4096764288050063,-1.9187607752515916,15.07994655852622,1.929255877403503,1.302120693820588,1599.8561576680931,97
2.426982055319116,-2.0066960060850096,15.356532624427317,1.976250393593565,1.355780888111033,1600.7375527239858,97
2.3688969827712856,-1.9338580217767276,16.333045614526625,1.9505624422367576,1.3509192821827347,1699.4077200382303,97
2.3286556436660444,-1.9742824701552697,16.850308357401097,1.958773136138916,1.3752773289984848,1671.6162135347408,97
2.383048146329028,-1.92388738660102,16.815986440536825,1.8990297355550376,1.3365408194826,1665.868741948554,97
2.398149282374281,-1.9314439702541264,16.470432200330368,1.9259776511090867,1.3294950913875658,1708.9348547103557,97
2.348695191931217,-1.9782677863506564,16.384597717447484,1.9504067453932263,1.369703552824386,1687.2333861006066,97
2.3349886853644195,-2.0328196819792392,16.547720523590737,2.043328381599264,1.4253984283893666,1666.9565819273605,97
2.3029913902282715,-2.0535857379436493,16.938932418823242,2.095819056034088,1.3627307713031769,1676.2587890625,97
2.2980181714321697,-2.019397357676892,17.575175731740096,2.043268099744269,1.3759968293474074,1764.1920153029437,97
2.303670719582984,-2.011838867943337,17.922007337529603,1.9927366122286367,1.3714381056897182,1705.2806357525762,97
2.2349879386577203,-2.093570191809471,18.340927813915496,2.05283215198111,1.3603932705331356,1754.3327922415226,97
2.2332938503711786,-2.0568877712209157,18.43974500006818,2.101413286746815,1.3460723402652337,1761.1736054116116,97
2.2373962858889964,-2.1550350721846234,18.748985858673745,2.176734307979016,1.3252067616645329,1789.841038480718,97
2.2792257324178173,-2.026359670973838,18.98906963429553,2.016653878891721,1.3469845639898423,1861.473343220163,97
2.2798556520583784,-1.9576446553494051,19.16701738885109,1.9856339160432197,1.2638428667758377,1777.8400982795872,97
2.319396697460337,-2.029511726917105,18.998449528470957,2.0448544177603214,1.2700932520501158,1828.1937587007567,97
2.301221076478349,-2.059921021157123,19.49276006982681,2.0547806379642903,1.2941231664190902,1853.3678316156916,97
2.337766018319637,-2.0553427123008894,19.73648852490364,2.0229931473731995,1.3406194327993597,1899.3436759786396,97
2.321947412287935,-2.0578378362858545,20.218279250124667,2.0665003188112947,1.3439373158394017,1925.0611806017291,97
2.334537891631431,-1.960285829736832,20.01141721644301,2.0076778505710853,1.2282063650323998,2023.868875057139,97
2.3576265218410084,-2.006492198781764,19.78524344018165,1.9868782796758289,1.2588685890461535,2056.4781857754324,97
2.393433891712351,-1.9962080843905208,20.320838248476072,2.0089963541385987,1.321489089346947,2089.3116948553857,97
2.4267943564881675,-2.0009942815658888,20.673327547438603,2.0121616708471413,1.4144458720024602,2100.7737647523268,97
2.3916756700962147,-2.034356785581467,20.36500682222082,2.056633953084337,1.3441846459469895,2123.6482530959106,97
2.3703432133857243,-2.092964702464166,21.12457620336654,2.088150744742535,1.3615066015973996,2107.158893991024,97
2.3513142479226947,-2.11994129799782,21.45011231239806,2.103498675721757,1.364317405097028,2079.425759173454,97
2.3618780602800085,-2.089611712922441,21.475998492951096,2.102278334029178,1.3580791924862154,2080.884168259641,97
2.399154789904331,-2.0629696072416106,21.80532408775167,2.0732448861954063,1.36383946969154,2087.743064068734,97
2.376101678990304,-2.052056368361128,21.126688247031357,2.0225259192446443,1.352359799628562,2164.6938190866026,97
2.3393581319362555,-2.069247858321414,21.80077554824504,2.0311749564840444,1.3443357760601866,2218.949540807846,97
2.337472342430277,-2.084617239363651,21.76605224609375,2.0513919363630584,1.3657312443915837,2256.145653257978,97
2.320337414741516,-2.1340480408769973,21.985102612921537,2.084976524748701,1.372562319040299,2241.462903611204,97
2.3217696889917905,-2.108419159625439,22.047914545586774,2.057201187661354,1.4085341894880266,2270.9404089095738,97
2.32862097785828,-2.0279640517336257,21.90328827310116,1.978142058595698,1.3528753804399611,2239.979911641872,97
2.351529491708633,-2.1096555577947744,22.19152150255568,2.0778176530878603,1.3732851388606615,2280.124963638631,97
2.3345047324261765,-2.132075193080496,22.17855306381875,2.0939140763688595,1.390808406028341,2295.1644507874835,97
2.333914137901144,-2.182766734285557,21.859421770623392,2.117937042358073,1.4201940196625729,2222.101941697141,97
2.340186346084514,-2.091270801868843,22.4034708510054,2.0526261367696392,1.4027671744214725,2270.5047399642626,97
2.338321427081494,-2.0370970381067157,22.47791614938289,2.0272042117220286,1.333716336716997,2288.108933469083,97
2.3027903830751457,-2.026571784881836,23.33763936225404,1.9976230472960383,1.2564709408486143,2340.577325049868,97
2.3125274511093785,-2.0395342086223853,23.29172343396126,2.0105688774839368,1.219495683274371,2343.1731918010305,97
2.3001729275317904,-2.022486005691772,23.400721418096666,1.9609956379900588,1.2602246524171627,2374.9495187313,97
2.2997178524098496,-1.9569512402757672,23.885058260978536,1.9007065372264125,1.2248698980250243,2399.7272481715413,97
2.382523945037353,-1.7371135499883246,24.27074879788337,1.70052469981478,1.0684799463190962,2507.2476248233875,97
3.270217291852265,-0.1514773742949655,24.447670733675047,0.1729896430005367,-0.387030713260179,2389.5540901346403,97
3.5187461059144205,-0.0165045294672863,23.52146573776897,0.0049751419177683,-0.2004455010941735,2366.728905211101,97
3.510001497065767,-0.1027140301909851,22.454904840347613,0.107001137067663,-0.0303066133501683,2369.187359749003,97
3.5706875007203287,0.0231853246371809,21.900110620133404,-0.005322550324367,-0.0634715622092818,2287.444987844914,97
3.570088120217019,-0.0420368607056896,23.121560624305214,0.0639124296684844,-0.0220956467488345,2326.439855697307,97
3.581184425252549,-0.0501369467758119,22.10488373167972,-0.024377829167358,0.0819382767410986,2383.779442320479,97
3.5681304525821784,-0.0426535620651351,21.435872504051687,-0.0223719028637118,0.0123813740829851,2476.193037317152,97
3.5972491591534714,-0.0051628238660218,21.30110359191895,0.0555159467411163,-0.0292107210831431,2437.144957197473,97
3.628700682457457,-0.1160027306289125,21.649365485982685,-0.0022156575813565,0.1143625766197427,2566.4750742810843,97
3.654012299598532,-0.115183547337323,21.10225090067437,-0.0543075724643579,0.0934172156960416,2512.76777291805,97
3.631392478942871,-0.1378100365400314,20.927396774291992,-0.0069621750153601,0.0398765876889228,2653.631103515625,97
4.030917644500732,-0.0515008494257926,20.36062431335449,0.0811615064740181,1.1245273351669312,622.0360717773438,102
4.109594764605246,-0.5165642927008901,12.530587748751614,0.3760205786497094,3.066955757922813,-8.212909154553234,102
3.869300077521736,-1.471455605303655,8.5950451522577,1.5454570686882312,3.3179438088109583,32.40250796959053,102
3.7727576122909294,-1.985910571989466,7.736974278434378,1.973571849651024,2.8694540125424743,41.41846315978,102
3.757793757433448,-2.165742732136628,6.745719607410536,2.172114109080997,2.612632270719184,172.78746203646628,102
3.789746997134933,-2.105572747402504,8.046171334271873,2.126802592981057,2.621944198191492,102.17243182072868,102
3.779362920854912,-2.041809398619855,7.189918236654313,2.043685725477875,2.5927197698686943,108.07295014428315,102
3.7296301393561024,-2.101131909531974,7.474710943920364,2.092364691645721,2.529180486345552,121.4384119836359,102
3.7207552683158,-2.058122776896576,7.639762305171112,2.0821205058384464,2.549534327345468,128.68005946425137,102
3.698106750113065,-2.035547166574197,7.443593290985608,2.044881558809124,2.600771536592577,136.56877011158437,102
3.680173674567801,-2.052141517889304,7.328794145844673,2.031819704451848,2.6112286601561667,161.59065605121887,102
3.635213982212088,-2.054205038508431,7.422183000324854,2.0609316018109767,2.5428099019931314,158.00358122945485,102
3.620437496998271,-2.107335934873487,7.518374239812131,2.118649936113201,2.508687906577939,76.27554283767455,102
3.617988987698581,-2.114421733741552,8.010331826131852,2.1390757417418267,2.506960793271091,78.48300100024281,102
3.60494145539289,-2.0734400866461584,7.636371810579561,2.0756131755849703,2.4977416900989136,135.37259715762943,102
3.646321894692593,-1.972270262045938,7.658539975275757,1.9796998031803807,2.535642408933796,130.82444625604364,102
3.620486084880724,-1.9912636227946463,7.695581978136072,1.9998392537643348,2.5177966519131685,178.38787591652806,102
3.586546146153101,-1.999300804294524,7.52997242036413,2.055961846002464,2.502192636656631,209.59231900908256,102
3.580980637034432,-2.067330735628722,7.511266645838,2.0536699803149108,2.4785207490452,241.56913031906387,102
3.6143981954439086,-1.9735181097124448,6.989364207116639,1.9385454342013504,2.506376850149019,183.93889997305075,102
3.5976634338253834,-2.0145109924462323,8.16139528660175,1.9486599509181872,2.526993571734819,202.21939420439503,102
3.575373583152646,-2.0473203385462524,8.008993586555857,1.989289662877067,2.504303338097744,204.366849805488,102
3.566180420703575,-2.032734123084063,7.970140801101436,1.9890248019838597,2.48465280845517,286.07932886009024,102
3.5299897767155546,-2.060227276848965,8.482003383949158,1.988889077973496,2.4897424210616146,267.114240302414,102
3.5237238915240177,-2.053700130493915,8.764125354954453,2.0049101524665707,2.476587530042304,209.98228429575445,102
3.505704474579441,-2.0816427163087603,8.989674854799699,2.0432639304406006,2.4738364897139085,286.03064481808195,102
3.5105224971562787,-2.036361483276868,8.874091111897119,2.00428931048659,2.468559321158571,280.1272864836813,102
3.497416437649336,-2.0197524477223885,8.2471899751757,2.001261799061885,2.4661535943140747,293.4578282090484,102
3.4870429807673387,-2.0395769734200235,8.386479653947339,2.014728770229986,2.463672336984853,230.6993499922625,102
3.485905759321536,-2.003735130601893,8.190227154174138,1.9891976339569508,2.423741172571652,245.25875354204032,102
3.463674084084933,-2.1080277396030125,8.942776851966732,2.0663775967769946,2.4185964044977406,235.14742341588703,102
3.460815819234796,-2.023543342215116,9.234108315139522,1.990423539297177,2.42322282843251,286.71042103585006,102
3.463688390502513,-1.985951729810954,9.465108694274573,1.9957678220311144,2.4015694524421067,327.7252108881382,102
3.464542846210667,-1.9866698628566304,10.086551541187722,1.9590444408479284,2.4205842057212457,339.25012457175325,102
3.44607804642349,-2.019950049822448,9.682622555175117,2.0192758125034187,2.4218911017225087,341.7467319509371,102
3.450585021347296,-2.0006653076964,8.951817142507414,2.0261941607532608,2.415629530213569,322.80876168006114,102
3.437230446299569,-1.9938046912677956,8.79863717126065,2.012419118255865,2.411002987720927,357.63340133917114,102
3.437139363888183,-2.0118509016401784,9.12939516703288,2.0420621444618767,2.376876330766521,415.3958891988452,102
3.441094988682231,-1.966938641553368,9.35085666635649,1.9968047988870756,2.3539731554646317,412.4531181627282,102
3.4326624518535174,-1.962306350958152,9.997154861200055,1.9790530693335608,2.3896730493326657,432.0523546562825,102
3.409283084296138,-2.0208006152689784,9.268472265024656,2.0394698075258018,2.3557451982967192,485.6178116928685,102
3.4183156529410943,-2.0393126297518207,9.64371606170154,2.030693263955455,2.3684030621429613,457.5700641903067,102
3.4234767937269366,-2.0140816129621912,9.667171321931432,2.033326477300925,2.3889352532683827,430.5939806328446,102
3.4045067445827963,-2.0347312324034053,9.672808725325792,2.065596134936222,2.33446759083232,499.1640625000005,102
3.423194506129281,-1.931441261468689,10.095811823026729,1.9100641591952792,2.4048931963456788,501.8950000200116,102
3.394570749314105,-2.003798183847646,10.003271134173286,1.9803684871704856,2.393631169053375,541.0643040391266,102
3.3844705031869187,-2.0790466988672973,10.141722528009478,2.0654360336032718,2.3357169107009805,524.9149733579874,102
3.3522286818978566,-2.1051440655859444,10.056069295914448,2.1000995922609755,2.3295471746413434,555.4040837522413,102
3.369913026934765,-1.9743966000979063,9.658459053664917,1.9811617370511665,2.29069368956519,542.7304397332862,102
3.398461139918677,-1.9896670840477024,10.342083123212303,1.981645361973288,2.3699755668640137,540.1506084171149,102
3.359162782710758,-1.99237599073212,10.38421698606731,2.0102620541723697,2.356825952321454,546.1474072399035,102
3.335530879067593,-1.9977475736961992,9.38858010338956,1.946670270356976,2.3262002937129287,578.4549830702485,102
3.3187327697628834,-2.0026799870319056,9.950558876079288,1.957650035456881,2.2757228593357275,607.919788131297,102
3.3529441030950498,-1.9005105892817171,9.83858521258245,1.9277736078846,2.355882915642744,570.1237215969729,102
3.3359214829616857,-2.0584078304103177,9.850244615898765,2.0497467830532896,2.2861044250550817,606.374240562564,102
3.329722950367328,-2.0183926371277354,10.225619832023243,2.077689596864044,2.2965401808420816,563.1238983654584,102
3.3305602203952813,-1.9851132273022596,10.356972345237525,2.0494381495512246,2.334451926861956,575.4122704677893,102
3.330218784144667,-1.9910192059688865,11.047503643348564,2.022817861838418,2.364689944220371,622.278921658876,102
3.291848000281495,-2.0535330850569933,10.767643610636393,2.081488032158607,2.3110399975802727,653.511019347144,102
3.291582015042748,-1.999759598507908,10.661306777287054,2.054332662801274,2.30055607993746,680.3931687985615,102
3.308979745771064,-1.986848889804278,10.600051535934696,2.045932457095288,2.275389065507982,631.8259147268835,102
3.3044984340667725,-1.9744448661804204,11.355034828186035,2.019324541091919,2.287850777308146,750.696960449219,102
3.2796887569740174,-2.0373464816255,11.392450999692482,2.02464426671221,2.28773036550303,753.5199544937885,102
3.294408927198316,-1.9947425889187167,11.66994939084913,2.005803870373085,2.3115903784017093,728.7840746269852,102
3.307467841059784,-1.9133211243999453,11.833503780469222,1.915117249462774,2.3053077048942687,661.0296327351216,102
3.3076626016794006,-1.9687457286594996,11.384062344910657,1.986229714148684,2.3067561212133194,710.6745915647416,102
3.299798496433946,-1.9091183005786327,11.70383506524758,1.915450580784532,2.2842232868319656,751.2588981253203,102
3.2903444545516547,-1.9690193862862928,11.49478151498597,1.9581128319755936,2.3170612913663264,779.5763623180285,102
3.284951818445341,-2.032380012866578,11.161532917960743,1.9997714334498335,2.314082145690918,824.3557672552723,102
3.2803569269962,-2.0196964467158085,10.638147260321944,1.9837434135499552,2.2720931201684667,808.9336868035986,102
3.2864499951972337,-2.019495790773401,10.791854545718346,1.9900524909379047,2.287083388677712,846.0322829282992,102
3.29649759641762,-1.9374444106888904,11.088323999623784,1.962702979806994,2.31676829186945,804.9722336732625,102
3.28458050039948,-1.978746963329003,10.794879319237882,1.9596793338900715,2.318544720039993,826.9026769419186,102
3.2667899262058278,-2.042782165965097,10.837075551350914,2.0289493076136864,2.309390254359428,805.7193099892207,102
3.2815105237596023,-2.0360017031268343,11.022499725466863,1.9998098175382355,2.2845561035343858,798.0159755352418,102
3.2483233193882177,-2.06134687095392,11.027979866403056,2.019025278873132,2.251184557305008,808.254013311667,102
3.247887365153579,-2.044799150664949,11.135832010071129,2.0068433610467955,2.2604529740380466,792.5430331204097,102
3.2447192603773103,-2.078783839126753,11.18824799334417,2.012000989392807,2.2233248056609773,786.459098774227,102
3.213051987476036,-2.0990652686259783,11.047302746381902,2.038070604449413,2.196359810281973,836.6311185242705,102
3.2035938872665657,-2.102845021284343,11.595284446341092,2.031995906204474,2.217909039043989,892.3541840099898,102
3.188251774167754,-2.115692207722064,11.861095819316926,2.0520286247378485,2.2189790043023114,905.4388524456762,102
3.194782042112507,-2.081340996945489,12.199856976993743,2.038185660956334,2.1913748021985664,977.4639402295734,102
3.1942095053000528,-2.0194563722349903,11.704756502245294,2.0031630250274155,2.188670854099461,1021.6574260107154,102
3.1980955470455146,-2.0618612075763987,11.93506899557479,2.04769256466725,2.183193514255879,932.2891225345788,102
3.182703467666125,-2.060986444598339,11.5156198720463,2.059754840663222,2.2012082201535583,944.3470398949794,102
3.1678151928010534,-2.032477974240245,12.038646635462026,2.0034114741236784,2.1975904839937805,907.8509978414236,102
3.210702722841273,-1.965046302868369,11.92169590204791,1.946602720380482,2.161203613698156,1005.933372289104,102
3.2004911782311614,-1.9965725785396136,11.944235238872588,2.0230445197371187,2.11911714663271,1056.0455162173416,102
3.191727781556343,-1.9768044388359367,11.872701519825425,1.9779471582402304,2.125424791554936,1074.7475959486,102
3.160630891883308,-2.0148313983542034,12.274791139071102,2.02436265919378,2.116262235276685,1076.691148768358,102
3.11868601158017,-2.016866316560839,11.688340374680813,2.014604181539817,2.064536700483228,1152.2051181480542,102
3.1063907889069102,-2.0200121585137203,12.126150631513749,2.0312357150791764,2.0673974029353417,1208.0287605660858,102
3.115718583591649,-2.039345633788189,11.70672980553466,2.0405128327875204,2.0914828164981363,1136.018355906332,102
3.1116692042741607,-2.062269906528664,12.230600654101773,2.0695762126172195,2.069046364455926,1157.4482982197756,102
3.1143774478161923,-1.9970712831111557,12.697259001393135,2.018703718654445,2.057792718293237,1144.3634927051314,102
3.093598124759445,-2.02780723441494,12.523752493936506,2.009713464747361,2.0031549989200035,1201.1143285198937,102
3.0969858286810696,-1.9952992474446545,12.12618093021581,1.9806521876913608,1.9935403945016072,1200.2180215804306,102
3.0311422035342344,-2.0390595217220118,12.5472265097613,2.01675996493772,1.945168749230807,1250.2950993105358,102
3.037260292657737,-1.9872577731075185,12.244666876037256,1.992198475071641,1.9423750554277592,1296.2137544559023,102
3.0242317895420263,-1.9934967189538677,12.51609567736016,1.964519272085096,1.948600839395992,1268.0510594102202,102
3.034084975393744,-1.9936959795613107,12.42399319924943,1.9846088625694236,1.9221034812145548,1344.8049496509989,102
3.010743538538615,-1.9842496504549116,12.231959197039163,1.967846878890783,1.9985101170878596,1340.5522294174784,102
3.0184309091724333,-1.970939642093221,12.086643422236206,1.9546011862207624,2.015770962980928,1370.7534940125513,102
3.0153557133804907,-2.0001687137155595,12.46748827324539,1.993964356151436,2.031287205023843,1366.6071897412914,102
3.019052506795998,-1.980973890570344,12.7213706396968,1.9453101731388949,2.009735580350532,1387.5943216626113,102
2.9793309110109925,-1.9884486647902944,12.288929798563974,1.9998983007962583,1.9695931907560005,1407.0250044025358,102
2.9406906920052616,-2.001497329909945,12.379606726391074,2.003033567647465,1.9370747915382596,1443.7498792637898,102
2.948528022714,-1.9675624761425077,12.770630138167922,1.9790416148190937,1.932593442051788,1396.125200782316,102
2.9209381635071803,-1.995151214912292,12.82820313875793,1.988424445762012,1.9007142469531204,1413.449126696976,102
2.904944719512605,-2.056660700365494,12.75202428578027,2.0433356514393948,1.9011907356032904,1397.8314128938289,102
2.890690582046092,-2.0123812149131237,13.386248698000047,1.9879463201012115,1.846917937362129,1430.5633644979507,102
2.884455821553215,-1.9906741771541656,13.602516049244372,1.9356926151963527,1.8836503185209683,1379.1816566342209,102
2.8697086227396147,-2.0105211767342586,12.91720374685818,1.9745587234288624,1.847599324632863,1410.9413101946727,102
2.795825873567758,-2.031651257165794,13.55005185069932,2.021000333171073,1.816164051900145,1465.2029689100918,102
2.756005005758317,-2.0453211323159617,13.719247958699214,2.030976182124652,1.7872901119169626,1440.9081530961828,102
2.727684435297231,-1.9883214091994077,13.184387451963998,1.9480915284547649,1.716971533546031,1430.4920400817537,102
2.689152738435672,-1.9988184313956512,13.903093822666865,1.9742322645552173,1.665543257864447,1470.8040518005037,102
2.637307464099321,-2.01813913564213,14.007939557560167,1.9577786609774728,1.6448213526459996,1426.5729520203624,102
2.633281400294904,-2.0214790164447205,13.83666749860418,1.9959146461851591,1.6290669955842478,1509.298317831072,102
2.615081906970081,-1.945278715566208,14.744923633304436,1.9193076520669643,1.6097222299523692,1478.3049783341864,102
2.6252568354372103,-1.984736598905968,14.54591216415657,1.9969765260571328,1.6308581105998283,1506.26144859439,102
2.619849925484162,-1.9144177886306255,14.693754540115108,1.9262030333117703,1.6257723921635114,1534.7760076470718,102
2.597357908884684,-1.9854075113932304,15.230688412984218,1.975471735000611,1.550301194190979,1536.7311197916663,102
2.5750173271679486,-2.01397684363068,15.190581978344532,2.007225288719428,1.5350874173836628,1540.4605392706203,102
2.5366728058278225,-2.004040552618726,15.557804587108858,1.999634775959078,1.5013039242374435,1585.4629326492077,102
2.4832662259294693,-2.054036093539876,15.589102765901536,2.027401434267803,1.4753908029670937,1608.3775774846315,102
2.467752417580026,-1.975116690651315,15.818887132113094,2.01350480611207,1.4510606605498515,1611.2035872662657,102
2.4200362937697943,-2.069634128789433,15.331297150075107,2.0783367130925754,1.4386086985061732,1651.21118564293,102
2.4000463655086164,-2.070825382659995,15.350827456823463,2.074538754635171,1.4292715631547512,1610.5085595969952,102
2.3658921523172345,-1.9716253241554629,16.44092319050773,2.0330626261038844,1.3633536960257857,1640.2480428726942,102
2.333713547128148,-2.065539313144368,16.67659497912466,2.081752748437263,1.3573511278694457,1587.4638224950938,102
2.333096319209031,-2.066069588635137,16.987462945323173,2.054137274215781,1.407844034049029,1693.777527856045,102
2.316098568869419,-2.0310875509606023,17.499186437638084,2.0351625309615837,1.3704563731052837,1725.5182405065314,102
2.324089662624839,-1.9701966724760545,17.853660593918757,2.020287659650291,1.3332713914047811,1712.223987016522,102
2.32225505510966,-1.9688749033245252,18.0601825088751,1.98726910385278,1.2949961345703869,1686.24972183978,102
2.3225567692615945,-2.092840882598382,17.84452103786781,2.027536517283958,1.265934510309189,1686.9775630763334,102
2.3045803992474667,-2.106383060497013,17.933654055569342,2.043387631900975,1.2901933805538657,1710.8643391927085,102
2.3245451763028004,-2.028681994787331,18.50851157975327,2.001270572344462,1.2855282461708362,1715.8496814164962,102
2.3305265825302874,-2.066730546169593,18.616788176239517,2.033059634146141,1.3653555639454578,1723.2358838691086,102
2.3165959608359405,-2.019614336920567,19.45107382894213,2.004741577502809,1.3777617646045357,1758.490520539833,102
2.3000425341350783,-1.9973286435903728,19.1651727853577,2.0047602002086524,1.3248029992880066,1773.8517626152648,102
2.303094539485995,-2.0584405641086767,19.408841711575867,2.055623804936645,1.304296868746398,1795.476350377819,102
2.2852190713413423,-2.0894340296260645,18.741293610119428,2.0656192003052087,1.3428679229131812,1762.407255912739,102
2.301490979116472,-1.9822271938532423,18.671643762640624,1.9657817557861232,1.3104859818526304,1807.224499978656,102
2.319605596729967,-1.97287060784512,19.094227962806556,1.9383905442034624,1.3458015762391642,1833.8686503425984,102
2.3057769686797926,-2.0987710548880334,19.19706363365301,2.051407445323924,1.3392104692146407,1860.8014929932983,102
2.365791673868733,-2.0417337274290768,19.965883494726317,2.0000451536126453,1.3585968818820893,1829.1820408555327,102
2.3463427082436983,-2.0931365450874706,20.282506598800907,2.0604315507607383,1.364890037990007,1840.436087186219,102
2.3231721992701138,-2.1590657364475265,19.94773059073693,2.096678703860507,1.3723846406884532,1841.1082376782356,102
2.2994421205885422,-2.115864964782216,20.159427121688758,2.1387679811383866,1.2593716265725314,1898.109105511442,102
2.313704142805006,-2.1272408649569656,20.29885429632469,2.1242831300516603,1.2644151273320927,1934.4412041335825,102
2.321276337722612,-2.101312632117762,20.75326359858281,2.060520209901316,1.2831684031773136,2019.578353798455,102
2.310159984182139,-2.0649951207833226,20.617337190388323,2.076497836191148,1.3019930905983097,2019.0899031175304,102
2.300573876646698,-2.042726028160972,20.841991893580698,2.0431919058815384,1.2970022959787333,1981.590848328637,102
2.286900070847058,-2.129602328024274,21.365318319185185,2.093333506193318,1.2708842871619055,1982.0584009722943,102
2.3120477772801307,-2.0916350278698035,21.31411878658773,2.062209230954529,1.2763910606259214,2011.3158979572224,102
2.301187827938893,-2.0790816486858894,20.97718635934297,2.04018567820064,1.3418458367957438,2056.4679735527693,102
2.3384508161596926,-2.0297718269577447,21.306146663394788,2.000778421026763,1.298834465240523,2119.6889661778496,102
2.3433648940643983,-2.0981416545930447,21.05600811484082,2.093155139130972,1.33672847643576,2176.071346428877,102
2.3209191697542777,-2.09007453918457,21.85068971602643,2.053891236664818,1.320952155550972,2252.878049756661,102
2.289849166661664,-2.1284759670007425,22.140863105899,2.1111309554407507,1.2685099149662278,2192.0815656484806,102
2.295754385776207,-2.150223450582537,22.009166582034577,2.1066185763624854,1.307783775642272,2193.567899109887,102
2.2997718365466,-2.058335245632734,22.00097700025216,2.0596078262954465,1.281370131695857,2218.888011494621,102
2.3061303388876992,-2.1263137463012027,22.166755321898744,2.1032789170416324,1.2407697178626973,2204.427915812841,102
2.3137762624709333,-2.0325439992498158,22.54613163432137,2.050142301236344,1.252985547149116,2212.1690493724386,102
2.313018794919624,-2.066991294016602,22.202433914434707,2.049081403701031,1.36699082812325,2243.7922163165986,102
2.305064653438298,-2.065607818749432,22.807989693730267,2.07694853589834,1.351880687833484,2315.431484535092,102
2.2897340417559664,-2.0539616483156795,23.26709639960952,2.0210088966974142,1.2784547773215265,2270.954349705432,102
2.2564548508065645,-2.108039965395068,22.54349721064333,2.052682302037224,1.243726777248695,2291.2508725025614,102
2.212487568620776,-2.1529109113203377,22.839987947641173,2.0836752242729317,1.284950341031852,2262.394617966614,102
2.176450496162872,-2.127255596098353,23.744089783215124,2.113265558670127,1.2397058244611383,2250.0226250320184,102
2.229952679305784,-1.934342333527851,23.119501051355584,1.900657767155121,1.117710205375165,2343.320784772031,102
3.197825670242325,-0.1009958634773761,22.58141186198252,0.1329897029803591,-0.4554254246539861,2192.3719916004925,102
3.492302829450595,-0.0254340419759532,22.259175899901685,0.0391958254526858,-0.2336200176040891,2307.146765870481,102
3.555106553875033,-0.0091090411192079,22.626216607015643,0.0569928555337128,-0.1680012618909125,2288.121730116546,102
3.5709527020897385,-0.0200741789888979,23.46833358306049,-0.03553566654961,-0.0800670362968278,2261.368208087855,102
3.577843185331001,-0.0971662900894046,22.1959155765388,0.0371392064529367,-0.02451652934765,2324.25784451844,102
3.558322171695897,-0.074470748056152,21.91726659555909,0.0935509231124721,-0.0164784096910455,2400.963162781757,102
3.570233726762028,-0.1427512589862437,22.72625212330639,0.0942350231477479,-0.0135398682491835,2371.1986584272554,102
3.609036754389279,-0.0456848314306771,22.25342228373542,0.0881254148613551,-0.0040383270936602,2391.6969747908115,102
3.576341484413772,-0.0616081712431609,22.483260326698176,0.0403721584770518,-0.0219176287350594,2376.6109318967733,102
3.649246166312631,-0.0365814876442405,21.84188402936756,0.043842258260085,-0.048269525618174,2409.81342586663,102
3.6434028239849487,-0.0870413292056875,20.66557951963665,0.0876814442498397,0.0156393041885111,2491.969008815745,102
3.6448354721069336,-0.0973668619990348,21.75090980529785,0.075819618999958,0.0881427582353353,2507.15673828125,102
