Voltage_measured,Current_measured,Temperature_measured,Current_load,Voltage_load,Time,cycle_idx
3.648484706878662,-1.0960036516189575,25.498857498168945,1.052159309387207,2.096872329711914,1452.3883056640625,1
4.034449925025304,-1.2231009006500244,23.24694061279297,1.001248242954413,2.937026043732961,-37.61428705851237,1
3.8828805486361184,-2.337908844153086,34.1589298248291,2.1266717116038003,2.9771750370661416,191.37871678670248,1
3.677779525518418,-3.4687007665634155,40.347800731658936,3.5047534704208374,2.1594774574041367,262.54414558410645,1
3.6247183879216514,-4.060544967651367,41.05490493774414,3.996653437614441,1.6875680486361186,96.85838572184244,1
3.65620826681455,-4.109781364599864,42.340510845184326,4.008645872275035,1.65841306746006,39.70259730021161,1
3.683085501194,-4.093812346458435,43.4953088760376,4.02670681476593,1.7023029625415802,-2.487049520015717,1
3.681887457768122,-4.084948182106018,44.17175515492757,4.048795660336812,1.7097390691439311,-6.73729880650839,1
3.677753289540609,-4.067226568857829,44.6034304300944,4.04897944132487,1.7064715226491292,3.4320991834004686,1
3.679341822862625,-4.0511115193367,45.04412031173706,4.0411593317985535,1.7096211314201355,15.009700775146484,1
3.6748010317484536,-4.044577479362488,45.457347551981606,4.037075678507487,1.7102180123329165,36.71218999226886,1
3.6700259248415623,-4.038336873054504,45.77044995625814,4.030359188715617,1.7091844975948334,59.8619346618652,1
3.666502475738525,-4.036026477813721,46.06141090393066,4.027843952178955,1.7065009474754331,79.20819854736328,1
3.6659322877724967,-4.034545004367828,46.34590117136637,4.026037295659383,1.7032539993524551,92.19963836669922,1
3.667727629343669,-4.032225767771403,46.54319095611572,4.023147543271382,1.7031235694885254,99.12006378173828,1
3.663129419088364,-4.0400678515434265,46.72698831558228,4.031327962875366,1.6982503533363342,108.63629913330078,1
3.655746857325236,-4.047864437103272,46.86553192138672,4.038680712381999,1.6900077263514202,118.72876739501952,1
3.6462132036685935,-4.054181794325511,46.96225277582804,4.044180115063985,1.681168923775355,129.17876466115314,1
3.635227918624878,-4.056616544723511,47.03374004364014,4.045350551605225,1.6714980900287628,141.65724182128906,1
3.63007918993632,-4.051559527715047,47.08648729324341,4.03925633430481,1.6665548582871754,149.6559346516927,1
3.6232672929763794,-4.050382773081462,47.2269032796224,4.038087447484334,1.6613199313481648,161.29870096842444,1
3.619529962539673,-4.044916868209839,47.39480018615723,4.031961619853973,1.655767947435379,173.8784637451172,1
3.621594766775767,-4.039205988248189,47.51769701639811,4.026327967643738,1.6559370358784993,179.57280985514322,1
3.616446673870087,-4.0454185009002686,47.583664894104,4.03348974386851,1.6524744033813477,189.29979960123697,1
3.607227563858032,-4.0512375831604,47.65412139892578,4.039636611938477,1.6462905406951904,202.58876037597656,1
3.598635067542394,-4.048369248708089,47.78686666488648,4.036098639170329,1.6403261721134186,219.2291208902994,1
3.593996544679006,-4.035527388254802,47.969478925069176,4.022211988766988,1.6362567742665608,238.8250071207682,1
3.5930932760238647,-4.023540377616882,48.07908487319946,4.01037210226059,1.6357550621032717,254.83624076843265,1
3.590768575668335,-4.018398682276408,48.12305005391439,4.006351629892985,1.63616544008255,268.26538085937494,1
3.5851280093193054,-4.019456386566162,48.19344774881999,4.009289562702179,1.6341054091850915,281.87730407714844,1
3.578350603580475,-4.021499276161194,48.3973913192749,4.01302170753479,1.6284294426441193,297.6124572753906,1
3.573446234067281,-4.020738065242767,48.78616078694661,4.013811886310577,1.6213149279356005,315.2603251139322,1
3.5624685287475586,-4.026553630828857,49.22442499796549,4.020959377288818,1.6084173917770386,340.22155761718744,1
3.5562099516391754,-4.024180054664612,49.47659826278687,4.017712235450745,1.6004422158002851,357.474365234375,1
3.554606258869171,-4.021804372469584,49.52807807922363,4.015584746996562,1.6019662916660309,361.67043050130206,1
3.5446013311545053,-4.030660490194957,49.65462827682495,4.0257159272829695,1.5957915981610615,372.9355977376302,1
3.533443808555603,-4.032328128814697,49.824195861816406,4.027023553848267,1.5877678394317627,387.907958984375,1
3.5281474391619363,-4.024534543355306,49.974540869394936,4.019950687885284,1.5835338234901428,399.63405354817706,1
3.529648383458456,-4.015279889106751,50.07498836517334,4.011860211690267,1.5855134924252827,403.4778747558594,1
3.53353413939476,-4.011937260627747,50.077462673187256,4.0096670389175415,1.5917521566152573,400.4790802001953,1
3.52845827738444,-4.022712230682373,50.22088241577149,4.022828420003255,1.5882063309351604,406.2857259114583,1
3.524247328440348,-4.026120205720265,50.35320822397868,4.025341173013051,1.583504964907964,412.9583943684896,1
3.519576728343964,-4.027687907218933,50.44406509399414,4.027171969413757,1.580593258142471,419.1611633300781,1
3.5084756910800934,-4.033410012722015,50.68971808751424,4.034638384977977,1.5686299353837967,436.5928649902343,1
3.4985454082489014,-4.03634516398112,50.96469624837239,4.038656552632649,1.5554551879564922,455.37420654296864,1
3.4946486353874207,-4.035288333892822,51.044180393218994,4.036161243915558,1.5502928644418716,463.4478912353516,1
3.493882894515991,-4.035513242085774,51.04453976949056,4.036200284957886,1.5511585970719657,463.4526672363281,1
3.492221146821976,-4.033741732438405,51.24850829442342,4.035769999027252,1.5482972462972004,469.9359436035156,1
3.4902639389038086,-4.030241966247559,51.44014739990234,4.032618045806885,1.5451360940933228,479.367919921875,1
3.486029009024302,-4.031614502271016,51.503783226013184,4.034057637055715,1.5411588152249651,488.3823801676432,1
3.4799251357714334,-4.035523931185405,51.57751782735189,4.038328210512797,1.535955011844635,497.7461344401041,1
3.473103880882263,-4.035466253757477,51.761993408203125,4.039229214191437,1.5277909636497498,512.0870819091797,1
3.465005397796631,-4.03927206993103,51.88369941711426,4.043448130289714,1.518337567647298,526.5475870768229,1
3.462625016768773,-4.036446988582611,52.01851558685303,4.039947271347046,1.5146229962507884,535.430180867513,1
3.4603516459465027,-4.033559799194336,52.18513870239258,4.037894248962402,1.511307418346405,545.6518249511719,1
3.454015463590622,-4.0360695123672485,52.32001177469889,4.0403861204783125,1.5043107122182846,559.5467580159504,1
3.4504453341166177,-4.036920547485352,52.2515983581543,4.038989384969075,1.5017527341842651,564.2399088541666,1
3.4528610706329346,-4.034525692462921,52.20572900772095,4.036798000335693,1.5032763630151749,562.2619476318359,1
3.4484654664993286,-4.042962829271953,52.241427421569824,4.0460115273793535,1.500200589497884,564.9852091471354,1
3.439240415891012,-4.051607569058736,52.26724720001221,4.053317546844482,1.4914837876955669,572.9593098958333,1
3.438541293144226,-4.047496795654297,52.29888916015625,4.047815561294556,1.4894769191741943,575.4217529296875,1
3.4345831672350564,-4.048592309157054,52.34915177027384,4.049261252085368,1.4855844179789226,581.6490885416666,1
3.4300965865453086,-4.049496054649353,52.41415564219157,4.049806515375773,1.4806853532791138,589.762705485026,1
3.430037707090378,-4.0453150272369385,52.47389316558838,4.045150339603424,1.479154735803604,594.9781036376953,1
3.433347463607788,-4.041049480438232,52.53775405883789,4.041182518005371,1.4814120928446453,596.6537679036459,1
3.429663936297098,-4.0450312693913775,52.6199811299642,4.0453359087308245,1.4790603170792262,603.4980875651041,1
3.419885635375977,-4.048800706863403,52.78695964813232,4.04972243309021,1.4698536396026611,620.4634094238281,1
3.4097780684630075,-4.046902318795522,52.96285883585612,4.048149287700653,1.458081419269244,642.5553181966145,1
3.404167016347249,-4.044414758682251,53.01528612772624,4.0452760855356855,1.4514121214548747,656.5086466471354,1
3.403277635574341,-4.041000127792358,53.06899404525757,4.041454315185547,1.449685022234917,664.3003692626953,1
3.4074343840281167,-4.035018642743428,53.10353787740072,4.033289750417073,1.453047474225362,665.9226582845052,1
3.410216212272644,-4.032305955886841,53.1478845278422,4.030106842517853,1.456092377503713,668.0972340901692,1
3.4053585529327397,-4.035802364349365,53.27274703979492,4.035133361816406,1.4515255689620972,680.0174560546875,1
3.397062460581461,-4.040922482808431,53.36569499969482,4.04078205426534,1.4436518947283428,693.7034962972004,1
3.394770860671997,-4.03770387172699,53.419555028279625,4.035825133323669,1.440358966588974,701.6739908854166,1
3.4002275466918945,-4.026805281639099,53.46544027328491,4.023024678230286,1.4437638968229294,704.1123199462891,1
3.407780170440674,-4.017708619435628,53.52508862813314,4.013779004414876,1.4499959150950117,705.1246744791666,1
3.407149126132329,-4.022267202536265,53.58246644337972,4.020090381304423,1.4504950443903606,710.1799672444661,1
3.3980053663253784,-4.030299425125122,53.76320457458496,4.030320525169373,1.443063348531723,726.1500549316406,1
3.387914647658666,-4.032471537590027,53.92874097824097,4.032617330551148,1.4322818120320635,746.119639078776,1
3.3820062478383384,-4.0313591957092285,53.9744987487793,4.030160903930664,1.4256720940272014,758.4568684895833,1
3.37996569275856,-4.028029084205627,54.01817417144776,4.026091158390045,1.423119142651558,766.7154998779297,1
3.3746761282285056,-4.030276934305827,54.07110977172852,4.027146935462952,1.4192520181337993,776.3934326171875,1
3.3715538581212363,-4.0272669196128845,54.12670008341471,4.022975981235504,1.4151652157306671,786.7191670735676,1
3.3744914531707764,-4.01845908164978,54.20794868469238,4.013287305831909,1.4160363674163818,794.3436279296875,1
3.381660431623459,-4.009262343247731,54.2927041053772,4.003125329812368,1.421760266025861,797.7835235595703,1
3.381424148877462,-4.01454226175944,54.32131417592367,4.008052309354146,1.423311283191045,801.05908203125,1
3.375346064567566,-4.021751463413239,54.37659788131714,4.0156808495521545,1.4187986254692078,809.2084503173828,1
3.370321114857992,-4.021371841430664,54.46201451619466,4.014634927113851,1.4129271109898889,820.5942382812499,1
3.371857444445292,-4.014633218447368,54.485463778177895,4.005455374717712,1.4127983649571736,825.7642110188801,1
3.3762729167938232,-4.006030082702637,54.54045391082764,3.995439350605011,1.4156139194965365,830.7086791992188,1
3.3768342634042106,-4.005654533704122,54.60477701822917,3.99462828040123,1.4163373460372288,838.2479044596353,1
3.3703001340230307,-4.013230323791504,54.68592961629232,4.002568364143372,1.4115068713823955,850.7525838216145,1
3.360408455133438,-4.018313705921173,54.8108057975769,4.007762908935547,1.4016833156347277,869.5710296630859,1
3.3602160612742105,-4.010962049166362,54.88985951741537,3.99897050857544,1.3987184564272563,881.1021881103514,1
3.359941432873408,-4.008334716161092,54.99750932057699,3.996968408425649,1.3981248786052067,891.7756779988606,1
3.355093240737915,-4.0136895179748535,55.10800552368164,4.003427982330322,1.394400715827942,903.7288208007812,1
3.347977876663208,-4.022781511147817,55.14629713694254,4.012261688709259,1.388965959350268,911.2550430297852,1
3.343952695528666,-4.025357365608215,55.157615979512535,4.012893795967102,1.3851797382036846,915.1509450276692,1
3.342732548713684,-4.020233571529388,55.22713279724121,4.008203089237213,1.3824311941862106,922.2151641845704,1
3.342924873034159,-4.0153835614522295,55.34196345011393,4.002874692281087,1.3818196455637617,930.8831685384114,1
3.3424504896005,-4.015594939390819,55.41750113169352,4.0019955436388654,1.3813835978507996,937.8879903157552,1
3.335995852947235,-4.024642825126648,55.43577861785889,4.011338829994202,1.376454472541809,944.8897094726562,1
3.3323243161042533,-4.02650370200475,55.45154015223185,4.012171129385631,1.3726857999960582,949.850835164388,1
3.3328866958618164,-4.023790041605632,55.45032755533854,4.007488250732422,1.3724541664123535,951.5599975585938,1
3.334629029035568,-4.02191561460495,55.42962741851807,4.003928661346436,1.3739903569221497,951.3622970581056,1
3.333346128463745,-4.022493362426758,55.47108745574951,4.004380385080974,1.3731111486752827,956.437505086263,1
3.3290422360102334,-4.0232038497924805,55.60397736231486,4.00464912255605,1.3689762105544407,969.6998952229816,1
3.327793836593628,-4.015552043914795,55.76937484741211,3.996095895767212,1.3648760318756104,986.6383056640624,1
3.328530659278234,-4.010061760743459,55.90438858668009,3.990002373854319,1.3636432886123655,1000.9438044230142,1
3.325852394104004,-4.01564637819926,55.95832888285319,3.994937439759573,1.361579805612564,1010.4379425048828,1
3.3215735256671906,-4.018726527690888,56.05968618392944,3.9980042576789856,1.3572692424058914,1021.9927978515624,1
3.3171483675638838,-4.017402013142903,56.229296366373696,3.996664921442668,1.351628065109253,1037.8707682291663,1
3.313668558994929,-4.016588409741719,56.38443533579508,3.994101444880168,1.3467271874348323,1053.6661987304688,1
3.3117069602012634,-4.018567800521851,56.42342472076416,3.992452323436737,1.344159722328186,1063.2802734375,1
3.3079717457294464,-4.021341880162557,56.43881511688232,3.9934566020965576,1.3401234994331996,1072.663350423177,1
3.3046805461247764,-4.021717627843221,56.46684010823568,3.992979725201925,1.336079239845276,1082.1640625,1
3.3030331432819366,-4.018229901790619,56.545480251312256,3.989658147096634,1.3331422805786133,1092.4938659667969,1
3.3013915419578552,-4.013732433319092,56.703374226888016,3.986482580502828,1.330058534940084,1105.920013427734,1
3.296479145685832,-4.018598179022471,56.84726413091024,3.991814116636912,1.325181062022845,1119.0555369059243,1
3.293837070465088,-4.023430347442627,56.89373397827149,3.99481201171875,1.321930766105652,1125.77880859375,1
3.290791561206182,-4.02764763434728,56.91907469431559,3.99827441573143,1.3190773328145349,1130.6354827880857,1
3.2830211520195007,-4.033951282501221,57.01495202382406,4.005336880683899,1.3119896451632185,1141.597941080729,1
3.2740667164325714,-4.0415297746658325,57.0885705947876,4.012183010578156,1.3037500828504562,1153.2193450927734,1
3.273516257603964,-4.032792250315349,57.11706225077311,4.001839717229208,1.300673484802246,1160.5753784179688,1
3.275532474120458,-4.0256241162618,57.14138062795004,3.994554311037064,1.301840965946515,1165.1223042805989,1
3.273630142211914,-4.029303312301636,57.17792797088623,3.9981632232666016,1.3012882471084597,1170.2514038085938,1
3.2699067791303,-4.035403788089752,57.19993909200033,4.003233293692271,1.2988994320233664,1175.4949951171875,1
3.2671289443969727,-4.038792610168457,57.18586349487305,4.0067728360493975,1.2963454723358154,1178.2782796223958,1
3.2658858001232147,-4.036733269691467,57.227195262908936,4.004599213600159,1.2951130717992785,1182.1510925292969,1
3.2649813493092856,-4.031770785649617,57.33791923522949,4.000463644663493,1.2937288284301758,1190.1847534179688,1
3.2615436017513275,-4.034112095832825,57.42742363611857,4.003658552964528,1.2911410232385,1198.4029846191406,1
3.2550145387649536,-4.03361439704895,57.58088874816895,4.005854606628418,1.28480464220047,1211.9104614257812,1
3.2444275617599487,-4.034304936726888,57.79293664296468,4.010645031929016,1.274733141064644,1231.43467203776,1
3.2350420554478965,-4.035036206245422,57.943241119384766,4.014243721961975,1.2652224103609722,1248.8795166015625,1
3.232712596654892,-4.036429524421692,57.95077276229858,4.014778733253479,1.2636685967445374,1253.684326171875,1
3.22646443049113,-4.041155497233073,58.009765625,4.019836107889812,1.2599188089370728,1261.5789794921873,1
3.2202389736970267,-4.044747451941173,58.05409415562948,4.0242718656857805,1.2551419883966446,1269.6709645589192,1
3.213385343551636,-4.052038192749023,58.097214698791504,4.031328916549683,1.2514539659023285,1276.2305603027344,1
3.203583041826884,-4.057850579420726,58.17792733510336,4.037637392679851,1.2442739506562552,1287.7444915771482,1
3.199174722035726,-4.055434226989746,58.21038436889648,4.034877459208171,1.2404709657033284,1295.2759195963542,1
3.1973636746406555,-4.049070179462433,58.266438007354736,4.028243660926819,1.2393418699502945,1302.0812530517578,1
3.1902453899383545,-4.051045338312785,58.37513256072998,4.032735347747803,1.235153118769328,1313.6976826985676,1
3.176565706729889,-4.058126509189606,58.48950672149658,4.042179644107819,1.2246467073758445,1329.8402252197266,1
3.174086809158325,-4.043647766113281,58.57392501831055,4.027639865875244,1.2198476791381836,1340.6629638671875,1
3.1740153431892395,-4.042242626349132,58.60027376810709,4.026016215483348,1.2208667149146395,1344.390106201172,1
3.170956333478292,-4.039604942003886,58.64707819620768,4.024820804595947,1.2187536756197612,1350.6030069986978,1
3.162879377603531,-4.034144759178162,58.77975416183472,4.024141490459442,1.211359977722168,1365.7859954833984,1
3.150193452835083,-4.044764677683513,58.84260241190592,4.037858963012695,1.2024430036544802,1378.061299641927,1
3.135740498701732,-4.043163359165192,58.9394367535909,4.038081546624501,1.1891970485448835,1394.439056396484,1
3.116916418075561,-4.040825843811035,59.06425189971924,4.039684295654297,1.172361671924591,1415.848114013672,1
3.0945040086905165,-4.042714675267537,59.16125822067261,4.043842136859894,1.1529500484466555,1436.952733357747,1
3.074549754460653,-4.03807258605957,59.25135167439779,4.040889898935954,1.1339989105860393,1455.2528889973958,1
3.0457863807678223,-4.032623171806336,59.40162563323975,4.039969027042389,1.1079127192497251,1480.6260681152344,1
3.0146961609522505,-4.03563396135966,59.528504053751625,4.047603964805603,1.0802130798498792,1500.1746114095051,1
2.980428477128347,-4.035227378209432,59.751728534698486,4.047495404879252,1.046496078372002,1512.7787017822263,1
2.9231598377227783,-4.01482892036438,60.25259208679199,4.022955656051636,0.98535817861557,1542.7908325195312,1
2.8711631397406268,-4.027124126752217,60.62985102335612,4.038438638051351,0.9379878590504334,1545.333979288737,1
2.811541855335236,-4.037355383237203,60.98554484049479,4.050094604492188,0.8837951719760899,1541.0411478678386,1
2.722626894712448,-4.0500078201293945,61.367032527923584,4.052377998828888,0.8034572750329971,1542.8773040771484,1
2.62114199002584,-4.076231479644775,61.571695963541664,4.06618865331014,0.7113446990648917,1537.5354817708333,1
2.5167666077613835,-4.085415701071422,61.44806114832561,4.070470849672954,0.6081532637278245,1546.20437113444,1
2.421954393386841,-4.072391986846924,61.040839195251465,4.057959198951721,0.5063518658280373,1560.2912902832031,1
2.353936175505321,-3.9950427909692143,60.44695027669272,3.985025157531104,0.4247157921393721,1572.97785949707,1
2.403485020001728,-3.1698829332987595,60.07691637674967,3.1859161853790408,0.3130834400653852,1613.917805989583,1
3.031746625900269,-0.1400185823440551,61.05885362625122,0.165438711643219,-0.1333813853561878,1579.427749633789,1
3.278903583685556,0.1894755264123298,60.86956564585369,-0.1471394598484057,-0.0435967436060328,1693.9050903320303,1
3.34499383966128,0.064303725957871,59.24185705184937,-0.0132704402009651,-0.01234611744682,1691.5185546875002,1
3.379159927368164,0.0280736107379198,58.1864013671875,-0.0086590714054182,0.0148876123130321,1718.7008056640625,1
3.66737961769104,-1.0297646522521973,25.07065200805664,0.9910769462585448,2.083932876586914,1421.175048828125,2
4.0538829402194,-1.0567441618507678,20.877880075590205,0.8344301170990116,2.8835287250456263,-30.614326602122876,2
3.8530490163896896,-2.604619927745048,30.68515408625368,2.4124351537944198,2.85928952107664,126.827861619126,2
3.697871735838593,-3.4066433632960087,37.54831764346263,3.457722210493244,2.185522630566456,237.51922282234565,2
3.634823232400613,-3.956800783918204,38.68945475093654,3.92508023293292,1.718700796528592,80.45169513473093,2
3.64996598066528,-4.067788225705506,40.42164144880785,3.9657489914711705,1.654003682683726,40.90977746932232,2
3.690645425046077,-4.062101543926802,42.27905686175237,3.97343098921854,1.712230309111173,-5.064005906464642,2
3.714643064092417,-4.05981359846605,43.6224917844345,4.000119085520344,1.7497170740137986,-24.87526404792494,2
3.719171982645337,-4.065379807206451,44.60794015269462,4.02659498016691,1.754437025778932,-16.52404774733579,2
3.7224052655892295,-4.057900655465048,45.37156277015561,4.031166225183205,1.752839569185601,1.6370819797281495,2
3.724852864208117,-4.04880719627839,45.95234321635929,4.028836466575581,1.7511335956594332,22.42116469503102,2
3.7237936825048727,-4.0440816149685554,46.3880013429402,4.02806842522543,1.74637347687789,43.83936491168915,2
3.7229316820863816,-4.038677176491159,46.716091968974126,4.0241158438510585,1.7424483045202788,61.28754712714525,2
3.7198702377048343,-4.035784085591634,47.0081302872121,4.021422479973465,1.7382349603163088,77.56602899103217,2
3.714688252881576,-4.033216114252643,47.28695072111536,4.018457399691389,1.7320276537879569,94.81874388814626,2
3.709438128549544,-4.030333667504983,47.57655878536037,4.016076033232642,1.7246238950823174,111.36256045982488,2
3.704764807810549,-4.026340995329977,47.82706561896319,4.013025018035388,1.7175678379548702,126.11400329089555,2
3.698313817300432,-4.023597727707826,48.05064556768032,4.01110423979212,1.7114190742617748,140.66061042827334,2
3.688259499971984,-4.019980672930108,48.24074923405882,4.007436767953341,1.7040557118712878,158.14387011918868,2
3.6730136232949344,-4.022049648514211,48.353134134428096,4.01001701719774,1.6916284170307097,179.1834655928482,2
3.658389079766195,-4.024901317116993,48.399622640974535,4.01358701883118,1.678323173783516,197.6056847911064,2
3.648844488331529,-4.026320035340356,48.44174475748031,4.015852990697642,1.669690800494835,207.89910513455752,2
3.644184852558407,-4.024792950010039,48.55866654192815,4.014884927885128,1.666051749974652,212.4315751706316,2
3.641213826143025,-4.023962315314455,48.64872262256393,4.014130787771256,1.664068218788814,214.68465094227608,2
3.636459768795576,-4.028211320032839,48.6864487069552,4.018220135423004,1.6620725451922806,217.0903673015657,2
3.629589957617671,-4.032000971622154,48.78533833404708,4.021804835626988,1.6585463702352972,223.21347621229827,2
3.622630232670268,-4.032884115729827,48.88128972704945,4.022252114092717,1.653766660742421,231.9183395469124,2
3.619163689066152,-4.02947120979184,48.918426826351975,4.018083963237825,1.6513094843411056,238.16997315453705,2
3.621178130634496,-4.023704536625597,48.87991330923278,4.012032177930322,1.6549318188526592,236.98723856608075,2
3.6125808166024473,-4.033598211945081,48.923743326155865,4.023262568510296,1.6516044335287126,245.30742165820848,2
3.6012804430039203,-4.039273332376949,49.04091206534965,4.029025531205975,1.6426221151820948,260.96111560258714,2
3.5943335327294355,-4.036088307698567,49.20567986743698,4.026078388339183,1.6363423756562947,275.41849638725245,2
3.5832726251883584,-4.039713916882791,49.32302597963093,4.030340043573432,1.6271191933115974,293.6049811358009,2
3.572841546574577,-4.03994435951358,49.374693698570375,4.029896923753082,1.619776336873164,310.18771612448774,2
3.566857889050343,-4.032701132727451,49.37486231652765,4.022913974490973,1.6177427228031265,321.65638140902496,2
3.562141117502432,-4.030106703440349,49.45422459169815,4.022545530496399,1.6147332790770816,332.0637680637381,2
3.558343394857938,-4.029430029822177,49.596846971355504,4.023368131918986,1.6115195125829975,341.77709360591706,2
3.5547610045782205,-4.029724509338212,49.79112095650428,4.025287664653174,1.608190615971883,351.5510307270321,2
3.5495126494944422,-4.031543241823957,50.09958869642247,4.029349157719013,1.6017025044707,365.29367649099225,2
3.539557460878716,-4.036320834863381,50.36124157514728,4.034758982111196,1.5917755853934366,383.4222572201589,2
3.53180884142391,-4.034168644681003,50.46868615072282,4.031549800289133,1.5851473254584223,397.7022451598788,2
3.530472261658132,-4.024742871685758,50.43355328919458,4.021803264409466,1.5868874364863328,402.3899659537227,2
3.522930317237729,-4.028010157288098,50.40548424642594,4.026730912630676,1.5831109226727096,411.28980292648566,2
3.514149400054431,-4.032666128189837,50.40995298708723,4.031775396378314,1.575956773888218,421.8805058380294,2
3.510573664649588,-4.031300182550983,50.44544878683456,4.030512457988301,1.5726304327855345,427.57450891713626,2
3.5148302687973274,-4.022308263622347,50.644320253466,4.0230498782923965,1.573964611428683,429.3367259541496,2
3.5205330653268785,-4.0156824627860646,50.81278051574373,4.017017499996665,1.5777163075619056,429.2795316769125,2
3.52343171150958,-4.015937216294919,50.83028889223526,4.017050849935396,1.5820414440227988,427.76952257833847,2
3.52262845977408,-4.018895665153128,50.767633656986426,4.019692538214511,1.5840387148935289,427.52118220094775,2
3.520213891899651,-4.021889108126281,50.7024925315315,4.022911332344097,1.5833884699097096,428.7296369375427,2
3.515993905197728,-4.025680945870655,50.76518981183162,4.027821960344992,1.579539496390546,433.9369209998292,2
3.51054018442748,-4.025960523574079,51.03591381135534,4.029610141378934,1.5710909073470067,447.0378798187757,2
3.509282423498852,-4.019391661784688,51.2991041173049,4.023472353408897,1.5656543136294423,458.8906816993255,2
3.5069428884266505,-4.0168685105329,51.53105853554981,4.022108614770441,1.5617272664940425,470.5711076246585,2
3.498371112542074,-4.021092156894872,51.768220807685225,4.0278526759538495,1.5522408231360012,488.8071249039448,2
3.4824188263689884,-4.032202280284277,51.9787664986699,4.040333208490591,1.5354696994270782,513.6023983147627,2
3.4705486636344203,-4.035648304256585,52.16697469825953,4.043717472931075,1.5213126856121209,534.6266709624745,2
3.4656976051017887,-4.032405384251328,52.32653646000096,4.040252583925842,1.514349814321174,547.7261922867573,2
3.4626016069631107,-4.031126574740384,52.43244779826514,4.03858382324052,1.5102896273461848,556.8177150038422,2
3.464085240181678,-4.027613746663912,52.47413018231835,4.03398984898635,1.5108039743913328,559.1920546234632,2
3.4651230397771617,-4.027978443708577,52.4954149840308,4.034055147014681,1.5125328497808488,558.9619040567367,2
3.4601593812306723,-4.033956368764241,52.54477055867513,4.040038426717122,1.5084212223688762,564.8191731770834,2
3.455233614301421,-4.037866579378889,52.57296671632861,4.0435133631763565,1.5030540097606635,571.0264078776042,2
3.451252249420666,-4.039072036743164,52.65652078096984,4.044548472420114,1.4989601432300004,577.5990290407275,2
3.4479276599779807,-4.034671038226351,52.80633228072704,4.039954873382068,1.4945179732119451,588.5132062734803,2
3.444600677229668,-4.034636294255491,52.74828405328135,4.037913119206663,1.4918278768414357,593.6936248612534,2
3.4423460100517898,-4.036062185881568,52.66203458191919,4.038303125100057,1.4909756633101916,594.7297043096823,2
3.44431743074636,-4.031083289391356,52.6546076164871,4.032810234632648,1.4916272033107738,594.948926581711,2
3.4541093860167624,-4.023852270157611,52.52657960151714,4.024296406188298,1.5009454762349363,583.1240834720799,2
3.456416388027004,-4.0278508233242345,52.5330873708256,4.029509943039691,1.505776536269266,577.892816262167,2
3.4503141491790936,-4.032282829284668,52.72149151661357,4.035358778114527,1.499341106805645,589.7165167136272,2
3.441942712648318,-4.032660440017617,52.943197469242286,4.036457796565822,1.4890468765477665,609.6619599556011,2
3.4415994902126124,-4.023390941932553,53.08354212026127,4.0267515729685295,1.4852962396183953,623.0578593269723,2
3.436617543788556,-4.025779567781042,53.20233890137386,4.03049869745807,1.4815544873638882,636.0334105778263,2
3.4208051259400416,-4.036390453088479,53.34177728038016,4.041918626899927,1.467238570823044,659.4070451246586,2
3.41324550206544,-4.034328319987313,53.39218546132573,4.037449109749716,1.4583613344880402,674.435654937244,2
3.411368655376747,-4.028833993797094,53.41045873673236,4.030256451153364,1.4556549820092206,682.5425425044826,2
3.409831139559303,-4.025549661917765,53.46685215684234,4.026434687317395,1.4537175730929348,691.1282358638576,2
3.405977788518687,-4.02624134939225,53.54160827886863,4.026879122999848,1.4499926899300246,701.837444367956,2
3.4042522438236924,-4.024762909269072,53.60254156394083,4.024762805042371,1.4474160312954845,710.365770016863,2
3.402225387552397,-4.02512912281224,53.68212450788321,4.025067946949943,1.445749354492771,718.1815999348959,2
3.3954743674544035,-4.027666631292124,53.82899056106317,4.027934199473897,1.4396815280445283,733.1202852843239,2
3.389721531685584,-4.025513114824973,53.98123146015438,4.025239089799058,1.4329661169990164,750.3414666848105,2
3.3858549230085697,-4.02132656795731,54.11867473164543,4.020061250592842,1.428144537034582,766.7389763170254,2
3.382727032802144,-4.017598175611652,54.23683698060083,4.015393202422096,1.4242393794606945,782.227104812372,2
3.378736936329493,-4.017877307745929,54.30751642112524,4.015488455204364,1.4200612339165692,795.2351694576076,2
3.379100273215706,-4.015415942082639,54.32119046404062,4.011415567554411,1.4195996086454132,800.6146767204576,2
3.3840151028554946,-4.01151722767314,54.30486216310595,4.005509509414923,1.4244293717087293,798.0426925909323,2
3.3836625938207074,-4.012846498541493,54.3495222623231,4.0059762365831055,1.425263785925068,801.2994291378501,2
3.3821480730192257,-4.011010526959362,54.43699158215132,4.00444097987941,1.422745187425874,810.2195417894042,2
3.379678679294273,-4.009752586239674,54.56095661100794,4.004620356637924,1.4195356935751242,822.228361536245,2
3.374426936842705,-4.012023605284144,54.70643340564165,4.008552520001521,1.414534541427112,836.9101075552853,2
3.3680774761679397,-4.016188446941271,54.82771359636484,4.012368814541342,1.4089655452738694,850.4795862416754,2
3.362723596760484,-4.01867739098971,54.893077600197714,4.01311854847142,1.403773546218872,861.0712030129356,2
3.359071911358442,-4.018903013135566,54.91144945321839,4.011043142099849,1.3999493109072492,868.7322057505123,2
3.3566347067473363,-4.016546520379071,54.94833947270294,4.007228804416344,1.3968908604376955,877.2687741472422,2
3.3555497341468685,-4.012719240344938,55.01338877443408,4.0024570480721895,1.3948190681269912,886.9786497022286,2
3.3556977256399687,-4.009188792744621,55.09134227981984,3.998165765095278,1.3941454913446811,896.2508294777793,2
3.356108346272036,-4.007280013600334,55.16849920137332,3.9954476265307983,1.394104153732133,904.4584200499488,2
3.355033022458436,-4.009031788247531,55.2302595670106,3.996296097020634,1.3933284947129547,911.7628073770492,2
3.3527746122391497,-4.0113622894704015,55.28378072853297,3.997673250938374,1.3912496768711695,919.1566989252476,2
3.350243914974192,-4.011397817747189,55.36732330739172,3.997142632802328,1.3882708197734397,928.858568869002,2
3.3442580582665613,-4.01703296723913,55.43327956903176,4.002676244641914,1.3830237115015749,939.9175415039064,2
3.339449410881501,-4.020271908390066,55.45346692611611,4.004472227044444,1.378084709735516,948.1200304708848,2
3.339862089990918,-4.017278780702685,55.44777529356909,3.9993250526365687,1.3774862080975308,951.3251896425676,2
3.338616816723933,-4.017014675453061,55.48541810082608,3.998796201143109,1.3763165982043155,957.1515472912398,2
3.338703417387165,-4.015640657456195,55.51134224146442,3.996397673758002,1.375594133887786,961.8312411282232,2
3.3407997081839973,-4.015444854569566,55.49117589648304,3.9949209051705448,1.3778226538434055,960.9783085056991,2
3.335314215206709,-4.022029728185935,55.56350626710986,4.002724803862025,1.374086172854314,968.9525326588116,2
3.3300177490776357,-4.024325321280891,55.64754792510486,4.005244403588967,1.3683302226613778,979.367902578552,2
3.327366284333943,-4.023728527006556,55.72031727775199,4.003782009166446,1.365264381867289,987.6162389536372,2
3.324399092158333,-4.0210095780794735,55.85376983392434,4.000079522367384,1.3614210144418184,1000.6202522653048,2
3.325155735015869,-4.015435406419098,55.92625562740805,3.992661347154711,1.359892553970462,1010.17770435771,2
3.3266367156648897,-4.012828344855803,55.969474625717744,3.988489091070624,1.3607422465183696,1016.2812159804048,2
3.3248046734293952,-4.012230083590648,56.07916034635951,3.987642081057439,1.3584959467903512,1027.7783843493855,2
3.322680056420832,-4.01204064374413,56.18165275698802,3.986684360139357,1.355482933951206,1039.6405743041323,2
3.319928660418818,-4.016431412410215,56.21060101451769,3.9900437313350814,1.352680829053368,1047.349056389814,2
3.315695313156628,-4.025067657720848,56.16071844882652,3.9972719012713824,1.3497011407476955,1049.8580842565318,2
3.310228758170956,-4.030850457363441,56.15678009700254,4.001992879669523,1.3452952266390856,1054.7473251259394,2
3.302721383141689,-4.034699799584561,56.23227731256537,4.006609762952627,1.3381979804221398,1065.6406183294914,2
3.296150297415061,-4.033730850845086,56.36419152431801,4.006479443096723,1.3303907953324865,1080.3244008548927,2
3.2983663681426334,-4.021167497165868,56.48869580128154,3.993129831845643,1.3291344512355785,1091.0298358521177,2
3.2995827198028564,-4.01881202061971,56.58435821533203,3.9899001121521,1.3298978408177693,1098.977294921875,2
3.2982932465975403,-4.020398507352735,56.65641178068567,3.991304483570037,1.3282158980604075,1106.6074679015114,2
3.296652938498825,-4.019090860919222,56.75766101691241,3.990981442029359,1.3254032617058258,1115.324897807804,2
3.295702694543724,-4.016246522059206,56.87772717501948,3.9882460565514894,1.323237367666484,1124.3083602821894,2
3.294908590004092,-4.016736491781766,56.95658299180328,3.988671283252904,1.3216344763021,1131.0317763031503,2
3.293090867214516,-4.022667996870364,56.97382925898651,3.993806702191713,1.3203781400221943,1133.892578125,2
3.289771624601604,-4.025612448082596,57.03514935019238,3.996158086537012,1.317338178066608,1139.9235492977289,2
3.285509523798208,-4.029914824689021,57.07675727469022,3.9999891109153873,1.3133115787975125,1146.6893730788936,2
3.281683893151622,-4.034007846331988,57.06937437630742,4.003148263920852,1.3099325400232618,1150.9079443092555,2
3.2800340300700705,-4.028848890398369,57.1238901315491,3.998269015974034,1.3071808078901364,1157.5421389386954,2
3.2795560750804964,-4.025297438512083,57.18058364117732,3.9940025532831913,1.3063528752717817,1163.915831518955,2
3.27686463027704,-4.026094454885181,57.23993388942031,3.995061303748459,1.3044163750820472,1171.2619048571978,2
3.267857236288936,-4.030997041796074,57.37275299739317,4.002790419781794,1.2961925619938333,1185.6677652994792,2
3.2607783098689844,-4.0345670746975255,57.452458928843015,4.007655456417897,1.2888140209385606,1197.0375076043804,2
3.257552156031457,-4.034630548758585,57.48835577209139,4.00732966459514,1.2853680152059253,1203.2380237683572,2
3.255850741120636,-4.030862117725643,57.55482866464417,4.003743716276409,1.2833271990708317,1209.8462947991377,2
3.249715445471592,-4.03033133803821,57.70007543094823,4.005824003063265,1.2778482104911175,1222.3507280193392,2
3.244438209168898,-4.027966387284909,57.84115575571529,4.005317945949367,1.2722094456354778,1235.2847900390625,2
3.243261811511764,-4.024960765421716,57.926079109066826,4.002632524146408,1.27099331024566,1242.5748164275958,2
3.241509902672689,-4.026788570841805,57.99141336659916,4.004613376054608,1.2706080499242565,1247.8591448674438,2
3.2355383654109766,-4.033115717882668,58.08969076604791,4.011853027864883,1.2672808535112057,1256.5815649814294,2
3.228975544861757,-4.036226934422561,58.1774270521487,4.016313117709967,1.261842681410534,1267.092762764686,2
3.227999167364152,-4.0344763740164336,58.19378274386047,4.014408690030457,1.261245641552034,1270.833524109887,2
3.2240028042610875,-4.034714636255483,58.270213851511805,4.016073107068005,1.2594833152541698,1277.6166531922388,2
3.2167909158383563,-4.041187916948496,58.35653498915375,4.024147236933474,1.2551097498565422,1286.7858386430585,2
3.2097085343032585,-4.052542217442247,58.3772689944408,4.034813787116379,1.2513607838114753,1291.5326227907274,2
3.2026956407098823,-4.050711225290767,58.47544865008912,4.033150938690686,1.2453191801498495,1302.3176409611938,2
3.19860370693311,-4.04393482208252,58.56088352724503,4.027749293488883,1.2405812818495954,1313.638594497097,2
3.197949210151297,-4.040049091714328,58.58318097474145,4.0239744733591545,1.2403701309297903,1318.2564056896774,2
3.194461578879851,-4.030760032883107,58.69280905801742,4.01721738075298,1.2367782319178346,1329.469179580772,2
3.190365534662549,-4.024258230553299,58.79568006171555,4.014606061528941,1.2325162907115748,1341.118402866718,2
3.187351140819612,-4.023519070422063,58.85792016201332,4.015601494273201,1.230342212270518,1347.8310206679048,2
3.185187494819933,-4.022871418728855,58.911789023811046,4.015563818926369,1.2284983031736696,1353.112918374317,2
3.182146124501046,-4.024981371040552,58.94748844084192,4.018998839164692,1.226214185438521,1357.759788971781,2
3.177041757302206,-4.029497021534404,58.9777913328077,4.024672101755612,1.2225579081988724,1363.0653096183405,2
3.169090213671408,-4.034961179305947,59.0106703544575,4.03151650506942,1.216390224753833,1370.8686970361596,2
3.1581392926596554,-4.043772611461702,59.01644793234236,4.041656134558505,1.208215695261304,1379.5028436379357,2
3.1452199122944817,-4.039358326646148,59.05768960421203,4.03972532710091,1.1958314180374143,1393.2426137455177,2
3.128961371593788,-4.024530600980332,59.19401631589796,4.029664873425427,1.1790552790699107,1416.5539904318225,2
3.105190794324614,-4.023742738317271,59.32458439811332,4.033393177178388,1.158554917476216,1442.9999746520666,2
3.083728250910024,-4.015031423725065,59.41463145271677,4.028750708845795,1.137274327825327,1465.7100189709276,2
3.064621105871565,-4.007528698509508,59.52178115010913,4.024530997041796,1.1189421786636602,1482.9581178758965,2
3.030363115456586,-4.019540260398323,59.717682864496616,4.037293256957675,1.089205925581885,1504.4294727096142,2
2.9847789436090184,-4.032998851088227,60.02356263457752,4.048837177089004,1.044664513869363,1523.367205510374,2
2.938526750262317,-4.040265990085289,60.33581155245422,4.057353577327207,0.998392871494501,1532.327188460553,2
2.8919654309423883,-4.042821602743181,60.62483152796011,4.064426046903017,0.9532052477200816,1534.3446458493424,2
2.835826166340562,-4.061105102789207,60.88384359391009,4.085377802614306,0.9034537458028948,1530.4782454693905,2
2.767978109297205,-4.060067783939382,61.179831624682485,4.078843734303459,0.8373161850731224,1528.8616336343066,2
2.68694888828882,-4.033702128571891,61.544195206438914,4.038017351119245,0.7572094289982897,1535.2228330184853,2
2.593332384453444,-4.03092803329718,61.67284380803343,4.022773594152732,0.6727633837793682,1546.0311459400616,2
2.4989439047099444,-4.018309684399046,61.51699952089069,4.001773000414905,0.5797423140598759,1565.4799858051574,2
2.4194153006610963,-3.93411033791922,61.15616947445061,3.913977336362407,0.4852981826321004,1590.4504107699374,2
2.412836457862229,-3.3907005630555638,60.79826517574123,3.387461935887565,0.3896172032004489,1626.7310971119368,2
3.0416967126189745,-0.2297881265155413,61.26030960499914,0.2807527933615617,-0.1574437454180026,1585.0529204821985,2
3.2758207034543574,0.197640670127554,61.24248831910513,-0.1630667242847489,-0.0707391625667185,1700.09117251537,2
3.3317030218781025,0.0698677721570737,59.85285962214233,-0.0357813367650634,-0.0201458130337171,1717.5001260726171,2
3.367229856428553,0.0260137185108303,58.68024250718412,-0.011212682758606,0.0090062793527477,1718.868222762979,2
3.398584817928043,0.0346680840406099,57.91327302442873,-0.0388022638104165,0.0388173150926666,1750.168563759392,2
3.4102304216291084,0.0648382501524005,57.63853754762743,-0.0501161702587956,0.0478022137015569,1747.5472632236167,2
3.4112558026131383,0.0679023770686705,57.4141131541768,-0.0431428352584602,0.0503701387899495,1744.5477721834443,2
3.4089286431588763,0.0525379724841297,57.028419244484816,-0.022591204835417,0.0381735875347595,1760.5865918769214,2
3.4059066772460938,0.0357906222343444,56.51091766357422,0.0095581351779401,0.0123815946280956,1789.61279296875,2
3.662055730819702,-1.0484212636947632,25.19708824157715,1.0082390308380127,2.0876827239990234,1430.22216796875,3
4.049485023816427,-1.098644032743242,21.340303982628715,0.8819813085926904,2.8997861372099982,-34.328779771592906,3
3.8669274859958223,-2.5328443633185493,30.50673785739475,2.35272868209415,2.8870233323838974,112.99221250745988,3
3.700615163644154,-3.399415703614553,36.85662848154704,3.4448456923166915,2.1879262924194336,205.87243754069004,3
3.632922893100315,-3.9639622847239178,38.21364093356662,3.920409674114651,1.7145717673831515,64.94313235812716,3
3.655384606785245,-4.051944971084595,39.90726174248589,3.9445702698495655,1.66243624024921,24.714482201470265,3
3.692565059661865,-4.053374481201172,41.688506825764975,3.967220791180929,1.720450210571289,-19.91842524210613,3
3.708996668126848,-4.063502560721504,43.09598386552599,4.008838688002692,1.7488473117351533,-34.04316618177626,3
3.711870797475179,-4.069110531277127,44.305137634277344,4.03437418407864,1.747589823934767,-22.182790205213752,3
3.7130595684051513,-4.058056592941284,45.11395053863525,4.033854055404663,1.7433032035827636,-0.7953930854797306,3
3.716903885205587,-4.0422521697150335,45.62013075086806,4.022619989183214,1.745420926147037,19.150117238362636,3
3.7214017868041993,-4.033217933442858,46.05751768747965,4.016012774573432,1.749469627936681,35.97687166002062,3
3.720217259724935,-4.035358142852783,46.57708053588867,4.020252641042074,1.744701902071635,56.12000656127932,3
3.721570478545295,-4.028663810094198,46.97643216451009,4.012279036309984,1.7404147704442343,72.45310143364802,3
3.7232012430826815,-4.022586223814223,47.25135451422798,4.005035225550333,1.7391168157259622,84.85118628607857,3
3.72128975391388,-4.022906184196472,47.502278645833336,4.006158391634624,1.73516646027565,97.45144399007162,3
3.713070403205024,-4.027802922990587,47.71719801161024,4.01243486404419,1.7262081993950738,113.7922602335612,3
3.700142652458615,-4.03445160124037,47.91905930836995,4.020876672532824,1.7130700879626803,133.3711646185981,3
3.6874175548553465,-4.036877393722534,48.10139122009277,4.024296140670776,1.6991936802864074,152.48302307128907,3
3.680702700879839,-4.030568186442057,48.18711547851562,4.017741738425361,1.6924298074510362,164.28035854763456,3
3.672615925470988,-4.0303951899210615,48.28575897216797,4.018893824683295,1.6866311894522772,174.9240468343099,3
3.663511776924133,-4.032189838091532,48.43392283121745,4.021624867121378,1.6794627408186595,186.05892028808597,3
3.656012919214037,-4.029934125476413,48.59997194078233,4.019335169262356,1.6735707097583348,196.22124464246963,3
3.6498624523480734,-4.026990797784594,48.70144384172227,4.015960497326321,1.669033756521013,204.5937218560113,3
3.646952374776205,-4.022358671824137,48.69637781778972,4.010398451487223,1.6680450359980266,208.26197001139323,3
3.643619530730777,-4.023179438379076,48.65800115797255,4.011586586634318,1.669028980864419,209.5790557861328,3
3.629663422372606,-4.037568802303738,48.8065862443712,4.0279552035861546,1.6588384416368271,223.30622999403212,3
3.621074533462525,-4.039627122879028,48.90445537567139,4.028978562355041,1.649452430009842,234.59593200683597,3
3.617662694719103,-4.03740578757392,48.93045289781359,4.025757831997342,1.647544468773736,238.8872819688585,3
3.613841679361132,-4.036182771788703,48.98126595815023,4.024331704775492,1.6468631274170349,244.22755228678383,3
3.60700249671936,-4.03783106803894,49.05851618448893,4.026237328847249,1.64329993724823,254.38077036539715,3
3.601159381866455,-4.035318650139702,49.15967970954048,4.023634839057922,1.6397711124685077,266.0693250868056,3
3.5979275067647296,-4.02844828499688,49.27897788153754,4.017390145195855,1.6387140168084038,276.75137261284726,3
3.590724770228068,-4.0291937033335365,49.40695425669352,4.019688463211059,1.63387770652771,291.5351236979167,3
3.5785756535000277,-4.033384662204319,49.55134438408746,4.02492322921753,1.6250875393549602,311.57266710069445,3
3.566296014520857,-4.033214290936788,49.65694639417861,4.025349603758918,1.615265044901106,332.5306566026476,3
3.5587958335876464,-4.030464458465576,49.70695114135742,4.023649024963379,1.6095850229263309,346.3418212890625,3
3.5516587760713367,-4.0306709951824615,49.87007355160184,4.026053018040127,1.6042239560021294,359.3662109375,3
3.545801700486077,-4.026958735783895,50.09266624450684,4.023313411076864,1.5990681462817722,373.2341471354167,3
3.5436992049217224,-4.017709946632385,50.21164538065592,4.014570204416911,1.598254678646723,383.0363240559896,3
3.547654628753662,-4.010274357265896,50.21353912353516,4.008386770884196,1.6024065017700195,383.1156819661458,3
3.548605861928728,-4.01486320230696,50.1992433336046,4.014343783590529,1.6056006689866384,381.2146436903212,3
3.5443201144536336,-4.024805386861165,50.214789708455406,4.024795357386271,1.603364924589793,383.5096028645833,3
3.537923155890571,-4.0318981938891945,50.304546907213,4.031875268618266,1.5976258436838786,389.90891994900176,3
3.5303307162390816,-4.034976281060112,50.46256900363498,4.034886519114177,1.589737712012397,400.76000162760414,3
3.5239590406417847,-4.034404873847961,50.62456035614014,4.034562945365906,1.5815378725528717,412.9151306152344,3
3.5189659304089016,-4.0359589788648815,50.74534742567274,4.036498779720731,1.575240691502889,422.0637315538195,3
3.5103101597891917,-4.041703022850884,50.8146281560262,4.041638350486755,1.567964914109972,432.2116780598958,3
3.5008235772450766,-4.044322935740153,50.90526606241862,4.043910312652588,1.559596053759257,444.3597412109376,3
3.4930628869268627,-4.041176133685642,51.03218224843343,4.04086127811008,1.551485389471054,457.892591688368,3
3.487824744648404,-4.037626504898071,51.03910658094618,4.037013530731201,1.5470620195070903,467.1976996527778,3
3.484040637811025,-4.035035506884257,51.153267288208006,4.035867365201314,1.5434354980786642,476.433485921224,3
3.481256675720215,-4.030921978420682,51.3671743604872,4.033153629302978,1.5383131901423135,488.48635796440976,3
3.479108697838253,-4.030058635605706,51.5185602400038,4.032807352807787,1.5345768696731992,498.3682929144965,3
3.4790391445159914,-4.027391719818115,51.69655380249024,4.030754137039184,1.533054256439209,506.2283447265625,3
3.4757680561807422,-4.0285387304094105,51.8409997092353,4.032332685258654,1.52954015466902,515.9851548936632,3
3.4672466860877145,-4.035002136230469,51.92519624498156,4.038946999443902,1.5217176225450304,528.9887424045139,3
3.4586480180422465,-4.037008849779765,52.14048430124919,4.042201248804728,1.511216366291046,546.537772623698,3
3.458342750867208,-4.028958665000068,52.30954733954536,4.033422295252482,1.5073497480816311,557.817884657118,3
3.462838610013326,-4.023352723651462,52.29799531300863,4.026611934767829,1.5115821361541748,557.2339131673177,3
3.463391145070394,-4.028833071390788,52.12494150797526,4.030902067820231,1.5153905550638835,551.3225911458334,3
3.4574742449654474,-4.038424083921645,52.09954675038656,4.040831401613024,1.5118256429831187,553.0315416124132,3
3.452287589179145,-4.039831913842095,52.22017720540365,4.042702256308662,1.5041992213990951,561.8956787109375,3
3.451255989074707,-4.0374517917633055,52.37936553955078,4.041048169136047,1.5003145337104795,569.4967041015625,3
3.449888526068793,-4.0367031203375925,52.527459886338974,4.040427663591173,1.4978518221113415,577.0518446180556,3
3.4475689199235706,-4.037158701154921,52.6165697309706,4.040666964319017,1.4950818518797555,584.1303948296442,3
3.44342691898346,-4.038709704081217,52.70812339782715,4.042201948165894,1.4913639585177103,592.5623819986979,3
3.436710837152269,-4.036773533291287,52.90337096320258,4.040629098150466,1.484186128775279,609.2009785970054,3
3.4281431833902998,-4.036386744181315,52.98589655558269,4.039307742648655,1.4753976398044162,626.4945610894098,3
3.424216004212697,-4.034001159667969,52.94889030456543,4.035496322313945,1.4707793394724529,635.4277628580729,3
3.4280570480558605,-4.027783049477471,52.937452952067055,4.028696563508776,1.4736135866906908,635.5608859592014,3
3.432304912143284,-4.020550791422526,53.06851836310493,4.0213842418458725,1.477216018570794,639.428355577257,3
3.433153009414673,-4.017252826690674,53.21134185791016,4.018447303771973,1.4770283222198486,648.85087890625,3
3.4285219775305853,-4.022270833121405,53.30810014936659,4.024253434605069,1.4728986110952165,660.5258965386286,3
3.4187533643510606,-4.029787656995985,53.41848314073351,4.0326766014099125,1.4638272802035013,676.2690728081598,3
3.4111288189888,-4.032785177230835,53.45132923126221,4.034636457761128,1.4559328456719716,687.5322367350261,3
3.406365903218587,-4.032970025804308,53.47975819905599,4.034444268544515,1.4510412057240805,695.2912570529514,3
3.402838921546936,-4.029711503452725,53.62276130252415,4.032073651419745,1.446247241894404,707.6683342827691,3
3.4017629702885945,-4.026868677139282,53.70996564229329,4.028209352493287,1.4443384051322936,716.3030680338542,3
3.401716775364346,-4.024519152111477,53.764469549391,4.023413123024834,1.4449190311961704,721.5420878092448,3
3.4018953376346164,-4.018476433224148,53.82693269517687,4.015320989820692,1.44454738828871,729.2582329644098,3
3.400742292404175,-4.015002489089966,53.89427452087402,4.012014293670655,1.4423311829566956,739.6896728515626,3
3.397430109977722,-4.017517593171862,53.92110765245226,4.014647748735216,1.439341918627421,748.3460666232639,3
3.390930121474796,-4.0243979321585766,53.94047620561388,4.022335884306166,1.434355805317561,756.4328755696615,3
3.3815468470255534,-4.030667146046956,54.0263796488444,4.029751014709473,1.4259581804275512,769.0456217447917,3
3.3772265050146317,-4.029104193051656,54.09886487325033,4.026325874858433,1.4210049476888444,778.6577114529081,3
3.378965473175049,-4.021127006742689,54.141871219211154,4.015126355489096,1.4213070591290793,783.9714816623264,3
3.383820776144664,-4.01214869817098,54.15674266815186,4.004159911473592,1.4243706981341044,786.873944091797,3
3.385243188010321,-4.014253393809001,54.11476406521268,4.007628048790826,1.4260649336708917,786.9997287326389,3
3.376485529210832,-4.0262583017349245,54.22742451561822,4.022168980704413,1.4212405542532602,797.0229960123698,3
3.3668015003204346,-4.028078079223633,54.42659568786621,4.0248847007751465,1.4106765389442444,816.7936401367188,3
3.36647914118237,-4.0200851069556345,54.54153366088868,4.015876309076945,1.4076092057757907,828.4929355197484,3
3.369988441467285,-4.012118583255344,54.63646621704102,4.005949719746908,1.4100539472368028,835.1649576822917,3
3.368529009819031,-4.012157249450683,54.75570112864176,4.005788008371989,1.4094294687112172,845.9078124999999,3
3.360724245177375,-4.016755077573988,54.89208437601725,4.010970862706502,1.4020077519946628,863.4550523546006,3
3.358246604601542,-4.013045562638177,54.99616644117568,4.006985319985284,1.3976954122384389,876.6977945963542,3
3.356494744618734,-4.014441998799642,55.03795369466146,4.006944211324056,1.3963895400365194,883.7119384765625,3
3.3543737398253546,-4.018110754754808,55.01429602305095,4.008664268917507,1.3950211319658492,886.3257788764106,3
3.352640239397685,-4.019961664411757,54.988477579752605,4.009180386861165,1.393663932217492,887.9303141276042,3
3.3484426379203795,-4.022335767745972,55.03219146728516,4.011163330078125,1.3903126478195191,894.8579284667969,3
3.3476467397477894,-4.017374515533447,55.09577899509007,4.005005836486816,1.3876436021592882,903.4336615668404,3
3.352538463804457,-4.009103295538161,55.13965229458279,3.995216193464067,1.3907772845692106,906.916679212782,3
3.3527876774470013,-4.008283901214599,55.24349594116211,3.994154206911723,1.3914214690526328,915.5805684407552,3
3.3481101287735835,-4.011848595407274,55.37868050469292,3.998247178395589,1.387064814567566,930.0319546169706,3
3.34053258895874,-4.017011970943875,55.52384194268121,4.003446684943305,1.37983484533098,947.3579277886288,3
3.333051045735677,-4.018569906552632,55.6854461034139,4.004016041755676,1.371576656897863,966.9998931884768,3
3.3308796882629395,-4.010630400975545,55.83569691975912,3.995750485526191,1.3660131838586596,984.9377821180556,3
3.327103924751282,-4.014135938220554,55.94698191748725,3.9984405716260274,1.3628029121292962,998.6263024224176,3
3.3190035343170163,-4.027296924591065,55.962423706054686,4.008676719665528,1.356889796257019,1008.0626220703126,3
3.3172496689690485,-4.025363691647847,55.95866896311442,4.001566382249196,1.3538593106799657,1014.5086998833552,3
3.318567805820041,-4.016734070248074,55.989019605848526,3.9917559358808727,1.3524922132492063,1022.7616034613716,3
3.3181540966033936,-4.014503749211629,56.061917050679526,3.9908673842748006,1.3512524247169495,1032.6192708333333,3
3.315693087048001,-4.021418401930068,56.08790469699436,3.997660160064697,1.3501747157838608,1037.7942057291666,3
3.3111289964781867,-4.026987663904826,56.18431477016873,4.00189487139384,1.346873774793413,1046.4112406412762,3
3.30876792271932,-4.024044974644979,56.288120905558266,3.997898070017497,1.3422663887341817,1057.6609903971355,3
3.3102018303341336,-4.021471619606018,56.29780737559,3.994147472911411,1.3423200713263617,1061.3744337293838,3
3.307051600350274,-4.026183297899034,56.3427116394043,3.9987778504689535,1.340308788087633,1067.558078342014,3
3.3020737290382383,-4.029061818122864,56.42849006652832,4.002216529846192,1.335180938243866,1077.5309814453126,3
3.299310795466105,-4.0264726532830135,56.5358578575982,3.999754431512621,1.331020172437032,1087.9204087999133,3
3.302530250284407,-4.014971232414245,56.65217819213867,3.987283331818051,1.3312599956989288,1096.317825656467,3
3.306602398554484,-4.012649059295654,56.68285878499349,3.983087619145712,1.3345872163772583,1098.793701171875,3
3.306298820177714,-4.020657602945963,56.6551705678304,3.9896321137746176,1.3360467904143862,1098.8199306911893,3
3.2995187362035114,-4.030417394638062,56.68138342963324,3.999841430452135,1.33083655834198,1105.3225911458333,3
3.2948097944259644,-4.027601170539856,56.7820291519165,3.998877775669098,1.3244854946931204,1116.0064473470052,3
3.289039034313625,-4.029428270128038,56.9181647406684,4.0021225187513565,1.318841955396864,1128.253626844618,3
3.282027655177646,-4.034468558099535,57.02311197916666,4.007250057326423,1.3119720849725935,1139.883592393663,3
3.280602717399597,-4.024761009216308,57.15479125976562,3.99792754650116,1.3076600313186646,1151.3930297851562,3
3.281280032793681,-4.020067358016968,57.24802847968208,3.992394709587097,1.3072999013794793,1159.3743069118923,3
3.280840937296549,-4.02450475692749,57.26281814575195,3.995337004131741,1.3077520847320556,1162.9859266493056,3
3.276833780606588,-4.033691684405009,57.24872919718425,4.003744745254517,1.305449217557907,1166.1756673177083,3
3.270926727188958,-4.034636471006605,57.32887331644695,4.00649979379442,1.299636165301005,1175.207994249132,3
3.265069482061598,-4.032217982080248,57.47795274522569,4.005528166559008,1.2934149576558007,1188.5088643391928,3
3.260925881067912,-4.0311374028523765,57.59224904378255,4.005043093363444,1.2891337076822915,1200.0139485677084,3
3.254897163973914,-4.03842260837555,57.64709771474202,4.013300665219625,1.2845883038308883,1208.3013556586372,3
3.2511695755852594,-4.0453534603118895,57.63798785739475,4.018484995100233,1.2821961257192824,1211.455768500434,3
3.2512328028678894,-4.046105742454529,57.60559844970703,4.016473293304443,1.2830808460712433,1211.3842163085938,3
3.2519134309556748,-4.039352099100749,57.64463729858399,4.008923085530599,1.2837417973412408,1215.7365152994792,3
3.250625055366092,-4.035938051011828,57.70624953375923,4.006151300006443,1.2832428885830771,1223.037225341797,3
3.247141480445862,-4.037012084325155,57.75491549173991,4.008873192469279,1.2809569040934243,1230.6885213216146,3
3.2427205801010133,-4.040059076415168,57.79634268018935,4.013264995151096,1.2778035932117038,1237.4630777994792,3
3.2417681217193604,-4.0358446968926325,57.84177483452691,4.009060329861111,1.276614679230584,1242.8872612847222,3
3.2430124998092653,-4.029732211430868,57.8865016301473,4.003287434577942,1.277402156591415,1246.9166870117188,3
3.2413070016437104,-4.03216044637892,57.94449755350749,4.006939056184557,1.277366534868876,1251.5390530056425,3
3.2305186523331537,-4.04847805235121,58.024609396192766,4.025557380252415,1.2706367194652557,1260.80265367296,3
3.2216859340667723,-4.056223678588867,58.06733779907226,4.034073066711426,1.2630486965179444,1268.662353515625,3
3.2148492799864874,-4.056415266460842,58.14533540937636,4.03372519546085,1.2575269043445587,1277.7178107367622,3
3.206348289383782,-4.045427709155613,58.31086760626899,4.025702550676134,1.2484446578555637,1296.4997463650177,3
3.196257559458415,-4.034212549527486,58.48868344624837,4.021860957145691,1.237797103325526,1317.972100830078,3
3.1858153131273057,-4.033028083377414,58.64071968926324,4.024633492363824,1.229293539788988,1335.8272162543403,3
3.178170002831353,-4.036158005396525,58.72304070790609,4.02781044377221,1.2233538223637477,1346.9203070746528,3
3.176634510358175,-4.036209901173909,58.730007807413735,4.025933504104614,1.221950650215149,1350.285888671875,3
3.172819688585069,-4.044457695219252,58.70327040354411,4.034008235401577,1.2206467184755538,1351.4154839409723,3
3.1676113605499268,-4.048380682203505,58.681987592909074,4.037749120924208,1.2167841778861153,1353.9520670572915,3
3.1654563665390016,-4.039964962005615,58.72533378601074,4.029661417007446,1.2137351036071775,1358.9844848632813,3
3.15773115158081,-4.037001742257012,58.84904259575738,4.028479666180081,1.2072122242715622,1371.7092827690974,3
3.1476479636298285,-4.041101243760851,58.92576948801676,4.034561488363478,1.1986801094479032,1384.904140896267,3
3.13824782371521,-4.047344557444254,58.920718638102215,4.042151769002278,1.1915727853775024,1391.7927978515625,3
3.1202550835079617,-4.043919968605041,59.02697656419542,4.042873867352804,1.1755212081803217,1410.8469170464411,3
3.103549297650655,-4.035192346572876,59.13266241285536,4.036929994159275,1.1587910996543034,1430.9590996636286,3
3.0889658212661746,-4.03320422967275,59.20828348795573,4.037463188171387,1.1457343101501465,1445.060809326172,3
3.064867628945245,-4.042108694712321,59.29253726535373,4.049372726016575,1.126169204711914,1462.6293267144097,3
3.030601558420393,-4.038470239109463,59.4643215391371,4.049217120806376,1.093789713250266,1489.4400295681426,3
2.987515521049499,-4.017816162109375,59.798077774047854,4.030602741241455,1.0470726490020743,1521.038122558594,3
2.941037374072604,-3.9998970256911375,60.238108317057296,4.012880971696641,0.997737784849272,1543.893468560113,3
2.8937184068891737,-4.026611031426324,60.55817735460069,4.042585171593561,0.9587101923094856,1542.3293891059027,3
2.8443432052930198,-4.027344187100728,60.87046209971111,4.043871800104776,0.9110141297181444,1539.781229654948,3
2.780660374959309,-4.016891966925727,61.27965342203777,4.027800803714328,0.8511647754245327,1541.8203613281248,3
2.699158166514501,-4.044547608163622,61.59917358822293,4.044948588477241,0.7835979342460618,1532.7862820095486,3
2.597300831476847,-4.063814926147461,61.72078018188476,4.0491182963053385,0.6889932592709858,1540.8651936848958,3
2.493135037687089,-4.05074643558926,61.52778330908881,4.031004359987047,0.5777434819274472,1562.996423339844,3
2.415176298883225,-3.9591085380978033,61.13214704725477,3.941252032915749,0.4791552325089762,1583.670871310764,3
2.4140915036201505,-3.382025372981998,60.78640480041504,3.380382406711552,0.3847012400627111,1620.511889648438,3
3.052076000637479,-0.2056746655040304,61.08103264702691,0.2662647472487544,-0.1790817184580699,1570.2146457248264,3
3.295231885380216,0.2019996093379116,60.78125981224908,-0.1608265621380665,-0.0873758468569974,1677.1291415744363,3
3.343841409683228,0.0628253738085418,59.51501808166503,-0.0339132462938616,-0.0296296186745163,1695.5584391276038,3
3.3771750397152376,0.0257400425357949,58.446041213141534,-0.0220314551972683,0.0093571821020715,1712.909281412761,3
3.405201964908176,0.0318263656563229,57.783727179633246,-0.0456185587578349,0.0404943425622251,1738.6942437065973,3
3.413607859611511,0.0597452223300934,57.5529146194458,-0.0509488259752591,0.0482941421369711,1730.3279093424478,3
3.411369970109728,0.0587846318880715,57.366705873277446,-0.0391262658768228,0.049541686558061,1734.7306179470488,3
3.4070432715945773,0.0432003855705258,56.94886082543266,-0.0136066124464069,0.0333663621710403,1755.3510125054256,3
3.4034171104431152,0.0291683096438646,56.41632843017578,0.0191400586627423,0.0075371675193309,1783.2401123046875,3
3.658421277999878,-1.0942310094833374,25.082714080810547,1.0540461540222168,2.1174840927124023,1416.7686767578125,4
4.043557951959332,-1.1764224442873108,20.709715371721245,1.033784149402983,2.9417372834816407,-89.5826709190111,4
3.885450778382548,-2.340579812446337,29.964988772788743,2.1997674944695462,2.937095269728242,81.40674012430593,4
3.712050798233976,-3.2157594045896207,37.14306574189261,3.259207689360286,2.2761040617910666,221.7349039142052,4
3.6334102287721097,-3.8748053673947793,38.82831526338384,3.842522519358088,1.7656840809275596,81.3797148800968,4
3.653308138418733,-4.027459675006652,40.803771008266494,3.930187861571152,1.6811664251798994,38.50680486271892,4
3.6951421512646623,-4.046091208297216,42.75960373610593,3.964413080322609,1.724949098704906,-7.526887020368232,4
3.722176653615545,-4.050713389107351,44.2017483014739,3.995695715539911,1.7543322698453838,-25.612376223789173,4
3.737632095144036,-4.048038370153877,45.27251125721449,4.009361706422956,1.765610969468449,-19.405762618847117,4
3.740628073724468,-4.048197580187508,45.94265644202071,4.019978742920951,1.7651081239239554,2.0328883428252027,4
3.737748738085286,-4.049173585484537,46.38526123561216,4.028236308794343,1.7587742082188638,26.436013682504708,4
3.727683620506458,-4.054625958539127,46.79791536224023,4.03964785243688,1.7461738479271365,52.94048913677086,4
3.711458050802853,-4.059678693835655,47.19278404150116,4.047512097305127,1.7265893113747073,83.22663596506865,4
3.7069121451860063,-4.045519467150228,47.38282235820642,4.030859692712848,1.7181459973367412,100.80283870054092,4
3.704969829387879,-4.0344730334335495,47.51822100864368,4.018842498907882,1.7171869411897125,112.46127293618876,4
3.702095157644722,-4.027737499622816,47.67888255601519,4.012444544374273,1.7147476438725933,124.28342129139418,4
3.703822904758239,-4.016658595438754,47.78649773758449,4.001652240753174,1.71650218561794,130.42483091890142,4
3.702251044551978,-4.012059313527653,47.89815726976716,3.998227315002613,1.7177675795019345,137.35087825475114,4
3.692742612924469,-4.018051635013538,48.07930095544022,4.006993422347508,1.711849173803008,150.53058084209312,4
3.6764010217752343,-4.029208654768012,48.37261103512196,4.021030771598388,1.6956729185715151,171.57901738198953,4
3.6651018014114896,-4.0295891761779785,48.62747788161374,4.021730701575119,1.6818753601459977,188.5085039460257,4
3.657069810320822,-4.027524570400796,48.73902871635523,4.018612928604812,1.6734193342455317,199.4316202227989,4
3.649034261703491,-4.029683498854048,48.72942506597283,4.020035256160779,1.6681764849116294,206.4390486813663,4
3.640457348877125,-4.035403310582879,48.805021500319576,4.026414715841915,1.6617626447356149,213.5644368375285,4
3.633828731065386,-4.0366694364654885,48.91661080349697,4.027039849356319,1.656780407669839,220.25377475009876,4
3.628994945729717,-4.033815507138713,48.96491391471263,4.02267958876792,1.6546483347924907,226.1306304931641,4
3.6234713565097767,-4.0322846723406505,48.94444416346175,4.020143471407087,1.653794599383065,232.4699845903375,4
3.613189677174172,-4.036864872728841,49.06338938166586,4.025849966520674,1.6473101759224795,246.4213258550408,4
3.605129879512144,-4.036044935162148,49.111538661999646,4.024314864297931,1.6403192522820462,260.0062626185042,4
3.5984039949567133,-4.037249056141028,49.04610618848479,4.025245516487722,1.6374580304274398,268.29045739334623,4
3.58856499596928,-4.043075154336651,49.12028400549728,4.0323204190543525,1.631155129229085,280.73558061578296,4
3.5805438047044733,-4.043241232968448,49.39896150653282,4.034198827957839,1.623293174786514,297.30182707711555,4
3.5775889841358315,-4.03496028064342,49.65900982631726,4.026151849982444,1.6186518012807611,311.7584639988588,4
3.5775175737531,-4.028554782438814,49.69281858808539,4.01984014403954,1.6211772253004353,317.51111182737884,4
3.571849630120095,-4.03159724460559,49.82553644930379,4.02536434537909,1.6185485834486029,328.3130019970154,4
3.565621688124839,-4.032235239328963,49.86591722724143,4.025702173790235,1.614220545532998,339.23047149315306,4
3.5580039131507446,-4.034559833869506,49.781041391779866,4.02755026870899,1.6117786972710255,347.32167310393254,4
3.5466058388184964,-4.037922012671996,49.818667036763735,4.031725845979841,1.6042075699634766,361.3428276147735,4
3.539750618881054,-4.034606194228269,49.84921474671096,4.028647808546431,1.598075351018584,372.7059175298455,4
3.5365062603789768,-4.031208032972358,49.897624862328,4.026077391056532,1.5960067738307997,379.28058821431705,4
3.5333856920178017,-4.029703627811389,50.016090221619336,4.025989934299769,1.5935933415809374,386.4484163777212,4
3.525136531069037,-4.035725732867637,50.14591459209999,4.0331085799785145,1.5857272476292728,398.63149647230506,4
3.520072786995534,-4.036220850569479,50.203336994299725,4.032803063981988,1.580675556418601,406.624451369382,4
3.5192473349946267,-4.032678981845298,50.184517142478,4.029011303119445,1.5813383654262243,408.0438225563992,4
3.518383460098438,-4.031418827142608,50.197306643711045,4.028472632504581,1.5817324686586187,409.53513156162217,4
3.517177213443799,-4.030701243475582,50.29002174634612,4.028697343354814,1.580707858787494,413.28917359770014,4
3.516642482093211,-4.028177711401093,50.45596540643928,4.027200007706545,1.5789504466431863,419.0615851584445,4
3.5170027981983143,-4.024405458000269,50.66022354297424,4.024652365888103,1.5772884896631991,425.7990441483058,4
3.51678991049863,-4.023315526126476,50.83585914868987,4.024774942505226,1.5754257413778412,432.4434883031952,4
3.512076467610477,-4.0279194049620894,51.07555140806048,4.031436095077,1.5692788804515023,443.8777266941713,4
3.5065366525328563,-4.029640085241768,51.29277814372202,4.033168090863175,1.5615381417649516,457.00127693776335,4
3.5046458311295243,-4.026852875613095,51.279733829283984,4.02886523825399,1.5608313224288854,461.241837747981,4
3.4984895245412764,-4.031565998377425,51.25485979573111,4.034152518497424,1.5567304565665427,467.370011576106,4
3.491530263022091,-4.035420993740639,51.341297085365554,4.038556219486708,1.5492861833465232,477.0023111064782,4
3.4872230760167158,-4.034200979082772,51.514417798331614,4.037888859095198,1.5426818654778298,487.3211779647999,4
3.484312265106801,-4.033750609065709,51.654713255635805,4.037699919068412,1.5379014651427108,495.935426176264,4
3.4800539498918512,-4.035972761304191,51.72675704956055,4.039209108674124,1.5340748449389854,503.10274891371137,4
3.474439181638568,-4.038234485669083,51.80001951067635,4.041679184088546,1.5286951808447249,511.8847663107882,4
3.467735968279035,-4.039564893486794,52.0136367712128,4.044669178094757,1.5198027940278642,526.492494733146,4
3.461637325501174,-4.038879807075758,52.25580056865564,4.044781232148074,1.511328923568297,542.9947379465852,4
3.4574613892630244,-4.0366504862067405,52.42435459608442,4.042275214463137,1.5056804860575816,556.6097974455757,4
3.4535756606734203,-4.035117760133208,52.55019335800343,4.040522572699557,1.5020609538206893,568.047237781996,4
3.4458469460519514,-4.031576097681281,52.80112204390965,4.037732494011354,1.4940002125300718,589.3510042683462,4
3.4414710543128884,-4.023932885587885,52.94705562377244,4.029126620024778,1.4874739834431852,608.6995534146769,4
3.441523107250085,-4.018687446465653,52.968731140822506,4.022972273022941,1.4866290105862563,618.0408222327071,4
3.4441372799069696,-4.016228699952029,52.96631714467252,4.020068112384068,1.488971801956048,620.444174777256,4
3.445923290895612,-4.018406734037935,52.87849469131299,4.0203968541006025,1.492510376351603,616.9391417771243,4
3.4438969646946767,-4.02359773871604,52.843077413151775,4.025697089313121,1.4918863505459905,616.8209969166959,4
3.4376537183697304,-4.028041769949238,52.9649494471175,4.031111229671521,1.4851429073998097,626.9836713812324,4
3.4303857556889565,-4.028996030936081,53.12100648344233,4.031857937909244,1.4769932728135184,642.1922463406338,4
3.422361419441995,-4.030784965900892,53.21814192011115,4.033856927678826,1.4680002525951086,657.7826791827597,4
3.415952344958702,-4.032292189223043,53.28711923320642,4.034932883937707,1.4612299250752738,669.9927045843574,4
3.4135857458864707,-4.028737512867102,53.37987844059976,4.030630942141072,1.457870534296786,679.7552037614115,4
3.412482615267293,-4.024149608076288,53.52481346987607,4.026646793558356,1.455307856704412,691.3847539665993,4
3.407996533961778,-4.027116582634744,53.61130866575777,4.0290284746148615,1.4515442660685336,702.1875425188729,4
3.401388633117248,-4.032748720619116,53.59052981687396,4.032737445295527,1.446481436156155,709.0330920272999,4
3.396810593230001,-4.032536774538876,53.588870659303126,4.030876443627175,1.4420599133780834,715.28639478362,4
3.3968392128355047,-4.024903894810194,53.661771409966974,4.022285565901338,1.4404165563958415,723.1453905427054,4
3.3945588690511297,-4.0210711232731855,53.81980583105194,4.018825139892235,1.4379210659627164,737.3611182737885,4
3.388412426027019,-4.020127277695731,53.99320375249627,4.01798774687092,1.430988145678231,757.8769723270715,4
3.390889454423712,-4.012801673974884,54.05506519789106,4.009706331103035,1.430795302551784,767.0429070290554,4
3.388600966903601,-4.018528217679998,54.08509550201759,4.016257328933544,1.4305833678567008,772.3013285090414,4
3.3812388221869307,-4.027242253335674,54.12582376030054,4.025513809718443,1.4249591813998277,780.0324364137114,4
3.378026607331265,-4.027254316244233,54.17587516013156,4.024578946360042,1.42130879337868,785.6170043945312,4
3.382164245241144,-4.018067049176506,54.22495514087463,4.013294841466325,1.4234179285135162,787.2541997673807,4
3.382726708155,-4.016092088785064,54.30805167723238,4.011126145887911,1.424683506569166,792.7573434208215,4
3.3753983465473305,-4.020512714814604,54.41607083095593,4.01594279857164,1.418073296546936,807.4736314409233,4
3.3728616893961187,-4.018162068356289,54.468971681059074,4.012803715266538,1.4141886046763217,817.4211281765712,4
3.37079997544878,-4.016327102532547,54.55585501167212,4.011203556918026,1.4120048927457145,827.3701665642556,4
3.3680787086486816,-4.014538764953613,54.68693542480469,4.009305000305176,1.408963918685913,840.3273315429686,4
3.366583194625512,-4.012245939019021,54.79315369852473,4.005458799640784,1.4069518587562475,851.7223490168539,4
3.3659938801540417,-4.008693161975132,54.889283598139045,4.000028916959012,1.4055208918753634,862.7483143324262,4
3.3671855096066934,-4.005566066570497,54.91190200977111,3.995184496547399,1.405234249790063,869.4046589712078,4
3.368555249792806,-4.007775606734029,54.861624406964594,3.996100472600273,1.4072723803895244,868.7970807364817,4
3.365408010697097,-4.011148742075717,54.92319149917431,3.999166692240854,1.4053820827034085,875.7057872300737,4
3.359775590092948,-4.012138353304916,55.061728573917,4.000423551945204,1.399410823757729,891.0302998403484,4
3.353278261891912,-4.013350459966767,55.20450913504269,4.001547100838651,1.392261613620801,909.1233931980776,4
3.347383225901743,-4.016124883394562,55.28527797741836,4.003323343362701,1.3862073012952054,923.524341026049,4
3.343367209595241,-4.018608136123486,55.29629160848896,4.003966299335608,1.382213654143087,931.8921474499648,4
3.346059844734963,-4.011762246656954,55.29426825448368,3.995658153898261,1.3827760253059729,934.7969895266416,4
3.3524743706992504,-4.004244697227906,55.33834843153364,3.9878204458215274,1.3882809127314706,934.7840377293276,4
3.3504694606480974,-4.01212221317077,55.38695303241858,3.9952687868911223,1.3887263683790572,938.2163682573296,4
3.3435119725345226,-4.01875510912263,55.49173329385479,4.002833977174223,1.3825780126485934,949.3265785474454,4
3.3391982424125244,-4.017100098427762,55.60487108552054,4.000872890600998,1.376417849840743,962.0133224658751,4
3.341532535767288,-4.0114771810810215,55.640326553516175,3.9931791793094593,1.3770602794175737,966.343025121796,4
3.33964186438014,-4.014615042825763,55.67464590608404,3.994981781820233,1.376160211107704,972.0574063076062,4
3.336379787895117,-4.016529399357485,55.715008167738326,3.995659228121297,1.3727115647176678,980.2295491079266,4
3.33454863007149,-4.015358691804864,55.755209376303,3.993755175826255,1.3698703318499448,988.1883730084708,4
3.3337192803286437,-4.014665925100948,55.78930839795745,3.9932017460298,1.3684779070736317,994.2636903912834,4
3.3299359685919256,-4.018915069237184,55.86162685008531,3.997401690215207,1.365838146611546,1002.3442581691098,4
3.324794131718325,-4.021505414769891,55.971472193685806,3.999320383821981,1.3607662072342437,1014.193085745479,4
3.3201713428068698,-4.020819851521695,56.09560036391355,3.998029023074032,1.3549737628926053,1028.4116272658443,4
3.315060720015108,-4.023429827743701,56.17047419172994,4.001114647040207,1.3492938119373965,1040.2395060678546,4
3.3082970662063427,-4.030279550659523,56.23885932665193,4.007121396868416,1.3436556371410242,1050.6334852582952,4
3.3027799611680964,-4.032615559824397,56.304857275459206,4.00767939278249,1.3376481037461356,1061.1912800649577,4
3.3025398749983714,-4.027166760369633,56.34862934069687,4.000179604198156,1.3354127701748624,1068.7317998650367,4
3.306569884332378,-4.01681759116355,56.40478875663843,3.987899823135205,1.3370827865064814,1074.7236163535815,4
3.3082407136981407,-4.014753866731451,56.4700042424577,3.985408056987805,1.3385016529747609,1081.3801557562324,4
3.3037605607107783,-4.023501101504551,56.51722185799245,3.9940504491998903,1.33550885152281,1089.2351773722787,4
3.2978972410887817,-4.030007182882073,56.567014179872665,3.999688171268849,1.33028406440542,1098.0518154187148,4
3.296269328406688,-4.02618359447865,56.60879953791586,3.9951251972927135,1.3268118587772495,1105.5746686271066,4
3.2985089320815013,-4.017093460211593,56.67785284492407,3.9859423248955377,1.326967032437914,1112.079663223095,4
3.3005945977200284,-4.008965047557703,56.80438986788975,3.978587504183309,1.327347719267513,1121.1199676856563,4
3.300150162718269,-4.015663838118649,56.83015714066752,3.983794200286437,1.3279494703485724,1125.0742214931531,4
3.2961423611373046,-4.025087008315526,56.81801420919011,3.99229786369238,1.3255474540624723,1127.941107246313,4
3.2895831994796065,-4.028809783164035,56.88190869534953,3.9967179472526806,1.3189082226056732,1137.1496897493855,4
3.287935672181376,-4.025761984707264,56.90303836779648,3.992798368582565,1.3161148917808962,1142.7897702334972,4
3.284890653042311,-4.02160772312893,57.00404186463088,3.990192916955841,1.3124471547898282,1152.667961892117,4
3.279451855112997,-4.017352666747704,57.189621743191495,3.9888102097457714,1.305461055777046,1168.98707837737,4
3.27557592579488,-4.015108368369971,57.33353713389193,3.98826685916172,1.3002371613898975,1182.1248360966026,4
3.2704085660784434,-4.017303311422969,57.455984522787375,3.992760422524441,1.2946457661939472,1193.1121414698912,4
3.265230233749647,-4.023372411727905,57.54463864444347,3.9986684014288234,1.2899094002970148,1200.9951837089625,4
3.2614801653315517,-4.028320762548554,57.59226719716961,4.002499060684375,1.2866100769364432,1206.0340685897995,4
3.2552073564422264,-4.029227251417182,57.69968840781223,4.004759938529368,1.2804599966895716,1216.2990866671787,4
3.25220000877809,-4.025501845927721,57.78045521425397,4.001736287320598,1.2765891297479697,1224.933012201545,4
3.250005940373024,-4.030131374852041,57.81289649277591,4.005376502369227,1.2762974828816531,1228.9483265394574,4
3.2446054581845742,-4.040202681937914,57.81207275390625,4.014073961236504,1.2736257502202235,1233.1880294285463,4
3.24269785639945,-4.025924618324537,57.90778824452604,4.001737692382899,1.2696641576424077,1243.3768063663094,4
3.2394640258189,-4.016091437821977,58.066399220670206,3.9962024501200473,1.2664671788054906,1257.1804062061094,4
3.2328447130288973,-4.024933820360162,58.17240912190984,4.00688575626759,1.26326880629143,1267.417415318864,4
3.227777041745989,-4.041238013278233,58.15078512470374,4.020832892214314,1.2617242175541568,1269.1315026443997,4
3.228260337636712,-4.0430467101965055,58.08076372039452,4.020216719488079,1.262525872568066,1266.0509787570224,4
3.2283623218536377,-4.042505891135569,58.08657815483179,4.018403733714243,1.2644568762082733,1265.856122992012,4
3.2227079024475613,-4.043884288059192,58.1862536869692,4.021180032344347,1.260955150877492,1275.3223616353582,4
3.217449348964048,-4.045562561978115,58.24789613016536,4.024459967452488,1.2570500213108706,1284.012740574526,4
3.2132456074939686,-4.046618512507235,58.28614961431268,4.026332959700167,1.2543120384216309,1290.3763221997892,4
3.210155969255426,-4.043660871098551,58.336900218149246,4.02405589885926,1.2519124759716933,1296.9755612491222,4
3.208908331528139,-4.034896346960175,58.419068818681694,4.0165304682228005,1.2503086234746354,1304.8571393302316,4
3.2032740973354725,-4.033616264214676,58.53333458203948,4.017619234792302,1.2464229940028673,1316.773234506671,4
3.1949685718236345,-4.024793453430862,58.673862542998926,4.014130613777075,1.2375150001450872,1333.9163420602176,4
3.186199140012934,-4.013539116034347,58.85356585899096,4.009823788417859,1.22794545366523,1353.656267830495,4
3.175546218839924,-4.0327255645494775,58.88925569512871,4.031125398164384,1.2224181227469713,1361.5820106763515,4
3.164398059416353,-4.039569570777122,58.93470871314574,4.036713209045067,1.213381180602513,1370.2211228274227,4
3.153742352228486,-4.030846917227413,59.04764276140192,4.029586057984427,1.201523743988423,1386.634073664633,4
3.146720543336333,-4.032409046473128,59.06496566601014,4.032226428556978,1.1955662657705586,1394.0178990739114,4
3.1307991850242187,-4.039744950412365,59.142715796995695,4.04064636551932,1.1836618908335654,1408.2963023667924,4
3.1085749770818136,-4.037691759259514,59.25064909859989,4.041050466258874,1.163295448496101,1432.0658466467692,4
3.0893822278869285,-4.029568591814362,59.336011736580495,4.035646706484677,1.1449009387680655,1452.6205670646066,4
3.0715696597367192,-4.0310939028022,59.38169466511587,4.039320495691192,1.1297343165686964,1466.233645321278,4
3.047370988331485,-4.032770068457957,59.4781297833732,4.043414552560013,1.1085221224956303,1482.8392971767464,4
3.0081310379371216,-4.030108044656475,59.73528186926681,4.041326244225663,1.0703912183140103,1508.9730416630089,4
2.9524295397019125,-4.025628004181251,60.16370400418056,4.034678193960297,1.0139558881186377,1537.6292333710055,4
2.8924398073989366,-4.044420156586036,60.51440794012519,4.055824531598037,0.9599163833628892,1546.9154203607795,4
2.832603028651034,-4.048025873269928,60.8132602391618,4.062869905086046,0.9026732250545808,1545.6711254334182,4
2.7655217460032278,-4.029653543836616,61.20727050438355,4.0399374693966985,0.8369371603044242,1545.172433231654,4
2.683654917759842,-4.034494400024414,61.57128027583776,4.0316740234246415,0.7637856040108073,1538.9849599773963,4
2.585482825054213,-4.044965299327722,61.67836380004883,4.030409577187528,0.674495590536783,1545.759270485867,4
2.4848429031586394,-4.032323697979531,61.457676769642354,4.011708706952214,0.5722608519404141,1566.513108842828,4
2.4059678356299243,-3.938553780652165,61.04106384448791,3.9181554960400886,0.4750265957934138,1589.2827697068117,4
2.3982502570312985,-3.41588187217715,60.629680976439055,3.412188572830054,0.3961241543293018,1623.7820071102528,4
3.029448937833969,-0.230952134962857,60.98094695873476,0.2870113615239842,-0.1744976293170018,1571.8916948297026,4
3.2905779822488843,0.2083899157770574,60.69299959332756,-0.1572110351551791,-0.0957329911546106,1687.098012174113,4
3.344435148024826,0.0705116739433817,59.32022069009505,-0.0284365040323385,-0.0366779785561432,1698.1112993218933,4
3.379333202758532,0.0319402365202314,58.18077848198709,-0.0138492342032324,-0.0008732380575679,1715.4222446398787,4
3.4076041371634838,0.0404317064231699,57.5533213240377,-0.0413703865716964,0.0293891625374219,1753.8692832689603,4
3.4130727159843017,0.0695155624593237,57.3949798841155,-0.0474267174186331,0.0374287200694003,1760.7976293671,4
3.409911203920172,0.0722832552502664,57.17358578456922,-0.0369546615173308,0.037711125536916,1762.8946108014395,4
3.4064229981283125,0.0539252074916713,56.71666606088703,-0.0114285763290327,0.0218861486051192,1779.5042800046083,4
3.402323007583618,0.0358816981315612,56.18594741821289,0.0212659183889627,-0.0019101686775684,1806.6759033203125,4
3.6527271270751953,-1.0858443975448608,25.386232376098636,1.0436220169067385,2.0980987548828125,1444.1409912109375,5
4.046384564854882,-1.1387054029513488,21.93224668502808,0.9410268295217644,2.9296559149568733,-42.16001198508519,5
3.902763496745716,-2.2957933165810323,29.717995340173893,2.0969486981630325,2.9934972633015025,83.16806064952502,5
3.7162237858230416,-3.2709303173151887,35.30251383781433,3.301199606873773,2.272541504014622,186.4146700772372,5
3.611316512931477,-3.961228446526961,36.47765254974365,3.9300668727267873,1.7054276303811506,57.83420111916282,5
3.6042261841622265,-4.08364000916481,38.41504328901117,3.9944382255727593,1.600953949446028,42.76210472800516,5
3.6427422003312544,-4.069807410240173,40.39298191937533,3.987464308738709,1.6534599431536414,7.258056987415646,5
3.677020815285769,-4.05166372385892,42.087997154756025,3.998136605728756,1.7052505483681506,-14.32471292669123,5
3.699687643484636,-4.038165872747248,43.53066114945845,4.001339327205312,1.7306556430729954,-12.310485493053092,5
3.708394715731794,-4.034006999297575,44.35189466042952,4.006726985627955,1.740013110366735,4.511351084167295,5
3.706535929983312,-4.0415818311951375,45.18782732703469,4.02023221687837,1.7393941527063197,29.13184460726649,5
3.7165912687778473,-4.02595129609108,45.87485122680664,4.003944516181946,1.7402536422014236,45.43450546264648,5
3.7333853515711697,-4.011426741426641,46.201616287231445,3.98960283127698,1.7548506585034458,47.63402245261453,5
3.726577959277413,-4.0323099873282695,46.71160966699774,4.015210140835155,1.748959854245186,65.70910048484801,5
3.7170831967483866,-4.041951304132288,47.20205970243974,4.02664041519165,1.733627433126623,87.516413601962,5
3.711169913411141,-4.040571483698758,47.56532261588357,4.025331936099312,1.722242841666395,104.63611602783202,5
3.706558249213479,-4.035951961170543,47.789269187233664,4.020305980335582,1.71547485481609,118.19001561945134,5
3.701046488501809,-4.031116179444573,47.96354809674349,4.015402338721535,1.7106696651740507,131.24621304598722,5
3.693715724078092,-4.027444552291524,48.03294923088768,4.0120033188299695,1.7046321671117437,144.8540510697798,5
3.6838310686024753,-4.02729374983094,48.01726948131215,4.012322726574811,1.6980975717306137,158.4277669733221,5
3.673499741337516,-4.024987621740862,48.01302060213956,4.010184819048101,1.6928900398991324,171.07737454501063,5
3.6596345752477646,-4.029530468312177,48.08234518224543,4.016544144261967,1.6832179826768965,186.0466211492365,5
3.6447944045066833,-4.035405457019806,48.23466300964356,4.023442089557648,1.6702663451433182,202.43511962890625,5
3.633386490019885,-4.035941053520549,48.39924485033209,4.023857146501541,1.659120679578998,216.49469895796344,5
3.627789258956909,-4.035797769373113,48.48742693120783,4.0239009423689405,1.6526091207157485,222.74030512029475,5
3.6166551180861215,-4.0465526987205855,48.630712097341366,4.035179029811513,1.6444949209690094,232.0494724620472,5
3.606476401740855,-4.049491676417264,48.82918865030462,4.037036977031014,1.6355946632948788,244.49659174138847,5
3.609144327315417,-4.034177715128118,49.082086779854514,4.021674687212164,1.636930725113912,249.0929704145952,5
3.6179312575947153,-4.017997958443382,49.35763861916282,4.0078912214799365,1.6440613676201214,249.61526350541547,5
3.620786054567857,-4.018129752440886,49.54859399795532,4.010094710371711,1.6482531624761494,253.15175836736503,5
3.6143640117211775,-4.029526390812614,49.59561347961426,4.021920236674222,1.6457923962311312,262.3767714066939,5
3.6050181551413103,-4.035465589978478,49.64311768791893,4.027749738909981,1.6410817673260516,274.8685254183682,5
3.5904104059392754,-4.038719524036754,49.73961327292702,4.0307582074945625,1.6318682757290928,295.6764248934659,5
3.5754663348197937,-4.037860363721848,49.861844062805176,4.03047239780426,1.6190828308463097,320.9281539916992,5
3.565398549491709,-4.035416527227922,50.00038077614524,4.029007824984464,1.6091092852028934,340.82596102627843,5
3.5638630159876565,-4.022581975568425,49.938817436044864,4.014582596041939,1.6120167672634125,347.2396767356179,5
3.5573452656919304,-4.023779175498269,49.85893128134988,4.0180419141596015,1.6115971505641935,354.8119451349432,5
3.5462500520727853,-4.0322452350096265,49.98797397180037,4.0289739505811175,1.602076530456543,369.8517379760742,5
3.541306598619981,-4.027396879412911,50.29940648512407,4.025651108134877,1.595337292010134,383.9814147949219,5
3.5388791032812814,-4.020695114677602,50.463469765403055,4.018987715244293,1.5927334028211506,394.2665481567383,5
3.538714441386136,-4.018098982897672,50.48231783780184,4.017391616647894,1.5933139270002192,398.2135731090199,5
3.539799977432598,-4.020794269713488,50.5072218504819,4.021287460218776,1.5948814722624691,397.3506414240057,5
3.5375673933462664,-4.025311881845648,50.52150669964877,4.025345103307203,1.595186681909995,398.01629361239344,5
3.532298209992322,-4.027753274549138,50.55219570073214,4.027461130510677,1.5923129929737612,403.5189451737837,5
3.523783028125763,-4.030596256256104,50.64410400390625,4.031073212623596,1.5845810770988464,415.4997253417969,5
3.513396654616703,-4.034822312268344,50.796784444288775,4.036096413027156,1.572679080069065,431.8198367032138,5
3.5087354535406288,-4.034577228806236,50.82912900231101,4.035034477710724,1.5668220641938122,439.658261385831,5
3.5033151493831114,-4.0394211411476135,50.78516745567322,4.039273714477366,1.5632701800628142,443.181379144842,5
3.495642141862349,-4.04484258998524,50.80193467573686,4.044110948389227,1.5574169050563464,449.4523703835228,5
3.490176699378274,-4.040061089125547,51.001768762415104,4.039768647063863,1.5509843921119515,461.02851937033904,5
3.490633926608346,-4.02721072327007,51.23796965859153,4.028077987107364,1.5481510081074454,472.365400834517,5
3.485326491973617,-4.024847932837226,51.56578523462469,4.028662611137737,1.54203296859156,491.0302623401988,5
3.4735189730470832,-4.024477113376964,51.96468578685413,4.030182101509788,1.52689250219952,522.088731245561,5
3.4757822386243125,-4.012636265971444,52.134343190626666,4.017913796684959,1.5248651443557306,535.4617517644708,5
3.4786499359390954,-4.008918545462868,52.317691499536686,4.016357644037767,1.5267536342144012,543.1587732488458,5
3.4783562421798706,-4.009830445051193,52.50955772399902,4.017914772033691,1.5253649652004242,552.9191589355469,5
3.477419376373291,-4.013577873056585,52.49647539312189,4.020094394683838,1.52560847455805,555.4485140713779,5
3.4752023870294746,-4.018930846994573,52.40369573506442,4.024564588611776,1.5250488797372037,554.5383273037997,5
3.4685270244424995,-4.027685837312178,52.39157958464189,4.033855188976634,1.5194221342151817,558.5770346901634,5
3.458672691475261,-4.035410211844877,52.4371739951047,4.040734702890569,1.5095631947571582,568.2038719870827,5
3.4518084580248054,-4.037118846719915,52.3217999718406,4.039170145988464,1.504333257675171,571.7907049005681,5
3.451860179955309,-4.030702038244768,52.34299204566262,4.032843771305951,1.5028049065308138,574.3761367797852,5
3.4537684592333706,-4.023584680123762,52.52225503054533,4.026808749545705,1.501873797991059,581.4356731068004,5
3.455907637422735,-4.019760763103312,52.65469072081826,4.022727985273708,1.50224779072133,587.9374986128373,5
3.4659700176932597,-4.00942308252508,52.67299409346147,4.011409022591331,1.5111480192704634,582.8650901100852,5
3.467556433244185,-4.014437759464437,52.69286964156411,4.018238660964099,1.5144767917015336,581.4846933538264,5
3.459809124469757,-4.026332914829254,52.75917911529541,4.0308917760849,1.5078784376382828,589.7012939453125,5
3.4508445764129814,-4.031862565062263,52.813875610178165,4.03546030683951,1.49935912408612,600.3036790327592,5
3.4434029189023105,-4.030801025303927,52.90994123979048,4.034114870158109,1.49094420671463,613.6205804998225,5
3.4314869154583323,-4.0342895496975295,53.0908654386347,4.040398397228935,1.477822144600478,635.2759489579635,5
3.41852311112664,-4.038198362697255,53.3222242268649,4.046202795072036,1.4630673432892018,660.6551929820666,5
3.4179813983765515,-4.030295745892958,53.46687277880582,4.036008805036545,1.4604626243764705,672.4665818647904,5
3.411473458463496,-4.032404379411177,53.61687053333629,4.039056062698364,1.454995783892545,687.7493840997869,5
3.404505278576504,-4.032533477653157,53.748735059391365,4.037959784269333,1.4474684176119892,704.4218694513494,5
3.4062571904876013,-4.025491210547361,53.755006703463465,4.027740110050548,1.4479646452448585,708.6936243230647,5
3.409507529302077,-4.024521908976815,53.6245302287015,4.024771330031482,1.451495461165905,703.1939558549361,5
3.414580995386297,-4.024361881342801,53.51157214424827,4.023826967586171,1.4571578881957314,693.1375454989346,5
3.416974499821663,-4.026471495628357,53.50073337554932,4.025876224040985,1.4610800072550774,686.8880310058594,5
3.411895914511247,-4.0307753465392375,53.542833198200576,4.029240364378149,1.4578267430717295,691.4720764160156,5
3.405119007283991,-4.029928215525367,53.58084132454612,4.026874561201442,1.451245824044401,702.5516364357688,5
3.3999215256084097,-4.024072213606401,53.65900074351917,4.020328651775014,1.444845969026739,717.9908780184658,5
3.396237588741563,-4.016249448060989,53.83099796555259,4.0134811347181145,1.4388947913592511,738.717858054421,5
3.3923657780343834,-4.010982648892836,54.07831707867709,4.010808717120778,1.4325813298875636,763.7051974209871,5
3.3957738862796263,-4.009682947939092,54.05891314419833,4.006745156916705,1.4347670471126384,767.4347471757369,5
3.3968810493295845,-4.017944303425876,53.98271525989879,4.013846018097618,1.439715480262583,760.6611744273793,5
3.389215584505688,-4.020790790969675,54.180565032092005,4.016984221610156,1.4326747445897623,775.949987931685,5
3.3884264013983985,-4.013736242597753,54.18956687233665,4.0044852982867845,1.430264882066033,783.8472137451172,5
3.38576795973561,-4.009884232824499,54.24077450145375,4.000739149071953,1.4266944588585333,796.0432669899681,5
3.3806649446487427,-4.007017374038696,54.434383392333984,3.999795913696289,1.4196510314941406,818.1796264648438,5
3.37838343734091,-4.006775934587825,54.56336782195351,3.9994373551823874,1.4170592948794365,833.2182603315872,5
3.365976398641413,-4.018335494128141,54.75925783677535,4.012697951360182,1.407644827257503,855.685717496005,5
3.357781064781276,-4.01858998970552,54.90018374269659,4.012829477136785,1.3974354057149454,875.577314897017,5
3.359588780186393,-4.01454998146404,54.90825670415705,4.006314190951261,1.3984360369769009,878.4647993607955,5
3.3618669442155142,-4.015463994307951,54.8418995033611,4.002495194023306,1.4021643589843402,873.7666369351474,5
3.361827265132557,-4.016359340060841,54.742381919514045,3.999610356309197,1.4028845849362286,870.3125915527344,5
3.3579028709368277,-4.017080626704476,54.7355843890797,3.999489291147752,1.399283579127355,876.5111756758256,5
3.3528797843239526,-4.012438037178733,54.91035808216442,3.9956621906974097,1.3923147266561335,896.500632546165,5
3.3592143045230345,-3.992785125970841,55.12824149565263,3.974980808117173,1.393340987238017,914.4846104708585,5
3.3649631386453454,-3.988599882884459,55.25739951567216,3.9693284061822025,1.3984894156455994,924.7272158536044,5
3.363559350371361,-3.999854296445847,55.26054334640503,3.979741558432579,1.3990798220038414,929.2457542419434,5
3.355599040334875,-4.01452962918715,55.24401768771085,3.995573477311568,1.3934953158551997,934.1518568559126,5
3.3436327034776863,-4.024345904588699,55.3654597455805,4.008017577908256,1.383194083517248,948.1890577836472,5
3.3322131904688748,-4.029587881131605,55.50828092748469,4.014552679928866,1.3717626631259918,965.1576649058948,5
3.3265550421042875,-4.030601447278803,55.54064230485396,4.013577374545011,1.3656033975156872,973.1819711164994,5
3.333060459657149,-4.018024964766069,55.52376174926758,3.996226798404347,1.3692636598240244,971.729112104936,5
3.3388816023414787,-4.007131286642768,55.60386453975331,3.9857582463459535,1.3732645877382972,975.8116503628818,5
3.338113798336549,-4.006576771085912,55.77091459794478,3.9868951683694656,1.3727702417156913,987.8981108231976,5
3.3340890353376214,-4.012092278762297,55.89423203468323,3.99225800010291,1.369178975170309,999.4476848949084,5
3.333866688338193,-4.012146397070452,55.93705420060592,3.990962331945246,1.3676569082520225,1004.645224831321,5
3.333820848302408,-4.01740565625104,55.86306695504622,3.9943855012005023,1.368105950680646,1001.7895480069247,5
3.336521685123444,-4.016514182090759,55.76580429077149,3.990862816572189,1.3706578016281128,994.9645233154296,5
3.3461850488727745,-3.993714468045668,55.90215323188088,3.9679970781911504,1.376063558865677,998.5307017239656,5
3.3405345136469062,-4.000619281422008,56.12064534967596,3.977906899018721,1.372386867349798,1016.7403786399148,5
3.3320733281699093,-4.011370195583864,56.2333148392764,3.9870640229095113,1.364366926252842,1033.160077875311,5
3.3311364406889137,-4.009888849475167,56.21935558319092,3.981846722689542,1.362089842557907,1039.117768721147,5
3.328660163012418,-4.005553153428164,56.30428392236883,3.97833170809529,1.3579875047911298,1051.1943539706142,5
3.3253437280654907,-4.0049252618442885,56.41831554066052,3.977578997612,1.3539990240877324,1064.9437505548651,5
3.3210584954781965,-4.008850319819017,56.496926459399134,3.980972623283213,1.3498155650767414,1076.4651926214044,5
3.3137991563840345,-4.017850545319644,56.55287486856634,3.989567846059799,1.343565285205841,1087.2772910378194,5
3.303041956641457,-4.030115032737905,56.58717682144859,4.000705442645333,1.3345635032111949,1098.4278460415926,5
3.295659964734858,-4.029163078828292,56.65172438188033,3.999604983763261,1.3256490609862588,1110.8094426935368,5
3.2909964323043823,-4.025394797325134,56.76753211021423,3.996680423617363,1.3194812461733818,1124.1528854370115,5
3.2850888073444366,-4.031308737668124,56.81824684143066,4.001735925674439,1.3141475170850754,1133.41286537864,5
3.285213316028768,-4.021820309487256,56.8984039480036,3.990604171698744,1.311719565906308,1141.91600522128,5
3.287306568839333,-4.011438608169556,57.00580926374956,3.980195495215329,1.311790631576018,1151.1251220703125,5
3.2858788425272163,-4.010510997338728,57.09599817882885,3.980926703323017,1.3098851747133515,1160.2596477161756,5
3.279397054152055,-4.012066120451147,57.26500129699707,3.987206448208202,1.3028261417692355,1173.885846224698,5
3.2728265063329176,-4.024096041917801,57.36824614351446,3.997631180015477,1.2976130585778842,1182.5477287986062,5
3.271765253760598,-4.0265046466480605,57.35181669755416,3.998541398481889,1.2951392477208918,1183.8355490944602,5
3.2743724286556244,-4.020786827260798,57.347600330006,3.993263893506744,1.2963178340684285,1182.086797540838,5
3.275557545098392,-4.02653726122596,57.33481879667802,3.997212136333639,1.2994317737492649,1177.9717254638672,5
3.273243267427792,-4.03372351418842,57.38751957633279,4.002628123218363,1.2995066798546098,1179.3682223233309,5
3.2691028714179997,-4.033709406852722,57.48971366882324,4.0029860734939575,1.295295089483261,1188.827667236328,5
3.267066691409458,-4.033349294554103,57.507777972654864,4.003130265257576,1.293311477384784,1194.2523207231002,5
3.26591111313213,-4.034242088144476,57.4918947653337,4.004057055169886,1.2930866114117885,1196.2146287397904,5
3.260560478676449,-4.038764983415604,57.55444357611916,4.008784673430703,1.2905045734210447,1203.0020162409,5
3.2488262436606665,-4.040639964017001,57.72616767883301,4.014397599480369,1.2798653624274514,1221.4580965909092,5
3.2346245605837214,-4.041176671331579,57.92716180194508,4.021562324328856,1.266030073843219,1243.479503284801,5
3.233395365151492,-4.037290085445751,57.95500846342607,4.015346716750752,1.26381215588613,1250.4172696200285,5
3.242245388301936,-4.028245232321999,57.882663228295065,4.000628330490806,1.2725517546588725,1244.495709505948,5
3.2440342632207004,-4.016348611224782,57.953434770757504,3.9900629466230217,1.2742908569899474,1251.1571932705965,5
3.233252354643562,-4.021296590566635,58.12424839626659,4.003610890020024,1.265914261341095,1268.318328857422,5
3.222682199694894,-4.02409195358103,58.30941971865567,4.009937779469924,1.2569478655403312,1285.333417025479,5
3.220226466655731,-4.015418887138367,58.45149064064026,4.002531826496124,1.2535789161920547,1296.269989013672,5
3.219189167022705,-4.011678739027543,58.567018335515804,4.000150160356001,1.2537002671848645,1302.7297696200285,5
3.206922196529128,-4.042632233012807,58.6472161249681,4.030396231196144,1.249514664438638,1309.579598166726,5
3.1959351734681563,-4.059423674236644,58.62701801820235,4.045242044058713,1.240480127659711,1315.657001842152,5
3.194379295815121,-4.051734192804857,58.6064887046814,4.035970479249954,1.2375670237974687,1318.6072283658114,5
3.18792293288491,-4.039100939577276,58.73482071269642,4.026411457495256,1.2311508547176016,1333.1769381436434,5
3.1772176867181603,-4.039768297563899,58.85491145740856,4.030440810051831,1.222644408995455,1350.5352235273883,5
3.165570535443046,-4.0403641787442295,58.92407837781039,4.03382163698023,1.212723119692369,1365.790978171609,5
3.154360222545537,-4.0276778855107045,59.03943272070451,4.025207915089347,1.2009084441445093,1384.578160372647,5
3.1471780321814795,-4.014483646913008,59.134953238747336,4.015360528772527,1.1929746270179749,1398.899181019176,5
3.140720213001425,-4.01720035888932,59.19350223107772,4.01886292479255,1.188893116333268,1406.5245645696466,5
3.1298263669013977,-4.024550020694733,59.257153034210205,4.02595055103302,1.1808970421552658,1415.9652252197266,5
3.1074499799446627,-4.016060750592839,59.45496400919827,4.0202197215773845,1.1596949540755968,1444.7983010031958,5
3.076071013103832,-4.035341717980125,59.54168857227672,4.043674729087136,1.13682099905881,1470.740398060192,5
3.041378687728536,-4.049590332941576,59.5636277849024,4.05870933695273,1.108674702319232,1489.6272111372514,5
3.001670615239577,-4.04925688830289,59.75517004186457,4.054851450703361,1.069939389824867,1509.3563745672054,5
2.9593395482410085,-4.055462178858844,60.06646587631919,4.05846871029247,1.02650610357523,1520.7302523526278,5
2.911666826768356,-4.0737010782415215,60.35366613214666,4.0822928168556905,0.9816333868286832,1522.1697443181818,5
2.8584609532898124,-4.074853696606376,60.60124191370877,4.090471684932709,0.928043621507558,1522.560406771573,5
2.800239690325478,-4.032701882449064,60.98974063179709,4.048120720819994,0.8633550676432532,1531.965508200905,5
2.7001350996169178,-3.9988228461959143,61.481776389208704,3.996196687221527,0.7660440382632344,1558.5054924704812,5
2.576602973721245,-4.009730609980496,61.64992037686435,3.993597664616324,0.6539742350578319,1575.7916148792615,5
2.4745662212371826,-4.027905285358429,61.403573513031006,4.01223923265934,0.5556963309645653,1574.4782943725586,5
2.4015764431519946,-3.927381951700559,61.0029187635942,3.911495926705275,0.4646449658003728,1590.9809542569244,5
2.39556847512722,-3.376220368526197,60.6088387966156,3.379007343541491,0.3924105831167914,1627.3539830988104,5
2.9995174407958927,-0.3365575318986924,60.76083564758301,0.3968472616239226,-0.1329857026311432,1570.9035367098722,5
3.295530831271952,0.2124789418144654,60.37917980280789,-0.1510477824644605,-0.1043719333935184,1665.2892553156075,5
3.349168522791429,0.0691855278882118,59.15593537417326,-0.0287514893888414,-0.0372188142077491,1676.447440407493,5
3.386540816588835,0.02207661064511,57.9998568838293,-0.0145654779678969,0.0006314248523923,1686.6077672784977,5
3.4209768013520674,0.0274465041319754,57.26073412461714,-0.0406351380727507,0.0284368859773331,1709.3747891512785,5
3.425638859922236,0.0579871081493115,57.1679817979986,-0.0435649474913424,0.0368506640873171,1719.8768275867808,5
3.4171110825105147,0.0597944069992412,57.09087931026112,-0.029195764017376,0.0398658869618719,1736.338932384144,5
3.407117984511636,0.0433822639963845,56.74998298558322,-0.0019296522421596,0.023785645650192,1766.510680458762,5
3.397665739059448,0.029089393094182,56.279327392578125,0.0304421726614236,-0.004017312079668,1804.5120849609373,5
3.6570446491241455,-1.0648510456085205,25.324125289916992,1.0238837003707886,2.0906310081481934,1441.5484619140625,6
4.048481891895163,-1.1377222746953195,22.04096434582239,0.9129913226626384,2.9345265407671874,-32.866625731018814,6
3.8773553700282655,-2.437089991295475,32.13702980129198,2.210232292098561,2.957487024109939,155.9339671957082,6
3.693068676981433,-3.4020607060399546,38.90393645187904,3.4343424377770257,2.206417276941497,256.45509890852304,6
3.625760853975669,-4.014057926747991,39.96714234626156,3.964704888990556,1.704874959485284,92.2543769047178,6
3.647142703505768,-4.099870651617818,41.33035997412671,3.996361211798657,1.6457906063945815,42.10906513257956,6
3.684526385932133,-4.085240594271956,42.89889092280947,4.00637907817446,1.7009580217558762,-5.256627132152677,6
3.705397034513539,-4.069689679419858,44.02854928203013,4.020497557760655,1.7304099763946972,-24.41617325530655,6
3.7103305739917976,-4.059499795409455,44.784600926541735,4.030233043363725,1.7387313842773438,-18.677833776364373,6
3.7053392796680846,-4.051350511353592,45.38854914698108,4.033003387780025,1.7371835790831467,5.599738203246038,6
3.7007008283987815,-4.042635073606995,45.84671546672953,4.028778509161938,1.7329814434051514,33.16361653119671,6
3.6978552766229913,-4.038118589883563,46.19855106836078,4.02656504751622,1.7283104815702328,55.56377494198153,6
3.696089941879799,-4.037007693586679,46.48936988567484,4.0264069622960585,1.7244391523558518,71.35914269809064,6
3.695306658744812,-4.032976221764224,46.75217431167077,4.021095130635404,1.7226775048793048,83.97724642698793,6
3.690435869940396,-4.034875875231863,47.06816640393488,4.021821318001583,1.7163079333031317,100.44239886053676,6
3.685050339534365,-4.037334853205188,47.39884665916706,4.023296323315851,1.705911330107985,118.18083796007882,6
3.681606490036537,-4.038367392002852,47.66565344799524,4.0236673903191225,1.6970828483844624,132.20657506482357,6
3.678626397560383,-4.035791460124925,47.7373652841853,4.019473865114409,1.69328179167605,142.11563618977866,6
3.670548767879092,-4.041682851725612,47.94533288889918,4.026950507328428,1.6872106872755903,155.58193285711883,6
3.662617109287744,-4.042145068618073,48.201891844300015,4.027768239207651,1.6773422572804593,171.38387307353403,6
3.656373550151956,-4.038132503114897,48.26065686105312,4.022597641780458,1.6720910250455483,182.98337861861307,6
3.649131844783652,-4.036119551494203,48.22441765357708,4.020227481578958,1.6688702908055535,192.3595859922212,6
3.642063784873349,-4.035530484955887,48.26505476852943,4.020447643323877,1.6659629783411136,200.73078988612383,6
3.636812375879836,-4.033533743058128,48.37082996587644,4.019398157623993,1.6621397391132924,208.82318729093703,6
3.632102135954232,-4.034908771514893,48.43449454471983,4.02141704230473,1.6586244681785849,215.03307947619209,6
3.626911607281915,-4.037525549702261,48.55589941178245,4.024570103349356,1.6554023452188775,221.76596016719424,6
3.622955837468991,-4.037881626479927,48.73513307242558,4.025830197608334,1.6516944814002377,229.7184383348487,6
3.619573531479671,-4.037629333035699,48.94143663603684,4.026120210516042,1.6482547583251164,238.651832843649,6
3.6154122325195663,-4.035204925756345,49.06696003880994,4.023118989220981,1.6466852042866849,248.2270183343997,6
3.6090325514475503,-4.032227754592896,49.178025563557945,4.020223776499431,1.6443611184755962,261.13069661458337,6
3.6016591581805,-4.030028441856647,49.314296590870825,4.019432067871094,1.6391682460390289,277.063405004041,6
3.594679872194926,-4.030307520395038,49.45613950970529,4.021136470224666,1.6325658176137112,292.4824527433549,6
3.590438519401112,-4.029546534878084,49.42724933843503,4.019922420896333,1.6307778481779427,300.235630780801,6
3.5869190158515143,-4.0289669941211566,49.4779645327864,4.020418833042013,1.6308823577288925,305.8661625303071,6
3.582149554943216,-4.027171113025183,49.6457783052291,4.020034450224077,1.628089170346315,316.02727920707616,6
3.573999413128557,-4.027499514064569,49.82084896920741,4.021323735686554,1.6217545455899731,331.4307650862069,6
3.563876094489262,-4.028125762939453,49.97334223780139,4.022775518483129,1.6136372623772457,349.1351318359376,6
3.550356563480421,-4.030659371408923,50.12907126854206,4.026462516565433,1.602792910460768,370.139927655801,6
3.541653860574481,-4.026156518651151,50.19101614239572,4.022053033456035,1.5948175370008095,386.0327471152119,6
3.5445356410125206,-4.017660412295111,50.07623935567921,4.013726933249112,1.599701307970902,383.6469558189655,6
3.5434411120140688,-4.021505542185115,50.12798217247273,4.020013348809604,1.60127038106151,383.5931999820402,6
3.5371483262928054,-4.029128866634149,50.2808469136556,4.028624594896689,1.5952631070696075,391.6673850574713,6
3.528384364884475,-4.036294345198007,50.43789778084591,4.035953159989981,1.586135329871342,403.47261836610994,6
3.5203066995774197,-4.039884887892624,50.67264131567944,4.040350494713619,1.576103389263153,416.984041762078,6
3.5117164809128334,-4.042765189861429,50.9216897460236,4.043887976942392,1.565565912202857,432.0885935816272,6
3.503982585051964,-4.043317235749344,51.114989510897935,4.044207178313156,1.5570106177494445,445.832639496902,6
3.497845805924514,-4.040424522312208,51.21774949698612,4.040735557161528,1.552083336073777,456.5820256375719,6
3.4915487190772745,-4.035279057491785,51.26418929264463,4.035416984010017,1.5481710755962064,467.837835202272,6
3.4871877308549557,-4.031093580969449,51.29894743294552,4.03245105414555,1.544103638879184,478.1165897764008,6
3.479962925801332,-4.034737312930754,51.39196827767909,4.037347681220921,1.5376658775340553,490.00417354189113,6
3.4700566406907707,-4.038853310990608,51.5286760439818,4.041660056717094,1.5273979751543068,505.9592565777658,6
3.4694910296078385,-4.032533415432634,51.65859334222202,4.035101874121304,1.5242425162216713,514.2873998181574,6
3.46764875280446,-4.033081153343463,51.77027993914725,4.036402093953099,1.521741802665009,521.4607256308369,6
3.462459279202867,-4.038225426070992,51.89322640429968,4.041735947817221,1.5162067906609895,531.1145026546785,6
3.4584223401957543,-4.038243145778261,52.05129873341527,4.041558019046126,1.510937316664334,541.5721393453664,6
3.4567496064065515,-4.034754410557364,52.184585900142274,4.037893698133272,1.5076795980848114,550.8151616940553,6
3.458130439122518,-4.029569011995162,52.28402442493658,4.032607418367232,1.50764672372533,556.7823051364943,6
3.46016708735762,-4.025905428261592,52.3947319162303,4.029656410217285,1.5089370320583213,561.6216556943697,6
3.4585222403208413,-4.025583108266194,52.57083511352539,4.0305436452229815,1.5063610474268596,572.005615234375,6
3.454389059680632,-4.028487243871579,52.63843431143925,4.032808621724446,1.5023607961062728,581.4506723688937,6
3.447499357420823,-4.033397723888529,52.64635743765995,4.036791045090248,1.497131532636182,590.0437180091595,6
3.4407204047016715,-4.033638436218788,52.69030393403152,4.03677443526257,1.489646384085732,601.4616593985722,6
3.439286125117335,-4.031110692298276,52.77063672295933,4.035498377920567,1.4856261946689124,609.4514440777658,6
3.435630855889156,-4.033726108485255,52.89593571630017,4.037632999749019,1.4827569599809318,617.7542535189925,6
3.4305787524957765,-4.033753636239589,52.991766611735024,4.0366331462202405,1.4774296900321695,628.8866079045439,6
3.4262061982319274,-4.032788364366553,53.05887180635299,4.03505618818875,1.4723159300869908,639.6506663355334,6
3.4254516815317086,-4.028186518570473,53.129428731984106,4.0296269614121005,1.470639471350045,647.6277823612609,6
3.4208146306290024,-4.029718311353662,53.19564148475384,4.031048328026958,1.4667133545053417,657.8852981041218,6
3.416015857937692,-4.030477874580471,53.22880256038973,4.031046839966171,1.4614173146499985,667.8712915880926,6
3.417277821179094,-4.026791597234792,53.23464840856092,4.02649818617722,1.4616584120125606,670.6111113449623,6
3.4195912240565507,-4.023271544226285,53.302415211995445,4.0229231900182265,1.463495686136443,673.4179463002873,6
3.41620781777919,-4.027234398085495,53.37085831302336,4.027464606296057,1.4608358713402143,680.5202671796426,6
3.408197386511441,-4.034892591936835,53.40200516273236,4.035306782558046,1.4538679862844532,689.5657075026941,6
3.4013963115626367,-4.037600333663239,53.45989867462509,4.037945678864403,1.4471330985255624,698.8260203394398,6
3.3965451580354538,-4.033889715698944,53.63414593400626,4.034938170992095,1.441147169847598,713.509350305316,6
3.3905718038822044,-4.029734364871321,53.87811930426236,4.031970764028615,1.4340816736221311,735.2896770608836,6
3.386083350784477,-4.025090530000884,54.06194616734297,4.026935062189212,1.4278573893952644,755.7979287333873,6
3.3907771918965484,-4.018415174265018,54.05635971858584,4.017640900337833,1.4310017392553132,758.4611199039152,6
3.3886752786307497,-4.027623735625168,53.95386873442551,4.025893934841814,1.4321520246308426,754.976145777209,6
3.3828379491279863,-4.035314113244243,53.91164091263694,4.032646902676286,1.4285320077819386,755.3144447063578,6
3.380048899815,-4.029688961204441,54.02385944059525,4.026670022942554,1.4243005856700326,764.5801384586028,6
3.379959316089236,-4.021577152712592,54.15817359398152,4.019365549087524,1.4219606374872142,776.8567631162446,6
3.3794693124705346,-4.018325816625836,54.28577379248608,4.015834249299148,1.4212943164781593,788.4670017286279,6
3.378739640630525,-4.016398205154244,54.37904873113523,4.013447153157201,1.420133996968982,798.5911647752785,6
3.376804442241274,-4.017927186242465,54.43929159230199,4.014567079215214,1.418699811244833,806.3955877896013,6
3.3709748914872093,-4.023798835688624,54.4547005138178,4.017994447686206,1.4149059913624291,813.6353002087824,6
3.365820838117052,-4.024696667989095,54.39744032936535,4.015649258405313,1.409912860256502,819.2926376167385,6
3.3653348684310918,-4.0191733837127686,54.33169746398926,4.008033037185669,1.4078232049942017,822.7931518554688,6
3.37054705619812,-4.009484619929872,54.36958861076969,3.9984127077563056,1.4108365938581269,826.6373515512752,6
3.37123175462087,-4.008661387980669,54.5023176259008,3.997725255187901,1.4121308909065422,836.6715635102371,6
3.367968879897019,-4.01172425829131,54.62137011823983,4.001016287968077,1.408887715175234,849.8287058863148,6
3.3632987518420165,-4.016556967263934,54.68601358347926,4.005965438382379,1.4046028612673966,860.1480446300288,6
3.3596808910369877,-4.018553065157485,54.74296841676208,4.007599161959242,1.4010432533834172,868.339459298671,6
3.359080273529579,-4.014680056736387,54.83998588035847,4.003355355098329,1.3992997058506669,876.9754407159214,6
3.3595375439216357,-4.011458161233485,54.93708849501336,3.999347971773696,1.3989485214496482,885.1506831728179,6
3.359758515467589,-4.011975587099448,54.95764513125365,3.9981986804940233,1.3990669229934956,889.06747050669,6
3.36047625541687,-4.013809582282757,54.893975093446926,3.99822683169924,1.3999857409247036,887.0454732960668,6
3.357967342453441,-4.0163472329062975,54.91839932847297,4.002294614397246,1.3980650696261177,890.6847825324398,6
3.356228000816257,-4.012906595208179,55.05740606373754,4.000029711887755,1.3952248000550544,901.1896727112518,6
3.3586910346458696,-4.00433193404099,55.22611098453916,3.991433924642103,1.395760125127332,911.802978515625,6
3.3555492176406685,-4.006587587553879,55.38469963512201,3.9948140971962074,1.3929785092671711,925.3848196446212,6
3.3484344194675315,-4.014366382840036,55.51064144879922,4.002022499325632,1.387019595195507,939.3846011106996,6
3.344071971959081,-4.014936184060985,55.58400173844962,4.000551569050756,1.3813926926974591,950.8289542362608,6
3.3447226258530014,-4.009469550231407,55.63908627389491,3.993156637268505,1.3803191335721947,958.5117783820492,6
3.337212940742229,-4.017335628641063,55.72802287134631,3.9999622531320855,1.3748161409093045,972.3094264940283,6
3.328990471774134,-4.019271365527449,55.84992573179048,4.001011988212323,1.3656146731869927,991.1163645777212,6
3.324432786853834,-4.015190869912334,55.9976596174569,3.996141483043802,1.3589492830736882,1010.046642785785,6
3.3226861789308746,-4.012790288048229,56.09338177209613,3.99177374921996,1.3558796123526562,1023.7802566002156,6
3.324026288657353,-4.010367903216132,56.1293348115066,3.9865039545914223,1.3560247832331165,1031.1140726023707,6
3.326088972475337,-4.007962317302309,56.16224194669175,3.982381711060973,1.3571888400220322,1036.268988949129,6
3.325706925885431,-4.009452743091803,56.22320701336039,3.983233854688447,1.3567410255300587,1043.1461237764906,6
3.3215219070171487,-4.01893374015545,56.22144232125118,3.991198256097991,1.3539642958805478,1048.1608528926454,6
3.3178746124793745,-4.020561464901628,56.25241009942417,3.9933193141016474,1.3496126525703518,1054.8078753591954,6
3.3147701120924675,-4.021640514505321,56.319356282552086,3.994448305546552,1.346278433827148,1062.3827984689296,6
3.312589530287118,-4.024012006562332,56.3437421075229,3.995010080008672,1.3443571699076686,1067.121190564386,6
3.311522805827788,-4.020610011857132,56.40526593964675,3.990223505031104,1.342343933280857,1074.3939475574714,6
3.3108630975087485,-4.016390164693196,56.47467168172201,3.986193815867106,1.3402342796325684,1083.022176106771,6
3.309642824633368,-4.016142688948532,56.53670902909904,3.986064158636948,1.3386722063196117,1090.5193712957976,6
3.30827443353061,-4.016598284929648,56.59271354236822,3.986335924302024,1.3369174400965371,1097.108989145564,6
3.3086433191409057,-4.012873824985548,56.66310056050619,3.983357851532684,1.335807403613781,1102.962114706807,6
3.309781748673012,-4.008660743976462,56.7593344326677,3.9797659249141297,1.335791016447133,1108.5050259294185,6
3.308517439612027,-4.009731098153125,56.87490461064481,3.981422614777226,1.3345993757247925,1115.4046350237968,6
3.301514639251533,-4.018705368041992,56.99071318527748,3.9909635604113,1.3285585134878926,1125.967769228179,6
3.2938832414561303,-4.022607573147478,57.105699407643286,3.995726301752288,1.3202107055433865,1138.508616480334,6
3.2890289377892152,-4.020197161312761,57.20061593768241,3.994355568940612,1.3134824517129482,1149.5974401715157,6
3.2848471663464074,-4.022486727813194,57.27846733180956,3.996578143930983,1.3097512447971038,1157.6724762313668,6
3.2755463534388047,-4.035718769862734,57.33900819975754,4.0083741155164,1.3028139369241123,1167.6736429148707,6
3.272402694855613,-4.034046833542572,57.33136383144335,4.005302560740504,1.2980524082293456,1173.730801286369,6
3.2703118570919694,-4.032597503442874,57.34534213186681,4.003290954677538,1.2965253947795123,1178.695273213003,6
3.2643169000230987,-4.034638519944815,57.41516593406941,4.006221738354913,1.2913532277633404,1188.775567416487,6
3.261246494863225,-4.033698646501563,57.45729981345692,4.005767120712105,1.28803603813566,1195.9008648751796,6
3.2610413370461298,-4.029943984130333,57.50369240771765,4.002008460033899,1.2875984434423775,1200.4871040431933,6
3.26080558217805,-4.0282105577403104,57.581289883317616,4.000117795220737,1.2880829079397793,1205.5023614291488,6
3.25756124107317,-4.0304040771791305,57.6840096177726,4.002971920473822,1.2861197830616742,1213.5824732287178,6
3.249445772719109,-4.035304343563387,57.82364759774044,4.0107280851780684,1.2796608593272063,1226.4488553452768,6
3.241179055181043,-4.037192837945346,57.96397110511517,4.014802340803476,1.2723146163184067,1240.5226629849135,6
3.234900145695127,-4.038859065921828,58.0640324559705,4.01767837042096,1.2672318014605293,1251.904538209411,6
3.228686439579931,-4.046628116191119,58.097257833371216,4.025497403638116,1.2636293248198498,1259.0128286076688,6
3.2201326304468614,-4.059347185595282,58.09721926985116,4.037901253535829,1.2588050982047772,1264.6045174434266,6
3.211992181580642,-4.060448312211311,58.15129578250578,4.039018181548721,1.2523967815541672,1274.0220386022809,6
3.206595862048796,-4.048127503230654,58.28989116624855,4.028624205753721,1.2464512833233536,1289.220491255837,6
3.2045857659701644,-4.037785176573128,58.395806411217,4.019882457009677,1.244249818653896,1301.3145646720095,6
3.203164539117923,-4.039813447272641,58.41970255183077,4.022553559007316,1.2447328457887146,1306.3025056685524,6
3.2013860570973365,-4.04663128140329,58.40209292269301,4.028145907939166,1.245433016755115,1307.0698642073007,6
3.1988992937679948,-4.050795308474837,58.39718404309503,4.031242535032075,1.2447522385367031,1308.9526535560344,6
3.194317658742269,-4.052012205123901,58.4264882405599,4.032918850580852,1.2415756384531655,1314.8067626953125,6
3.188867100353898,-4.0481825422966615,58.48960464302151,4.031440784191263,1.2364358573124326,1323.9789239291488,6
3.182513656287357,-4.044495500367264,58.585978014715785,4.029870427888016,1.2307094828835847,1335.4141551050648,6
3.1743889951157844,-4.041555777363394,58.6936535451604,4.029520144407776,1.2232754860801258,1349.157369679418,6
3.162267499956591,-4.040598378784355,58.81455734954484,4.032606250938328,1.2124467793552356,1366.088013396866,6
3.1519548646334945,-4.040282315221326,58.88525864173626,4.033230008750127,1.2030148095098034,1379.8597538389008,6
3.147832341577815,-4.028985371534851,58.90044442538557,4.024091978182738,1.1971665182332882,1387.6461237764906,6
3.147544044187699,-4.009797463471863,58.974839046083645,4.010054823996007,1.1939862007382271,1395.481330257723,6
3.134963680957925,-4.013137899596115,59.13364219665527,4.018002912915986,1.1846975005906202,1412.4452577788256,6
3.1129293030705942,-4.029622110827216,59.24543170271249,4.038250117466368,1.1675780436088297,1432.5493570963542,6
3.088738292113117,-4.04491269177404,59.27934743070055,4.0545329554327605,1.1477412430719396,1448.4342504040949,6
3.0655026929131868,-4.044551093002846,59.32952473081392,4.054781880872003,1.125618063170334,1464.81730704472,6
3.044696548889423,-4.0311953034894215,59.42839780347101,4.044320860128293,1.1031267848508108,1480.6971891556666,6
3.017323976275564,-4.024775126884723,59.64976751393286,4.040335353763624,1.075075331775621,1497.6970509496232,6
2.97340663137107,-4.0329512316605145,60.01073751778439,4.048836839610133,1.031519415049717,1515.8936767578127,6
2.918599463057243,-4.044352706821486,60.35508495637741,4.062134819469233,0.9793116052945444,1529.3875213272272,6
2.8665492753872925,-4.034999965251178,60.66064034385243,4.055373929012781,0.9270572737715712,1536.015871946839,6
2.808791760740609,-4.029281846408186,61.02867968329068,4.04717466748994,0.8730263483935389,1537.0625926050648,6
2.7241946952096345,-4.051960473773123,61.41224696718413,4.058536589830771,0.7986503250297456,1536.332591089709,6
2.623469360943498,-4.094441890716553,61.586895953649766,4.091627214146757,0.7091781113339563,1530.219629748114,6
2.5251127111500704,-4.094829271579611,61.478964246552565,4.087479944886832,0.6082465607544466,1538.9406906654096,6
2.438943007896686,-4.033371338899108,61.17473803991559,4.022919874081666,0.5081292383972249,1563.4076531070405,6
2.377111714461754,-3.860492943347183,60.67702286818931,3.849929036765261,0.4259474746797271,1596.747481422863,6
2.400360839120275,-3.178905659708464,60.190567411225416,3.1862508346294347,0.3789939685114489,1627.697476091056,6
3.052157115662241,-0.134641067049954,60.72090567665538,0.1951503465915403,-0.1687683077721784,1581.7987867333436,6
3.28915425552719,0.1957178478953459,60.658199091067246,-0.1489210606648983,-0.0765968494374163,1694.201483364764,6
3.3393770620740697,0.0589264364078117,59.40459343482706,-0.0195681919697023,-0.0278595358390228,1713.9871131633888,6
3.369124239888685,0.0229279746397816,58.437746069897166,-0.0068287587960136,0.0044534451745713,1733.0498888739232,6
3.3935417156109864,0.0352300179415735,57.90085834196244,-0.0364680385281299,0.0340004637409215,1773.5782688184715,6
3.3949456214904785,0.0639620423316955,57.82796859741211,-0.0431379750370979,0.0437903814017772,1780.487548828125,6
3.661906480789185,-1.0611425638198853,25.12792205810547,1.0210950374603271,2.0981335639953613,1422.8128662109375,7
4.054717951427305,-1.1412314810504802,20.906846768594203,0.9358901519306824,2.9429349913073413,-93.13614958834788,7
3.8729730065847408,-2.443780542109054,30.193115708455878,2.257374563658169,2.9221575852763446,118.0916222671553,7
3.701410977137571,-3.325465236785095,36.62184674477991,3.3692150570753685,2.206726672332411,215.74233329640649,7
3.634161612891048,-3.915672580630793,38.13369997939623,3.868618077625429,1.7299570348221442,62.132821827265566,7
3.658025281277695,-4.031318708651328,40.311705440455086,3.9248084649874295,1.6758664584573293,22.058389277816516,7
3.701383729890592,-4.043808578755814,42.44572839020304,3.9591853067365,1.7312421261230646,-19.94647024959499,7
3.7220024759369776,-4.054202008109561,43.87863106259032,3.99933941515884,1.757095124680183,-31.65180451056861,7
3.7290899367690775,-4.05559271608474,44.81923146330552,4.01870704661904,1.7624207121788422,-20.32701633431319,7
3.73509875749577,-4.049850157919646,45.57376129503195,4.023546648852398,1.7635760334874853,-1.9236802696492528,7
3.741376025139252,-4.0405545207117335,46.22477944875728,4.019335316784809,1.7648673953348502,17.339090314214626,7
3.7456277326352336,-4.032824593472343,46.70018170748143,4.012882651621207,1.7649466874282485,35.74725180829881,7
3.7454163807664993,-4.030658438026561,47.00941709838162,4.011400016057009,1.7620940897506097,53.2247097257934,7
3.7411640861819935,-4.032423465927212,47.26862884256881,4.015306900002364,1.7551342834627008,70.13859412573667,7
3.735850272151087,-4.031442915084045,47.52772991643476,4.016343499883751,1.747658008784917,85.58693368724315,7
3.7274209350519785,-4.02980765028496,47.7076885245439,4.016153404478393,1.738303961781408,102.2763480037623,7
3.7146507756558456,-4.030181035830107,47.80915032094614,4.018061444938527,1.7268203179960306,121.75437111385985,7
3.7022802691928223,-4.029487563006451,47.95533104163374,4.019271789947686,1.7151400925796156,139.9703281821543,7
3.699296836908153,-4.017562055863397,48.075115755114254,4.007554724037303,1.7115275170761726,148.5104067587439,7
3.691453018629482,-4.018710621519585,48.25232956726427,4.010708963250838,1.7071086030474978,158.50610677906542,7
3.676756492239892,-4.025745857657725,48.43088760816982,4.018562085366662,1.6933561942480893,176.0499427222103,7
3.6724123362171857,-4.020533010449713,48.44641770379392,4.012045592930964,1.6882700485990227,181.15861423029372,7
3.663031805457407,-4.023543432268793,48.46856854830174,4.014021799054449,1.6845678876590178,188.05635670568213,7
3.650791583033656,-4.027694589140787,48.51518811793686,4.017771018033772,1.6762302218145029,199.55835005038043,7
3.640664609181399,-4.032360821101018,48.660322773663296,4.02314270162858,1.66586882323888,210.64888459133965,7
3.636281808676747,-4.030880974896381,48.81448044528851,4.021421647485281,1.660671916311187,216.7160543099993,7
3.631412869933024,-4.032834212904032,48.946158282329584,4.023417020808755,1.6567585234008084,222.68297678335557,7
3.6251692358469,-4.034767481633004,49.02557644265236,4.024268900038879,1.653133929809394,230.11418839823995,7
3.619337708963824,-4.031417452531054,49.015156122990426,4.019295113624176,1.651915684600786,237.81026648372583,7
3.6123749424267366,-4.031002987326914,48.99736796913808,4.019009642518324,1.6490298826570455,247.3210213721832,7
3.602273246456433,-4.03571950217892,49.06722416078424,4.024980503699683,1.6422441729231376,261.3001384404353,7
3.593320577819912,-4.0369481103268665,49.20688459363287,4.026856742153278,1.6343070840559943,276.9758702978233,7
3.5897303151257467,-4.032138623254148,49.34303310151734,4.022508053421285,1.6314115923953194,287.7261532469292,7
3.583455461987181,-4.032523011885626,49.43373046169391,4.023520786638205,1.62803827338136,299.72077086343927,7
3.5736490605194446,-4.034947138990281,49.60660967523652,4.027442458048032,1.6215136567981256,316.7584891787844,7
3.56432734335089,-4.031122615571656,49.840760732661785,4.024676934832093,1.61306689998318,337.2948040383399,7
3.558633003620743,-4.02439234573717,49.907782317586026,4.018272689312179,1.609839331897008,351.30230748171067,7
3.55118119509923,-4.02243782605739,49.92827544460407,4.017756010066568,1.6069120037762417,364.1228076736362,7
3.542738882792478,-4.025178553741102,50.0014981837631,4.023076922907306,1.6001167235346887,377.7480235899114,7
3.535814456167938,-4.03019988054485,50.16693141694703,4.029405177673164,1.5920788525156893,389.5315350659321,7
3.533917093552606,-4.027521546865474,50.27970659112655,4.026023627705657,1.5910099186649211,394.5095673489433,7
3.5288379743609126,-4.026399245840966,50.56535908252518,4.02725617733994,1.586262164777414,406.613772353685,7
3.5212799358919176,-4.024407455686889,50.93124076534558,4.027192782804456,1.5757453455401291,426.98789457640896,7
3.515034515733664,-4.023450867978134,51.15586259874994,4.0269268978537855,1.5679492275149836,443.5919394079661,7
3.5142009148018896,-4.018063765729783,51.28602372979842,4.021874179729837,1.5668630937620394,451.503000953983,7
3.512315325654311,-4.014649286435518,51.367665505822686,4.018615965209255,1.567019183511679,458.0920261978414,7
3.5097938424590005,-4.012367174115484,51.40825886809068,4.016961960434225,1.5651581638810264,465.5660830811958,7
3.506199329574673,-4.016267974941717,51.4449271935259,4.021704761968183,1.561871122762647,472.0158832527999,7
3.495590132784981,-4.027120697705043,51.44182293401288,4.031895472135158,1.5536797515229683,482.5134517250723,7
3.4881218471968105,-4.029416117364961,51.4976030471008,4.033648036118877,1.5458460963530347,492.5257808266348,7
3.484152749783731,-4.026619343399313,51.65915602755685,4.031477382417359,1.5396893885783378,502.8196337043895,7
3.479917669571893,-4.026488097416872,51.84227243324236,4.031841082379997,1.5330900787618118,514.8530428671423,7
3.479541573221284,-4.025244368294071,51.90844371553101,4.029795043041252,1.531567842285068,519.7254829186236,7
3.4766474583245426,-4.028594132792743,52.016573051496735,4.03396560966624,1.5289527005542909,525.6247981958996,7
3.4710726365877718,-4.031935700102348,52.15747980988784,4.037679418663069,1.5216217654288848,536.6653509415643,7
3.4677583055000083,-4.037070731896197,52.12277603149414,4.041778666435639,1.5180839231248535,539.272798218479,7
3.468852041773713,-4.0358199329045465,52.19932686248956,4.040464737511783,1.518510411929533,538.7001127562771,7
3.4642906285434787,-4.036484561214557,52.42017424037691,4.042336477709643,1.5136345480218787,549.1768481304192,7
3.4570471468688435,-4.034582780275731,52.61793271103346,4.040126249280279,1.5042856414883123,567.5867298986182,7
3.4613485997811906,-4.024640108119546,52.626900976103855,4.029088544018696,1.506773828771073,570.2110031216131,7
3.456375331547908,-4.03263146064185,52.631076570191134,4.038241827419038,1.5042830581609914,575.5404207968298,7
3.448091297480412,-4.040919403120272,52.64042306359793,4.046040672787352,1.4963409349408454,584.0501229170429,7
3.4451989920842165,-4.042042029386311,52.62843633662759,4.045911499530594,1.4930646074989629,586.344830992594,7
3.4468727235849195,-4.0367405593739765,52.695205269521374,4.0403539596954525,1.4935472025347585,587.5477993474531,7
3.441284142477664,-4.042453542610124,52.72797856854566,4.046529033969592,1.488818944534125,594.097310501716,7
3.433472718806625,-4.048355648283325,52.78335838097368,4.052169843905234,1.4814377347857963,603.4868333408598,7
3.429478631543286,-4.043753417241091,52.95579445017555,4.047654931944919,1.4760549736849835,615.7357636380058,7
3.423600287795756,-4.040326460248473,53.11232638496884,4.044022808185202,1.4697381320027256,632.138902609059,7
3.41744624948226,-4.037657792857616,53.23395657401554,4.041626687683811,1.4627883144885818,649.5699766302384,7
3.410166256689612,-4.037577670433618,53.36967752710243,4.041966774560123,1.4557229645679453,667.6022942162663,7
3.402367349304905,-4.036335832121744,53.51040179743243,4.039930991354705,1.4478193059822038,686.9797412673862,7
3.399692547803669,-4.0317219833418125,53.51948990573773,4.032092466519747,1.4446174871025748,697.3892335395592,7
3.4014500855021392,-4.023134804874486,53.55183871495242,4.021099269734641,1.445728773326543,704.5468333690842,7
3.404620309785612,-4.013888006265453,53.641749078827786,4.011915802266556,1.44665994740635,714.335150040643,7
3.4059901637148995,-4.015400010037284,53.66946858753359,4.014500036405001,1.447759108736336,719.6490316225614,7
3.407203040371052,-4.0203346461919,53.62636517651508,4.017434346193523,1.4508223940182283,716.6866871387283,7
3.40532184474041,-4.023772901193255,53.64603629139806,4.021017035996983,1.4498967132127354,718.0774991250452,7
3.402197644889699,-4.022076038955953,53.77330616857275,4.020399396819187,1.4451251250470991,728.5125076205744,7
3.403899865343392,-4.016916749105288,53.86339666112999,4.015352202288677,1.4451811348082702,734.6339160720737,7
3.4006123032873075,-4.019451273659061,53.97528616403569,4.018883600400362,1.4427568195872225,744.1482914389902,7
3.398939247076222,-4.0201403750160525,53.98532567547925,4.018245129226949,1.4403692042896514,748.8366720387012,7
3.4002102523869864,-4.021809484228234,53.89453008133552,4.018465924125186,1.4426708317905492,743.3996977172146,7
3.395718287870374,-4.023923545903553,53.984533210710296,4.021813417445718,1.4390707994472085,750.475218315345,7
3.3883480212591977,-4.025136242023093,54.11918737157921,4.0235666705004745,1.431470590519767,765.6574925769961,7
3.383161368397619,-4.022826941716189,54.22670071111249,4.020748810961067,1.4252152890828305,780.4382359499187,7
3.3813704906860527,-4.018255071143884,54.32710180117216,4.015218949731374,1.4225878178039728,792.4785629007857,7
3.3793061110325637,-4.015497849855809,54.421093163462736,4.010787401585221,1.420415867270762,804.4288689938584,7
3.378893003298368,-4.012064669173577,54.46664774900227,4.005612309957515,1.4190517209168805,813.5060329547507,7
3.377458517262012,-4.011941920815175,54.51188476650701,4.0045544866881615,1.4179629301060142,821.6672885431719,7
3.373968762469429,-4.011962653584563,54.60205027409372,4.00464596224658,1.414144518747495,833.9226857444455,7
3.3725119036746163,-4.0096736505541495,54.69994940785314,4.003532349029717,1.4115008267364062,845.0023087518064,7
3.3709400403017256,-4.012434802303424,54.75707022165288,4.005023832266041,1.4109704453132057,850.9837314848266,7
3.3667825164133416,-4.01786684852115,54.77191629575167,4.00990458582178,1.4079521026225448,855.954203170159,7
3.3582842170847638,-4.025021484132447,54.81793556874887,4.017927552923302,1.4007321699506283,865.3557185354949,7
3.351885248470857,-4.026152354444383,54.89647998699563,4.017435109684233,1.3945623732715673,876.2218278653361,7
3.350068826895918,-4.018924872999246,55.0023739103637,4.008597939000653,1.390714867955687,888.9029248187996,7
3.352185447781072,-4.009235955387181,55.11740246811354,3.997589716332496,1.3903958811236254,901.0073750225796,7
3.3562544811667734,-4.00321025793263,55.19498961784936,3.9902077024382665,1.393310531715437,908.409294701725,7
3.3554749116732205,-4.004690933778796,55.30523119358658,3.9917687267237314,1.393058069179513,918.7043340605808,7
3.3537189988042577,-4.003982877455695,55.4361147577363,3.991565425961004,1.390308161691434,931.0926552480356,7
3.3524702863197104,-4.003760472887513,55.55253647379792,3.991341089237632,1.3884244647329254,941.3969818291636,7
3.35005241598008,-4.007697846848152,55.622795700337846,3.994233336751861,1.3864291989045336,948.8410108268606,7
3.346160862487176,-4.007056511895505,55.77020451099197,3.992900094544957,1.381892731424012,962.4762294526734,7
3.3431544193642675,-4.004748418841059,55.89555528673822,3.990028435095197,1.3766878705493288,977.4057384336616,7
3.3418617262316577,-4.008248249230357,55.895802095446285,3.9916328956626055,1.375187765656179,982.8504479909908,7
3.341819058952993,-4.014141587163672,55.7989347160207,3.994436393583441,1.3761023345021155,979.7025054755238,7
3.341086836908594,-4.018416873292427,55.705396398643536,3.9969278897853258,1.3763219352402438,975.8414574771948,7
3.338983615698842,-4.019767273368174,55.69232554794047,3.9980965832065296,1.3746860289160228,977.4064906125813,7
3.3341297042163123,-4.020672362663842,55.79318263765016,4.000220392480751,1.3702214005365536,987.8474078757224,7
3.3238203746045945,-4.025992214335183,55.97677938648732,4.007091921877999,1.360688676034784,1007.4432845804736,7
3.314332650576024,-4.02902109774551,56.14418631757615,4.009862808822897,1.3505092073727205,1027.5809820097995,7
3.307913496315135,-4.028246113330643,56.278103800867335,4.00804668217036,1.3426499918017083,1044.9175609081467,7
3.3045410889421585,-4.025202640908302,56.39209637063087,4.003372173088824,1.3376311525444076,1059.4737033733743,7
3.304935918378003,-4.022944373202462,56.42439453036799,3.997475950704144,1.3369466479803096,1067.1858700438042,7
3.305803253471507,-4.020933079581729,56.43653803478087,3.993240539738209,1.3370718804398023,1072.8623046875,7
3.305336979772314,-4.019800999261051,56.48550040184418,3.990528451224972,1.336348730704688,1080.6181640625,7
3.304854935993349,-4.01663308612184,56.55417705822542,3.9858254201150354,1.3349107393639623,1090.3162136188132,7
3.3070898662412787,-4.011292179195867,56.58327548076652,3.97929092363126,1.3355220893903963,1096.609051125587,7
3.3089514715823136,-4.006533336088148,56.64765775823869,3.9745315292667103,1.3364047253062958,1103.4770006830292,7
3.306135440837441,-4.008311106290432,56.77362349405454,3.977891110271388,1.3336716518236722,1115.1059238676391,7
3.2979853084321658,-4.018080096713381,56.88896659895175,3.989240800714217,1.3261190983601387,1128.5269323801028,7
3.2953465481024944,-4.017970862416174,56.94657406228127,3.989419657370948,1.3215375449616096,1135.8743049753884,7
3.294439184872401,-4.022859526507427,56.9485972850998,3.992022441301732,1.321269225522962,1137.1925676819906,7
3.292327675516206,-4.028682893411273,56.91017124418578,3.995605682362022,1.320095404035094,1137.3925569567375,7
3.288271385810279,-4.029270654468867,56.94708388664819,3.996831372983194,1.31586437625003,1143.22315582099,7
3.2843734790824053,-4.022804819779589,57.08601077305788,3.9928225754313376,1.3103607700050222,1155.2001219291908,7
3.280758735072406,-4.021177661212193,57.22504197931014,3.992174187147549,1.3061567221073749,1167.0712989410224,7
3.2769163991674524,-4.02617279504765,57.281841145774536,3.996650676506792,1.3030511485358884,1174.3343999785495,7
3.2694410836765533,-4.032786942630834,57.35275936677966,4.004326018294847,1.2964729194696238,1183.9337863811868,7
3.258039030725556,-4.041331577852282,57.45506705576285,4.015877908364886,1.2860641665541366,1196.5688716469474,7
3.2480036922961992,-4.0424748514429,57.59959998158361,4.017991708193211,1.2759741923712582,1211.2607965193731,7
3.243301252409213,-4.034041195246526,57.755955844945305,4.010157510724371,1.2698700173052748,1226.6716075742866,7
3.2382238820798137,-4.039760551011631,57.7890409348328,4.01537608549085,1.2666006363885252,1235.4129779793625,7
3.2353780889786736,-4.041376723030399,57.751734761144384,4.014608821427891,1.2651538152915205,1239.6482914389903,7
3.235256696712075,-4.035369779333214,57.69700201398376,4.007984814616297,1.265115610436897,1242.0117335677835,7
3.2351770359656715,-4.031064976157481,57.6947252791741,4.004821460371073,1.265558782340474,1244.9146185196894,7
3.231364569912067,-4.031962788862989,57.78996409157108,4.007626409475514,1.2632733170007695,1253.0263566033689,7
3.2277391012004344,-4.029476843817386,57.92183797759128,4.005055584659466,1.260236943388261,1264.3005815627257,7
3.2251345739199246,-4.024282607039964,58.0106778227525,4.0015852272166,1.2573921990532406,1274.8528911612627,7
3.2204781694908364,-4.026309151180906,58.060374155209935,4.006366084765837,1.253981388373182,1282.910109679823,7
3.214851048640433,-4.024985660707331,58.15657541793206,4.007859232797788,1.2490532756540818,1293.2836215509844,7
3.2139244079589844,-4.020963619210128,58.21592483079503,4.004650482552589,1.2477377990766756,1299.277441829615,7
3.216172823327125,-4.020258222701233,58.24213962885685,4.00282276848148,1.2509066135208042,1299.1725615573066,7
3.2136864744858933,-4.022529921779743,58.322075485494096,4.006131781318973,1.2499907692043768,1304.471128607072,7
3.207861777674945,-4.027585737967078,58.41135236707037,4.014322424210565,1.2460898257404394,1311.9032702142792,7
3.1994695015725374,-4.035678976533041,58.525249856055815,4.023060856526986,1.2408576590477387,1321.0892637396134,7
3.19070006657198,-4.040544275603542,58.62518153989935,4.028737917111788,1.2337551826686528,1332.219729384935,7
3.183611533545345,-4.045194683736459,58.6603642502272,4.033920020726375,1.2283662695416138,1339.4433226833453,7
3.1738089881191365,-4.04992929359392,58.71432457631723,4.039334104240285,1.22115625122379,1349.0670420034774,7
3.163666340657052,-4.048360568250534,58.78025586343225,4.038683257351032,1.2120850031086474,1361.6992878996568,7
3.1550506691023106,-4.039821070742745,58.86278315637842,4.031894617687071,1.203592957099738,1375.3811183334085,7
3.142414416880966,-4.02757147144031,59.01422324208166,4.0240476007406425,1.1912185284443673,1396.4825615855311,7
3.123304079033736,-4.031650510137481,59.13228558667133,4.033209392790161,1.1762029649205292,1418.3485156814486,7
3.100088193926508,-4.028134514141634,59.24568123348875,4.033470082145206,1.1554226275813373,1442.6314203339505,7
3.073689730870241,-4.013166802466949,59.41724314165943,4.0232717425837,1.1299422993136277,1473.357405645999,7
3.043385021948401,-4.02226880244437,59.51486497118294,4.036200275310891,1.106028839342856,1495.38087066474,7
3.012345444949376,-4.02153943453221,59.64621730209086,4.036806382195798,1.0773032752075635,1513.5120285122382,7
2.9724464705913745,-4.008519657774468,59.972000033869215,4.022487122199439,1.0355994522227032,1535.102164384257,7
2.9177801168033843,-3.9968003758116266,60.44373877200088,4.008146448631507,0.9802962296959982,1556.8170088398665,7
2.867237376339862,-4.015758238775882,60.8061635452888,4.030774119272397,0.9367066811274928,1550.557504290101,7
2.817483003428906,-4.035284921613043,61.12741375520739,4.05205595700038,0.8926357495991483,1532.35695052836,7
2.75666703378534,-4.045101623314654,61.45987513988693,4.056021015079035,0.8367999375211018,1517.8188674132948,7
2.681819382430502,-4.038356673510778,61.725819780647406,4.03848635392382,0.7664145207129468,1516.3363227623734,7
2.593999325195489,-3.983809180342393,61.82732234800482,3.972259416745578,0.6755359334752739,1544.6946393492594,7
2.5003290024795968,-3.922536140232416,61.65669091726314,3.9006886537364447,0.5802242242531962,1580.2878001659594,7
2.420961632204883,-3.8155456361054,61.21389889579288,3.789535971735255,0.4943525436296631,1603.6366072638186,7
2.458270121171986,-3.0224171621950946,60.84164803565582,3.015328101340045,0.3951632454560659,1615.2024017510385,7
3.0677039251162106,-0.0998692398815563,61.4826678237474,0.1337240710423935,-0.111292670184821,1596.9962292268774,7
3.272246662591923,0.1795724661364031,61.36763225401068,-0.1486475915578059,-0.0210406839029292,1720.4069746601788,7
3.3381546067364645,0.0623937049353048,59.62531915565445,-0.0246702783089666,-0.001746584591321,1709.39706226856,7
3.374696203738968,0.0248576858850744,58.458721976748784,-0.0162219978987394,0.0218951946522802,1721.815903856575,7
3.4069186952072763,0.0365279089508719,57.77803645933295,-0.0493035738953965,0.0442679138326576,1750.725106123555,7
3.4167371223427656,0.0678870550469855,57.55114523385991,-0.0576097478153389,0.0521718087697649,1745.233346222453,7
3.414658069610596,0.0656706690788269,57.34767150878906,-0.0430805161595344,0.0535815171897411,1754.5699462890625,7
3.658825874328613,-1.1021952629089355,25.022655487060547,1.063518762588501,2.1253395080566406,1413.0865478515625,8
4.057651901802822,-1.1699779988729466,20.01333464237681,1.045010953618769,2.999953824874253,-137.42076396384437,8
3.9000723264370745,-2.203997278771205,28.59525615848296,2.0186796327780563,3.0248042240477444,74.96529968440188,8
3.675909080003437,-3.343974786892272,36.319761845103486,3.385099519763077,2.2059562038957026,231.32430628726357,8
3.604737111699512,-3.9766839554435327,38.103039278621566,3.940296253962824,1.680700818000481,84.81295236509445,8
3.643934127182989,-4.0486311800995765,40.266498052585895,3.9512437547159474,1.6461784470151042,31.9824697260271,8
3.695362869061922,-4.044357124127839,42.40837358173571,3.967089305844224,1.7182432475842928,-16.68395541843617,8
3.721746982886777,-4.049574316593638,43.89851562321535,3.99788560783654,1.753730388412699,-30.980034699914054,8
3.728145780619125,-4.056721662220202,44.98714868645919,4.02230593753837,1.7598079700916134,-17.847008041471064,8
3.724583199149684,-4.057894656532689,45.82817439029091,4.033923349882427,1.7516212965312756,11.023043707797408,8
3.725812291541295,-4.04553074585764,46.38595270971109,4.025605753848427,1.747342626253764,35.68496438634326,8
3.726945679090176,-4.037586822844388,46.82095236527292,4.020279295960365,1.7446870985086895,55.932567239504834,8
3.72389807199177,-4.0362166270875095,47.1802794473213,4.0209398436964605,1.7383294523807995,75.51734589693841,8
3.7164944403352793,-4.03778606548644,47.431228503846285,4.0235533519097935,1.7286855679506448,95.08033988908022,8
3.710731283265945,-4.036450793171487,47.63681996217248,4.0228127931293685,1.7212168647531878,109.97603830259447,8
3.69900815947014,-4.042314362107661,47.88448875828793,4.0302201739528725,1.7101424409632098,128.1911610385828,8
3.686097768315098,-4.042776662703843,48.043011380915054,4.029972327382941,1.6970524334768105,147.71134823804712,8
3.677078965114571,-4.035436766886572,48.03564919365777,4.020839755298101,1.6909179541102626,161.32351086711327,8
3.6707953653837504,-4.027843651018645,48.08759388170744,4.013407933084588,1.688345651877554,171.20449588173315,8
3.6691607104407415,-4.018120500776503,48.123193952772354,4.004088931613499,1.6883543862236872,176.14422098795572,8
3.663981655187774,-4.020023407294736,48.16640983269229,4.007579401919716,1.686774534091615,181.4827233922412,8
3.651473538917408,-4.030872537378679,48.24854867500172,4.019562219318591,1.6771403111909564,193.1296774880928,8
3.643293881276895,-4.033876937732362,48.32042294775533,4.022210634242722,1.6696385270670842,200.6529136791564,8
3.6371751291710033,-4.034969416278147,48.44108989782501,4.023210743017364,1.6647324861838804,206.7590306153772,8
3.6302737687763416,-4.037086503547535,48.620207134046055,4.025700418572677,1.658816268569545,215.83944568299407,8
3.6221358246273465,-4.040136181123075,48.82009706999126,4.028932091785453,1.650814660111366,228.2945545040376,8
3.617816839998925,-4.038016115712841,48.93879860325863,4.026158235226458,1.6467577483918932,236.9377251340632,8
3.615031141983836,-4.033710555026405,48.98542364020096,4.020980132253547,1.64703621362385,242.985431068822,8
3.61377473463092,-4.027610578035054,48.95114084433394,4.014507993620041,1.6492226005297654,247.32819593998423,8
3.6127322403311033,-4.026600059710051,48.89197040580169,4.0143323362919325,1.6513524606213932,249.53926122118853,8
3.606210541306881,-4.0327524302298565,48.95143221135725,4.021935061404579,1.6482830800508197,257.8358721816749,8
3.5994203676257217,-4.0333119052195405,49.12997244673166,4.023207918245193,1.6429508987225985,270.8559713084795,8
3.594399572115893,-4.028396556251927,49.3171501159668,4.018747706162302,1.6380654176076253,285.2319050392909,8
3.5900592971266363,-4.02612298831605,49.38426810816715,4.016896866915519,1.6347765713407283,296.6082249691612,8
3.588697017981992,-4.023316065470378,49.41843927394577,4.014960007360804,1.6348248141550878,302.32906301398026,8
3.585621953707689,-4.024322233702007,49.49684247914811,4.01729520998503,1.634014333897864,308.5040868569536,8
3.580297946929932,-4.02610424945229,49.6160888671875,4.020057853899504,1.6300403695357473,318.29048879523026,8
3.57529886703045,-4.026060600726925,49.73521945351049,4.020605276899728,1.6256353450797454,328.4325929162098,8
3.5715438259972467,-4.024530039893256,49.7965939839681,4.019178019629584,1.6230512857437134,336.20123969184027,8
3.563638339962876,-4.0284729171217535,49.85715236998441,4.023810579065691,1.6179236194543671,346.8416748046875,8
3.5539079967298006,-4.03173487646538,49.932180482741686,4.027342196793584,1.6095089919385854,360.5435826708699,8
3.547506594518472,-4.031241815689712,49.99895760608696,4.027093117697197,1.6038850706223158,370.418671189693,8
3.539151367388273,-4.03262426142107,50.09546975922167,4.028942066326476,1.5974590443728265,382.2152442262884,8
3.5345526452650105,-4.027820431001005,50.33178831401624,4.02609572215387,1.591569377664934,394.5921616582146,8
3.5307708581288657,-4.022935900771827,50.73772885506614,4.024502598054228,1.5847303679114892,410.3634304470487,8
3.5205890630420886,-4.025998893537019,51.10771942138672,4.029473028684917,1.5725892593986108,433.227204975329,8
3.516099338643035,-4.023363618125693,51.23376569692154,4.026384849994503,1.5673626514903285,445.6528841431378,8
3.509707477357652,-4.027721195890193,51.314210523638806,4.032079063660917,1.5628519176739697,454.8657619186313,8
3.498407092010765,-4.034597513968484,51.4837736163223,4.039607809301009,1.5519219553261472,470.885163959704,8
3.488789766155488,-4.0349410430729735,51.5739027101394,4.038678367235507,1.542813494191532,485.3820786504021,8
3.4890771400161653,-4.026586370858532,51.54736424050136,4.029235268196865,1.5429040047160367,488.5704681218019,8
3.4823933818884063,-4.0302069814581625,51.68868791011342,4.03504120676141,1.538442193416127,499.1350311814694,8
3.4691069642005607,-4.032224186679773,52.0042147943151,4.038233885291027,1.5226260130865532,526.0089147021199,8
3.465919024763052,-4.025654873652765,52.1463793927466,4.030824758853131,1.5167353264769616,541.0168507001554,8
3.463302825626574,-4.023291537636204,52.296687477513366,4.029036446621544,1.5136195295735408,553.0231548108553,8
3.464477090110556,-4.018486131701553,52.380901738217005,4.023565819388942,1.5129463428642318,560.2282693427906,8
3.4679302723087067,-4.019085373794823,52.32112364741096,4.023640970040483,1.517044028343513,557.1413045961257,8
3.465407212575277,-4.029375235239665,52.25205866495768,4.033825715382894,1.5164932012557983,554.9040934244791,8
3.461722888444599,-4.033128529264216,52.31535647208231,4.036707392910071,1.5134582045482614,557.6567040158991,8
3.4582492134027314,-4.030896022305851,52.43449943944027,4.034719645628456,1.5080968476178354,566.5230113246985,8
3.453849583341364,-4.031771952645821,52.54044522737202,4.035685179526346,1.502698917137949,576.7679743181195,8
3.450053923311289,-4.030672809533906,52.588464614243534,4.033272428122181,1.4992990103381418,585.0816314875731,8
3.446359684592799,-4.029385720080103,52.67018685145685,4.032705792209558,1.494524669926069,595.2994184884412,8
3.443354004307797,-4.029120244477925,52.76056068821957,4.032571993376079,1.4903360479756405,604.8710295024671,8
3.440003498255858,-4.032057792819732,52.79354700010423,4.0353740474634,1.4872713779148303,610.9957489549068,8
3.432425966039736,-4.039082047534965,52.85317796852157,4.043105671977439,1.4799366994210852,620.3924332111203,8
3.428911225837574,-4.039640627409282,52.94573178207665,4.043972257982221,1.4747046378620885,628.0301877741229,8
3.428902386224758,-4.037444268053736,53.051694278828585,4.041479969582363,1.4736224419889394,632.5852093612939,8
3.427738062819542,-4.036951009293048,53.14840916862265,4.04077739046331,1.472521183783548,637.9225988555373,8
3.420210608264856,-4.041546110521283,53.25105466340717,4.045949400516978,1.4656108638696503,649.9448370682566,8
3.413088233847367,-4.04323112755491,53.33444860804151,4.047999624620404,1.4578996311154282,662.4889123035454,8
3.4064442442174543,-4.045056850589507,53.41069987782261,4.049844493642885,1.4515926517241182,673.4754774305555,8
3.402460713135569,-4.042961095508776,53.47286645989669,4.04629363511738,1.4472051356968128,682.4901123046875,8
3.4068544357143646,-4.03266307763886,53.503974356846506,4.033461796609979,1.4504277211183694,684.2734267920779,8
3.400731569145158,-4.032673010352062,53.668247289824905,4.034192573257357,1.4465125708552131,700.2350510268184,8
3.391752790986446,-4.02874083268015,53.87068383735523,4.031184430707965,1.43564348262653,726.9096722519189,8
3.3878347078959146,-4.023999426099989,54.00855467054579,4.026452753278944,1.4303008317947388,746.3699001736111,8
3.3860875263548733,-4.021347163016336,54.08344056871202,4.021466400191101,1.4286428669042754,758.565828022204,8
3.3880963743778696,-4.018195361421819,54.03861169647752,4.0155132193314405,1.429911776592857,761.0637421189693,8
3.3921945206603112,-4.014936221273322,54.01099913301524,4.011336716992116,1.4338275347536766,759.5889878300895,8
3.394718217570879,-4.011905502854732,54.101220493428194,4.009248069852417,1.435831948330528,763.8888938859192,8
3.3917024888490377,-4.020068118446751,54.08098863300524,4.017100936488101,1.4343738304941278,765.8156224300986,8
3.389863658369633,-4.023500593085038,54.05492706744992,4.0199558469984265,1.432969772327713,765.4095501816064,8
3.3884471884944984,-4.0233892530028585,54.08170017443205,4.019235881448489,1.4317689855196325,767.3865324321546,8
3.3850006262461343,-4.022755405359101,54.13962006150631,4.017850340458384,1.428472272136755,774.8963537383498,8
3.3796180270568668,-4.020914010834276,54.26280600564522,4.016283319707503,1.4224872386943528,790.0634380139803,8
3.37732922542862,-4.013744741852521,54.42822836714181,4.009318758869728,1.418010405629699,807.8404355411643,8
3.3754266563214754,-4.009899674800405,54.59646392286869,4.005897697649504,1.4152113157406188,825.1182368763708,8
3.371743030715407,-4.01153364237289,54.70965234856857,4.007692844547027,1.4114854586751835,839.5559460377833,8
3.370003196928236,-4.013904644034759,54.73531470940127,4.009731816966632,1.4099389990867928,845.3339022809303,8
3.368375677811472,-4.016793652584679,54.775355891177526,4.010192845997057,1.4098944475776272,848.2657470703125,8
3.368980176267568,-4.011586462545116,54.8224921421698,4.003181886951825,1.4087886942757502,853.6610471491229,8
3.368917930893033,-4.009900558761686,54.86232427407426,4.001629641181545,1.408110039275989,859.5799018012153,8
3.3602896196800365,-4.022274151183011,54.84794235229492,4.014418501602976,1.4023584106512237,866.2931871916119,8
3.3530281733351144,-4.026248251485546,54.88523324888352,4.017110961222509,1.3959165504801343,874.9813981976426,8
3.3497076299455437,-4.0213146739535865,54.97852410210504,4.011150095197889,1.390983157687717,887.1637234157987,8
3.347346498255144,-4.018206596374512,55.076210356595226,4.0075871400665815,1.3878895692658006,899.768239874589,8
3.3433844471535488,-4.0175129544665245,55.22007358841032,4.006370842805382,1.3838262035135638,915.7628555744016,8
3.340889667209826,-4.016499053665072,55.3172414902358,4.004311745626884,1.380340562229268,928.9020253677816,8
3.3404408630571867,-4.015759292401765,55.367821542840254,4.001835848155775,1.3794980613808885,936.5733771073192,8
3.340199357584903,-4.014956086699725,55.428881305003024,3.999797582626343,1.3789746628867254,943.762914824904,8
3.334825016601741,-4.020496624952171,55.5062526457491,4.005791304404275,1.3744945358811762,954.4527031078674,8
3.3292100973296583,-4.023231564906606,55.607371280067845,4.00818441625227,1.3688259794000994,966.8391166820862,8
3.328070226468538,-4.017849080046715,55.72520406622636,4.001083967978494,1.3656974556850412,978.8708453262062,8
3.330855790634601,-4.009096714488247,55.85110092163086,3.990307773065846,1.366256982959502,989.8630774425484,8
3.326917292778952,-4.013285603439599,55.97553119324802,3.9935531490727474,1.3628183979737132,1004.6654052734376,8
3.320390179840445,-4.019301846710562,56.06829088891459,3.998663039235344,1.356140451821667,1019.8748807851337,8
3.3155201778077243,-4.022386026661298,56.12281225996408,3.9997320509793455,1.35070116129535,1031.772619414748,8
3.3146364814356755,-4.020305131611071,56.14003532811215,3.995135081441779,1.3484618663787842,1039.4294112356083,8
3.3168041469060885,-4.01564055437233,56.15281144080804,3.98983140995628,1.34896168931883,1043.9771414416575,8
3.3190153230700576,-4.0154690603066605,56.16870246574893,3.9887867113303024,1.3511779378032127,1045.8716676946271,8
3.318971357847515,-4.018654622529683,56.19485741330866,3.9922174821820176,1.3516411383946736,1047.933563767818,8
3.31501171045136,-4.024966638687759,56.25319111695764,3.999706565288075,1.3486316587492737,1052.8674609089455,8
3.3102915872607315,-4.032856216207582,56.27722730134663,4.0065452759726,1.3450739934430485,1056.3654999314692,8
3.303901195526123,-4.038303057352702,56.32555770874024,4.011217435201009,1.3394986788431802,1063.3685302734375,8
3.3005851639641657,-4.033344438898633,56.394836336548565,4.006110640297159,1.3338774428730122,1073.227543345669,8
3.304774140753941,-4.021958657872607,56.44389548496893,3.994683773196929,1.3355377117792766,1077.4250252706963,8
3.305722976985731,-4.020311029333818,56.53698268689608,3.9930105460317513,1.3369635845485486,1083.4818050986842,8
3.299828474981743,-4.029023159317106,56.6504364682917,4.00188716531497,1.3327701231192426,1094.1882160030611,8
3.289750403130961,-4.039103114814089,56.76290353696946,4.011360675967925,1.3238089412276508,1108.5179707488123,8
3.280828174791838,-4.040305171096534,56.87437459042198,4.011751241851271,1.313771461185656,1125.1805976733829,8
3.2791814093004192,-4.030112726646557,56.94745296902127,4.00177692669874,1.3088445949275591,1137.6422076308936,8
3.2775256452504653,-4.028802029570641,57.01278238129198,4.000660913032398,1.3070853885851408,1146.8075379488762,8
3.275438534586053,-4.030242325966818,57.06999052616588,4.001437187194824,1.304902480359663,1154.354282312226,8
3.2764429335008587,-4.02706806004396,57.1277695817557,3.9974702645463553,1.3049067272777446,1159.6354916221217,8
3.2739081062071502,-4.03256518938388,57.18141930563408,4.00322571414256,1.3033906472356696,1164.863975837217,8
3.268158097016184,-4.037233929885061,57.29676959389135,4.007969078264739,1.2986488781477274,1174.7753071032073,8
3.2628351442995127,-4.034988715634708,57.43511889273661,4.007157599019726,1.2921061411238552,1188.4184955797698,8
3.259888147052965,-4.035307588633041,57.49948207119055,4.008307401199787,1.2890962473830283,1196.3099979155245,8
3.254471306215253,-4.041835826739931,57.56373529266893,4.014784779464989,1.2856106779031586,1203.8638680441338,8
3.2476422103524905,-4.035965375732957,57.73577392310427,4.0119083945514165,1.2782988645877056,1219.0896588598775,8
3.242986916101467,-4.029101143106383,57.92841388189305,4.006787244339435,1.2729548411062586,1236.057190298337,8
3.246755374105353,-4.033595152068556,57.84498375340512,4.006525048038416,1.2779840691047804,1233.7009363007128,8
3.2486835850609674,-4.029172473483616,57.82895618014865,4.003052181667751,1.2800029913584392,1233.6927218967014,8
3.2450628559491785,-4.030904270752131,57.93112755937186,4.006597089488604,1.2784594025528222,1241.3813426592196,8
3.2389935568759314,-4.032863968297055,58.06353418450607,4.010595949072587,1.2738560877348246,1252.639892578125,8
3.2328791827486274,-4.027337802083869,58.24327620567634,4.008577249203509,1.2676986309519984,1267.78290330318,8
3.2287736231820623,-4.028829379388464,58.34713058025516,4.011325869643898,1.264792545497069,1277.4284932097496,8
3.227261229565269,-4.024807244016413,58.43236936602676,4.00758721535666,1.263409512084827,1284.514802631579,8
3.224152691880165,-4.0245227200246,58.53708753530045,4.008843809540509,1.261595168308905,1293.66661027161,8
3.2155157878384952,-4.041179297263162,58.54976256967288,4.0264153006481145,1.2570652864132708,1300.5879941349142,8
3.212049388048942,-4.043543982924077,58.49996178610283,4.028698670236688,1.253917510049385,1301.9929370545503,8
3.2071173790602656,-4.041648014247069,58.55590965315613,4.026857933802911,1.250623447853222,1308.353362858644,8
3.199015770739282,-4.036523077223036,58.68145109477796,4.024598171836452,1.242482996823495,1323.6634400127923,8
3.1949599667599324,-4.036888900556062,58.7071812278346,4.026064395904541,1.239130509527106,1330.4511461759869,8
3.1861845763803225,-4.043711464307462,58.75849182842768,4.033679357049061,1.233234107145789,1339.5673535441797,8
3.174182856989186,-4.043012284395988,58.8434948837548,4.035711294029191,1.2221127211699012,1354.8596426980537,8
3.1617715065939382,-4.037772019704183,58.94358430828965,4.03388322027106,1.2100909948349,1372.304935923794,8
3.149583919703612,-4.036754951142428,59.01681585479201,4.034983526196396,1.1993092570388526,1387.2460587707876,8
3.1370200873815524,-4.04194450378418,59.05222775643332,4.040406057012011,1.189174529404668,1399.1927597313595,8
3.124395746933786,-4.035337029841908,59.10552014802632,4.035501689241643,1.1766080563528496,1413.510333144874,8
3.109180401640329,-4.023258808760615,59.21880282574927,4.02825569409376,1.1613718222456368,1433.6589226973686,8
3.0866523848639598,-4.024179087744819,59.32245847913954,4.034333493974474,1.1422291331821015,1455.7687174479167,8
3.065095211330213,-4.019354920638235,59.413175080951895,4.03317087575009,1.1216666949422736,1475.023771587171,8
3.0384254511336835,-4.009312401040953,59.58540179157815,4.026644436239499,1.0954577079293324,1497.5640883417857,8
2.996922261533681,-4.000201356341267,59.9280663428948,4.0180656728688735,1.0530323424534491,1526.4145978961076,8
2.953737321652864,-3.9981326094844887,60.329630868476734,4.0160953705770925,1.0090535209889997,1541.1965439110472,8
2.900987791039093,-4.0185148311637295,60.69550575568662,4.038814725931625,0.9633470979350351,1544.881344800804,8
2.8391085507576923,-4.044009654842622,61.007303249069125,4.065879202725594,0.908835057975256,1539.6425067388525,8
2.769598329276369,-4.0574788628963,61.33457337764271,4.074754790255898,0.8437066799715944,1529.402330900493,8
2.6712630798942163,-4.044194218708061,61.67316200300965,4.044326034902829,0.7484811673387448,1539.6322157118057,8
2.5535352034875523,-4.019208333645648,61.71072903014066,4.003321140133149,0.6318833615347654,1567.905414068211,8
2.4460289603785466,-3.9582097906815377,61.36113598472193,3.936097458789223,0.5165910846308657,1596.2861071134869,8
2.456253764225029,-3.179626202722736,61.10669846562615,3.17955890733596,0.3695797423521675,1635.586848387244,8
3.00514280586912,-0.2665695799024472,61.766098312467165,0.2703736208335688,-0.0429330354676262,1598.3366285179095,8
3.277454242371676,0.195530965662839,61.2288355241742,-0.1590892698681144,-0.0350577714281123,1713.6090923108552,8
3.346243427510847,0.0722318981823167,59.45883143017864,-0.0304622448196536,-0.0074480076413056,1696.804289165296,8
3.3862609974822107,0.0351946329512791,58.1960429141396,-0.0239403893659163,0.0208036612218235,1713.7198250753838,8
3.4222820432562577,0.0458619521375288,57.44340883221543,-0.0545104408734723,0.0431969784723039,1729.2730884217378,8
3.433481500859846,0.0750882963688052,57.13297976666724,-0.0563164539417328,0.0486073778255989,1717.9323552003382,8
3.4339098735162388,0.0687218935866104,56.853069684658834,-0.0403892737295892,0.0479521401313661,1732.2126257823925,8
3.43269681930542,0.0501244664192199,56.28763961791992,-0.0099353259429335,0.0243719033896923,1766.08935546875,8
3.670592784881592,-1.026328444480896,24.94327545166016,0.9884585738182068,2.088440179824829,1409.8677978515625,9
4.071353562484831,-1.082853270705635,19.820984056010047,0.8398250951569461,2.9487641153956305,-131.50253810543987,9
3.8542958011288615,-2.532467911229331,28.776133768657257,2.2979529200220954,2.89960608115563,127.3379152286688,9
3.652167543151675,-3.536675951184605,35.93840620503623,3.590110771754789,2.0654097506280484,237.69314855090263,9
3.6005489402974145,-4.036127657579953,37.94013828074439,3.986161206600934,1.6224924093167457,83.53435633732721,9
3.639835122068958,-4.084124748523418,40.42942451161041,3.969969602731558,1.6219979461128191,33.18131763977409,9
3.688782380177424,-4.068586191482092,42.68394409269976,3.981107620092539,1.704424458847949,-10.858665804891183,9
3.701756947139311,-4.074774160893006,44.09277438553127,4.02218349445501,1.7299086955877452,-15.967559024427064,9
3.700749899508685,-4.068056377433461,44.90874537631605,4.037166186338346,1.7279871871485513,-1.15357009898981,9
3.7046576124676585,-4.05012364359297,45.38648840097281,4.030060296933327,1.7330746707126234,11.95094062308589,9
3.707169024901983,-4.04034149576221,45.79930335953391,4.025832469646748,1.7378894365750823,27.240272544544844,9
3.7075998331668103,-4.036444407242995,46.16211535662589,4.024303227486695,1.738520888181833,43.315128371560384,9
3.708241300470025,-4.033918803965552,46.51071413028875,4.022190534151518,1.7371043904998598,57.43378071531036,9
3.711092930573684,-4.028937046344463,46.85309806236854,4.016241587125338,1.735800000337454,68.78419670691856,9
3.7139607689084384,-4.024048266326182,47.10982802351551,4.009531342771632,1.7351078133611284,79.07540374394705,9
3.709835972306291,-4.030525523529955,47.315917630167405,4.015927526372424,1.7284827613266265,92.9843226777026,9
3.7019022413964806,-4.037023036437627,47.53429866542478,4.022060114956466,1.71896791669744,108.912473825308,9
3.6938738569000074,-4.037295262489093,47.74908246373284,4.021662243724575,1.7093621823914658,125.69182722102964,9
3.684675119332308,-4.039580167397945,47.936725232728136,4.024580416594737,1.6984354687865668,142.66972188554575,9
3.675595935279801,-4.038417212356477,48.09074580175637,4.0232403461749735,1.6897053697405482,158.50640119744477,9
3.668733139715251,-4.030132722572462,48.27192414864986,4.014619711588121,1.6850491522331914,172.90979374089892,9
3.6657294056119296,-4.016650140638182,48.38778889672996,4.001095591212166,1.6829545977552969,184.06162970729127,9
3.663156070652798,-4.0133146280367695,48.30627746130588,3.998682631543402,1.683038097161513,189.03610401040703,9
3.656816172176564,-4.018767069077351,48.38761865739992,4.006725023484089,1.6808964550142458,195.17863374066775,9
3.648028029492621,-4.023799021568524,48.503751269459016,4.012755433483236,1.674080880435966,204.808720966768,9
3.6431871589118914,-4.022608017780372,48.53091110139204,4.010898364366159,1.6698130926436927,210.61507989104683,9
3.646594157585731,-4.016065267416147,48.546382904052734,4.00465620481051,1.6743711416537943,206.6351564847506,9
3.6357726035033457,-4.029773667013857,48.70538898896889,4.020366742060735,1.667846824995865,217.15383324256308,9
3.621831762720142,-4.039346821914763,48.90117940959141,4.030075550079346,1.6544188430323403,235.36236184024247,9
3.609844096313567,-4.042472977610029,49.09621007343721,4.032574834202873,1.6427690594859377,253.58958886502057,9
3.600055807440944,-4.040444328940127,49.22135191697341,4.02949187600401,1.634359885954998,270.4140429976424,9
3.596210489611654,-4.035423989832049,49.13833096746863,4.023381207821637,1.633069104696872,277.19588167991867,9
3.5885106938830496,-4.03966825812526,49.16652896136222,4.028854056928285,1.631035339902844,285.7559171597633,9
3.579450625639695,-4.039423697093535,49.39490484203813,4.029867270994469,1.6239571049368593,302.57386842987245,9
3.573832439953053,-4.031640433700832,49.696255339673286,4.023427224018165,1.6180144858783518,320.7444721650796,9
3.5701490365541897,-4.024669559749626,49.86421023035896,4.017432520375449,1.6154968576318414,334.79518551798265,9
3.5655489419338973,-4.022568206109944,49.98983338034365,4.017271247841197,1.6135509536111143,346.734565689719,9
3.55884359856329,-4.024483785121398,50.11339754183617,4.021086004358777,1.6087720521102995,359.4786817561946,9
3.549981682963625,-4.030283115319246,50.186049489579965,4.027651022171833,1.6016661619999,372.0390516653569,9
3.5418730699099026,-4.034500378828782,50.17073088425856,4.03120363675631,1.5962587136488695,380.67842923677887,9
3.536540230350381,-4.032418002743693,50.238926272420485,4.029184564330874,1.593466207825926,387.7297117696006,9
3.535238048734044,-4.024101511261167,50.370565944874784,4.021972568782829,1.5918933273067135,394.8562380096616,9
3.5341556100450324,-4.022682466450528,50.486683162711785,4.022152246102779,1.5907645557053696,400.64426760701735,9
3.5257973177193183,-4.031285362130792,50.61242504232734,4.031726281318439,1.5833930411987756,412.341508673493,9
3.519455367996848,-4.033900675688975,50.71442490075467,4.0340384026250895,1.5766976817825136,422.1395328679734,9
3.514176700242172,-4.034621371320013,50.83068626448953,4.035193434833775,1.5715696691761356,430.6298842571192,9
3.507941868178238,-4.034504955336892,51.02240859263042,4.035935483740632,1.5645615941674045,442.8292734721709,9
3.5042467399461734,-4.028274203193258,51.29655145046979,4.031123234675481,1.5589590256030743,456.6650253386188,9
3.4979039959653595,-4.0238439232640015,51.63375254072381,4.028946955528485,1.550928568698951,476.72585752588753,9
3.490835315377049,-4.021075372865214,51.83808415881276,4.026515176310342,1.542556036858869,496.61341487726514,9
3.4842418876625376,-4.02380042104326,51.839606697037375,4.029028821979049,1.5376222204174517,508.1643189198872,9
3.47543272464233,-4.028262245584521,51.96151099120372,4.0345536971233305,1.5287286734439918,522.8076684714774,9
3.473222897602961,-4.024739485520583,52.03744946993314,4.029884778536284,1.524860143661499,531.1174598106971,9
3.472546947072949,-4.02409169518736,52.02045492589826,4.028160123430061,1.5252874285511715,533.2192418927978,9
3.46826641517278,-4.028066437625321,51.97141471275916,4.031310668358436,1.5227849582243247,536.9317612506934,9
3.4622959554548096,-4.032679684768767,51.94117371147201,4.035357737682275,1.5175055194888594,542.6462315666605,9
3.4634800888377533,-4.02790322952722,52.02485758313061,4.030590553960857,1.5162660193866526,545.8444816995654,9
3.4652006188793294,-4.024671300628482,52.18100167449409,4.02797060746413,1.5163219934384498,550.4500804652829,9
3.4620853965804423,-4.027906939828184,52.312218795866656,4.03163105496288,1.512570306394227,559.3978394276998,9
3.4559472369019097,-4.033844657198212,52.41167052680924,4.038059449054786,1.5058732202067178,569.8510063216531,9
3.450488461545233,-4.036002167583217,52.57375857110559,4.041023214893229,1.4988717658985296,581.6490095691569,9
3.447938113522953,-4.032881022910394,52.72545050446099,4.0372000840994025,1.4947689637629944,591.9070402066383,9
3.4459252823033983,-4.029732179359572,52.81513981565216,4.033313550892666,1.4927683652505366,600.4030350002312,9
3.4396735690754547,-4.030238176943988,52.92490910637308,4.034074599926289,1.4863382747187417,614.5630345090607,9
3.434090993813509,-4.031895386396781,52.95833881084736,4.0355712760835,1.480155309276468,625.5960418881749,9
3.4267110457787147,-4.035909469311054,53.04171048677885,4.03937735924354,1.4739861488342283,637.0318227914664,9
3.4208893000021487,-4.032303519502899,53.174133639363845,4.034800741094104,1.4666512901261008,652.4320508968195,9
3.419875541382287,-4.027463955286692,53.24126906084591,4.029328845661773,1.4643836211876051,662.012990014793,9
3.4116437830163178,-4.030873290180455,53.42806972977678,4.034619232606605,1.456797022791304,680.7202711838943,9
3.406783528581879,-4.026639024181479,53.62946436955379,4.030299688937396,1.4495990473843186,700.5512753097264,9
3.406296188309348,-4.021921301734518,53.75550950631588,4.024027821580334,1.448492486095993,712.5153505223743,9
3.4048979719715007,-4.019852437916592,53.80226288744684,4.019911266642914,1.4470641295585407,721.4059480746117,9
3.4077198152711405,-4.015458050564196,53.80364482360479,4.015683397033511,1.448242418864775,724.2481414975499,9
3.404045247467312,-4.022094464160987,53.86744285899506,4.022690792760906,1.4472735259659897,729.525319838665,9
3.3978933737828183,-4.02515315163065,53.92400026039259,4.0248808888994025,1.441103453466878,739.1654356104383,9
3.3953551456067688,-4.024876882338665,53.92222836737097,4.0237320132509495,1.4382292829321686,743.6963909081454,9
3.3896596558700653,-4.026228599999783,54.0028742502427,4.024949908961911,1.433401546534702,754.0280703933987,9
3.3858913176158474,-4.023548422480476,54.070231646475705,4.02154542708538,1.428440053787457,765.2656105538092,9
3.3841272317446194,-4.022560706505408,54.0834840627817,4.018997412461501,1.4267642406316905,771.4162128155049,9
3.384504916399893,-4.020188681472688,54.04975301979562,4.013876528429562,1.4270195770545824,773.2952931421042,9
3.3923634043812045,-4.011099809725609,53.97114768395057,4.001831799569215,1.4333191186013308,767.3630046054456,9
3.396140905526968,-4.010423352732461,53.9601869075256,4.002487944428032,1.4373497045957124,765.376020623382,9
3.3944555274128208,-4.012781315301297,54.09682502972304,4.007173425347142,1.436077865623158,773.7145829962556,9
3.3920291782130856,-4.0102194554707005,54.31354012573964,4.005637332532533,1.4324199807714428,789.21304808848,9
3.390155223699717,-4.012284840352437,54.353222141604455,4.006634280526426,1.430277605733928,796.4394487911427,9
3.388223775039763,-4.013211879504503,54.396133377707216,4.00774623656414,1.4284852707879785,802.0525075698041,9
3.384512155013677,-4.013573195101947,54.50606746786445,4.009452283735106,1.4245613693485597,812.5037328957102,9
3.378874462737134,-4.015611075790676,54.63361234495626,4.012405838486711,1.419202640917174,825.4817176231973,9
3.374388509953516,-4.01302414109721,54.807123714650174,4.009731608735033,1.414090580488803,841.2783506495009,9
3.367823757363494,-4.015702749850482,54.922927563007065,4.012380870841664,1.4076565962571363,856.6076407347912,9
3.3601893899003428,-4.0230267146635335,54.92969833464312,4.018081611430151,1.4013481097813894,865.6382832724668,9
3.355289459228516,-4.0265134664682245,54.86203149648813,4.018265284024752,1.3974185448426466,867.9210486778846,9
3.3560828612400937,-4.018229256014852,54.881350838926416,4.00670719993185,1.396779085052084,872.8704545060559,9
3.358530858564659,-4.009771493765024,54.93150519196099,3.996005157041832,1.3975545499451767,880.884436613004,9
3.3597146364358754,-4.0066706019745775,54.981841612144336,3.991744849808823,1.3980510171348526,889.8173073311531,9
3.3583188113376234,-4.007651786127034,55.06338056304751,3.992699902438553,1.3968037571427383,900.6882186979939,9
3.353742183312862,-4.009540628399369,55.22341110861513,3.995350176060693,1.3921954688235854,917.4807128906248,9
3.347531121158036,-4.016636950024486,55.27932071121487,4.001629612149571,1.3866579299847754,929.324128822462,9
3.3427927310650167,-4.01976649436725,55.306304796207584,4.004283524123875,1.3819868275399745,937.3852076784392,9
3.34290442099938,-4.014367303904697,55.38678235838399,3.998137644762118,1.3803690897642509,945.2127234103413,9
3.3494128292128886,-4.007470486432138,55.39424182959562,3.988452227157954,1.385566964657349,943.8410626473512,9
3.344858958170964,-4.0153252923277005,55.47334998317019,3.9972363463520297,1.3832843409487483,951.7960656521587,9
3.338115819107146,-4.018280672603811,55.59712860287999,4.000929251225037,1.3758519104951938,966.2562667575812,9
3.334361208966498,-4.01661763953034,55.72401579456216,3.999742019811325,1.370952241519499,979.4587554028752,9
3.3297796065990743,-4.017224862025334,55.858426314133865,4.000574185298039,1.3660523432951708,993.103496844952,9
3.328070433182124,-4.0138183260810445,55.99589114217363,3.995104771393996,1.3629826264973928,1005.8010683680428,9
3.325897094060684,-4.012423921618941,56.11763011774368,3.992520467769465,1.3596170985487086,1019.0332356289292,9
3.321788332166051,-4.015307494169156,56.206295780881625,3.9943583505393487,1.354984762400565,1031.7440279447114,9
3.317757603684826,-4.019576027548525,56.250761043390575,3.997031997646806,1.350924515159878,1041.2603384164663,9
3.311848778696455,-4.026102929425663,56.28490940071422,4.002000718427127,1.3457378713336925,1050.5639800122503,9
3.307335193340595,-4.0283241554124825,56.313061685957145,4.001316911370092,1.3411228974189984,1059.5669096997503,9
3.306066039045887,-4.023633993588961,56.34126789612178,3.994620533384515,1.338259352029428,1068.377127923909,9
3.306411812291343,-4.017791034201898,56.40563201904297,3.988897662190996,1.3369786802833603,1077.7158542610484,9
3.3060804118771525,-4.016578815392489,56.48807602380155,3.9879346500487016,1.3361511674858408,1086.5146318243806,9
3.3044045705061693,-4.016242822951819,56.605522268622586,3.988768422391993,1.333835232187305,1096.3523144242326,9
3.299885075473221,-4.022975052602193,56.72279032870863,3.995281264626768,1.3300516168041343,1106.2742248174002,9
3.294096987628373,-4.03329718888864,56.73689330964399,4.002995902969992,1.3252698733256414,1112.445995082517,9
3.2916064262390137,-4.033510464888352,56.70735051081731,4.001195687514085,1.321992067190317,1115.9705998347356,9
3.290763915643184,-4.031522987862311,56.6716558467707,3.997699805265348,1.3209449624168803,1118.40867551544,9
3.291115639477792,-4.026419100676768,56.68024058595917,3.992212803406123,1.3206803319016858,1122.4787373740292,9
3.290508590506379,-4.019632895317304,56.8129728870279,3.987351705336712,1.3191056272687292,1133.168846356093,9
3.282519358855027,-4.021287432789097,57.05132338845518,3.9925410648774817,1.311006613031647,1152.9804138544748,9
3.2776449446142077,-4.022466154493523,57.18369877832176,3.99544149178725,1.3042027336605908,1166.4257696930474,9
3.276099453310995,-4.022421021433272,57.26855884077986,3.994465214260937,1.3022779607208523,1173.0048495862611,9
3.274563940319084,-4.017052867708827,57.39832500028892,3.989239486716908,1.2990679945466082,1183.6037149824335,9
3.273980360764724,-4.022642053795989,57.3822702938283,3.9939361761307577,1.2989036853496845,1185.4228847887389,9
3.268941048334336,-4.036336340142425,57.34241571369961,4.006000846095339,1.2968520264653765,1186.0135259684723,9
3.2626679451507927,-4.037031941159943,57.396183013916016,4.007365658438418,1.290627361754694,1193.6263557750094,9
3.257809802625306,-4.026668336969861,57.57691091052174,4.0002450209397535,1.2838641644934932,1209.1971710024502,9
3.2549042899227705,-4.030775592171934,57.62181946793957,4.003922682542068,1.2820512423148522,1215.952680779632,9
3.2521906816042385,-4.035140697772686,57.6292610168457,4.007493459261381,1.2805732396932747,1219.3816669170674,9
3.2510788440704346,-4.032080864765235,57.662135671581744,4.0042479165207,1.2792569335395767,1223.7825176532451,9
3.2514960215641904,-4.026064522873015,57.73123358551568,3.998618539268449,1.2795952643163104,1229.1167656712278,9
3.248547151949279,-4.025742767830573,57.82806125618297,3.9996193682653662,1.2777418145061243,1237.6478697647003,9
3.2428237220944736,-4.028065015578411,57.93222431882599,4.005012455776599,1.2730960211104896,1247.8564337555474,9
3.2330216627854567,-4.03932431181507,58.03894313834828,4.018437481490818,1.2665454346752731,1258.695597812269,9
3.22119557081595,-4.049276667939135,58.140127306153786,4.029383989480825,1.2575167622086565,1271.0741616875464,9
3.212307467263125,-4.0424929370541545,58.2860868781276,4.024753305333606,1.2484674538381,1288.010516826923,9
3.2058139087180413,-4.039659914885752,58.36897201086642,4.024512680324577,1.2430565307831625,1300.5116645767844,9
3.199567265764496,-4.035197018166265,58.47297537538427,4.021847490728254,1.23842028894368,1312.3351379033377,9
3.1915984308931247,-4.033093226731881,58.62282623200727,4.022041058399268,1.2324300574127738,1327.7591422718658,9
3.182714583605704,-4.046240727576984,58.65817651240784,4.034693813888279,1.227450627547044,1336.362626115246,9
3.177205247991889,-4.044759214277098,58.67620919583112,4.032288963272727,1.222557227992447,1343.984307825213,9
3.170276953623845,-4.041952536656306,58.71617185152494,4.032021485842192,1.2170398051922138,1353.6719313401445,9
3.160555760535968,-4.038858913105621,58.79288839306352,4.031151932372144,1.208908406235057,1366.6892190967087,9
3.152766705970087,-4.02435011271189,58.928215500871104,4.019319934957832,1.1999407597547451,1383.9639740893124,9
3.14540464779329,-4.026552547364545,58.97409346541004,4.024300073025494,1.1946053998710136,1394.3038395085985,9
3.139008603857819,-4.022495769184722,59.00083778877936,4.023491297953227,1.188380172972143,1402.3457276835245,9
3.134657247532049,-4.015529768001398,59.04588155351447,4.020805392744979,1.183239428954717,1410.1265096269417,9
3.132220423433202,-4.022840102043378,59.03695631309374,4.029181931851179,1.1827949617035995,1409.3345001040127,9
3.1155335550477514,-4.039034016738982,59.12566294472599,4.044794494583762,1.171227149004061,1421.062938441892,9
3.0912288928172997,-4.030681694753071,59.2928471085588,4.03747885890261,1.1466591428722852,1448.6076941856977,9
3.06457720141439,-4.007729589586427,59.51292735444019,4.019286635359364,1.1181154201722,1481.8821884245567,9
3.030335984991852,-4.003077241796008,59.76784553753554,4.018510674583841,1.0860737498695323,1509.9496889735117,9
2.9856309961285104,-4.033352947799412,60.05943061332026,4.04785666945418,1.0471079025042829,1521.821517312315,9
2.936566316164456,-4.047545184750529,60.3753730277338,4.0620245566734905,0.998948475665594,1527.6074623243344,9
2.874200435785146,-4.046178597670335,60.7338741009052,4.062452206244836,0.9383610441134516,1539.3736384465146,9
2.7803746257307957,-4.052710304598837,61.13483214519434,4.064093265307726,0.8511244111512525,1555.6737573386652,9
2.662607099882948,-4.064626710654716,61.49217820026466,4.062237375586696,0.7400341799273276,1561.659167408238,9
2.542024094677534,-4.059614127909643,61.54140309892463,4.04462859475401,0.6208688517999349,1567.921539848373,9
2.4423471329480217,-3.97257345103653,61.25531671738483,3.9547457483393176,0.506035505843584,1590.7377532417258,9
2.467754727989964,-3.0997112291099107,61.12503426455887,3.1077040793627733,0.3522564929265249,1633.6375522952108,9
3.0417817866308434,-0.1759661086917675,61.80391029493343,0.1831334861072608,-0.0774215466216108,1605.8681250577845,9
3.278833740561671,0.1807116823788933,61.27955543924366,-0.1517949975453892,-0.0216869884032824,1718.4269398345043,9
3.3463282712112514,0.0653958465220661,59.45750454332702,-0.0259393162518388,-0.0011348850672414,1702.345109386557,9
3.384386429419884,0.0351614158534439,58.25589860543697,-0.0240327059318856,0.0255339625980373,1726.479684321838,9
3.414529910454384,0.0560320111421437,57.62124423867852,-0.0501690447418647,0.045889788191523,1739.8514599320451,9
3.423587930273022,0.0769210725846375,57.30319238696578,-0.0520666111591299,0.0500707436551356,1730.6369383321005,9
3.4245260241468984,0.0659875711040384,56.94946431267191,-0.036484719777601,0.0446882925751293,1746.785495013175,9
3.4263181686401367,0.045723021030426,56.33193206787109,-0.006814545020461,0.0223467759788036,1772.7021484375,9
3.670645236968994,-0.9822371602058412,25.185766220092773,0.943473756313324,2.0474674701690674,1434.39111328125,10
4.075872683953382,-0.9633998292648862,21.198290259538297,0.5770392307264361,2.854160966987381,-53.57161408841253,10
3.848380434298944,-2.5434022692149267,30.68431614401812,2.076813730651033,2.954986575120937,212.04789569420723,10
3.62000482667706,-3.707167958071132,38.02087167066014,3.72547933155905,2.038218733793247,332.96687929073494,10
3.5898870608049958,-4.137728702522324,38.75632090768414,4.08716459045867,1.5641165679086468,102.96623435562958,10
3.648085204427114,-4.111856874591576,40.68811044293249,3.9894325561866073,1.5944687713406045,24.674515707050283,10
3.702238212802453,-4.076618083222898,43.07837265836979,3.9826591343222977,1.7047855083100096,-20.28594082129929,10
3.726196189126569,-4.06709431745335,44.66657412409069,4.008624470876362,1.747983973897146,-29.50041397460207,10
3.731904026990879,-4.060037213171314,45.6154133916615,4.02438387042748,1.7549700751276074,-14.795758344456118,10
3.731870305752326,-4.051775715308275,46.215529892972846,4.029451630072679,1.7531863779364945,8.454136908411249,10
3.72994325689213,-4.044596295156879,46.6613997956236,4.02878595683389,1.7496483946988683,32.13250597651131,10
3.722191042528895,-4.041184762280858,47.05303792896385,4.026849455462244,1.7410693625490108,60.0293587553287,10
3.7207444570735535,-4.028485355262985,47.25290035773181,4.012240715369493,1.7356506250575632,80.47681719385935,10
3.720661021992118,-4.023249426287805,47.4117171921416,4.007938196559152,1.734695288235556,93.5398829568646,10
3.7155743830218286,-4.025669934506902,47.65302123566588,4.012504740389521,1.7284485223050603,108.43431333439078,10
3.711772254841057,-4.020900680633362,47.81145155215692,4.007788047105253,1.724443968898522,120.56686707456667,10
3.701658104708095,-4.0239268577027465,47.96927606274268,4.012536177378215,1.7168333002193246,136.3842231613433,10
3.6901049142826094,-4.026406999119741,48.14376933845932,4.016698408983425,1.7056456575850527,153.27766528101023,10
3.6794505233536223,-4.028536813701698,48.32802230012631,4.020135471206939,1.6952828497229937,167.59033924947954,10
3.6619597923255967,-4.036797129465435,48.42876836354147,4.027915406369877,1.6806248069523335,186.47423868693275,10
3.6525411377409975,-4.034670775522015,48.44509401150093,4.02416128741053,1.6718754632744246,196.28838261587177,10
3.648005644004502,-4.031014939268192,48.45477306343124,4.019460261224986,1.6696966386840728,199.35273852319773,10
3.6452465814030814,-4.026809344034709,48.47374236512327,4.0144426380088944,1.6701808661044002,201.2823258816839,10
3.6456690191508767,-4.021006047368764,48.5709782217791,4.00914014028218,1.672641697757972,202.216894001304,10
3.6363943308413385,-4.030789715087343,48.65689808737018,4.01994946759618,1.666196224932185,212.37990976664832,10
3.626419818329954,-4.03788659387006,48.74329949567418,4.026839604634724,1.6574958255904877,224.06337559865617,10
3.622339953919371,-4.034475269431839,48.89394479169104,4.023219394112775,1.6538907931950275,232.1513429744515,10
3.6210053595240246,-4.026756603560762,49.09968930090259,4.015996838758092,1.6534161610517673,240.58345799246231,10
3.61485440716772,-4.02694181910532,49.253194226476246,4.016831309495572,1.6494910103118348,254.1594054627561,10
3.6051189528253977,-4.030203602271166,49.29342994004666,4.019958244826266,1.643164906673089,269.8350208762163,10
3.5930179093412296,-4.0351040349035205,49.26660350411238,4.025067129534875,1.6355442465422396,285.6475837387724,10
3.5808318061029127,-4.039180924078662,49.28370232496433,4.02959652289659,1.6266485352716047,301.54243661115265,10
3.576257768505348,-4.033273182943196,49.395470624912285,4.02427404654954,1.6234332715679785,311.8555893583926,10
3.5706902549652284,-4.032037089684766,49.60988477604118,4.025181818865017,1.6188286807008847,324.9478087282466,10
3.564532679711987,-4.0307437930992265,49.77552318001936,4.024009124961442,1.6135183215855124,338.94964124485404,10
3.5592882176359257,-4.028295591205894,49.77716299730861,4.021712123276945,1.6123298006857227,348.05606535951534,10
3.549526334522727,-4.033561857874522,49.94643635093095,4.029705458772397,1.6039858114219712,363.2937633034711,10
3.543128568969087,-4.031550064772189,50.21607272210949,4.028973759291414,1.596279808861053,378.3935780782185,10
3.536037457917265,-4.030456303122515,50.45800025163297,4.029108589994693,1.5893102463134037,393.7313539425056,10
3.5284722008391056,-4.030327928280402,50.61296862756421,4.029567615714615,1.5819313804546515,408.4889354591598,10
3.528853313651628,-4.024673339135632,50.68574135603305,4.02448132509243,1.5821928763817883,412.438102311003,10
3.5280724085733564,-4.025008432879419,50.72342643052518,4.025411922774629,1.5833152011483016,414.2625681254678,10
3.5199737020595347,-4.032814299988889,50.77838159892374,4.033625579879669,1.578010426310008,422.85735389572415,10
3.5124302752717527,-4.034035157300755,50.850195833308966,4.03426968694447,1.5704312024716132,433.9432190306886,10
3.5147530304457613,-4.025029924815287,50.91982504564845,4.02571342662423,1.572037556928075,435.5481673372006,10
3.5067179888308404,-4.031644287223587,51.04840103880374,4.033835907896122,1.5653478678115114,447.22245158121245,10
3.4994944983613707,-4.035275527817047,51.17889637290361,4.0378600308995045,1.5559944756730588,460.1442973428143,10
3.4951762510630897,-4.037356076840156,51.2967676174141,4.039817909994525,1.550913418838364,467.7494481252338,10
3.4913080638040324,-4.035985269946252,51.36493150631111,4.037530936166911,1.5472687033122172,474.6904983977358,10
3.494534478216114,-4.029180989293995,51.349685394835326,4.030518406165574,1.5499581177077608,473.6511946809506,10
3.49275477346546,-4.032785461334411,51.48279717725194,4.036600683977504,1.547999936663462,478.35388841457706,10
3.4840880025646643,-4.0402881542365705,51.72651875661519,4.044997149598813,1.5377389449559289,493.56604515578215,10
3.473682833288958,-4.044832423775496,51.8614372207733,4.048598132447569,1.5268158398702474,509.55330452376495,10
3.4664137791730685,-4.045241510082862,51.91043161632058,4.048284976068371,1.5193579461046325,520.701790267122,10
3.459061873887113,-4.044126213667635,52.11474625364749,4.048658439499175,1.5109265964188263,536.2787223404752,10
3.4545451852375875,-4.037519189412008,52.372937436589226,4.04275829063918,1.5032299507163955,554.720735287238,10
3.4533790799672017,-4.032177022831169,52.51907848883532,4.03710094897333,1.5010244689301817,566.88574291846,10
3.451604092192507,-4.02924205585868,52.61163521955113,4.033647742813932,1.4995527567263849,577.018260841598,10
3.4504642143934787,-4.024168605576018,52.75658462433044,4.029171461116768,1.4973229191260424,589.0229484877899,10
3.447768255622087,-4.023698618312082,52.849063736236026,4.02877865865559,1.4939905305108625,600.5496665360685,10
3.442951619268177,-4.028385716284107,52.85436303601293,4.032327689096599,1.4906260945839795,608.2095552547249,10
3.438953773704118,-4.026776493666414,52.8957422450631,4.029543608248591,1.4865488941797953,617.1260423488959,10
3.4392559671116447,-4.022678837804738,52.960013566616766,4.026649575033588,1.4841628966931095,624.2760879607971,10
3.435055328700357,-4.029104478344946,53.04761941418676,4.033728531020844,1.4809332243696658,631.8356319587388,10
3.4304525009886238,-4.033484638808016,53.054728045435006,4.036426412845087,1.4764799357888228,637.0577831154098,10
3.430170671668596,-4.034215510248424,52.97796432129637,4.035530815581362,1.4768017294878018,634.2112817821388,10
3.424753317575969,-4.0365151559521335,53.08616329809863,4.039014796296994,1.471530521701196,642.6115868848241,10
3.420456603615584,-4.035032149560437,53.19581759332897,4.037554843697006,1.465433157846599,654.0499070218937,10
3.4223371408656686,-4.0287951794927,53.27160667373749,4.030353497602269,1.4658799849584432,659.1446109246351,10
3.4270957915368907,-4.019564174606415,53.41058724226352,4.021566296765904,1.4695085950954232,664.3007841738398,10
3.420577073525526,-4.02385709385672,53.5985775564959,4.027903474019673,1.4637004779484457,681.5466922600112,10
3.4124002513771288,-4.025808825464305,53.76911732108293,4.029942372601903,1.4552970517895178,701.2205203850111,10
3.4024143961375346,-4.028270661473988,53.90391044845124,4.032391782292349,1.445784513108031,721.2711028139033,10
3.391494028582545,-4.029860567903804,54.0173291189228,4.033520470122378,1.4348731205135048,742.1633512759636,10
3.386447663792593,-4.024967573360055,54.11255316819973,4.027281821130993,1.4284729793400108,758.4319118111433,10
3.3882625602676484,-4.01895129894782,54.108497505416416,4.018606437180571,1.4291102307999206,763.4523479895678,10
3.3897589809166457,-4.018867304225168,54.07881203383029,4.016037504116218,1.4319861670454106,763.3848036349176,10
3.3883404503325503,-4.019476790628033,54.07645272352025,4.015147109231549,1.4311236571409032,767.0868051494666,10
3.3857796320658244,-4.0201619113990645,54.08375314038671,4.015141592768138,1.4285456206270322,772.7938992620228,10
3.384916364075895,-4.0194970148052285,54.05283543021379,4.012507447225605,1.4277423299001362,775.302830861714,10
3.3857099710110417,-4.017073123041027,54.03303941281256,4.009316096048869,1.427987674039281,777.030355305015,10
3.388476998506192,-4.013143762143073,54.057586555709385,4.0052549196574505,1.4296850215889023,779.0652849574288,10
3.392198853863928,-4.010395289895063,54.10784633430893,4.002874999703048,1.43297343982194,780.347801711031,10
3.388756970445553,-4.015392837410202,54.22139591513994,4.009789432594162,1.4306363095780332,789.0296959791355,10
3.3763410516841685,-4.026452110199157,54.37348179617328,4.022702616845776,1.4204047018896322,806.6157928284055,10
3.363153556149877,-4.0321695790319385,54.49571275996591,4.027976164560832,1.407589846742367,826.132112240363,10
3.358659521548334,-4.025712635702716,54.56564150598948,4.018812944789133,1.4009010463417646,839.8648338089446,10
3.3685644900727416,-4.005965584052537,54.63248468730264,3.996312234216108,1.4065090046671336,844.473664974738,10
3.371353490623885,-4.0046700346255735,54.7356086776642,3.995160609662176,1.4103545293122708,852.2292758233533,10
3.368257355547237,-4.010042467517053,54.82432396254853,4.000011426959923,1.4082786365897355,862.5463326277134,10
3.367286415157204,-4.010924170831006,54.83747315549565,3.999389489967666,1.40656247824252,867.5837058792571,10
3.3700363450421547,-4.00994396495248,54.78173732186506,3.9977811510691375,1.40878268558822,864.496728954201,10
3.3649736992613284,-4.016610899371301,54.84559957995386,4.007085511784354,1.405718206645486,870.3760386940961,10
3.358263523992664,-4.01897457545389,55.001365501723605,4.01036584305906,1.3991890232006234,884.0409176763659,10
3.355732459508016,-4.01559716641546,55.1210530903525,4.005721848881887,1.3951232119234735,895.872166799214,10
3.356480836868286,-4.01394543390788,55.12188291264152,4.00171040917585,1.3952918595182682,899.0938044565166,10
3.355475715534416,-4.015399433181671,55.1100879143812,4.0012069804939685,1.3949220965722364,901.7417346703078,10
3.355015557683157,-4.010942236392084,55.18481783381479,3.995968374663484,1.3933296503421075,910.230011169068,10
3.3545741820763686,-4.007107640454869,55.29297669918951,3.992586391414711,1.3913816798946814,921.9562377929688,10
3.3526595538247848,-4.011293853828293,55.32171523499632,3.996869028685336,1.3901921517834692,927.9796303389314,10
3.350310382728805,-4.0134681513209545,55.3949332322903,3.998379408956288,1.3884512799942563,934.834665629678,10
3.3443995392964987,-4.016686325301667,55.52818736915817,4.0004909252692125,1.3831871241152645,948.5794739865968,10
3.334212294595684,-4.020430736199111,55.70775021764332,4.003753133876595,1.3728374492622422,971.1210988667196,10
3.3238504218484115,-4.020664115151959,55.90253784271057,4.003801796964543,1.3604888566239866,997.671368079271,10
3.32189329084522,-4.013722845180306,56.02478091302746,3.9958579997102657,1.3556164852873294,1015.060775665466,10
3.320020434385288,-4.014092288331358,56.12607074212171,3.994615534822384,1.35366931218587,1027.489988041495,10
3.3178590186341794,-4.018298446061369,56.17146065991796,3.9962299641021,1.3515334307790516,1035.6149661126965,10
3.3154760820423057,-4.023436352164445,56.158815075537404,3.9995246119128014,1.349358502976195,1039.613004216177,10
3.3107112110731847,-4.028060384853157,56.18504107355358,4.004609690454906,1.3449329858768486,1045.8659748374344,10
3.308422869550968,-4.026160859776114,56.269468615868846,4.00236827313543,1.3418616170654754,1053.6898792746538,10
3.3076605882473333,-4.025281092363917,56.35660201204037,3.998667337223442,1.3408610656589806,1061.3961210879022,10
3.3063701840931783,-4.023502118573218,56.418477726553725,3.994857949411084,1.3387112988683278,1070.6423610298932,10
3.3026352628262456,-4.02251390354362,56.51174801124071,3.9943372732151055,1.3338830078433377,1083.8592214984094,10
3.301601565526631,-4.0233552298859925,56.51674990168589,3.9935938112750025,1.3323625411815987,1090.1548143946482,10
3.30032682133292,-4.025865731838935,56.50664730414659,3.996296352968958,1.331230112892425,1093.4287474854978,10
3.2966241551016617,-4.028941548513081,56.5891552770923,4.000066732931994,1.3282995680848997,1100.7607151419818,10
3.2918189385693943,-4.028148619714611,56.76702131625421,3.999420385874674,1.322774849965901,1114.9867433102545,10
3.2887268194895305,-4.026436026224833,56.88576375081868,3.9961909548251215,1.3184009661931475,1127.815788588838,10
3.289940561363083,-4.018390524173212,56.93744245974604,3.988677888573287,1.3167219583145873,1135.7317983661585,10
3.2908160715046044,-4.015255862367368,57.013662463890576,3.98579453708169,1.317211318872646,1142.072359187874,10
3.288202495632057,-4.017302410331315,57.12405776977539,3.988094886619888,1.3148784551791803,1151.422475118123,10
3.282835804773662,-4.022708433116981,57.214003008996656,3.993680424319056,1.3097801751005436,1161.6279377280594,10
3.282345466271132,-4.014626759968832,57.300584187764606,3.985921257270311,1.306724690391632,1170.417253871164,10
3.280257700446123,-4.016783891323798,57.3687435310044,3.988606117442696,1.3051709036627217,1177.538369549963,10
3.276634833056056,-4.0231204518301045,57.3836522587759,3.993984622155835,1.302262967218182,1182.2852965943114,10
3.2780023177940687,-4.0176059957036,57.405461796743424,3.9873657469264048,1.3025523474116525,1185.194433155174,10
3.271689175131792,-4.026022371417747,57.46241474722674,3.996952923472056,1.2984442139814,1192.910837504678,10
3.2661810577986485,-4.027028780497477,57.52025494604054,3.9984244329486778,1.2925685844021644,1201.8582807529472,10
3.262026240011889,-4.024340883700433,57.60462807752415,3.9974580739072696,1.288193771939078,1211.249754397455,10
3.2536261595651776,-4.0270463006939,57.73349837343136,4.003266485865245,1.2804013804761236,1224.5760936622846,10
3.25002276683282,-4.0253799033022215,57.81830704283571,4.002499591804551,1.2765189352149735,1232.7472289308105,10
3.242598126748365,-4.029478515693527,57.96668042394215,4.007825448841392,1.271482818140955,1244.2910558277974,10
3.2336022554043526,-4.034673096890935,58.09829067755602,4.014600725231056,1.2637221527670672,1258.2985920249346,10
3.2298202143457835,-4.038433740238943,58.11582599571365,4.017397557903907,1.2612093258760646,1263.5921199593,10
3.2289335413607296,-4.0331127058246174,58.15617788623193,4.011488674643511,1.2607773292564346,1269.0782909279096,10
3.2218707849879467,-4.04085708663849,58.21104837748819,4.02081425318461,1.2574691322749247,1277.7967163816895,10
3.212702781140448,-4.0489560144390175,58.23758724920764,4.029964621195536,1.2512095152974845,1286.9123761753835,10
3.206097190251608,-4.04583863012805,58.28533506107901,4.028046645090252,1.24570354087624,1296.3276571856286,10
3.19858752895972,-4.031668111949624,58.474067276823305,4.018475995092335,1.238082485284634,1315.119291202751,10
3.185399956331996,-4.048963049928585,58.56789343371363,4.037536372681577,1.2306965946437356,1329.26464916846,10
3.175105771618689,-4.049652873399015,58.61423442178144,4.038117551518058,1.221434641027165,1340.8201875058476,10
3.1711422012237733,-4.036065167295718,58.71378283015268,4.025209241284582,1.2162584758804231,1352.982566605071,10
3.169581870119015,-4.03536556723589,58.72745881680243,4.024010958071954,1.215790490904254,1357.5202015402788,10
3.168734794605278,-4.0277926679142935,58.762287482530056,4.01837572223412,1.214502091893179,1362.630859375,10
3.162049033684645,-4.033816186253896,58.81818488115322,4.0275846298583255,1.210791816968404,1370.3105651489989,10
3.149899596939544,-4.0392324995851805,58.89308173356656,4.0350179700794335,1.2011109690466328,1382.4472217674029,10
3.136468059288528,-4.030036315232694,59.039286059533765,4.028879494010331,1.1872436928891852,1402.515384514175,10
3.1238148840601574,-4.029601431178476,59.11659057982668,4.031217480847936,1.1759102280268412,1417.777391262397,10
3.109965574241684,-4.016998899197151,59.22105919386812,4.02330960770567,1.16124184402877,1436.0303092545378,10
3.085570296841467,-4.014994841135905,59.38213926303887,4.027563863171789,1.1402840521521198,1462.6263625093563,10
3.045996834418017,-4.029342243057525,59.51526116468235,4.046230161975243,1.107939955717076,1492.942991702142,10
3.0043614681609383,-4.029049990419856,59.678916040294894,4.048976087284659,1.068317159207282,1518.7253564160735,10
2.9574361133004383,-4.009279408140811,60.021417469321605,4.03066694236801,1.0174674994931256,1542.2462589469496,10
2.8948556434608514,-4.016233869655403,60.46297073364257,4.034751963472652,0.9587766799384256,1558.600065494012,10
2.8123229435104102,-4.043118414050805,60.8450552203698,4.059410731949492,0.8841849033704069,1564.570517168787,10
2.722484067528548,-4.052409908728685,61.240019701198186,4.062375962377308,0.798162697674986,1558.5148406799683,10
2.62570644852644,-4.081160870854726,61.47946813434898,4.080869586167935,0.7108495631617704,1540.9653598077284,10
2.525877672755076,-4.083557654283718,61.38848863247626,4.076436142721576,0.6136430170007812,1543.3348067049494,10
2.435684459652017,-4.009452795554067,61.07048411569196,3.997359565632075,0.5101682434895815,1569.538365895162,10
2.457181913410113,-3.234155572103213,60.97414405046108,3.2384728443123336,0.3579642221242425,1613.8676414261315,10
3.0710598608690747,-0.1249740455679058,61.63977836563201,0.1459540838967043,-0.1299414433048126,1600.3570834405384,10
3.282941793967149,0.1694207452014553,61.21391042834986,-0.1463396188741692,-0.0266886004386203,1712.796395490269,10
3.3489045040336194,0.0573427973393202,59.36773249917403,-0.0220116420487271,-0.0012173485568542,1692.3184507449946,10
3.3861190230546594,0.0313471627984931,58.22508493297829,-0.0231686690097259,0.0279497039576844,1722.9585874637442,10
3.4155674094925383,0.058311352829733,57.59670874315822,-0.0466655363847394,0.0478410409640765,1727.860076721557,10
3.4280085349511245,0.0723296735814945,57.21888753468405,-0.0496258328328589,0.0532314166382044,1718.079734573821,10
3.431871124370369,0.0586161724107708,56.7804410785972,-0.03439527495714,0.0470445373145763,1736.3299436283685,10
3.435310125350952,0.0371891856193542,56.140419006347656,-0.0051235621795058,0.0264101438224315,1763.314453125,10
3.660164833068848,-1.0746381282806396,25.129444122314453,1.0348304510116575,2.1057043075561523,1422.9151611328125,11
4.0560704591031564,-1.17651851162939,20.901618272244573,0.9812745430512342,2.9772438103567342,-112.96577056153804,11
3.8778393568393,-2.372008741972689,30.323055004645248,2.1615533072077584,2.961973655723526,130.53639938445858,11
3.6678015543315214,-3.477357049188214,36.82158265713446,3.5169938038923068,2.1146646088468817,218.6895802206622,11
3.6150063226322926,-4.01319612286048,38.3221890797872,3.95525123830327,1.6607317474787822,69.25462382425093,11
3.6556026935577393,-4.058445819123777,40.55781518627784,3.952976556595214,1.658087696143967,17.474748737083964,11
3.694631236755919,-4.057503734520096,42.47430205202388,3.9817919516991713,1.7224355315019984,-19.7180923873079,11
3.715808488651664,-4.054908852377338,43.78001730456324,4.00610311017065,1.752109469767816,-28.26698118198418,11
3.722772454073329,-4.054416510873212,44.78214643101492,4.0226117293991726,1.7582271163335104,-13.4957065924913,11
3.721515401394781,-4.052411393491094,45.55932477848258,4.03021887533679,1.752940631198312,13.444319605113485,11
3.724971451445254,-4.039586229952509,46.18071717130923,4.0196736615575,1.7516595196581173,36.84666847183317,11
3.725871420192148,-4.035976735417714,46.68725629338248,4.018554010790979,1.7464515434767671,58.438020923180495,11
3.7226273385350575,-4.034355323471709,47.03085256336692,4.018437842409054,1.738850149565828,78.52372654897724,11
3.715888855700008,-4.034829970605359,47.26684995182974,4.019853640459255,1.7312843721069977,96.81274372946002,11
3.707058202720688,-4.037294967445785,47.57155485781367,4.023978858650802,1.7210926424243491,114.88438219081854,11
3.695849714164962,-4.037006112629782,47.867495325511086,4.024130846925838,1.7090401064136072,135.16227448057984,11
3.689342738625532,-4.028253318306929,47.96492728501737,4.014525156535075,1.701237971197345,149.83468673614684,11
3.681638602011218,-4.027392818542298,47.997943238583865,4.014879732074852,1.6963736247159764,160.78939572636952,11
3.672228920245599,-4.02991613228164,48.06856054888514,4.018387303380909,1.6890374621945228,171.3172087526607,11
3.670029835786648,-4.023189601783981,48.08072847377754,4.011026405288788,1.6888551719174414,173.38236506113748,11
3.658872198915767,-4.033155718249475,48.20521147950681,4.022862368715024,1.6819481999574308,182.59228871967971,11
3.648950032845229,-4.036880792971856,48.346411585093975,4.025942642531709,1.6721839126712548,193.0318748793916,11
3.644186206920418,-4.033886004350856,48.44445777938751,4.022040972452678,1.6686903216881666,198.34861444713115,11
3.636486433223336,-4.035673675422897,48.556483537137154,4.023485366455809,1.6628935144333068,207.4450975064032,11
3.637142856677849,-4.024625421284202,48.535305571413325,4.010355258416273,1.6651321835146693,208.74116406469287,11
3.629870911558231,-4.030197066461255,48.602770457010784,4.017822939478709,1.6631866943336533,216.46948013762508,11
3.617175372060901,-4.0384118599806005,48.78460261636152,4.026825625025584,1.6510604127438482,234.0899035973463,11
3.6130350735373127,-4.034080508226406,48.881761128317095,4.02193667931471,1.6470813472827752,243.13213042299188,11
3.6054735826161095,-4.038020470899022,49.04961230797682,4.027358651875022,1.6411406172963674,255.7445768253532,11
3.5969859482999333,-4.03916259582885,49.17295700347352,4.027910932095465,1.63477561716548,270.258999578967,11
3.594642890427641,-4.030475153894481,49.19772158411448,4.018596035277772,1.6349450742413183,278.4401380344779,11
3.599467554492151,-4.018476374848874,49.26576758287624,4.008073672563016,1.641688513184736,278.9062448832803,11
3.595465942771135,-4.020858142190351,49.40087209918542,4.012565838362643,1.6412075115535074,288.4508831458177,11
3.5839570896354265,-4.027438506394804,49.56094661872544,4.020495705975744,1.632633458354516,307.5020379163548,11
3.57297601671276,-4.02879565918517,49.72162781218569,4.022953016315392,1.622206844255596,327.7742057389128,11
3.56632649541615,-4.026934266804221,49.898581179316174,4.022477586826165,1.6154659229838206,342.6918419021332,11
3.55988764191816,-4.025428689168598,50.04597281267543,4.021800498048703,1.6106943977093269,355.7648560301272,11
3.5526447881481604,-4.026565905816541,50.20858152469475,4.024640931340748,1.6043744379888751,369.3381069891467,11
3.544868016671278,-4.029647196124413,50.39554253309787,4.029102448217883,1.5965331892767352,383.27240099878367,11
3.536312197496791,-4.033967469266789,50.5664095164773,4.03404322070276,1.5883692745677012,396.6901680038361,11
3.5267358511507867,-4.037099901073707,50.69912856781554,4.036889661571936,1.5799851952912565,410.30681459346926,11
3.52199182967226,-4.031388411264934,50.74880168252363,4.030216117105084,1.576960881313164,418.8317768759357,11
3.526579027404328,-4.01908170962762,50.70954851618784,4.018189187535269,1.581889694322369,417.2788027460704,11
3.5317872013160567,-4.016853158345479,50.68333604093083,4.01745695125557,1.5891025780203814,411.33179441897454,11
3.5265860657492083,-4.02611884671057,50.72634001406367,4.027269637513304,1.586294685295242,416.1855198294817,11
3.5223974267879647,-4.026594221948863,50.78364398522292,4.027263027465272,1.5827493210752568,422.68611117608526,11
3.5143189473066503,-4.030290615058944,50.96968980891975,4.033020219403113,1.5738902884329151,436.3910518806137,11
3.5036286993654904,-4.033495928712948,51.2599170479232,4.0371797955678606,1.5602090537191151,457.0734059225299,11
3.497339307191129,-4.029385935046716,51.43529505929547,4.032574676467987,1.5523846128029737,472.49045804874623,11
3.4972953325260185,-4.02163638040691,51.53564258963762,4.025274799255554,1.5513318377340626,479.8673073774327,11
3.491099190569209,-4.0248372569055615,51.74780520136485,4.031035888694717,1.5449118692717867,493.86751350813984,11
3.479525518988421,-4.031387962980898,52.01175173456797,4.038915134475617,1.5312379063246493,516.0713263414576,11
3.4687865208722872,-4.037035727929212,52.165769839715104,4.044240517530612,1.5192817313942366,534.2244807260479,11
3.4623311622414046,-4.038537076847282,52.239129643240375,4.044656716420979,1.5123738764288897,544.7795943757018,11
3.457443105960321,-4.038606795008311,52.32505286667875,4.0442718003324405,1.5071797449431734,553.6339937312873,11
3.455584553187479,-4.034548102738615,52.40176670280045,4.038874791767783,1.5046736772902711,560.7417518478668,11
3.455159087380963,-4.029876497691263,52.46386117992287,4.033774458719585,1.5044356448921614,566.733429868778,11
3.4501038354314018,-4.029133933746886,52.64849657070137,4.034458657224735,1.4982756718903958,582.2500372789577,11
3.448293605964341,-4.025688939465734,52.78185612570026,4.0308483203728045,1.4945083349764705,594.7518617550055,11
3.444784050216218,-4.028298983316936,52.838126473798006,4.033069944667245,1.491779273855472,603.3609962691803,11
3.4376926193694155,-4.033170423107947,52.85645232514707,4.036693256058379,1.4860592423798795,612.7949730421968,11
3.4323440897250603,-4.03213651451522,52.837828173608834,4.033538752687192,1.4808610013859,620.9140413021613,11
3.4371376979850723,-4.023160217764849,52.74196423741872,4.02270593757401,1.4842269199337073,618.2541979030221,11
3.4394641936182264,-4.022857103519097,52.7541683905139,4.023436709078486,1.487210928323026,617.5475072803612,11
3.436600088359353,-4.026365874056331,52.82581263102457,4.026524460958149,1.4844346367670391,623.8905899139221,11
3.4329225431659265,-4.0297361276820745,52.778302152713614,4.028539657592773,1.4820179996376266,627.1729422015344,11
3.425935708120197,-4.0314868567232605,52.977087123665264,4.033071400876531,1.473307562445452,642.763655793881,11
3.424873991640742,-4.025035452699947,53.1803613765511,4.02616878897844,1.4688006482438414,657.1713509017121,11
3.427567210739958,-4.01935448332461,53.3066926602118,4.020407077081189,1.4702625995624563,664.6439545225954,11
3.425535894439606,-4.019599577623927,53.48765490868848,4.022035276104591,1.4682203345669955,677.1086528115643,11
3.4152007759688146,-4.025982579785193,53.66960667136187,4.02890343294886,1.4588893837557582,697.2650080697979,11
3.407995465272915,-4.02284073401354,53.84240087634789,4.025255971326086,1.4501139532306238,717.8158419489146,11
3.398100456077896,-4.024447663815436,53.98877286625479,4.026376133193513,1.4409865276542253,739.2271516537237,11
3.3885739206553933,-4.025125015281632,54.02547002552512,4.024607030217519,1.4310161467797742,757.0009305120228,11
3.391845413310799,-4.0174945185998245,53.931284807399365,4.013707909041536,1.432673629172548,756.9577117737182,11
3.389050253850971,-4.022654327803743,53.88231403099562,4.018567367942033,1.4323431067837926,758.0943713159618,11
3.3825928865078683,-4.027368496991917,53.9327311030405,4.023703580844902,1.4267868353221231,766.6712127502806,11
3.379781707318243,-4.0243661846229415,54.04237176129918,4.020467506911227,1.4225968450843218,777.3564840533776,11
3.3822748789530315,-4.018212287011974,54.13734168777923,4.013448886528701,1.423818668919409,783.7936244210797,11
3.378150099051927,-4.023521274863603,54.18699479245854,4.018074646681368,1.4215450750853489,791.1765633771519,11
3.3742425598784123,-4.0236962312709785,54.22816611192897,4.015437000525925,1.4180575152357182,799.2585843937126,11
3.373754742616665,-4.015958240646088,54.29556779233281,4.006198671763529,1.4155488135571963,809.772688266046,11
3.373572233908191,-4.010877754873858,54.40675792579879,4.001819859007876,1.413877415085981,822.6953695148765,11
3.372076301517601,-4.011726904771999,54.4889989156209,4.002224531002387,1.412652256959927,833.2313334756269,11
3.369504671610758,-4.013127464020323,54.58288832338984,4.003998219609974,1.4101453555558257,843.844024840943,11
3.3630074198374493,-4.019120790287406,54.68737667335008,4.0104374200284125,1.4049701512216808,856.3322534618262,11
3.3556781100655746,-4.023791344579823,54.727213282785016,4.0142267792524695,1.3978537099803994,866.8495735579622,11
3.3576999324524475,-4.018624759719757,54.69787935725229,4.007693619071366,1.3981305610633896,867.0822600404659,11
3.3610290938508727,-4.014532291960573,54.740993065748384,4.00310847002589,1.4014348962349803,867.5800481556419,11
3.3600313649206104,-4.016635138117625,54.8089842881985,4.00530120141492,1.4011534645171937,872.4438176868919,11
3.356262125654849,-4.021521808144575,54.82377293295489,4.009419752452188,1.3981655629095204,876.7634566072932,11
3.3554679804933287,-4.0198411970081445,54.844115502820046,4.006241438631526,1.3968701134184878,880.1753094153489,11
3.3535385374537485,-4.016390317928291,54.963461618937416,4.002703695240135,1.3942805321630605,891.3898757660459,11
3.3453344185195286,-4.021798073888538,55.092665164056655,4.00939940264125,1.3868761583716571,908.6760911770208,11
3.339818917348713,-4.023231660534522,55.14069850716049,4.009703887436919,1.3805179931446463,920.4629684722352,11
3.3482883504764764,-4.009999783453114,55.15402203405689,3.993618959438301,1.3859756192761268,920.1663445569798,11
3.351838171839,-4.00652269260612,55.254184311735415,3.990373133185381,1.389615088165877,925.493881865176,11
3.352480928341072,-4.0071948131401385,55.34751053770145,3.990256893420648,1.3900324270396889,932.7170066605072,11
3.348840777745504,-4.012399453602865,55.43978580314956,3.995086781279056,1.3874178696535304,942.1768155583364,11
3.3402863048507783,-4.016881848523717,55.582488031444434,3.999732874110787,1.3784293064814128,960.336486450926,11
3.338796601324024,-4.013995550349801,55.62052819257725,3.9955959191579296,1.374803486698402,969.6652090106896,11
3.335805023501733,-4.0176317991610775,55.64784697572628,3.9981898005137184,1.3728271358741255,976.27555289811,11
3.3339011055266785,-4.017999454886613,55.67133157695839,3.996611826434107,1.3704324175497729,982.4469118403816,11
3.3360407723638112,-4.013159129434003,55.69245951761029,3.989859686640208,1.3712558396562131,986.0717071715944,11
3.3373843067420457,-4.007695734857799,55.80075381615919,3.984479839930277,1.3712964807441848,995.0610300395302,11
3.33748295778286,-4.0063545032889545,55.909570819603466,3.982145997578512,1.3708019599229275,1004.9909254976376,11
3.335603762529568,-4.008328683362036,55.98671681295612,3.984387566229541,1.3683888519595484,1014.389355322558,11
3.33122858601416,-4.013889252782581,56.05506641136672,3.9906631401199055,1.3643723248007769,1023.2643472819984,11
3.325342436750492,-4.020615183664653,56.12188442024642,3.997204971884539,1.3594197720110774,1031.7814064254303,11
3.3142616905852,-4.027175997545619,56.29587653154385,4.004574687181119,1.3489641465112836,1049.8692093352356,11
3.308579392061976,-4.024277370133086,56.41165997168261,4.001324373804881,1.3402597961311569,1065.399946932307,11
3.3088811857257774,-4.020408110704251,56.45363623796109,3.995834788876379,1.339394386656984,1071.395712481287,11
3.308033484898641,-4.018324015383235,56.54828712326324,3.992365688620927,1.3379652057579177,1080.101495982644,11
3.3068528189630566,-4.021843847400414,56.56408079227288,3.992842926950512,1.3370924210120103,1085.3435117070546,11
3.3019652266702253,-4.022547039443148,56.654545995289695,3.9936704692726366,1.3320617982727323,1097.1050491789858,11
3.29428668079262,-4.023167758644698,56.81452028194588,3.9955571397335934,1.3233606986656874,1115.6529584873222,11
3.288309235772687,-4.026300350349106,56.88941825364165,3.998372905982469,1.316928903499763,1128.572806535367,11
3.2839315837014937,-4.025582336380096,56.97483697765602,3.9982970274851,1.311427073564358,1139.9542053588134,11
3.2805759578407883,-4.02541255094334,57.06880722502749,3.99816632270813,1.3073680379433548,1149.9215416822603,11
3.277857356442663,-4.027441895650532,57.14896708048746,3.998666596269893,1.3046779254239476,1158.1056719568674,11
3.2764924700388653,-4.027771056055308,57.179240814939945,3.9977207255220697,1.3026382009426276,1164.1212180131924,11
3.276312605349604,-4.028836178922368,57.16372045642601,3.9987151265858176,1.3022911655688714,1165.5956417243638,11
3.2735634906563216,-4.028194430345547,57.25991926364556,3.9988377850926566,1.3001022931344497,1172.6055411150355,11
3.268889589937861,-4.025781751392844,57.43406453389608,3.997556549346376,1.2952015200060998,1186.1929873163829,11
3.2646100849448563,-4.023319167291333,57.57116815715493,3.997035137907474,1.289983770804491,1199.620126689979,11
3.261037281173432,-4.027955711958651,57.62171015482463,4.002657167925806,1.287310866538636,1206.1606167547716,11
3.2565370548271133,-4.041537864479476,57.59956357579031,4.013394327220802,1.2859156117467825,1207.773860725814,11
3.253894633161808,-4.040113300620439,57.6097770279753,4.010186429509146,1.2836099755978156,1212.2806484199568,11
3.252384291437572,-4.028633660185123,57.69583643839031,4.000822575506336,1.2807260216353182,1222.4730648566149,11
3.2497945003166886,-4.025341487930207,57.78642515079704,3.999890898516078,1.278740810776899,1231.9677515087012,11
3.245785433375193,-4.027951982920755,57.86874391932688,4.002755553422574,1.2764188029808912,1240.956818540653,11
3.23878879746991,-4.031639721579181,57.95495365622515,4.008537709356069,1.2708975804780058,1252.0132245275074,11
3.232016533434748,-4.031036396940311,58.04041856777168,4.010406896739663,1.2643463718676995,1263.7235502140252,11
3.2280728217370496,-4.027682672717615,58.127525283904845,4.008616590214347,1.2609305745827224,1273.1036552383512,11
3.220174648090751,-4.029667931402515,58.25849722673793,4.012778290731465,1.2549812065627048,1286.6000742655312,11
3.214801627004932,-4.036791481657656,58.27479256270175,4.02005342095198,1.2514352477239277,1293.018749853808,11
3.2116905629277945,-4.044601163464392,58.22352533854411,4.026189738404965,1.250688252334823,1292.499382338838,11
3.209164181155359,-4.045576840817572,58.21938819656829,4.025630776753682,1.249545940382038,1294.1272082300245,11
3.2091639670069347,-4.034734197719368,58.29593704132263,4.01503845317635,1.2488823365308568,1300.7204977252525,11
3.2054536828023945,-4.0395013872020975,58.34426333947096,4.021383622449315,1.2477408133581014,1306.6960025261976,11
3.197471100413157,-4.042051752170403,58.43877262412431,4.026271060555281,1.241821825147389,1317.167218785086,11
3.191164125225501,-4.029287806528058,58.59542899217434,4.017019911440547,1.2337996274411325,1333.460481380988,11
3.194703039294945,-4.012953418457579,58.68876926627701,4.002332359017013,1.2348801482937293,1339.9913680938903,11
3.1893663791839235,-4.026807927799796,58.75086856316664,4.017974171095979,1.234155402212086,1345.4700606111994,11
3.1771855739776247,-4.036005048694725,58.83117490757012,4.030229542783634,1.2245793271207526,1357.3942132824193,11
3.165094731096736,-4.03211300387354,58.93505596686266,4.029528600727013,1.2123993271125293,1373.6738032723613,11
3.1564810333137743,-4.024371035798581,59.02040595779876,4.024825795681891,1.2035101131050887,1387.171825294723,11
3.137487070289201,-4.027899676454282,59.14763970289402,4.03302473650721,1.1881609919542324,1407.9831133631174,11
3.1202832581754216,-4.024771410548045,59.240018764655744,4.031539411601906,1.1715195785739465,1427.622200423372,11
3.101364651126062,-4.024770396912169,59.3390169657633,4.033643654006684,1.1550725569982014,1446.5889059283777,11
3.0686301571166448,-4.0259413005349165,59.468195818141545,4.039245930974355,1.12618974868409,1476.710376122754,11
3.035538149451068,-4.008046464291875,59.62238579024812,4.027727755243907,1.092659613329494,1507.179906787986,11
2.998330914331768,-3.997168789366762,59.858577431319,4.021262571483315,1.056242484532431,1531.9404691593372,11
2.949341220056226,-4.011674798177388,60.20438060646285,4.034838776388567,1.0109976519367658,1546.1594011683662,11
2.8920609536999007,-4.039627540611221,60.52745535844814,4.061567974661639,0.9594456217959976,1546.867791272923,11
2.824227505815244,-4.05446656164295,60.85314770087511,4.074424129760194,0.8952953926103563,1545.6764551950785,11
2.7299042290556224,-4.025556581462928,61.31414810911624,4.03216691502554,0.7994910660618085,1559.950485503602,11
2.6110930471363183,-4.013139210775227,61.635788192292175,4.001800031719093,0.6880782367940437,1572.1479623760292,11
2.49968368707303,-4.00618404399849,61.50826955555443,3.9889538059691474,0.5801295880785979,1578.713568224878,11
2.414686449987447,-3.927394658505562,61.11150780409397,3.908901751398329,0.4853414024064655,1592.1589282372752,11
2.389684862719323,-3.480807542800923,60.59705464711447,3.4781688087714837,0.3996605921291326,1619.3843175465468,11
3.046212640351156,-0.1968786213212651,60.99882767728703,0.2560745367033299,-0.1757006972225074,1579.275145022454,11
3.288686952191198,0.1871967312104705,60.82485578160087,-0.1458668041372028,-0.0689386894290691,1693.9278710645108,11
3.3501603960277078,0.0576326536561207,59.17164461055917,-0.0198276056768656,-0.0224264757317343,1683.3951028606853,11
3.385738245741336,0.0300018524048392,58.08847077877936,-0.0196824684560654,0.0139408549907319,1720.5203309201904,11
3.410376464535376,0.0482148421024846,57.63658761121556,-0.0476197046701779,0.0401934181189465,1753.603485655642,11
3.4126282395003087,0.068693942295577,57.50158597752006,-0.049667725975285,0.0496375142501856,1744.3691186962014,11
3.4063913822174072,0.0552032589912414,57.30886459350586,-0.0303991492837667,0.0490011386573314,1754.4888916015625,11
3.6793603897094727,-0.9557448625564576,24.948627471923828,0.9193668961524964,2.043020009994507,1415.8509521484375,12
4.089831691190421,-0.903325898101531,20.00381094001862,0.4924665222685021,2.8337630392557167,-95.42988650770072,12
3.8341993711080895,-2.5886634200452323,29.18932802131377,2.054980272270111,2.921750913183373,191.93105049592907,12
3.5802127683019065,-3.823286366749959,37.33918856425458,3.841663543000279,1.950795909008348,349.0799979703972,12
3.5516447561332978,-4.207474760262363,38.11421631043216,4.165615116257265,1.4782183845359158,129.6491019007671,12
3.603614101926965,-4.156869770532631,39.49029173333961,4.044416792421456,1.5128333812736603,41.934299377073714,12
3.6655096059822174,-4.094200662819736,41.7954153037933,3.99798157128943,1.6503221327999988,-13.430184927331402,12
3.7020562384502,-4.063059775226088,43.55724058955549,4.002000351986253,1.7249603300209506,-31.136187404035088,12
3.7198456080563096,-4.043210885610925,44.60814032497176,4.005010369312332,1.7527108723858753,-25.839957317674013,12
3.735003859163767,-4.026015545948442,45.37711338824536,4.000197416328522,1.7711276857249707,-12.72167633240481,12
3.74064423951758,-4.024621032806764,46.01015499988234,4.00510692021933,1.7760953357420772,9.283615600631904,12
3.722651369600411,-4.04584838970598,46.52150535583496,4.032380730272775,1.7537207502916634,49.1727769690824,12
3.706208395670696,-4.050414361149432,47.012993732130674,4.039205062820251,1.7295043884989727,85.66525406435312,12
3.696295338940907,-4.046646526060909,47.50447558207684,4.036426900381065,1.7115965205502797,113.15409198439266,12
3.6887824564095,-4.042096632072725,47.895435011530495,4.031154735978827,1.6978548564106586,135.57935066682748,12
3.6925354276794975,-4.019401826054217,48.03691641106663,4.004574425249214,1.7012519592262176,144.03077109463243,12
3.6927338910390097,-4.01712337172175,48.222506603562685,4.006204880863788,1.7015773388276618,151.3256635550993,12
3.689202374722584,-4.0191094501909,48.41598074120211,4.00885445238596,1.6987429914704288,159.48034576048337,12
3.6843934030417937,-4.012870891984687,48.41088481121753,4.000884061836334,1.6999021826020206,166.91649269195923,12
3.67678987118135,-4.011946640818952,48.40419452161674,4.000455422573779,1.6971182658011654,176.1383657800146,12
3.670628892370017,-4.01289280351386,48.53208146612328,4.003676471940006,1.6919207730925228,184.5954624773508,12
3.6674126013215766,-4.009051897439612,48.542751565037,3.998565637921713,1.6896579710833997,189.32927933658465,12
3.6618236375142295,-4.010861287634056,48.4424973912986,3.9998488541109016,1.6894749101386013,192.6928069332996,12
3.650967408375568,-4.020821775298521,48.524271149233165,4.011657861341913,1.6813297939587788,202.40355323883423,12
3.6387580532625496,-4.029585545321545,48.6363135648061,4.020899680723627,1.6697334108582462,215.27604712061137,12
3.6258379106062,-4.037901576743068,48.71873327048428,4.028789100876773,1.6577613059296663,228.83533652432,12
3.617281031895833,-4.038978157273258,48.764189432902505,4.028203090989446,1.6503211389105004,238.2608412777085,12
3.613394493080048,-4.035799365445792,48.82684457158468,4.024710034749594,1.6488382959940346,243.5894472053252,12
3.6028686546417603,-4.044131531772844,49.05347392070724,4.034860622451966,1.6391385204820748,259.2892492822854,12
3.593266309025776,-4.048802887100771,49.0977891899017,4.037923580192658,1.629907985049558,272.8027637895332,12
3.581563254436815,-4.054343079946127,49.12550510268613,4.042234420776367,1.623895752860839,285.3602853798005,12
3.5667492711400413,-4.054099671811943,49.322073879012144,4.042164713503366,1.6133399541119495,308.2904839573136,12
3.55036506882633,-4.052626104239958,49.57359070375741,4.041581349200513,1.597980082753193,338.10872199736446,12
3.546789093189929,-4.039655070707022,49.53030751699425,4.027806936976421,1.5962939370109377,349.59795039533134,12
3.5398569911359306,-4.040339734180864,49.45115647833031,4.030627784958805,1.5966215320380337,356.91401984892696,12
3.532207376985665,-4.041748138795416,49.57131422571389,4.0343161979353575,1.5905038254806794,369.24553340314384,12
3.5352273590593453,-4.03374364577144,49.89208920030709,4.028502498764589,1.5897554087351604,375.2415742069842,12
3.538627511047455,-4.026019866207996,50.1251289413636,4.021176786307829,1.5936915939112744,379.3110042709902,12
3.5276663820427583,-4.031857886946345,50.29990102009601,4.0287456914603,1.5873873090169517,396.8951283650226,12
3.5108985369464003,-4.037579361214696,50.48717740070389,4.0364415904125535,1.5710740714188085,423.5400500929499,12
3.5025335162518973,-4.0357110126909,50.66471669760095,4.0354381928960965,1.559794312500092,440.9688235363328,12
3.509680707770658,-4.025957024241069,50.643239791134754,4.025027197527598,1.5662898471556514,435.5699771743223,12
3.507047943322055,-4.032266783427043,50.80521659391472,4.033523122948337,1.5662501791873609,438.76304975762434,12
3.501256603792489,-4.031707226511943,51.05924898170563,4.032987893345845,1.5589440946119375,452.6956419427711,12
3.5007517883576544,-4.024258538901088,51.20097525723009,4.026175292141466,1.5566456533340087,461.8859377941453,12
3.502561454313347,-4.023769232163946,51.325375522475646,4.027777539678366,1.5560478015118335,465.9597469467715,12
3.499281897602311,-4.033474250012134,51.351041081440016,4.036942683070539,1.5540453296109855,468.20495752541416,12
3.497884905481913,-4.034725743603993,51.4173778625856,4.0374177651232985,1.553090992462204,469.4640657355986,12
3.5006347277078285,-4.025897824620626,51.51637824184923,4.028554370604366,1.5544958617313798,470.9835616881589,12
3.501213651105582,-4.0250002935708284,51.51420287626336,4.027944607907031,1.556672855314002,471.87452348456327,12
3.4920198946114045,-4.028679118098983,51.7625887307776,4.033770486532924,1.547808045364288,489.2796410250378,12
3.482212744563459,-4.0267377962549045,52.07337703475033,4.033478053219347,1.5339414075196507,514.6915106715926,12
3.471767201481095,-4.02911849768765,52.282825653811535,4.03639600937625,1.5219966891300247,537.5335752188441,12
3.4611343346446395,-4.033707210816533,52.34329754473215,4.040155295866081,1.5116412000483777,554.5664761095162,12
3.456390897911715,-4.033728702958808,52.36323078569159,4.039400382214282,1.505898433995534,563.2437302922629,12
3.459592641118061,-4.0324556856270295,52.23318816954831,4.036275777472071,1.508678218686437,557.3969086796404,12
3.455938336360885,-4.042366901075984,52.234876931431785,4.046353661870382,1.5083151739763927,555.2457643072289,12
3.4491127930491805,-4.041682602411293,52.40052901118635,4.0444061698683775,1.4993221594626644,567.8371574677617,12
3.455185916050371,-4.031611264470112,52.30490493774414,4.032140743301575,1.5044757774077266,563.4324907050075,12
3.448814300169428,-4.042243492172425,52.28813486214143,4.044771771833121,1.500560826565846,567.574330525226,12
3.443211072898773,-4.046074011239661,52.41910598938723,4.049272680857095,1.4927787091358595,577.1397822736258,12
3.448630980698459,-4.037170921463564,52.49423500428717,4.038585412933165,1.4954467990312232,576.5052902037838,12
3.459238069603242,-4.029604773923575,52.37445187855916,4.029835316072028,1.5078142306890832,562.9098576924887,12
3.4520721320646355,-4.039075997938593,52.61451144390796,4.044616276959339,1.500814902495189,575.7841524790568,12
3.437018736299262,-4.042387267193162,53.10550262267331,4.051439762115479,1.483060460492789,610.8690626764873,12
3.422504222536661,-4.040055585194783,53.45284597557711,4.049045985003552,1.4666577505778118,647.1523408085468,12
3.409741306879434,-4.041070467018219,53.51183263939547,4.048300800553287,1.4545800800783089,670.7520266613329,12
3.3958008547863328,-4.04483731396227,53.57209373382201,4.052812673959387,1.4413536765489234,692.385498046875,12
3.389458621840879,-4.044221722936055,53.48693061736693,4.046751740467117,1.436086561306413,699.1024522896273,12
3.390786372035383,-4.03648570933974,53.425400124975,4.036686495126012,1.4365702860326652,700.6535365093185,12
3.393944972968963,-4.024714498634798,53.64931226063924,4.027485267225519,1.4370343110647543,714.3700804193336,12
3.396307375057634,-4.014456659914499,53.97712089354734,4.0186389296887866,1.4375352895403484,735.0885899555252,12
3.39628175367792,-4.016992632165013,54.090330744364174,4.018370358340712,1.4383610443896555,745.8796210231551,12
3.387741966419909,-4.028566481119179,54.08051635558347,4.028641399130764,1.4328345900558563,754.6609247046781,12
3.380336080689028,-4.030694651316447,54.01565836711102,4.028356988745999,1.4249183987996663,761.9615140248494,12
3.384723284158362,-4.02294725682362,53.892174847154735,4.017910425921521,1.4279309008494918,756.6219430946442,12
3.38547171742083,-4.0194553409714295,53.97555404111564,4.015869324465832,1.4286913972303092,762.2034515013178,12
3.38415755134031,-4.018085789967732,54.0998976374247,4.014212160225374,1.4269457890326718,773.2075960090361,12
3.386607227555241,-4.0123945086835375,54.17685207688665,4.007528063762619,1.427618548094508,780.4558031932416,12
3.3887056327727905,-4.010115390800568,54.27840554570577,4.005233896784036,1.429996947208083,786.8949114328408,12
3.377568592508155,-4.021137312234166,54.37567019175334,4.015591374362808,1.4218390303921986,803.1549057558359,12
3.3665479349802774,-4.0237579575504165,54.483999321259645,4.0198726395526565,1.409510013568832,823.6076682217151,12
3.3603101035198533,-4.02183132861034,54.61571245308382,4.018749288765781,1.4022075713398945,841.0190076713103,12
3.357079148292541,-4.021412372589111,54.715858459472656,4.017293930053711,1.3992517590522766,852.7150268554688,12
3.353526718645211,-4.024520586772137,54.729975688888366,4.017300697694342,1.3965023152799492,858.963773060994,12
3.3598752222865462,-4.017255745738385,54.578403335019765,4.002766474183783,1.401557441935482,850.487831207643,12
3.3644322774496422,-4.011381126311888,54.53226512311453,3.9956558095403465,1.4056592935539154,848.4822542121611,12
3.361462976559099,-4.01002570232713,54.70903876890619,3.996612489941608,1.4021315000143395,865.2307717196915,12
3.3547420300633077,-4.011692357350545,54.95244998242482,4.000407302235983,1.3951001368373273,889.5071241999248,12
3.3444723953683693,-4.013421084507402,55.27948211761842,4.0056114340403,1.3841494156653622,921.1229347320924,12
3.33931830417679,-4.015616434166231,55.44139439226633,4.005213013614517,1.3781658856265515,939.9527095197196,12
3.336507869054036,-4.020430737231151,55.4359101904444,4.006916652242821,1.3758793229080108,945.6685397596244,12
3.335330922919584,-4.020838524921831,55.38307493278779,4.005212933184152,1.3738110783588455,947.2104837808264,12
3.345577836036682,-4.011047337428633,55.26120323732675,3.9934835965374864,1.3817264423312912,935.568508286074,12
3.3461333958499404,-4.01958369059735,55.16955373373376,4.004857436720148,1.3856922531702431,925.9320244846574,12
3.341065867837653,-4.025381401360753,55.25578517224415,4.013517313692943,1.3831144578485604,927.9562995634884,12
3.337392381874912,-4.024644116321242,55.43960713765707,4.012440457401506,1.37888995997877,938.0120070124248,12
3.3372765722044977,-4.026352359587888,55.3857410614749,4.008875539503902,1.378514516784484,937.1365488810712,12
3.345179330871766,-4.011056239346424,55.34148200161486,3.989689022661692,1.3825721668909832,935.428402084902,12
3.3555754480591737,-3.9945436658629454,55.38614045568259,3.972010766167239,1.3896284081849708,938.0909107621894,12
3.358395694250084,-3.9913671993347535,55.54777398166887,3.970562030033893,1.3924319959548583,950.4964305464046,12
3.349948192217264,-3.998265994600503,55.82410656113223,3.9800862935652215,1.384263899671026,977.1143144354764,12
3.3430227256682983,-4.003411700926631,56.00450207813677,3.9843390390097375,1.3763923487031315,998.4259408238422,12
3.3388171425784927,-4.006531267281038,56.07577459496188,3.984043997454356,1.371541667415435,1011.8741021213764,12
3.3366776834051293,-4.002074500164354,56.149632373488096,3.980206794049367,1.3666620326329426,1024.6687283803185,12
3.3327588446169014,-4.0013966675264285,56.29495770098215,3.982853765947273,1.36202919411372,1038.7721594385353,12
3.325908976865102,-4.016616671918387,56.31438312760319,3.997164921588209,1.3580587556563228,1042.7657088314195,12
3.3244487822773947,-4.01810051734189,56.3632858000606,3.9943200938672905,1.356268071266542,1045.3182806911238,12
3.32814852588148,-4.012505778347153,56.32505472022367,3.987011176994048,1.356830105724105,1044.265976503671,12
3.329598149621343,-4.016403451023332,56.24223764258695,3.99000340915588,1.3597604438482995,1038.4652320218374,12
3.3253726528351564,-4.017354884779597,56.34669223463679,3.991202159100269,1.3562588016670871,1047.1535115069653,12
3.3196417208177498,-4.01882474680981,56.45546759180276,3.993116475013365,1.3500112754752835,1060.2430684652677,12
3.3112923208489478,-4.023482661649405,56.57348701752812,3.9981112508888703,1.3420506773224796,1075.77539944936,12
3.301971050630133,-4.02453419961125,56.729059012539416,4.00038642481149,1.3316498966102142,1094.985734686794,12
3.2937938247818543,-4.02282697608672,56.921121390469104,3.9993576112999976,1.3220156115221688,1115.2789365469694,12
3.289132737251649,-4.021302766110524,57.05545972341515,3.9948167958891534,1.3161711613815952,1131.8845950207078,12
3.2882640763937707,-4.022491144846721,57.00781576317477,3.992446732808309,1.314819749579372,1137.8955136954066,12
3.289572280573558,-4.019698545157191,56.92119010098009,3.9873569844717,1.3157591905938573,1138.6678584455008,12
3.290313229503402,-4.015281953007342,56.94958229524544,3.982860533587904,1.3161439321127282,1144.0566288591867,12
3.2887558592371198,-4.017447227455048,56.98008803861687,3.98429424360574,1.3152703563851047,1150.1644404767508,12
3.289397389055735,-4.011861789657409,57.044689729989294,3.979986972119435,1.314152137342706,1156.4879635730422,12
3.2832740229296395,-4.0211637221187,57.16382591982922,3.989937864154218,1.3103658341499698,1166.6947117081606,12
3.2744240531002182,-4.027988336172449,57.24165187973574,3.997853164213249,1.3012385497610253,1178.612147319748,12
3.2705732526549376,-4.025400035352592,57.31827319960996,3.996978409319039,1.296070322932967,1187.05175340032,12
3.258213620588004,-4.036511001816715,57.4738860992064,4.009402642767113,1.2861156693424087,1202.4164759624434,12
3.247571070510221,-4.036648310810687,57.60183681350156,4.010972226958677,1.274267000606261,1219.510896613799,12
3.2462874062090035,-4.028708854353572,57.60257045332208,4.003232197589185,1.2706551824707584,1226.6508877306098,12
3.2516555111092256,-4.025272188416446,57.51415133189006,3.997261364775968,1.27648683628404,1220.7750678004988,12
3.2467946977500457,-4.021844547915172,57.69156743244952,3.996467722467629,1.2727069423859378,1232.9305140483812,12
3.2416737697210656,-4.0309199540011855,57.75923570380154,4.005958965025752,1.2689125911299004,1241.2059017319275,12
3.2374841333871864,-4.03981735620154,57.746915840240845,4.015207135533712,1.2664619957108094,1242.15525578878,12
3.231571293738951,-4.046629876975554,57.82302026863558,4.021239392728691,1.2630280198821102,1247.462108933782,12
3.2316083936806184,-4.048463298613767,57.78803193425558,4.017928473920708,1.264274136129632,1248.3779738092996,12
3.2366712193891227,-4.040816947638271,57.672426246734986,4.010202720940831,1.2682588574397995,1242.756471197289,12
3.232369842299496,-4.042290836931711,57.76919606220292,4.0162709879587934,1.267129671142762,1247.8741763930725,12
3.2171447233981394,-4.055847423622407,58.02138884670763,4.033280148563615,1.2568356315773652,1266.634536927005,12
3.2042225498750985,-4.068327041993658,58.13867063407439,4.045057744864958,1.246589336050562,1281.489815217903,12
3.194055346121271,-4.044833168926009,58.38772532451584,4.028289191694145,1.2336248698004757,1307.1874816159168,12
3.182145202016256,-4.055407730929823,58.503346730427566,4.041453763663051,1.2264964609261018,1324.0844755977034,12
3.173340314842132,-4.065896453627621,58.456177470195726,4.048468785113599,1.221074740570712,1328.947113404791,12
3.172393770102995,-4.043163563831743,58.52033238238599,4.026130538388907,1.2170947359268924,1338.9129256282945,12
3.1778560618320144,-4.019887967282031,58.61189129840897,4.006406410630927,1.220074208385973,1344.8493564100152,12
3.1674888019102165,-4.042466450886554,58.72723370287792,4.030911686908768,1.2175883327622012,1354.3540759718562,12
3.1487184403890587,-4.056454730321126,58.834695862000245,4.045953744865326,1.2023513101669678,1372.204752359046,12
3.1335227432021173,-4.053125594035689,58.93815029098327,4.043805765818401,1.18731329096369,1391.367094844221,12
3.1248358315732108,-4.055110081132636,58.91771167157644,4.045117840709456,1.1799903993146963,1397.7865732951336,12
3.1086437357477394,-4.036895998989243,59.07337312813265,4.0310027168457765,1.163500965359699,1420.154580725245,12
3.085441039269229,-4.024020335760461,59.2713858133339,4.024669799459986,1.1415619002767357,1451.253119411239,12
3.0589014162500217,-4.019201985324722,59.40579366109458,4.027441174150949,1.1183414775204945,1477.1217349868227,12
3.0246893167495728,-4.007649395839278,59.58199172422111,4.019991394985153,1.0876792963728843,1506.530098421028,12
2.993813957076475,-3.989627108516464,59.8790099821895,4.000467995563185,1.054781336382211,1528.0905908791417,12
2.9640194996293765,-4.005856083100101,60.2181023976889,4.017762839076031,1.0268599419708708,1530.8020210725715,12
2.9205200988126085,-4.021555452461702,60.58715429650732,4.036546138395746,0.9849343421947524,1534.2309732092433,12
2.835706779755742,-4.026842967573419,61.04641686864646,4.040438996740134,0.90611624071397,1558.3410012118786,12
2.7299958137144515,-4.079553920102407,61.38368146965303,4.088462002306099,0.8139928141272201,1553.1353965667356,12
2.60793428966798,-4.070063800696867,61.63279078380171,4.061576176838702,0.6867474296006809,1559.6968479386296,12
2.487268088811852,-4.048394410006972,61.44976305674358,4.0346731335283765,0.5621937649795813,1575.5211446371422,12
2.394967505730778,-4.015634605683475,60.882232528135,4.003331947039408,0.4684206294008043,1581.152717314571,12
2.4055000385606147,-3.3686543688716664,60.45437226812523,3.3715257156326115,0.350015573831926,1619.986211937594,12
3.052331010979348,-0.1374512508690915,61.31258167128966,0.1746462483003757,-0.1630961591579845,1598.981529143921,12
3.282121440014208,0.1802453183266047,61.04078614568135,-0.146672443094023,-0.0443769516535547,1706.0574392295746,12
3.352669418576252,0.0588906306818309,59.16106941039304,-0.0185699885015388,-0.0087547352066241,1673.969921433782,12
3.391342292349023,0.0245991884899067,57.97056248676345,-0.0149839607976289,0.0179328868636886,1698.8932164203693,12
3.420569916805589,0.0446803655969092,57.39488059354115,-0.0409651185913258,0.0380872603371201,1721.2565778249718,12
3.435232650802796,0.0664276150335748,56.9486049973821,-0.0455447660691766,0.0481600165815957,1705.1282047133848,12
3.4488688276474737,0.0582430298069872,56.36151692953454,-0.0362633663308188,0.0498526190149496,1708.9933640813254,12
3.45963191986084,0.0382831692695617,55.56685256958008,-0.011073893867433,0.0307903699576854,1735.38916015625,12
3.6623899936676025,-1.0789493322372437,25.000947952270508,1.0401865243911743,2.114459991455078,1411.7379150390625,13
4.060574589706048,-1.1744200180216533,20.04240234886728,1.0025215214345513,2.9986765108457427,-146.79617123487515,13
3.880945074849013,-2.298983765811455,28.72745697672774,2.084409994323079,2.984301302491165,111.53664984354155,13
3.6683101261534334,-3.4254633638916947,35.41439423910001,3.458557986631626,2.132485088778705,206.04016894828985,13
3.607571648388374,-3.982119013623493,36.85466077851086,3.927414318410362,1.6521454177251675,59.54851001646461,13
3.6386546623416063,-4.042893514400575,38.78987477465374,3.941713558464516,1.6348971230227771,9.054068495587623,13
3.674044117694948,-4.052846216573948,40.71193271730005,3.980166240436275,1.7020957906071732,-28.58240834678092,13
3.69308888185315,-4.0557892438842025,42.30593818571509,4.012691271014329,1.7337154157278014,-37.54783118643412,13
3.7035989645050793,-4.046173805143775,43.49984629561261,4.018003603307212,1.7430724661524704,-25.306179604879244,13
3.705699535404764,-4.0426722561440815,44.373294597718775,4.022719714699722,1.7445219253621451,-1.012002537890176,13
3.70569004663607,-4.0399975892974105,45.17898954996249,4.023749293350592,1.7405845275739344,25.646125142167243,13
3.716084853905003,-4.0264153480529785,45.922928856640326,4.009480607218858,1.7447027825727697,41.62895044466344,13
3.7141544469972936,-4.034348662306623,46.53718864627001,4.019205105013963,1.7374247661451014,63.560589581001096,13
3.713115055386613,-4.034332356801847,46.9797918040578,4.018733960826222,1.7299746994565173,80.89982958537777,13
3.714717504454822,-4.029880325968673,47.350379711244166,4.013609025536514,1.7288638949394226,91.9388280728968,13
3.707211359245021,-4.034924390839367,47.69716955975788,4.018900147298488,1.7190694772615664,110.3433266616449,13
3.7036758108836847,-4.033384613874482,47.94450583109042,4.017708475996808,1.7112350492942623,123.63697052001952,13
3.698980334328442,-4.030700462620433,48.08921876767786,4.0144776483861415,1.706727179085336,135.0594880639053,13
3.6923507888142657,-4.025185067479203,48.10782106911264,4.007962633923786,1.7033514002474344,147.22307195896056,13
3.684139386909764,-4.021748106654098,48.10782123193509,4.005398209502057,1.699387780776838,159.88138077898722,13
3.672897466799108,-4.025254296093452,48.209765550566885,4.011738370104534,1.6906956754079678,174.6431084609613,13
3.6632109487929,-4.028028589923207,48.3445081013005,4.016486656375047,1.6815299704307465,187.0350434838272,13
3.649931017945452,-4.035128232909412,48.48760372254907,4.0242995401708095,1.6709150817336105,201.08385672220368,13
3.6388097972404663,-4.035888898663405,48.59372985653761,4.024162597772552,1.6612447289431969,213.7801219661061,13
3.6373711969794296,-4.028526945811946,48.70873148848371,4.016703652172554,1.6602979316944029,216.8660773300543,13
3.6311253003957793,-4.028603021691485,48.80731866417862,4.0165610691396205,1.6582949045227795,224.54479273354133,13
3.622577769000356,-4.031843569220566,48.95901465997464,4.021035671234131,1.6521278140021534,236.9222594470513,13
3.6085092992317382,-4.040889835939175,49.21368464027963,4.0314716187919055,1.6399728822998885,257.330292492378,13
3.592252289376608,-4.0450357227790645,49.37861000619284,4.0342582493293575,1.6256663828361326,281.9271031821646,13
3.586692148592414,-4.036353998067902,49.234812341085295,4.0235429507930105,1.625031698040846,290.2866657536204,13
3.578538542840539,-4.039810058547229,49.27535117544779,4.029748282781461,1.621857622774636,300.45375917016,13
3.5715017522253643,-4.039980588889703,49.47685655733434,4.030978798866272,1.6158271402847475,314.40149670112424,13
3.5679037919858607,-4.034429398978629,49.64398732999476,4.025818929439637,1.6138230969266194,325.7510271770198,13
3.5649985263987287,-4.028991216566505,49.785746481360455,4.021497098411002,1.613455898878051,336.07559501834027,13
3.5607633561622807,-4.022999088938644,49.97788043138458,4.017312881423206,1.6117974839559417,349.4063512290396,13
3.5584030994554845,-4.01619091266539,50.13943160452494,4.012512666423146,1.6100517525905516,361.3055993056879,13
3.55643204363381,-4.015714447672774,50.23387974064524,4.013980062996469,1.6087022292904738,369.2759682259909,13
3.553270171328289,-4.020512426771769,50.29570916803872,4.019759454378268,1.6070176166732135,374.5647970060023,13
3.548935709930048,-4.02144079673581,50.3938867522449,4.020953486605388,1.6049480060251748,381.2444175161966,13
3.535796758605213,-4.030351118343632,50.44547543874601,4.030069839663621,1.5944998642293418,396.8248990686928,13
3.525523139209282,-4.031463704458097,50.54211574647485,4.031080269232029,1.5845111404977197,411.8819877810594,13
3.518990695476532,-4.028540015220642,50.78265857696533,4.030479311943054,1.576300173997879,426.3063659667969,13
3.5087841022305373,-4.03227235631245,51.165067951853686,4.036608073769546,1.5623165761552205,448.2281196408156,13
3.5047222593935525,-4.027619984091782,51.38327010084943,4.031078545058646,1.5570274729554243,461.3518051519626,13
3.49584967334096,-4.030117488488918,51.57288258250167,4.035209958146258,1.549078089434926,477.436806283346,13
3.4893095042647384,-4.028531536823365,51.68359609929527,4.032972330000343,1.541387537630593,491.6891248749524,13
3.4879050371123523,-4.026975207212495,51.6428931166486,4.030747500861564,1.5420649764014454,494.1590471965511,13
3.4797405920377598,-4.030668313910321,51.76597685930206,4.035350351798825,1.5346700323791038,506.7958790848895,13
3.476910300371124,-4.027548068907203,51.85131491684332,4.03180983008408,1.529762459964287,516.2682450457318,13
3.4781199068557926,-4.025853837408671,51.89290144385361,4.030191843102618,1.5301180481910706,518.5553573980563,13
3.4783297370119795,-4.0277600404692855,51.94182823925483,4.03189492225647,1.5308124088659518,519.5590061094703,13
3.4738184213638306,-4.03164094541131,51.97410490454697,4.035093810500168,1.5277953467717984,524.9206394102515,13
3.463350912419761,-4.038404267008712,52.02418927448552,4.0418551956735005,1.5178653205313333,537.8840421350991,13
3.460753279488261,-4.034238943239537,52.17543332169696,4.038593184657214,1.5113906242498538,548.7400549911871,13
3.459943274172341,-4.0324014454353145,52.36009700123856,4.037339652456889,1.508899623300971,557.2566543206935,13
3.4554484399353584,-4.034731481133438,52.46456364887516,4.03886122819854,1.5048675769712867,566.8937459806117,13
3.4514193941907183,-4.0319275739716325,52.59833619652725,4.035761949492664,1.5001410769253245,578.9861256669207,13
3.446883919762402,-4.028819805238305,52.73379177000464,4.032714395988278,1.4946489239611276,593.5708692597179,13
3.4448956367446155,-4.022141689207496,52.89822908727134,4.025977652247359,1.491015203115417,608.4129534465511,13
3.4390552858027017,-4.021666928035457,53.07419744352015,4.026099952255807,1.4851690138258586,626.9200089617472,13
3.425319351801058,-4.029585233548793,53.170293947545495,4.033759547442925,1.472012543096775,649.6564792540014,13
3.420357518079804,-4.028419424847859,53.1756309416236,4.031215260668499,1.465621777423998,660.5894514874714,13
3.41894191648902,-4.028878293386319,53.16797456508729,4.031340221079384,1.4639264170716448,664.0801466034679,13
3.41894537646596,-4.030333556780001,53.172553876551184,4.031525515928501,1.464220892365386,664.1555801019437,13
3.4197214056805865,-4.030396159102277,53.1521337555676,4.029493797116164,1.4655829871573098,662.2049560546875,13
3.418516403291284,-4.0312894204767735,53.09609455015601,4.028595011408736,1.4653588976801897,661.392500714558,13
3.4170226091291847,-4.029314169069616,53.12093832434677,4.026358046182772,1.4635172573531547,665.5634914491235,13
3.41525726492812,-4.027831362514961,53.17196057482464,4.025506813351701,1.46063664846304,672.528303192883,13
3.4155777663719364,-4.026302721442246,53.23806297488329,4.02451439601619,1.459945675803394,677.5457138433688,13
3.41914328423942,-4.02143697040837,53.36203796107595,4.020187779170711,1.4621692147196792,681.5965710151486,13
3.419211794690388,-4.023330304680801,53.41337645926127,4.021851987373538,1.4626520668588034,684.9058123332699,13
3.42236278696758,-4.019584690652242,53.46219904829816,4.018039819670887,1.464728776274658,685.7159535477801,13
3.4206376831705976,-4.020634302278844,53.6013523194848,4.02141186086143,1.463269632037093,693.5002262766768,13
3.411049607323437,-4.025761892155903,53.81309220849014,4.028763093599459,1.4537353486549565,713.1090906654915,13
3.401970552235115,-4.027122264955102,53.98815187593786,4.030108556514833,1.4443271552644126,732.8807373046875,13
3.3943982938440835,-4.026883116582545,54.06212178672232,4.027308577444495,1.4370918499260414,748.0305108791445,13
3.3918095856178097,-4.021104417196134,54.0600813888922,4.018560816602009,1.4334565779057944,757.4646651105182,13
3.3915654406314943,-4.01666700549242,54.04937927897384,4.012591094505496,1.432761962820844,763.6325162561928,13
3.390383961724072,-4.01573627751048,54.075969323879335,4.011315182941716,1.4316448482071482,770.6493976872142,13
3.390554460083566,-4.011447162162967,54.20745209949772,4.007380956556739,1.4309384561166532,781.2382321241425,13
3.388046677519636,-4.012096172425805,54.32924372975419,4.007005656637797,1.428898721206479,793.3036900962271,13
3.382892057663057,-4.0143337831264585,54.42112890103968,4.009034162614404,1.42378911812131,806.8272883717606,13
3.375691294670105,-4.016901254653931,54.54777908325195,4.012463808059692,1.4167036414146423,823.3958129882812,13
3.3679495860890643,-4.018344454649018,54.70383376609988,4.014267860389337,1.4089239268768123,842.1316498547066,13
3.36193301619553,-4.019417204507968,54.80195887495832,4.014405169138095,1.4027539404427132,856.7926710175306,13
3.3595682746026574,-4.018875578554665,54.82307971396097,4.011176548353055,1.4002389602544831,863.9669837021246,13
3.362552948114349,-4.013615962935657,54.787405014038086,4.00347786414914,1.40183852213185,864.1567784751334,13
3.3672398038026765,-4.00986891548808,54.78778487880056,3.998925693151428,1.4066631663136366,862.1475323932926,13
3.364619464409061,-4.010023605532763,54.93902978664491,3.9988153213407935,1.404666022556584,873.978348894817,13
3.3678609714275454,-4.004183315649265,54.962592124938965,3.9920533226757513,1.4048300225560255,878.8963950552592,13
3.3648493842380804,-4.011723541631931,55.00295434347013,4.0010747560640665,1.404520488366848,883.3364481111853,13
3.354559598899469,-4.019983780093309,55.13507912798625,4.010952286603974,1.395248666042235,898.8894638433687,13
3.3480334630826625,-4.023434034207972,55.19013679318312,4.014230449025224,1.3886660133920066,908.7098165372522,13
3.3385873698606723,-4.03086186036831,55.23161150769489,4.022121348032138,1.3808634964431206,918.4545250869378,13
3.3397586171219986,-4.015740650456126,55.37688994989163,4.005707165090049,1.378283225908512,930.179045886528,13
3.3427053602730354,-4.009697885048099,55.51912954376965,3.998139320350275,1.3805141165489103,940.087616711128,13
3.3365844866124594,-4.025013074642274,55.45465636834866,4.010893484441246,1.377488176997115,942.8992547756288,13
3.3326799418868087,-4.0257668785932585,55.472292969866494,4.010061662371566,1.373130224826859,949.422637195122,13
3.332905772255688,-4.016666255346159,55.588199057230135,3.998985677230649,1.371095488711101,961.5386717261335,13
3.3344839171665472,-4.010108857620053,55.68838105550626,3.9902044723673566,1.3708377829412135,974.0414417545968,13
3.334844170547113,-4.009692575873398,55.731410701100415,3.988250767312399,1.370550745871009,983.4878554925684,13
3.332809676484364,-4.012438718865558,55.79534111953363,3.99096593624208,1.3685558460107663,993.4588187613138,13
3.329010823877846,-4.017512408698478,55.8534049522586,3.994694988902022,1.365359868945145,1002.85091567621,13
3.33024175719517,-4.009068808904508,55.95848246318538,3.9853950971510352,1.363683093611787,1013.1972753013052,13
3.33211868565257,-4.0055894270175845,56.06463539309618,3.9810281613977945,1.364452955199451,1022.3933805140052,13
3.329760692468504,-4.013245390682686,56.07293812821551,3.9867921965878175,1.3632487756450002,1027.543226288586,13
3.3247229500514703,-4.015414633402011,56.17134187279678,3.98906434454569,1.3577955685010772,1039.6452755811736,13
3.3184235183204094,-4.014337077373412,56.34742736816406,3.989399219431528,1.350068237723374,1058.035872296589,13
3.313989645097314,-4.011011995920321,56.52402663812405,3.987039129908492,1.343436607500402,1075.8234833508002,13
3.3096975931307164,-4.013971296752372,56.65934532444651,3.9894520960203033,1.3388940437537868,1089.3039364698457,13
3.3027168483268925,-4.022798805702023,56.73393975234613,3.996619053003265,1.332301898700435,1100.8386438881478,13
3.298112854724977,-4.02438272790211,56.78146246002942,3.9974147939100497,1.3264213720472848,1110.1121855945123,13
3.292482975052624,-4.030627890330989,56.81069081004073,4.00244381369614,1.3214565689970807,1117.8172964700836,13
3.287554346933597,-4.034794883030217,56.81750934879954,4.004626887600597,1.3168006226783846,1124.251503548971,13
3.284230235146313,-4.034180652804491,56.84375106997607,4.002920784601352,1.3132696835006157,1131.302432176543,13
3.278758998324232,-4.034215272926703,56.93290843033209,4.004087183533645,1.3075465952477805,1142.7826024497426,13
3.2758139400947384,-4.032491893303104,57.00889931655512,4.003215382738811,1.3035801968923428,1151.932381978849,13
3.2745755794571667,-4.032838676033951,57.071072345826686,4.002971192685569,1.3023808067891656,1157.635703482279,13
3.272612850840499,-4.033525402952985,57.14745140075684,4.0040920245938185,1.3004556937915523,1163.883040265339,13
3.268185145971252,-4.035234212875366,57.271132701780736,4.006950800011798,1.296401964455116,1173.28266422923,13
3.266851715925263,-4.033270638163497,57.37465276950743,4.00309490576023,1.2947490767734806,1181.9593297446645,13
3.2678038274369587,-4.034999702034927,57.328882240667575,4.0021491050720215,1.2963675638524497,1183.40036531774,13
3.265255157540484,-4.039939002292912,57.256397572959344,4.006711750495724,1.295943244201381,1183.6653695455411,13
3.257975459098816,-4.043430328369141,57.31742858886719,4.012273192405701,1.2898929417133331,1192.6253967285156,13
3.254118512316448,-4.039285892393531,57.41347084975824,4.008832547722793,1.285572726552079,1202.964051781631,13
3.2527279650292744,-4.029637069236942,57.54134124662818,4.000746029179271,1.2827329628351258,1214.5699842499523,13
3.252239477343676,-4.026376764948775,57.623951749103824,3.998980525063305,1.2817762101568826,1222.652053460842,13
3.2498443213904777,-4.03277618129079,57.66790192301681,4.004904584186833,1.2813737436038692,1226.9470631669208,13
3.243983600197769,-4.036253429040676,57.74708361741973,4.008514811352986,1.2767264465006387,1236.1520728134526,13
3.2384411300100933,-4.028084042595654,57.86849691809677,4.003064696381732,1.2700444779744962,1250.3439658560403,13
3.232890803639482,-4.026070170286225,57.9504763440388,4.004693101092083,1.2646169604324713,1262.2796705292492,13
3.227964601865629,-4.027330229922039,58.01249594804717,4.007029838678314,1.2607628310598975,1270.8854370117188,13
3.225052496282066,-4.025889501339051,58.060232860286064,4.006114843415051,1.258072960667494,1277.9533453220274,13
3.224014648577062,-4.029003739356995,58.04912439206751,4.00881534378703,1.2582108233033158,1279.0071009193978,13
3.2186488988922863,-4.028631832541489,58.16141584442883,4.010592635084943,1.254124799879586,1287.9903102967796,13
3.2124649766014843,-4.02941105423904,58.292952049069285,4.01349314538444,1.24901954357217,1299.6085324171113,13
3.2082422535593915,-4.032240402407762,58.373085021972656,4.016570300590701,1.246341833254186,1306.7125839605565,13
3.204466223716736,-4.030118424717973,58.46281144677139,4.015411786916779,1.2432627219979355,1314.7440483279345,13
3.199705856602366,-4.020643972769016,58.618608474731445,4.009543982947745,1.238368627501697,1327.9468324242569,13
3.1902120782107843,-4.029799627094734,58.744582176208496,4.0212150463243805,1.2326238286204456,1340.7231609065357,13
3.1762125201341584,-4.043087214958377,58.82379038740949,4.036425264870248,1.2226626378733938,1353.7019310927972,13
3.1604304517187725,-4.048395357480863,58.89797703812762,4.0426676040742455,1.2094099754240455,1369.925434391673,13
3.14896011352539,-4.040669766868033,58.94838747164098,4.035730728288976,1.1981527761715214,1385.2407881573931,13
3.1362730686257527,-4.027952671051025,59.02821317533167,4.027880258676483,1.1858214888630845,1403.336444389529,13
3.117488326095953,-4.017385145513023,59.16973039580554,4.023763842699005,1.1686974880171983,1428.1762457126524,13
3.0939015062843884,-4.015395059818175,59.314339428413206,4.026002895541307,1.1481830041582994,1454.8391753406056,13
3.0695683927070805,-4.01887340661956,59.402154782923255,4.033262450520585,1.127174266954748,1475.4644477658153,13
3.0360831952676546,-4.0147417405756505,59.534462463564985,4.035120283685079,1.0969458789360236,1502.7689551376714,13
2.9953941949983927,-4.01278773749747,59.709227213045445,4.036391944420047,1.0606300249332337,1528.2421904773246,13
2.952614006472797,-4.008999211032216,60.02641021914598,4.027100635737908,1.0174753949409578,1542.10740922137,13
2.915174766284664,-4.001758901084342,60.4337186115544,4.01655196562046,0.9783436132640374,1542.9428487638147,13
2.8630580291515444,-4.00842223807079,60.86345477220489,4.022994070518307,0.9309727905727012,1543.0065724442643,13
2.7874414455599914,-4.033959609706227,61.26897021037776,4.044541649702119,0.8662050366401683,1538.9070241044208,13
2.6806465474570684,-4.048049258022774,61.63373775016971,4.04201991092868,0.7671142024237948,1544.230896740425,13
2.5554992512958816,-4.032779629637556,61.691057763448576,4.013057394725521,0.6400479369047223,1567.619471108041,13
2.448063594538992,-3.962603052941765,61.35966359115229,3.940008750775966,0.5188943372993942,1592.6311325445406,13
2.4161732894618324,-3.4523279725051608,60.89883227464629,3.446936613175937,0.3945138578007873,1628.8576779249238,13
3.077825424147815,-0.0933654533653729,61.459516990475535,0.137717335689359,-0.1651115203049124,1591.78332370665,13
3.289057725813331,0.1724540998296036,61.06998252868652,-0.1415229956733013,-0.0374317660746049,1702.5934478015436,13
3.3572092725009446,0.0531066372627174,59.09415721893313,-0.0195733543042462,-0.006622248760811,1669.9576609541732,13
3.3988091247837717,0.0269244419092811,57.8413998673602,-0.0239229447140195,0.0216310782948641,1697.271022889672,13
3.428548530834477,0.0530504518892703,57.2408547052523,-0.0475341112511913,0.0392669921786319,1718.3102491425304,13
3.435330233922819,0.0741510492999379,56.93047053639482,-0.044851224778629,0.044583460452353,1724.949052019817,13
3.433319051091264,0.0628636384882578,56.51335818593096,-0.0250112959410905,0.0339485671280361,1757.9017378644244,13
3.428240299224853,0.0419409871101379,55.95469665527344,0.0091311273863539,0.0063708238303661,1801.7420654296875,13
3.646831750869751,-1.0963246822357178,25.568195343017575,1.0522394180297852,2.0937225818634038,1459.139404296875,14
4.040516402986315,-1.1993501009764491,23.523991455266504,0.946007482431553,2.94885191210994,-33.62515131632486,14
3.8951679482872095,-2.229601032939958,33.79000821525668,1.9260197804297927,3.0430244104361828,211.72704626012728,14
3.672972365661904,-3.49428763212981,39.28497173168041,3.5136208975756604,2.1525753891026533,266.69265210187007,14
3.6149317894452886,-4.077730955900969,39.45752687807436,4.009343329771065,1.6494378955275923,76.12241250497325,14
3.6460392386825,-4.105982592076432,40.85497747821572,3.999173907586086,1.6367929857454182,19.653633164770817,14
3.673080144105134,-4.091666645473904,42.37862141927084,4.021235324718334,1.69281980726454,-12.490295304192424,14
3.6794576630180265,-4.07690629252681,43.37095941143272,4.039593396363435,1.7078914141949313,-16.748382050314067,14
3.6822468204262817,-4.057998527715236,44.03997308236581,4.038813432057698,1.7109772393732896,-8.694525041697943,14
3.684979107644823,-4.046912325753106,44.69384405348036,4.035276121563381,1.715287572807736,5.427820126215599,14
3.687082302423171,-4.040335843592514,45.31401881465205,4.030121508939766,1.7185469806930165,24.355888602174357,14
3.687267853889936,-4.038159511707447,45.71498138521925,4.027653814833841,1.7204887727160512,42.28642908732097,14
3.688560371045713,-4.037383521044696,46.16289237693504,4.026870444968894,1.7215242209257904,56.93592453002928,14
3.6928303639094033,-4.0318568724173085,46.56799151573652,4.020880746252743,1.722557622709392,67.64994689564645,14
3.695203784071369,-4.026861078945207,46.81743960910373,4.01445534788532,1.7235611382825875,77.4649523511345,14
3.69229566609418,-4.026297595765856,46.9415955013699,4.012071839085332,1.7213835009822138,90.1665160567672,14
3.686089512742596,-4.034084190557032,47.16999774509006,4.020002606474323,1.7125659577640486,105.01941680908202,14
3.67850422417676,-4.041113862284908,47.33887144960004,4.026445547739665,1.7015092843844566,119.49431930353612,14
3.6757617791493735,-4.042270289527045,47.491846296522354,4.026932822333442,1.695449988047282,127.99677191840276,14
3.673182487487793,-4.04417054447127,47.71797231980312,4.028726077374117,1.691089107666487,136.45511297532067,14
3.664303164423248,-4.048099941677517,47.91112838556737,4.031337690942081,1.6813539649233409,153.00043873728058,14
3.657460610071818,-4.048022994288692,47.99022476761429,4.030365263974225,1.673644396993849,166.3540010805483,14
3.656059624236307,-4.0392435391743975,48.04499972308123,4.020638348143778,1.673537314674001,173.68965073573736,14
3.651616446765853,-4.036030466173902,48.156118722609534,4.0188057923022615,1.6724366163030082,184.1609016701027,14
3.641195226598669,-4.038629249290183,48.33357987580476,4.0225685790733055,1.664727767308553,201.76428392198343,14
3.6311888091358138,-4.035022714991628,48.48786417643229,4.01890747046765,1.65711067782508,220.34168629587435,14
3.6268282024948686,-4.028835131798261,48.63410883773992,4.014050936993257,1.6533309515611625,232.65626224470725,14
3.616597135861715,-4.031832377115886,48.74745877583822,4.017868200937907,1.647452712059021,248.2573598225911,14
3.6055136580526095,-4.032676608474167,48.91944546169705,4.019898414611816,1.6398701417593309,266.57593979070214,14
3.599699550204807,-4.0254630365489446,49.234399418772,4.014511932561427,1.6338949733310275,284.20274748625576,14
3.596666759914822,-4.018543631942184,49.4480349222819,4.008931601489032,1.632282941429703,297.2690203631365,14
3.590556365472299,-4.019078922860416,49.58519441110116,4.011223707670047,1.6298180987805495,310.18920521677273,14
3.577149058565681,-4.027060708881896,49.72278759803301,4.020985138269118,1.6211042448326394,329.1809308087384,14
3.568132378436901,-4.024381937804046,49.82298780370642,4.018361259389807,1.6139950818485684,344.9437436704282,14
3.567806617713269,-4.015708146271883,49.86125103043921,4.010615702028628,1.61659179057604,348.77403428819446,14
3.559025495140641,-4.02232348183055,49.941632329681774,4.0190965982131015,1.6115206170965124,360.0347953137056,14
3.549058198928833,-4.028125921885173,50.12500847710504,4.026438766055637,1.6022235022650826,374.8193901909722,14
3.541798284024368,-4.029136372201236,50.3378438125422,4.028165717183808,1.5941350357032116,388.0546385211709,14
3.538333925200097,-4.027179406013018,50.45409821875301,4.026008029042939,1.590677418826539,395.5656919126157,14
3.5354586044947305,-4.02855568461948,50.4493202633328,4.027322627879955,1.590510321988,398.0897148980034,14
3.5240932953210526,-4.038381193890984,50.54662261774511,4.037814422889992,1.581404471103056,410.2100995852623,14
3.5197256965401733,-4.03145651758453,50.72008420214241,4.0304398713288485,1.576464565447819,420.60806462794176,14
3.518510580062866,-4.021182978594744,50.84596478497541,4.020973629421658,1.5758328526108354,429.0742549189814,14
3.5136043716360024,-4.021810631693145,50.90532905672804,4.023284114437339,1.5719284385810663,439.5095305266203,14
3.50477123554842,-4.032258139716254,51.01658550309546,4.0354685076960815,1.5625574088390963,451.84030791859567,14
3.49378686481052,-4.041207393010457,51.26059447394477,4.045034170150757,1.5501434471872118,467.6953531901041,14
3.483208356080232,-4.043807600751335,51.44676575837312,4.046577082739936,1.5385697138162306,483.9033157913773,14
3.4740853883602,-4.043158972704852,51.558323424539445,4.045427522541564,1.5295525068118248,498.4091857156636,14
3.470646955348827,-4.036839732417354,51.65868928697374,4.038961993323432,1.5244690974553423,509.1835621021412,14
3.4777614849585072,-4.026935436107494,51.691015596742986,4.029237023106328,1.5300826003522048,507.1132119261188,14
3.48087548032219,-4.026191693765146,51.84585896244756,4.030345740141692,1.53297875545643,509.0374514732832,14
3.476662247269242,-4.031359045593827,52.08064270019531,4.037308339719419,1.5273679340327229,521.2092805085358,14
3.4697454740971696,-4.036560082141264,52.233961364369335,4.042054741470902,1.5194741266745109,534.6821952160493,14
3.46329207184874,-4.039449456297321,52.24904131006311,4.043565655932015,1.5146869759500765,542.7496277608989,14
3.452317794164022,-4.039632956186931,52.40215937296549,4.044100920359294,1.504060427347819,561.2911783854165,14
3.4432856300730763,-4.036780636987569,52.53789736900801,4.041593221970547,1.4929442435135076,581.5995799877024,14
3.4390351360226856,-4.034528738186683,52.61519848858869,4.03890726890093,1.4873773669019157,594.4332380883487,14
3.4403185226299144,-4.031672283455178,52.61182975769043,4.034541606903076,1.4880473989027518,597.1590711805555,14
3.444419854952965,-4.031122543193676,52.521192244541496,4.032599278438238,1.4930407780188102,591.1768678264854,14
3.443949590494604,-4.035483065946602,52.55105174029315,4.03772814185531,1.4929721841105708,591.010418927228,14
3.438825112802011,-4.040046903822157,52.67224219993309,4.042435646057129,1.4878167752866391,599.0122884114583,14
3.431810398160676,-4.04158999890457,52.820048132060485,4.0444985848886,1.479732909320313,612.7968802746431,14
3.428454293145074,-4.0364833761144565,52.98180064448604,4.0387349776279775,1.4745200401470986,626.5034405743634,14
3.433352073033651,-4.021446704864502,53.10285059611002,4.021732224358453,1.4779967533217535,634.0748358832465,14
3.4298106064031155,-4.019955870545941,53.1911644641264,4.020215817439703,1.475381832063934,648.3915201822916,14
3.421406831270383,-4.023577074945709,53.306107179618174,4.025947323551884,1.4660875341038646,668.1725983796296,14
3.4163115289476185,-4.024147669474284,53.44635687934028,4.027232752905952,1.4595648403520938,684.0675139250578,14
3.4146124919255576,-4.023908644546697,53.5390891086908,4.026057720184326,1.4579810205801034,692.5468139648438,14
3.406271369368942,-4.0306086187009456,53.578332171028045,4.031468756404924,1.451311856140325,703.2637622974537,14
3.401348502547653,-4.028261599717317,53.64375043798376,4.027652219489768,1.445572630122856,714.4108638057002,14
3.393266324643736,-4.02996759650148,53.73446513988353,4.029826117150577,1.4378326071633234,729.6895495756172,14
3.3843230950979537,-4.031248416429684,53.85735497651277,4.03133937753277,1.4286911656827102,747.897324550299,14
3.383131424585978,-4.022961987389459,54.01060485839844,4.022174888186985,1.4250157276789348,763.3316921657986,14
3.389911223340917,-4.015543922965909,54.01370540665992,4.012700684276628,1.4303078835393177,763.7297385886864,14
3.3916834636970803,-4.017821659276515,54.05825461870359,4.015619919623858,1.433566253862263,764.6520965952932,14
3.3910038382918746,-4.021846947846589,54.06621021694608,4.018079934296785,1.4337770055841517,764.7557395652489,14
3.3900222454542,-4.024923677797671,53.989054220694086,4.019572252108727,1.433740961698838,760.9610791618442,14
3.386584795551536,-4.025687170617374,54.00361937063712,4.020763582653469,1.430159640165023,764.8169314537519,14
3.388061108412566,-4.0204521991588456,54.00622106481482,4.013757917616102,1.4307091191962913,766.3153844762732,14
3.386812369028727,-4.016862286461724,54.124419106377495,4.0108674779350375,1.429259212664616,776.5175253785686,14
3.382308062211967,-4.0154128604465065,54.28926759884681,4.009607444574804,1.4240515570581695,794.4386453510803,14
3.377744674682617,-4.015978813171387,54.37312126159668,4.009494781494141,1.4190768003463743,809.0885009765624,14
3.373794785252324,-4.017157919612932,54.43695435700593,4.010577219503897,1.4150822486406491,820.5688988956405,14
3.3708449925905395,-4.017070932152831,54.50702059710467,4.008795323195281,1.412337009553556,830.4354700159142,14
3.373140423386185,-4.010387667903194,54.54687824955693,4.000000247248897,1.4126931384757713,836.3875325520833,14
3.373235260998761,-4.010966100810487,54.58484383571295,3.999906728297104,1.413501312703262,841.6210756655092,14
3.36688584751553,-4.016675307426923,54.6522050080476,4.005837205015583,1.4081724013811276,852.93495762201,14
3.361861511513039,-4.01629442638821,54.77947143272117,4.006099859873454,1.4023353943118342,867.543766728154,14
3.3602314171967684,-4.012855612201455,54.901299794514976,4.001982423994276,1.3996042366381043,880.024708688995,14
3.3591208193037243,-4.011351008474091,55.00288720778477,3.999990032042986,1.3980628082781663,890.4808168764466,14
3.3558225631713867,-4.014188342624241,55.09195709228516,4.001632584465875,1.3955373101764257,900.5502861870659,14
3.351295004656285,-4.016700382585879,55.14217748759705,4.001501348283556,1.3912343154718847,910.5908150378568,14
3.3488893920992626,-4.015444949821189,55.14225839685511,3.99763744260058,1.3879105735708166,918.295367959105,14
3.3485895792643228,-4.014374485722295,55.08428990399396,3.99473610189226,1.3869302537706163,921.0730726453992,14
3.3483251200781927,-4.012946311338448,55.120389349666645,3.993356398594232,1.386624178768676,926.8109085648148,14
3.3459595927485712,-4.010855456929148,55.30913765047803,3.992641700638665,1.383650873914177,942.5867855872634,14
3.341507178765756,-4.012932583137795,55.48869493272569,3.994807790826868,1.3790649749614574,959.7108515986688,14
3.338276798342481,-4.014510534427784,55.593098840595765,3.994597108275802,1.3753282148161052,972.182394898968,14
3.33434792506842,-4.016063943321322,55.67675870730553,3.9966673851013184,1.3707453380396335,983.5986848054108,14
3.3294272157880997,-4.0189657476213245,55.787360933091904,3.99921817249722,1.3661317096816168,995.5173916286892,14
3.325153795289405,-4.017653924447519,55.93560098718714,3.997142594537617,1.3608317183859555,1010.2460492922936,14
3.3211842319111766,-4.0122435946523405,56.14931871861587,3.9922873620633728,1.3544478261912312,1030.138798466435,14
3.321052171565868,-4.010145946785256,56.25144591154876,3.98794636019954,1.352580194120054,1041.6299732349537,14
3.32351267632143,-4.012193812264337,56.21257546507282,3.986359566818049,1.354603824056225,1042.054967056086,14
3.3252855436301525,-4.01258768858733,56.18384467230903,3.984789471567413,1.3563849278438238,1041.7588327666858,14
3.323635127809313,-4.010169267654419,56.30321566263834,3.982795666765284,1.3540307040567752,1052.2805492259838,14
3.319322633154598,-4.012458212581682,56.419758879108194,3.9846283270988936,1.3496280084421606,1065.5967309268904,14
3.3116519907374444,-4.015492083113871,56.57195983698338,3.9894790516959295,1.3412792557551538,1083.2585735556518,14
3.3038246631622314,-4.022344907124837,56.66937255859375,3.9964889685312905,1.3332229455312097,1097.473429361979,14
3.297169405737041,-4.0300207373536665,56.69985024723006,4.002740271297502,1.3271947091008411,1105.72100604022,14
3.2915145526697605,-4.03077996218646,56.7700789651753,4.002855153731358,1.3205450037379325,1116.047777717496,14
3.291515222302189,-4.024611632029216,56.826079262627495,3.9963367603443287,1.31844668035154,1122.7231151439526,14
3.290799441160979,-4.029970504619457,56.817083005551936,3.9997696346706815,1.318808122917458,1124.0498468846451,14
3.29213727992258,-4.028440128138036,56.80419472117483,3.996889650085826,1.3195300668845942,1123.9042388539256,14
3.2925354639689126,-4.026701538651078,56.87427619651512,3.9949346118503146,1.3203367215615731,1127.8567934389466,14
3.2864190575517256,-4.033527109358046,56.95667975625874,4.001655846466253,1.3157667296904103,1137.5164222246333,14
3.28010869614872,-4.032057261761324,57.0767236403477,4.002299609007658,1.308440891312964,1150.969538182388,14
3.2758018573125205,-4.022849480311076,57.26442125108507,3.9949989318847656,1.3021088242530825,1167.7903849283853,14
3.2693561918941545,-4.025636431611614,57.41373123357325,4.000213799653229,1.2959019504947429,1183.1425585334684,14
3.261643428861359,-4.039499921563231,57.42666611848054,4.013341962555308,1.289974586463269,1189.7897075135031,14
3.2616618827537254,-4.041519853803846,57.36460155910916,4.011999094927752,1.2899551612359506,1188.2602041739003,14
3.262713940055282,-4.037373339688337,57.37417743824146,4.007497843400932,1.2909119416166237,1189.0478553301025,14
3.266498862961192,-4.031041357252333,57.41639728310668,3.9993869022086814,1.2944200818921312,1190.3336196711034,14
3.267303144490277,-4.029957674167775,57.50002853958695,3.9980243532745927,1.2968664897812738,1195.0698287398727,14
3.2591132911635032,-4.0329633583257225,57.65571292830102,4.004516424956145,1.2897148338364963,1210.6796739366318,14
3.25287695284243,-4.03185992182037,57.77353453930513,4.006900545991497,1.2832994255018824,1223.489581826292,14
3.2491270966000028,-4.02391693327162,57.93350516425239,4.000857300228543,1.279031885994805,1236.8563774956594,14
3.2435110042124617,-4.030331714653674,58.032648110095366,4.008254336722103,1.275680677390393,1247.637217580536,14
3.237405411991072,-4.037330409626902,58.04504140218099,4.016325956509437,1.2710709218625669,1253.7063997998648,14
3.232765842367101,-4.034704376150061,58.136005825466576,4.015537155999078,1.267549945248498,1261.4153012876156,14
3.226231257120768,-4.040958051328306,58.24710299644941,4.021240057768645,1.2639006067205358,1270.7605372299383,14
3.223023592689891,-4.041041377149982,58.30929584267699,4.020746522479588,1.2611480009408644,1278.31844376929,14
3.217884575879133,-4.045602692498101,58.35431289672852,4.026532438066271,1.258312781651815,1285.4262559678818,14
3.210381793387142,-4.053326933472245,58.37989263181333,4.03438334994846,1.2534187693654757,1292.743797019676,14
3.2069721104186257,-4.053772649647277,58.37519723397714,4.033156347863468,1.2513746229218847,1297.2222146870176,14
3.19713838895162,-4.048115650812785,58.489694595336914,4.030447562535604,1.242929220199585,1313.8896077473958,14
3.188881779894417,-4.034928810449294,58.59516351016951,4.023788151917635,1.2332367337780237,1331.8272298177085,14
3.18150305159298,-4.029679948900953,58.71545476089289,4.022114633042135,1.2271386797045485,1345.7895537953318,14
3.171475957941126,-4.03023859306618,58.84986778541848,4.024613468735306,1.2185712699536926,1361.4249086733216,14
3.164488364149023,-4.031413911301413,58.909882934005175,4.02651204591916,1.2119804370550462,1371.347137827932,14
3.1612288422054715,-4.024477052099911,58.954385451328605,4.021457925254916,1.207606657051746,1377.7944818190583,14
3.154051215560348,-4.026215588604963,59.04377379240813,4.024257430323848,1.2021731160305165,1386.841026023582,14
3.1412935933949035,-4.030212196303003,59.14665043206863,4.029938792004997,1.1910619853455344,1401.47752248505,14
3.1243947994561845,-4.034069602872118,59.24405618361485,4.036136741991396,1.1765156837157262,1419.2987565405574,14
3.0975776778327098,-4.042462242974176,59.33618630303277,4.047128624386257,1.1545688311258957,1443.1247151692703,14
3.0629869464003017,-4.032918494424703,59.47817216096101,4.041315543798753,1.1223501805905949,1476.2977958019865,14
3.0232607553034656,-4.026845637662911,59.66730588748131,4.038404099735213,1.0854469037350316,1507.307296187789,14
2.9777925676769685,-4.029970292691831,59.96711766278302,4.041329816535667,1.040891740057204,1526.9024635597511,14
2.926278258547371,-4.028923823509687,60.36330376142337,4.04109646950239,0.988753018555818,1539.3786696445795,14
2.8569672549212424,-4.024128183906461,60.77623739360291,4.037927774735439,0.9234886522646304,1553.7442528995466,14
2.771576333928993,-4.030907560277868,61.18565693608036,4.040483192161277,0.8471538689401428,1556.0063160083914,14
2.6706594537805644,-4.06102564011091,61.52805066991735,4.055956843458576,0.7592171732290305,1544.326789761767,14
2.5554666460296267,-4.070781654781766,61.56674721800251,4.051205729260857,0.6475746285768217,1550.9777470341432,14
2.446982449955412,-3.981029311815899,61.27218310038249,3.957562499576146,0.5209502842691219,1586.5964152018223,14
2.4055670308478083,-3.565607995162781,60.85836693092629,3.5574635429146904,0.4096078420126887,1623.1264136043592,14
3.0866820974114484,-0.101207727635354,61.27846859119557,0.1501918037732498,-0.1959926760583,1581.3255487135898,14
3.29587329758538,0.1698307085920293,60.94058948092994,-0.1439824750026098,-0.0483884578225799,1698.1061559606476,14
3.3542704022960894,0.048834215711665,59.18531090536237,-0.0219221967847354,-0.0125726728619621,1686.5608844521605,14
3.3937690346329297,0.0264483260013806,57.98695797390409,-0.0277426843014024,0.0235907881992094,1714.9071888864771,14
3.4200654162300954,0.0548982443632899,57.405937971892186,-0.0469813355141214,0.0414412983313754,1724.4932070131656,14
3.4300579377162603,0.0710526417802881,57.012458942554616,-0.0464400856031312,0.0450815990291259,1721.649845076196,14
3.4356892830059853,0.0558521541548364,56.42003655139311,-0.0280273747917863,0.0341892284283667,1743.4515124662423,14
3.4395196437835693,0.0315110087394714,55.75127410888672,0.001914435531944,0.0174944810569286,1768.4046630859375,14
3.667504787445069,-1.0584394931793213,24.892555236816406,1.0212340354919434,2.109686374664306,1404.9766845703125,15
4.0708633505779765,-1.1285197475682134,19.293474612028703,0.9336442066275554,3.009213571963103,-161.77727541716203,15
3.869589432426121,-2.3289554741071616,27.311227383820903,2.05808643154476,2.98394831367161,115.82006006655482,15
3.6341819866843847,-3.55217226691868,34.69912271914275,3.582770202470862,2.047833007314931,227.16977061396068,15
3.583677696145099,-4.040931577267855,36.25937204775603,3.986408575721409,1.5814330163209336,73.57820693306302,15
3.618915899940159,-4.068451528963835,38.122314287268594,3.9675903009331743,1.5917576240456623,10.698073179825489,15
3.656774448311847,-4.0728607177734375,40.66337568863578,3.9989634804103686,1.6768042937568997,-19.74190007085385,15
3.67241937181224,-4.074511942656144,43.02326500934103,4.030700579933498,1.7034610561702563,-11.435439897620173,15
3.673701421074245,-4.064752350682798,44.538780709971554,4.036649185678233,1.7000714955122576,16.438567617665157,15
3.6838848176209824,-4.038566485695217,45.218407838240914,4.0152288105176845,1.7092343516971753,32.118032206659734,15
3.691776638445647,-4.030333518981934,45.67724957673446,4.012156258458677,1.7246336833290432,43.87398180754289,15
3.679985139680945,-4.052538353463878,46.4045702063519,4.039855728978696,1.7114052617031594,72.64700151526408,15
3.6734227201213008,-4.055554141169009,46.85125284609588,4.042005435280178,1.6982640287150508,93.0580706389054,15
3.68015660410342,-4.041373605313509,47.063358970310375,4.025281284166419,1.7003749142522395,97.65799845819888,15
3.691857514174088,-4.027838333793309,47.30422509234885,4.011125958484152,1.7103555254314258,97.39672022280486,15
3.695906214092089,-4.027808479640795,47.62267170781674,4.011196219402811,1.7125366356061853,105.7499651701554,15
3.688230151715486,-4.037566703298817,47.81048832768979,4.019416415173074,1.7028398461963818,123.81718876050866,15
3.691256585328475,-4.0272548302360205,47.8825275586999,4.006959438323975,1.7033368919206702,130.6730313508407,15
3.681235717690509,-4.039632465528405,47.965793443762735,4.0222807345183,1.6950043906336243,145.38282245138416,15
3.670085544171541,-4.044907735741657,48.04525491465693,4.027019480000371,1.684351506440536,161.1047303572945,15
3.667353391647339,-4.031795522441035,48.10611343383789,4.013088205586309,1.6844645375790803,170.08841539465865,15
3.66118830183278,-4.025971060213835,48.18005669635275,4.008367725040602,1.681325513383617,182.76283264160156,15
3.6582410750181777,-4.009688004203465,48.036065474800445,3.990614082502282,1.6846320266308992,191.153192271357,15
3.6457130908966064,-4.015700340270996,48.08876800537109,4.00128984451294,1.680088758468628,205.4753570556641,15
3.632578424785448,-4.020631106003471,48.295992809793226,4.008714572243068,1.6664012618686843,224.2851874310037,15
3.628262519836426,-4.016762215158214,48.3563001881475,4.004731385604195,1.6613548579423325,232.1105844248896,15
3.630236646403437,-4.013578435649043,48.32511288186778,4.001931791720183,1.6646769461424455,228.7215675685717,15
3.623792451360951,-4.025751901709515,48.46776696910029,4.016458138175633,1.6613701737445334,232.88314620308256,15
3.610493856927623,-4.037234534388003,48.77774031265922,4.028619621110999,1.6497466719668843,250.04263902747107,15
3.5994464314502217,-4.034535200699516,49.06333939925484,4.024494772372038,1.638281594152036,271.6022153108016,15
3.595299181730851,-4.02511043133943,49.19539741847826,4.014799076577892,1.6351313331852788,285.0574951171875,15
3.5921871351159136,-4.023559591044551,49.30696338155995,4.015119780664858,1.6337461264237114,294.2804114300272,15
3.580158264740654,-4.032515836798626,49.48836036350416,4.025773317917533,1.625616431236267,311.83852751358694,15
3.5622262954711914,-4.041056467139202,49.7347704016644,4.035511742467466,1.6101257230924524,338.4922564962636,15
3.5445574988489565,-4.044795036315918,50.04025533924932,4.040597127831501,1.592315927795742,367.6441278872282,15
3.531430897505387,-4.044238671012547,50.31213329149329,4.040512395941692,1.5790977892668352,390.7505307404891,15
3.523201465606689,-4.036729937014372,50.25725837375807,4.031162365623143,1.5766224912975146,402.2310313349185,15
3.517330605050792,-4.033951697142228,50.02603414784307,4.028907506362252,1.5769549400910088,406.0752271569294,15
3.515530897223431,-4.033695117287014,49.97974594779637,4.030121077661929,1.578084515488666,406.025247325068,15
3.514883176140163,-4.033508197120998,50.16600119549295,4.031512695810069,1.5764603303826374,409.96027407438856,15
3.511058175045511,-4.038408051366392,50.34630120318869,4.036381244659424,1.5709273607834526,418.1280039911685,15
3.5160581547281016,-4.031603750975235,50.43170945540719,4.028759396594504,1.5752437477526458,415.9817319123641,15
3.509924940440966,-4.037814679353134,50.52205807229747,4.036062655241593,1.572059636530669,423.5757048233695,15
3.5009155584418257,-4.0402862300043525,50.657528752866,4.038768789042598,1.562897210535796,438.24457583220106,15
3.4992792399033257,-4.034076856530231,50.7528134221616,4.033050806626029,1.559031377667966,446.474657141644,15
3.500379966652912,-4.035873247229534,50.77845880259638,4.035875216774318,1.5601072466891746,446.1688710088315,15
3.489626169204712,-4.044371128082275,51.10975646972656,4.045869827270508,1.549209713935852,463.07666015625,15
3.4956830791805102,-4.028010617131772,51.10976725039275,4.026616220888884,1.5513678115347156,464.3581489894702,15
3.498772216879803,-4.027422345202902,51.04238045733908,4.027543627697488,1.5599129251811816,458.9944166100543,15
3.4871885050898013,-4.032483785048775,51.32583054252293,4.035138710685398,1.5481151342391968,479.8885975713315,15
3.47614950719087,-4.029951696810515,51.65858758014181,4.033891532732093,1.5326710732086846,507.3427999745244,15
3.4731403848399287,-4.027309334796408,51.72682272869608,4.031071455582328,1.526676198710566,519.7038839588995,15
3.471896057543548,-4.033338132111923,51.79707021298616,4.03862422445546,1.5246206573818042,522.9458167034646,15
3.473013691280199,-4.036250010780666,51.96894952525263,4.0417057534922725,1.5231621680052383,524.4793860394021,15
3.4759587826936142,-4.036457372748333,52.1006962320079,4.041820152946141,1.5243855870288352,523.3027768342391,15
3.473885432533596,-4.042803743611211,52.21049947324006,4.048110650933308,1.5216771882513296,525.884425951087,15
3.474058140879092,-4.03882882906043,52.312930231509,4.042533045229704,1.5224461918291838,527.4690631368886,15
3.4697412615237027,-4.036185762156611,52.40201469089674,4.041026426398235,1.5184386139330657,537.2648766559104,15
3.46268455878548,-4.036056394162386,52.49436934097953,4.040946089703104,1.51105535030365,552.0472942849864,15
3.458711116210274,-4.032574093860129,52.56206529036812,4.037848514059315,1.5068426702333533,563.4576256793478,15
3.4508804860322373,-4.034050132917321,52.79851216855256,4.042294004689092,1.49713222876839,583.5739533797555,15
3.443029579908952,-4.034628681514574,52.96625535384469,4.041238950646442,1.4894673772480176,601.6625127377717,15
3.43817953441454,-4.029368981071141,53.117045029349946,4.036789707515551,1.4827902472537495,619.1375201681385,15
3.431453497513481,-4.029586232226828,53.299713134765625,4.037708261738652,1.4754591454630313,638.4394584324049,15
3.4237987269525942,-4.033177645310111,53.33253628274669,4.03895436162534,1.4690109128537383,651.3884542713994,15
3.423598880353181,-4.02397288446841,53.4163934458857,4.028256084607995,1.4669572270434836,661.4545739215353,15
3.4249156247014585,-4.025855810745902,53.19359605208688,4.027127348858377,1.4691837870556377,656.107570482337,15
3.417667171229487,-4.0387876966725225,53.17498248556386,4.042538808739703,1.4654652139414912,657.6976212211276,15
3.4074959547623345,-4.0325892489889394,53.638096353282094,4.039302701535433,1.4521721083184949,688.1785729449726,15
3.40490198135376,-4.013832092285156,54.0525016784668,4.019273281097412,1.4456948041915894,721.634765625,15
3.395715723867002,-4.019813890042513,54.07269685164742,4.02233248171599,1.437661295351775,742.6882218070651,15
3.3934653116309126,-4.02271322582079,53.87812888103983,4.02283239364624,1.4351918386376423,743.2068932574729,15
3.388564783593883,-4.030704270238462,53.83632311613663,4.029774893885073,1.4343541808750315,743.0285113790761,15
3.3855608131574546,-4.0232905304950215,53.93973972486413,4.020046296327011,1.4289190354554548,755.068311608356,15
3.3945247505022134,-4.010094725567361,53.95550155639648,4.005269631095555,1.4349743801614512,755.6794115149456,15
3.3905056248540464,-4.015765646229619,54.08611745419709,4.012542952661929,1.4331353747326394,767.8509839928669,15
3.391256601914116,-4.011260903399924,54.1795128532078,4.00653830818508,1.4318447268527488,777.2424953294836,15
3.391837980436242,-4.011050348696501,54.22035698268724,4.005162280538808,1.4330563234246296,781.85863727072,15
3.3853861767312754,-4.01699860199638,54.25590763921323,4.011172211688498,1.4276587496633115,791.7865786345109,15
3.3770152485888936,-4.02298174733701,54.25811833920686,4.0175345669622,1.4195769455121912,801.6069017493206,15
3.375516041465428,-4.025875008624533,54.0554253951363,4.017653548199197,1.418636099151943,794.1270115064538,15
3.3746560863826587,-4.025329030078391,54.085112861965015,4.017745764359184,1.4187649643939475,793.971143639606,15
3.369401517121688,-4.021851664004118,54.36269279148267,4.014777204264766,1.4128248017767202,814.694479237432,15
3.362165876056837,-4.01935457146686,54.59132169640582,4.011780096137006,1.4041559022405874,840.7385306980296,15
3.357002341228983,-4.015548623126486,54.81014566836149,4.009172335914943,1.3972091311993806,865.6048159391981,15
3.357535631760307,-4.0132598876953125,54.86354197626529,4.001928619716479,1.3975256266801257,875.1613132642664,15
3.361611117487368,-4.007389047871465,54.85831733371901,3.995096776796424,1.3997070582016655,878.1985022503396,15
3.3626353844352392,-4.007965523263683,54.93117340751317,3.996891229049019,1.4014921551165374,883.1581288213315,15
3.3618651369343637,-4.010419907777206,54.9860667353091,3.9997997698576553,1.400692924209263,887.5731254245924,15
3.362598750902259,-4.015367590862772,54.9231539187224,4.005818138951841,1.4024533499842105,881.4988721764606,15
3.3493130725363027,-4.032160033350405,55.01977638576341,4.0259063969487725,1.3940251029056052,889.2680717136548,15
3.3462383539780327,-4.02646135247272,55.11344594540803,4.017016348631485,1.3879579305648804,897.1934177564538,15
3.3521177768707275,-4.01154375076294,55.19973373413086,4.000135898590088,1.390891671180725,902.1563720703124,15
3.349580090978871,-4.009475065314251,55.35853676173998,3.9995058723117993,1.3876460842464282,918.7465714164402,15
3.344758158144744,-4.02157447649085,55.26622888316279,4.010619039120882,1.3848836266476174,920.0629697053328,15
3.3419008462325386,-4.023312755253004,55.27149780936863,4.0130398999089785,1.382804502611575,921.9775655995244,15
3.340308199758115,-4.022685113160507,55.35442484980044,4.011132385419763,1.3814291383909143,927.44177511464,15
3.344840588776961,-4.014325141906738,55.37144138502038,4.0001897189928135,1.3832012985063635,928.8925648564878,15
3.3524571709010917,-4.0060250033503,55.40272273188052,3.991665715756624,1.3897271570952043,927.5586282481318,15
3.3412046743475874,-4.022364865178647,55.52926619156547,4.010062922602114,1.3826279018236245,942.0790856402851,15
3.3288990621981416,-4.030809112217115,55.65234059872834,4.018726929374363,1.3704625679099045,960.3693343452784,15
3.3208147546519404,-4.030514198800792,55.77951132732889,4.017368358114491,1.3612072571464209,978.0993041992184,15
3.319534270659737,-4.021217201067054,55.91866816645084,4.004331941189973,1.3571522339530613,994.7446793265964,15
3.3271847393201743,-4.0027879839358125,56.0236463132112,3.980897768684056,1.3602958917617798,1007.0324202827784,15
3.333313693170962,-3.9947331055350928,56.09963790230129,3.971774619558583,1.3641485960587212,1017.1356970745584,15
3.3318881781204888,-4.002098829849906,56.18525165060292,3.9785451992698335,1.364002165587052,1028.0671439792798,15
3.326966524124145,-4.008502815080726,56.296990270199984,3.982935770698216,1.3595712962357895,1041.9805430536685,15
3.325168765109518,-4.005139931388523,56.36848333607549,3.978191665981127,1.354846731476162,1055.0132419752038,15
3.3282947540283203,-4.003081860749618,56.349878228229024,3.975414213926896,1.356582294339719,1057.0948433254075,15
3.3272746023924453,-4.00195424453072,56.477240023405656,3.973973346793133,1.355715730915899,1066.8514722741168,15
3.3184060635774038,-4.009441355000371,56.65779876708984,3.983844808910204,1.3469951567442522,1085.2059644616168,15
3.3109272459278936,-4.0159822132276455,56.75608162257982,3.989436781924704,1.3386967285819675,1098.9963644276495,15
3.312710274820742,-4.012883165608281,56.71769050929858,3.983055529387101,1.3384383450383726,1100.3985701851225,15
3.319551550823709,-4.008501612621805,56.61560174693232,3.975910829461139,1.3443227073420647,1092.9637026579485,15
3.320365117943805,-4.013493351314379,56.57219978000807,3.9798635503520137,1.347048925316852,1089.8721552309785,15
3.309542417526245,-4.024329662322998,56.69712448120117,3.993488073348999,1.3387125730514526,1102.70654296875,15
3.3012846760127856,-4.016449140465778,56.91767866715141,3.987056286438652,1.3271199775778728,1124.018501613451,15
3.298872875130695,-4.005972240282142,57.11089308365531,3.977985890015312,1.322552898655767,1141.8136463994565,15
3.284317358680393,-4.027139290519383,57.18313681561014,4.000505882760753,1.3109859642775163,1157.722305961277,15
3.2820307482843813,-4.022892951965332,57.170322749925695,3.994943276695584,1.3057601244553276,1163.2468049422555,15
3.2812139365984048,-4.027040854744289,57.13765086298404,3.99678287298783,1.3062416574229363,1163.3905453889267,15
3.2773004925769307,-4.0327046643132745,57.12904308153235,4.001470876776653,1.3033643857292507,1165.967529296875,15
3.272925739702971,-4.028226665828539,57.25320368227752,3.99863426581673,1.2980794440145078,1176.179347826087,15
3.2686640697976816,-4.016719175421673,57.49302109428074,3.99028408009073,1.2917284084402998,1194.0528458305023,15
3.26397647028384,-4.02735073670097,57.55653530618419,4.000051871589992,1.2888813018798828,1202.4971340013587,15
3.262479429659636,-4.035180547963018,57.4628033845321,4.003860452900762,1.289010307063227,1201.2191268257473,15
3.259227483168892,-4.034467489823051,57.42817190419073,4.003336947897206,1.2869174480438232,1203.8976360818615,15
3.249590013338172,-4.031839681708294,57.5856701394786,4.005810530289359,1.276994922886724,1220.4169497282608,15
3.2479242345561152,-4.02506102686343,57.68246260933254,4.000031429788341,1.274169745652572,1229.9758937669835,15
3.24825962730076,-4.018823146820068,57.78915770157524,3.994187956270964,1.274333295614823,1237.159466287364,15
3.24318756227908,-4.008084649625032,58.031967328942336,3.988415759542714,1.2688725927601692,1254.473908797554,15
3.230984521948773,-4.02048220841781,58.26221383136252,4.004923913789832,1.260368113932402,1274.398533033288,15
3.218732336293096,-4.054154209468676,58.1951497948688,4.035817643870479,1.2542574198349663,1276.4752781080165,15
3.2084525875423267,-4.0563296649767,58.22181685074516,4.037494389907174,1.2452837125114773,1285.6864066745925,15
3.201102743978086,-4.048014848128609,58.29125097523565,4.031114495318869,1.2384272554646367,1298.448772927989,15
3.1935301863628887,-4.031494451605756,58.46135943868886,4.019368627797003,1.2313689667245618,1316.746767790421,15
3.180562993754512,-4.013941308726436,58.77400522646696,4.007810219474461,1.220371292985004,1346.0338506283963,15
3.1629148980845576,-4.011411003444506,59.07339477539063,4.009020618770434,1.205883756927822,1377.8914529551632,15
3.152873277664185,-4.03113317489624,59.110984802246094,4.0276947021484375,1.1999980211257937,1388.8553466796875,15
3.1370683545651645,-4.045249876768692,59.1108920885169,4.043647268544072,1.1892763583556465,1400.0437542459238,15
3.1140054412510088,-4.053146300108536,59.13163359268852,4.052204525989035,1.1714488734369697,1419.2626316236413,15
3.0896331331004268,-4.049765524656876,59.11814449144446,4.0523359049921455,1.150446503058724,1438.6955354110053,15
3.067146322001582,-4.037382436835248,59.13549025162406,4.046557343524436,1.1290964924770854,1457.038759977921,15
3.050347784291143,-4.0172466609788975,59.21753593113112,4.030636828878651,1.111632792846016,1473.9109788977582,15
3.036966199460237,-4.005260550457498,59.32908845984417,4.0200076517851455,1.0992228466531504,1486.568163001019,15
3.0186133695685347,-4.009131307187288,59.494697404944375,4.023247677346935,1.0838232714196911,1499.0464079483695,15
2.9850861715233847,-4.018055998760721,59.773405987283454,4.032964747884999,1.0520912719809494,1517.522307022758,15
2.9302897038667104,-4.0232730326445205,60.20664331187372,4.037045665409254,0.9976851551429092,1538.4096255095103,15
2.849166548770408,-4.011194705963135,60.687757574993626,4.02039677163829,0.9196906893149678,1565.1398341966708,15
2.7489022897637407,-4.011297723521357,61.20078509786855,4.008553256159243,0.8274383259856181,1575.983297596807,15
2.632826960605124,-4.014811163363249,61.63781622181768,3.996102001356042,0.7150018966716271,1573.277248216712,15
2.5071798303852915,-4.00462239721547,61.58298641702403,3.98258201972298,0.5863476810248007,1583.5677808678668,15
2.40187112144802,-3.978068693824437,60.99613886294159,3.95984779233518,0.4794887291348506,1590.8471679687498,15
2.3822604573291266,-3.4449032285939256,60.38542341149372,3.4454260494398192,0.3831636840882523,1627.0493960173228,15
3.0544293548749746,-0.1255644197049656,61.08187949139138,0.176963375962329,-0.1818051172987212,1596.8531494140611,15
3.285454345786053,0.1803214524103246,60.92816875291907,-0.142523187658061,-0.0510449415963627,1712.6661005434785,15
3.3609796192335044,0.0515440417372663,58.81789464535921,-0.0129539435729385,-0.0146253839459109,1658.2271356997285,15
3.4080562384232227,0.0222611782829398,57.45064146622368,-0.0179509168247811,0.012311116022908,1668.5876305621605,15
3.4434843270674995,0.042901383793872,56.79417104306429,-0.0430507449352222,0.0323262002481065,1690.498338782269,15
3.4539245522540547,0.0643286316291145,56.47736889383068,-0.0402473311709322,0.0450940904733926,1694.0047076681385,15
3.45873206594716,0.0538413654202999,56.03827965777853,-0.027171236746337,0.0453469230105047,1719.188089121943,15
3.464895725250244,0.0288473982363939,55.34954833984375,-0.004431074950844,0.0268567018210887,1751.4918212890625,15
3.671295166015625,-0.9965234398841858,25.081632614135746,0.958053469657898,2.062580347061157,1423.7567138671875,16
4.072036616596175,-1.0433538644402114,20.97038283171477,0.6809045650340891,2.8991989530163047,-85.58661482069228,16
3.841328076374384,-2.5460061556027256,31.30562431429639,2.126615936373487,2.93591735392441,232.1414237316743,16
3.6299685548852993,-3.674832767910427,37.93352360195584,3.6959809506380994,2.0244039694468183,305.7179455227323,16
3.601329132362648,-4.108698962647238,38.59871659455476,4.044686965000483,1.579524263923551,87.75649242636601,16
3.652148199670109,-4.100625576796355,40.66209183210208,3.981046782599555,1.612200211595606,16.524676428900836,16
3.700851670017949,-4.073706997765435,43.0145817509404,3.988245654989172,1.7125012477238972,-23.40271660133643,16
3.712732647672112,-4.074049514016988,44.39947611019935,4.023653421872928,1.7389918609901711,-23.90136252509223,16
3.714977176101119,-4.06263902452257,45.28963051313235,4.033385959672339,1.741432582890546,-7.7607037285227936,16
3.71079338921441,-4.057164748509725,46.10204399956597,4.040553596284655,1.736848447057936,20.510285695393843,16
3.7018945099395,-4.053939589747676,46.75703237086167,4.041967780501754,1.7221806152367298,55.01931211683484,16
3.6982420182522433,-4.045120580696765,47.005530910727416,4.031881226433648,1.7157634776315571,77.16595619107471,16
3.6943671261822737,-4.044190424459952,47.25074570267289,4.030771008244267,1.7112267767941511,94.01451139096858,16
3.690073431274037,-4.043733258306244,47.48513113422158,4.029321770609161,1.7051841138321675,109.46767858811366,16
3.683460936134244,-4.044303635020315,47.67100604963891,4.028464970765291,1.6982801137147123,125.67056217900029,16
3.676794440658004,-4.042185765725595,47.80520530983254,4.025114041787607,1.6910667772646304,141.51190355088974,16
3.674134675367379,-4.037258524953583,47.87096574571397,4.020145104255206,1.6882753489929954,151.04801451129677,16
3.670700192451477,-4.031352743690396,47.95127498956374,4.014198529867478,1.6879297487529707,160.3505936610846,16
3.667569213443332,-4.024552451239692,47.95670360989041,4.007876078287761,1.6873583528730605,168.79219733344183,16
3.6641869015163846,-4.020678758621216,47.9783162717466,4.004910869362914,1.688021855589784,175.0924661895375,16
3.661263309879068,-4.014538170378885,48.121757931179474,4.000274858356994,1.6886692017684748,182.38840230305988,16
3.655510672816524,-4.017372175499245,48.45570189864547,4.006785922580296,1.6817196276452806,194.85488043891056,16
3.649114750049733,-4.020348637192337,48.7186255749361,4.010605347009353,1.6733127155421692,207.734721807786,16
3.647247879593461,-4.016240446655838,48.80889767776301,4.005588263641169,1.671610936706449,213.4503009937428,16
3.643797494747021,-4.017874293857151,48.80649411236799,4.007687233112477,1.6716949189150776,216.93915190520107,16
3.629126016004586,-4.033940041506732,48.80539540891294,4.024587907908876,1.661123682687312,230.22262403700088,16
3.615030942139802,-4.041951738757851,48.85568811864029,4.031688083837062,1.6497633574921409,244.7988388626664,16
3.6096951166788735,-4.03548248608907,48.851893742879234,4.023212671279907,1.6461180448532104,252.54737854003903,16
3.6028772872171286,-4.035489258942781,48.93577834706248,4.024147816646246,1.643356576377963,262.34398961950234,16
3.595433675212625,-4.034325552575382,49.16427699430489,4.024001404091164,1.6358711344224437,278.7818829571759,16
3.5965474093401872,-4.026010036468506,49.356712341308594,4.016974378515173,1.6362355373523854,286.2368344907407,16
3.580989379941681,-4.043550370651999,49.537257535958,4.036625311698443,1.6233560376697116,307.38326837987074,16
3.5751723566173035,-4.0397987247985085,49.66809779037664,4.031110298486404,1.6173747365857347,319.7991822796103,16
3.572175939877828,-4.031376821023446,49.81567856117531,4.023806598451403,1.6187652857215316,328.1214644820601,16
3.5577165903868497,-4.033619180137729,50.00573203004437,4.027488708496094,1.6075100354206415,352.43263376494986,16
3.5449218102443365,-4.035121040579713,50.06043118606379,4.029612061418133,1.597369428034182,372.26023431471833,16
3.5247863398657904,-4.04135274887085,50.15716086493598,4.036930878957112,1.582916047837999,397.7685546874999,16
3.5144667757882013,-4.0330433168529,50.294423327033904,4.030105116926594,1.5727171066366596,417.3200796621817,16
3.5143174977950107,-4.022482807253614,50.42901587780611,4.0212152563495405,1.5724381591066905,424.5959457585841,16
3.510801196098328,-4.024176765371252,50.50074506689001,4.0241626456931785,1.5714103844430711,431.2679918077257,16
3.499364114102022,-4.033240906986189,50.6600084187072,4.034346615826642,1.561250019956518,446.82408160927855,16
3.4970427251156466,-4.02778254614936,50.76674136409053,4.0280788739522295,1.557564235763785,454.93275734230326,16
3.4977961028063738,-4.023947574474193,50.83677277741609,4.025107383728027,1.5585861250206277,457.823083948206,16
3.495693632114081,-4.0252037607593305,50.96528839770659,4.026969824308231,1.5564825188966445,464.19665828751926,16
3.494435849013152,-4.021778295069565,51.11842661728094,4.0239202240367,1.5544361700246363,472.1544626494984,16
3.49511194229126,-4.0189837084876165,51.29029888576931,4.022465652889675,1.552601032786899,479.2236870659722,16
3.493419835596909,-4.019635500731291,51.47258833896967,4.023426008813175,1.550389438499639,487.59159794560185,16
3.4859996209909885,-4.024174990477385,51.55456797281901,4.027803512267124,1.5438853274157018,499.7958750783661,16
3.4771687984466557,-4.028892269840947,51.567413330078125,4.0322950681050616,1.535222225719028,511.9504032841435,16
3.477651959584083,-4.023414900273453,51.68438026051462,4.027117523146265,1.53280195262697,517.4184623058932,16
3.478829407397612,-4.023472550474567,51.64834768978166,4.026058773935577,1.5344684374185256,516.4975857204861,16
3.4801344562459877,-4.024045379073532,51.66311892756709,4.02645519927696,1.5367734675054197,514.7441880967882,16
3.477775938716936,-4.023016594074391,51.88904948293427,4.02661453647378,1.5331038987195051,524.1066276644483,16
3.4679921674139704,-4.026402340994941,52.139467310022425,4.030631130124315,1.520782935766526,545.700281213831,16
3.4564319451649985,-4.03681214650472,52.07767740885416,4.040450572967529,1.5097076495488486,558.3647867838541,16
3.446417228675183,-4.045569034270298,52.18118293197067,4.05012473942321,1.4993026087313523,568.9269416714892,16
3.4457977289035,-4.037797109580334,52.38921619933328,4.040526802157179,1.495092848200857,577.5891505111882,16
3.4527982473373413,-4.024070695594505,52.48101728933829,4.024957497914632,1.5005104100262676,578.9711100260416,16
3.4563861128724653,-4.020293718502845,52.52878419852552,4.021921693542857,1.5043306645051933,581.5307300708912,16
3.448753480558042,-4.030012828332406,52.71080391495316,4.035125688270286,1.496252243165617,596.6030921465085,16
3.4404940605163574,-4.033281520560935,52.96607801649306,4.038605177844012,1.486820967109115,615.4987295645253,16
3.436557428336438,-4.02709534433153,53.16461108643332,4.031688378180987,1.4807635104214705,632.5296065719039,16
3.4355412589179144,-4.021669688048186,53.26059138922044,4.026054370550462,1.4780536257190469,644.2675540123457,16
3.4346981710857816,-4.024704403347439,53.23255602518717,4.029184420903524,1.477599514855279,647.0003187391493,16
3.430215500019215,-4.034933696558446,53.15136728169006,4.038763411251115,1.4754577654379386,645.2427209924768,16
3.4249016355585167,-4.040855310581349,53.13577279926818,4.043611187993744,1.4713713298609228,645.5202086648824,16
3.423009430920636,-4.037159584186695,53.17174106174045,4.038615844867848,1.4682945057197854,648.8256383825232,16
3.4252611531151667,-4.029812212343569,53.21577194590628,4.030412523834793,1.469442277778814,651.2481486002604,16
3.42754136485818,-4.022552089926637,53.33298332308546,4.023713606375235,1.4707582924101088,657.9764976972415,16
3.422767299192923,-4.023638416219641,53.52396096123589,4.027560198748553,1.46553553475274,674.6986287434894,16
3.416015801606355,-4.023784360767882,53.75157127851321,4.028552273173391,1.4583327034373343,695.5206178264852,16
3.411043302512464,-4.0188390384485695,53.96196685602636,4.0241968955522704,1.451802013096986,716.5904669114101,16
3.4035028881496854,-4.019340991973877,54.163651360405815,4.02503580517239,1.444839013947381,738.5399983723956,16
3.391380496966986,-4.023043243973343,54.281273782989125,4.025122036168605,1.4343721623773928,761.4332750108506,16
3.3983605408374173,-4.006802246894366,54.13755402741609,4.003092283084069,1.436554315649433,761.2558051215278,16
3.404730951344525,-4.006937653930099,53.97367463288484,4.0030472543504505,1.444555472444605,751.1707921911169,16
3.39988116276117,-4.019190888345977,53.943997465533975,4.016314565399546,1.4427805049919789,751.3434727044753,16
3.393230046755002,-4.0259294392150125,53.95093545795959,4.022259774031462,1.4374779087525826,755.4514288254726,16
3.386355497218944,-4.02456521987915,54.11613859953704,4.022936820983887,1.4292832083172269,771.0465992115161,16
3.3827746753339416,-4.022707868505408,54.20034493340386,4.019624651214223,1.4247820149233312,782.5573406454957,16
3.377830072685524,-4.023454477757584,54.29308870103624,4.019122494591607,1.421168197820216,794.313919632523,16
3.369085907936096,-4.022218704223633,54.47810935974121,4.017277717590332,1.4118752479553225,817.5111083984373,16
3.3613355218628307,-4.023843818240696,54.51338619656033,4.0168350831961925,1.4041099386450684,833.6185287663966,16
3.3577275894306324,-4.019172659626713,54.62041320329831,4.010907093683879,1.39951033356749,849.6971224561147,16
3.355617161150332,-4.013885091852258,54.789780652081525,4.003901375664605,1.396449468753956,868.4083251953123,16
3.356769761921447,-4.008170157303045,54.88048805425196,3.99520750693333,1.395707349718353,881.8553361304012,16
3.36280232299993,-4.001968313146521,54.88158492100092,3.986427869325803,1.4002216068314917,884.6666674201871,16
3.369825314592432,-3.993797077072992,54.98684438069662,3.97849225114893,1.40561447540919,889.664392541956,16
3.371624231338501,-3.999565377647494,55.01100441261574,3.98344385182416,1.408635573622621,891.218275282118,16
3.369604406533418,-4.006622838385312,55.010489852340136,3.9915752440323065,1.4073403624840726,892.5235158661264,16
3.364569001727634,-4.0116963386535645,55.09855736626519,3.998698419994778,1.4030254549450345,899.7587890624999,16
3.358494194937341,-4.01406478587492,55.22860206792384,4.001757083115755,1.396855186533045,911.7472797911844,16
3.35543527720887,-4.01346097169099,55.30342229207357,4.000295886286983,1.3929789434244604,920.5212560583044,16
3.352711942460802,-4.015032114805998,55.32892693413629,4.000727927243268,1.3903739893877949,926.203499122902,16
3.3468423507831715,-4.020027525630998,55.368331296944326,4.005486641401126,1.3856530130645377,934.1907619900172,16
3.339917247678027,-4.023801877174848,55.42069903715157,4.008068691065282,1.3791549065966666,944.6753291377314,16
3.3377801842159696,-4.021540641784668,55.422127617730034,4.00273898795799,1.3762054134298254,950.8965974030672,16
3.339988146299197,-4.012741921860495,55.47853323854046,3.9926564987794855,1.376311445677722,958.396858497902,16
3.3391649605315408,-4.008574709480191,55.64459482828776,3.9898359893280784,1.374760236269162,973.2774266372492,16
3.3347022268507214,-4.012229204177856,55.80900446573893,3.993708544307285,1.370545552836524,989.5765753851996,16
3.332025819354587,-4.014084986698481,55.88911259027175,3.9938250176700554,1.3671374026639962,999.8847068504052,16
3.333776818381416,-4.007624652650621,55.99204856966748,3.9860543689610046,1.3668843493049527,1008.623917567877,16
3.3275197170398854,-4.017346505765562,56.06627217045537,3.994534103958695,1.3624051765159326,1019.9568639684604,16
3.3213905699459123,-4.021479959841128,56.10166434299799,3.998094778002044,1.3554349858083845,1030.653906551408,16
3.318061054488759,-4.019706178594519,56.18497481169524,3.995784123738607,1.3512098436002378,1041.3293426890432,16
3.3145700648978904,-4.014761915913335,56.36853288721155,3.991371410864371,1.3462200738765575,1058.1163126627605,16
3.306632227367825,-4.013851089242064,56.62751996075666,3.9924817085266113,1.3367336561650405,1081.9760561342594,16
3.3028868510399336,-4.017900770093188,56.72759331597222,3.993847224447462,1.3318780027789834,1095.0062353817032,16
3.2972850799560547,-4.024219195048015,56.79147974650065,3.9993839263916016,1.3265039126078289,1105.3681233723958,16
3.291022884992905,-4.0276588451715165,56.86788575443221,4.001991154235086,1.3192047042611206,1117.302222734616,16
3.292731585326018,-4.025375242586489,56.83786467563959,3.996217136029844,1.3197366926405163,1118.9085256317514,16
3.2973272094020136,-4.0168194947419344,56.85529108400698,3.985672390019452,1.3230076101091173,1120.7591756184895,16
3.29570891239025,-4.017018518330138,56.9513478220245,3.986629927599872,1.321962422794766,1129.6306604456015,16
3.292791506390513,-4.024254430959254,56.9601963184498,3.992679712213116,1.319722483923406,1135.17485517337,16
3.290713575151232,-4.032492178457755,56.86881468031142,3.99855899810791,1.3195103406906128,1133.4011320891204,16
3.2859637560667814,-4.034266928095876,56.8866616708261,4.000057104193134,1.31538071161435,1139.2737924081307,16
3.2878627011805404,-4.023657598613221,56.90659544203017,3.987880544897951,1.3155820472740831,1144.1606912495176,16
3.2861764828364053,-4.019377549489339,56.99204995897081,3.985722674263848,1.313873291015625,1153.6566229926216,16
3.281608384332539,-4.015279875861274,57.15938299673575,3.985505192368119,1.307787768634749,1168.8225188078704,16
3.2765902869495345,-4.014329021359667,57.35915567845474,3.987681471271279,1.3020150484862152,1183.98338186005,16
3.2678479265283658,-4.025038666195339,57.50370732060185,3.999161084493001,1.2943805058797202,1197.0011348017938,16
3.261352645026313,-4.029836428018264,57.57566122361171,4.00318486896562,1.287582536538442,1206.6997665593651,16
3.2612177413186907,-4.021768705344495,57.59599662121431,3.995442025455428,1.2850246650201302,1211.7586820625963,16
3.2623646082701505,-4.014650715721978,57.66726599799262,3.9881007141537137,1.2861074341668024,1216.5836701569733,16
3.261153962877062,-4.011699093712701,57.76036415571048,3.9852546291586792,1.2849814155955372,1225.2683241102432,16
3.2623365926153864,-4.0180101983341165,57.67122341674051,3.989472920511976,1.287593145429352,1222.7488350573883,16
3.2599600421057806,-4.025892310672336,57.60880661010742,3.9978746308220754,1.2869318591223824,1220.7233072916667,16
3.254557830316049,-4.032925070067982,57.64442917152687,4.004291469668165,1.2835928996404014,1224.832238468123,16
3.247362746132745,-4.038965019178979,57.69484154972029,4.0111835915365335,1.2778535889990537,1232.4797845534335,16
3.2382968884927257,-4.046367124274925,57.73292039941858,4.01970648765564,1.2704193901132654,1240.4322328920716,16
3.2360074932192577,-4.032787358319318,57.833276395444514,4.006986453209394,1.2661692787099768,1250.8200065706983,16
3.2358340466464006,-4.014285102302646,58.00081545040931,3.993295963899589,1.2638736448170227,1263.8239836516204,16
3.232271167967055,-4.016239007314046,58.16111840142144,3.998226536644829,1.26278668862802,1274.3011429398148,16
3.2250138727235207,-4.030983712938097,58.26888939186379,4.01313426465164,1.2596891905054637,1281.1913082923418,16
3.2156274112654324,-4.039320769133391,58.40053501835576,4.022249074629795,1.252671383045338,1292.7911678361304,16
3.207446853319804,-4.045069456100464,58.472153981526695,4.028705358505249,1.246389349301656,1303.2974853515625,16
3.198030604256524,-4.051356692373017,58.50660371191707,4.036554872253794,1.239810715486974,1312.907859519676,16
3.1902813366901728,-4.04896609282788,58.546707341700426,4.0345931847890215,1.2333185098789357,1323.1597742151332,16
3.1865997226149947,-4.033916473388672,58.63502912168149,4.021451208326552,1.2287764505103784,1335.2024287471063,16
3.1803387697832086,-4.020309042047571,58.79983624116874,4.012650012969971,1.2225018563093963,1352.7762609411168,16
3.16966219301577,-4.03088805704941,58.891222730095,4.025822845506079,1.2160424523883395,1366.257949640721,16
3.1564398694921425,-4.0385218196445045,58.94418243125633,4.035492676275748,1.205736846835525,1379.023582175926,16
3.1455348862542047,-4.034686035580105,58.99218377949279,4.03351996857443,1.1950919245496208,1391.775245949074,16
3.138724076895066,-4.027629831690847,59.04911253187392,4.02761110553035,1.1885530632219197,1400.8624584056713,16
3.1176652378506136,-4.025570233662923,59.228822496202255,4.028508875105116,1.1705880827373931,1426.2954237196177,16
3.092186436241056,-4.021861670929709,59.38960065959412,4.027926224249381,1.1471493141150773,1455.7039041401424,16
3.0612679499166986,-4.02388659229985,59.515225539972754,4.0348434860323685,1.120867763036563,1483.306768723476,16
3.025659662705881,-4.026785815203631,59.63314784014666,4.04166046778361,1.0893418126636083,1506.8113878038191,16
2.991783345187152,-4.033697687549355,59.82639129073532,4.048639609489912,1.0568765004475913,1516.71630859375,16
2.948922043965186,-4.060204479429457,60.0990616598247,4.073280057789367,1.0167754903251742,1516.804086190683,16
2.90090243904679,-4.051444830717864,60.42832635950158,4.066560003492568,0.965305780922926,1522.9050880714697,16
2.83495025428725,-4.048321479632531,60.80752565831313,4.064293263870993,0.90229720465931,1533.440657250675,16
2.7433999762123022,-4.064884085714081,61.17896873568311,4.074146553322121,0.8179256570192042,1537.2899878231096,16
2.640212721294828,-4.061336543824938,61.474725511338974,4.057623836729262,0.7184632950358929,1538.8597819010415,16
2.5348317269925724,-4.022423061323755,61.48929101449472,4.008300551661739,0.6120920821472456,1558.7321114245756,16
2.441592924388839,-3.996702350216147,61.20094694914641,3.97956281385304,0.5196776147241947,1574.1332947530864,16
2.376792333744191,-3.8763913048638288,60.69566910355181,3.860548293149035,0.441267599662146,1591.7437201605896,16
2.4667353335721933,-2.7538285829403204,60.45439376360104,2.7561238856963595,0.3507307109273534,1619.364287953319,16
3.0113184363753644,-0.1830777628922329,61.31886710649654,0.1792366497310741,-0.0126887959554564,1619.56792534722,16
3.272423276194819,0.1821445800639977,60.92942124825938,-0.1364321903222151,-0.019501322811401,1739.6086154513887,16
3.342970335925066,0.0624090381610545,59.2381244706519,-0.0131344990919772,-0.0035416464102858,1718.7319697627318,16
3.3775569921658364,0.0304041368955815,58.23581829777471,-0.0145283262130378,0.0201931659730127,1742.2410315996333,16
3.4025027751922607,0.0440581440925598,57.80863571166992,-0.0474694445729255,0.0426589660346508,1777.687744140625,16
3.657691717147827,-1.0699046850204468,25.257661819458008,1.0283429622650146,2.095719814300537,1432.82373046875,17
4.0527132587668335,-1.1769990854793124,21.827445206818755,0.9263641238212584,2.955190908761672,-94.34359392707732,17
3.878123198026492,-2.326019575566421,31.95936565634645,2.038554830315672,2.9884946169676603,189.619671103395,17
3.6719348430633545,-3.430912128201237,38.99914006833677,3.448924718079743,2.166001995404561,287.4120938336409,17
3.6236249723552185,-4.018708488087595,40.07623860865464,3.947032216154499,1.6823416550954184,88.38946919382356,17
3.664998057447834,-4.080237100153793,41.76614050217616,3.966327525951244,1.6657711289547108,21.784891152087564,17
3.701061911053128,-4.076938841078016,43.39336296364113,4.001401618674949,1.7231435466695717,-21.100755338315597,17
3.709844908596557,-4.074967393168697,44.41006161254129,4.032297119682218,1.737759092707693,-27.390875781023944,17
3.708666839717347,-4.064960456188814,45.13094042554314,4.0416355721744495,1.736449893609977,-12.23922990280906,17
3.7022084527545513,-4.0581093364291725,45.783673180474175,4.044993506537543,1.7303749455346005,15.23168055216468,17
3.6946860125035417,-4.05285703400035,46.35213974375784,4.042874271487013,1.720733133363135,45.94001313197759,17
3.6926717787613104,-4.045034838311466,46.75497796800401,4.034320719448137,1.7151717205106476,68.1826368732217,17
3.693040794796414,-4.037149076108579,46.96014729252568,4.024164959236428,1.714114162656996,83.128461767126,17
3.690673741293542,-4.0375845873797385,47.10415025404942,4.023721706720046,1.711964237101284,96.00911919864606,17
3.687308805960196,-4.039317537237097,47.27566815599983,4.02470714074594,1.707838589762464,107.78158465726877,17
3.68915534902502,-4.03167063218576,47.46105137577764,4.015343365845857,1.707162294122908,115.94998592800565,17
3.697380701700846,-4.018382631702187,47.6511686819571,4.001330534617106,1.7133919736485423,118.87186092800565,17
3.686116760159716,-4.029469887415568,47.81953677424678,4.013419634030189,1.7051177709190934,138.25394034680025,17
3.6742705504099527,-4.032261159684923,47.87788391113281,4.0159469710456,1.6935173802905612,157.73673672146265,17
3.666022714273429,-4.0322085751427545,47.97047294805079,4.017459466133588,1.6866493350193823,170.4622473069179,17
3.656425558490518,-4.033754331094247,48.12528530167945,4.020175480548247,1.677996610417778,184.0561193772304,17
3.6497402058707342,-4.029644356833564,48.13708623250326,4.015203749691999,1.6737716396649678,192.96904556839556,17
3.641510283505475,-4.031773743806062,48.18148328051155,4.018157764717385,1.669095660433357,201.5253682077667,17
3.6343600323170793,-4.031532443599937,48.33585708523974,4.01824743659408,1.6641929775108526,210.9947594536675,17
3.627013232972887,-4.030878278944227,48.54964447021485,4.018477351577194,1.6580593718422785,223.6751906783492,17
3.61483872378314,-4.039249252389978,48.77940168498475,4.028057378015401,1.6460885184782523,241.8953701066382,17
3.60323491802922,-4.043600100058097,48.97512337013527,4.032034091007563,1.6356169603489064,259.4937005690586,17
3.5923906564712524,-4.041723648707072,49.10189247131348,4.0290703773498535,1.6286485195159912,276.6584879557292,17
3.587515680878251,-4.031386434296032,49.120883517795136,4.018360655984761,1.6273887584238875,288.39668029031634,17
3.584592028900429,-4.026263231112633,49.10903238367151,4.014814159016551,1.629396573996838,295.27714180652004,17
3.5750263002183704,-4.030733143841779,49.15666622585721,4.0209843494274,1.6240054104063246,309.24899631076386,17
3.576429306724925,-4.02273228727741,49.16300425117399,4.013195561773983,1.6261729568610956,311.804170584973,17
3.5764882770585427,-4.021704973997893,49.20552232530382,4.013486073340899,1.6295147722150072,313.2144398630401,17
3.5701488477212413,-4.027290980021159,49.32472271389431,4.0206954214308,1.6254903033927637,323.0221060293692,17
3.5581738477871743,-4.034872702610346,49.5796598740566,4.029684225718181,1.6147334943582985,341.88153452932096,17
3.542964030195165,-4.032939834359252,49.974463286223234,4.028698094097185,1.5992714718536094,371.5233402958622,17
3.542770889070299,-4.014823277791341,50.16670693291558,4.011208693186442,1.59632674853007,385.42267523871527,17
3.5444592649554028,-4.010119708967798,50.18982849592044,4.008307665954401,1.6003715182528084,387.9868917582948,17
3.538176342293068,-4.0213912740165805,50.223574650140456,4.021792835659451,1.5969951182235906,394.3279742959105,17
3.5258351829316883,-4.036328501171536,50.39703877766927,4.037533053645381,1.5844290057818096,408.1495270905671,17
3.516432441311118,-4.038923552006851,50.535165245150345,4.038365687853024,1.5752039367769972,420.1108956042631,17
3.5111342006259494,-4.035057844939055,50.65300929693528,4.034402285093143,1.5696630838476582,429.679170584973,17
3.508294388099953,-4.030818391729285,50.78595295658818,4.030851187529387,1.5663182691291526,437.9284622757523,17
3.5053692953086197,-4.029146553557596,50.920825416659135,4.030026123847491,1.56343929193638,446.17721670645255,17
3.5005199438259926,-4.029977374606663,51.05809694454994,4.031676881107283,1.55837971634335,456.6773048683449,17
3.4961301353242664,-4.032369931538899,51.190896140204536,4.034935447904799,1.5527673694822524,466.1532796223958,17
3.490601730935368,-4.032397593980954,51.40320992175444,4.035111115302569,1.5472624140021245,478.1095121407214,17
3.488410996802059,-4.02530316658962,51.50866583835931,4.02771407292213,1.543549461129271,488.6201925395448,17
3.4896843874896013,-4.024083102190936,51.460355829309535,4.0267795633386685,1.54528659802896,489.32947229456016,17
3.4903673272074003,-4.026867466208375,51.51676907951449,4.030551292278148,1.5457693654813884,489.56451792775846,17
3.490236991717492,-4.027029302385119,51.62101990499614,4.030373449678774,1.5455455735877708,491.966451762635,17
3.486979612597713,-4.028187698788113,51.7204098171658,4.031805338682951,1.5420817269219294,499.118177625868,17
3.479704659662129,-4.032598884017379,51.82620983359254,4.036639578548479,1.534443563885159,511.10583496093744,17
3.4719433652030096,-4.035546750198176,51.943810568915474,4.039824318002771,1.5253687280195731,524.586511682581,17
3.4690116246541343,-4.03339433670044,52.11795425415039,4.038502057393392,1.5198698838551838,535.2046305338541,17
3.460709421722977,-4.037940157784356,52.28409522256734,4.043152338192787,1.51168324182063,549.7824194637345,17
3.4536359869403603,-4.036472820941313,52.45827752572519,4.041387693381604,1.50316705527129,566.2702124324845,17
3.448872954757125,-4.032113269523338,52.61158088401512,4.036634630627102,1.4971977759290624,581.5592041015624,17
3.4429547492368724,-4.032671775346921,52.61626853471921,4.035824705053259,1.4919801656110787,592.8446346330054,17
3.4413446732509283,-4.03017309565603,52.63352881537544,4.032844814253442,1.489694361333494,599.3514072747878,17
3.443476526825516,-4.0241781693917735,52.7425984983091,4.026713300634314,1.4904468191994562,604.9233579282406,17
3.441982161851577,-4.022280996228441,52.87324549828047,4.02392233742608,1.4894797529703303,614.767017505787,17
3.4352130772155007,-4.02340523990584,52.96396674638913,4.024760004914837,1.4826506170225733,630.6383192274305,17
3.428238140212165,-4.024508529239231,53.10744582282173,4.027512550354004,1.4735029141108196,648.936543782552,17
3.428739324028109,-4.021301840558464,53.20562852459189,4.024308911076298,1.4719470415586309,657.2490159022955,17
3.428732317170979,-4.02363986439175,53.26369568153664,4.026280971220982,1.4726473291714983,660.1594162929205,17
3.430395965222959,-4.022298053458885,53.29190119990596,4.0237723103276,1.4736934282161571,660.5162850839121,17
3.431883763383936,-4.02164406835297,53.33094102364999,4.022948020770226,1.4758192970428938,660.235910674672,17
3.422265532576008,-4.028309333471604,53.439789760259934,4.029999521043566,1.4674261631789032,674.0572961877893,17
3.41743184460534,-4.024760988023546,53.54013584278248,4.026300642225477,1.4603924309765852,687.8492454246237,17
3.4135791813885725,-4.022027292369325,53.6677360534668,4.023387273152669,1.4563187772845043,701.3070716386959,17
3.4061969960177385,-4.022909288053159,53.79009585910373,4.023671476929276,1.4493402941727345,718.6110078788098,17
3.396625200907389,-4.0255363782246905,53.861724853515625,4.025253136952718,1.4400957160525851,736.3314751519096,17
3.3918033764686117,-4.02142149725078,53.96172311570909,4.020264228185018,1.4339342882603776,752.2534232433931,17
3.391379159173848,-4.017560387835091,53.99199850765275,4.01469580921126,1.4325430334350209,760.6316535855517,17
3.3927745200969555,-4.0164736288565175,53.98298157585992,4.012205927460282,1.434142393094522,762.6226218894676,17
3.390468200047811,-4.019901829001344,54.02759085761176,4.016126974129382,1.4330162795973411,767.5319311824845,17
3.382476328331747,-4.025362300284115,54.1385314611741,4.022743722538889,1.4256405984913862,780.5346973560474,17
3.381709787580702,-4.021380495142053,54.20578963668258,4.017528728202537,1.4234176476796467,787.5390308521412,17
3.381679946993604,-4.01953594772904,54.25210182755082,4.014238333996431,1.423655440777908,791.9218554084683,17
3.377469421904764,-4.020873558374099,54.33525716522593,4.015908900602364,1.419966928752852,802.0392644434799,17
3.3712894916534424,-4.021535396575928,54.45950889587402,4.016831874847412,1.4135280847549438,817.2147827148436,17
3.368712575347335,-4.018788720354622,54.54930515053832,4.012859479880627,1.410343282016707,828.8205958236883,17
3.361097393212495,-4.021826323167777,54.68826119693709,4.01710300092344,1.4035494467358531,846.1482340494789,17
3.3526846126273826,-4.022439285560891,54.89010450575086,4.016424991466381,1.3953890005747478,868.3151719835067,17
3.34922264829094,-4.017450250225303,54.99784712143886,4.008446840592373,1.3896975053681269,885.9331472891348,17
3.348259531421426,-4.017663390548141,54.96301090570144,4.006314112816328,1.3888205069082755,891.7558352623456,17
3.3435130251778498,-4.020957152048747,55.011947278623225,4.009540610843235,1.3849826940783747,901.8545102719908,17
3.345399126594449,-4.016687434396626,55.02608664241838,4.002729080341481,1.3855179989779438,905.8282689224056,17
3.346911785043316,-4.015967607498169,55.04581048753526,4.001692715986275,1.3871577904548174,908.4111388406636,17
3.346756511264377,-4.016281339857313,55.1023915608724,4.001968065897624,1.3869219091203475,913.3885565863716,17
3.3498603090827848,-4.012856821954986,55.151259881478765,3.9970952051657216,1.389217409086816,915.4740171079284,17
3.352965213634349,-4.008582556689227,55.22253931304555,3.9914943259439353,1.3913370694643186,919.5771913881656,17
3.353733592563205,-4.006289738195914,55.31799153928404,3.989539963227731,1.391089814680594,927.8355362503617,17
3.3497434074496044,-4.007960713939903,55.48090866465628,3.992838947861283,1.3870813655264584,942.8651107976466,17
3.3439772379251176,-4.011280695597331,55.63465911959425,3.996061743041616,1.380830306329845,959.5352229365594,17
3.3407723903656006,-4.017006485550492,55.61703279283312,3.998914806931107,1.3780254743717335,964.5780662254052,17
3.333799794868187,-4.025922033521864,55.55942994576913,4.006486345220496,1.37263329235124,968.513069058642,17
3.3292772122371344,-4.022881825764974,55.63816913557641,4.004522794558678,1.3668717793476437,979.347979510272,17
3.325122117996216,-4.019070466359456,55.84537018669976,4.001697831683689,1.361993928750356,997.0608927408854,17
3.321454887036924,-4.021428355464229,55.95980915022485,4.00188359507808,1.3577316690374304,1010.4153073157792,17
3.3217258438651944,-4.027657553001687,55.79719218501339,4.003218527193423,1.3587144841382532,1004.6914333767362,17
3.318092867180153,-4.030579443331118,55.772513495551216,4.006256403746428,1.3559719721476238,1006.9795147931134,17
3.316263291570875,-4.025207978707773,55.879122769391095,4.002363178465101,1.3525173082763766,1017.2966775776426,17
3.3203732231516896,-4.016518787101463,55.97490013970269,3.993137235994692,1.3545830441109927,1023.2725151909722,17
3.32664183334068,-4.012511827327587,56.016407366152166,3.9878731392048015,1.360354193934688,1022.6848359284578,17
3.323021470764537,-4.021615946734393,56.07871811478226,3.997711561344288,1.358601564242516,1027.9511251567324,17
3.315488225148048,-4.031125998791353,56.13229808100947,4.007358930729054,1.3521718014905484,1035.9401139624324,17
3.310478925704956,-4.0305741628011065,56.21830622355143,4.00564448038737,1.3462090094884238,1046.3498535156248,17
3.310969396873757,-4.019114944669935,56.33537655112184,3.993920323289471,1.343152971179397,1058.5374160578222,17
3.312648505340388,-4.014696486202287,56.43694173553843,3.989311359546803,1.3441527552074857,1067.2505621262535,17
3.3045159269262245,-4.029139094882542,56.49737690113209,4.001147146578188,1.3390797177950542,1078.3766999421296,17
3.299667143527373,-4.028079698115219,56.537873491828826,4.000362369749281,1.3319194184409249,1089.2996057581015,17
3.2979261183444364,-4.021454139992043,56.657757040895056,3.9947610181054953,1.3283467175048076,1101.1617265866123,17
3.2966920976285583,-4.016922473907471,56.82083624380606,3.990466109028569,1.3257730227929574,1114.281751844618,17
3.2944071719675887,-4.019742129761496,56.92444711850013,3.992375050062015,1.3232159636638785,1124.2429598584586,17
3.2886629575564537,-4.024666274035418,57.03572986744068,3.997917884661828,1.3173759292673182,1136.0244879075035,17
3.2799461947547064,-4.031752506891887,57.16048579745822,4.005354907777575,1.3090187907218933,1150.122117784288,17
3.273684684141182,-4.0328018164929045,57.24453316205813,4.006796106880094,1.3013836984281186,1162.1478497540509,17
3.2716953342343555,-4.02986286893303,57.31474942336848,4.002764831354589,1.2987759356145503,1170.0384890709392,17
3.2716363271077475,-4.02080723091408,57.4320805867513,3.9926661562036583,1.297232570471587,1181.002192744502,17
3.2717917318697327,-4.013698098100262,57.5297370015839,3.987174092987437,1.2960869206322565,1191.043383186246,17
3.266313738293118,-4.020135814760938,57.64522656099296,3.9944867970030975,1.292757088755384,1202.4801341869213,17
3.2547626936877214,-4.02907066875034,57.78644688924154,4.006693098280165,1.2827652008445176,1218.8330982349537,17
3.2427132894963395,-4.031795748957881,57.94297880007897,4.012561179973461,1.2709440964239616,1236.9044882691935,17
3.244746521667198,-4.020711118792311,57.99852434794108,3.999897758165995,1.2712430777373136,1242.629570855035,17
3.241325934727987,-4.026069641113281,58.08016120062934,4.005658149719238,1.2710260815090604,1249.1837565104163,17
3.239525254861808,-4.029237935572494,58.12056619149667,4.007364552698018,1.2702104817202062,1254.0520185305747,17
3.239186707838082,-4.033169852362739,58.13377394499602,4.01009476037673,1.272097945213318,1255.753633475598,17
3.230519029829237,-4.042156828774346,58.20996743661386,4.020474045364945,1.2668288703317996,1266.038838704427,17
3.223359196274369,-4.03949612747004,58.29578625714338,4.019582695431179,1.2603041772489194,1279.2891092182676,17
3.2207588148705755,-4.036523627646176,58.29695593280557,4.018253526569884,1.2581415286770574,1285.4060668945312,17
3.2207174830966525,-4.033044921027289,58.30662013866283,4.013958012616193,1.2592316689314669,1287.9789360894097,17
3.219559837270666,-4.028233327983338,58.37616826281136,4.010663085513645,1.2586726045902863,1294.4790769977333,17
3.213715432602682,-4.032965842588448,58.46084816073194,4.017979692529749,1.2551360336350803,1302.7758849344134,17
3.2071040868759155,-4.036688089370728,58.55271275838216,4.022870222727458,1.2500810027122498,1311.7276407877605,17
3.204388232878697,-4.036821500754651,58.59458367618514,4.0227695924264415,1.2474305379537889,1316.4084924768515,17
3.2004411809238387,-4.04706883136137,58.59825791252984,4.031942776691767,1.246183854562265,1317.675407503858,17
3.1917241326084844,-4.058226214514838,58.60175549542463,4.0424816166913065,1.2399665426324915,1322.3542570891202,17
3.1831795624744745,-4.053007849940547,58.69307918313109,4.038392181749697,1.2311119400424724,1334.4969248830537,17
3.17478213781192,-4.049514223028113,58.78716791411977,4.035539273862486,1.2229749023178478,1349.0137065369404,17
3.167736671589039,-4.037211188563594,58.86126659534595,4.027180230176008,1.214669613926499,1363.8048073097511,17
3.157720162544721,-4.031556052926146,58.95426064950448,4.026562031404472,1.206070632110407,1379.4722026306906,17
3.139736730375408,-4.039286221986935,59.0346363208912,4.038459130275396,1.1924248190573703,1397.648924274209,17
3.1152757538689517,-4.048808362748888,59.08710649278429,4.0509617063734265,1.1727567248874244,1417.9320339626731,17
3.085836793169564,-4.040596850124406,59.20245326006854,4.046891191859304,1.1449250336046577,1446.5177212938845,17
3.049592309527928,-4.037368103309914,59.34981216619044,4.048589712307777,1.1123212046093414,1478.040366090374,17
3.0043178002039594,-4.028973137890851,59.57867247970016,4.041663196351793,1.0687194223757148,1511.2050238715276,17
2.941193598288077,-4.008749072934374,60.07733375643506,4.01944281142435,1.0026984980076925,1551.0382532190392,17
2.865120042989284,-4.037978657969722,60.49705981030876,4.049185746981774,0.9361877963866716,1564.1470834237557,17
2.786007651576291,-4.0593592502452704,60.82790417141384,4.069726396490026,0.8638026471491227,1560.9516691984954,17
2.6928393428708315,-4.072259211245878,61.17904055560077,4.071273880240358,0.7774460690992863,1552.8087678132235,17
2.5812327302532445,-4.068618762640305,61.36391505488643,4.049540637451926,0.6717442693533734,1554.5083761332946,17
2.4706570174958977,-4.010021713044909,61.20575417412652,3.985354834132725,0.5540357960595034,1578.5645480685762,17
2.3911394484249167,-3.85264485265002,60.78899378835419,3.8356372603663695,0.4544155660234856,1603.752411265432,17
2.400747605312018,-3.1426824287132007,60.27425417488004,3.1499499980314303,0.4077574018342995,1634.630859375,17
3.0613912123220857,-0.0681117839283581,60.75832550613968,0.1207332898069469,-0.1629694827176886,1605.5210006148702,17
3.291272089805131,0.1867424543992999,60.47847455813563,-0.1291444333339204,-0.0687400928388049,1723.214560426311,17
3.3477923045923674,0.0561865796277559,59.01908634327078,-0.0116406221885559,-0.0263795266272849,1710.1013982325426,17
3.385384325627927,0.0349330835872225,57.98406911779334,-0.0219952343376695,0.0152191112714781,1739.7677951388885,17
3.413298492078428,0.0551859618704994,57.4528261349525,-0.0502142458234303,0.0381408265251435,1756.8173059534145,17
3.419765912456277,0.0769566194510754,57.2027485223464,-0.0508764490117261,0.0430405792538766,1747.9529577184603,17
3.410996437072754,0.0650333762168884,57.00323867797852,-0.0272432025521993,0.0358691625297069,1775.809326171875,17
3.665576696395874,-1.044134497642517,25.052865982055664,1.004043459892273,2.0916972160339355,1416.173583984375,18
4.057285648584366,-1.1732113413512708,20.81715899705887,0.908343116939068,2.949242998659611,-128.12845463752743,18
3.8521627843379975,-2.472935625910759,30.950970578193665,2.2160940349102023,2.907179373502731,190.91375904083253,18
3.652328409254551,-3.5550763413310054,37.10973596572876,3.592492415010929,2.045209354162216,238.46900835037223,18
3.6046783328056335,-4.053955543041229,38.37262916564941,3.9862283051013945,1.6164249300956726,76.04527130126952,18
3.639911554753781,-4.092044025659561,40.42056667804718,3.981787510216236,1.6255338229238987,19.808029174804688,18
3.6805892139673233,-4.076753109693527,42.41614608764648,4.001619666814804,1.700603972375393,-18.076975250244143,18
3.691226364672184,-4.070749416947365,43.67212636470795,4.029147648811341,1.7223310567438603,-20.21564407348633,18
3.692703008651733,-4.057253170013428,44.59693241119385,4.034004426002502,1.7255662620067596,-3.3994824409484816,18
3.694862917065621,-4.04169060587883,45.29860501289368,4.026019552350045,1.7280285507440567,19.668371582031263,18
3.693269953131676,-4.036845803260803,45.81286239624024,4.024534225463867,1.7276082783937454,44.31789016723633,18
3.689412309229374,-4.036988651752472,46.26004083156586,4.02556027173996,1.721986212581396,67.12678375244141,18
3.693845146894455,-4.029237020015716,46.68360137939453,4.016804218292236,1.7212573438882828,79.87731475830078,18
3.699166668951512,-4.023190140724182,47.07050883769989,4.009071281552314,1.7217847175896168,90.34438705444336,18
3.705605912208557,-4.017589873075485,47.37042617797852,4.001653277873993,1.7230238407850265,98.64434661865234,18
3.706891246140003,-4.020925164222717,47.63880968093872,4.005134209990501,1.721866276115179,108.4768524169922,18
3.697799682617188,-4.032285022735596,47.89945526123047,4.017449426651001,1.7113454341888428,126.236629486084,18
3.685391391813755,-4.040591558814048,48.128168320655824,4.026393190026283,1.6969059698283673,146.33269348144532,18
3.679034844040871,-4.035119080543518,48.21976380348205,4.019792377948761,1.6897136107087136,159.48113708496095,18
3.669791570305824,-4.035200425982476,48.30523359775543,4.021013668179512,1.683910597860813,172.87122497558593,18
3.6617390513420105,-4.032452166080475,48.40633964538574,4.018786787986755,1.6771865636110306,185.54920959472656,18
3.659804733097553,-4.02468401491642,48.49059283733368,4.011682650446891,1.677722267061472,190.5502311706543,18
3.6493887931108473,-4.028687065839767,48.65201187133789,4.016956102848053,1.6713063955307006,204.19425201416016,18
3.641047225892544,-4.0284292727708815,48.71946940422058,4.016392216086388,1.664576754719019,215.9884986877441,18
3.632501602172852,-4.030942773818969,48.77713451385498,4.019196105003357,1.6593098759651184,226.1606414794922,18
3.624440297484398,-4.032687723636627,48.85518145561218,4.021187633275986,1.6534025445580482,236.75983810424805,18
3.6177380293607713,-4.034676283597946,48.93276386260986,4.023391777276993,1.6490356296300888,245.69506378173836,18
3.6077207684516903,-4.037090623378754,49.03570029735565,4.025427448749542,1.6431711331009864,259.420654296875,18
3.5984018802642823,-4.03432457447052,49.120869159698486,4.022238826751709,1.6375900715589524,274.9531311035156,18
3.5898003667593,-4.032453778386116,49.282257771492006,4.02213953435421,1.6312253430485726,291.93553390502933,18
3.582070261240005,-4.030873358249664,49.56368899345398,4.022699683904648,1.6237102374434471,310.5813064575196,18
3.5766814053058624,-4.025766387581825,49.79633543491364,4.018722006678582,1.6190655320882796,326.545443725586,18
3.5727961540222166,-4.024049186706543,49.81448059082031,4.017534065246582,1.6183082342147828,335.1431396484375,18
3.5665217980742456,-4.02625772356987,50.070039582252505,4.023480638861656,1.6138106137514114,347.7573844909668,18
3.561031645536423,-4.023783487081528,50.392735433578494,4.022602486610412,1.6066558241844178,363.5995376586914,18
3.5516624823212624,-4.027826696634293,50.51110315322876,4.026546031236649,1.6005958430469036,377.992130279541,18
3.5356023013591766,-4.03409435749054,50.48442602157593,4.031812405586242,1.590033087134361,396.5781921386719,18
3.5270563155412678,-4.030427888035774,50.49846074581146,4.028780579566956,1.583333497494459,408.79924926757815,18
3.522526726126671,-4.02949737906456,50.61134414672851,4.029824846982956,1.5780548661947251,417.554605102539,18
3.51753566712141,-4.031889754533768,50.75559368133545,4.032151979207993,1.573785090446472,425.6292182922363,18
3.512443482875824,-4.0309343338012695,50.83313274383545,4.03101921081543,1.570058375597,434.0552062988281,18
3.5077762827277184,-4.031823870539665,50.93224720954895,4.03291309773922,1.5650472693145274,442.7598434448242,18
3.502451682090759,-4.035513836145401,51.02420425415039,4.036887663602829,1.55952879935503,450.9828079223633,18
3.49808332324028,-4.036237296462059,51.07019746303558,4.036687603592872,1.5561295814812184,457.00927200317386,18
3.497531849145889,-4.031704473495483,51.11167278289795,4.032311797142029,1.5554837584495544,460.5505096435547,18
3.4953862354159355,-4.03192076086998,51.21270442008972,4.033701047301292,1.5533917844295502,466.3012008666992,18
3.4862691670656205,-4.038333195447922,51.32335505485535,4.040172946453095,1.5446486547589302,479.5301391601562,18
3.483042886853218,-4.0331109255552295,51.44585068225861,4.03460793197155,1.5402149133384229,489.5062690734864,18
3.4839833974838257,-4.026090812683106,51.56857261657715,4.028591108322144,1.539248788356781,496.3962524414063,18
3.4846467331051825,-4.025346314907074,51.67594294548034,4.028915721178055,1.5386606648564338,501.63870086669925,18
3.4829705953598022,-4.029393792152405,51.81648921966553,4.034147083759308,1.5361732468008995,507.7466506958008,18
3.478465616703033,-4.031387761235237,52.084588861465456,4.037363520264625,1.5295475266873837,520.7620147705078,18
3.4709830224514007,-4.033376312255859,52.24493656158448,4.038647747039795,1.521556532382965,535.9257965087892,18
3.462721848487854,-4.037605682015419,52.157332348823545,4.041083934903145,1.5146984584629537,544.7651435852051,18
3.4579538851976395,-4.041564524173737,52.072074794769286,4.044953870773315,1.510287919640541,547.3022598266601,18
3.4562756717205048,-4.043086752295494,52.15834593772888,4.046947926282883,1.506895337253809,549.9965934753418,18
3.4535590052604674,-4.046263909339904,52.20807209014893,4.048888397216797,1.5044145703315734,552.4968933105469,18
3.4505435064435006,-4.044023075699807,52.3615859746933,4.046497872471809,1.5006152994930744,560.7883247375489,18
3.4461175054311752,-4.039745390415192,52.583809566497806,4.04342058300972,1.4942112490534782,576.9374572753907,18
3.441157536208629,-4.034965336322784,52.84269621372223,4.039914244413376,1.4873936504125596,597.49144821167,18
3.4349111020565037,-4.0317347049713135,53.085205078125,4.037974298000336,1.479862779378891,620.2681121826172,18
3.425727382302284,-4.034609121084213,53.22819607257843,4.041049060225487,1.4706119529902937,641.2637451171875,18
3.421773263812065,-4.032499307394028,53.27203035354614,4.03668202161789,1.466668611764908,652.3971466064454,18
3.417148673534393,-4.030155596137047,53.36867280006409,4.033859375119209,1.462287489324808,665.4483543395996,18
3.4150851249694822,-4.0241774559021,53.46156539916992,4.026525497436523,1.4585667371749875,678.7072509765625,18
3.415136955678463,-4.022144600749016,53.47322404384613,4.023522049188614,1.4586195088922975,684.8511505126953,18
3.410587912797928,-4.026665419340134,53.50733871459961,4.028368353843689,1.4547067373991012,693.2051254272461,18
3.4101324677467346,-4.025737312436104,53.540166568756106,4.02669917345047,1.4534513995051384,697.3684265136719,18
3.414734309911728,-4.021888029575348,53.52869644165039,4.021595442295075,1.4572339802980423,694.2801330566406,18
3.410915331542492,-4.027400526404381,53.63013079166412,4.028772795200348,1.4555965833365918,700.2061561584474,18
3.402286723256111,-4.027884364128113,53.81756782531738,4.029400110244751,1.4455597251653671,719.5776824951172,18
3.406294159591198,-4.019181072711945,53.80173709392548,4.0177675008773805,1.447836173325777,721.2703186035156,18
3.4017314195632933,-4.023425316810608,53.83343238830567,4.022767806053162,1.445036107301712,728.7986328125,18
3.39789135158062,-4.023570176959038,53.88002953529358,4.022748517990112,1.4404487006366251,737.853125,18
3.3917407184839248,-4.026639592647553,53.982303047180174,4.027433675527573,1.4351305574178697,749.682893371582,18
3.381073109805584,-4.030422925949097,54.17233848571777,4.0324714332818985,1.424970809370279,770.3077163696289,18
3.3748330950737,-4.027247679233551,54.32458810806274,4.027439975738526,1.4178719133138658,788.378793334961,18
3.375776168704033,-4.015163323283195,54.46996984481812,4.0131250530481335,1.416326093673706,803.4352172851563,18
3.377650171518326,-4.007538276910782,54.58697061538696,4.003720873594284,1.4171067893505096,816.3661254882813,18
3.375446160137653,-4.009224852919578,54.65943646430969,4.0039703249931335,1.4157004609704018,828.266081237793,18
3.370749592781067,-4.012597322463989,54.69654846191406,4.006164312362671,1.4112764596939087,839.5967407226562,18
3.3693683698773382,-4.010823687911033,54.73227756023407,4.003497758507729,1.4089850172400475,847.7988525390625,18
3.373445525765419,-4.003753739595413,54.78263382911682,3.9946510046720505,1.4116753771901132,851.8793930053711,18
3.372045837342739,-4.008244526386261,54.81312670707703,3.9980836004018783,1.4117575295269489,857.0484260559082,18
3.365869426727295,-4.01490888595581,54.83532199859619,4.003793394565582,1.4066561937332152,865.6884765625001,18
3.360135741531849,-4.015379145741463,54.91243290901184,4.004335060715675,1.4002019055187702,878.6019191741943,18
3.3560106247663497,-4.013263797760009,55.048692893981936,4.003429388999939,1.3949670299887658,894.1526542663576,18
3.3525507181882857,-4.0183310270309445,55.05391798019409,4.006703007221222,1.3925849467515945,899.993025970459,18
3.350252175331116,-4.018197011947632,55.10965995788574,4.003946375846863,1.3907860279083253,906.65947265625,18
3.34930370002985,-4.011593988537788,55.23352563381195,3.995217676460743,1.3878436148166655,920.4085975646974,18
3.347139686346054,-4.010810524225235,55.30753540992737,3.9931688755750656,1.3849550411105156,933.4707794189452,18
3.3419225782155992,-4.01586785018444,55.34719858169556,3.997957424819469,1.3801251344382763,945.101173400879,18
3.342805242538452,-4.014534509181976,55.31999320983887,3.994182312488556,1.380210030078888,947.528662109375,18
3.3425934463739395,-4.015426662564278,55.33657147884369,3.995389492809773,1.3803605064749718,950.5906150817872,18
3.34014550447464,-4.015396064519882,55.45956945419312,3.996729716658592,1.3777874559164047,960.5227111816408,18
3.3382134661078453,-4.014722213149071,55.599018931388855,3.9965157508850098,1.375147171318531,971.5225353240968,18
3.336504030227661,-4.01976490020752,55.60115432739258,3.999862289428711,1.374112844467163,973.6802368164062,18
3.3365358769893647,-4.016086095571518,55.669701886177066,3.993847016990185,1.3732516266405583,979.216682434082,18
3.3374710232019424,-4.008466827869415,55.77867565155029,3.9868538588285447,1.3714972570538522,989.850227355957,18
3.336022838950157,-4.008466646075249,55.90343000888824,3.98746248036623,1.3699443750083449,1001.2246074676516,18
3.331386595964432,-4.0128620862960815,56.031238079071045,3.9918121099472046,1.365620732307434,1014.1908111572266,18
3.3241029903292656,-4.01939247250557,56.13967487812042,3.998021446168423,1.3585385911166667,1027.965032196045,18
3.31889263689518,-4.021471089124679,56.21823315620422,3.998217236995697,1.3526032760739326,1039.8148880004885,18
3.3140768349170684,-4.0233955681324005,56.27240357398987,3.998855656385422,1.3472874216735362,1050.6318084716795,18
3.3107762932777405,-4.0259342908859255,56.2632942199707,3.999295878410339,1.3436594665050507,1056.9859680175782,18
3.3098250180482864,-4.026847302913666,56.22189271450043,3.997986041009426,1.3429816998541355,1058.7069511413574,18
3.30641610622406,-4.023023235797882,56.36756372451782,3.994915279746056,1.3388399481773376,1072.1906051635744,18
3.300474295020104,-4.020191863179207,56.59663608074188,3.992783366143704,1.3315304085612298,1093.5333297729492,18
3.3004063606262206,-4.0136466264724735,56.70869407653809,3.9856903851032257,1.328197208046913,1107.0796691894532,18
3.3024572879076004,-4.014071503281594,56.725236010551455,3.985062997043133,1.3299102418124675,1110.4077713012696,18
3.300881564617157,-4.020176142454147,56.752034187316895,3.989508867263794,1.3293931260704994,1113.9600677490234,18
3.299397514760494,-4.020044612884521,56.79176821708679,3.987095509469509,1.3277444578707218,1119.9703666687012,18
3.293795680999756,-4.019026041030884,56.910400772094725,3.9892169713974,1.3210652947425845,1133.3900390625,18
3.2884999319911,-4.019298833608628,57.04411594867706,3.99012733399868,1.3150090776383876,1147.193734741211,18
3.2845202803611757,-4.019424903392792,57.14250855445862,3.990650662779808,1.3103249132633208,1158.2454071044924,18
3.27893690764904,-4.021397843956947,57.24744427204132,3.993815653026104,1.3042021431028843,1169.8234024047852,18
3.2746932029724123,-4.023542284965515,57.32384376525879,3.996025168895721,1.2994946867227557,1178.6406524658205,18
3.273733343183994,-4.028669607639313,57.290939354896544,3.998498000204563,1.298993994295597,1179.4018356323245,18
3.272251561284065,-4.031127291917801,57.27305817604065,3.9998502522706985,1.298232588171959,1180.3118728637696,18
3.266681511700153,-4.0334013372659685,57.359731793403625,4.002542722225189,1.2938400536775587,1189.14760055542,18
3.259668469429016,-4.030137896537781,57.48939609527588,4.001551985740662,1.2860745191574097,1203.8433227539062,18
3.256670427322388,-4.020549690723419,57.625674390792845,3.995316050946713,1.28123015537858,1216.9634895324707,18
3.2554265022277837,-4.024733883142472,57.66435108184815,3.9982439666986473,1.281392338871956,1221.6664581298828,18
3.2529025092720985,-4.032650128006935,57.65059797763824,4.005118542909623,1.2806817710399627,1222.9564781188965,18
3.2482254326343534,-4.037802600860596,57.675469398498535,4.010603141784668,1.2773541510105133,1227.0814270019532,18
3.244198724627495,-4.03667588531971,57.755736351013184,4.010166242718697,1.2737799808382988,1234.4098434448242,18
3.2443329244852066,-4.02923613190651,57.84330649375916,4.002861875295639,1.2734501019120217,1241.2387908935548,18
3.24262947589159,-4.034202679991722,57.870621991157535,4.007938256859779,1.273888146132231,1244.7069107055663,18
3.235793113708496,-4.033104705810547,58.01150970458985,4.010055160522461,1.2684971570968628,1256.5338867187502,18
3.224512903392315,-4.036724403500557,58.21260280609131,4.0175478011369705,1.2594029054045677,1275.7283020019534,18
3.214323565363884,-4.048212707042694,58.24741673469544,4.029396116733551,1.2524156421422958,1286.2013931274414,18
3.2078645497560503,-4.0429149001836775,58.28489999771118,4.025370559096336,1.246090593189001,1296.4891204833984,18
3.212651443481445,-4.023710262775421,58.29801979064941,4.006444680690765,1.248249825835228,1299.432614135742,18
3.213979169726372,-4.022735053300858,58.37046020030975,4.005880582332611,1.2522560544312,1302.4371192932128,18
3.2037388175725936,-4.035314798355103,58.50617899894714,4.02113294005394,1.246383267641067,1314.9897430419924,18
3.188587009906769,-4.04266744852066,58.6385737657547,4.032241985201836,1.2333826571702955,1333.4016456604004,18
3.1826093435287475,-4.035604310035706,58.70331764221192,4.026808786392212,1.226742786169052,1344.2399230957033,18
3.172456227242946,-4.0417484700679776,58.775316429138186,4.033802983164788,1.2199936255812645,1355.478500366211,18
3.160711377859116,-4.037622046470642,58.86409516334534,4.032270729541779,1.2087816357612609,1371.139485168457,18
3.150517196953297,-4.031468218564987,58.96416187286377,4.028452003002167,1.199081840366125,1386.6345138549807,18
3.139908105134964,-4.031432211399078,59.0324330329895,4.030307412147522,1.1901118159294128,1399.431655883789,18
3.122725637257099,-4.030408871173859,59.14400200843812,4.032929557561874,1.175220165401697,1418.8705116271974,18
3.094348925352097,-4.031761908531189,59.29653811454773,4.038340735435486,1.1509185209870338,1448.1183807373045,18
3.063685958087444,-4.03914735019207,59.367777013778685,4.0497382372617725,1.1248895838856696,1472.3460655212402,18
3.030352926254272,-4.039820194244385,59.44632987976075,4.053954839706421,1.0955466151237483,1492.6635986328129,18
2.9776748716831207,-4.032097041606903,59.75403010845184,4.045247212052345,1.0447576120495796,1526.5689125061035,18
2.920584574341773,-4.037900573015213,60.161681985855104,4.04846687912941,0.9878110677003856,1543.0435043334962,18
2.860542498528958,-4.03351081609726,60.55613358020782,4.046928113698959,0.928756441175938,1549.4658309936524,18
2.7941181063652034,-4.023339688777924,60.97647132873535,4.034482753276825,0.8649194151163099,1549.8385467529297,18
2.70295781046152,-4.021136772632599,61.44951040744782,4.017206078767776,0.781812159717082,1550.7321334838869,18
2.5724916756153107,-4.026737213134766,61.618598222732544,4.004861354827881,0.6602253913879395,1569.8325576782229,18
2.457514734566211,-3.9959550082683553,61.31219763755798,3.973149700462817,0.5394854955375186,1585.2318618774416,18
2.424522995948791,-3.451750683784491,60.99710521697998,3.4449305176734986,0.4090347409248359,1628.456915283203,18
3.0869927763938927,-0.109339260309928,61.32925748825073,0.1603784952312644,-0.1745386314112704,1595.5612258911135,18
3.2928072690963752,0.1657535806298237,61.00403604507445,-0.1382388323545439,-0.045691926637663,1718.8535430908212,18
3.347815223038197,0.0472076162695884,59.3584748506546,-0.0214290376752614,-0.0111544989049434,1708.996379852295,18
3.38625265955925,0.0284843429457397,58.20076789855956,-0.0292894363868983,0.0284190289676191,1735.119583129883,18
3.4144507855176927,0.0627248644828795,57.51514444351197,-0.049094296991825,0.0450152590870857,1727.0138465881348,18
3.4284172117710114,0.073524186015129,57.04135460853576,-0.0494490385055541,0.0468440420925617,1723.4961029052736,18
3.4326584547758103,0.0543588310480115,56.4917619228363,-0.0268849968793798,0.0341154105961321,1749.682740020752,18
3.4316623210906982,0.0312216896563768,55.88890075683594,0.0078800260089337,0.0126417092978954,1784.3311767578125,18
3.668021678924561,-1.0248692035675049,25.06724548339844,0.9859259724617004,2.080808162689209,1420.28564453125,19
4.0651253356209285,-1.1282442698750317,20.972070054162906,0.8111828735357598,2.9466887229605567,-109.84025023255168,19
3.847139328340941,-2.483926395826702,31.52033421963076,2.121802167047428,2.9412099500245685,230.74101353898828,19
3.639001186889938,-3.604794908173477,38.32417430153376,3.624449105202397,2.0414050477969496,297.49050555651706,19
3.608406688593611,-4.082072614114495,39.17972154255155,4.002021191995355,1.604977577547484,86.99896462355989,19
3.649828186518029,-4.103520076486129,41.05528457255303,3.987744768963585,1.6288924805725675,19.395751808263103,19
3.685500319999985,-4.086810208574126,43.02594182461123,4.010182392748097,1.701732406133338,-14.92851097976104,19
3.70652727839313,-4.063393867468532,44.11953957473175,4.018577802030346,1.7348764689662788,-26.524656802793093,19
3.692829974089997,-4.073594914206976,44.97246131414099,4.053598687618593,1.7252995982954773,0.2885624849343529,19
3.686371564865112,-4.058764312840715,45.57183364675015,4.046814429609081,1.7155002121683918,26.4604606628418,19
3.694812762586377,-4.035073334657693,45.973613497577134,4.023953848247286,1.7236558153659485,39.96806919725634,19
3.70732073542438,-4.021914974043641,46.35868775090085,4.011356610286085,1.734535242183299,47.67235850080659,19
3.715908080716676,-4.0194224224814885,46.72299160534823,4.00889505917513,1.7419202327728271,54.99322031721283,19
3.712152313582505,-4.028098800514318,47.14033008527152,4.017018269888962,1.736549225034593,72.63209929647323,19
3.704641737515413,-4.038048901135409,47.46516756468181,4.02608643906026,1.72251083126551,93.1424528677252,19
3.6976509878907033,-4.044245810448369,47.76758198798457,4.031291349024713,1.7103555866434603,110.48982016647918,19
3.691455729400056,-4.042863761322407,47.99369865127757,4.027897834777832,1.701514413085165,126.58364433578298,19
3.6792616240585914,-4.045256180099294,48.032573868956746,4.028603085988684,1.6912061670158482,145.9232399855988,19
3.661533093150658,-4.05395315870454,48.05528365509419,4.037610090231594,1.6760768392418004,167.71142867848843,19
3.6572023584872864,-4.044289990316464,48.12888826297808,4.027125856544398,1.6718120680579656,176.78759978089153,19
3.657332260397416,-4.033357668526565,48.24714090854307,4.017115182514432,1.6739570113677014,181.53983026818383,19
3.649969393693948,-4.03643636160259,48.37620006030119,4.022163333772104,1.669882836975629,192.7537299047542,19
3.634206817119936,-4.048314879212199,48.55483212048495,4.035044458848011,1.6574403379536882,211.64096011391163,19
3.6193853118751615,-4.046422158615498,48.83611749093744,4.031987902484363,1.6448863661741908,235.35810156713555,19
3.613088493105732,-4.036184093620204,48.83096593542944,4.020396775837186,1.6400416666948343,248.81566745420045,19
3.6041079186186007,-4.039574921885623,48.92412026320832,4.026083387906039,1.6364130151422718,261.299868040447,19
3.602313126189799,-4.030171991903571,49.16798666459096,4.017764864088614,1.6339000674742687,272.80318402640427,19
3.604690246944186,-4.020737654046167,49.34235592129864,4.009764417817321,1.6402115716209895,277.0533872193928,19
3.583679434619373,-4.0317718650721295,49.47631613815887,4.0214798420290405,1.627567686612093,306.8010918339596,19
3.574666165098359,-4.025372598744646,49.50186789790286,4.015902814985831,1.6196061440660985,325.30415518072584,19
3.582237379460395,-4.006851962850064,49.44564201258406,3.997564849974234,1.6290909625306913,321.68282115308546,19
3.5848374215862417,-4.005928670303731,49.42280723475203,3.999311579933649,1.6378190713592722,317.9110586431962,19
3.5736927623990216,-4.020250948169563,49.52780455577223,4.01607118075407,1.6290527567078796,331.37930954558936,19
3.56362732754478,-4.028904208654089,49.664934544623655,4.025425416004809,1.618884871277628,344.79773335517206,19
3.551782529565352,-4.031594602367546,49.894575384598745,4.028147920777526,1.6084988419013688,362.5376362860957,19
3.536459074744696,-4.034106870240803,50.16239967829065,4.031999313378636,1.5932085227362718,387.4747638943829,19
3.532727959789807,-4.02347437339493,50.42217858230011,4.022223388092427,1.5859256650828109,402.8560342909415,19
3.5346956222872192,-4.015432985523079,50.72848443139957,4.017376785036884,1.5878121053116232,409.288954336432,19
3.5201396549804302,-4.023160608508919,51.1524112073681,4.027756642691696,1.572760180581974,437.0438495104826,19
3.5151154361193693,-4.01956848856769,51.2948166569577,4.023738127720507,1.5660716234883176,451.6195315590388,19
3.5134512321858464,-4.015918037559413,51.37670748746848,4.020430299300182,1.5664460070525543,457.4101145297666,19
3.510041502457631,-4.0144812758964825,51.4829981598673,4.02004107946082,1.5638250218162053,466.01565590387656,19
3.505665930011604,-4.015604815905607,51.55596933485587,4.021013205564475,1.5597365536267245,475.209897584553,19
3.503958208651482,-4.015885473806647,51.48305967789662,4.020495906660829,1.5592492675479457,477.56910029544105,19
3.5019124942489817,-4.0256184988384005,51.34017442147943,4.030418239062345,1.5579748259315007,474.2793355048457,19
3.4996824264526367,-4.034142032454286,51.44025966789149,4.039449516730972,1.5551847928686988,473.0817786108089,19
3.481638805775703,-4.050859240036976,51.80380210393592,4.058170849763894,1.5364361231840111,495.4837569224682,19
3.464747308175775,-4.050042505505719,52.105618706232384,4.054440063766286,1.515670451182353,525.1602721395371,19
3.471389559250844,-4.026192115831979,52.00434474703632,4.027265820322158,1.5225422925586942,525.0780322883703,19
3.4730212507368643,-4.024199340916887,51.80472026293791,4.025924993466727,1.527723707730257,522.3295241730123,19
3.4670008858547936,-4.034521271910848,51.73276471488084,4.0371544210216666,1.5238757480548908,525.9568257392207,19
3.4573899250996263,-4.044964515710179,51.80896860436548,4.047770608829547,1.5139136902893646,535.6435168302512,19
3.453039256832268,-4.045346374753155,51.88552373572241,4.046382873873167,1.507372788236111,542.5306118349486,19
3.454419615902478,-4.041853974137125,51.90399312369431,4.042108004606223,1.5086613327642031,542.3279782065862,19
3.447067544430117,-4.045157698136341,52.14750125740148,4.0472309921361225,1.5007611679125437,557.3056578817246,19
3.4305413719973985,-4.047051710418508,52.55833268467384,4.050483935995947,1.4826703147043157,591.7263137237934,19
3.4313818231413635,-4.028677294525919,52.75627594959887,4.030378740045089,1.476729638968842,612.7821353960641,19
3.439128101626529,-4.022067661526837,52.75177484826197,4.023634421674511,1.4845594673217095,612.7594086852255,19
3.4351003411449965,-4.033724609809585,52.70107230657264,4.035325804843178,1.484025460255297,614.283501347409,19
3.4231911429876014,-4.046906256977516,52.58507979670657,4.046949905685231,1.47464233712305,619.0422486896756,19
3.424830436706543,-4.043172498292561,52.467541948149474,4.041330488422249,1.474735131746606,613.0670984968355,19
3.431332198879387,-4.03827559495274,52.40347121033487,4.035276147383678,1.481353214269952,603.2104716240606,19
3.433064913447899,-4.037171544907968,52.54584203792524,4.035930211030984,1.482536896874633,605.6174455473695,19
3.4253502888015555,-4.038957743705073,52.93812336499178,4.040998036348367,1.4728597545925577,629.3315831437895,19
3.412846009942549,-4.039616204515288,53.28276989128016,4.043044054055516,1.4580509873885144,661.8978565071202,19
3.4094218272197097,-4.037189181846909,53.32661423502089,4.040093977240067,1.45280523013465,674.9997906262362,19
3.405501954163177,-4.038877426823484,53.43526753292808,4.042774900605407,1.449929732310621,684.7185321276701,19
3.40494230880013,-4.035344099696679,53.5166976300976,4.037417964090275,1.4482879985736896,691.6992496538766,19
3.408994716934011,-4.030866260770001,53.47954259944868,4.030016096332405,1.4526199449466757,688.6435485067246,19
3.4108943365797213,-4.026071614856962,53.519831379757655,4.023974017251896,1.4552229454245749,690.8832289297369,19
3.4056250113475173,-4.023279141776169,53.64392287821709,4.020811099040357,1.4499011085003235,707.0329296256922,19
3.4094384289995023,-4.011826409569269,53.71385583998282,4.009975372990476,1.4495881939236122,717.0943943458267,19
3.4085216673114638,-4.016431965405428,53.79403792755513,4.016947178900996,1.450233341772345,724.210820065269,19
3.4044367225864267,-4.023229396795925,53.837434237516376,4.023039422457731,1.4471002968051765,729.9210042832773,19
3.4070956254307228,-4.020995140075684,53.784914040867285,4.01833175707467,1.449503436873231,725.3385736006725,19
3.4099785029133662,-4.016878951953936,53.80799626700486,4.01405146453954,1.4519246454480328,724.3315228812302,19
3.4039004633698284,-4.024367157417007,53.768508331685126,4.020421124711821,1.4482585372804089,728.1519110957279,19
3.392720216437231,-4.029663565792615,53.86087362072136,4.028122403953649,1.4374421857580355,743.8035324676127,19
3.384821532647821,-4.024462241160719,54.122599493099166,4.025061154667335,1.4269629052922697,768.7891320337224,19
3.3853354454040527,-4.015288829803467,54.30370903015137,4.014421224594116,1.4251514673233032,785.1221923828125,19
3.389281170277656,-4.013169348994388,54.28858242759222,4.009194651736489,1.4294879859006857,785.7416976735561,19
3.3852790382843985,-4.015835013570665,54.40341893932487,4.0128599993790255,1.4266701763189291,796.5359087593948,19
3.3815167734894573,-4.017671458328826,54.424926323226735,4.0122965197019935,1.4227889459344405,804.4794767355617,19
3.3760543065735056,-4.02026661438278,54.44883008546467,4.016547824763045,1.4177239484424833,813.0477310373814,19
3.366324343258821,-4.023826363720471,54.64551046830189,4.0217903294140775,1.4090224730817578,832.5615883356406,19
3.361969754665713,-4.021121028103406,54.73096888578391,4.013654820526702,1.4042337129387674,845.8794099831883,19
3.366592929333071,-4.010105223595342,54.66207934029495,3.997040422656868,1.40636667873286,848.2881771039359,19
3.366809259487104,-4.00765259658234,54.66351830204831,3.992730453044553,1.4069159196901926,855.9521917029273,19
3.358785629272461,-4.008801653415342,54.8988779285286,3.9956439959852,1.3988769461836996,882.617383739616,19
3.351600348194943,-4.004565661466574,55.20715766617015,3.993389401254775,1.3882368214522736,916.3758587414706,19
3.3513668820827824,-4.006065199646769,55.304194148582745,3.9943819679791415,1.3881753758539128,928.7494220975078,19
3.3437904919250103,-4.01790481277659,55.39431060114993,4.004769361471828,1.3834624026395097,939.9104834447934,19
3.341643209698834,-4.011500539658945,55.54308715047716,3.997906992707072,1.3785354879838,953.5943054971816,19
3.3356481413298016,-4.0189948081970215,55.63861656188965,4.004032675224014,1.3740279176567174,965.3968513585344,19
3.327206364160852,-4.026502917084513,55.67479058760631,4.008601212803321,1.3664455096932906,976.5304743126976,19
3.3225828575182565,-4.019838188267961,55.81784723982026,4.001504212995119,1.3588911513738997,994.9823531138746,19
3.3197836875915527,-4.018252203736124,55.88976123664953,4.001260920415951,1.354827352716953,1007.2852984078322,19
3.325154431258576,-4.015882111802886,55.83743290961543,3.9960582407214975,1.359696622136273,1003.0517786726168,19
3.3311789579029325,-4.014426104630096,55.81390776815294,3.993336795251581,1.366300650789768,995.801641150366,19
3.3367504213429706,-4.0135564562640615,55.80051216898085,3.989923727663257,1.3716388805003106,989.6859633047368,19
3.3420472537414936,-4.0119098711617385,55.75128835364233,3.986565979221199,1.3768508826630026,983.0374454546578,19
3.3369448803648165,-4.010335004782375,55.953187097477006,3.989183914812305,1.3709767921061455,999.5926664328274,19
3.330760412578341,-4.013525244555896,56.12464040442358,3.9924307442918607,1.364494064186193,1017.2955924891218,19
3.323298701757117,-4.019036558609974,56.2423928417737,3.995220609858066,1.357633365105979,1033.9708143789558,19
3.316998783546158,-4.016528594342968,56.34473593023759,3.990633382072932,1.349378175373319,1052.8458406472507,19
3.3163430313520794,-4.007895662814756,56.41397712804094,3.980332193495352,1.3455111052416548,1067.659757589992,19
3.322169566456276,-4.001849150355858,56.38913562629797,3.971722246725348,1.3500015448920335,1069.9294000939478,19
3.3178996632370765,-4.009379954277715,56.48513101022455,3.980156159099144,1.3474702208856992,1080.6669543302512,19
3.3046775377249418,-4.021898951711534,56.683265299736696,3.994498904747299,1.3354978470862666,1101.7613896237142,19
3.295010369035262,-4.025659597372707,56.81231368342532,3.9986024702651592,1.32378719049164,1119.4696377138548,19
3.294649199594425,-4.023141601417638,56.81042905397053,3.9932183857205543,1.3216916217079646,1124.2126356680185,19
3.30132764200621,-4.015866273566138,56.72763005993034,3.981670696524125,1.326984763899936,1119.698684885532,19
3.307865501959113,-4.009775801549984,56.69215615188019,3.9740166000173054,1.3332210794279846,1115.9219708020173,19
3.298762138885788,-4.022635393504855,56.78462723840641,3.987183444107635,1.3282985385460189,1127.2140162987046,19
3.2976548430285875,-4.0087996555280085,56.85018095185485,3.9749519221390353,1.3223068110550509,1138.7734112317048,19
3.3027236899243126,-3.9944110354290734,56.97701871847805,3.963536677481253,1.325160581099836,1145.81550231161,19
3.2955296975147874,-4.002239287654056,57.206743602511246,3.974696684487258,1.3190909246855145,1162.124547258208,19
3.2854310575919814,-4.018579633930061,57.31964034068434,3.9912356409845473,1.3101965709577632,1173.991066461877,19
3.272028334533112,-4.033816319477709,57.389743708357024,4.008403415921368,1.2975193247010437,1184.9343601661392,19
3.2612173783628244,-4.039112257052071,57.47217921969257,4.013138085980959,1.2863853920864152,1196.1896060991892,19
3.25841495658778,-4.026842177668704,57.565554075603245,3.999828169617472,1.280951228322862,1207.481989220728,19
3.259046397631681,-4.013759118092211,57.65525578848924,3.987493892259236,1.2803116063528424,1218.0732105110264,19
3.254008468193344,-4.0203604939617685,57.66720614855802,3.995079583759549,1.277186111558842,1225.483679662777,19
3.259387011769452,-3.999320466307145,57.7254166422011,3.975250453888616,1.2786745610116403,1229.9674172703224,19
3.254209841353984,-4.0140285009070285,57.82735264452198,3.991880416870117,1.2783881591845163,1236.1965996464596,19
3.240860299219059,-4.034724956826318,57.926521735855296,4.013387942615943,1.2687919924530802,1246.0955285180974,19
3.2291474795039696,-4.044420972655091,58.04372237000284,4.023013947885247,1.259093649779694,1258.873252385779,19
3.2207006970538368,-4.048541524742223,58.0644028820569,4.026038679895522,1.2520845879482316,1268.9286792610264,19
3.218583607975441,-4.027504939067213,58.14054643655125,4.008076697965212,1.247615073300615,1281.3718308074565,19
3.216462479362005,-4.015155922008466,58.26849724974813,3.999471655374841,1.24621656046638,1294.505425175534,19
3.2112146208557903,-4.018639359293105,58.38647610628152,4.004396939579444,1.2443367122094842,1306.1320136347904,19
3.204160729541054,-4.025935761536224,58.44342019286336,4.014280023454111,1.2398874548417105,1315.355216110809,19
3.197802809220326,-4.032543580743331,58.48336086997503,4.021633142157446,1.236726762373236,1320.191840449466,19
3.195420654514168,-4.023562286473528,58.61327774917023,4.011622507360917,1.234176976016805,1329.359085276157,19
3.1952606122705003,-4.017854817305939,58.7117589153821,4.007318822643425,1.2340354708176624,1336.2962244733978,19
3.191143316558645,-4.023307896867583,58.80456270145464,4.014044191263899,1.2326780338830583,1342.8823806183248,19
3.176345411735245,-4.034381528443928,58.96217969097668,4.028023236914526,1.222262199920944,1359.803377175633,19
3.1511372403253484,-4.042618102665189,59.129393565503854,4.041109380842764,1.200625240048276,1389.2482485227945,19
3.138402211515209,-4.043527210815044,59.09166345717032,4.043495848209044,1.189077783234512,1400.6366986624805,19
3.1283442144152485,-4.03338816799695,59.1063364004787,4.034748071356665,1.1796624713306187,1410.8808470134493,19
3.104706169683722,-4.020245865930485,59.30280864087841,4.024544510660292,1.1585361504856544,1441.0069734597507,19
3.0672101567063152,-4.0196993622598765,59.490351544150826,4.029554020000409,1.1271451070338867,1480.7218960146358,19
3.036296059813681,-4.034153847754756,59.50527495372145,4.04529878761195,1.1031089206285114,1496.0596661145173,19
3.020671610590778,-4.028704929955398,59.57681716242923,4.038206163840958,1.0852154561235938,1496.7333010902887,19
2.978912579862377,-3.978444651712345,60.10576842102823,3.986511272720144,1.033848112142539,1532.8883319323577,19
2.904990594598312,-3.979628724387929,60.71162598042548,3.9865735060052025,0.9684265157844454,1565.7022936857195,19
2.820363138295427,-4.00538869447346,61.202003865302366,4.01341731638848,0.8959225076663344,1566.2521802684928,19
2.7279324214669733,-4.015624846084208,61.69883952563322,4.017246705067309,0.8096846168554291,1553.478925101365,19
2.618880015385302,-4.008925425855419,61.95838971681233,3.998050611230392,0.7034707122211217,1554.3589500716969,19
2.503574843648115,-3.864783472652679,61.819956356966046,3.842982796174064,0.5663586907748949,1601.0944275674935,19
2.475086701067188,-3.1477581911449213,61.480197713344914,3.13887764532355,0.4594393376308153,1640.1767377249805,19
3.1049636164797967,-0.0593058647988833,61.47790307636503,0.1098313158071601,-0.113982744656407,1607.9712709837308,19
3.299093916446348,0.1591531377804431,60.87015330640576,-0.1258870143490502,-0.0298430298608315,1721.25027040892,19
3.3496765109557134,0.0431428204608875,59.30489875696884,-0.0241935674360473,-0.0034013878601264,1712.9057238615014,19
3.3845426915567134,0.0231323026922307,58.27146341830869,-0.0346339510022839,0.0321332007363627,1744.2773839250397,19
3.407645631440078,0.0581804325308977,57.72490870801709,-0.0551971995943708,0.0483604905820345,1738.8595086592663,19
3.4156016730055025,0.0673247960549366,57.28480467011657,-0.0496836333901067,0.0478046636886989,1737.3111757688885,19
3.416496797452999,0.0511832169339628,56.72514739217638,-0.0212246356178314,0.0273602946743936,1766.0775216018094,19
3.406658172607422,0.033513605594635,56.21606063842773,0.0203652922064065,-0.0016281194984912,1809.6910400390625,19
3.657491683959961,-1.0574333667755127,25.34276962280273,1.0160433053970337,2.0850536823272705,1442.5980224609375,20
4.0533073024385295,-1.1829386159872552,22.350460052490234,0.8860397600823906,2.9628938565588303,-69.7172140376583,20
3.8699478343793534,-2.378689775041714,32.52988617283523,2.0383640770699567,2.9959327794943644,226.96081280556453,20
3.664146069508449,-3.5084497275625823,38.99877570085465,3.517065133258795,2.120600345028434,281.77477560833006,20
3.619342454679453,-4.06061297009705,40.1363410220784,3.975021327377125,1.6535905037715937,80.65407287694846,20
3.666755184246477,-4.08869546537946,42.17654727522735,3.9718641338834337,1.6623497085206829,20.13361001470284,20
3.708771540101167,-4.068967640020285,43.786868903287655,3.9934209775013527,1.7296182441103989,-21.27601830063352,20
3.722207471823237,-4.061483565409472,44.744964915476025,4.017647958864831,1.7514887569816249,-25.53153556775136,20
3.732008006162704,-4.045427808336392,45.51096555381824,4.018136364639185,1.7616098959734483,-11.91433953327738,20
3.737923124033934,-4.03497585976959,45.98612259299892,4.015176654621294,1.7662868104922544,8.99316583924993,20
3.738592717298277,-4.035739719488059,46.42183510361204,4.02026151851484,1.7651684367732636,30.89125923594094,20
3.733546244870325,-4.04130632862164,46.98677957133882,4.028918421192533,1.753719651015701,55.66813880774623,20
3.720401025881433,-4.04564192948068,47.43574443744247,4.034230718187466,1.733820521148147,86.05871956211746,20
3.7145422355384574,-4.033341553560488,47.619127820251855,4.019125665069386,1.7251450681382683,105.9215086432779,20
3.710033583792911,-4.020310739043412,47.64971965133764,4.004223134107651,1.723515853001054,120.78030128236028,20
3.697446086604125,-4.024464166847763,47.79978925862889,4.011565196286341,1.715263117650512,139.9951464416115,20
3.681959585019737,-4.031021576778144,48.08454523268779,4.021356455080069,1.698830963699681,162.075446159217,20
3.671077019090106,-4.029455798446753,48.30225923866223,4.0199459312827726,1.6868485280662586,178.19710827481217,20
3.663652745022136,-4.024447021970324,48.36423023491149,4.013700670497433,1.681733358437848,187.61911700789335,20
3.653471413691333,-4.0290831122428745,48.437341847996805,4.019147578318408,1.674477406368134,197.2122714291712,20
3.646784692812877,-4.02931415958769,48.57915127505163,4.019291212604304,1.6690543396457744,204.0915532203237,20
3.642503828000111,-4.02641688790291,48.71981340153202,4.015932468851661,1.666496970091656,209.6897964963488,20
3.637826700878751,-4.024616384202508,48.79380868802405,4.013402996549181,1.664493540290055,216.04542463752117,20
3.63627646531269,-4.018828437586499,48.81206062948628,4.0068468956431005,1.6657360989576693,219.611895421508,20
3.641278765004152,-4.006869999466429,48.80698941467674,3.9947467882921743,1.6732591284308465,216.9490046410044,20
3.638262678863137,-4.0140345263633,48.785205938254194,4.003758436555316,1.6732122070470434,219.8064809422584,20
3.624817710013906,-4.0309196672621805,48.83046022645987,4.021906160245276,1.6634823600198052,232.59347602212503,20
3.6096989713656673,-4.039006017575598,48.98504993414424,4.029991936531796,1.6500739208452262,251.698248893592,20
3.602104211309153,-4.033357999886677,49.23942553769251,4.024261887665767,1.6406807565385368,269.3949060136345,20
3.604743620392623,-4.020902384618285,49.350261566745246,4.011493075425458,1.6430287148542464,274.5808214321258,20
3.6008824497271497,-4.019487472096825,49.40502382995216,4.010533867368273,1.644628411645343,282.931531772492,20
3.589967155152825,-4.0274790290055,49.60432837419449,4.022328200613617,1.6353879415305557,301.4395495372213,20
3.57603444111575,-4.036211363069571,49.870038245134296,4.0319802077712525,1.6203819543692717,325.10495481065885,20
3.565094988816863,-4.037382317196792,49.86524659660971,4.031348629362264,1.6125435176169036,340.20920985519507,20
3.560458913730208,-4.034336293578908,49.81926389560578,4.028176076852592,1.6108594396311766,345.93470948820664,20
3.5530872223483527,-4.037002174717606,49.77935917362286,4.030837824390193,1.6077720503898183,352.89281837803543,20
3.5403674711847,-4.041465610455555,49.89411340701352,4.03592984387829,1.5989835383785758,368.6976388335988,20
3.5263714015863505,-4.040879021784303,50.13328530378402,4.03659519268449,1.585286742562701,392.2786764157046,20
3.5188835623917307,-4.033416429143043,50.382029515163154,4.030374375118572,1.5757509720553258,411.49675775029857,20
3.52284345049767,-4.020281220697294,50.57223335800657,4.019029192104461,1.578579582226504,416.5017533028961,20
3.520340333319014,-4.020762276497616,50.775625702681815,4.021780208417565,1.577206995077194,425.9522005312003,20
3.511958937736074,-4.026432781462457,50.94750959554296,4.02861635548294,1.5694259822748269,440.91162886892914,20
3.503258065812907,-4.030387431952604,51.15347151543684,4.034003072483524,1.559428381312425,457.0331036027069,20
3.4983670240754536,-4.0297586568601576,51.31826388608118,4.0330621968409055,1.5527140053973836,468.6540589545183,20
3.496245279433621,-4.029861176849171,51.29099069583188,4.032347126371541,1.552687736073877,471.0920161350517,20
3.489697208829746,-4.032393248977175,51.488394719020576,4.036399646929115,1.5454340375912416,483.0813454791999,20
3.486258251651837,-4.027888176547494,51.581420509678544,4.030512879608543,1.5416053913201495,492.8967728341461,20
3.480627389470483,-4.0285948613646685,51.67785131855376,4.032496950428957,1.536427762857668,504.3362376219149,20
3.474220562892355,-4.029616793249823,51.798516704778,4.033386075572603,1.5287409003373165,517.9253427298964,20
3.4732617876332275,-4.027742021402736,51.78940939447682,4.0307212088518085,1.5275169664127812,522.0473601711783,20
3.475857471964162,-4.02600702054941,51.88882757296228,4.030270078379637,1.5286263037639058,523.1240584258061,20
3.467489241035121,-4.0365838579311495,52.04525764125168,4.041425975265017,1.520600879268282,534.7035145364748,20
3.462239926028404,-4.038486993996201,52.07812920345622,4.041315731728912,1.5145081653716457,542.3837618493731,20
3.455720356315564,-4.042769517108893,52.11892500956347,4.046098867039771,1.508567016595488,549.7491431752587,20
3.4481294595511858,-4.044709157032572,52.2888988324791,4.048548179067624,1.4986414620830757,563.7910871566481,20
3.4500105259524787,-4.037176271912399,52.42466271758839,4.040257229167185,1.4978429709270502,569.8240881269904,20
3.4548213724877423,-4.031405536991776,52.45762347567613,4.033637040739606,1.502690357007798,568.9791236440087,20
3.452701018874053,-4.030544123072533,52.68548251109518,4.035415789124313,1.4999048163177102,580.8654629652667,20
3.4495925113653683,-4.029447315604823,52.85365956300383,4.034735527767498,1.4943099188956486,595.3553046937201,20
3.441313837743869,-4.039621404781463,52.89644639810939,4.0452549837197465,1.4886757765605951,605.0190732919486,20
3.426160938420873,-4.046254355436678,53.03050205206416,4.051731398151179,1.4737242224869456,625.8410286873009,20
3.4230123720351298,-4.03950777782756,53.056461601500295,4.042820787733527,1.4685711253220868,635.3792444702926,20
3.429137560971983,-4.0263003999260585,53.10478548183563,4.027898278206018,1.4732554832081886,637.1299932200438,20
3.430171794952101,-4.024467109874555,53.15626433548654,4.026273329546497,1.4748418832280834,642.5517632551255,20
3.4226440942970813,-4.030706484606312,53.291932318620624,4.03451160868262,1.4680072152690522,657.7622031436604,20
3.413978260793504,-4.031544791665047,53.51677494899482,4.03640168487646,1.4579017450855036,679.568629951234,20
3.411833779827045,-4.028445031232895,53.57484236796191,4.031169897431781,1.4550127671782378,689.4540276982982,20
3.4099948299918204,-4.026681438373153,53.625479218306815,4.029001296705501,1.453000171169354,697.3288613094645,20
3.4090105348331914,-4.02603643563143,53.64352280926553,4.027454500745057,1.4518462708041926,702.2346502413416,20
3.4064149704708417,-4.027874882813472,53.64407295178456,4.0270458330774,1.451020505018295,705.5912331745124,20
3.4035518685723565,-4.024528521641045,53.64769669550999,4.021959909208261,1.4476831392118126,712.8075371031549,20
3.401808040157245,-4.021598706579512,53.69769340563732,4.019624366881741,1.444929715934073,721.8433954518312,20
3.3987181460022167,-4.020604409989278,53.81954360767535,4.018969845619931,1.4416230666409633,734.477955812102,20
3.397594761696591,-4.0162983365878935,53.96216007402748,4.014308148888266,1.4392833261732842,747.7262864811405,20
3.395000536730335,-4.013920498501723,54.12835338616826,4.011825197061915,1.4363382743422393,763.4484715552845,20
3.3921641377127094,-4.011281365801574,54.268406618932254,4.009151416219724,1.432125131036066,779.6159380287122,20
3.391608593570199,-4.010521621461127,54.33071253102297,4.008136396954773,1.4310709443061975,788.0491476848626,20
3.3906481934201187,-4.013425131512296,54.34952982519842,4.010481876932132,1.431084403566494,791.0027695188097,20
3.383028618089712,-4.020969059816592,54.42034455317601,4.0185407711442105,1.4253439865294537,800.2033333748009,20
3.3747562921730574,-4.021136028751446,54.57475924643742,4.018737015450836,1.4167237395693542,817.3858409322751,20
3.3679615433808343,-4.018845840624183,54.72022465991367,4.014928371283658,1.4091782926753826,836.4410501467955,20
3.363332180460547,-4.017668441602379,54.75088284729393,4.011085622629542,1.4039360239247607,849.4323162880672,20
3.3616970648431472,-4.016885289720669,54.71562114642684,4.008785654784767,1.4020712732509444,854.9971053008061,20
3.359942469627234,-4.016079037052811,54.77981234507956,4.008924305059348,1.4005798458293746,863.0364718103106,20
3.3555273599685376,-4.01568144294107,54.98040373006444,4.0092124270785385,1.3966761151696467,879.3660379397639,20
3.3484976397957773,-4.020077301438447,55.1362436622571,4.01249117760142,1.3900528265412446,896.7982228273039,20
3.3394141333877663,-4.026763527256668,55.205215235424646,4.018140917371033,1.381787109526859,911.3395315765576,20
3.3316299049717606,-4.027624066468257,55.30360920414044,4.017892087341115,1.3733477311529172,927.427382936903,20
3.3356188026962768,-4.019227860080209,55.27162335632713,4.003975886448174,1.3752084340259527,929.7361761202478,20
3.344431161880493,-4.008191142112586,55.24608531879012,3.989491792241479,1.381976865659094,928.5222234057773,20
3.3475435266069544,-4.00797077956473,55.268850435876544,3.986583147838617,1.386055369286021,932.2347894170482,20
3.34576996724317,-4.009769454883163,55.30445417173349,3.988102420879777,1.383653459275604,941.816468062674,20
3.3413826341082338,-4.012454755746635,55.43008038952093,3.9931186460385657,1.379231553928108,956.3246265581458,20
3.333928541013389,-4.015099561897812,55.67186017856476,3.997084919814092,1.3716555704736406,978.834925171676,20
3.328383741864733,-4.020089990773778,55.7582931761529,3.999069475064612,1.365935311195957,992.8144212467656,20
3.325807944984193,-4.018605019636215,55.80194920339402,3.9976184322575854,1.361629703242308,1002.4960276609772,20
3.324958007047131,-4.018036900052599,55.86741346614376,3.996263654368698,1.3604600831961176,1009.6708615053992,20
3.3258300100921825,-4.016717418743546,55.9137778069563,3.9937108853820025,1.3606614565393726,1013.9460577509204,20
3.3253834566492944,-4.01573685931552,56.00342158906778,3.9934499415622393,1.3595695860066992,1020.7420308301404,20
3.322303073421405,-4.021200155756276,56.06306027454935,3.998639106750488,1.3571938587601775,1026.3956143324542,20
3.320552971712343,-4.022830176505313,56.10692253841716,3.9978052324550166,1.3552565946700466,1031.2117585589172,20
3.321568127650364,-4.015407644259702,56.17700030089944,3.989768608360533,1.3537981305152746,1038.6332315821558,20
3.319520430959714,-4.012168510704283,56.33588212614606,3.987873551192557,1.3510736971144464,1052.355946923517,20
3.313003395773044,-4.015099124543986,56.52179924545774,3.991176962093183,1.3439487940186907,1070.9347483641022,20
3.3119424042428376,-4.0159765929932805,56.56467882387198,3.9890944912175454,1.3417664827055231,1079.1413340963377,20
3.311874298533057,-4.0142167419385,56.58946359233492,3.984758949583503,1.3409737986364183,1085.5798922982185,20
3.3076890410891004,-4.015800870907534,56.66181418546446,3.9874265497657135,1.336424774425045,1096.8694080911623,20
3.300200887546418,-4.024847115680671,56.72961722209955,3.996205018584136,1.3299756892927133,1108.3679525776274,20
3.295349181837337,-4.027030246272968,56.76082198027593,3.996768825373072,1.3247203447256877,1116.7609124639232,20
3.294217665483997,-4.015829010374227,56.90956898100057,3.986880183979205,1.3206150919009167,1130.296395271447,20
3.290095863828234,-4.02272868915728,56.97674805950967,3.994115934250461,1.3172442100609945,1139.1914863343452,20
3.284319431159147,-4.032990847423577,56.99715304526554,4.003282234167597,1.312715336775324,1144.5153334307822,20
3.278038536667065,-4.036771664953536,57.06972129481613,4.005613323989188,1.3069824147376286,1153.481352787868,20
3.273164135635279,-4.031881575371809,57.16555535869234,4.001156445521458,1.3005302924259454,1166.4386056304736,20
3.271096762578199,-4.027884853873283,57.21451777561455,3.997756800074486,1.2975915032587233,1175.0843241503285,20
3.2703535602350904,-4.025302926446222,57.2622830336261,3.994834552145308,1.2967158996375503,1181.598678686057,20
3.267381382595961,-4.027878129558199,57.316111959469545,3.997580171390704,1.2944923829121195,1188.5200397467156,20
3.2656378882705788,-4.024591515777977,57.38602746368214,3.994110251687894,1.2921233344229923,1196.2012558469346,20
3.2664741376403037,-4.017130766704583,57.45374502194156,3.988461454962469,1.291241266924864,1202.716346692128,20
3.265900274750533,-4.019026230854593,57.52250586345697,3.9919113110584816,1.2914138979213252,1206.2741784745722,20
3.260565467700837,-4.028140730159298,57.63088853192178,4.001820480747587,1.288216369167255,1212.3752379204816,20
3.250475244157633,-4.037770632725612,57.78753666968862,4.013215724070361,1.2801208329048883,1224.2389366976015,20
3.243926389961486,-4.04291801999329,57.87595552092145,4.017479000577501,1.274286976285801,1233.8545909322752,20
3.239622658225381,-4.0423342224898615,57.92363121858828,4.017904075088015,1.2706970059947604,1241.3671081931727,20
3.232792436696921,-4.04409267947932,58.017677039857126,4.020959668858036,1.2660777956057503,1252.1450817326831,20
3.2272716707484737,-4.046196606508486,58.06755427949747,4.022616738726379,1.2625646667116006,1261.5649577341262,20
3.2220110635089267,-4.044748515839789,58.10427900180695,4.022634302734569,1.2587809562683103,1270.6281792707505,20
3.211234548289305,-4.041173913676268,58.26818432170114,4.024484248677636,1.249911641619008,1288.548465801652,20
3.197815629327373,-4.045011581129329,58.443575330600616,4.03202874797165,1.239582437618523,1308.310937966511,20
3.189237189141049,-4.054266656280324,58.48252800619526,4.039461205719383,1.2336872952758886,1317.4623269245124,20
3.188046654318548,-4.056320099314307,58.423886803305074,4.037706660616929,1.2333770291820454,1317.1761575686703,20
3.184633637689481,-4.046951491361971,58.50550317460564,4.0297944621675335,1.2301418507934376,1326.2110401323646,20
3.1755902827924984,-4.0515243809693935,58.59357367351557,4.035686678187862,1.2241739771168705,1339.079769450388,20
3.168869208378397,-4.036616140110477,58.69911626341996,4.024618206510119,1.215633530525645,1354.363978683569,20
3.165638855308484,-4.022054152883542,58.83992548657071,4.013766097415025,1.211264213938622,1368.3549268200138,20
3.1612253401689467,-4.022802851002687,58.92725423339066,4.017062044447394,1.208217164513412,1377.4489334009256,20
3.151237742916034,-4.026913706664067,59.02324652216237,4.024375292905576,1.2001320169230176,1390.0513192923966,20
3.139749687948045,-4.026822099260464,59.10585588102887,4.027009942729002,1.1895767207358294,1404.3831258397192,20
3.124493642977089,-4.022186285371234,59.19446668199673,4.028423069389003,1.175234069490129,1422.309325394357,20
3.098221999065132,-4.028152356481856,59.30821062804787,4.039799334896598,1.154065517103596,1446.5612816294288,20
3.0617654870270163,-4.037556866931308,59.41652873822838,4.049784374844497,1.1234306499456903,1475.0489960688694,20
3.026615188379956,-4.036072551824485,59.556301238430535,4.048511963741035,1.0897618980164745,1498.950845317476,20
2.9870354901453493,-4.03531982640552,59.82829216635151,4.048221657989891,1.0499301343966445,1515.7727447315383,20
2.924745098041121,-4.051596841994365,60.24902414212561,4.062271549443531,0.9908001654467004,1533.0104397330315,20
2.8475603783965866,-4.055361295201976,60.629784140617225,4.067735647699635,0.9162326265292556,1548.420854118979,20
2.7521309366651407,-4.044719547223134,61.05424295413266,4.051786702149992,0.8240485210327593,1561.389647659982,20
2.629095004622344,-4.033934347189156,61.446746874766745,4.0213510671238994,0.7078817372868776,1570.5701717692575,20
2.5076416055108326,-4.02095814723118,61.42267851616926,3.9993734617901455,0.5892812966541116,1577.386609119974,20
2.4104259105245025,-3.8993514692707447,61.03731330337039,3.881260221930828,0.4722769816589973,1601.5720175967851,20
2.406116541783521,-3.1882352434146224,60.48792347027239,3.1971426966843377,0.3981458854143787,1641.0460088450436,20
3.0719575714913145,-0.0523971444482249,60.9659380578691,0.1066475449853635,-0.1599834505349968,1617.0626967120324,20
3.28802171634261,0.1747861891795105,60.69398782815143,-0.1223935390923423,-0.0545989150644103,1741.015973328026,20
3.348389526840988,0.049461545837913,59.04503087329258,-0.0090350701242308,-0.0183309764856368,1711.5808175445366,20
3.390654392303176,0.0261391628723425,57.86656565575083,-0.0204148724449762,0.0178280650952438,1720.3329875970342,20
3.4178552080871194,0.0534489234541632,57.365209421534445,-0.045543865271055,0.0369209931676934,1729.9831472992137,20
3.427039468364351,0.0668703906095712,57.02485338441885,-0.0456234841684627,0.0463277435369171,1724.215222401224,20
3.4335279252119126,0.0521292857303741,56.51825366658011,-0.0300399714096148,0.0396462367361139,1746.4300031722728,20
3.4286110401153564,0.0300318617373704,55.97376251220703,0.0046587525866925,0.0119338445365428,1793.3995361328125,20
3.664191722869873,-1.0236188173294067,25.241321563720703,0.9834740161895752,2.070671558380127,1435.860595703125,21
4.065380208811183,-1.100838300908447,21.66393671217997,0.7457427788691915,2.933058524587352,-76.83315568668827,21
3.854146750869265,-2.462470025773261,31.452050688919748,2.0258678676216464,2.980899948982676,235.7280076142329,21
3.6192519087700328,-3.7068214811337215,38.40625019437948,3.711337170023827,2.0081307341338723,300.5280007526373,21
3.5879261463311067,-4.148361527995699,39.26473522793715,4.067375325852899,1.5588837505146196,93.71053693248967,21
3.640717860240086,-4.1217825610166905,41.10495019414623,4.003479784461344,1.6016352822066873,22.85507199718691,21
3.6901084511143383,-4.079706632407608,43.01476389891023,4.000202175917899,1.7000561436270452,-22.02981647564347,21
3.70501854009689,-4.063364672812686,44.09541809179221,4.018318704738738,1.734371871705268,-28.143815374678116,21
3.704306221312019,-4.047068030970871,44.75647497480842,4.021474009106873,1.7435923974225476,-8.547718825613622,21
3.698226111709692,-4.03612606692466,45.19787488317793,4.020881024135906,1.743041926128849,22.94103593279603,21
3.693539387101581,-4.028768536391532,45.57779856396329,4.018593089595722,1.7390083385880586,51.551099813667854,21
3.6919062881712703,-4.027891405069145,46.04997503681548,4.019898405500278,1.733122861309416,72.80023139905018,21
3.6900864437127567,-4.033630355907853,46.622494472819525,4.026365483642384,1.7214437275175836,90.63553599946816,21
3.6883290299944056,-4.035079132979083,46.97300416496908,4.025716951698255,1.7130837956811211,104.07022993731653,21
3.681506782580333,-4.042985126471064,47.276628239139626,4.03252363508674,1.7033402198439191,118.97791523538577,21
3.6752840561471927,-4.04369489402528,47.56169347094882,4.030694247810704,1.694206484563791,133.92502365598253,21
3.671149056428557,-4.038643809640483,47.78329589260611,4.0235675641685535,1.6881239801455454,148.06990867663342,21
3.6675252504409497,-4.035229139267259,47.95760605441537,4.019665666446564,1.6833822598123247,160.47797029337306,21
3.665362529693895,-4.029128991874161,48.08497935495559,4.013463515384942,1.682629609563548,169.81002720146424,21
3.6583877779116296,-4.030254430831618,48.31869509265681,4.016588949094153,1.6774514670584613,183.7055769999316,21
3.653615804234888,-4.026557193440237,48.4462102659189,4.012955811372988,1.6726261992363414,194.65892203750124,21
3.650340582914413,-4.023238640681953,48.43494694703704,4.009413424570849,1.672531987451444,199.84726797699167,21
3.645979404449463,-4.023426806091503,48.4454006510935,4.01053781873861,1.6724418621913644,204.33644259507489,21
3.639707639718512,-4.027144025085838,48.6063030024243,4.016098371736563,1.6676018124173402,212.90797813075363,21
3.632129084532428,-4.032518966942076,48.718010531868906,4.021771725575635,1.6607636441091065,222.80952025978428,21
3.6214781809764314,-4.037913680835894,48.81911198804333,4.026475636063108,1.6535170746457046,235.62194795061828,21
3.609350069313293,-4.041095293251572,48.9408796516953,4.029516696929932,1.644194170168251,252.55104609203948,21
3.5987842963759307,-4.040611999050068,49.041056906341744,4.028282967342693,1.6355057643477324,269.5836438221537,21
3.5931193828582764,-4.034785881163968,49.05048110378775,4.02203242793964,1.6336309849076969,280.095955818322,21
3.5912760063341467,-4.027894335947219,49.262166065774906,4.017615306149622,1.6329299925239222,290.1446890861365,21
3.5868990816128483,-4.0273808430714215,49.43788710673144,4.0185304204369805,1.6298296428789758,302.56568393585786,21
3.5759984323173573,-4.033688885391138,49.66496711779552,4.0268482675977575,1.6218133428294188,321.1944642279558,21
3.562272686867197,-4.035178044799027,49.937843954487214,4.029265112178341,1.6094420305482902,345.79775515027865,21
3.549832409354532,-4.032089704161237,50.12058700269954,4.027031965316481,1.599303165059181,368.3582709245621,21
3.540123734504554,-4.028563545008374,50.29838396789162,4.0255287133964,1.5911327896604113,387.1674050495124,21
3.5326121460859943,-4.028439646313904,50.4286026195356,4.026955729077576,1.5848053724143156,400.8990089756668,21
3.5274236961534826,-4.027337493410536,50.47320935680608,4.0255908753461895,1.5826859451403283,408.6595000248806,21
3.525834141263537,-4.02305986319378,50.54351626839608,4.022647174300661,1.582667801030882,413.4156159807922,21
3.5251712799072266,-4.01979908973548,50.73401768192364,4.02085847307922,1.5817164645832815,419.7958720018909,21
3.522349345456263,-4.017527689599687,50.82036430213102,4.018553174984683,1.5805684441973449,427.66204250845936,21
3.5207554079165124,-4.016219615936279,50.8415636925181,4.018029191691404,1.5796353065284194,432.8984895937003,21
3.521805406376055,-4.016814076976412,50.89666361717661,4.020016342211681,1.5797033621247407,434.17738526945664,21
3.516700929896847,-4.0252786077511535,51.043418155354296,4.029254451678817,1.5753230585414133,440.67601606041,21
3.5069698922953028,-4.030911934603552,51.18787568693708,4.034365845333999,1.5650296158092036,454.73221505523486,21
3.4998031345901977,-4.031818878878454,51.270358869224594,4.034769823596736,1.5571739757136935,466.0069797783141,21
3.495520600847378,-4.029640756594907,51.3557041678459,4.0325982919923815,1.5523571269527363,474.6534089495422,21
3.492217511887763,-4.0300219074176375,51.42586138294001,4.033391846213371,1.54812352824363,481.6534944765127,21
3.491110291450646,-4.030810322731164,51.41068982166849,4.033109494834949,1.54731861724975,483.0720945710589,21
3.483530705142173,-4.0388789602146025,51.46191041788478,4.041773161311059,1.54214821803342,489.7602500186604,21
3.4693474724034594,-4.044194084823511,51.70679736289249,4.047640047255595,1.5257377176527764,512.044341846636,21
3.4627326613019225,-4.041007877155474,51.89464085572844,4.044655954761869,1.5159504261745769,528.4674950860868,21
3.4559381934487896,-4.041742224602183,52.18147523236123,4.0478532633204365,1.5060213158844382,547.0278802373606,21
3.454846392771241,-4.038649467905616,52.35312603993021,4.043440563663555,1.5026845248641485,557.2734647131269,21
3.4584406910428576,-4.03504462454729,52.347537727112986,4.0384536913246105,1.506394671027068,555.9050394046079,21
3.458936600168799,-4.035833212980039,52.40137729523288,4.039775298659209,1.5079939919672194,556.8548008621119,21
3.452737124862185,-4.035506713162562,52.64865265378527,4.041120431985066,1.5002567639016802,573.6532239002786,21
3.447445283270186,-4.035905406733227,52.791863192418575,4.042207031492974,1.4931351060320617,588.8990976127089,21
3.43932791879982,-4.041486521435392,52.86920666542782,4.047202611425121,1.4863804388957418,601.2063198211087,21
3.429192117824676,-4.04265561073449,53.00188103451091,4.047793279028243,1.4770498290942733,618.3266484934812,21
3.423718658981809,-4.033929508962449,53.12323795002737,4.037591830940004,1.469346735128172,636.5881231028563,21
3.4263591477825384,-4.025775599631534,53.102381274958326,4.027614669435343,1.4712095837684194,641.516456944168,21
3.427702824780896,-4.022851643288971,53.152171675566656,4.024763325976718,1.4727996413115485,646.9900298877886,21
3.4212696157443294,-4.026478320929654,53.3473190744971,4.030879239367831,1.4661195285760673,664.4568819665604,21
3.4132089979329687,-4.030709321331826,53.49280565103908,4.035132569112595,1.457492015923664,682.1261382862261,21
3.41175571824335,-4.028086255310448,53.5289968988698,4.029833483847843,1.4554634792789531,688.9115581147989,21
3.414044081025822,-4.021166054306517,53.57261951713805,4.021227135020457,1.4574153559982397,692.7322780341858,21
3.40879277514804,-4.022112503173245,53.67471247873488,4.0228192305109305,1.4522572550803992,706.6366433307624,21
3.402238993128394,-4.024445627905001,53.78358860380331,4.026663719468815,1.4450961563997209,722.2583870857384,21
3.3946226174664345,-4.02630821155135,53.95646888587125,4.028404266211637,1.4381987767614377,739.9273222905056,21
3.3906611940663334,-4.023413336201078,54.017406293541,4.022688434382153,1.4331375155479285,752.4351246827727,21
3.390772002517797,-4.022154595441879,53.91743486246486,4.01901242383726,1.4331077959886782,752.6281248444964,21
3.390267230902508,-4.024517007694123,53.86692183184776,4.021629700994795,1.4334994395067735,751.5113362111863,21
3.3863130526937497,-4.027838248356133,53.92500186118351,4.02477422945059,1.4306393550459746,756.8482945922075,21
3.388887040933985,-4.0176697475895,54.04133734733436,4.012144820705341,1.4311825879819833,764.1752540928543,21
3.387703856085516,-4.015089071480332,54.139226463949605,4.00969320953272,1.4295728388865283,775.8031542346735,21
3.384543748418237,-4.015073563642563,54.22438136787172,4.009735508329549,1.4258408106056748,788.4654991976015,21
3.387156876788777,-4.008476072056278,54.32244450271509,4.001987442089494,1.4270689730431625,796.6057680943969,21
3.387804122487451,-4.008532657744778,54.35332855904937,4.000362757664577,1.4283474182627005,801.5923115918591,21
3.378432566952553,-4.015480433300042,54.49106712098335,4.009039116513198,1.420148388595338,819.4557024718849,21
3.374515800719049,-4.013741508410995,54.557681672892,4.0066290326938505,1.4141049218025936,832.3686912196457,21
3.367940992306752,-4.020743057226679,54.610230707059245,4.013990569266544,1.4100592424915095,841.5577392578126,21
3.356470439084776,-4.027108441492555,54.71498207529639,4.019585888856535,1.3995383734915667,858.388147050408,21
3.353801974825039,-4.022692091146093,54.72698940592967,4.011488838560262,1.3954953122290836,866.814995832504,21
3.355942413305781,-4.014803570546921,54.75596023365191,4.001400224722115,1.3960061012559637,873.3081124664112,21
3.3579578657818447,-4.010091438414944,54.83899844224286,3.996958731086391,1.3970465606944575,881.9209559738256,21
3.359301816126344,-4.010376392656071,54.90232742212381,3.995920093196213,1.3987059076880193,887.634204645825,21
3.35788879576762,-4.013068077670541,54.963524593669135,3.9974734889473886,1.398188329046699,894.0016666096487,21
3.351975286082857,-4.013364624825253,55.13823595472202,3.998330195238636,1.3914313779515066,912.300086148985,21
3.348820408438421,-4.010329240446637,55.30364283179022,3.9952800926888825,1.3866906948150344,930.0978479081656,21
3.3406947433568868,-4.016635812771548,55.45829734073323,4.001051592978702,1.3796199787953858,949.3426187114352,21
3.3381699893125303,-4.0139965191008935,55.52784697417241,3.9950450241186055,1.3751168068806836,962.2732866615248,21
3.34015895151029,-4.0099398467191465,55.53649428543771,3.9882791163815057,1.3758855974598296,967.845955818322,21
3.339984049462968,-4.010787942606932,55.5486096667636,3.988629632694706,1.3754382953522313,973.3512662656748,21
3.338203948014861,-4.0145525203388965,55.58447311790126,3.993322425587162,1.3744215745075492,978.2582762894356,21
3.3310234941494694,-4.019299704557771,55.76281662959202,3.999335377079666,1.3681767260193065,993.3611811741144,21
3.331974372742282,-4.012398012124809,55.86103395595672,3.991218718753499,1.3658188239783997,1002.5398532357184,21
3.331394904738019,-4.017011487559908,55.885006679850775,3.994574237021671,1.3665927777624434,1005.101796532892,21
3.3292626636043474,-4.01778998952003,55.91328454473216,3.9935518571525614,1.3636779215685122,1010.4241037551004,21
3.3344489601766987,-4.006397295909323,55.98780069533427,3.981653623520189,1.366172653854273,1014.7888218582056,21
3.325033980570022,-4.019732818482028,56.09899418824797,3.997937812926663,1.359475889023702,1028.0982922596536,21
3.3177786101201536,-4.02338180420505,56.22351343920276,4.001387532349605,1.3516787700592332,1041.503031542347,21
3.312292436125932,-4.026028405329225,56.31321368855276,4.004015886100235,1.3456627608864171,1052.3410512353205,21
3.309580219779045,-4.0268623752958455,56.34696770929227,4.002708207270143,1.342268377352672,1058.4810324504876,21
3.313354937134275,-4.020092377996749,56.35971011022094,3.992578588473569,1.344511407955437,1060.339029688744,21
3.3137748119937385,-4.01936388319465,56.38052382742524,3.990235611131996,1.3449549371269858,1065.0922190672272,21
3.309361295335612,-4.023124448812691,56.43723804935528,3.9945456374223065,1.341011821844016,1074.705528307872,21
3.3018488732113203,-4.029888781772297,56.51364466187301,4.002148142286167,1.3342738758986163,1086.5087377463176,21
3.295053345382593,-4.032026211926891,56.62064390729187,4.004526542250518,1.32710862159729,1099.455103783091,21
3.2914839124983284,-4.028688652500225,56.73820347391116,4.001772197188845,1.321648795133943,1112.025706297273,21
3.2906270740897794,-4.029256031012079,56.77361817572527,4.002044504615152,1.3204207693695262,1116.5508807722929,21
3.289951414059681,-4.025911640969052,56.891420449420906,3.998091041662131,1.319190430793033,1124.117984455862,21
3.288896112684991,-4.018239899046102,57.08527014665543,3.989838510561901,1.3163647575742878,1138.388182038714,21
3.284724238571848,-4.016838905917611,57.24990628479392,3.9901162499834775,1.3110819857591278,1154.9053667396497,21
3.2784826072158326,-4.025434199412158,57.30745070147666,3.999339179628214,1.30532621502117,1165.6544912544784,21
3.2749466167134083,-4.033870936958653,57.274759061776905,4.0051284504544205,1.3032243115127466,1167.829994930583,21
3.2730889168514565,-4.026275592245114,57.35601556377046,3.995933443118053,1.3002994219968274,1177.552092145203,21
3.271221021178422,-4.024770994854581,57.37921791319634,3.9963563156735367,1.2976883520745928,1184.7564588413118,21
3.2731804133980136,-4.021604164390807,57.39083111513952,3.9919120111283215,1.2992982583440793,1186.4073323049363,21
3.27371354163832,-4.0240196088317095,57.43872242824287,3.993189342462333,1.3013850784605476,1189.045103814192,21
3.266945129746844,-4.03342712608872,57.49067362402655,4.003080872213765,1.2964208171625806,1196.9241609026672,21
3.26146121389547,-4.032584263260957,57.57298759897803,4.004245144546411,1.2903930449941357,1206.8195567525877,21
3.258302252763396,-4.0339543136062135,57.613743217128096,4.006071069437986,1.2877416010874851,1212.5390329543193,21
3.2498576732198146,-4.037680118706576,57.75513764399632,4.0121650726172575,1.28125833705732,1224.792680290854,21
3.2409000639702863,-4.0412799810907645,57.88991884365203,4.017393482718498,1.273017125524533,1239.3623699990046,21
3.2371919732184926,-4.0425910828219855,57.920050359835294,4.017922456097451,1.2702541176680546,1245.664730387888,21
3.23353816597325,-4.038833180810236,57.99919427276417,4.01515405193256,1.2672393435885192,1254.992180502339,21
3.228631393165345,-4.045088063379762,58.015967812507775,4.02176158747096,1.2648829844347231,1260.8464643150378,21
3.221599451295889,-4.04691589258279,58.09099770807157,4.026020821492383,1.2597499766926856,1269.608497182275,21
3.2144605475626173,-4.043817586959547,58.24485640313216,4.024687302340368,1.253982423976728,1282.9114313793789,21
3.20976855648551,-4.039850979094293,58.39521026611328,4.02119198574382,1.2499930425814003,1296.226617703772,21
3.206287479704353,-4.038421949763207,58.47076911683296,4.021314918615256,1.2472070706118443,1306.3098292259654,21
3.1994914325179566,-4.044598047900352,58.507728163603765,4.030152241895153,1.2431288350159957,1313.228416102707,21
3.193819495523052,-4.049925846658694,58.54524539534454,4.033912142370917,1.239592513461022,1318.7819264405853,21
3.1822621123805925,-4.048249053347642,58.69133435389039,4.035033784854185,1.2296167110941212,1335.4039399942776,21
3.168600410412831,-4.040708590464987,58.85640429843004,4.031769864878077,1.2155559472976978,1358.586659036624,21
3.1620206119148597,-4.036176894121109,58.9184471907889,4.028496198593431,1.2091945979245908,1370.345350131867,21
3.1530484029441883,-4.038491203526783,58.9639701357313,4.032153685381458,1.202474444535128,1381.0168558108578,21
3.1340321310006893,-4.043837772053518,59.04839891081403,4.04118584675394,1.1874255108985174,1400.2407094384453,21
3.1107347998649453,-4.037984963435276,59.15503551701831,4.039922404441104,1.1659224952102467,1425.6624180496117,21
3.09081450541308,-4.018567859746848,59.28243058806012,4.024825746086752,1.1446640643344563,1451.0373783961982,21
3.075668379000038,-3.999882808916128,59.41154788557891,4.012330656598328,1.128092308712613,1471.458441667496,21
3.056522120336059,-4.0011330622776295,59.52074240423312,4.020049611474298,1.112206863749559,1487.4014457168091,21
3.0118063240294246,-4.0137535629758405,59.75664420644189,4.035454169959779,1.0740240090971542,1517.7842208959494,21
2.949011423025921,-4.029674973457483,60.14475801795911,4.047099313918193,1.014020871204935,1543.1296542222333,21
2.87654428573171,-4.02684338381336,60.57837963711684,4.041463472281292,0.9427889855044658,1560.3414431043493,21
2.785175593795291,-4.040200452136386,61.01822062206875,4.050409872820422,0.8612395126348853,1567.6020041301751,21
2.676365147730348,-4.082939160097936,61.35923910444709,4.080967332147489,0.7634443807753789,1552.8734869501393,21
2.553942256672366,-4.0687987485509005,61.475925372664335,4.051734644895905,0.6384932444353767,1560.0956867971238,21
2.4424732323664777,-3.984019601420993,61.15878407666638,3.9645175098613583,0.515246776638518,1588.245656784932,21
2.395586159578554,-3.5672056568656028,60.75450656672192,3.5614451025701657,0.4134720467078461,1629.2684139567575,21
3.057452151729803,-0.1820498404988807,61.04502389992878,0.2360416404001263,-0.1763953335915402,1574.616601251493,21
3.3032214854173603,0.1754242815789133,60.560345206291046,-0.1377476378800753,-0.0684668460659154,1690.557086920283,21
3.3584148564915743,0.0451792171046997,58.95624850813751,-0.020189283652955,-0.0188753832914649,1682.442085800657,21
3.4010648332583675,0.0251313865208511,57.72206985570823,-0.0298696489541962,0.0214417101993301,1709.446116453523,21
3.426154950621781,0.0561857660105275,57.21285208926839,-0.0483675172469418,0.0376608584099894,1715.723922049164,21
3.4334739256816307,0.0677336640418715,56.84835985511732,-0.0431930975644453,0.0414697561816425,1718.0049457914508,21
3.4374123804128853,0.0517058687604917,56.225467268828375,-0.0204546382164311,0.027466584139379,1746.977221057673,21
3.4366066455841064,0.0295090097934007,55.558712005615234,0.0106435356428846,0.005995076149702,1783.5819091796875,21
3.66436505317688,-1.0417696237564087,25.129056930541992,1.0017606019973757,2.087003469467163,1423.7694091796875,22
4.05764282361055,-1.172534215144622,21.539792036398865,0.8674776091789588,2.9559395756476965,-103.56593068440756,22
3.8524018098146486,-2.428688617853018,32.749948892837914,2.082129962933369,2.9617124245716977,254.05400418012567,22
3.6546360025039086,-3.546669134726891,38.95640696012057,3.566971769699683,2.0787996374643765,291.39799616887024,22
3.623779052343124,-4.051513121678279,39.61300228803586,3.968253331306653,1.641317239174476,76.85957708114233,22
3.674172965379862,-4.073783480204069,41.53554823459723,3.957584355122004,1.6668337163252709,7.211150047106629,22
3.7134130734663744,-4.066005651767437,43.330937752356895,3.991276465929472,1.7378081129147456,-32.80765738854041,22
3.717596616500463,-4.071550185863789,44.394489532861954,4.030236063859402,1.7499948151600666,-31.575583726931843,22
3.709704680320544,-4.067403426537147,45.01854402591021,4.045857918568147,1.7421438266069462,-9.941491933969356,22
3.7063280114760766,-4.055284949449392,45.6839416210468,4.043045254854055,1.7366542701537793,15.33014590923602,22
3.707496471894093,-4.040902315041958,46.32459880144168,4.030561361557398,1.734008700419695,40.022730607252846,22
3.706988646433904,-4.032833074912047,46.7701696004623,4.020805105184897,1.7303643005016522,63.951236406962096,22
3.70315146446228,-4.03308182496291,47.065948486328125,4.019517641801101,1.7234827096645648,85.60705390343298,22
3.698888083299001,-4.037662943204244,47.335659980773926,4.024204810460408,1.7152678469816844,102.1383336385091,22
3.698639154434204,-4.032509785432082,47.57685343424479,4.017259836196899,1.712513893078535,113.03986358642578,22
3.701240145243131,-4.0218019760572,47.772017845740685,4.0051423127834616,1.714125463595757,121.4768307025616,22
3.7009458236205273,-4.014710377424192,47.89122468997271,3.997865303968772,1.7149829314305232,131.43414111015124,22
3.6889455119768777,-4.022434008427156,47.99994996877817,4.007994373639424,1.7075318189767692,149.45170671511914,22
3.6658248626268826,-4.037947691403902,48.22427720289964,4.026088677919828,1.6860122497265155,178.10877990722656,22
3.653977511784969,-4.032587940876301,48.37119794503237,4.019749078995142,1.6735559977017915,195.6639901185647,22
3.651529318247086,-4.020120119437193,48.48726282364283,4.007057691231752,1.672056265366383,202.49032162397336,22
3.647554044540112,-4.018968233695397,48.54334038954515,4.007064259969271,1.6706031881845915,207.80619107759915,22
3.636681712590731,-4.030458627602993,48.58732614761744,4.019836493027516,1.663635837726104,216.94188005496292,22
3.621879418691,-4.041519779425401,48.70212669861623,4.030953324758089,1.6521177742725763,231.0770032833784,22
3.6070830821990967,-4.046629685621995,48.8329837505634,4.035051419184758,1.6398580074310305,248.3346569354717,22
3.599820363215911,-4.0444723551089945,48.99740791320801,4.03283924017197,1.632422131605637,260.89418851412256,22
3.6011796792348227,-4.033541123072307,49.155521392822266,4.021379232406616,1.634737233320872,265.7982177734375,22
3.5956694162808933,-4.03435387978187,49.28049835791955,4.023587657855107,1.6342894916351025,276.75025353064905,22
3.5805070094573197,-4.0421313261374445,49.40174885285207,4.031817436218262,1.6235478902474427,299.3991323617788,22
3.5703362058370542,-4.036914498378069,49.48080926063733,4.026504519658211,1.6166868301538322,318.2876782539563,22
3.5658896886385403,-4.030705451965332,49.48990469712477,4.02147283920875,1.6150778073530931,328.8162513146034,22
3.562615714012048,-4.027635008860857,49.69941420432849,4.021347938439785,1.6134125888347626,339.3664331680689,22
3.559799286035391,-4.022909567906306,49.93623342269506,4.017912400074494,1.6108914338625395,351.4606182391827,22
3.55703852726863,-4.020201517985417,50.07235350975623,4.0166242856245775,1.6095387156193073,361.2996520996094,22
3.5529587880159035,-4.021757119741196,50.2166073627961,4.019934012339665,1.606415141851474,370.8716195913461,22
3.54423854748408,-4.027644958251562,50.3000275293986,4.026263114733574,1.599931496840257,382.9923494779147,22
3.5330869601323056,-4.033393529745249,50.373857058011566,4.032176127800574,1.5906764635672936,397.0502366286058,22
3.524792044590681,-4.031790776130481,50.53045461116693,4.031004392183744,1.582809322919601,410.8188993013822,22
3.515896072754493,-4.031293954604712,50.73259524810008,4.0320027608137865,1.5734678017787445,427.2715688852164,22
3.50827431678772,-4.0312340259552,50.935150146484375,4.032634139060974,1.5643928349018097,442.964111328125,22
3.507557465479924,-4.024246411445813,51.12332701071715,4.026393156785232,1.5630397980029769,451.0797494741586,22
3.498645009138645,-4.027460914391738,51.255711506574585,4.0301971802344685,1.555748590292075,466.1972390199319,22
3.493068419969999,-4.027458722774799,51.27435170687162,4.029966977926401,1.550160866517287,476.3695350060096,22
3.4907376689788623,-4.027366091043521,51.30300783499693,4.030036262976817,1.548398386209439,480.8191418770032,22
3.487422136160044,-4.027055581410726,51.37644440088517,4.029486350524119,1.5459290681741176,487.16158353365387,22
3.484331869162046,-4.024211131609404,51.414197995112495,4.026434109761165,1.542818470643117,495.07337130033056,22
3.4856725258704944,-4.021858857228206,51.48196166600937,4.025138604335296,1.542768718340458,498.2151301457332,22
3.476543084169045,-4.032811935131367,51.65364509973771,4.037212598018157,1.5336634998138134,511.3980274689503,22
3.470385789871216,-4.034305499150203,51.826009897085335,4.037927700923039,1.5249106700603778,524.3700984074519,22
3.467105298470228,-4.0327623929732885,51.96389371920855,4.036203558628376,1.5202862566862352,533.8442821013622,22
3.4618191719055176,-4.033246914545695,52.10389103033604,4.036611196322319,1.5145524388704543,545.695828951322,22
3.4562167525291443,-4.031375866669875,52.247451708867,4.0345862461970405,1.5076465492065136,560.1533062274639,22
3.454512119293213,-4.02939494450887,52.32953389485677,4.032751401265462,1.5042469104131062,569.05859375,22
3.4515329339565377,-4.031721426890447,52.34679476420085,4.033915638923645,1.5023896571917412,574.1744024814703,22
3.4518498182296757,-4.029558805318979,52.38698871319111,4.0319512990804816,1.5012439214266264,577.580336350661,22
3.449038999202924,-4.034071824489495,52.504957272456245,4.037939924460191,1.4978865400338783,583.9532290727665,22
3.4378230082683072,-4.045203746893467,52.63056417611929,4.049117320623154,1.4876599800892365,597.1470039563301,22
3.426831318781926,-4.04530772796044,52.81988305311936,4.048263017947857,1.4758021579338954,616.3361440805288,22
3.422084854199336,-4.036549886067708,53.0247422242776,4.039907632729946,1.4678252874276576,636.1135645157251,22
3.418834510522011,-4.031968214573005,53.19759723467705,4.035430620878171,1.4634055907909689,653.3531306340144,22
3.4203248023986816,-4.0258852151724005,53.25073711688702,4.026542516855093,1.464282145866981,661.1127460186298,22
3.422710595986782,-4.022057083936838,53.22881652147342,4.020773083735735,1.4678586362264094,662.8265732985277,22
3.416092643370995,-4.025374919940264,53.30492361997947,4.024788648654253,1.4618257574546032,676.2448386167869,22
3.4076731159136844,-4.028969819729145,53.4029566691472,4.029753905076247,1.4525920060964732,692.6544236403245,22
3.404061794281006,-4.029538191281832,53.48694219344701,4.031368524600298,1.4477432263203156,702.9286577273638,22
3.4013402263323465,-4.028257608413696,53.69391250610352,4.02996301651001,1.4453958173592885,715.1962381998698,22
3.3965785319988546,-4.024607566686777,53.90732545119065,4.025634417167077,1.4393950884158797,734.5451096754807,22
3.3936254382133484,-4.0235475699106855,53.924085250267616,4.0220926113617725,1.4356932196861658,744.52146481245,22
3.3991745007343783,-4.018052480159661,53.82503646459335,4.013730452610896,1.4410984027080047,739.1375638521635,22
3.391575231001928,-4.026198313786433,53.89984211554894,4.024762529593247,1.435716305787747,749.0313180776743,22
3.382724260672545,-4.0315670905969085,53.95683983044746,4.029850348448142,1.427113210543608,760.9193240434696,22
3.378759199228042,-4.030970536745512,53.97191681006016,4.027145358232351,1.423267614382964,767.0330747946715,22
3.378491346652692,-4.024814018836389,54.01905001126803,4.019127882443941,1.42185338643881,773.99267578125,22
3.380354398336166,-4.019601128040216,54.03600873702612,4.012631208468706,1.4225694307914147,778.8888745430188,22
3.384118214631692,-4.017762067990425,54.00535202026367,4.010197223761143,1.426145810347337,777.6166804387019,22
3.382753395117246,-4.022315795605,54.01968545180101,4.014705263651335,1.4264847498673658,779.1149198091947,22
3.381777555514605,-4.019099712371826,54.13948685083634,4.011670222649207,1.4244442108349922,787.808099208734,22
3.3788772347645883,-4.014987539022397,54.36640624510936,4.008075258670709,1.4208474556605022,806.0470659304888,22
3.372421979904175,-4.012598752975464,54.603342056274414,4.005569934844971,1.4131855964660645,831.6646728515625,22
3.3678680138710217,-4.009185647353148,54.79924627450796,4.00167303513258,1.407081480209644,855.0583957769929,22
3.36425737845592,-4.007318093226506,54.95458749624399,3.997943272957435,1.4028138930980976,874.7364971454326,22
3.357712530172788,-4.011704940062303,55.05417354290302,4.003363526784457,1.3963313469519982,891.9060774583083,22
3.351834731224256,-4.015722293120164,55.1553276746701,4.0058258680196905,1.3914526471724875,905.1791733961838,22
3.351481183981284,-4.011412348502722,55.21983276269375,3.9988638850358815,1.3893377559307294,914.2836194160656,22
3.3537338880392222,-4.010796290177566,55.18033012977013,3.9962253387157736,1.3912996787291307,914.1823354867788,22
3.354635946261577,-4.013966325001839,55.10351293514936,3.9969955881436663,1.3932870802206871,910.3362684983474,22
3.3558213955316787,-4.009455020611103,55.166517404409554,3.993402273227007,1.3933010254150782,914.6489101312098,22
3.3541989601575413,-4.010438882387602,55.26934352287879,3.995685008855967,1.391717709027804,923.2585789607122,22
3.354186675487421,-4.012727823012915,55.26885086450821,3.99672330954136,1.391676514576643,924.4173411833934,22
3.3539766501157717,-4.015222078714615,55.27196879264636,3.998612431379465,1.3926750811246726,923.796854654948,22
3.343600016373854,-4.01825343645536,55.50274188701923,4.004044844554021,1.3824117825581477,945.674302321214,22
3.337542017300924,-4.011146227518718,55.763604482014976,3.9983439246813455,1.3731174568335216,971.3464965820312,22
3.333091515761155,-4.016919747377053,55.83554859650441,4.00170373916626,1.3691510053781362,983.59084378756,22
3.329924890628228,-4.022202317531292,55.80425005692702,4.004178459827717,1.3665549594622393,987.3270263671876,22
3.3284132297222437,-4.021200216733492,55.82072355808356,4.0010836735749855,1.364578942457835,992.4613514435596,22
3.3283526255534244,-4.01858464265481,55.85690926282834,3.9957429323440943,1.3639199764300616,998.8412021734777,22
3.3284168243408203,-4.017740506392259,55.83440721951998,3.99118788425739,1.3637968760270338,1003.3512009840744,22
3.3281547992657394,-4.013786477920337,55.876372361794495,3.9871236376273327,1.3622012849037464,1012.300279274965,22
3.3226223481007118,-4.01904245523306,55.97926868536533,3.993813585012387,1.3575930763513615,1026.0245283077925,22
3.3180093948657694,-4.020021750376775,56.09680425203764,3.9948742114580593,1.3521888783344855,1039.651113656851,22
3.3181226742573275,-4.014324090419671,56.23507934961563,3.988638963454809,1.3503970091159527,1051.3441318609775,22
3.3166453685515966,-4.015200960330474,56.342736390920784,3.98863773009716,1.348505173738186,1061.5821627103364,22
3.3107703649080715,-4.021787918530977,56.43336046659029,3.994675251153799,1.343019187450409,1073.2162146935095,22
3.305218672141051,-4.023345455145225,56.527696756216194,3.995837069474734,1.3364569682341356,1085.78659370618,22
3.304141998291016,-4.018874645233154,56.596544901529946,3.990016619364421,1.333384990692139,1095.236083984375,22
3.3036751747131348,-4.018409298016475,56.64288410773644,3.9879898933263926,1.332852569910196,1101.9576228215144,22
3.2990730297871127,-4.022335089170015,56.69270794208233,3.991212401634608,1.3284948376508858,1111.5008654472156,22
3.296763239762722,-4.020357682154729,56.74370792584541,3.989551840684353,1.3248510437133985,1119.9549505771731,22
3.2974905417515683,-4.0126753220191365,56.8503916813777,3.9835062760573168,1.3234085944982676,1128.3617788461538,22
3.2974895330575795,-4.016232331593831,56.92283921364026,3.985907582136301,1.3239102417077773,1132.9379241160857,22
3.2947122683891883,-4.023796136562641,56.94843101501465,3.992669594593537,1.3219670026730268,1136.0991727388823,22
3.289216871444996,-4.026842750035799,57.02516034933237,3.9972211718559274,1.316093745139929,1144.065220759465,22
3.2844482446328187,-4.023694344055959,57.16581892355895,3.996106545130412,1.3101723927717943,1155.0979567307693,22
3.2834741213382816,-4.016344651197776,57.31844787108592,3.988731919190823,1.307562971726442,1165.6885626377205,22
3.2805656836583066,-4.022421965232263,57.37897051297701,3.994665613541237,1.3055373338552625,1172.2633244441106,22
3.279149801303179,-4.026278685300778,57.37320648095547,3.996530144642561,1.304523466489254,1174.608412522536,22
3.2790442613454966,-4.024493180788481,57.37990325536483,3.994050949047773,1.3044991156993768,1177.2167280148235,22
3.2745354175567627,-4.0288296937942505,57.42829608917236,3.999132871627808,1.30144801735878,1184.016082763672,22
3.266595660111843,-4.039989715967423,57.44082348163311,4.0101216083917866,1.2960211451237018,1190.6285572541065,22
3.2566323448450136,-4.040086003450247,57.57463472317426,4.01323449305999,1.286270648241043,1205.2782483223157,22
3.2479848311497617,-4.0398424955514765,57.71990115825947,4.014935420109675,1.277835378280053,1221.0686129056492,22
3.2407753941340323,-4.041817304415581,57.81997247842642,4.018035335418506,1.2717320437614734,1233.326471573267,22
3.2351769239474564,-4.043525573534843,57.885922016241615,4.020194781132234,1.2670553173774328,1242.905445587941,22
3.233487688578092,-4.046787812159612,57.88355878683237,4.021817299035879,1.2672573052919829,1245.1675415039062,22
3.2265935372083616,-4.051247352208847,57.97068561651768,4.026812590085543,1.2630912921367548,1254.6625100160256,22
3.222441025269337,-4.043848413687486,58.083864040863816,4.021562264515803,1.2587418258190155,1266.487546480619,22
3.219314345946678,-4.039961484762339,58.20530774043157,4.019107158367451,1.2570491845791156,1277.0407010591946,22
3.213231817269937,-4.042889750920809,58.32750816834278,4.023527567203228,1.2535302562591355,1288.8500452286155,22
3.203836661118728,-4.04957695496388,58.42047970111553,4.032124580481113,1.2467429454510028,1302.0479360727163,22
3.1953711968201857,-4.056644375507648,58.42821979522705,4.03957200050354,1.2408758654044223,1309.9679307204026,22
3.185506065686544,-4.049280563990275,58.544878005981445,4.034860293070476,1.231636822223663,1325.593302408854,22
3.174953712866857,-4.041517719244346,58.699956918374085,4.030229513461773,1.221643246901341,1345.2393642327725,22
3.1682219872107877,-4.038996806511512,58.76675415039063,4.028436000530537,1.2155778683148897,1357.8123121995193,22
3.164793372154236,-4.039201840376243,58.74796243814322,4.029050768950047,1.2134538407509143,1362.0110982259114,22
3.1573098439436693,-4.037131670193794,58.78284698877579,4.029958468217116,1.207324015788543,1370.5384161533452,22
3.143957197666168,-4.021460569821871,58.98444652557373,4.02032760473398,1.1933024709041302,1394.01560152494,22
3.1267533118908224,-4.033367743858924,59.10619168403821,4.034256653907971,1.1803195904462769,1412.7013815855366,22
3.1043337262593784,-4.03817846530523,59.20187133397811,4.041434932977725,1.160777684205618,1433.197552803235,22
3.0728574441029477,-4.0390953834240255,59.34244419978215,4.045439371695886,1.1331810721984277,1462.3672907902644,22
3.03413578027334,-4.041407407858433,59.46956113668588,4.050997245006072,1.099063391104723,1491.3663322253103,22
2.988631847577217,-4.029232135185828,59.712790171305336,4.041559304946508,1.0546081921993158,1521.70944135617,22
2.925683214114263,-4.007428407669067,60.2147483092088,4.016962693287776,0.9887638997573126,1555.285090519831,22
2.850357954318707,-4.014562460092398,60.710204784686745,4.023799639481765,0.9196574504558858,1570.2696063701924,22
2.764465332031251,-4.04522434870402,61.12661933898925,4.053141951560974,0.8440949817498534,1562.6051432291667,22
2.659757724175087,-4.0726237297058105,61.45026016235352,4.069227878863995,0.748747839377477,1548.9854172926682,22
2.5440409321051374,-4.062338624245081,61.4347345890143,4.044993690955333,0.6386084036949349,1554.7477377867087,22
2.445126973665678,-3.975972652435304,61.16697947184245,3.953125097812752,0.5265804070692803,1580.341599684495,22
2.4061943246768074,-3.509638213194332,60.78889854137714,3.500877082347868,0.4143936656988581,1623.134028508113,22
3.097270231980538,-0.0703994295536125,61.14142657548954,0.1240848348691091,-0.1979591231315529,1594.943606645632,22
3.301307424520835,0.1610380449356178,60.70701210315411,-0.1302835128914853,-0.0492430469737603,1707.5022316957131,22
3.3625471958747277,0.0420147874750776,58.85568809509279,-0.0182176933337291,-0.0113909201553238,1674.775094839243,22
3.408508325234437,0.0248097184663399,57.58940400832739,-0.0317023288195903,0.0250588988837522,1694.8507283528645,22
3.440433361591437,0.0582181383401921,56.952709491436295,-0.0509566066738887,0.0414831925852176,1688.9016989683494,22
3.451653581399184,0.0649365209616148,56.54807039407584,-0.0438594869696177,0.0476027426238243,1699.3030372032752,22
3.4514971513014574,0.045635992135757,56.02742865146735,-0.0170288008446685,0.0353501497361904,1736.675225673578,22
3.446419255855756,0.0195529502458299,55.43619796557304,0.0138580786506046,0.0152121229240528,1767.8685834835735,22
3.442930221557617,-0.0023059237282723,54.62585067749024,0.0277979914098978,0.0074308328330516,1771.5621337890625,22
3.663019180297852,-1.079186201095581,24.97072410583496,1.040788173675537,2.1162028312683105,1409.4078369140625,23
4.058065566149625,-1.2252886999737134,20.076066970825195,1.0341544937003744,3.0241233002055776,-162.3142381147905,23
3.8600147420709785,-2.351285067471591,29.60257807644931,2.1030925620685927,2.9670169786973437,167.0754248879173,23
3.629534721374512,-3.5915327614003965,36.32225522128019,3.6263900019905786,2.000858881256797,219.6241434270685,23
3.603709177537398,-4.025865511460737,38.13457974520597,3.955209146846424,1.6142832040786743,68.88508501919831,23
3.655194965275851,-4.056119615381414,40.73079854791815,3.9540943882682105,1.6538541967218574,7.658064755526418,23
3.695338292555376,-4.057298270138827,42.84679412841797,3.9898407459259033,1.7243680195374922,-21.28690927678889,23
3.705595352432944,-4.05968434160406,43.98455481095748,4.0195653872056445,1.7435059493238276,-15.628722797740592,23
3.705302195115523,-4.055030822753906,44.888349359685726,4.030812133442272,1.7429305965250188,8.758356137709196,23
3.704365166750821,-4.040879813107577,45.43661308288574,4.0230699669231065,1.741002982312983,36.7970473549583,23
3.696353088725697,-4.042576443065297,45.89543394608931,4.029328519647772,1.732782949100841,65.96770338578662,23
3.6896618604660034,-4.045965671539307,46.48298072814941,4.034725904464722,1.7196297645568848,89.94178009033203,23
3.68980208310214,-4.04099802537398,47.05005194924095,4.028746474872936,1.7103206569498235,106.1563686024059,23
3.6935152574019,-4.031866615468806,47.42903605374423,4.01743052222512,1.708581008694389,116.71480144153942,23
3.69921443679116,-4.019810329784047,47.7876108342951,4.0044636292891065,1.7120053117925471,124.8211080377752,23
3.691241578622298,-4.02495171807029,48.01801750876687,4.010452942414717,1.70492545041171,142.72274364124644,23
3.68068062175404,-4.02716250853105,48.17326216264205,4.013380094008013,1.6952885822816328,161.14247131347656,23
3.672799999063665,-4.024343967437744,48.30107290094549,4.011630730195479,1.6884236173196272,174.70853354714134,23
3.660631309856068,-4.029269218444824,48.42619947953658,4.018087993968617,1.6795991442420266,189.49050487171525,23
3.643690672787753,-4.0363453735004775,48.55301995710893,4.025155392560092,1.6651255921884016,208.85281510786575,23
3.6390503319826992,-4.029994747855446,48.5472526550293,4.017471703616056,1.6612812280654907,213.8907734264027,23
3.636685837398876,-4.024381594224409,48.46150554310192,4.010564283891157,1.6640936461361973,213.8689061945135,23
3.630589246749878,-4.027982711791992,48.44478988647461,4.015326023101807,1.6630336046218872,217.7522125244141,23
3.619226119735024,-4.037968418814919,48.59761532870206,4.0266619162126025,1.654305880719965,229.92713928222665,23
3.6079595522447065,-4.04242567582564,48.81322063099254,4.031104911457408,1.6431042714552446,246.68525140935725,23
3.602477117018266,-4.04113635149869,49.0037394436923,4.029813983223655,1.6369493332776155,258.6946085149592,23
3.596406308087436,-4.041404680772261,49.12496150623668,4.029896389354359,1.6331595615907148,270.0407603870739,23
3.588295091282238,-4.042799082669345,49.230445861816406,4.031596920707009,1.6284669041633606,283.604531028054,23
3.577273498881947,-4.044066732580012,49.46766038374467,4.034278306094083,1.6204421628605237,303.67012162642044,23
3.5683211304924707,-4.038703896782615,49.669431166215375,4.029265490445224,1.6120735948736018,324.68541925603694,23
3.5638281865553423,-4.033298925919966,49.683740095658735,4.0241828398271045,1.6114144216884263,335.21623091264206,23
3.563125404444608,-4.023352189497515,49.78579885309393,4.016018217260188,1.613630712032318,342.6745161576705,23
3.567499724301425,-4.014766086231578,49.90853431008079,4.010039286179976,1.6181941357525913,344.775146484375,23
3.561495780944824,-4.022721290588379,50.09280967712402,4.020307540893555,1.6146619319915771,355.4971923828125,23
3.5515318567102607,-4.028254769065163,50.263835560191765,4.026407415216619,1.6054653362794356,371.68814364346593,23
3.5414741147648203,-4.02968658100475,50.479504498568446,4.029118863019076,1.5958932692354375,389.0368874289773,23
3.531103480945934,-4.028225768696178,50.725797479802914,4.028596704656428,1.5846485983241687,409.24438476562506,23
3.523720286109231,-4.028221650557085,50.69764813509855,4.027842196551236,1.5793854973532937,419.9290549538353,23
3.5204303047873755,-4.02859471061013,50.70424894853072,4.029005007310347,1.5773042332042346,423.8973166725853,23
3.51719133420424,-4.031500599601052,50.664026433771305,4.031219894235784,1.5758079182017932,425.479697487571,23
3.515356584028764,-4.031540090387518,50.71458539095792,4.031384121287953,1.5752178647301414,427.2286487926137,23
3.514429645104842,-4.027726845307783,50.866524089466445,4.028445590626109,1.5728824734687803,433.12109375000006,23
3.5085819417780097,-4.033726995641535,50.9486031965776,4.034955674951727,1.5677053820003162,441.6578591086648,23
3.497672904621471,-4.038895606994629,51.16923748363149,4.041035392067649,1.5559715032577517,459.0830965909091,23
3.488736391067505,-4.040451049804688,51.36789321899414,4.043307304382324,1.5443072319030762,476.131103515625,23
3.4794899333607066,-4.042439807545055,51.65171085704456,4.046662525697188,1.5331764221191406,494.6443647904829,23
3.469705581665039,-4.04273475300182,51.89363444935192,4.047218496149236,1.521657488562844,514.7215687144887,23
3.4633608081124048,-4.041866714304144,51.9527754350142,4.045147202231667,1.5149433667009526,527.0120183771307,23
3.4624803933230317,-4.039509123021906,51.94448020241477,4.041997822848233,1.5149026350541548,529.7945667613636,23
3.4601574811068447,-4.036047458648682,52.07905752008612,4.038855314254761,1.512072655287656,538.6808194247159,23
3.4638294089924204,-4.028181032700972,52.157020568847656,4.030888080596924,1.5137169794602827,542.9178355823864,23
3.462811730124733,-4.029070485721935,52.32608136263761,4.033544692126188,1.5127376209605825,551.4641224254262,23
3.456340421329845,-4.033683256669478,52.49180152199485,4.039156480268999,1.504888426173817,566.561845259233,23
3.451526262543418,-4.036854570562189,52.57765579223633,4.041654153303667,1.4996585033156655,576.1509066495029,23
3.4518498940901323,-4.02876650203358,52.7368014942516,4.033316135406494,1.4988630468195134,584.5824973366477,23
3.4460211992263794,-4.027447938919067,52.90953254699707,4.032434701919556,1.4925684928894043,601.865234375,23
3.442575216293335,-4.023273424668745,52.965331684459336,4.026340571316806,1.4889060692353682,614.7448397549716,23
3.4366579706018623,-4.025231339714744,52.97049921209162,4.028251929716631,1.4836772788654673,626.2109541459517,23
3.4254495230588047,-4.031733426180753,53.09595697576349,4.036112958734686,1.4728309241208162,644.7320001775569,23
3.415885231711648,-4.031745282086459,53.28428043018688,4.035851261832497,1.461350056258115,666.4384765625,23
3.415096217935736,-4.027442065152255,53.31286586414684,4.029339226809415,1.4592334032058716,674.4186900745739,23
3.4141784581271084,-4.0289365595037285,53.32850196144798,4.030680634758689,1.458683344450864,678.1500355113636,23
3.4061728824268687,-4.035281094637784,53.43314708362927,4.036612120541659,1.4524402184919878,689.4371337890626,23
3.402009378780018,-4.0318920829079365,53.4939228404652,4.031262050975453,1.4466727484356274,700.324823552912,23
3.40502498366616,-4.025438872250644,53.4546127319336,4.022482395172119,1.4486118880185217,701.0000554865056,23
3.4055399027737705,-4.0273826555772265,53.40414654124867,4.024607961828059,1.4505014527927746,699.7253528941761,23
3.395787715911865,-4.036870002746582,53.48486328125,4.036133766174316,1.442039132118225,710.889892578125,23
3.3957706473090434,-4.02949315851385,53.62049640308727,4.027153838764537,1.4397770274769175,719.9583074396307,23
3.3996305682442407,-4.022683663801714,53.66764241998846,4.019373113458807,1.442063656720248,723.63427734375,23
3.4032453406940806,-4.019771532578901,53.715336539528586,4.016504894603383,1.4455124790018254,725.3527166193182,23
3.398387128656561,-4.025364615700462,53.83891816572709,4.023976716128263,1.4422669735821811,735.5199640447444,23
3.3872040076689287,-4.031014377420599,53.99290830438788,4.030958327380094,1.431270415132696,754.5653575550426,23
3.3841760375282983,-4.024036624214866,54.16095560247248,4.02398174459284,1.426069671457464,770.6191184303979,23
3.3827384168451484,-4.020647785880349,54.27707273309881,4.019627245989713,1.4244871735572815,782.4249933416194,23
3.370616912841797,-4.029784592715177,54.40034866333008,4.0287323865023525,1.4152339913628318,801.2437078302557,23
3.3643480105833574,-4.026056853207675,54.46278953552246,4.022616104646162,1.4069542668082498,816.9038196910511,23
3.3669449416073887,-4.018177119168368,54.46348571777344,4.011492685838179,1.4084162712097168,821.7428200461648,23
3.369544744491577,-4.014268636703491,54.45521354675293,4.004956483840942,1.4109923839569092,824.837890625,23
3.370124426755038,-4.012513940984553,54.4882777820934,4.002259904688055,1.411268255927346,831.2686656605114,23
3.370740153572776,-4.011562087319114,54.52343559265137,4.0010365356098525,1.4114126617258245,837.1459350585938,23
3.368395306847312,-4.012330055236816,54.65253379128196,4.004319927909157,1.4090289636091753,848.5595925071025,23
3.361833095550537,-4.018716356971047,54.7971437627619,4.011308041485873,1.4038380276073108,862.4234341708097,23
3.3583440347151323,-4.019755190069025,54.83259339766069,4.010627616535533,1.3994974548166448,869.9531582919034,23
3.359925725243308,-4.017961133610118,54.79987786032937,4.007197943600741,1.4007204933599993,868.9070157137784,23
3.3576793670654297,-4.021523562344638,54.76925000277433,4.009651227430864,1.399716637351296,869.3376353870739,23
3.3555303920399058,-4.017799008976329,54.88788691433993,4.007099303332242,1.3964882601391184,879.6682128906251,23
3.353704084049572,-4.016516035253352,54.99950512972745,4.005770986730402,1.3941052610223943,890.6631858132102,23
3.3489302938634697,-4.021458864212036,55.07160152088512,4.009721690958196,1.3906839435750789,900.306698885831,23
3.3435323238372803,-4.021969318389893,55.168853759765625,4.008313655853272,1.3849948644638062,913.7222900390624,23
3.3414246927608144,-4.015749953009865,55.29626048694957,4.000380862842906,1.3807620081034573,930.0130532004616,23
3.3400536450472744,-4.0142127383839,55.35964792424982,3.997664776715365,1.3783883289857344,942.1825062144886,23
3.342217868024653,-4.013773679733276,55.3216776414351,3.994085257703608,1.380290069363334,943.867315118963,23
3.3404794823039663,-4.0160063830288975,55.3711201060902,3.995693466880105,1.3793662678111682,950.6566439541904,23
3.3359889550642534,-4.013811956752431,55.55971492420544,3.996238871054216,1.373368268663233,968.9405684037644,23
3.3328487222844903,-4.011849056590688,55.77192653309216,3.9949973713267934,1.369198820807717,986.8803045099432,23
3.333190679550171,-4.012969818982211,55.84856050664728,3.992882186716253,1.369026536291296,994.328116677024,23
3.330967057834972,-4.018562663685191,55.83177601207387,3.995867967605591,1.3672612038525669,997.9044355912642,23
3.3256688984957608,-4.018816904588179,55.94072012467818,3.996454585682262,1.3612589131702075,1011.2779929421164,23
3.3220296556299385,-4.017336325211958,56.052527687766336,3.995097051967274,1.3560518134724011,1025.3830233487215,23
3.3152183294296265,-4.026520013809204,56.11880683898926,4.003198146820068,1.351089596748352,1036.1917724609375,23
3.3082952282645484,-4.03035831451416,56.16839183460582,4.0054123184897685,1.3435871059244329,1047.5646306818182,23
3.3091473145918413,-4.022308999841863,56.238183281638406,3.996082360094244,1.342068840156902,1056.0402998490767,23
3.3101780848069624,-4.018008275465532,56.33061148903587,3.990468003533103,1.342138648033142,1065.0660511363635,23
3.307291356000033,-4.020561695098877,56.42920338023793,3.9935812191529703,1.339084722779014,1075.921736283736,23
3.306202910163186,-4.024728861722079,56.42724123868075,3.993701566349377,1.338338765231046,1079.9872935901988,23
3.3073350841348823,-4.020136247981679,56.4138240814209,3.987676132809032,1.3382144678722727,1083.1574374112215,23
3.3062650723890825,-4.015452168204567,56.52697095003995,3.9857766845009546,1.335538842461326,1094.1562278053975,23
3.304222280328924,-4.020385633815419,56.60084481672807,3.9912950559095903,1.3342091116038235,1100.498291015625,23
3.301349509846081,-4.02515155618841,56.67121262983842,3.993862607262351,1.3320002230730923,1106.6588023792615,23
3.296334461732344,-4.024187868291682,56.78927213495428,3.992577574469826,1.326148190281608,1119.4331110174005,23
3.29216742515564,-4.023444175720215,56.840145111083984,3.991623878479004,1.320907711982727,1130.5299072265625,23
3.2909885861656885,-4.017071572217074,56.89402337507768,3.9862933809107,1.3179625164378772,1139.085526899858,23
3.2876061526211826,-4.015229225158691,57.06511410799894,3.986767075278542,1.3140631263906306,1152.7517422762785,23
3.2788283174688164,-4.028817892074585,57.15421243147416,4.000539476221258,1.3066651766950432,1163.8240855823865,23
3.2718284997073086,-4.034586429595947,57.216346393932,4.007297602566806,1.2991482994773171,1171.773182262074,23
3.2638346498662774,-4.042369322343307,57.29897759177468,4.01462739164179,1.2921830578283828,1180.2678444602277,23
3.255937186154452,-4.036431529305198,57.49269450794567,4.010607459328392,1.2828800786625254,1196.911199396307,23
3.247168107466264,-4.037257844751531,57.68762224370783,4.013172127983787,1.2743551351807334,1216.1927878639915,23
3.241942687468095,-4.042130513624712,57.69098940762606,4.016897548328746,1.2698664556850086,1224.1572709517045,23
3.2431869615208018,-4.03363451090726,57.71086172624068,4.007956006310203,1.270559923215346,1228.5499156605115,23
3.2413268739526924,-4.040926846590909,57.69182239879262,4.013082721016624,1.2719234228134155,1230.5805996981535,23
3.239256262779236,-4.035893440246582,57.75367546081543,4.009047985076904,1.2700505256652832,1237.7561645507812,23
3.234744917262684,-4.03385066986084,57.88801019841974,4.009157267483798,1.2668583934957331,1250.056396484375,23
3.226247137243097,-4.036473382603038,58.03618864579634,4.014918262308294,1.2603578350760718,1265.3135265003557,23
3.2145354964516377,-4.039026867259633,58.20625998757102,4.0214103785428135,1.2505350112915037,1284.2442294034092,23
3.204894044182517,-4.040839780460704,58.31660756197843,4.025185151533647,1.24265211278742,1299.5157248757102,23
3.2007434368133545,-4.0402888818220655,58.34127807617188,4.024158477783203,1.2397700656544075,1306.9015780362215,23
3.1969680569388648,-4.041233344511553,58.36207493868741,4.025286002592607,1.2380073233084246,1312.148426402699,23
3.191380088979548,-4.042955962094394,58.42248327081854,4.027753049677068,1.2346072847192937,1319.7726052024148,23
3.1866828311573374,-4.039872234517878,58.511469234119765,4.025098735635931,1.2307147979736328,1329.1787275834515,23
3.183116002516313,-4.032553152604536,58.62989009510388,4.019905827262185,1.2272838462482798,1340.037031693892,23
3.1721743778748945,-4.031556497920644,58.80151870033958,4.02333105694164,1.2184228897094729,1357.6330510919745,23
3.157794952392578,-4.0331573486328125,58.96768569946289,4.0279154777526855,1.206174612045288,1377.4561767578125,23
3.1425590731880884,-4.047815604643389,59.02385347539728,4.042455391450361,1.19478102163835,1391.1111838600852,23
3.126881599426269,-4.037608623504639,59.110475366765804,4.034480528397993,1.178817337209528,1409.6302157315345,23
3.1082506938414136,-4.0142221234061495,59.312645478682086,4.01603044163097,1.1593198992989278,1439.1389104669747,23
3.086958820169622,-4.009462399916216,59.46582759510388,4.016107082366943,1.1408408013257112,1464.8304998224437,23
3.0659709843722256,-4.018747611479326,59.51396976817738,4.030578656630083,1.1244458827105437,1479.4219471324575,23
3.036047957160256,-4.0146097269925205,59.634219429709695,4.031501119787043,1.0977473909204654,1501.7499667080967,23
2.981092951514504,-4.020294167778709,59.964168375188656,4.034956390207464,1.047387139363722,1535.1154618696737,23
2.90786279331554,-4.0209948799826885,60.44932729547674,4.032023820010099,0.9742028875784436,1561.7140780362215,23
2.8264953873374243,-4.027287418192083,60.94028455560858,4.039252389561046,0.8968937017700886,1569.6801036487925,23
2.720585758035833,-4.0592773177407,61.3837065263228,4.067326328971169,0.7987205819650128,1562.0914528586648,23
2.5992934703826904,-4.070371150970459,61.58385848999024,4.0680084228515625,0.6817188858985901,1555.0508422851562,23
2.488326376134697,-3.980231198397547,61.44604908336292,3.96789292855696,0.5552011890844846,1579.760697798296,23
2.4388653365048523,-3.47801043770527,61.19749866832387,3.473279216072747,0.4275744421915544,1630.086464621804,23
3.1053500175476145,-0.0894439599730561,61.29108324917879,0.1415796550837249,-0.1657870235768257,1586.1646617542629,23
3.3089701587503613,0.1522250879894582,60.674870577725486,-0.1279247948391852,-0.0451159726150999,1698.4335105202422,23
3.361603520133279,0.0367031803523949,59.00640869140624,-0.0247521077028729,-0.0055837004699486,1687.5760498046875,23
3.403603076934815,0.0287973078983752,57.83603598854758,-0.041763291440227,0.0353783778846266,1719.0764160156252,23
3.423957868055864,0.0658368359912527,57.36778606068004,-0.0548528236421672,0.0472967384213751,1711.1296719637785,23
3.436405366117304,0.0644793727181173,56.85014499317516,-0.0482442561875689,0.0478496148504993,1712.3022960316052,23
3.445491400631991,0.0449655543674121,56.14396979592063,-0.021786094219847,0.0326737900349226,1737.2967418323865,23
3.4453791705044834,0.0255790642378004,55.42425259676846,0.0086563165849921,0.0134496881880543,1766.9271240234375,23
3.4507265090942383,0.0062978877685964,54.41686248779297,0.0215077940374612,0.0104391984641551,1762.2874755859375,23
3.6459033489227295,-1.081968069076538,25.677539825439453,1.0372350215911863,2.080124855041504,1470.167724609375,24
4.028397151847291,-1.289210843884088,24.5533774506812,0.9928503874080634,2.955762860042597,-7.587198297961869,24
3.868321686788322,-2.404550709755592,35.31733302197425,2.150499026759777,2.971218889834834,264.28360134947536,24
3.669680029738183,-3.577891214221132,40.16818042829925,3.595428032033584,2.073229062790964,225.1514159557866,24
3.639797019023521,-4.062679050794614,41.281949760087954,3.9656594890395023,1.6845041342030942,65.98591187421013,24
3.6871034008225583,-4.080475324119618,43.134436638526665,3.976144715851429,1.698589430914985,9.334585426679606,24
3.7162639066284777,-4.070139931697471,44.29531628477808,4.007558027903239,1.7412223699046117,-24.28125291712144,24
3.7203415141386142,-4.064822701846852,45.05633245729933,4.030047048930249,1.7499749169630163,-19.61406605539757,24
3.717037866318148,-4.061049713807948,45.81248798245698,4.04308468687768,1.7427034191056794,4.998909143061428,24
3.712732539457433,-4.05161117104923,46.38520700791303,4.039840277503519,1.7348968000972973,33.160936018999884,24
3.7130203075658255,-4.03916987250833,46.75126907248902,4.02712000740899,1.7330177874346964,54.54314295450848,24
3.712723233341392,-4.03361681395886,47.09527941934424,4.020583483128766,1.7313567797342937,73.20108057159224,24
3.7093292030633664,-4.032713787228453,47.40798890356924,4.018503348032634,1.7248192815219654,92.70718488506242,24
3.703618009106007,-4.034271595524807,47.63278387730418,4.019484108569575,1.716858110396691,110.5984840642393,24
3.698790414660585,-4.0330317067165,47.87426019805709,4.018479855231989,1.710076127956116,125.68039723315272,24
3.6947325070699057,-4.027648794884775,48.02866528080959,4.012901212654862,1.7059464407902138,138.4259377273859,24
3.6854075777764415,-4.029847678016214,48.10107990339691,4.016347551657484,1.6988068951500788,153.0464251150493,24
3.6689568095737033,-4.039710892571343,48.20340813530816,4.027778307596843,1.686122563150194,171.72035217285156,24
3.651102627024931,-4.045431305380428,48.36450083115522,4.0333434273214905,1.671056445907144,192.18970534380745,24
3.639259986628115,-4.040909957262426,48.47775286007551,4.027448460946675,1.65998328667061,208.10959929422617,24
3.633921899047552,-4.037220210031746,48.40431659673553,4.022805672065885,1.657091358128716,212.5488417880987,24
3.628795525606941,-4.036159403183881,48.45468812830308,4.021816992292218,1.6569888381397022,216.42617229386872,24
3.620141133763432,-4.04045809951483,48.63378826465482,4.027587158228058,1.6505742649626889,228.02970307792717,24
3.614066388871935,-4.038424794190849,48.74241635690328,4.024343727460874,1.6456154195311803,238.83210953855823,24
3.610308319914575,-4.033800583259732,48.72685720406327,4.0192127414778165,1.6462720889671176,245.33526820762484,24
3.605870025609833,-4.032405591478534,48.756883035298266,4.018853062897726,1.6450615677179077,253.36692032159544,24
3.602607895346249,-4.032203054116442,48.86525731304892,4.0201417947906295,1.6436165064768071,261.1516264871834,24
3.593419495750876,-4.0354768809150245,49.07590529497932,4.024520986220416,1.6373871424618889,277.6443948184743,24
3.579027892717349,-4.036311249327816,49.32360278858858,4.026025507185194,1.6259071242575551,303.80133335886444,24
3.5734378185147557,-4.024118663438784,49.49170158735288,4.014615024616516,1.6203437170951196,322.6721917445364,24
3.568679267284917,-4.020189332027061,49.69627462648878,4.013978986179128,1.6185846235237868,336.5749631395527,24
3.5588980017144696,-4.020209552415835,50.00790512483884,4.016724549087823,1.6090717931198917,358.72388732511234,24
3.5594233235502557,-4.011204573064068,50.21849224614162,4.0093576331543765,1.6087730943767071,367.7928658279718,24
3.5582879431107464,-4.011530389972761,50.29735767140108,4.010870970931708,1.6103038203482534,372.44965437346815,24
3.549660947587755,-4.021582974327935,50.39148881700304,4.022506925794813,1.6042290793524847,382.9528266059028,24
3.541921288359399,-4.026298407635657,50.440056370753865,4.026565723169863,1.597251069312002,392.4972594018076,24
3.539630651473999,-4.024715143091538,50.367565379423255,4.023625289692598,1.5969464778900146,393.5360179227941,24
3.537201884525274,-4.026172678455029,50.314221450705936,4.025343932357489,1.5976306503894282,393.391206629136,24
3.527736768223881,-4.033668486900579,50.46951124403212,4.033942182079639,1.5881155900705872,405.4617776309743,24
3.5199147158978032,-4.035919937432981,50.602435168098,4.035618380004284,1.5790992647993798,417.62714700137866,24
3.5156371110405016,-4.032193386476804,50.78554145962584,4.032268505470426,1.57396029958538,427.8541578903697,24
3.509084556616989,-4.030103172352112,50.9761297936533,4.031063915078157,1.5673552595712,441.984295215482,24
3.5005904599732043,-4.031711391374176,51.09975538066789,4.0336077166538615,1.5582269991145414,457.6800896139706,24
3.4945660837335524,-4.03462042216382,51.19367387559679,4.036776053360085,1.5514491445877971,467.929234323938,24
3.491788452746821,-4.033948109819998,51.2905502319336,4.0362449814291566,1.5483844264660007,473.9462435853248,24
3.487000591614667,-4.036640952615177,51.52972030639648,4.040734459372128,1.5411446935990276,485.49318560431993,24
3.484289007249221,-4.030979455686083,51.7622707840664,4.034062067667644,1.5375553244858786,497.2414869919322,24
3.4793969945969923,-4.028199476354263,51.88694631040486,4.03225965125888,1.5323440755893982,511.06774503421167,24
3.477873311323278,-4.026724731220918,51.973816217160696,4.031668550827924,1.5283674445806763,520.3973436542586,24
3.481954061907101,-4.026170873953626,52.04075739742105,4.031738895216798,1.5315983778510998,518.8380134931576,24
3.4799244933658176,-4.032962181988885,52.06623503741096,4.0378515206131285,1.530842647053837,519.4499503740299,24
3.476522922515869,-4.037986119588216,52.01946004231771,4.041668732961019,1.5284346739451091,519.8896077473959,24
3.473841589260725,-4.038319927415038,52.10144167632059,4.042535831725675,1.5249815711788102,524.0580560023488,24
3.464964603286943,-4.040252423753925,52.366315704545165,4.046094208760978,1.5151490931417428,541.787153256485,24
3.454591624877032,-4.037153131821576,52.63744690838982,4.043304303113152,1.5024204394396614,567.5027573529413,24
3.44655759194318,-4.034253114189198,52.76425864026437,4.039791833341512,1.4940716659321505,587.4926039751839,24
3.4380150573705537,-4.035491556903116,52.74942964042713,4.0397438005684245,1.4861407622792362,601.9654509101819,24
3.4374314616708195,-4.033768008737003,52.74534651812385,4.03816857992434,1.4845714919707351,606.3589369829963,24
3.4271044855803448,-4.039338660396003,53.01170336654763,4.045404315773958,1.475262054430893,625.9779643139809,24
3.4228171195859223,-4.02993667826933,53.26480182323581,4.035082502302781,1.4667153553245893,648.8519909428616,24
3.4233657939761293,-4.023990967694451,53.37046993480009,4.027581392550001,1.4668315181545182,660.3354587928922,24
3.4204123986312767,-4.02412130318436,53.41027365790473,4.026400818544276,1.4647421330408332,670.3744359234579,24
3.418246803720013,-4.021878273658503,53.44837879355437,4.023050872329014,1.461735261032005,679.7471524905535,24
3.42590088002822,-4.0136568125556495,53.38122872745289,4.0124854200026565,1.4685439782984115,674.8466940487133,24
3.423760013642654,-4.01910540636848,53.384706085803465,4.018250586939793,1.468743297788832,677.2799654692607,24
3.4140978513979445,-4.026580632901659,53.49334794088127,4.028226210400949,1.4587378190233815,692.3471504161562,24
3.4049125138451077,-4.030610617469339,53.65077718098959,4.033546803044338,1.448833000426199,709.3191372740503,24
3.401850650513094,-4.028425818175272,53.732496722850925,4.029493774463928,1.4448241244733724,718.6650231055964,24
3.404283814960056,-4.024204095204671,53.69837909274631,4.023010836707221,1.446850644217597,717.9065483940972,24
3.4039365357043696,-4.022045930226644,53.81334005617628,4.022857002183502,1.4459909107170852,725.1682559742648,24
3.398263365614648,-4.027226706735449,53.90196893729416,4.027140966427871,1.4418291024912415,734.9460074231515,24
3.3944831112631006,-4.025512517667284,53.95546655093922,4.024015756993512,1.4375150375116883,744.0978932100185,24
3.393822052899529,-4.019303602330825,54.03178069170784,4.01711618199068,1.435494303703308,753.6912267348346,24
3.3930620383592998,-4.017034764383354,54.08252863167158,4.013470387926288,1.4348674958048304,761.6979062946793,24
3.391656640308355,-4.016426148757436,54.05903660394008,4.010778517504923,1.433523350291782,766.8755050359988,24
3.39383770905289,-4.012903699687883,54.06358404720531,4.007629983565387,1.4345319060718311,769.4103979970895,24
3.3958975723366334,-4.009944747476017,54.15270081065059,4.004194035249598,1.436622467695498,774.0772760927288,24
3.3949593702952066,-4.011907125610152,54.19576310799792,4.006827133153778,1.4353781712600608,779.7481282552084,24
3.387969727609672,-4.019947781282313,54.2792672549977,4.015834396960688,1.430483530549442,789.1777630974265,24
3.3755998237460267,-4.025101817511265,54.4610045189951,4.021020892398809,1.4191496972165076,810.4811126110601,24
3.364293296352711,-4.023202035941329,54.6220569735259,4.017405447617076,1.4063693433026083,836.07901220384,24
3.366071140064913,-4.007857995874741,54.78160813275505,4.00031249663409,1.4042165559880877,854.8611845128678,24
3.3636872877482498,-4.008691192452424,54.893324559030965,3.998197795518863,1.4030522053537806,870.73746026731,24
3.3600530499726338,-4.010044122833053,54.952314289566736,3.998132532718135,1.398842313710381,884.6523050545088,24
3.3555700919207405,-4.012490992452584,55.04265751558192,4.000182413587384,1.3947327136993408,898.200798483456,24
3.351893080605401,-4.010844124688043,55.19033983018663,3.9975642098320856,1.3903335067960951,914.3440890842016,24
3.3509771948546367,-4.005074756597382,55.36442755406199,3.991162979524899,1.3874053121392242,931.5098593718088,24
3.3481574946758794,-4.009601069431679,55.43004555795707,3.995368045919082,1.3849292666304345,941.7440700157016,24
3.3467267385495254,-4.014732423171498,55.408340204774944,3.99719949797088,1.3845067429386713,943.3148596271192,24
3.341249593722275,-4.02042454364253,55.41926412644729,4.002398107566085,1.379994870790469,949.3105544545292,24
3.338300115921918,-4.017113040475285,55.49341560812557,3.99843028012444,1.3754279683617985,959.57962215648,24
3.33771222868776,-4.014968809738658,55.57217915852865,3.99584746516608,1.3743285532870324,968.3499688042534,24
3.3325781261219696,-4.022254414028591,55.591412338556026,4.002252373040891,1.3705091102450502,975.3852547040952,24
3.3305599923227347,-4.022530901665781,55.60696104461071,4.00055846045999,1.3682877175948198,980.2390854779412,24
3.326632844077216,-4.019064943774853,55.77816283780765,3.997943957646688,1.3633861323587255,996.2236762950624,24
3.319530900007759,-4.021921366647957,55.96346746706495,4.000975945416619,1.3560121573653876,1016.3775977839052,24
3.315458447325464,-4.023432806426404,56.0395959592333,3.9995344853868673,1.3510524081248865,1029.3397647633271,24
3.314855433757009,-4.022989606545641,56.01648492750779,3.996703941058489,1.3494943099863388,1034.448166392208,24
3.312158238654044,-4.026858024347842,56.00026256586212,4.000619822857427,1.347567221697639,1038.133015950521,24
3.308756828308105,-4.02561616897583,56.13920166913201,3.999821410459631,1.3436990906210506,1050.048662971048,24
3.311666127123864,-4.018078997244243,56.23995784684723,3.9891575894324607,1.3444041021509108,1058.3657066993464,24
3.310389133839825,-4.0230157858406015,56.23388016145993,3.9923173617693335,1.343914494015812,1063.0343592026654,24
3.306832393010457,-4.026204427083333,56.22826131184896,3.996554533640544,1.3400529225667317,1068.4481608072915,24
3.305484812244091,-4.026348908742269,56.28159259970671,3.9970163441950977,1.3385088638542524,1073.6509961894917,24
3.30626428984349,-4.025647256888595,56.32347181731579,3.994451527502023,1.3392598052429998,1076.6841322954965,24
3.303042416479073,-4.023175679001153,56.471783357508045,3.992242214726467,1.3352810471665626,1089.389143401501,24
3.3002422245499354,-4.007398804807974,56.77201008017546,3.97862684025484,1.3281726805992375,1114.0251073899612,24
3.300700401169023,-4.006998841279472,56.85428058399874,3.977736362444809,1.3270776349734636,1125.4922800500408,24
3.3014975716085995,-4.010152900920195,56.84907127829159,3.979263852624332,1.3280953940223246,1127.751091452206,24
3.2985986915289187,-4.013505034976536,56.92245413586984,3.983079075034148,1.3251553921917685,1135.4273905037276,24
3.2912962358761457,-4.021772038702872,57.008599723865785,3.991652420143676,1.3187993601256724,1145.467923432394,24
3.2812048781151866,-4.022007530810786,57.20553850660137,3.9941833346497777,1.3073989550272622,1164.9137800628066,24
3.2711432447620465,-4.029881686167,57.29831847645878,4.004176937676723,1.2969607738108415,1178.8708009408192,24
3.268946226905374,-4.031404641718646,57.28411207012102,4.003326565611596,1.2938959279091529,1181.679044436785,24
3.2704396201115027,-4.024271871529374,57.32813704247568,3.995100530923581,1.2943921159295475,1184.4664689606311,24
3.2658980406966864,-4.021192186019,57.51708061866511,3.994227164711048,1.2902276960073733,1197.9801456227024,24
3.2550881610197178,-4.026973761764228,57.71703336129781,4.002698000739603,1.28017664579005,1217.2151932061888,24
3.248511356465957,-4.030892484328327,57.779691359576056,4.007231544045841,1.2739187969880943,1228.097053079044,24
3.2438295775768804,-4.026964387083365,57.86317558537901,4.005336552663566,1.269222791677986,1238.050594554228,24
3.241971360312568,-4.0300469398498535,57.89459694756402,4.006717999776204,1.2690578831566706,1242.4716932508682,24
3.238969835580564,-4.032498658872118,57.93943936217065,4.009340407801609,1.2679030801735671,1247.351366230086,24
3.2322576778386933,-4.03436589396857,58.06532771291297,4.012961730458378,1.2632912857080596,1258.7787623187298,24
3.2261195790533925,-4.038129205018088,58.163032157748354,4.017221045649909,1.2592430925057605,1269.586193608303,24
3.222644819932825,-4.045440617729636,58.14426564235313,4.023176146488564,1.2584114214953257,1273.0875292011335,24
3.21570539162829,-4.055855059156231,58.10895146887287,4.033357168334762,1.2552178934508678,1276.1976533777574,24
3.2106264323190925,-4.043683217241873,58.2153923184264,4.022287259694018,1.2498968738356446,1288.7681334252452,24
3.20746569072499,-4.033160742591409,58.330657061408544,4.015542731565588,1.246693828526665,1302.15625,24
3.2040297907162336,-4.02953961316277,58.43092146730111,4.0142215685127605,1.2446276705249462,1311.952366249234,24
3.1976130242441214,-4.0263638963886335,58.598476858700025,4.014489569695168,1.2394411867740107,1326.7675326478247,24
3.1863849957784014,-4.037119706471761,58.712461733350565,4.027702350242465,1.2316775345334818,1340.599413105086,24
3.1733105354059754,-4.048927085851532,58.75290911805397,4.0403264831094186,1.2218949031206516,1352.072921453738,24
3.158739780288896,-4.04354608136844,58.85109620935776,4.037679778205024,1.2080728135077785,1370.0664134306066,24
3.1473425930621577,-4.034980605630314,58.94280938541188,4.031194892584109,1.1966820160547893,1387.2650361902574,24
3.1388834068198608,-4.0296359903672165,59.00027525658701,4.028091031741472,1.1888572156818864,1398.9224526399105,24
3.126432897218692,-4.024155139923096,59.10331027959687,4.026258465511347,1.1774186698439852,1415.0279931959765,24
3.10666091301862,-4.017109590418198,59.27337399651022,4.023584001204547,1.1591786286410164,1440.0263169232535,24
3.0754950046539307,-4.016818735334608,59.45831680297852,4.027687337663439,1.1317828231387668,1472.549519856771,24
3.0425954909106485,-4.01368398292392,59.593308916278914,4.030352153030097,1.1019479457069845,1500.1552838094874,24
2.999775143230662,-4.0155441340278175,59.81254749672086,4.034648736317952,1.063485505534153,1526.2543897441792,24
2.9325755296968934,-4.012301828347001,60.27443562925252,4.0267762483335,0.996696906541686,1556.6566233915446,24
2.84122400190316,-4.003647692063275,60.82762372883317,4.013012480891608,0.9097542026463676,1583.94790948606,24
2.7177144218893607,-4.005901953753303,61.36025926178577,4.003274244420669,0.7967957947768411,1597.7480444814646,24
2.5766206769382243,-3.9603802020253696,61.70258044573217,3.9377824403102095,0.6559052190749463,1606.4146185980903,24
2.4506853655272827,-3.8966664613461943,61.43335616666506,3.870190558090707,0.5281115104170392,1613.872496361826,24
2.399072661119349,-3.462715878206142,60.84727792178883,3.4575651252970983,0.4336685310391819,1632.5226619944854,24
3.067205743852006,-0.1302275848544459,61.05539222168766,0.1854905283528956,-0.1639383373891612,1591.5533311631948,24
3.299075259102716,0.1709963336489546,60.5476150014042,-0.1223325109462321,-0.0611868771219168,1717.1118028428823,24
3.354589466955148,0.0481286785181823,58.90640430824428,-0.0139205345299602,-0.0202565765117893,1705.414316214767,24
3.3924174262028117,0.0337970042540356,57.85007481793173,-0.0307127396192619,0.0193488212923208,1741.7087242774714,24
3.4157414997325226,0.067482022288578,57.35847916945912,-0.0524460389431006,0.0368707340478507,1739.8632517297283,24
3.421885990629009,0.0703762617765687,57.04085585650276,-0.0464317651063787,0.0423885900162014,1744.882719152114,24
3.42203785547244,0.0489186029029046,56.48406812879774,-0.0179955383178354,0.0260061162700448,1771.1371240553517,24
3.4250071859048083,0.0283143645627239,55.70657824846653,0.0094865991679186,0.0054419855617618,1792.9543193742345,24
3.435666799545288,0.0075607909820973,54.63846969604492,0.0188437048345804,0.0069127492606639,1780.9525146484375,24
3.650033473968506,-1.0459014177322388,25.68003273010254,1.0010560750961304,2.058212757110596,1471.675537109375,25
4.038280220408189,-1.1797773155726885,24.211333350131387,0.7925060038503848,2.89998786072982,-2.162187877454258,25
3.8575525785747327,-2.427901371529228,34.12089046679045,2.041064408264662,2.9844559148738257,298.4909324645996,25
3.641794447836123,-3.680084543792825,39.26928801285593,3.697651496059016,2.018316813989689,272.1181990974827,25
3.6198533647938778,-4.108375762638293,39.73909920140317,4.010229938908627,1.612944207693401,64.16157260694001,25
3.6663564443588257,-4.100323275515907,41.4256477606924,3.983378462101284,1.6535350899947316,-0.5258353383917829,25
3.6956144100741337,-4.083886410060682,42.94872680463289,4.0135109110882405,1.718374363685909,-32.53013671071906,25
3.7052978685027673,-4.067283636645267,43.95768685089914,4.029957617584028,1.736933111360199,-34.96494714837325,25
3.70466150735554,-4.055612237829911,44.69304777446546,4.0369509646767066,1.7383793780678196,-16.670546481483857,25
3.694196018733477,-4.056381746342308,45.3484283497459,4.047186976984928,1.7280716425494145,14.627993332712276,25
3.687974766681069,-4.048666163494713,45.87188961631374,4.04047859969892,1.7209593151745044,41.86076776604906,25
3.6880484239051214,-4.039121238808883,46.24639257631804,4.029823676535957,1.7192538600218925,60.65555713051245,25
3.692282507294103,-4.032341216739855,46.537873117547285,4.022094588530691,1.720965824629131,71.06630787096526,25
3.696623871200963,-4.029573406043806,46.75913336402491,4.018626420121444,1.7235813485948663,77.39568087929175,25
3.693570431910063,-4.038698892844351,46.95596915797184,4.027925083511754,1.7199653951745284,86.44100590756065,25
3.6829237373251664,-4.052888562804775,47.25341038954885,4.041892472066377,1.7070512748078297,102.0570337395919,25
3.677556426901566,-4.052058872423674,47.43752610056024,4.037902028937089,1.697683378269798,113.8639827527498,25
3.672476453216453,-4.048659089364503,47.57035167593705,4.031627686400163,1.6921490783754147,126.14018003564132,25
3.666400881190049,-4.047969830663581,47.77458271227385,4.030042761250546,1.6846632722177004,141.96366079230057,25
3.65951544046402,-4.051443815231323,48.04432010650635,4.034109473228455,1.6740019023418429,159.3276824951172,25
3.6523883217259456,-4.054498823065507,48.20464997542532,4.036637532083612,1.6650530288093968,173.89521147075453,25
3.650972676904578,-4.04688805028012,48.30733409680818,4.028186249105554,1.6647873418895822,181.915726511102,25
3.643720162542243,-4.045790722495632,48.47458091535066,4.028261755642138,1.6609184271410893,197.0839803595292,25
3.633549213409424,-4.042607790545413,48.65166611420481,4.025363078242854,1.6539632427064996,217.58232839483964,25
3.627466653522692,-4.029372215270996,48.80154700028269,4.012010649630898,1.6514889880230552,235.6117352937397,25
3.623386783035178,-4.016344525312123,48.97216826991031,4.001069683777659,1.651632430522065,251.6530690444143,25
3.6135984910161874,-4.016713186314232,49.184931353518834,4.004723981807106,1.6449478237252486,272.7675186960321,25
3.5983034999747026,-4.0260337653913,49.29944296887047,4.016146622206035,1.6332329409687143,295.7610441509046,25
3.5842522821928324,-4.031569116993954,49.31489362214741,4.021998518391659,1.6237723137203015,313.30501516241776,25
3.5824449940731653,-4.021090196935754,49.2953970306798,4.010989832250695,1.625991813446346,316.99548821700245,25
3.581765146631944,-4.013928093408284,49.29722680543598,4.004977834852118,1.6308412551879885,318.9133638080798,25
3.575087357508509,-4.016515261248538,49.39311863246717,4.009872624748631,1.62803111656716,329.1399150647615,25
3.56669178761934,-4.019606364400763,49.57352989598324,4.014457803023489,1.6203674768146716,343.7695055509869,25
3.559935359578384,-4.019870883540103,49.65427077443976,4.015036796268664,1.615724315768794,354.6832572535465,25
3.55157240440971,-4.021517847713671,49.80469949621903,4.018261790275574,1.6092632318797864,367.7375600714433,25
3.537524328420037,-4.032010213324898,49.93537980631778,4.030130276554509,1.5957997668730586,385.7195113332649,25
3.527731970736855,-4.037707353893079,50.2127204694246,4.036938466523823,1.5837795012875606,400.7803248355263,25
3.528461807652524,-4.027878980887564,50.53527425464831,4.026841756544615,1.5813998399596465,408.115991692794,25
3.5321494340896606,-4.017639994621277,50.66585636138916,4.017120122909546,1.5866285860538485,409.574462890625,25
3.530078834608981,-4.018569529056549,50.77243995666504,4.019852578639984,1.585643737723953,416.282082005551,25
3.527851230219791,-4.022553594488847,50.86027828015779,4.024984058580901,1.5832934003127248,421.276765522204,25
3.5200406642336595,-4.029811708550704,51.00576709446154,4.032654207003744,1.5767890175706465,431.4195773476049,25
3.502048815551557,-4.040111497828835,51.27088396172775,4.044180913975365,1.5589585398372852,456.4626689710115,25
3.492285082214757,-4.035473007904856,51.47083162006579,4.038842031830235,1.5450548341399746,477.3624725341797,25
3.4941446216482865,-4.028713439640246,51.4886723568565,4.031506187037418,1.5472345383543715,478.6733141447368,25
3.4912888062627694,-4.029515150346254,51.5207764976903,4.032526665612271,1.5468248615139408,482.8780549701892,25
3.4853682737601432,-4.028502746632225,51.75827975022165,4.033149625125684,1.539162227981969,498.0742605108964,25
3.484572912517347,-4.022514421688883,51.93660741103323,4.027461698180751,1.5358249827435142,509.48849888851765,25
3.478551387786865,-4.026451562580309,52.10814947831003,4.032739513798764,1.5299267957085056,523.385009765625,25
3.4688084094147933,-4.032544361917596,52.24863215496666,4.039128667429874,1.5193735925774825,540.4450177644428,25
3.461792469024658,-4.035289356583043,52.35856593282599,4.04176516281931,1.5111663733658038,553.2651110197369,25
3.4580809866127216,-4.034416866929908,52.48278477317408,4.040417263382359,1.5064058860665874,562.8776365581313,25
3.4520826527946875,-4.038055608147069,52.434981295936986,4.0417635064376025,1.5023401410956132,568.6217458624589,25
3.447829505330638,-4.036209837386482,52.49369658921894,4.039607584476471,1.497815113318594,576.835967214484,25
3.4412053039199426,-4.036138716496919,52.57401903052079,4.038954709705553,1.4912304642953371,589.600187602796,25
3.4352891460845343,-4.03420826322154,52.664448938871686,4.036306240056691,1.4848668198836477,603.6052888569079,25
3.432211762980411,-4.029932147578189,52.77623889320776,4.032179380718031,1.4798953846881264,617.2026302939968,25
3.431591600179672,-4.028030455112457,52.889601707458496,4.030625224113464,1.4778144657611847,627.0230560302734,25
3.433164518130453,-4.024778548039888,53.03983347039474,4.0275719165802,1.478111899212787,634.923539011102,25
3.429794523276781,-4.030415378118816,53.06970591294138,4.032801524588936,1.4752075138844942,641.1365701775802,25
3.4345128598966097,-4.028466789345992,52.970732839483965,4.028907738233867,1.4795536994934082,633.5871710526316,25
3.432494031755548,-4.0338946392661645,53.02148547925447,4.036039267715655,1.4792774570615668,633.5197151585629,25
3.423015845449348,-4.036685680088244,53.27346184379176,4.041097044944763,1.4682781006160537,652.916584215666,25
3.4154673752031828,-4.034309895415055,53.49106487474943,4.038212845199986,1.45936513652927,673.5693985788446,25
3.4127130006489,-4.028873543990286,53.50854010331003,4.029514588807759,1.456550999691612,683.744050678454,25
3.4114161149451605,-4.023804526580007,53.55012454484638,4.024542912056572,1.4542850146168156,693.5286287006579,25
3.410977369860599,-4.019697546958923,53.67929232747931,4.021553842644942,1.452848428174069,705.110226279811,25
3.4021638772989573,-4.028558100524702,53.77535842594347,4.03066086769104,1.4462388071574663,719.3270504600124,25
3.3905658157248246,-4.036600501913774,53.77604374132658,4.037158577065719,1.4360540258257013,731.4437609220806,25
3.3845774939185693,-4.035347097798398,53.76023184625726,4.0338222572678015,1.4296880685969402,739.0939298930921,25
3.38676563062166,-4.025239699765256,53.82446901421798,4.02250327562031,1.4297059946938564,745.7004378469367,25
3.393745704701072,-4.01378397565139,53.95258283615112,4.010861233661049,1.4344431114824194,752.1184258711966,25
3.3980456025976884,-4.014606500926771,53.96839503238076,4.010376453399658,1.439719739713167,752.1031622635691,25
3.386227654783349,-4.029577732086182,54.03716526533428,4.026607337750886,1.4319925120002346,763.7876707378186,25
3.374443358496616,-4.029695937508031,54.21679607190584,4.028341054916382,1.4184836133530263,786.7159985994039,25
3.370023256854007,-4.022906344187887,54.41081516366256,4.021136045455933,1.4122002014988346,807.0789240786904,25
3.366583228111267,-4.022258043289185,54.486528396606445,4.01789927482605,1.4093095660209656,819.9151000976562,25
3.360855701722597,-4.022749420843626,54.55095624923706,4.01635659995832,1.4036151311899483,834.0934889943977,25
3.36642167756432,-4.012170076370239,54.52604549809506,4.001548964726298,1.4067205629850688,836.4315876207853,25
3.3702927451384697,-4.008516459088576,54.54216691067344,3.996819042845776,1.4105632736494669,839.3902419240851,25
3.370504115757189,-4.00733787135074,54.650693592272304,3.996405325437847,1.4103475683613826,849.4180394222863,25
3.368299142310494,-4.008050658200917,54.8028547889308,3.9985908991412114,1.4077850337091244,863.0612624318976,25
3.3631547563954403,-4.0119426313199495,54.96141137574848,4.003473357150429,1.4032373993020308,877.92018047132,25
3.355990329855367,-4.015416982926821,55.12118136255365,4.006908253619545,1.3960484376079156,895.0494440982218,25
3.349941743047614,-4.019840365961978,55.15956637733861,4.010268324299863,1.390109353943875,905.1158334832444,25
3.3467086757484235,-4.018479105673338,55.22571543643349,4.007616196808062,1.3864592454935374,914.2098195929276,25
3.345303287631587,-4.012719593550029,55.35901782387181,4.001944987397445,1.3835425078868866,927.14673333419,25
3.3419366949482967,-4.014268050068303,55.48347432989823,4.003212257435448,1.3804259292389218,940.0059212132504,25
3.339514004556756,-4.017271945351048,55.52190158241674,4.003893701653731,1.377956239800704,946.954390676398,25
3.3436425375311,-4.012445584723824,55.50134304950112,3.995305317012887,1.380691582435056,946.5038689061216,25
3.3488379403164514,-4.007517419363323,55.47646100897538,3.987795999175624,1.3849528322094364,945.4243806537828,25
3.3440073477594474,-4.015557681259356,55.49638527318051,3.997890383005142,1.3815918854976954,952.4561566804584,25
3.339807579391881,-4.020133169073808,55.51782889115183,4.002100292005037,1.3778691197696484,958.2299322831004,25
3.3387555354519893,-4.021112511032506,55.508804647546064,4.001317843010551,1.3769115154680454,959.9532185604696,25
3.340108102873752,-4.016455411911011,55.52908581181576,3.994312634593562,1.3772806462488676,963.0637520237972,25
3.341406613588333,-4.007764279842377,55.68042945861816,3.9857720136642456,1.3766235262155533,976.0995178222656,25
3.3332844533418355,-4.011513860602128,55.9200449491802,3.992307449641981,1.368464902827614,1000.4762380499592,25
3.3269282453938533,-4.013614127510472,56.112014293670654,3.993239970583665,1.3611395711961545,1021.3407046669408,25
3.3201298399975427,-4.02037165039464,56.19231720974571,3.9983109988664327,1.3543309114481272,1035.835309480366,25
3.3190098263715444,-4.018206659116243,56.19910900216354,3.99245611774294,1.351502487533971,1043.0710127981083,25
3.32065855201922,-4.013486598667345,56.22245658071417,3.9865625155599496,1.3518719767269336,1048.5728759765625,25
3.315355071896001,-4.018784770840092,56.33572382675974,3.992624342441559,1.347650870680809,1060.8829803466797,25
3.3067246361782674,-4.024435789961564,56.48605045519377,3.997588637628053,1.3389551576815153,1078.3233642578127,25
3.3032566732481907,-4.02397452530108,56.53578856116847,3.9957801574154894,1.3338541592422284,1088.9088929828845,25
3.298819052545648,-4.026650704835591,56.58704617148952,3.998631452259264,1.3293340143404508,1098.0770327919408,25
3.296555494007311,-4.025941478578668,56.65181960557637,3.996717200467461,1.326252776541208,1106.139154534591,25
3.293770413649709,-4.024503513386375,56.76737167960719,3.9958770526082894,1.322873460619073,1116.6099612587377,25
3.286472278205972,-4.0277711811818575,56.93675585796959,4.000856291306646,1.3151886737660357,1132.3226406699737,25
3.280969858169556,-4.030679501985249,57.04267140438682,4.00336039693732,1.3089478674687838,1143.8359856856496,25
3.281621391835966,-4.022169662149329,57.14929058677272,3.993959942930623,1.307297817970577,1152.9885422556024,25
3.279003629558965,-4.029605978413632,57.17327484331633,3.999810419584576,1.306279830242458,1158.5387107447575,25
3.273804008960724,-4.030872426534954,57.245919729533945,4.000221752806714,1.3016082315068496,1168.841143959447,25
3.2654703541805867,-4.033250306781969,57.34657247442948,4.004982496562757,1.293452451103612,1183.90480443051,25
3.258399135188053,-4.034164635758651,57.41563548539814,4.0077725993959525,1.285890868619869,1195.5345555355675,25
3.2566599249839783,-4.028403401374817,57.53366279602051,4.003022313117981,1.2835475206375122,1205.0620727539062,25
3.2498853238005387,-4.041688087739443,57.60932616183632,4.015468873475728,1.2799270764777535,1212.5625570196855,25
3.2382815950795223,-4.049925678654721,57.755596462048985,4.024942172201056,1.2700787782669067,1227.6861925627056,25
3.2392368112739764,-4.04061842592139,57.77127489290739,4.013344981168446,1.2689207439359866,1234.035748933491,25
3.241354819975401,-4.038056097532573,57.75287638212505,4.0102339794761255,1.2727811226719303,1234.7334321674548,25
3.2376462268201927,-4.039054161623905,57.821216206801566,4.012034475803375,1.2709729067589108,1242.561259219521,25
3.2351346015930176,-4.035087259192216,57.91309577540348,4.010071754455566,1.2689697240528308,1251.9410914370887,25
3.22778823814894,-4.043531991933522,58.00789090206749,4.020991347338024,1.2648223246398724,1261.298176815635,25
3.2177362128307947,-4.05421781539917,58.0991456383153,4.031649514248497,1.2580371985310002,1272.4803450734992,25
3.2099364854787527,-4.048316604212711,58.21792424352545,4.029245169539201,1.2501016282721569,1286.2833115427118,25
3.202168809740167,-4.05442886603506,58.30673649436549,4.035675174311588,1.2454130179003666,1296.643978721217,25
3.1971301671705747,-4.058555549696872,58.3190793740122,4.0380552505192,1.241887440806941,1302.0217895507812,25
3.193708542146181,-4.054358312958165,58.37409486268696,4.034326521973861,1.2391517523087954,1309.1143011795848,25
3.184508104073374,-4.052441703645807,58.51034824471724,4.03520532344517,1.231775526153414,1323.8062551398025,25
3.1728739989431283,-4.0436937683507015,58.71302072625412,4.030327495775725,1.220152610226681,1346.2523900082238,25
3.165693406995974,-4.044673041293495,58.77768526579205,4.032772481441498,1.2138517279373973,1358.0725651791222,25
3.1592830639136467,-4.044347104273345,58.81621109811884,4.033347650578148,1.2086053490638733,1365.7660972193669,25
3.148130716461884,-4.0412457836301705,58.93447740454423,4.03214566017452,1.1987509751006176,1381.3373388993114,25
3.1302960797360067,-4.035812114414416,59.09576807524029,4.031240362870066,1.1822815443340098,1405.6629574424344,25
3.105150192975998,-4.034764289855957,59.24929904937744,4.035417795181274,1.1606114953756332,1434.110870361328,25
3.0759972741729333,-4.043979155389886,59.31918957358913,4.047424812065928,1.1369794120914056,1457.110345137747,25
3.0501516555484973,-4.036827987746189,59.392116697211016,4.042828117546282,1.1126229551277664,1476.6788145366468,25
3.0181452600579517,-4.024413359792609,59.58438652440121,4.033474897083483,1.081928629624216,1501.5743022717927,25
2.975278493605161,-4.021779411717465,59.92782000491494,4.032076725834294,1.0391483008861535,1524.8238750256992,25
2.9233502839740955,-4.019860970346551,60.36780161606638,4.032413200328224,0.9860533091582752,1539.7511548494035,25
2.845477946494755,-4.0104598246122665,60.86026118931018,4.023799108831506,0.9116314492727576,1560.66933320698,25
2.730644734282241,-4.019223627291228,61.34327025162547,4.021162986755371,0.8092075837285884,1575.0354485762748,25
2.5964231914595555,-4.033025446691011,61.626777498345625,4.015462865954952,0.6851074640688144,1574.3281338340355,25
2.469489100732301,-4.007682426979667,61.393923960233984,3.982449525281002,0.5555533217756364,1586.5298012181331,25
2.4025445407942723,-3.629066718252085,60.955157706612034,3.617619327808685,0.428227075620702,1628.282213712993,25
3.076095631248073,-0.13609922245929,61.01347672311884,0.2009354798417331,-0.2101918702062808,1581.310784590872,25
3.314335465431214,0.1699985336316245,60.18910194698132,-0.1174374963401951,-0.0837605160317916,1695.0454760099717,25
3.36575585603714,0.0476629828151905,58.59763461665104,-0.015407439995263,-0.0281565814818208,1690.0493260433798,25
3.403853217237874,0.0378222504728719,57.54679602070858,-0.0322940793305047,0.0171376860847599,1734.4376678466797,25
3.41870685627586,0.0726087563916258,57.180968535573854,-0.0446679666638374,0.0307149167515729,1738.0684814453125,25
3.419218184132325,0.0715967267751694,56.79894821267379,-0.0325603959591765,0.0274260124485743,1753.1057747288753,25
3.41780644341519,0.0478485116833133,56.16623306274414,0.000187240369422,0.0096543056792333,1779.562194824219,25
3.413890651966396,0.0310796495453502,55.43728941365291,0.0297672774912301,-0.0114814982210336,1813.3064374421772,25
3.407845497131348,0.0180390495806932,54.602169036865234,0.0479413792490959,-0.0188977308571338,1825.3453369140625,25
3.64951753616333,-1.118688464164734,25.343765258789062,1.0774909257888794,2.1177918910980225,1440.71435546875,26
4.049917769587897,-1.243136455810148,22.501429152644537,1.030927839232426,3.0268362752752367,-92.41848211350784,26
3.895421726251739,-2.1392161830577976,33.53738929399478,1.787173381038741,3.10311250593148,228.32613926307832,26
3.679424304588169,-3.3942707706900204,40.24801815257353,3.38600427496667,2.2064014673233032,291.5963018080768,26
3.636594998291115,-4.020372995364121,40.74007901958391,3.92407817154928,1.7056986537634158,69.46075980491887,26
3.676267522612428,-4.0750380092197,42.23305780747358,3.96900234970392,1.6854075629726737,8.732328003528053,26
3.70287717557421,-4.071522563111548,43.39306333953259,4.007463333653469,1.728107590301364,-28.680097318163103,26
3.712356462977291,-4.0581096574371935,44.10143529355916,4.021373938890844,1.7480054299036665,-36.41588689766677,26
3.703131967120701,-4.052837219113618,44.73984604879143,4.034031045203116,1.7435100943434472,-10.843237509135315,26
3.698817225063548,-4.040149772868437,45.29194685992073,4.029169419232537,1.738032418138841,19.48529120052562,26
3.694975128360823,-4.037015213685877,45.92037649715648,4.029050992205252,1.731387402497086,48.53119442509672,26
3.6928922085980185,-4.0354916846830085,46.36761182897232,4.027492526309942,1.722483082534441,70.60954060274013,26
3.689300317390293,-4.041351991541245,46.60525819367054,4.033331927131204,1.7165099172031175,83.84963615267884,26
3.684532067354988,-4.046798291549184,46.81879527272742,4.037656014261682,1.7107011274574628,93.14380645751952,26
3.677497294993183,-4.047824672624176,46.946304869807626,4.036207847345889,1.7051778642180695,104.03614283543008,26
3.665693264381558,-4.0555323338976095,47.17872380275352,4.042967412986007,1.6928672860650456,121.0197734458774,26
3.6681318579156414,-4.044434313680611,47.38379197962144,4.029250839956446,1.6893955134098826,127.22457711213556,26
3.670607142978244,-4.0385613441467285,47.59330961439345,4.022115177578396,1.6906550990210638,133.21883307562933,26
3.6654943157644833,-4.040828003602869,47.86924384622013,4.02389846128576,1.6847525905160343,149.2229300106273,26
3.660916596456291,-4.037084607517018,48.15264603359248,4.0189959800321295,1.676715711363001,167.1830999835644,26
3.660433895447675,-4.024977846083298,48.15580871681762,4.005420413671756,1.6783425862493078,177.38418808482052,26
3.65479401513642,-4.029256708481732,48.38781057619581,4.01453982147516,1.6740390576568305,190.6331460990158,26
3.6415080494350858,-4.033773976992937,48.651356541253385,4.019569823944491,1.6633698293586183,212.3935922859541,26
3.6272336751027834,-4.033365611157386,48.689120598088685,4.018604322196612,1.652580459912618,233.7627201454312,26
3.613646418440576,-4.037825846204571,48.71105650359509,4.024431406282911,1.643327462906931,250.46216867484296,26
3.606417451808656,-4.034652968637304,48.86599240271874,4.0217312769173015,1.637593447772506,262.90770526960785,26
3.6116398814456914,-4.017867724100749,48.99622235266991,4.005208252302182,1.645009649345298,263.4090528301164,26
3.6041633942547966,-4.023977588204777,49.135205661549286,4.013587530921488,1.6426021842395555,275.71398925781256,26
3.5853952488868064,-4.035052315082425,49.25293088426777,4.025165071674421,1.6295055719762066,300.7923743553412,26
3.574807894775291,-4.029330764720642,49.3202406440685,4.019334356769238,1.6212001275392918,319.471492991728,26
3.5788908332001927,-4.012824843911564,49.37451351390165,4.003868009529862,1.6262977450501686,321.6092648973652,26
3.584718356724658,-4.006763501884112,49.4321646098218,4.000122346130072,1.63482583348268,318.09530340456496,26
3.575898095673206,-4.021699652952306,49.56710354175443,4.017621049693987,1.6291061600828485,328.6830599915748,26
3.5612705688850554,-4.031699732238171,49.92967171762504,4.029615103029737,1.614303518744076,351.50527295879294,26
3.5432121223873563,-4.036496586269802,50.4058592054579,4.036302990383572,1.593530469470554,383.9224582248264,26
3.5351881887398515,-4.02943444096185,50.6638095332127,4.028952860364727,1.5823829859689948,404.2867200265523,26
3.537420146605548,-4.023191087386188,50.69095454496496,4.023276525385239,1.5860456158133114,404.2917265050551,26
3.537590151518778,-4.025628183402267,50.70747894087648,4.026151233249241,1.5890250244950936,402.4469153709661,26
3.529428817088308,-4.035809155383141,50.619494120279946,4.034933701060177,1.585542511316686,406.3598521114175,26
3.5206077379338883,-4.040364760978549,50.63125079285864,4.039049129860074,1.5789295131084966,414.1625019148284,26
3.506562184664159,-4.0456823461196,50.741616492177926,4.0443889206531,1.566347736938327,431.2341268701492,26
3.4950351138520084,-4.044758388419557,50.935809266333486,4.044186885060828,1.5532729991900376,450.6549574908088,26
3.491245746612549,-4.039281788994284,51.168079151826745,4.04038594750797,1.5456384958005418,464.42366536458337,26
3.492767016092936,-4.036648772121255,51.3674505395827,4.03863064759697,1.5448288590300316,469.7693660960478,26
3.495013445810555,-4.033020864125171,51.495200886445886,4.034904548545289,1.5475075361775417,471.6795758016749,26
3.491201442830703,-4.036517227397246,51.51119434132296,4.038324889014749,1.5455217080957748,477.1217543658088,26
3.4875467852050184,-4.035472477183623,51.5805586272595,4.037495504017749,1.5425380476159989,484.486736621732,26
3.4793109862633,-4.037785508274253,51.72643514396319,4.04127029032489,1.5341631072798585,499.3203188827615,26
3.4684058217441334,-4.040937750947242,51.918991313261145,4.045085121603573,1.5219273824317785,519.3554496017157,26
3.463437549429002,-4.036363997490578,52.09095198188732,4.0404755804273815,1.514527514089946,534.8336317274305,26
3.4626721198262733,-4.032453533870722,52.22497109805836,4.036883011362911,1.5133767486397738,543.6211791194343,26
3.448570489883423,-4.036813259124756,52.45054626464844,4.041475613911946,1.5007202625274658,568.7661539713542,26
3.444567314160416,-4.028515354480619,52.55845766753153,4.032542113385169,1.4929490712733051,586.7048587175756,26
3.4442885670007444,-4.027956223955341,52.515403672760606,4.030645541895449,1.4934866755616432,590.6142482383578,26
3.4476349494036507,-4.024257435518153,52.54135154275333,4.026527657228358,1.4963826361824484,590.7772432215073,26
3.4501892289305043,-4.019827661950604,52.75906494240356,4.023816467110628,1.4967251751157973,598.7941910488154,26
3.439982937831505,-4.0347629372590506,52.79404726215437,4.038846143710068,1.488140283067242,610.5287351919935,26
3.4295647004071403,-4.044429526609533,52.78269113278856,4.047445848876355,1.4788857885435516,618.3927193435968,26
3.4206146648506714,-4.043029093274884,53.00388311248979,4.046836993273566,1.468612547014274,635.5846920636745,26
3.408957403469709,-4.042386634677064,53.213835498086766,4.046484140009662,1.4557093132555097,660.2142469618055,26
3.406932484869864,-4.035525480906169,53.23379284727808,4.036484624825272,1.4516385980680877,671.2039627374387,26
3.4151776569341523,-4.026311160692202,53.21060906204523,4.026395180646111,1.4588978999580433,668.0921008540134,26
3.41390927944308,-4.031961372475219,53.27935444451625,4.034059181712032,1.4582620360492882,672.8392142501532,26
3.4120719573077034,-4.040582011727726,53.20576140459846,4.041123474345488,1.4581225128734814,668.8070427389706,26
3.409186657737284,-4.041577544866824,53.30959596820906,4.042240039975035,1.4555405549753726,672.2592135161357,26
3.4086692161809387,-4.033191119923311,53.46991101433249,4.033569348403831,1.452548081578772,683.1697407641443,26
3.4084335588941386,-4.028027431637633,53.58638494154986,4.029209651199042,1.45128132315243,694.0269583907782,26
3.402979983223809,-4.030298074086507,53.733821694367855,4.033361927356595,1.446457033063851,709.1827336728963,26
3.393141110738118,-4.0349926418728295,53.8751343621148,4.038149515787761,1.437502596113417,727.3538004557291,26
3.389337146983427,-4.030612543517468,53.93771362304688,4.030757128023634,1.4332292500664203,738.9301877489278,26
3.384021358552322,-4.027957028033686,54.0120974522011,4.027695319231818,1.4277360462674908,753.5272567848754,26
3.3847484495125566,-4.016405520096324,54.163298413644426,4.015378085616367,1.42592367315604,769.1853498072406,26
3.3865231906666478,-4.011548238642075,54.270378337186926,4.008839831632726,1.4274016057743746,780.5742618336398,26
3.384563458511253,-4.015604608199176,54.24039304646012,4.010885756000195,1.4263865862017364,786.0054971532884,26
3.381982432471381,-4.018431358088075,54.23589890922596,4.013415087282268,1.4244249498142916,790.5595136654922,26
3.3757342684502696,-4.021408053005443,54.32688088510551,4.016450966105742,1.4189716460658055,802.3985763250613,26
3.3672930321662253,-4.024679788577012,54.407407099904574,4.019379441255058,1.4107080518809798,817.472802255668,26
3.3694136750464345,-4.019470024732203,54.31417161031486,4.0113593550289375,1.4105627817266129,817.0356549032372,26
3.3666357666838405,-4.024395914638744,54.36638379564472,4.017484431173287,1.4110644541534725,820.4857010186887,26
3.3609674491134345,-4.01920934751922,54.614461287953496,4.012764940074846,1.4025208996791465,843.0442620570363,26
3.370996805577496,-4.007099466386184,54.63233050178079,3.9979912268570046,1.4097541781032787,842.7609695733762,26
3.3713511298684518,-4.0109538751489975,54.71292607924518,4.00266731486601,1.4121172989115995,847.3356430951287,26
3.363296396592084,-4.0206129535350925,54.78847730549332,4.011034784753338,1.406181364277609,858.0659961575776,26
3.364775336645787,-4.014575450248968,54.71852680281097,4.002266195085314,1.4045022765016244,858.9055407156352,26
3.364500962051691,-4.015694777170817,54.71310177971335,4.002973472370821,1.4058808766159356,860.1169577205883,26
3.357311778598361,-4.017609119415283,54.85459984673394,4.005247751871745,1.3986490567525227,877.2773980034724,26
3.353119706795886,-4.014002849853116,55.01137802024293,4.00222624984442,1.3926222090627631,896.0061840979884,26
3.3517251669191848,-4.007079863080792,55.24735761156269,3.9967303837046906,1.3895799038456935,916.40299838197,26
3.351083895739387,-4.005547532848284,55.428689520343454,3.990975398643344,1.3888476004008374,932.2609404520272,26
3.350070557563133,-4.005741343778722,55.482668708352485,3.989450959598317,1.386208609817854,943.4814457114228,26
3.3454785066492416,-4.011535812826717,55.5297306285185,3.995324120802038,1.3822406109641578,953.66215245864,26
3.3398507794523558,-4.013559226117103,55.65622369604173,3.997265655230852,1.3765702083999036,967.898129132838,26
3.3340603588453304,-4.013438000398524,55.85424829620162,3.9965453147888175,1.3700815821005627,987.4449510761336,26
3.3228412188735663,-4.0251244657179885,55.93812680711933,4.006708350836062,1.3599332290537216,1004.9598436542586,26
3.3155108059153835,-4.0275636186786725,55.97592901092729,4.009394231185414,1.3514883300058202,1017.2247829063268,26
3.313178903916303,-4.024602890014648,56.07751938564326,4.003398630354139,1.348666570545022,1027.9435843673407,26
3.3116229188208486,-4.024543257320628,56.136647243125765,4.00086534724516,1.346328246827219,1037.5282221775428,26
3.308678503909142,-4.028008230371413,56.13714417600944,4.002498517628589,1.3435146348928315,1043.9734852111417,26
3.3075795921624875,-4.025627690982195,56.19172369265089,3.999087142009361,1.3413974654440786,1052.0937731375102,26
3.308717559365665,-4.023353436413934,56.22707546458525,3.995128533419441,1.3419729190714218,1057.33158605239,26
3.306666637557784,-4.021771315655677,56.35467479431552,3.993443895788754,1.339478444429784,1069.469262216605,26
3.301440056632547,-4.025856709947773,56.46014209822113,3.9994984483407214,1.333814730831221,1082.4223792381536,26
3.29509965578715,-4.029290358225505,56.61703618367513,4.002054214477539,1.3278687397638955,1096.7732340494792,26
3.2909210881376576,-4.021480173846475,56.82496089561313,3.994944842033137,1.3202474943173477,1116.7322088503372,26
3.2873704277612026,-4.022129261415769,56.95295510884204,3.9961676784590177,1.31566983188679,1130.822625453176,26
3.2825739523943733,-4.032986640930176,56.95748961205576,4.004261465633617,1.3122694398842605,1136.981569776348,26
3.279310601988649,-4.032168590944577,57.00327186335146,4.002108430550768,1.3082026827569102,1145.1451328252656,26
3.274907629474316,-4.033674159081154,57.06279333276687,4.004768733105628,1.3035149792440577,1154.429527930964,26
3.2723222339854523,-4.036003757925594,57.0904343548943,4.007265455582562,1.3007961371365715,1159.2818603515625,26
3.2732151536380543,-4.034407366335002,57.139494752572254,4.004272984523399,1.3018124952814938,1161.4715815525428,26
3.2754071974286845,-4.03110990337297,57.22253330704434,3.9990988136116976,1.303801309049519,1166.0289538015727,26
3.2773535859351064,-4.034516521528656,57.16029133516199,3.999435546351414,1.3068035116382677,1164.733721564798,26
3.27977803018358,-4.028442968730054,57.15511007869945,3.994706714854521,1.3084198618246838,1165.3846579159008,26
3.272632337084004,-4.037875004064023,57.25890046163322,4.005513534047245,1.3046017877416674,1174.9001185597938,26
3.266691549151552,-4.030698318107455,57.42099926518459,3.9998352387372185,1.2969102438758402,1190.8474863089768,26
3.264502955418007,-4.021909595314973,57.54518431619881,3.992766721575868,1.2932480113958222,1204.983017067504,26
3.26008440310659,-4.031115276361603,57.49436584173464,4.001531859628515,1.2911541384030012,1208.8199343213848,26
3.2535897002500644,-4.036503539365881,57.47860515818876,4.007014807532816,1.28562550684985,1214.09377154182,26
3.257474294674942,-4.015597480574464,57.5406908022812,3.985516968895407,1.285644012338975,1220.741472630719,26
3.256666421890259,-4.019175582461887,57.555606842041016,3.989711867438422,1.286601424217224,1225.1016574435764,26
3.250035589816524,-4.027038854711196,57.5942029766008,3.999419287139294,1.2812133793737372,1232.0069364659928,26
3.242462650623197,-4.022923927681119,57.761186288073176,3.999552326264724,1.2721656257031009,1246.8281297870712,26
3.23616570273256,-4.015726737726748,57.98919976926317,3.996534299227148,1.264706726946862,1264.546684315002,26
3.2292272203108845,-4.021992141125249,58.135970246558095,4.004565753188788,1.259459801748687,1276.6234633501838,26
3.2162952127020343,-4.039087494993522,58.24521442488128,4.023545068853042,1.2506191964242972,1288.1121850107231,26
3.201488549413245,-4.051788884829851,58.34600169362586,4.036464161343045,1.2393844143237942,1302.071066463695,26
3.1887730991139134,-4.046781511867748,58.46924007640165,4.033982220818015,1.2276826185338638,1320.205867991728,26
3.183309117173837,-4.044055044261459,58.50586638107799,4.031001963646584,1.2235787444644504,1330.109558504391,26
3.18747123238308,-4.043642492855296,58.405975366729535,4.025763580222535,1.229058160501368,1323.4599090775632,26
3.1876067414003257,-4.029100221746108,58.52299716425877,4.013607025146484,1.229191590757931,1332.0695944393383,26
3.1708881948508467,-4.043505836935604,58.687198564118034,4.033840285407172,1.2187951904496337,1351.628851996528,26
3.149901352676691,-4.047366831037733,58.85341509650736,4.0410900801615,1.2010597310035058,1376.4504258897568,26
3.1241047943339626,-4.05514523562263,58.99018994499655,4.051169049506094,1.1805929483151902,1402.452383003983,26
3.101434505063724,-4.051253926520254,59.07379280040467,4.045696884978051,1.1597316600138845,1424.8774023118362,26
3.08766507011613,-4.0357401355419285,59.19397451363358,4.030774471806545,1.1453237260868343,1442.9923047832417,26
3.060729966444128,-4.034384278690114,59.342836043413946,4.034960915060604,1.1224970046211693,1469.6660084443934,26
3.030619541803996,-4.028985977172852,59.46086162990994,4.037548647986518,1.0960474809010825,1493.6512315538196,26
2.9893026850581945,-4.031925964978785,59.66253849104339,4.043995832306107,1.0600283870510023,1518.1449995851206,26
2.9308181557000847,-4.025510572919658,60.07454217648974,4.036039380466237,1.0011619095708804,1543.7556726792282,26
2.859993061988181,-4.019510188133888,60.5551283842598,4.026323817134682,0.9323135166386364,1560.279580907884,26
2.7715211787254983,-4.032807287827037,61.00422568726384,4.033568341747608,0.8541192209798526,1563.7954133476308,26
2.6551638070274795,-4.069109748391544,61.35196079927332,4.053536704942292,0.7514103919852009,1557.007817287071,26
2.529164108575558,-4.078201206680996,61.30883507323421,4.050882498423259,0.6318234645463273,1560.380375082976,26
2.4259884965186016,-4.066002375160167,60.90364453683491,4.041265655966365,0.5263982789189195,1564.7366568372142,26
2.378021142062019,-3.676935336169075,60.54673767089844,3.666527467615465,0.4052357200314018,1613.739781996783,26
3.068325879527075,-0.1467897888102518,60.87557923560049,0.2100342009581729,-0.2138011335742244,1575.9993226294428,26
3.310175774144192,0.1675467050932577,60.31629325517641,-0.1272327638432078,-0.0783174600379131,1684.486671996273,26
3.3645768212337126,0.0416529774665825,58.75762587902591,-0.0163967863967017,-0.0191646848677414,1675.321880265778,26
3.413864928912493,0.0287047670484562,57.50223409116658,-0.0383152097366213,0.0297299168419603,1691.948934717116,26
3.437632116616941,0.057755137970245,57.06364448397768,-0.0499584270166415,0.0436390487148481,1693.5003390842014,26
3.445879356533873,0.0654164774745118,56.66451540180281,-0.0418110026740559,0.0478143307069937,1696.148205327053,26
3.4516142115873447,0.0478643938606858,55.94320209976894,-0.0162420787489391,0.0317091276394384,1724.5242728439034,26
3.4509410219254835,0.0260901738542549,55.220144633374176,0.0137462171245052,0.0109158891429696,1761.085931915084,26
3.443833351135254,0.0059593333862721,54.46236801147461,0.0333325192332267,0.0038295201957225,1777.7674560546875,26
3.655517101287842,-1.060338258743286,25.394929885864254,1.017392635345459,2.0826189517974854,1444.8411865234375,27
4.049826880953959,-1.2010194765810935,22.730106884280577,0.8680080431976066,2.9506974662376555,-79.94303808149124,27
3.865675812525465,-2.352422357394995,32.725729797060126,1.9730542171869847,3.001076905143182,257.7355701370745,27
3.658702491924463,-3.5505426135284224,38.368106842041016,3.55779277725725,2.0774174020779843,262.02827494033903,27
3.614096771012868,-4.074448490774395,39.27259758450337,3.979840461781482,1.627199515601657,63.15632354028966,27
3.6557228707319855,-4.095021468914108,41.287082848959415,3.978757514069412,1.6461052776172462,6.412681049068997,27
3.6874786954841863,-4.081404177558343,42.99555719135613,4.011080381886059,1.7087001295279194,-23.789570865252166,27
3.700178206361682,-4.064062342738474,44.10989377356523,4.026527174261232,1.7269242378260126,-26.294741472661094,27
3.711178945389805,-4.043868513296771,44.93874134291087,4.022597480293931,1.7407596103402954,-16.722939068118457,27
3.7079753544156913,-4.042137089154578,45.758403954916446,4.028976756215885,1.7390699426069955,13.398105368708944,27
3.713362338527149,-4.025506445903652,46.17421909357538,4.012333064679279,1.741976769554694,34.70416959547841,27
3.7052047947384654,-4.03693909360873,46.55656410368862,4.02630938283655,1.7352815305949836,59.75437843878538,27
3.69813669912073,-4.042398907490913,46.87276137901458,4.031571353508147,1.721947624983377,80.10080537101292,27
3.697159197156792,-4.041505788335737,47.09010246731587,4.029572944767428,1.717973417793678,89.17523107465529,27
3.691519983556886,-4.043981438440992,47.30473807631739,4.03037999639448,1.7117182008478025,102.21848357750092,27
3.6797455588713386,-4.052288765938866,47.48199963095962,4.037391289969944,1.698703539292544,120.63937878135025,27
3.669980759652245,-4.055415942968912,47.63018869564233,4.039119309936928,1.687172719184926,136.27851180525016,27
3.667885109288803,-4.049510921074065,47.83605689244555,4.032364485279614,1.682537622799147,145.869695095037,27
3.6674299445373335,-4.04247869403157,48.03405536878977,4.024831096068123,1.6809340731197635,154.99140243025016,27
3.665588637850932,-4.03509977163858,48.1693530303753,4.016964906098827,1.6806307052144942,165.6736194534807,27
3.660617021535406,-4.030629795908139,48.29435015040518,4.013716486116119,1.678780123098007,178.9485137131041,27
3.649264671944624,-4.034745279526868,48.42578913202349,4.019479972637252,1.6696402221326008,197.12406537390703,27
3.645276589109408,-4.026197660837742,48.527677801271146,4.01103655391971,1.6677468501968888,207.23157132382423,27
3.638824947622438,-4.022560580676754,48.62425292564544,4.008288920320423,1.6654989143081058,218.8424273358276,27
3.6322148240954673,-4.021929181964192,48.70218143084191,4.008938274636174,1.6613523020649588,230.25790132434165,27
3.621674534500829,-4.027130275372638,48.803698811310014,4.015142983948159,1.654879409745829,244.26841715629533,27
3.609476098951125,-4.0285882791936,48.94738246589307,4.016982779597605,1.64628901307946,262.5329703021523,27
3.603879522803604,-4.021013304097763,49.17322007236102,4.010713858320224,1.6409872880834615,278.1368602222165,27
3.6031989340750585,-4.016651813557606,49.33594285573391,4.008001460144851,1.6405914879792574,286.1875565888866,27
3.594936295060922,-4.022172242600397,49.31363556716616,4.0132951325928135,1.6383883203102263,296.23755610383904,27
3.588069683668629,-4.024682250243939,49.49903010690449,4.018895051337236,1.6330913163178804,308.0521304907388,27
3.576090451107909,-4.029413163267224,49.87936916730262,4.025523558357693,1.6215767473574505,330.0361611069433,27
3.563114759937817,-4.029315089547871,50.09150387593453,4.025223305683262,1.60920383914417,353.7264008174669,27
3.5530449238834003,-4.030083523680832,50.1657744906596,4.026600629288629,1.6024786139166118,368.7792831319848,27
3.5410866611051244,-4.030368748090125,50.29320058759475,4.027601570483075,1.5936620519650693,386.328190481426,27
3.536915954375109,-4.022871522713971,50.36855705210705,4.020708661995187,1.5914398929141216,395.7811683503208,27
3.5271501335876665,-4.025425667794335,50.43877660991341,4.024455850487513,1.5854769439886738,409.3461639202194,27
3.5230056276384567,-4.021006701008374,50.49436324163778,4.020519379748414,1.5820494337587168,418.42813777292014,27
3.520642841099114,-4.020116635505727,50.54058342737867,4.020657252002236,1.5811706023500456,423.37312852467926,27
3.5167428073504112,-4.022902731863868,50.63414779562034,4.024279341792429,1.5776038896169091,430.1716098406457,27
3.515818016418558,-4.020862813027489,50.89120314137036,4.023935813777494,1.5743418189863496,437.9215055554119,27
3.512882725292484,-4.019040764562342,51.28494765426939,4.0241375727369295,1.5676408785068436,452.8088855869723,27
3.507966463139515,-4.019528568975184,51.47395291865266,4.024217122437938,1.5620032138382365,466.44718559214607,27
3.501927601580588,-4.022543307171752,51.4870226525313,4.026950315134415,1.557183930415981,475.8105016038908,27
3.499672226558458,-4.02530199013009,51.41219254045297,4.029640260911146,1.554674442240734,477.4938431291391,27
3.497774806243694,-4.033146501376929,51.40416770581378,4.037520645470019,1.5535540217595385,475.04960420115896,27
3.4898626693826635,-4.041250178356044,51.57557256332296,4.045840917044128,1.545286709109679,483.480732292529,27
3.475315607146712,-4.047389238875433,51.86640384497232,4.052351803179608,1.5287429070630612,506.0695057041598,27
3.463449396045003,-4.044377232229473,52.112565072167,4.049103149515114,1.5145891060102854,530.0670836998138,27
3.461934154396815,-4.034802313671996,52.28713120214197,4.0403080112886745,1.5096695004709508,544.4012362246482,27
3.456705080752341,-4.035810224267821,52.47787723162316,4.0420102252076,1.5052337717536268,558.8114579560743,27
3.451555313653504,-4.034444654224724,52.56627452926131,4.039529190947678,1.4993696820656983,572.3660047922704,27
3.4518283360841258,-4.0309676302979325,52.57778018673524,4.035148579553263,1.4995790325253215,576.6856834967405,27
3.4536458498594778,-4.0260735537042684,52.65209491047638,4.0302062981965525,1.500747115406769,581.0095740311983,27
3.4528150147949623,-4.028443475432743,52.64436145807733,4.032195391244446,1.5005549429268237,583.9446463679636,27
3.4518123004610177,-4.027039212106869,52.79584033283966,4.032195839660846,1.498144844509908,591.9790750465645,27
3.446237791452976,-4.03493606175808,52.779712399110096,4.039431360383697,1.4931247289607066,598.0489607046771,27
3.441238973314399,-4.039400081760836,52.813144860678165,4.043210367493282,1.4891073261665193,602.356503518212,27
3.436713886576773,-4.031107886737545,53.10349958306117,4.036141932405384,1.4824188931888302,620.841468659458,27
3.4301515020282065,-4.02258219308411,53.41189976875356,4.028413346271641,1.4732154828823163,649.5586260865067,27
3.425751322942064,-4.0182189372991095,53.57182655587101,4.023362867090087,1.4680069006041976,671.1347114613513,27
3.4180283609605,-4.019953194043494,53.65415282596816,4.0235929710186085,1.461241283164119,689.86325699762,27
3.4113413466523026,-4.022818407475554,53.61398474585931,4.024748631660512,1.4546761465388418,700.9964066057016,27
3.4108887002957577,-4.022666359579326,53.49014395909594,4.021561499463012,1.4546549375483533,699.4996911863617,27
3.4090285980148822,-4.02483654338003,53.46840372148728,4.023493719416738,1.4540334971535285,700.3058370628105,27
3.3983362336821905,-4.030541502087321,53.641933668528175,4.030421225440423,1.4441549138517569,718.3571866269143,27
3.387124508421942,-4.03095058100113,53.78529355383867,4.029468283747995,1.4318007436019695,740.8486950602753,27
3.390084476660419,-4.022399687609136,53.718627778110125,4.017498332143619,1.432524988982851,743.265392985565,27
3.398791652641549,-4.014372936147728,53.71426672019706,4.009089564645527,1.4401992622590225,739.2556265521523,27
3.397149600730037,-4.020219158652602,53.83968343166326,4.017920743550686,1.4399790961221353,745.9610337011072,27
3.3909015702885505,-4.029289204553263,53.891898957309344,4.026818667026545,1.4349123989509431,752.3892062357719,27
3.3881749838393254,-4.032234599258726,53.833419319809664,4.028333063946654,1.4325054891851563,750.4919118312811,27
3.387535819944167,-4.029714947504713,53.87306839898722,4.025779209389592,1.431574490686126,752.0219290019661,27
3.384935546395005,-4.025194044934203,54.04083918893574,4.022024167294534,1.4280787793216323,764.7917334954471,27
3.3792080689739707,-4.025549749664913,54.18644479410538,4.023679869064432,1.422028280251863,781.4372890042944,27
3.3748689518859054,-4.023631297989397,54.346429155362365,4.021853213278663,1.4173929975522277,797.5809018975062,27
3.365673930439728,-4.028359144728705,54.4904635347278,4.026840696271682,1.4095799172950896,816.0479170439261,27
3.359073356287369,-4.025668996848808,54.63007569470943,4.022866511187017,1.401980000615909,834.5508871520592,27
3.3608967973696475,-4.0144723866949015,54.75247940164528,4.009972862849962,1.4010114346118951,848.0217721699089,27
3.3663946840147307,-4.010238303253982,54.74878717889849,4.002992750003638,1.4061686487387348,848.919423892798,27
3.3717789444702357,-4.008717865343915,54.71232983923906,3.998668152764933,1.4120054450256143,845.0252046900869,27
3.3699362814821154,-4.009368088071709,54.81532823171048,4.001424208382107,1.4100479519130378,854.2252334695779,27
3.369452236503955,-4.006819428197596,54.934971310445015,3.998863059163883,1.408369400643355,864.6551190306809,27
3.366074435758275,-4.0086579417550805,55.07000745053323,4.001099387541512,1.4055027235422703,877.2077624592561,27
3.3584436265048603,-4.014439677560566,55.17872806574335,4.006952563658455,1.3980528179383436,892.791694691639,27
3.353300644072476,-4.018764508481057,55.17010111524569,4.009588481574658,1.3929955983004032,899.7553411824814,27
3.354358846778112,-4.016125129548129,55.13208662121501,4.004768084216591,1.3934052574713498,899.7118016931395,27
3.3538669466182887,-4.01773718019195,55.11132516924119,4.005547968757074,1.3937474520790656,900.0811969681291,27
3.3478440891038503,-4.02355630824108,55.15634597374114,4.010203730981082,1.3895429704362985,907.7754423634108,27
3.34242416059734,-4.019447932969656,55.31156259498849,4.006450700444102,1.3823611159987796,925.7003238501138,27
3.336903478925591,-4.0178808060702895,55.50073325555056,4.004850311784555,1.3759637092122967,946.9688280118224,27
3.3305300071539468,-4.020171613882709,55.64549629261952,4.00605711084328,1.3694826640830131,965.9729784024474,27
3.3251700338148917,-4.020574026549888,55.79023704781437,4.004537828710695,1.3631792131638685,984.4905730999068,27
3.3232695787947697,-4.023357129254878,55.76039545425516,4.002413563380967,1.3612353043840422,990.9500926440916,27
3.319074706525992,-4.027947959520959,55.698821010968544,4.004689706082376,1.3577253644829554,995.7412416571811,27
3.3186009498621454,-4.019870609637128,55.80552787022875,3.99626011248456,1.3551148136719962,1008.2013384080092,27
3.321612809667524,-4.007582288704171,56.00820026018762,3.985623776517957,1.3549112334156668,1024.546822453177,27
3.321677037422231,-4.011159858956242,56.15677051670504,3.988592424140071,1.3556813925307318,1035.5507553807947,27
3.31899081792263,-4.018493491292789,56.21629098551163,3.9935860697007337,1.3532123944617265,1042.7548787704368,27
3.3180604659958397,-4.014148911103508,56.32409526496534,3.988426832173834,1.3500513185728464,1053.2892662199918,27
3.3165370533797915,-4.00750777263515,56.50449992805128,3.9822611792987535,1.3461876349733364,1069.554348775093,27
3.3131543658427054,-4.01012033816205,56.62865741047639,3.983982032497987,1.3422662019729614,1083.8357079108032,27
3.307555509718838,-4.01653480213999,56.70244797965549,3.989392244263201,1.3367390632629397,1096.0855155085887,27
3.3002882603777954,-4.02145682265427,56.78593550928381,3.9946368703779007,1.329057048488137,1109.4271191729615,27
3.292661987393108,-4.026222835313406,56.88408125315281,3.999582724855435,1.3211229779072944,1122.821496824555,27
3.286259636973703,-4.030429549564589,56.96419363463952,4.002736328453418,1.314619707745432,1133.982784852287,27
3.280288764183095,-4.031060041970765,57.07144041250873,4.002508090821323,1.3080002740518937,1147.1140872374276,27
3.275703535964157,-4.03026993543107,57.14852202964934,4.000736869723592,1.3026379473162013,1159.299079541339,27
3.27667471430949,-4.027090615784096,57.11611011328287,3.9960056819663134,1.3024644038535111,1162.6311859737168,27
3.279792540910228,-4.022526889447345,57.106323469553566,3.9904068400528256,1.305320716062129,1163.1144324296358,27
3.2751070126792454,-4.031045607383677,57.18859115499534,3.9999676934930655,1.3031491254339156,1170.2504211829987,27
3.2657539086626066,-4.0427067958756,57.2455976625152,4.011937267732936,1.2950155261336571,1179.495602235099,27
3.265951233983829,-4.036197665511377,57.27479141437455,4.004561670568605,1.2938355728490465,1183.2336579379655,27
3.2638693913718724,-4.026164260131634,57.4593734235953,3.9971149567736695,1.2908349076643684,1196.610547198365,27
3.2572589662690827,-4.037933333820066,57.53097804492673,4.009150839799287,1.2868522595096108,1206.1690560650352,27
3.253030998027877,-4.039648087608893,57.543932933681056,4.009149374551331,1.283367080404269,1212.4626181899316,27
3.2500663672061947,-4.032235808719863,57.60029629839967,4.004264825227245,1.279541941668024,1221.587832419288,27
3.2453063797477064,-4.026562997047475,57.75013692489523,4.001815366429208,1.2747887294024032,1234.8926888775354,27
3.2396098541108187,-4.022107187485853,57.95251755367052,4.000965667876187,1.2690670379739724,1251.844736263452,27
3.2307530602082517,-4.036449059745334,58.04051850173647,4.016698616229935,1.2636352659061254,1261.4573344047496,27
3.2221997178942954,-4.042416900988446,58.1432955659778,4.022575883675885,1.25701457380459,1272.2858167231475,27
3.215910044726946,-4.043533350458208,58.213220709996506,4.023839631617464,1.2520143109441593,1282.5414198313329,27
3.2079990683801918,-4.045069138735335,58.285026120823744,4.027198886239765,1.2464125953762737,1293.8629813289012,27
3.1988272193251857,-4.050712598080667,58.33353004708195,4.034018592329215,1.2401534389975843,1304.6366864134934,27
3.1922325519536505,-4.057342977713275,58.31167458540556,4.039113054212356,1.2364666817204053,1309.0751193217095,27
3.1878077257547948,-4.053268303144846,58.33599191627755,4.034025694360796,1.23299831112489,1315.4691008510968,27
3.1874807244105057,-4.031923619327166,58.47847555804727,4.0152644511090205,1.2304122550598044,1328.392631480236,27
3.1853658268783267,-4.03416238557424,58.55531477770269,4.019791467300314,1.2305474012892768,1335.7392925742447,27
3.172984134282497,-4.04576672623489,58.67465684903379,4.033801328267483,1.2225190172132276,1349.21241446994,27
3.1598163772103014,-4.050043516601158,58.74148071996424,4.040235367831805,1.2105811960649806,1364.1620269169082,27
3.149761419422579,-4.048102293582941,58.78744569993177,4.039361590581224,1.2019131894143211,1374.2899509455194,27
3.1301983539631824,-4.037810031941395,58.98665722474357,4.033422138517266,1.1832064808599203,1401.642685643885,27
3.111056499923301,-4.030551064093381,59.143622568901016,4.030213592857715,1.1650754979114657,1426.8172680179018,27
3.0872235534996384,-4.036008165372128,59.24427009734097,4.039772706316007,1.1453368332212333,1448.506241754191,27
3.0589753081466977,-4.037471742819476,59.334356345877744,4.045449976889503,1.1205893644433935,1470.2144848147766,27
3.0213908770226485,-4.029093935000186,59.52068096438781,4.040148365576536,1.0857932836014703,1499.7432812823365,27
2.963559104906801,-4.018552271735589,59.927542604358,4.028647678577348,1.0289781401488944,1537.3043665601722,27
2.8878690833287517,-4.024937323387095,60.44948494513304,4.0318978638049,0.9564907523180468,1562.2712507437398,27
2.8076037034293666,-4.04621012163478,60.86480758363838,4.055612532508294,0.8831788929092956,1562.712288357564,27
2.7146739422880257,-4.051624781248585,61.28683390838421,4.054549198276949,0.7951503135510622,1554.452969784768,27
2.592562435478564,-4.031935994988245,61.53882530667134,4.014857364806118,0.6792746723092942,1563.9223204353789,27
2.467736578935028,-3.966608465902061,61.32517866425166,3.9404011577959857,0.5500404941325137,1592.817268017902,27
2.42324017531035,-3.4465230963877365,61.013029389034045,3.4379196877511005,0.4299774049528377,1634.145875640263,27
3.076706968395923,-0.1309484618388774,61.15605287362408,0.1810461322203106,-0.1668900007394443,1586.9225233469583,27
3.311248484036781,0.1650614197680481,60.38120115671725,-0.1221948083958868,-0.067252049654327,1705.455782252432,27
3.360862319832606,0.0458038330867589,58.87632359889959,-0.0222066037529548,-0.0180807951221006,1705.9402890236963,27
3.4002890192120283,0.0338818770370738,57.832549290941245,-0.0430962754697203,0.0310388352746604,1739.229800192726,27
3.4185019407840755,0.0646353419253371,57.42550143816613,-0.0552000793696239,0.0452274928079141,1727.280113371792,27
3.4293541434584864,0.0634626304076995,56.90103048362479,-0.0474157948663691,0.0445238706341246,1719.9785196670634,27
3.4417335276572123,0.0427883906869697,56.101904130139886,-0.0202130883352347,0.0301635248820907,1732.0787256506107,27
3.450655829827517,0.0266270273247893,55.20023649102015,0.0064192129829467,0.0157748752131761,1752.352411333299,27
3.458388328552246,0.0056149377487599,54.20975875854492,0.0228502098470926,0.0158958844840526,1745.0225830078125,27
3.659564733505249,-1.061998724937439,25.224590301513672,1.021046757698059,2.0934059619903564,1430.8782958984375,28
4.055803842544556,-1.2087605834007262,21.88053175608317,0.9019590667883556,2.984594818751017,-110.43672266642253,28
3.856236972808838,-2.380170774459839,32.520755716959634,2.002462100982666,2.99664179166158,259.47855265299484,28
3.633747978210449,-3.631954674720765,38.75631538391113,3.640736260414124,2.017199537754059,277.34524749755855,28
3.6042027537028,-4.102174485524495,39.722914174397786,4.008221518198649,1.5991357898712155,82.17314402262369,28
3.65010449886322,-4.108341217041016,41.74773902893067,3.997025712331136,1.6360024293263753,17.81275965372719,28
3.683627643585205,-4.084289836883545,43.45455474853516,4.0176615905761714,1.7002948999404908,-13.271609649658208,28
3.690214681625366,-4.068670546213786,44.40662821451823,4.034814287821452,1.7153210719426473,-12.26847244262695,28
3.6837909921010334,-4.05756441116333,44.93918360392253,4.04050910949707,1.7150295082728069,7.510497741699222,28
3.6855089330673216,-4.045778932571412,45.54632537841797,4.034883756637573,1.7176143002510071,26.892350311279294,28
3.6858916600545246,-4.040950043996175,46.08368581136068,4.031757513682048,1.718062941233317,47.91640955607098,28
3.6827849928538,-4.041968386967977,46.39787485758463,4.032602049509684,1.714398274421692,66.8165676879883,28
3.678184995651245,-4.045568790435791,46.61485336303711,4.0356834030151365,1.7094240951538089,81.25023712158205,28
3.678027534484863,-4.040335785547892,46.86017389933268,4.028810218175252,1.7079785895347597,90.82551462809244,28
3.681695839564005,-4.029975401560465,47.08797871907552,4.016616077423096,1.709160795211792,99.14353139241535,28
3.6774038791656496,-4.036365032196045,47.16588287353515,4.022565746307373,1.703876256942749,110.75728302001954,28
3.669995031356812,-4.043238436381023,47.224319000244144,4.029062919616699,1.696819396018982,121.6925532023112,28
3.6678710842132567,-4.039048296610514,47.33932490030925,4.02353562672933,1.6940260044733684,129.23532953898112,28
3.666865558624268,-4.032876663208008,47.477702941894535,4.016170234680176,1.692347764968872,138.92078674316406,28
3.662805153528849,-4.033012854258219,47.65538945515951,4.016671568552653,1.6875975481669108,152.72009419759118,28
3.657949177424113,-4.034942054748536,47.92963994344076,4.019738006591797,1.6804801940917968,167.9282948811849,28
3.653708925247192,-4.033650493621826,48.20905769348145,4.018804264068604,1.6738957405090331,183.0141705322266,28
3.6451531632741294,-4.035504455566406,48.30155609130859,4.020391654968262,1.6676232274373373,198.42036844889324,28
3.6358671681086223,-4.036730353037516,48.51982945760091,4.0230621846516925,1.660164060592651,215.078432413737,28
3.624003734588623,-4.040191879272461,48.67860382080078,4.026966209411621,1.6499897527694702,233.86740783691408,28
3.611773689587911,-4.041862487792969,48.884970347086586,4.02885897954305,1.640844444433848,253.47515106201172,28
3.603950106302897,-4.034340769449869,49.10502527872721,4.021453997294108,1.6347725582122803,271.86198567708334,28
3.5983132123947144,-4.026373844146729,49.21841400146484,4.013722238540649,1.6333773255348203,286.2476513671876,28
3.591401611963908,-4.021606534322103,49.245384470621744,4.010108133951823,1.6324106931686402,299.7242936197917,28
3.582801210085551,-4.023642377853394,49.350357157389325,4.014610055287679,1.6270990602175397,314.4549609375,28
3.576862955093384,-4.020653152465821,49.485608673095705,4.012696647644043,1.6240591526031494,326.58203125,28
3.5716030550003053,-4.017915315628052,49.675460840861,4.012056382497152,1.620700182120005,338.8948258463542,28
3.5654471429189045,-4.019090220133464,49.78225204467773,4.014269339243571,1.6160963837305704,350.4627848307292,28
3.5590984201431275,-4.022258348464966,49.77187843322754,4.017514553070068,1.613280038833618,357.70281982421875,28
3.554719546635946,-4.021618251800537,49.84554865519205,4.018049945831299,1.6114694102605185,363.6256363932292,28
3.549337196350097,-4.020623747507731,50.187442016601565,4.019880358378092,1.6051530241966248,376.9779012044271,28
3.535956373214722,-4.025251312255859,50.55303695678711,4.02601016998291,1.5905112886428834,402.0019140625,28
3.528640689849853,-4.0246495946248375,50.72539560953776,4.02587412516276,1.581630470752716,417.5966984049479,28
3.522840334574381,-4.024590358734131,50.94612065633138,4.027300287882487,1.576475412050883,429.1941910807293,28
3.517175107002258,-4.022526950836181,51.17629333496094,4.026327085494995,1.5700416994094848,442.8486230468751,28
3.5099827448527017,-4.0238571484883625,51.26722869873047,4.027134545644125,1.5645580689112346,454.8616373697917,28
3.5009647687276204,-4.025564953486125,51.26432612101237,4.028578097025553,1.5587181385358175,466.4609065755209,28
3.493492908477783,-4.02276683807373,51.43845718383789,4.027065105438233,1.55005886554718,482.3290234375,28
3.4928452078501384,-4.015645825068156,51.640816624959314,4.020956093470256,1.5470947535832722,493.415625,28
3.48107673962911,-4.024640693664551,51.92185501098633,4.031988328297933,1.5346872886021932,515.7365885416667,28
3.476873540878296,-4.024146747589112,52.04576416015625,4.030398893356323,1.5271837711334229,528.909033203125,28
3.476879692077637,-4.026168473561605,52.04807113647461,4.03156790415446,1.5282413037618,528.8561686197917,28
3.471150410970052,-4.032243378957113,52.10130221048991,4.037526588439942,1.5235811789830525,534.6826790364584,28
3.463462371826172,-4.03524866104126,52.21497512817383,4.039970607757568,1.5146359872817994,546.7944873046876,28
3.463324856758118,-4.030181039174398,52.256709314982096,4.033672974904378,1.5136389342943828,551.0225089518229,28
3.459643602371216,-4.032391707102458,52.2321523030599,4.035220305124919,1.5111279487609863,555.655517578125,28
3.459207463264465,-4.0335482978820805,52.2275691986084,4.036889867782593,1.509380588531494,557.208525390625,28
3.4575542704264324,-4.035989748636881,52.34590647379557,4.039285500844319,1.507896523475647,560.7339095052083,28
3.4532323551177977,-4.035238466262817,52.512301177978514,4.038834088643392,1.502233350276947,572.3354150390626,28
3.4486243724823,-4.03436695098877,52.66790588378906,4.038514728546143,1.4958650827407838,586.147216796875,28
3.4445289850234984,-4.034286022186279,52.80300687154134,4.038898070653279,1.491281811396281,598.1523844401042,28
3.4350708389282225,-4.037017854054769,52.983501281738285,4.042134043375651,1.4819365851084392,617.0352246093751,28
3.4270760869979857,-4.030518369674683,53.277547683715824,4.036382703781128,1.4717574763298034,643.4560400390626,28
3.4221267477671304,-4.0252618408203125,53.41181894938151,4.029583880106608,1.4654925028483072,663.6443717447917,28
3.4141546948750814,-4.029116128285726,53.47854782104492,4.034218088785807,1.4582575686772663,680.1229866536459,28
3.4129055976867675,-4.0263340950012205,53.50973663330078,4.029361534118652,1.455470824241638,687.871728515625,28
3.4204826593399047,-4.022036959330241,53.403023096720375,4.021844469706218,1.4639336427052816,677.7248136393229,28
3.4185552755991617,-4.027510172526042,53.34033386230469,4.026550534566243,1.4641189861297608,675.6859488932291,28
3.410400667190552,-4.033195781707764,53.414535446166994,4.033631391525269,1.4563235116004944,686.1051440429687,28
3.401023305257161,-4.031940441131592,53.659367370605466,4.0336522801717125,1.4458795245488485,708.4463297526042,28
3.3988733927408856,-4.022524722417196,53.82560869852702,4.022327772776285,1.44108749628067,726.9271931966146,28
3.397316656112671,-4.018379955291748,53.93840469360352,4.017942352294922,1.4390629720687866,741.4223291015625,28
3.394461161295573,-4.016254682540893,54.082622934977216,4.016358054478963,1.4354240409533183,757.4396736653646,28
3.3951700146993,-4.0121332550048825,54.19988642374675,4.010838101704915,1.4355243508021036,767.6517252604167,28
3.3978450202941897,-4.007755317687988,54.24441879272461,4.004014320373535,1.4378940200805663,772.281005859375,28
3.393544387817383,-4.014154783884684,54.23199513753255,4.010987059275309,1.4343767086664836,778.3884847005208,28
3.390744961102804,-4.016859353383382,54.24416768391927,4.01454155921936,1.4315780719121298,782.3654996744792,28
3.386804180145264,-4.020641651153564,54.29476089477539,4.0175822067260745,1.4290646028518676,786.9750732421875,28
3.382008442878723,-4.021817887624104,54.33361584981282,4.018414456049602,1.4239893333117166,794.6564005533854,28
3.374517437616984,-4.026178290049235,54.38867039998373,4.023791777292887,1.417392717997233,805.0662825520833,28
3.368067502975464,-4.026325702667236,54.48270797729492,4.023132085800171,1.410868227481842,817.47265625,28
3.373125991821289,-4.012302449544271,54.58696787516276,4.005585962931315,1.4133715629577637,824.8237353515625,28
3.37310085773468,-4.011437721252442,54.6187033589681,4.002356808980306,1.413845438162486,832.8069116210937,28
3.370313901901245,-4.0109516143798825,54.68689651489258,4.001153259277344,1.4107063770294188,845.2098876953127,28
3.366313460667928,-4.012925373713175,54.74057640075684,4.003185091018676,1.406446146965027,857.3205908203125,28
3.363744084040324,-4.014275328318278,54.77762985229492,4.005126539866129,1.403711946805318,865.2383707682292,28
3.3624758911132813,-4.013785886764526,54.8840055847168,4.005369491577149,1.4026622891426086,873.27728515625,28
3.360014235178629,-4.013727931976319,55.03119725545248,4.004669310251872,1.4002435970306395,884.4735115559897,28
3.356766858100891,-4.014916073481242,55.12083518981934,4.003930393854777,1.3968174934387207,895.0465242513021,28
3.351399335861206,-4.017023506164551,55.184599609375,4.005515251159668,1.3911363077163696,907.1701098632814,28
3.349492088953654,-4.011638927459717,55.294576517740886,4.001220035552978,1.3873742699623108,920.0457946777344,28
3.3481648127237955,-4.011535269419352,55.42178380330404,3.998946889241537,1.386690812110901,930.798924967448,28
3.341602325439453,-4.0197029972076415,55.465885620117184,4.006399984359741,1.3810592436790463,941.5982299804688,28
3.3322906748453778,-4.028576927185059,55.45667490641276,4.0149742380778,1.3727501233418782,950.2586140950522,28
3.331744481722514,-4.023904078801473,55.478977813720704,4.008141641616821,1.3710409561793009,954.9244917805988,28
3.333551597595215,-4.016703796386719,55.58227310180664,3.999691772460937,1.3715606451034543,963.4247924804688,28
3.3298279158274333,-4.018776442209879,55.71733851114909,4.001027463277181,1.3681046271324158,977.9051220703124,28
3.328735837936401,-4.017322959899903,55.7781158955892,3.998434648513794,1.3653145329157512,988.0266658528648,28
3.3273823070526123,-4.017829370498657,55.84591239929199,3.998912415504456,1.3639469361305236,996.1288708496094,28
3.326549139022827,-4.018867925008138,55.89573908487956,3.998489049275716,1.362632433573405,1002.3150862630208,28
3.3296441237131758,-4.018098942438761,55.86029345194499,3.9947088162104287,1.365341301759084,1000.4422973632812,28
3.330520238876342,-4.014980335235595,55.92582290649414,3.9909381294250488,1.3655899953842163,1006.176208496094,28
3.3244266812006638,-4.01644660949707,56.10717748006185,3.9938401730855295,1.3590762368837992,1024.5356201171874,28
3.3198832098642983,-4.019890473683676,56.18675125122071,3.995924940109253,1.3538906208674113,1037.413896484375,28
3.3184892416000364,-4.02020827293396,56.19740676879883,3.992764139175415,1.3520915007591248,1044.0864038085938,28
3.321149269739786,-4.0111762682596845,56.22903315226237,3.982544660568237,1.352009415626526,1050.786092122396,28
3.3201734765370685,-4.011181221008301,56.34422167460124,3.983275752067566,1.3513668664296468,1061.5574202473958,28
3.313565349578857,-4.017081451416016,56.46887603759766,3.9887826442718506,1.344791522026062,1076.628969726563,28
3.3115531555811564,-4.015863269170126,56.54651809692383,3.986525824864705,1.341603639125824,1086.856572265625,28
3.2993374156951902,-4.028703200022379,56.65760660807292,4.000108976364135,1.3312162335713704,1103.484099934896,28
3.293136501312256,-4.022471618652344,56.80469398498535,3.993993926048279,1.3219290375709534,1121.2784423828125,28
3.286857531865438,-4.017813014984131,57.01463892618816,3.991466906865438,1.3138850784301757,1141.696394856771,28
3.28054274559021,-4.021399742762248,57.14815437316894,3.995031019846598,1.3065374501546223,1157.4896907552084,28
3.2772264099121093,-4.02397647857666,57.19770538330078,3.99546929359436,1.3030350255966183,1165.587421875,28
3.272128264109293,-4.0204067866007485,57.33001360575358,3.992522681554159,1.2967272702852886,1180.39796875,28
3.2652151107788088,-4.02668202718099,57.38302052815755,3.999218606948853,1.2903977235158284,1191.8057535807293,28
3.2609560966491697,-4.035036230087281,57.30405197143555,4.0051783752441406,1.287486460208893,1193.5839013671875,28
3.2573006852467854,-4.03188009262085,57.34605560302735,4.003019180297851,1.2834419282277425,1199.9692789713542,28
3.251990152994792,-4.031871255238851,57.480408376057945,4.004239724477132,1.278491453329722,1211.8578588867188,28
3.2458235454559325,-4.033711338043213,57.60752166748047,4.007068290710449,1.2728172063827514,1224.1259130859376,28
3.241700593630473,-4.029748328526815,57.72050272623698,4.004109350840251,1.267966592311859,1236.1441162109377,28
3.242377955118815,-4.027026456197103,57.74464533487956,4.0006218401590985,1.2690399074554444,1240.6076578776042,28
3.2391890001297,-4.037611980438232,57.67740966796875,4.009616470336914,1.2690235948562625,1240.3521142578124,28
3.235523166656494,-4.03290044148763,57.73806645711263,4.006990966796875,1.265262681643168,1247.3092333984375,28
3.2324040142695107,-4.028749764760335,57.86077204386393,4.00471045811971,1.2625511948267618,1257.5431355794271,28
3.225182294845581,-4.029661655426025,58.030572509765626,4.009769248962402,1.2570934772491456,1271.076904296875,28
3.2151503308614093,-4.034014768600464,58.22315943400065,4.016734336217245,1.249460622469584,1287.0901977539063,28
3.2076927439371743,-4.041245721181234,58.3346891784668,4.024187870025635,1.244623901049296,1297.6781494140623,28
3.198893485069275,-4.050005235671997,58.39434913635254,4.03279369354248,1.238854112625122,1307.009052734375,28
3.1936735121409097,-4.042028242746989,58.47543299357096,4.025844160715739,1.2338628800710043,1318.616484375,28
3.1864925225575766,-4.034431219100952,58.600817362467446,4.022503058115642,1.2280875245730083,1333.5234171549478,28
3.1792254638671875,-4.042407207489013,58.64870880126953,4.029992809295655,1.22447856426239,1342.8309033203125,28
3.168392014503479,-4.044642658233642,58.69678092956543,4.0337682056427,1.2164996838569642,1354.828995768229,28
3.1550056807200115,-4.029393119812012,58.832855275472006,4.024175987243653,1.202446076075236,1377.2817171223958,28
3.145749282836914,-4.017246370315552,58.97619888305664,4.017320613861084,1.1935764050483704,1395.8257568359377,28
3.1287515799204506,-4.033065350850423,59.050149281819664,4.035991382598877,1.18202645778656,1410.9591715494792,28
3.114080491065979,-4.046575905481975,59.03037223815918,4.049075196584066,1.1707430919011432,1417.518036295573,28
3.086977882385254,-4.039957523345947,59.20150787353516,4.042925643920898,1.1458647871017456,1444.8164990234377,28
3.0514200798670448,-4.02062523206075,59.43086690266927,4.028247760136922,1.1111320265134172,1484.763015950521,28
3.009842713673909,-4.017657928466797,59.66181442260742,4.029070192972819,1.0747909291585285,1517.228894856771,28
2.9487355232238763,-4.02499361038208,60.05367202758789,4.035399055480957,1.0176667690277093,1546.0719360351566,28
2.8647416782379147,-4.028983058929444,60.574108072916665,4.036428451538086,0.9364167141914368,1569.6788834635418,28
2.7755337031682323,-4.043575824101766,61.0063577524821,4.051105362574259,0.8548145612080884,1567.9793098958332,28
2.666753616333008,-4.068921337127685,61.37272903442383,4.063293190002441,0.75658714056015,1555.09943359375,28
2.544082179069518,-4.0758312193552655,61.39919370015462,4.05580114364624,0.6398756949106841,1555.7617887369793,28
2.4330101172129317,-3.996168613433838,61.05859654744466,3.973244222005208,0.5150095899899799,1583.0498697916669,28
2.425804595947267,-3.204928188323957,60.72168334960937,3.2056571626663035,0.3870418345928187,1641.8557446289065,28
3.063020423253378,-0.0973962489763876,61.03114125569662,0.1480628283818544,-0.1383935168882216,1619.7696337890627,28
3.304609441757203,0.1693680691719038,60.28140134175617,-0.1089370412627839,-0.0617403907825545,1723.463728027344,28
3.359628105163574,0.0504667305946349,58.70799072265625,-0.0095213979110121,-0.0188209028542041,1709.1760888671874,28
3.403159387906393,0.0431358377138774,57.60135815938313,-0.0353617026781045,0.0248337440192702,1741.8949625651044,28
3.421562252044678,0.074550343354543,57.209123891194665,-0.0489328689376513,0.0361529060701529,1742.6760872395832,28
3.425769209861756,0.0778690695762633,56.77903701782226,-0.0378508928418158,0.0344082765281199,1747.3507128906251,28
3.431552708943685,0.0587566526730855,56.00148183186849,-0.011308071774741,0.0121961844464143,1780.0193522135417,28
3.432417987187704,0.0379805755615232,55.18060030619303,0.0132724355037015,-0.0067606627444426,1817.4138517252609,28
3.4294369220733643,0.0128182778134942,54.33171463012695,0.0288544241338968,-0.0060247965157032,1824.3958740234373,28
3.648128032684326,-1.0691804885864258,25.652250289916992,1.0246986150741575,2.0741798877716064,1468.4481201171875,29
4.035983469035174,-1.2327932908728316,24.64967241802731,0.8679025233597368,2.9495157567230432,-4.3515790990881005,29
3.857315901163462,-2.3618240839726217,36.136471000877584,1.972247531285157,3.031210825249956,351.963063626676,29
3.647332866449614,-3.678346421267536,40.50440022752092,3.683607914963284,2.0245877504348755,277.0808836447225,29
3.627617797336063,-4.121684641451449,40.88017788448849,4.0160246926385,1.6256261097418296,68.83051794928474,29
3.6761289738320015,-4.104976547730936,42.783191088083626,3.998861473959845,1.6699670867339984,8.020647925299583,29
3.700311061498281,-4.081760026313163,44.10529698552312,4.021319324905808,1.7177665056409062,-18.749310570794187,29
3.6999967372095264,-4.066433687467833,44.682955226382695,4.035700978459539,1.7266683538217802,-15.096434000376108,29
3.690437664856782,-4.056925567420754,45.04364560101483,4.042572730296367,1.7234025549244236,5.897607468269962,29
3.680780460705628,-4.049533576578708,45.28532407090471,4.04168873542064,1.7184660515269718,29.95305561374973,29
3.684371023564725,-4.032807221283784,45.56635861783414,4.025557685542751,1.7249709383861438,44.591338183428775,29
3.6775886480872697,-4.039473910589476,45.91700979181238,4.033782321053582,1.7202903805552303,65.68008533683981,29
3.675140773927843,-4.043254749194996,46.32943911165805,4.036982085253741,1.712271996446558,80.24259763150603,29
3.6720490407299353,-4.051097380148398,46.7119877273972,4.044537483034907,1.7034251021372306,91.30206484407992,29
3.667987720386402,-4.054470146024549,46.92142770097063,4.045138339738588,1.6962099381395288,99.43528232058964,29
3.66784524273228,-4.0491422736966936,47.01604348260003,4.037406328562144,1.6962132389481004,103.27600118276236,29
3.663358308173515,-4.054433268469733,47.196908796155775,4.042694568634033,1.691122583440832,111.81119124953813,29
3.653747797012329,-4.062406288610922,47.43922808363631,4.049755679594504,1.6802254874964018,126.55497638599292,29
3.646680164981533,-4.061849407247595,47.75567364048313,4.047060077254836,1.6691638166840013,143.63892467601875,29
3.6489244071212976,-4.051144599914551,47.86305453326251,4.033338421099895,1.667248309464068,151.72225910908466,29
3.6458292974008097,-4.053006880992168,47.8643684387207,4.034539532017064,1.6667842188396969,160.36672767432958,29
3.635195129626506,-4.0591364905640885,47.94709257177404,4.040183476499609,1.6593121749323767,177.62853137866873,29
3.625266290999748,-4.056656831019634,48.09699326592523,4.036452377164686,1.649939495163995,199.39939797891148,29
3.618806300936519,-4.049273684218123,48.171682744412806,4.028819821976327,1.64480395333187,218.37752512339,29
3.612576839086172,-4.045694144996437,48.22860119793866,4.027029797837541,1.6422912107931602,234.16545682340055,29
3.604948614094708,-4.040296680218464,48.59514623074918,4.023659812437521,1.635873014862473,258.12878716958534,29
3.5991082094811104,-4.029016417426032,48.77415703438424,4.012235125979862,1.6314385388348551,280.85913415857266,29
3.590749735767777,-4.026412113292797,48.871400343405234,4.0122188329696655,1.6278276379043992,300.08699901683906,29
3.584401085570052,-4.021203414813892,49.045135704246725,4.008940774041253,1.624686659993352,315.90756967905406,29
3.582010755667816,-4.01231321128639,49.1559951112077,4.001486617165643,1.6253883250661798,325.8336965200063,29
3.5770272080962724,-4.013619248931472,49.20586075653901,4.004793250882948,1.6250435742172036,333.620496595228,29
3.5659515487181173,-4.0197015291935685,49.35653482901083,4.0127852768511385,1.6176751586231026,348.16372515704177,29
3.5539265709954337,-4.024404113357131,49.54937043061128,4.018779058714171,1.606920245531443,365.0984084670608,29
3.5434689731211275,-4.026657645766799,49.6658099921974,4.021230932828543,1.5984441098329183,378.7184118322424,29
3.5369692557566874,-4.02574390334052,49.8450238511369,4.021687997354044,1.5931158710170437,388.63495862806167,29
3.533931484093537,-4.0228407608496175,50.04311394047093,4.019868773383063,1.589938895122425,396.30674290012666,29
3.530262096508129,-4.023647540324443,50.27217555690456,4.022457238790151,1.5870253008765145,404.4468466269003,29
3.526727020740509,-4.021149277687073,50.57519721984863,4.021420478820801,1.5818150639533997,416.3575134277344,29
3.525589791504113,-4.019511184176883,50.73952277931007,4.020830560374904,1.5808348913450498,422.82750475084464,29
3.51941832175126,-4.023452552589211,50.97869097219931,4.0265455825908765,1.5741128559048112,435.3702029666384,29
3.515082256214039,-4.026587267179747,50.986395964751374,4.028486767330685,1.5704496003486017,441.2162162162162,29
3.5102509968989604,-4.029229463757695,50.9386618330672,4.030165727074082,1.5691883862018583,443.76018379830026,29
3.504165208017504,-4.0302348136901855,51.03068970345162,4.032370290240726,1.5633228276226971,452.5099767736487,29
3.4944527729137524,-4.035953740815859,51.257147247726856,4.039548741804587,1.551381911780383,468.9756387246622,29
3.4839305877685547,-4.0420496657088,51.44178143063107,4.045121283144565,1.5391832396790788,485.2647870038006,29
3.479109530513351,-4.039568517659162,51.523562998385046,4.041215332778725,1.5344942123503298,493.74319128088047,29
3.477304916124086,-4.031319366919028,51.656299178664746,4.033433005616471,1.5325379033346431,502.89593835779135,29
3.468636541753202,-4.034653392997948,51.786054662756015,4.038088370013881,1.5235222859962567,519.5745387721706,29
3.464107919383693,-4.035208135037808,51.91354225777291,4.038901135728166,1.5169978560628117,531.6348250105575,29
3.461266780221784,-4.037367205362062,52.04140516229578,4.041530876546292,1.512862018636755,539.7081175108214,29
3.4604738821854464,-4.037930585242607,52.1561099387504,4.041753717370935,1.510565077936327,544.9153343406883,29
3.4559317231178284,-4.042345936233933,52.311046523016856,4.047137505299336,1.506159078430485,553.5139638539907,29
3.4441079706759066,-4.047014945262188,52.535889599774336,4.051999324076885,1.4931311961766836,574.256664379223,29
3.441207193039559,-4.038741762573655,52.69268713770686,4.042604104892628,1.4889402663385547,587.9353876887141,29
3.436439475497684,-4.025946739557627,53.07351581470386,4.0319828213872135,1.4818399371327582,616.0610730970227,29
3.429446956595859,-4.024766603031674,53.21462463688206,4.030488748808165,1.4735465001415562,640.333120810019,29
3.427332439938107,-4.028733047279152,53.04571285763302,4.031143691088702,1.4730445210998122,641.6477776604729,29
3.4302172225874825,-4.02971135603415,52.89496560998865,4.030543559306377,1.4772464874628428,632.7449415052259,29
3.431536139668645,-4.02982572607092,52.93246377480997,4.030995394732501,1.478188988324758,631.6094888223184,29
3.4284889230857023,-4.032413891843848,53.04144225249419,4.0338197173299015,1.4750105416452564,638.4779283678209,29
3.4256197310782768,-4.02820618088181,53.22681674441776,4.02972836107821,1.4703823392455642,652.1611031197212,29
3.4255574812760226,-4.023555778168343,53.32773595242887,4.025007943849306,1.4688438877866077,662.1781508987015,29
3.4242910372244344,-4.022710291115013,53.42217667038376,4.02468879802807,1.4674800392743703,671.1392508841849,29
3.4150971818614653,-4.029747347573976,53.56494390642321,4.034174152322717,1.458890526681333,687.6402068266997,29
3.403536925444732,-4.035287895718136,53.72817694174277,4.040096270071493,1.4477504234056215,707.054859058277,29
3.3989516174471057,-4.03108376747853,53.8019789360665,4.033155808577666,1.4419990979336403,719.2958291543497,29
3.397340813198605,-4.026747252490069,53.83837359660381,4.027083184268023,1.4406659506462716,727.1400905299831,29
3.3892319524610364,-4.026119767008601,54.00163498440304,4.026873585340139,1.4326187605793412,747.7856874208192,29
3.383587991869128,-4.023752882673934,54.100412214124525,4.022907218417606,1.4263094244776546,765.2433521167652,29
3.384543649248174,-4.015327495497626,54.19065545056317,4.012568957096821,1.4256271655495103,777.1672346785261,29
3.385944018492828,-4.012082473651783,54.24815971786912,4.008315853170447,1.4266103135572898,785.3761184279983,29
3.3869364019986747,-4.007619455054,54.384122461886015,4.003457253043716,1.427167366485338,796.132824871991,29
3.385811683293936,-4.004073155892862,54.56780428499789,4.001252097052497,1.424683606302416,812.3919248838682,29
3.3820422517286763,-4.007857322692871,54.69197198506948,4.004662288201822,1.4216080710694596,825.3865925556904,29
3.378903865814209,-4.009774923324585,54.74741744995117,4.004900932312012,1.418533444404602,834.1062622070312,29
3.3740885322158403,-4.012584850594804,54.78611291421426,4.00720350162403,1.4137743002659566,843.3073029389253,29
3.373555241404353,-4.009700556059141,54.8040585904508,4.001387389930519,1.4127370183532302,848.7436754381334,29
3.370970107413627,-4.012030301867305,54.78009066710601,4.0029686045002295,1.410365296376718,853.6517416464316,29
3.3667322300575875,-4.015528176281904,54.7922467927675,4.005799718805261,1.4070148902970392,860.0845287426097,29
3.36505302384093,-4.010471050803726,54.91196604032774,4.00114842363306,1.4039088165437854,871.9010743837098,29
3.3615209218618034,-4.011546586010907,55.05804927929027,4.00224645717724,1.4006821625941508,886.3093311206713,29
3.3554025356834,-4.018482301686261,55.07425032435237,4.007405976991396,1.3955530725620888,895.0776556891363,29
3.352699875831604,-4.017405877242217,55.1200563585436,4.005261517859794,1.3923471489468136,902.95590127481,29
3.348321143034342,-4.018581912324235,55.187628617157806,4.005016140035681,1.3882322311401367,913.620468552048,29
3.3483592239586084,-4.012075553069243,55.276488020613385,3.996516259940895,1.3863426221383583,924.7071912610852,29
3.350969994390333,-4.008336005984126,55.303361531850456,3.9913280735144734,1.3877366515430245,930.3434390506228,29
3.34721653848081,-4.014450930260323,55.374626984467376,3.997575940312566,1.3858565752570693,939.1596852895376,29
3.337632074549392,-4.02092018642941,55.52528020497915,4.005028370264414,1.3767470572445846,957.458374435837,29
3.3294764338312923,-4.023258170566043,55.66329502415012,4.007298405106003,1.3678825835923891,975.3808098870352,29
3.324853698949556,-4.023791139190261,55.756266439283216,4.006992849143776,1.362704140108985,988.2301153234532,29
3.3195956494357133,-4.027772793898712,55.79655848322688,4.009594214929117,1.35781019120603,997.0468865471915,29
3.327795123731768,-4.007866028192881,55.92206295116527,3.9863879970602087,1.361359697741431,1004.3316605026656,29
3.3249463970596724,-4.016703412339494,56.0024390349517,3.9950672871357686,1.360573472203435,1014.2555030616554,29
3.3185878283268697,-4.020413134549115,56.133328386255215,3.996296848799732,1.3541712664269112,1030.007515572213,29
3.3147689490704924,-4.015468558749637,56.27707806149044,3.9922054683839954,1.3471427028243603,1049.0642106339735,29
3.313942517783191,-4.016767147425059,56.30004050280597,3.992796053757538,1.345464932757455,1056.2953227275127,29
3.319598359030646,-4.01281382586505,56.29252325521933,3.98634453077574,1.350491613955111,1053.896012589738,29
3.320131306712692,-4.007767925391326,56.46747609731313,3.9821554406269177,1.34995668965417,1064.386255212732,29
3.31506879265244,-4.018324291383898,56.54400877050451,3.9918184087083146,1.3458437871288609,1074.019828177787,29
3.309555999330572,-4.02577247490754,56.54900006990175,3.999110834018604,1.3402888259372197,1080.1496309847446,29
3.3058839359798946,-4.027240714511356,56.57393460660367,4.0006226591161775,1.3362817957594588,1085.3685830605996,29
3.302281360368471,-4.027767941758439,56.65627147055961,4.00113886755866,1.3328206080037197,1092.9548678011508,29
3.29793318220087,-4.0258766896015885,56.80794607626425,3.9989338501079663,1.32780689162177,1106.0456378008869,29
3.2941192726831177,-4.023586914346025,56.94816749160354,3.996528730199144,1.3224038642805975,1121.003615920608,29
3.289961698892954,-4.031808363424765,56.944345525793125,4.003416808875832,1.3194474787325472,1126.8190588048988,29
3.2825236401042424,-4.035531343640508,57.02945371576258,4.00683023800721,1.3125903703070976,1138.6812323492927,29
3.2776734313449345,-4.021378607363315,57.26021885227512,3.9957344274263127,1.3042963694881748,1159.472854201858,29
3.2695020550006144,-4.034039838893993,57.36664488508895,4.008640131434879,1.2983254717813957,1173.264910723712,29
3.260870546907992,-4.048582089913858,57.36707501798063,4.020262099601127,1.292088995108733,1180.508353568412,29
3.256423513631563,-4.045714185044572,57.3883938402743,4.016152182140866,1.2868818004389069,1189.129891060494,29
3.252570078179643,-4.0441062321534025,57.445969401179134,4.0147466272921175,1.2839111975721411,1198.7202494853252,29
3.245505213737488,-4.046785354614258,57.51094341278076,4.017980933189392,1.2780829071998596,1210.2419738769531,29
3.244362180297439,-4.033399942758921,57.65481000333219,4.0072004988386825,1.2748975721565452,1223.5956338418496,29
3.2426420240788847,-4.044201229069684,57.65861967447642,4.016663135708989,1.2762080205453408,1225.9371808026287,29
3.239073163754232,-4.05228995632481,57.67060022096376,4.021751835539535,1.2754123984156427,1229.1285037478883,29
3.234876755121592,-4.04578059428447,57.7664122452607,4.017329750834285,1.2709112094866264,1240.249433362806,29
3.232030082393337,-4.037421922425966,57.89078078398833,4.011624929067251,1.267681108938681,1252.956216348184,29
3.2280699981225505,-4.035112948031039,58.01680124128187,4.012231333835705,1.2650253531095144,1264.5726664775125,29
3.217072010040283,-4.036650760753735,58.22461504549594,4.018346876711459,1.2558140738590344,1283.9800579998944,29
3.208412104361766,-4.032219719242406,58.40778466817495,4.017345425244924,1.2472283211914268,1302.9731841216217,29
3.2056808278367326,-4.03456820668401,58.43903464239997,4.020089845399599,1.245757492812904,1308.6465404613598,29
3.201713236602577,-4.042911867837648,58.44581518946468,4.027716739757641,1.2446201749750083,1310.5278666728252,29
3.202388032062633,-4.045358219662228,58.41650179270152,4.026960540462184,1.2458499380060144,1308.3659503008869,29
3.1981033521729545,-4.048184794348639,58.48807144165039,4.030078749398927,1.2439986459306769,1313.4925339157517,29
3.183923134932647,-4.051781744570345,58.65173896583351,4.037745553093988,1.231845059910336,1332.6933329814187,29
3.170132417936583,-4.048217882981172,58.78501662692508,4.037165780325194,1.2185779028647656,1351.9892009013406,29
3.159174532503695,-4.034332810221492,58.95447550593196,4.026746962521528,1.20640392400123,1373.3755740603883,29
3.152259903985101,-4.044215853149827,58.94900883855046,4.035801407453176,1.202080422156566,1378.6329205487225,29
3.1428930437242664,-4.036804946693215,59.03928406174119,4.029667557896794,1.1925380745449583,1392.0794050886825,29
3.127517908006101,-4.040168063060658,59.1174570289818,4.037328636324084,1.1801822145242948,1408.9160345953865,29
3.1079895206399866,-4.044825154381829,59.16922110480231,4.044191875973263,1.1642104065096055,1425.5052638698269,29
3.0843370492393904,-4.039932660154395,59.273223902728105,4.04141633575027,1.1427253170593363,1448.059519999736,29
3.0523790153297217,-4.039295776470287,59.4298044153162,4.043881519420727,1.114633685833699,1475.2388652079817,29
3.002132452823021,-4.053608878238781,59.7022540375993,4.057601451873779,1.068829135314839,1502.2347783269106,29
2.933806667456756,-4.053931494016905,60.18431390298379,4.056208861840738,0.9990597536435004,1530.1989465661948,29
2.84377573309718,-4.033467234791936,60.69700764320992,4.037745749628222,0.9093257325726594,1563.0457079088364,29
2.7286570201048987,-4.010416842795707,61.22725491910367,4.009773718344199,0.7999992869995741,1583.8837329761402,29
2.592655573342298,-4.013146329570461,61.579442565505566,3.9939214828852063,0.6772210130820407,1582.752707816459,29
2.461890391401343,-3.994211915377024,61.35024349109547,3.967487341648824,0.5493814655252407,1591.6093007680531,29
2.437328934669494,-3.293869579160535,61.08573447047053,3.29225112940814,0.3935532682650797,1639.6489290804475,29
3.0574543604979656,-0.1394683944212388,61.34152139199747,0.1747158620808542,-0.10736622540532,1610.5981313344598,29
3.3063680400719515,0.1656484128655606,60.37029026650093,-0.1095832309912178,-0.0515091740652109,1722.801448512722,29
3.362390311988624,0.0490828526986616,58.70923681516906,-0.0143180876919949,-0.0132113156487817,1705.9749689875418,29
3.40503597903896,0.0415034978776363,57.62635269680539,-0.0384486355013336,0.0273866886021314,1738.4613606220964,29
3.424352349461736,0.0770783343830623,57.19081961142051,-0.0527364686131477,0.0391224935852192,1729.4030629750844,29
3.43210535113876,0.0711087447565956,56.68948812742492,-0.0412983034510871,0.0371792331539296,1738.621178704339,29
3.4389850062292977,0.0489322398159955,55.93766681568043,-0.0114697621430498,0.0195761297804279,1765.1153811892946,29
3.437912349765365,0.029453898012336,55.13334550084295,0.0161633495858089,0.0038304577606755,1794.1810954325908,29
3.4357590675354004,0.0059861554764211,54.26807022094727,0.0354558750987052,0.0027692727744579,1792.623779296875,29
3.664691686630249,-1.0461066961288452,25.096410751342773,1.007050395011902,2.092047929763794,1422.4176025390625,30
4.061007885705857,-1.2179119047664462,21.02879369826544,0.9047532478968304,3.0107108184269498,-129.2696013677688,30
3.840381383895874,-2.480447087969099,31.13869857788086,2.1003577482132685,2.9712664626893543,248.9318284534273,30
3.631280762808664,-3.659245014190674,36.89275033133371,3.66567325592041,1.9725868531635828,226.8718501499721,30
3.5990573224567237,-4.083795229593913,38.290621802920384,3.9913828259422655,1.5756899572554088,62.20761199224562,30
3.651536305745443,-4.084238415672665,40.92012042091006,3.974657081422352,1.6370193050021216,1.7367634319123937,30
3.6952709470476415,-4.06507362638201,43.26064682006836,3.996999434062413,1.71731013911111,-24.10233579363142,30
3.710254033406576,-4.052556196848552,44.60230255126953,4.012985706329346,1.739920735359192,-15.110380808512357,30
3.713706606910342,-4.043393725440616,45.41102799915132,4.019523143768311,1.7456103676841372,9.167084920974007,30
3.713687760489328,-4.038786479404995,46.095911843436106,4.02264050074986,1.7433039120265417,36.35328292846679,30
3.7156184854961576,-4.032899743034726,46.72642953055246,4.019005071549189,1.7387295620782035,59.3426918756394,30
3.711990174793062,-4.032470339820499,47.09549095517113,4.017935798281715,1.7305775426682972,81.98391759963265,30
3.708828926086426,-4.032858916691372,47.4035758972168,4.018415519169399,1.7237112011228288,99.2333014351981,30
3.703599384852818,-4.034174919128418,47.75176002865746,4.020229543958392,1.7158630688985188,116.06261807396298,30
3.702430009841919,-4.025002638498942,47.96160507202149,4.0100053151448565,1.711702863375346,128.5293909708659,30
3.697694403784616,-4.023912770407541,48.119845799037385,4.010499341147287,1.709468926702227,140.1888580322266,30
3.684261844271705,-4.028512296222505,48.285231635684056,4.0163802192324685,1.6976377055758525,159.9094972156343,30
3.6772101379576174,-4.021765913282122,48.30306752522787,4.009069374629429,1.6930467230933053,171.03585161481584,30
3.672259160450527,-4.014595440455845,48.36248615809849,4.002442019326346,1.692097272191729,178.75120108468192,30
3.6639329365321567,-4.018876847766695,48.41484996250698,4.0084213302249,1.686075386546907,187.87173679896765,30
3.650042658760434,-4.029376597631545,48.47686277117048,4.019210770016625,1.6755631991795132,200.525882539295,30
3.6449806690216064,-4.025756359100342,48.47880172729492,4.014195919036865,1.6709985733032229,205.20314025878903,30
3.637241749536424,-4.032144705454509,48.61238806588309,4.021997406369164,1.66705326239268,211.80366806756885,30
3.6245368662334623,-4.038525263468425,48.8194838024321,4.028027216593425,1.6545167026065646,228.91577511742,30
3.620328494480678,-4.035229069846017,48.89753450666155,4.023804119655064,1.6510781049728394,236.53548540387837,30
3.6139933608827137,-4.036171141124907,49.03899964832125,4.025268917992001,1.6477285282952443,246.973142351423,30
3.6014273053123835,-4.03936969666254,49.21759160359701,4.028569743746803,1.6386984075818742,267.1851399739583,30
3.5936686311449324,-4.035009179796491,49.34837014334543,4.024472168513706,1.632249185017177,284.27696010044644,30
3.586251735687256,-4.032920519510905,49.384752909342446,4.022493998209636,1.6288881301879885,297.8550211588542,30
3.5774433385758173,-4.032771769024077,49.4155502319336,4.023254803248814,1.6249061084928966,311.6429617745536,30
3.567863294056484,-4.033632823399135,49.54877635410854,4.025915213993618,1.617798617907933,328.11432756696433,30
3.5567923954554965,-4.036598137446812,49.75833093552362,4.030375140053885,1.6080106553577245,347.22540573846726,30
3.5457193170275008,-4.036438079107375,49.99557549612863,4.031303405761719,1.598071847643171,367.408214750744,30
3.5369423798152377,-4.033528941018241,50.24100657871792,4.029989991869245,1.5896190575190952,385.8516496930804,30
3.5291261218843006,-4.032692228044782,50.39777755737305,4.030204341525123,1.5830776123773485,400.7036539713542,30
3.5235117276509604,-4.029767354329427,50.5594736735026,4.028391361236572,1.5788782437642417,412.58125813802087,30
3.5218024594443187,-4.02556494304112,50.55615833827427,4.024090426308768,1.578517215592521,417.7355433872768,30
3.5224069413684664,-4.0256851968311125,50.48554120744978,4.024599415915353,1.5819594235647292,415.6419910249256,30
3.5235397475106374,-4.024365947360084,50.55888675508045,4.024209022521973,1.5839253209886095,415.4646344866072,30
3.522676706314087,-4.023403576442173,50.70095716203962,4.0242011206490655,1.5826499462127686,420.6686662946429,30
3.51857852935791,-4.026647454216366,50.82245599655878,4.028047379993257,1.5780892826261974,429.1292375837053,30
3.5113706475212463,-4.031328155880883,50.87799635387602,4.032571088700068,1.5717679602759225,438.9085053943453,30
3.502236843109131,-4.036580562591553,51.05792999267578,4.0392374992370605,1.561123251914978,453.1068115234375,30
3.4900663239615306,-4.043871402740479,51.27484584990002,4.046916144234793,1.546831795147487,471.4087437220982,30
3.4837873663221086,-4.040420577639625,51.53237170264835,4.043126083555675,1.5379965872991652,486.3787725539435,30
3.480234588895525,-4.034201622009277,51.71672167096819,4.037309169769287,1.5331685202462333,499.3993443080358,30
3.474085103897821,-4.036412034715925,51.77270798456101,4.039403097970145,1.5277941056660242,510.6337890625,30
3.4743135202498663,-4.029019719078427,51.90700222197033,4.032123951684861,1.5264136337098622,518.4342912946429,30
3.4779848030635288,-4.02376297542027,51.93079430716379,4.026962212153843,1.530208911214556,519.3952985491071,30
3.473220984141032,-4.029764970143636,52.09429041544596,4.034894625345866,1.525006890296936,530.0955810546875,30
3.4701493240538097,-4.028983116149902,52.18689618791853,4.032569839840844,1.5213754233859835,538.9010532924108,30
3.46886464527675,-4.028420652662005,52.13910402570452,4.031429971967425,1.5205274990626745,541.7235979352679,30
3.46921858333406,-4.028923261733282,52.12423996698288,4.03212765284947,1.5207186994098485,541.7478259858631,30
3.464576880137125,-4.034472442808605,52.25535619826544,4.03904052007766,1.516112793059576,548.9883800688244,30
3.4524312700544084,-4.041097504752023,52.47956466674805,4.046195370810373,1.5023311035973683,569.3078264508929,30
3.444312640598842,-4.040394487835112,52.64598137991769,4.044980662209647,1.4926700194676716,586.5737769717263,30
3.4352198441823325,-4.040638605753581,52.74038441975912,4.044072310129802,1.4839988549550374,602.8328043619792,30
3.428055388586862,-4.035779203687396,52.87812859671457,4.038435527256557,1.476030605179923,621.2162737165179,30
3.424609524863107,-4.029737949371338,52.99213373093378,4.032027653285435,1.4707273755754744,637.4594029017857,30
3.422370876584734,-4.027144659133184,53.10037213280088,4.02861552011399,1.468186940465655,650.2580043247768,30
3.420078924724034,-4.027031081063407,53.11158588954381,4.0269878932407925,1.465801239013672,658.5220249720983,30
3.414447103227888,-4.03358793258667,53.08772641136533,4.033426557268415,1.4619258358365013,664.1076485770091,30
3.406220209030878,-4.034192516690209,53.30318014962332,4.035263720012846,1.4523951950527374,682.6813674200148,30
3.4043056964874268,-4.023835182189941,53.61338806152344,4.024982452392578,1.4473096132278442,705.3387451171875,30
3.404326109659104,-4.01326828911191,53.87682796659924,4.012600013187954,1.4455617779777163,727.7967761811756,30
3.4024431251344227,-4.009400526682536,54.01073891775949,4.006797949473064,1.4430611587706066,746.4860142299108,30
3.399941853114537,-4.007714680262974,54.09842845371792,4.004359245300293,1.4398959875106812,761.6824253627233,30
3.398970433643886,-4.005762645176479,54.18024698893229,4.002264953794933,1.4379915680204118,773.222156343006,30
3.395186594554356,-4.009389854612804,54.28476842244466,4.006842840285528,1.4350717805680775,784.5171247209821,30
3.38825045313154,-4.01405804497855,54.400177001953125,4.011503832680838,1.4285904679979595,798.3067278180804,30
3.384678761164347,-4.014214515686035,54.45418802897135,4.010417938232422,1.4248207012812295,806.7480061848959,30
3.3804632936205183,-4.0134040514628095,54.56707781837101,4.009827523004441,1.420339442434765,818.9461902436757,30
3.376417773110526,-4.015402044568743,54.59986877441406,4.009883199419294,1.4166476896830968,827.216291155134,30
3.3758846010480608,-4.016398520696731,54.5134771437872,4.00970627012707,1.4158487717310588,825.9039422898065,30
3.374104863121396,-4.018081937517438,54.54130009242466,4.011834439777193,1.4153763680231004,827.6424211774554,30
3.3731160504477367,-4.015847342354911,54.61671338762556,4.007787908826556,1.4139602184295654,833.812255859375,30
3.372022095180693,-4.016516957964216,54.58258401779901,4.006398518880208,1.4130945148922147,836.0833740234375,30
3.3670312563578286,-4.019460360209147,54.59911219278971,4.009073416392009,1.4090384642283122,843.4159342447917,30
3.3624087061200822,-4.013461589813232,54.81830378941128,4.003392968858991,1.402700628553118,864.8267822265626,30
3.3585000378744945,-4.012073653084891,54.96328263055711,4.001515819912865,1.3977522112074352,883.8820655459451,30
3.357177178064982,-4.009771460578556,55.07596697126116,3.997887372970581,1.395619721639724,897.7250162760416,30
3.3582970074244907,-4.007338455745152,55.146073477608816,3.99422185761588,1.3958555800574166,905.9388776506696,30
3.3550992806752524,-4.014414764585949,55.16474333263579,4.000506128583636,1.394282857577006,911.1238228934152,30
3.35128672917684,-4.016453334263393,55.20408630371094,4.002367269425165,1.390266634169079,917.8935081845236,30
3.349008321762085,-4.012484073638916,55.36150360107422,3.99910831451416,1.3870844841003418,930.716552734375,30
3.3443003382001604,-4.012113389514742,55.55608658563523,3.998406103679112,1.3818035977227348,948.9617396763392,30
3.3393317063649497,-4.0156180290948775,55.65110451834543,3.99968087105524,1.376691880680266,962.9439319428944,30
3.3347437041146413,-4.0174762180873325,55.701586042131694,3.9992326327732632,1.371562395777021,974.9009225027902,30
3.3334065051305863,-4.017065729413714,55.68834540957496,3.996885140736898,1.3693493831725347,981.061055501302,30
3.327161493755522,-4.024211202348981,55.72046134585426,4.00446773710705,1.3648382879438854,989.6358729771206,30
3.32556768826076,-4.020280633653913,55.79935564313616,3.999267850603376,1.3616043840135847,998.8674665178572,30
3.328108549118042,-4.017268975575765,55.84463246663412,3.994078318277994,1.363537073135376,1002.9864908854166,30
3.3262827396392822,-4.022417545318604,55.82538459414528,3.997070550918579,1.362680679275876,1005.74705578032,30
3.321363687515259,-4.024748461587088,55.89363752092634,3.998929738998413,1.3581168140683857,1015.9442225864956,30
3.312817868732271,-4.024596237000965,56.09552819388254,3.999449616386777,1.3484090907233102,1038.5877859933034,30
3.3145410219828286,-4.018501463390532,56.110411144438245,3.990093265260969,1.3476381301879885,1046.6158156622023,30
3.3192340305873325,-4.011716706412179,56.12638473510742,3.980873550687517,1.351198741367885,1050.192365373884,30
3.315069788978213,-4.013242744264149,56.3039296468099,3.9853037084851946,1.347164193789164,1066.4724411737352,30
3.3021140098571777,-4.02292521794637,56.58485285441081,3.9973304271698,1.3347994486490884,1092.5437418619792,30
3.293416670390538,-4.026725155966623,56.72313962663923,4.0011235645839145,1.3234399216515678,1111.0772705078125,30
3.294056006840297,-4.028869992210751,56.662559872581845,4.000050896690006,1.3236075810023715,1110.2024100167412,30
3.2946989082154774,-4.027902943747384,56.66434951055618,3.9958516416095553,1.3242680174963817,1111.841988699777,30
3.2932471207209995,-4.024618148803711,56.735895429338726,3.992356538772583,1.3221605505262102,1120.18603515625,30
3.285089583623977,-4.024314244588216,56.94704255603609,3.996413934798468,1.3132212616148449,1139.536400204613,30
3.281545150847662,-4.024608294169108,57.06864693051293,3.996113413856143,1.308322242328099,1151.951171875,30
3.2796952724456787,-4.028303146362305,57.09922409057617,3.998922109603882,1.3066238164901731,1156.843017578125,30
3.2764413810911632,-4.036764281136649,57.07306017194475,4.004997208004906,1.3046844743546986,1158.7683977399554,30
3.2757948693775,-4.03709922518049,57.0122317359561,4.00223954518636,1.3046505507968722,1158.3213878813244,30
3.2742727484021867,-4.027093751089914,57.12233625139509,3.993812220437186,1.302264162472316,1168.9666748046875,30
3.264698993592035,-4.026051816486177,57.35149928501674,3.997910874230521,1.292335141272772,1190.8591889880954,30
3.2568175679161437,-4.03120401927403,57.47472417922247,4.005350998469761,1.284453965368725,1205.089808872768,30
3.252232108797346,-4.031523568289621,57.57379749843052,4.005495207650321,1.2796064444950648,1215.0795200892858,30
3.2520624001820884,-4.028215090433757,57.62001164754232,4.000758012135823,1.2787999312082927,1220.8107503255208,30
3.2560122353690013,-4.022220588865735,57.60877809070406,3.993388459795997,1.281984351930164,1221.0701497395833,30
3.2554963656834195,-4.02227122443063,57.67352294921875,3.994508028030396,1.2829758780343192,1225.2430943080358,30
3.24556108883449,-4.0323455901373,57.815149761381605,4.00838954108102,1.2753065938041324,1238.365199497768,30
3.234746478852772,-4.048466591607957,57.8731571379162,4.0245522771562845,1.267821976116725,1246.110607328869,30
3.229540075574602,-4.046578543526786,57.93908963884626,4.0208339009966165,1.263047797339303,1255.2568359375,30
3.225997164135888,-4.038519995553153,57.996012369791664,4.014443102337065,1.259570802961077,1265.4729585193452,30
3.2231569290161133,-4.025746504465739,58.11179860432943,4.005293687184651,1.2562602758407593,1278.3581949869792,30
3.220070600509644,-4.014724390847342,58.2836674281529,3.9979753834860663,1.2531929867608207,1293.5864606584823,30
3.2155083134060813,-4.018183685484387,58.3990216936384,4.004315194629488,1.2507899375188918,1304.699212937128,30
3.2107706410544257,-4.027423063913981,58.433739435105096,4.013961701166062,1.2486650432859148,1309.2930268787202,30
3.2039738723209927,-4.029452119554792,58.53286961146763,4.017669677734375,1.2439104999814714,1318.2647181919642,30
3.188187837600708,-4.033120473225911,58.73695972987584,4.02610308783395,1.2310371966589064,1340.2260044642858,30
3.174699976330712,-4.048708143688383,58.761991410028365,4.041596458071754,1.2216535466057914,1350.7554699125744,30
3.161195755004883,-4.04194974899292,58.86824417114258,4.035880565643311,1.208848476409912,1367.9920654296875,30
3.146214848472958,-4.02515983581543,59.056499299548925,4.023062274569557,1.193511304401216,1393.851609002976,30
3.1295105389186317,-4.018025852385021,59.22340284075056,4.019767942882719,1.178577320916312,1418.679135277158,30
3.106344086783273,-4.026399408067976,59.34285191127232,4.031234536852155,1.1607337168284824,1442.082170758929,30
3.0768506413414363,-4.03225987298148,59.41165197463263,4.041168053944905,1.136063944725763,1466.6558954148068,30
3.0468863873254683,-4.024845849900019,59.49846758161272,4.036892777397519,1.109487312180655,1490.1312372116818,30
2.9979693889617915,-4.015531744275775,59.7659546988351,4.028416361127581,1.064882431711469,1527.811593191965,30
2.925165812174478,-4.032078901926677,60.20953496297201,4.040228048960368,0.9974808096885672,1555.0682373046875,30
2.8490388961065385,-4.03741318838937,60.6874029976981,4.04461179460798,0.9223276632172724,1562.7872779482886,30
2.7525948456355507,-4.033233029501779,61.19536645071847,4.037482397896903,0.830572136810848,1565.982212611607,30
2.6242289656684514,-4.033284754980178,61.55663372221447,4.019244125911167,0.7122191446168084,1568.6699509393602,30
2.49125413667588,-3.980967521667481,61.43061665126256,3.954239629563831,0.5761063808486574,1591.1231747581846,30
2.4610645771026616,-3.237741231918331,61.25019781930106,3.232414960861202,0.4119826682976309,1642.7425362723216,30
3.043919779005507,-0.174856659911922,61.527982620965865,0.1954004452342027,-0.066851563574304,1611.5260591052834,30
3.3064103126525883,0.166935662428537,60.47516250610351,-0.1178802102804174,-0.0426125116646286,1717.2558593750002,30
3.361858129501343,0.0481142912592204,58.865113394601,-0.0209624567734343,-0.0057580742452822,1707.129847935268,30
3.4034191540309364,0.0393549459321159,57.81469617571149,-0.0458032165964447,0.0363638470215459,1740.0748000372023,30
3.426350128083002,0.072369742961157,57.30405244373139,-0.0602068663353011,0.0487416597704093,1716.8643682570682,30
3.436039549963815,0.0661374585969108,56.80563572474889,-0.0469838370169913,0.0457473551588399,1723.020560128348,30
3.438963844662621,0.0457796851793925,56.11195954822359,-0.0115059707757263,0.023741138655515,1754.4413132440477,30
3.4432468868437267,0.0310553804572139,55.15424764724005,0.0125856078895074,0.0054226331412792,1776.485130673363,30
3.446430921554565,0.0070311441086232,54.21133804321289,0.0294316355139017,0.0079913549125194,1768.8837890625,30
3.658604383468628,-1.080250263214111,25.163911819458008,1.0398924350738523,2.1066558361053467,1425.0728759765625,31
4.0511632192702525,-1.2718297583716256,21.66278748285203,1.0128279612177895,3.0208583786374046,-130.05336252848306,31
3.8626352037702287,-2.3307965710049583,32.47161120460147,2.0048393181392123,3.0123532158987865,245.80587514241537,31
3.670961039406913,-3.476597377232143,37.5179328918457,3.479925734656198,2.091397200311933,211.31384059361045,31
3.6109705425444094,-4.032137189592634,38.18544042678106,3.94513818195888,1.6304734604699271,49.54531115577334,31
3.646417095547631,-4.068994136083694,39.97839518955776,3.966392846334548,1.6475996289934431,-4.845761852604986,31
3.6755334309169214,-4.0666294779096335,41.61307307652065,4.006713458469936,1.707089935030256,-31.703357696533203,31
3.6841399669647217,-4.056682268778483,42.7598876953125,4.027813752492269,1.7228482961654663,-29.287789662679028,31
3.6935593514215377,-4.038905847640264,43.8645266578311,4.0223958151681085,1.7290736436843872,-12.70316005888439,31
3.702445507049561,-4.028891427176339,44.7340213230678,4.015722411019461,1.7370571408952986,8.184738363538461,31
3.6989415259588334,-4.030899297623408,45.32489885602679,4.018996034349714,1.735178061894008,35.74408231462749,31
3.7028255122048512,-4.022001425425212,45.72151874360584,4.00897589183989,1.7387098982220603,52.11986123947872,31
3.689594541277205,-4.041089194161551,46.101833888462615,4.031116349356515,1.726140362875802,75.96861812046596,31
3.684409504845029,-4.044965698605492,46.473519461495535,4.034407388596308,1.715193754150754,89.16308775402251,31
3.684781074523926,-4.0437577565511065,46.832655588785805,4.03248405456543,1.711288571357727,95.73450469970705,31
3.6815846988133023,-4.045494215829032,47.09023720877512,4.03250401360648,1.705116936138698,105.50346047537668,31
3.680780013402303,-4.043692021142869,47.32036645071848,4.029019174121675,1.7018307958330428,113.45192355201358,31
3.6771481718335832,-4.04510684240432,47.60559590657552,4.029220740000407,1.6955714850198655,125.95753370012557,31
3.669816425868443,-4.04465879712786,47.82355117797852,4.0263383729117255,1.6865789549691337,143.74900381905692,31
3.667562098730178,-4.038505031948998,47.971246991838726,4.019468648093088,1.6821239391962688,156.1836903889974,31
3.665319034031459,-4.036719140552339,48.14858100527809,4.019337449754987,1.6794278848738895,166.45907520112536,31
3.657374143600464,-4.041628837585449,48.425758361816406,4.026671886444092,1.6721961498260498,181.9835357666016,31
3.652169045947847,-4.036717051551456,48.62700925554548,4.021708624703543,1.66585830279759,195.86004130045572,31
3.6531779084886815,-4.0262574922470815,48.67791966029576,4.011640843890962,1.6692418881825035,200.02071489606584,31
3.651817662375314,-4.02214595249721,48.78528594970703,4.009478637150356,1.6722129583358765,205.37375967843192,31
3.639887321562994,-4.027436188289097,48.9378278823126,4.015921638125465,1.6658735388801211,222.50272987002424,31
3.62040114402771,-4.032301176161993,49.09742664155506,4.020428385053362,1.6510176885695684,250.8785727364676,31
3.608529908316476,-4.029249395642962,49.13854054042271,4.017381940569196,1.640569772039141,271.083740234375,31
3.600349187850952,-4.027604262034099,49.1322275797526,4.015951633453369,1.637140115102132,282.7819010416667,31
3.58907717750186,-4.029456161317372,49.231947580973305,4.019214198702858,1.63189997559502,298.1625744047619,31
3.5762288911002025,-4.027170521872384,49.40767451695034,4.017694541386196,1.6226890427725655,320.2101702008929,31
3.566335905165899,-4.02321245556786,49.52945491245815,4.015784150078183,1.6157848153795515,339.0232456752232,31
3.5580591020129977,-4.025230294182187,49.81714357648577,4.021029199872698,1.6077495302472795,356.1077067057292,31
3.548334734780448,-4.023409911564419,50.11743709019253,4.020357404436384,1.5997611454554963,375.7292654854911,31
3.544565688996088,-4.018120311555409,50.32595897856213,4.016979467301142,1.595666777519953,388.3396344866072,31
3.5389246940612797,-4.0221835772196455,50.358880360921226,4.021384239196777,1.5931485493977864,396.0062662760417,31
3.527659790856497,-4.032152925218854,50.41379656110491,4.032120977129255,1.5855288675853183,407.1174839564732,31
3.5175393990107944,-4.035581770397368,50.56141644432431,4.035638286953881,1.5750161920275008,420.9544619605655,31
3.5102748303186324,-4.037066550481887,50.75011280604771,4.037770997910273,1.5670059692291989,432.8468017578125,31
3.503671850476946,-4.0371183667864114,50.9753793988909,4.038041046687535,1.558898193495614,446.1215471540179,31
3.5001576855069114,-4.035628818330311,51.02462950206938,4.035918008713495,1.556498578616551,452.5766427176339,31
3.4933357579367503,-4.039121786753337,51.1147718883696,4.040045511154902,1.5505026578903198,462.215826125372,31
3.490208625793457,-4.03554105758667,51.25407409667969,4.036613464355469,1.5466898679733276,470.966064453125,31
3.485033069338117,-4.035742986769903,51.47165225801014,4.038755348750523,1.54004282610757,484.4010416666667,31
3.4791595935821533,-4.037424132937477,51.64065152122861,4.0404403777349565,1.532777610279265,497.91487048921135,31
3.4757732323237827,-4.038183961595808,51.718575613839285,4.041217190878732,1.5289896726608276,505.56741768973217,31
3.4746366568974087,-4.036680993579683,51.87423124767485,4.040483520144508,1.5262300627572196,512.5764915829612,31
3.474560646783738,-4.033542814708891,52.05195145379929,4.037920202527728,1.5245199089958554,520.2259695870536,31
3.4710242407662526,-4.036870343344552,52.119210379464285,4.040962559836252,1.5218477419444494,527.232421875,31
3.462617476781209,-4.03688383102417,52.30453872680664,4.041351159413655,1.5140116214752195,543.7333577473959,31
3.4500468117850165,-4.036647728511265,52.58820869809105,4.043518520536876,1.499053472564334,572.2052408854167,31
3.4430874415806363,-4.034207889011928,52.71453693934849,4.0398728506905695,1.4901925495692665,591.557390485491,31
3.4460212049030123,-4.02770049231393,52.688681284586586,4.031127975100563,1.492950825464158,593.283923921131,31
3.4448893524351574,-4.028361025310698,52.74725123814174,4.032223201933361,1.4932340326763334,598.2490815662203,31
3.435601677213396,-4.032520839146206,52.870840890066965,4.035914693559919,1.4833664723805018,615.503662109375,31
3.4365456217811223,-4.025897207714262,52.89085787818546,4.027460166386196,1.4831484045301164,621.034679594494,31
3.4368464152018228,-4.0211501121521,53.01721700032552,4.023189862569173,1.482596516609192,630.1966552734376,31
3.432917220251901,-4.02128267288208,53.16252136230469,4.023488112858364,1.4779669557298931,644.902570452009,31
3.4337815784272694,-4.018381799970355,53.17779541015625,4.019190879095168,1.4777542466209048,650.4179454985119,31
3.4281979401906333,-4.02384056363787,53.26856395176479,4.02560670035226,1.473860116232009,660.2562023344494,31
3.41915546144758,-4.025350843157087,53.45516204833984,4.028401783534458,1.4628394501549855,680.8633510044643,31
3.40976535706293,-4.029944442567372,53.59853726341611,4.033148606618245,1.4539927300952729,698.6215878441221,31
3.397901693979899,-4.03475082488287,53.633505503336586,4.035893553779239,1.442993056206476,714.311029343378,31
3.39144229888916,-4.035422801971436,53.5725212097168,4.034770011901856,1.4365079402923584,720.9874267578125,31
3.38919963155474,-4.034216494787307,53.517370133172896,4.031540916079567,1.4344855603717623,722.6041085379464,31
3.3933019183930897,-4.027318954467773,53.56435884748186,4.024655342102051,1.4367691448756628,724.0621221633185,31
3.391718489783151,-4.030153274536133,53.66718019757952,4.026846817561558,1.436789904321943,730.3904680524554,31
3.382579973765782,-4.034719081152053,53.80868548438662,4.031915869031634,1.4286288306826638,746.9478236607142,31
3.379261005492437,-4.0249928292774015,54.0167096455892,4.021796998523531,1.4220490625926427,767.684308733259,31
3.387332030705043,-4.008353914533343,54.18871361868722,4.003669602530343,1.426769290651594,779.4063371930804,31
3.391005039215088,-4.008839289347331,54.22819010416666,4.00328000386556,1.4315028190612793,783.4829915364584,31
3.384579340616862,-4.01777594430106,54.29283668881371,4.013195537385487,1.42669415473938,793.584461030506,31
3.3829642363957,-4.0175153868539,54.2991098676409,4.011626992906843,1.4244346618652344,797.5219203404017,31
3.3805362042926608,-4.015033176967076,54.426073710123696,4.012057554154169,1.4211702460334414,808.1159435453869,31
3.3785375299907865,-4.017430214654832,54.48688434419178,4.0137649944850375,1.419476826985677,814.1085379464286,31
3.372160332543509,-4.023553098951068,54.57621765136719,4.019459111349923,1.415595020566668,822.3494175502233,31
3.363029990877424,-4.0226608003888815,54.73626527332125,4.018798623766218,1.4048378751391457,843.0931628999257,31
3.3590415318806968,-4.021772702534993,54.769813537597656,4.016459306081136,1.4005757172902424,853.4151611328125,31
3.3585636956351146,-4.016008990151541,54.87314660208566,4.00873463494437,1.3993388414382937,864.5452183314733,31
3.3549127124604725,-4.018413770766485,54.91252372378395,4.009892282031832,1.39611097744533,874.7284168061757,31
3.3538239683423723,-4.016278357732864,54.96504992530459,4.006555330185663,1.3943969635736375,883.1766619001115,31
3.353169713701521,-4.0141312054225375,55.05815015520368,4.003032411847796,1.3935223477227348,892.9784022739955,31
3.34806159564427,-4.01623417082287,55.19385619390579,4.002358164106097,1.3893533093588692,909.1898949032736,31
3.3441524165017262,-4.010887781778972,55.32210122971308,3.995899177732922,1.3823522669928414,929.888648623512,31
3.343580722808838,-4.008575439453125,55.41278076171875,3.993263483047485,1.3805519342422483,943.865478515625,31
3.341856672650292,-4.013556298755464,55.44912828717913,3.996642850694202,1.3801125571841286,950.7977178664436,31
3.337369510105678,-4.0143230983189175,55.59457542782738,3.997068007787069,1.3748574597494942,965.903323218936,31
3.340278625488281,-4.009746960231236,55.62668446132115,3.9903908457074846,1.375674707548959,970.7423706054688,31
3.3451737562815347,-4.006974288395473,55.62435894920712,3.984671331587292,1.3801885445912678,969.8354114350818,31
3.341147615796044,-4.013159070696149,55.69124367123558,3.991976261138916,1.377193013827006,978.1987827845984,31
3.3381706305912564,-4.013666766030448,55.75927461896624,3.991991690226964,1.3730101074491228,987.5074637276788,31
3.33647092183431,-4.012742201487224,55.86181131998698,3.990441640218099,1.3712891340255735,996.9619954427084,31
3.331445523670741,-4.012943835485549,56.00721795218332,3.990360839026315,1.364972023736863,1013.699741908482,31
3.33010847227914,-4.014286177498954,56.02357482910156,3.9902679239000594,1.3630849804197038,1020.2361886160714,31
3.327451478867304,-4.013945011865525,56.119740259079705,3.989594118935721,1.359958461352757,1030.5406901041667,31
3.328112999598185,-4.011347112201509,56.17674655006046,3.984254757563273,1.3596452474594116,1037.527797154018,31
3.320507866995676,-4.020405564989362,56.24226978846959,3.993986368179321,1.3533427204404558,1049.4652099609375,31
3.3176430747622536,-4.017393679845901,56.3057990301223,3.9907635847727456,1.3482535850434076,1059.5711553664437,31
3.318641106287638,-4.010657787322998,56.42974853515625,3.9835898876190186,1.3480668862660723,1068.6544596354167,31
3.3156192302703857,-4.010938712528774,56.5804443359375,3.984963417053223,1.3441500663757324,1082.0117710658485,31
3.309489738373529,-4.020218167986188,56.65324928646996,3.994355303900583,1.3387396789732433,1091.0149855840775,31
3.3048910413469588,-4.02405445916312,56.718805585588726,3.996545791625977,1.3339073430924189,1098.794927687872,31
3.302175896508353,-4.021164281027658,56.80055127825056,3.992517880031041,1.32992388520922,1108.5420968191963,31
3.2946749982379733,-4.02275208064488,56.93735722133091,3.996550718943278,1.3219726653326125,1123.980236235119,31
3.2875620183490573,-4.025622867402577,57.0703243073963,3.9991859140850248,1.314485680489313,1138.6625453404015,31
3.282383441925049,-4.033201217651367,57.08491134643555,4.005411624908447,1.3096582889556885,1145.8101806640625,31
3.2808117412385487,-4.033600807189941,57.068548293340776,4.003331343332927,1.307978970663888,1148.434535435268,31
3.2822828860509965,-4.025750886826288,57.13030388241722,3.994080974942162,1.308546611240932,1154.519752139137,31
3.2827511514936174,-4.021892547607422,57.17503138950893,3.989295142037528,1.308949623789106,1161.2337820870537,31
3.280881938480196,-4.0199591772896905,57.24805704752604,3.98849808602106,1.307406402769543,1170.3465285528275,31
3.2680294059571766,-4.033459686097645,57.36971192132859,4.0052883965628485,1.296869573139009,1186.3135986328125,31
3.262131861277989,-4.03537654876709,57.409698486328125,4.0074678148542136,1.2899960449763703,1195.1099504743304,31
3.258850892384847,-4.039648214975993,57.41902923583984,4.010462601979573,1.2878215710322063,1198.6160888671875,31
3.258446296056112,-4.038659481775193,57.42081796555292,4.007362660907564,1.2874179227011544,1200.8244570777529,31
3.255793639591762,-4.029595715659005,57.575233459472656,3.9999854224068776,1.2847318819590978,1212.5549142020088,31
3.2474216393062045,-4.019194466727121,57.85505712599981,3.995698270343599,1.274528049287342,1238.1632196335563,31
3.2444961071014404,-4.023310229891822,57.90317063104538,4.00112229301816,1.272919876234872,1245.7714029947915,31
3.236053671155657,-4.030140059334891,58.02303859165737,4.01023851122175,1.2668778385434831,1257.0597621372767,31
3.228794506617955,-4.038544495900472,58.08688772292364,4.017828555334182,1.2619026615506126,1265.5299479166667,31
3.2206343015034995,-4.0291290283203125,58.26506678263347,4.011982758839925,1.2536463340123494,1282.9134114583337,31
3.2075021266937256,-4.030265399387905,58.47930799211775,4.018066542489188,1.2433490242276872,1305.8867710658485,31
3.197798933301653,-4.037139165969122,58.54274731590634,4.0260044279552645,1.236233387674604,1318.9354538690477,31
3.19367181687128,-4.040726661682129,58.525292169480096,4.028391951606388,1.2344442435673304,1322.2098795572915,31
3.187229428972517,-4.043703351702009,58.56684167044504,4.031200000217983,1.2307790688105993,1329.050990513393,31
3.177127156938825,-4.048185938880557,58.65366599673317,4.035915056864421,1.2237709363301594,1340.9529622395833,31
3.160333588009789,-4.047521250588553,58.80634071713402,4.038037618001302,1.209262910343352,1364.0951043991815,31
3.1460301876068115,-4.041868686676025,58.89305877685547,4.036048889160156,1.1960854530334473,1383.823486328125,31
3.1307079451424733,-4.042961097898937,58.9569084530785,4.039213589259556,1.1839641616457983,1399.9052908761162,31
3.11529727209182,-4.029438790820894,59.07331811814081,4.028368427639916,1.1682671024685811,1420.5066324869792,31
3.0958077907562256,-4.019765377044678,59.23338753836496,4.024722848619733,1.1503213814326694,1445.6352887834823,31
3.070568198249453,-4.024169422331311,59.33939325241816,4.03420505069551,1.1291199298132033,1468.1197916666667,31
3.043797992524646,-4.020449842725482,59.447779155912855,4.035335745130267,1.1046470063073293,1488.5011451357889,31
2.994668585913521,-4.012384687151227,59.74073137555804,4.030766214643206,1.0597010850906368,1526.7906494140627,31
2.925816138585408,-4.057614008585612,60.08109029134115,4.071324189503988,1.0003718733787528,1540.1754557291667,31
2.8413800966172,-4.060140110197522,60.50418999081566,4.067678065527053,0.9157150444530308,1555.839832124256,31
2.736103636877877,-4.058481625148228,60.94819150652204,4.059001173291888,0.8152440360614234,1566.8204171316963,31
2.607989822115217,-4.050736086709159,61.28122856503441,4.031769593556722,0.6950243569555737,1569.7803780691963,31
2.473634697142101,-4.023202055976505,61.141204470679874,3.993679512114752,0.564357646874019,1586.6208786737352,31
2.439948047910418,-3.3222367082323303,60.9248046875,3.321791819163727,0.3833068736961904,1641.0319998604912,31
3.0615986642383413,-0.1075294954436116,61.354752676827566,0.1366328994433039,-0.1227984949946411,1614.3781098865334,31
3.307322502136231,0.1641217271486908,60.35984802246093,-0.1116333653529474,-0.048678596814473,1713.2611490885415,31
3.365187065941947,0.0470493265560692,58.67964499337332,-0.0141516563349536,-0.0078289780233584,1695.5417306082593,31
3.408709878013248,0.0425265317871458,57.58086122785295,-0.0370202848599072,0.030387442559004,1725.4085984002977,31
3.42725784437997,0.0770655671755473,57.12841142926897,-0.047807885422593,0.0398003443011216,1714.751976376488,31
3.4318620477403914,0.066946702344077,56.69688742501396,-0.0340656531708582,0.0371684075466224,1732.318411690848,31
3.4344412826356434,0.0419540944553557,56.00374457949684,-0.0028218971343623,0.0184736434547674,1762.39456031436,31
3.4376630101885115,0.0224662782358272,55.06518282209124,0.0180069350947936,0.0025373823231174,1782.4248918805804,31
3.445234775543213,-9.506801143288612e-05,54.00943756103516,0.0298131052404642,0.0046313218772411,1770.036376953125,31
3.659919261932373,-1.0910799503326416,25.034942626953125,1.0514689683914185,2.118431568145752,1413.1307373046875,32
4.058824777603149,-1.2275431752204895,20.683917999267575,0.989389955997467,3.0338945388793945,-167.25254821777344,32
3.8580739498138423,-2.276205539703369,31.299962997436523,1.891919732093811,3.035841464996338,241.85218048095703,32
3.632156729698181,-3.5985186100006104,37.029563903808594,3.608240842819214,2.007139265537262,236.9815139770508,32
3.5931007862091064,-4.067414283752441,38.26863098144531,3.9859869480133057,1.5815812349319458,69.13721466064453,32
3.652488112449646,-4.062335014343262,40.61451530456543,3.9578648805618286,1.6426373720169067,1.1067619323730469,32
3.690949678421021,-4.064309120178223,42.69993209838867,4.001792907714844,1.72089684009552,-25.527454376220703,32
3.694332242012024,-4.069020509719849,44.114349365234375,4.036937713623047,1.7270919680595398,-11.636585235595703,32
3.695448637008667,-4.054010391235352,45.0665397644043,4.0358052253723145,1.7263445854187012,12.641124725341797,32
3.6962056159973145,-4.041782379150391,45.72937202453613,4.028309106826782,1.726417362689972,38.96979904174805,32
3.690126419067383,-4.040675640106201,46.07280349731445,4.029160976409912,1.7219029664993286,64.44068145751953,32
3.686324715614319,-4.03997278213501,46.39178657531738,4.028700113296509,1.7180221676826477,81.67115020751953,32
3.692897319793701,-4.028073310852051,46.90946578979492,4.015242099761963,1.719207525253296,91.83313751220705,32
3.70012104511261,-4.020574569702148,47.374624252319336,4.005957365036011,1.7190130949020386,103.01496124267578,32
3.69380784034729,-4.030768871307373,47.75193405151367,4.0162672996521,1.7099204063415527,123.20215606689452,32
3.6807262897491455,-4.041640043258667,48.10655975341797,4.028278589248657,1.6931415796279907,148.00709533691406,32
3.675935745239258,-4.035877704620361,48.39381408691406,4.021763324737549,1.6835334300994873,163.68409729003906,32
3.6773757934570312,-4.021004676818848,48.45063591003418,4.00612735748291,1.688549816608429,168.8018341064453,32
3.6646838188171382,-4.02655553817749,48.52492904663086,4.013387680053711,1.681803822517395,185.7204742431641,32
3.650630474090576,-4.02763819694519,48.53934669494629,4.014272451400757,1.672232151031494,203.4048614501953,32
3.6460466384887695,-4.023097038269043,48.59801483154297,4.0111188888549805,1.6685222387313845,210.5813140869141,32
3.6358333826065055,-4.02521276473999,48.66560173034668,4.012645244598389,1.6643322110176086,221.83631896972656,32
3.6293227672576895,-4.019248962402344,48.663360595703125,4.006101608276367,1.6616133451461792,231.4436187744141,32
3.620585799217224,-4.024143695831299,48.88372611999512,4.014289855957031,1.6557535529136658,244.6695709228516,32
3.61147141456604,-4.026182651519775,49.15597915649414,4.016839504241943,1.6443710327148438,263.50048828125,32
3.6085280179977417,-4.0265936851501465,49.112741470336914,4.016780376434326,1.6454855799674988,266.98016357421875,32
3.593052864074707,-4.036709308624268,49.21504974365234,4.027462482452393,1.6358503103256226,285.1234130859375,32
3.5859652757644653,-4.027799844741821,49.29938316345215,4.018012285232544,1.631727695465088,299.48291015625,32
3.574909448623657,-4.030128002166748,49.37917709350586,4.022121429443359,1.624021053314209,317.138916015625,32
3.5630756616592407,-4.034869909286499,49.38635063171387,4.027199506759644,1.6152393817901611,332.85699462890625,32
3.553203582763672,-4.038443088531494,49.575721740722656,4.032577037811279,1.6072719097137451,347.3314208984375,32
3.5454094409942627,-4.037589073181152,49.869930267333984,4.032592296600342,1.597673237323761,364.3919677734375,32
3.5429251194000244,-4.034952640533447,49.93807601928711,4.029259204864502,1.5954749584197998,371.0941162109375,32
3.546931028366089,-4.029560804367065,49.98393440246582,4.0248188972473145,1.6019192337989807,367.4700317382813,32
3.540929317474365,-4.032752513885498,50.20892333984375,4.029760360717773,1.5973306894302368,378.64306640625,32
3.529802083969116,-4.0376176834106445,50.21652603149414,4.033586502075195,1.5889348983764648,393.142333984375,32
3.522515058517456,-4.034226894378662,50.36250305175781,4.03139066696167,1.582586646080017,406.248291015625,32
3.5165549516677856,-4.030664682388306,50.49162483215332,4.02888560295105,1.576371133327484,419.39166259765625,32
3.5084869861602783,-4.03534460067749,50.579586029052734,4.034702301025391,1.5689021348953247,431.532470703125,32
3.503848671913147,-4.036551237106323,50.71962928771973,4.03611159324646,1.5630504488945007,440.1677856445313,32
3.5007426738739014,-4.03615140914917,50.8942756652832,4.036458015441895,1.5595163106918335,447.6500244140625,32
3.4933667182922363,-4.038387060165405,51.089094161987305,4.039229393005371,1.5509710311889648,461.72503662109375,32
3.490486621856689,-4.036167144775391,51.28423690795898,4.038055419921875,1.5464760065078735,471.81884765625,32
3.4807934761047363,-4.038876533508301,51.60908317565918,4.042517900466919,1.535126268863678,492.4508666992188,32
3.476884365081787,-4.032590389251709,51.76968383789063,4.035281181335449,1.5297043323516846,506.793701171875,32
3.4769182205200195,-4.025538921356201,51.85053253173828,4.02852463722229,1.5300482511520386,514.4093627929688,32
3.473902463912964,-4.023730278015137,51.96794128417969,4.027608871459961,1.527374505996704,525.5330810546875,32
3.4695308208465576,-4.023774147033691,52.14980888366699,4.029254913330078,1.5208047032356262,540.6314697265625,32
3.4630777835845947,-4.029690742492676,52.32558441162109,4.035906791687012,1.5131044387817385,555.21875,32
3.455386996269226,-4.037450551986694,52.25127410888672,4.040842294692993,1.5068809986114502,561.1976318359375,32
3.458564519882202,-4.033119201660156,52.10255432128906,4.034390926361084,1.5109803676605225,553.4742431640625,32
3.454479575157165,-4.039592504501343,52.049917221069336,4.041223764419556,1.5084432363510132,553.6671142578125,32
3.4437997341156006,-4.048988342285156,52.18043899536133,4.051562309265137,1.4968879222869873,566.038818359375,32
3.443743348121643,-4.042358636856079,52.29230499267578,4.042830228805542,1.4939436316490171,572.0625610351562,32
3.4442946910858154,-4.037569999694824,52.47858810424805,4.039840221405029,1.4931496381759644,580.375732421875,32
3.4348419904708862,-4.041198253631592,52.813472747802734,4.046403408050537,1.482092797756195,604.93603515625,32
3.4253904819488525,-4.0416693687438965,53.04088973999024,4.046354293823242,1.4710447788238523,628.463623046875,32
3.4267373085021973,-4.033588409423828,53.05320358276367,4.035564422607422,1.4715760350227356,634.4409790039062,32
3.429241180419922,-4.029961585998535,53.02058792114258,4.031160831451416,1.474532127380371,634.966064453125,32
3.4252158403396606,-4.034400939941406,53.05099678039551,4.036142587661743,1.4716063737869265,641.1773071289062,32
3.4179282188415527,-4.036189079284668,53.24871826171875,4.03986406326294,1.463494062423706,657.8016357421875,32
3.412421941757202,-4.028883934020996,53.58451843261719,4.034267425537109,1.4554128050804138,683.3773193359375,32
3.4098992347717285,-4.021979808807373,53.80879592895508,4.026986122131348,1.4508498907089231,704.8612060546875,32
3.4062445163726807,-4.023498773574829,53.8830623626709,4.0263636112213135,1.4487829208374023,716.7573852539062,32
3.4006600379943848,-4.023186683654785,53.90447998046875,4.023288726806641,1.4438776969909668,728.4771728515625,32
3.395857095718384,-4.020845890045166,53.89949417114258,4.018620491027832,1.4392020106315613,739.4004516601562,32
3.393615245819092,-4.01265811920166,54.00913619995117,4.009452819824219,1.4351754188537598,755.71240234375,32
3.393235445022583,-4.0080296993255615,54.1479377746582,4.0054216384887695,1.4334441423416138,771.6110229492188,32
3.3820650577545166,-4.0175089836120605,54.33469772338867,4.0148515701293945,1.4249283075332642,794.7679443359375,32
3.369186520576477,-4.022830486297607,54.463748931884766,4.019481420516968,1.4118717312812803,818.79345703125,32
3.3688879013061523,-4.016034126281738,54.42423629760742,4.006874084472656,1.4096108675003052,825.5047607421875,32
3.376859545707702,-4.006073236465454,54.328033447265625,3.991818428039551,1.4169092774391174,820.926513671875,32
3.381261110305786,-3.999030828475952,54.3848876953125,3.984450101852417,1.419511318206787,827.7349853515625,32
3.379539728164673,-4.003204584121704,54.51768684387207,3.9918322563171382,1.4180097579956057,840.4066162109375,32
3.3696529865264893,-4.0174407958984375,54.60606384277344,4.009115219116211,1.4105106592178345,852.586669921875,32
3.367139220237732,-4.018803596496582,54.665504455566406,4.010745525360107,1.4077835083007812,856.0967407226562,32
3.367870807647705,-4.018441200256348,54.693809509277344,4.009284973144531,1.4087998867034912,854.4945068359375,32
3.359004020690918,-4.026569843292236,54.78153800964356,4.016994476318359,1.4024875164031982,863.650390625,32
3.354274272918701,-4.021811485290527,54.84332656860352,4.011954307556152,1.394863247871399,875.763427734375,32
3.3554545640945435,-4.017362594604492,54.8853931427002,4.007042646408081,1.3956384062767029,880.5240783691406,32
3.3561062812805176,-4.013897895812988,55.00111389160156,4.002093315124512,1.3964639902114868,888.521728515625,32
3.354260206222534,-4.007532835006714,55.23699378967285,3.9952391386032096,1.3929356336593628,909.053192138672,32
3.347022294998169,-4.010263919830322,55.43716812133789,3.9987542629241934,1.3849068880081177,933.354736328125,32
3.341856360435486,-4.013604640960693,55.54068183898926,4.001380681991577,1.379540741443634,948.8252563476562,32
3.335028886795044,-4.017330646514893,55.682220458984375,4.003655910491943,1.3731069564819336,965.5879516601562,32
3.333059549331665,-4.014915227890015,55.73794174194336,4.000434875488281,1.3689541220664978,976.2492370605468,32
3.3349809646606445,-4.013092994689941,55.77214813232422,3.995311498641968,1.370895266532898,979.4595947265624,32
3.33307683467865,-4.016392946243286,55.829641342163086,3.996478438377381,1.3695939779281616,987.0550842285156,32
3.3285880088806152,-4.020500659942627,55.8193359375,3.999536275863648,1.3642483949661257,994.9738159179688,32
3.329121947288513,-4.020411252975464,55.77602005004883,3.999101877212525,1.3649874329566956,994.4668884277344,32
3.3261258602142334,-4.019465446472168,55.92478942871094,3.998577356338501,1.362060546875,1006.0738525390624,32
3.3230758905410767,-4.024494886398315,55.93973350524902,4.001333951950073,1.359304130077362,1012.0740966796876,32
3.322376012802124,-4.016907691955566,56.05883407592773,3.99455451965332,1.3563002347946167,1023.3435668945312,32
3.323267936706543,-4.01042628288269,56.210527420043945,3.9887328147888175,1.3553938269615171,1035.3348388671875,32
3.3191845417022705,-4.0185418128967285,56.324951171875,3.9957854747772217,1.3529341220855713,1045.740966796875,32
3.315732359886169,-4.021815538406372,56.36416435241699,3.99679970741272,1.3483263850212095,1054.1694946289062,32
3.3124985694885254,-4.022212982177734,56.42599487304688,3.9969425201416016,1.344853758811951,1063.19482421875,32
3.3024982213974,-4.026639938354492,56.59460067749024,4.003436088562012,1.3343536853790283,1082.697509765625,32
3.296088457107544,-4.035935878753662,56.61260223388672,4.011146068572998,1.329083800315857,1089.9117431640625,32
3.288369417190552,-4.0422210693359375,56.68133354187012,4.013415813446045,1.3225051164627075,1101.185302734375,32
3.2861204147338867,-4.031628608703613,56.75151824951172,3.999626398086548,1.3175753355026243,1115.5543212890625,32
3.287677764892578,-4.022128105163574,56.76381301879883,3.990923762321472,1.3167081475257874,1124.9031372070312,32
3.293210744857788,-4.015448093414307,56.77477645874024,3.9826390743255615,1.3212062120437622,1127.521240234375,32
3.296265959739685,-4.015568017959595,56.8294563293457,3.983009457588196,1.324525237083435,1130.529296875,32
3.2885513305664062,-4.0274152755737305,56.97272109985352,3.996995449066162,1.318806290626526,1141.964111328125,32
3.2762467861175537,-4.034333229064941,57.17458915710449,4.006507396697998,1.3058142066001892,1160.9883422851562,32
3.271185398101806,-4.029163837432861,57.32609558105469,4.002559661865234,1.298290729522705,1175.1077880859375,32
3.272295117378235,-4.022739410400391,57.409461975097656,3.9949229955673218,1.2979015707969666,1182.4197998046875,32
3.270836353302002,-4.0322465896606445,57.38317108154297,4.003520488739014,1.2983243465423584,1182.885009765625,32
3.259944796562195,-4.049972295761108,57.42706108093262,4.020580053329468,1.2916573882102966,1190.0283203125,32
3.2538304328918457,-4.040595531463623,57.55441284179688,4.01232385635376,1.2832380533218384,1204.4185791015625,32
3.2555477619171143,-4.026546001434326,57.665016174316406,3.999098062515259,1.2833141088485718,1214.9613647460938,32
3.25579571723938,-4.026318073272705,57.71144104003906,3.999908208847046,1.2849022150039673,1219.8958740234375,32
3.2519115209579468,-4.027902126312256,57.830039978027344,4.002980709075928,1.282364547252655,1228.647705078125,32
3.251498222351074,-4.027441024780273,57.93784713745117,4.002075672149658,1.2831037044525146,1235.33642578125,32
3.23486602306366,-4.053838729858398,58.02227020263672,4.031055450439453,1.2726076245307922,1248.6918334960938,32
3.220210075378418,-4.05684232711792,58.14116668701172,4.037455558776856,1.2590616941452026,1265.408203125,32
3.2103114128112797,-4.04940390586853,58.310285568237305,4.02952766418457,1.2499516606330872,1285.9937744140625,32
3.2032625675201416,-4.043008804321289,58.36715698242188,4.0283050537109375,1.2430834770202637,1300.861572265625,32
3.1974207162857056,-4.0502097606658936,58.37879180908203,4.03378438949585,1.241061270236969,1306.130126953125,32
3.191367626190185,-4.049570560455322,58.44868087768555,4.032730102539063,1.23663592338562,1315.4708251953125,32
3.180627584457397,-4.043931722640991,58.61323928833008,4.030983209609985,1.2266387343406675,1334.778076171875,32
3.1757354736328125,-4.044041633605957,58.66844940185547,4.030618190765381,1.222678780555725,1343.3004150390625,32
3.173839211463928,-4.039463520050049,58.72247505187988,4.025445222854614,1.2207409739494324,1350.2024536132812,32
3.1610302925109863,-4.041611194610596,58.84080505371094,4.03253698348999,1.2107254266738892,1367.4158935546875,32
3.1433067321777344,-4.047530889511108,58.91866493225098,4.042693853378296,1.1961692571640017,1385.537353515625,32
3.1183362007141118,-4.046820163726807,59.07012176513672,4.044058799743652,1.1746501922607422,1411.7088623046875,32
3.0906453132629395,-4.032986164093018,59.246803283691406,4.033670902252197,1.1474619507789612,1444.887451171875,32
3.072238683700561,-4.014971256256104,59.37434387207031,4.019090175628662,1.1284838914871216,1466.482666015625,32
3.049318909645081,-4.009479522705078,59.55397033691406,4.0177001953125,1.1087767481803894,1488.4248657226562,32
2.996710777282715,-4.028310298919678,59.83723831176758,4.038299083709717,1.0642026662826538,1522.11962890625,32
2.9278796911239624,-4.033258676528931,60.30127716064453,4.042005300521851,0.9957936704158784,1548.8442993164062,32
2.8597371578216557,-4.050371646881104,60.680763244628906,4.063910007476807,0.932321846485138,1548.7396240234375,32
2.7735284566879272,-4.041871786117554,61.09340858459473,4.051576852798462,0.8498152494430542,1551.9120483398438,32
2.6512928009033203,-4.050737857818604,61.508079528808594,4.038448333740234,0.7376673817634583,1556.9925537109375,32
2.5140085220336914,-4.06732988357544,61.46090698242188,4.045560598373413,0.6019361019134521,1566.4564819335938,32
2.402386426925659,-4.007044792175293,60.94321823120117,3.99257755279541,0.4714453518390655,1581.931884765625,32
2.442458152770996,-3.022546172142029,60.555768966674805,3.035012125968933,0.3292904198169708,1626.503662109375,32
3.075655221939087,-0.0060901045799255,61.2740478515625,0.029777705669403,-0.1172237023711204,1615.028076171875,32
3.301449179649353,0.1587310433387756,60.37812423706055,-0.1051123775541782,-0.032242614775896,1712.0588989257812,32
3.361891984939575,0.0407629609107971,58.70434188842773,-0.0065359533764421,-0.0022430010139942,1696.958984375,32
3.402538895606994,0.0384739637374877,57.695899963378906,-0.0352280801162123,0.030865591019392,1740.624755859375,32
3.422372579574585,0.0736148953437805,57.25546646118164,-0.0515549853444099,0.0416670255362987,1733.09326171875,32
3.4266291856765747,0.070738673210144,56.89010047912598,-0.0387530401349067,0.0440229587256908,1738.6618041992188,32
3.425565719604492,0.0492735505104064,56.28081130981445,-0.0084666674956679,0.0211029462516307,1774.6680908203125,32
3.426254153251648,0.0209723729640245,55.47834777832031,0.0166931091807782,0.0034568719565868,1793.6492919921875,32
3.430480480194092,-0.0053941594669595,54.4661865234375,0.0286276880651712,0.0054555349051952,1784.3104248046875,32
3.6541733741760254,-1.0166362524032593,25.67434310913086,0.9735794067382812,2.041609525680542,1475.904052734375,33
4.030165314674377,-1.2521581509047084,24.755277779367237,0.7927893905176057,2.9224007013771267,33.81354734632704,33
3.817501117785772,-2.631585167513953,36.23507844077216,2.249708523352941,2.9353160195880466,397.19425286187067,33
3.647465149561564,-3.7215135047833128,40.37830845514933,3.7282972435156503,1.9776769950985904,261.5045620600381,33
3.6290112005339727,-4.1172722180684405,40.40911441379123,4.008948948648241,1.6073953409989674,60.13871415456136,33
3.6764692034986286,-4.097440938154857,42.17530579037137,3.99374687174956,1.6719463359978464,-6.43468056784738,33
3.70199716091156,-4.076909104983012,43.7545976638794,4.0184633533159895,1.7274185915788014,-28.74716567993164,33
3.705904276834594,-4.054124845398797,44.3925072617001,4.02382970849673,1.7383653786447313,-21.11589686075846,33
3.697888970375061,-4.047163883845012,44.54975679185655,4.034531434377034,1.740602877404955,-0.3254284858703582,33
3.6859090626239777,-4.054190248250961,45.070101499557495,4.051331073045731,1.728845864534378,25.90273666381836,33
3.683819850285848,-4.047267893950145,45.778868251376686,4.043695860438877,1.7200263655847974,47.822188907199454,33
3.687817308637831,-4.033053666353226,46.21098351478577,4.025763041443295,1.7220215019252565,63.30593138270908,33
3.687717696030935,-4.034083843231201,46.77269872029623,4.025897939999898,1.7172325452168782,81.69630686442058,33
3.692720166511006,-4.032395929098129,47.21969366073608,4.022607468896442,1.7132997206515737,92.56143188476562,33
3.6837873889340296,-4.046005136436886,47.38313998116387,4.034146534072028,1.7036112315124936,107.87865108913846,33
3.672129039963087,-4.0565312008063,47.603688637415566,4.042761166890462,1.691250905394554,124.8015383084615,33
3.670804553561741,-4.046377499898274,47.84207534790039,4.028673701816135,1.6848341094122992,137.09985521104602,33
3.666166133350796,-4.04416921403673,47.93021331893073,4.025091250737508,1.6813686713576317,150.74711015489368,33
3.656941264867783,-4.048901915550232,48.06571102142334,4.0301766991615295,1.671704217791557,167.93482971191406,33
3.652556222346094,-4.045763244231542,48.26176182428996,4.027850425905651,1.6683734547760751,180.18323686387805,33
3.637546439965566,-4.04962968826294,48.58007113138834,4.032424714830187,1.6545079913404253,207.15857781304257,33
3.632482821742693,-4.037045896053314,48.66590491930644,4.0188130140304565,1.651283472776413,222.6680119832357,33
3.624565402666728,-4.028578811221653,48.779270807902016,4.0115560094515486,1.6501202980677288,239.74302673339844,33
3.618352636694908,-4.02085738711887,48.89963099691603,4.006107803848055,1.6476008080773883,255.853106074863,33
3.6078733603159594,-4.019326130549113,49.06099510192871,4.0064644018809,1.6431774298350017,275.09897867838544,33
3.5985860940482883,-4.011371026436488,49.13096078236898,3.999587658378813,1.639088996582561,293.8640297783746,33
3.594846056567298,-4.004248817761739,49.18946388032701,3.995447254843182,1.63936381538709,304.1751454671224,33
3.590924471616745,-4.005362302064896,49.39918208122253,3.999704748392105,1.6373243555426598,314.16123962402344,33
3.581409454345703,-4.011166042751736,49.53822877671983,4.006457421514723,1.631136122677061,328.6404012044271,33
3.573850219448408,-4.009810891416338,49.51281621721056,4.0049417813618975,1.6276930082175467,339.0842446221246,33
3.5769573052724204,-4.000131696462631,49.42765792210897,3.995890984932581,1.6339330474535625,336.00104268391925,33
3.5735591302315397,-4.005776951710383,49.55512020323012,4.004441509644191,1.632993734545178,340.1523030598958,33
3.562885125478109,-4.01616907119751,49.85202831692166,4.01669798956977,1.62129545211792,357.08844672309027,33
3.551989883184433,-4.022670477628708,50.26044567426046,4.025183270374934,1.6062462131182351,378.4658737182618,33
3.5397905045085483,-4.027587181992001,50.68982352150811,4.030790540907118,1.5915148258209229,401.6589864095053,33
3.535518101520009,-4.019480456908544,50.91131681866116,4.022148506508933,1.5850485497050817,415.5427059597439,33
3.5380194187164307,-4.014947295188904,50.99645614624024,4.018609166145325,1.5895037353038788,415.1517639160156,33
3.5255899445878134,-4.025552868843079,51.08222161398994,4.029300931427214,1.580165113011996,429.7720413208008,33
3.521799127260844,-4.023182041115231,51.130671395195854,4.026343954934014,1.5753276248772938,437.0156639946832,33
3.525972997148832,-4.017232596874237,50.96867609024048,4.018708507219951,1.5829595029354095,429.3948211669922,33
3.512733817100525,-4.030931499269274,51.10034391615126,4.034893062379625,1.5730158686637878,443.2185262044272,33
3.49540942410628,-4.038088417715496,51.45606499248081,4.043618387646145,1.5509873645173178,472.65885162353527,33
3.483405441045761,-4.041309535503388,51.65939744313558,4.04624758164088,1.535587340593338,493.805892944336,33
3.480032588044802,-4.042474498351415,51.66238464249505,4.045739200380114,1.5319198874963655,497.6528566148546,33
3.4747811092270746,-4.04746060901218,51.72197575039334,4.050643523534139,1.5283635788493686,501.40521918402777,33
3.4589374363422394,-4.054010808467865,51.984254360198975,4.058205217123032,1.512017972767353,524.5803680419922,33
3.450494385427899,-4.042853242821163,52.377496030595566,4.047705458270179,1.4988002197610006,552.9838443332249,33
3.455442784561052,-4.030666904317008,52.21017310354445,4.031426747639974,1.5056992711292374,552.5135218302408,33
3.455853223800659,-4.03049103418986,52.13785171508789,4.03218428293864,1.5082569519678752,553.2051595052084,33
3.4586364411645465,-4.032036837604311,51.984133693907,4.03294582830535,1.5111919318636258,548.2045500013563,33
3.459271321694056,-4.04024025466707,52.051156573825416,4.043588492605421,1.511386478940646,545.3750712076824,33
3.448312520980835,-4.047279705603917,52.51233744621277,4.052346765995026,1.4993394017219543,566.9816792805989,33
3.4261202812194824,-4.048424972428216,52.98790899912516,4.055947502454122,1.47492324312528,612.8651902940537,33
3.4107058379385204,-4.04288183980518,53.19449700249566,4.048481729295519,1.456619841357072,648.9782036675347,33
3.4151380956172943,-4.030739724636078,53.06321430206299,4.031812429428101,1.4610894918441772,650.4909515380859,33
3.4132469296455383,-4.030786792437236,53.0901390976376,4.032821883757909,1.45918756392267,658.7870457967123,33
3.411282089021471,-4.038154416614109,53.03065914577908,4.040469990836249,1.45759916305542,659.6769409179688,33
3.4127342899640403,-4.039800782998403,53.14026204744975,4.041969180107117,1.4588912576436996,659.4915542602539,33
3.410136103630066,-4.038308613830143,53.32040315204197,4.03863693608178,1.4564542869726818,668.9102444118924,33
3.417782015270657,-4.0224679046207,53.28707342677646,4.018315239085092,1.4615767929289076,668.9204016791449,33
3.419402003288269,-4.015260577201843,53.39338684082031,4.011613686879476,1.4652405381202698,677.8481852213541,33
3.416251242160797,-4.005376845598221,53.60465309354994,4.001415782504612,1.458202112880018,704.234622531467,33
3.421282837788264,-4.001949555344051,53.49008819792006,3.9962274531523385,1.4619752417008085,706.0414276123047,33
3.42252080142498,-4.013687819242477,53.28494906425476,4.008637577295303,1.4672556668519974,694.5623168945312,33
3.412419080734253,-4.0233007536994085,53.45927937825521,4.020466380649143,1.4575761953989663,707.2371826171875,33
3.405475084980329,-4.023563242620892,53.6365037229326,4.021493481265174,1.448270458314154,723.7705188327366,33
3.402761568625768,-4.019418974717458,53.85511811574301,4.01790205637614,1.4440720429023106,739.6495513916016,33
3.3942164795266256,-4.023278405268987,53.9796256489224,4.018632133801778,1.4375871121883392,756.536242167155,33
3.3861308097839355,-4.017736991246541,54.14160622490777,4.011266708374023,1.4279573890897963,780.5320095486112,33
3.383484447995821,-4.010530749956767,54.20459643999735,4.002023210128148,1.4224732294678688,798.5898310343424,33
3.3821393648783364,-4.013425237602657,54.1614096959432,4.0055774913893805,1.4221737417909834,802.9395667182074,33
3.375393165482415,-4.019366366995706,54.35717837015788,4.013664298587376,1.4174221903085709,817.8562867906359,33
3.3642635345458984,-4.024221897125244,54.58194541931152,4.017083644866943,1.4072250127792358,840.9511108398438,33
3.3531538049379983,-4.026281989283032,54.67984493573507,4.017320894532733,1.3953126867612202,861.7879452175565,33
3.3586705260806613,-4.013583335611555,54.65592829386393,4.0017287698056965,1.3975897315475676,864.5171440972222,33
3.369523629546165,-3.997795974214872,54.80754534403483,3.986827865242958,1.4064858903487525,868.7238032023112,33
3.359049552016788,-4.010057687759399,55.13928890228272,4.003606405523088,1.3997215496169195,894.394505818685,33
3.3441894865698285,-4.022330727842119,55.382852183447945,4.013542622327805,1.3856796299417815,921.341591729058,33
3.341061443090439,-4.017070492108663,55.3965269724528,4.003730257352193,1.3789844711621602,933.8298161824544,33
3.3473355372746787,-4.005473994546467,55.363783280054726,3.9889970239665775,1.3827391068140666,935.6978764004176,33
3.3489833407931857,-4.005025174882677,55.45592795477973,3.988630135854085,1.385370175043742,943.7813720703126,33
3.3411577939987183,-4.0141211450099945,55.55027747154236,3.997450664639473,1.378374457359314,958.1152381896972,33
3.347849945227305,-3.999107109175788,55.67322874069214,3.9808853930897183,1.3812393529547586,965.6449474758572,33
3.344020328587956,-4.005373020966847,55.81554865837097,3.987249496910307,1.3785924000872507,979.4634475708008,33
3.3395590583483377,-4.009086608886719,55.913021405537926,3.9910384813944497,1.373228867848714,992.013224283854,33
3.3342352939976587,-4.015454454554452,55.96329593658447,3.997478137413661,1.3683436959981918,1000.49078157213,33
3.334054268068737,-4.015052510632409,55.96366527345445,3.995137002733019,1.3673251767953236,1002.160396999783,33
3.331997404495875,-4.016153345505397,55.99678484598795,3.998160794377327,1.3657062302033107,1005.2807388305664,33
3.318415721257528,-4.035932355456882,56.08108796013726,4.01773722966512,1.3570884466171265,1015.1873914930557,33
3.308223581976361,-4.044394029511346,55.99469412697686,4.022646321190728,1.346318704386552,1020.3733024597168,33
3.310837894678116,-4.035645306110382,55.89451360702515,4.012102067470551,1.348143145442009,1015.5207290649414,33
3.3099383215109506,-4.016639944579866,56.24857494566176,3.9932128257221646,1.3437132355239656,1042.4201024373376,33
3.308796683947245,-4.020238346523708,56.32331244150797,3.9956657422913446,1.3419881463050842,1056.6250644259983,33
3.3068246295054755,-4.026853710412979,56.30898388226827,3.998825252056122,1.341211626927058,1061.971186319987,33
3.307355337672764,-4.021898825963338,56.351512008243134,3.992829488383399,1.339999453888999,1069.503141615126,33
3.30652249024974,-4.019028193420834,56.46882277064853,3.9896867358022265,1.33849516345395,1081.229453192817,33
3.304427067438761,-4.018210728963216,56.58297602335612,3.989229838053385,1.3351596593856812,1093.9241129557292,33
3.301186844706536,-4.023746185832554,56.64167573716905,3.993882679276996,1.3323122312625248,1102.4143074883357,33
3.298921161227756,-4.023347536722819,56.67991717656454,3.99275243613455,1.328936282131407,1109.416751437717,33
3.3009975850582123,-4.012104123830795,56.82193207740784,3.982955202460289,1.3279820457100868,1119.410186767578,33
3.304043756590949,-4.01638470755683,56.8165766398112,3.98463464445538,1.3317748970455594,1118.4372117784287,33
3.3015501068698034,-4.019576238261329,56.87364641825358,3.987583988242679,1.3296004012227058,1123.9986097547744,33
3.2975089053312936,-4.016395012537639,57.00521373748779,3.988021969795227,1.3237526714801788,1135.6014302571614,33
3.2910912699169583,-4.029025574525197,57.057142125235664,4.000060278508398,1.3192930701706145,1141.9865061442058,33
3.284473631117079,-4.037463267644246,57.07516882154677,4.007572333017985,1.313580486509535,1146.8962741427952,33
3.281944200396538,-4.035629818836848,57.094298362731934,4.001495813330014,1.3111236939827602,1152.740234375,33
3.279475112756093,-4.033489796850416,57.00852568944296,3.997267146905264,1.3100464989741645,1156.5370415581597,33
3.269994568493631,-4.036718385087119,56.98335056834751,4.001972787910038,1.30220475130611,1166.303209092882,33
3.263813555240631,-4.027586817741394,57.11398315429688,3.996373474597931,1.2941901981830597,1183.6077575683594,33
3.2569404343763986,-4.034148752689362,57.18726966116164,4.004936724901199,1.2877240247196622,1194.443327162001,33
3.258757750193278,-4.023929437001546,57.29102102915446,3.99288182788425,1.2871534128983817,1201.9234771728516,33
3.2549531211455665,-4.0016065041224165,57.6454975605011,3.976340254147848,1.2791734163959825,1227.8085962931314,33
3.248121976852417,-4.011700789133708,57.79630109998915,3.99069979455736,1.272930449909634,1243.9877387152778,33
3.2435748411549463,-4.016920298337936,57.85529404216342,3.994870932565795,1.2690197196271684,1250.2170299953884,33
3.235460122426351,-4.018975377082825,57.979114850362144,3.999903639157613,1.2615253527959187,1263.6763458251953,33
3.2257861875825458,-4.028029249774085,58.02750897407532,4.010604341824849,1.2534496577249632,1273.5051964653862,33
3.221549868583679,-4.026803480254279,58.07998021443685,4.008525252342224,1.250181429915958,1279.7667473687068,33
3.2151262909173965,-4.016273319721222,58.25814080238342,4.0014767944812775,1.2436682507395744,1296.6806869506836,33
3.205239716503355,-4.020698772536384,58.42656850814819,4.009782267941369,1.237705229057206,1312.6850755479602,33
3.19370160665777,-4.045065330134498,58.44912364747789,4.031100256575479,1.232305160827107,1320.4032864040798,33
3.1867517232894897,-4.045750617980957,58.40952364603678,4.031377871831258,1.2266995509465537,1325.815673828125,33
3.1760233690341315,-4.049720853567123,58.4247710439894,4.036610106627147,1.220201540324423,1335.3147176106772,33
3.16173212395774,-4.049714293744829,58.499086962805855,4.038510680198669,1.2092963887585535,1351.289059109158,33
3.150283381342888,-4.0463034609953565,58.576087395350136,4.037487278381984,1.1997603277365367,1366.0214182535808,33
3.136128842830658,-4.057280249065823,58.66987302568224,4.047434303495619,1.191117849614885,1378.0402086046006,33
3.1044691287808948,-4.06544973121749,58.86754279666477,4.056670943895976,1.16512480047014,1409.288347880046,33
3.068717837333679,-4.047757267951965,59.116790771484375,4.042229890823364,1.1315635740756989,1450.3133544921875,33
3.04554540084468,-4.024070286088519,59.3102151023017,4.02194118168619,1.10798242688179,1477.9766947428386,33
3.036928547753228,-4.0179966820610895,59.38848114013672,4.021231439378527,1.0997315247853596,1482.7301161024309,33
3.029141053557396,-3.986553673942884,59.592792431513466,3.998045216004054,1.0870812808473906,1496.0976130167642,33
2.979980342917972,-4.011228309737311,59.98044262992011,4.02673359711965,1.047759359081586,1527.3033565945098,33
2.8948745942778062,-4.032389776574241,60.477979050742256,4.043338176276949,0.9665073263976312,1556.7866244845918,33
2.7928205927213026,-4.011882662773132,61.03295580546062,4.016550103823343,0.8650119403998051,1580.1302286783855,33
2.6599531686968274,-4.007811423805025,61.5756430890825,3.996783673763275,0.7408537516991299,1586.22240363227,33
2.5236937171883045,-4.036264326837328,61.56375858518812,4.016812218560113,0.6144342273473731,1576.1259477403428,33
2.4599900245666504,-3.558422952890396,61.3729419708252,3.549117624759674,0.4331008419394493,1618.8336563110352,33
3.0735328594843603,-0.1551558772722701,61.749242782592766,0.1702397134568784,-0.0912817704180913,1601.5671318901925,33
3.311992070741124,0.1496696306599508,60.535940912034775,-0.1135480114155342,-0.0244777190188566,1694.8740107218423,33
3.3670621414979296,0.0425049513578417,58.79151010513306,-0.0210275854915381,0.0040117315948007,1695.5681101481118,33
3.3998229189051523,0.0475427409013114,57.93039793438381,-0.0395550032456716,0.0394098208182388,1747.1164957682292,33
3.410729123486413,0.077502687772115,57.52971076965332,-0.0470244031813409,0.0479050059285428,1736.8306783040364,33
3.417526915669441,0.0591099932789801,56.91254472732543,-0.0298575603325539,0.0354104650517303,1749.8438720703127,33
3.4192241032918296,0.037336516711447,56.201738092634415,0.0051285100376439,0.0137992480562793,1776.2507697211372,33
3.417703093753921,0.0255380630907084,55.320694473054665,0.0312076130131674,-0.0035301268928581,1794.8699094984263,33
3.425852060317993,0.0037829289212822,54.29611587524414,0.0468355938792228,-0.0038778372108936,1772.328125,33
3.6624326705932617,-1.0926388502120972,24.90981101989746,1.0545353889465332,2.125773906707764,1403.349609375,34
4.06562617441991,-1.191603788962731,20.187765254840983,0.9431066796496198,3.052644382823597,-182.83934191723804,34
3.84564165968995,-2.237190788442438,31.807802320360302,1.7461932555778876,3.05753102002444,290.799482865767,34
3.6111599348641774,-3.6230590310130086,38.55112708031714,3.616033213955539,2.006010965867476,316.9371559836648,34
3.569401677671846,-4.122898311881753,38.65497055587235,4.041584791837039,1.5331265059384434,102.94668424379576,34
3.627342029051347,-4.098823657402625,40.20734272136555,3.9936147836538463,1.596790387080266,14.242275771561214,34
3.6782625705212144,-4.061321135167475,41.85024136096448,3.99724301758346,1.7004630724033276,-31.32480997472376,34
3.692794929851185,-4.049647184518667,42.67250149066631,4.02126496655124,1.73223222219027,-40.3215302954187,34
3.698506542019077,-4.039992105710756,43.36016352193339,4.02811462562401,1.7431439903232602,-33.24452868374912,34
3.7019416785740353,-4.035467801394162,44.36711878209681,4.028751786772188,1.7464097604884967,-10.553955584972895,34
3.692713567426989,-4.038732278597105,45.18626529186756,4.033313164344201,1.734336164447811,27.276428142627623,34
3.688877949347863,-4.033411979675293,45.73268303504357,4.026663523453933,1.7272501725416918,54.59805268507737,34
3.685840238224377,-4.035669236750036,46.16312616521662,4.028778729738889,1.7212288646431235,73.0134490219863,34
3.6790588335557417,-4.042405518618497,46.54756164550781,4.034819776361639,1.7113715301860462,89.45912517200816,34
3.679059253705965,-4.029997125372186,46.58052183031202,4.018697728643884,1.711145455187017,96.80797651597668,34
3.6686484663636536,-4.039334967419817,46.63000154828692,4.029349210379007,1.705621265031241,109.19931942599636,34
3.663277390953544,-4.0436515041164585,46.892410758492,4.033963333476674,1.6972361778045868,118.04712164818824,34
3.663054214490877,-4.041514753461717,47.24867635340124,4.030489101276531,1.6919242377047772,125.69422917932896,34
3.6639473154828255,-4.038710397440237,47.465077273495545,4.025404890100439,1.6873938770560952,133.91251986843722,34
3.662486489836152,-4.043909906507372,47.68142902934468,4.03026512786225,1.6850260596175295,141.16099953818153,34
3.6528738528698472,-4.044608816400275,48.07040616015454,4.028479235989231,1.6738488965934806,164.73617350971782,34
3.645296011771356,-4.036762204203573,48.31510919957728,4.018552920201442,1.6638665507723402,189.3683859018179,34
3.637289579098041,-4.040726771721473,48.38155423677885,4.024329332204966,1.656450271606445,205.7796407846304,34
3.6175453246056617,-4.052796553898524,48.62208223676348,4.037431356790182,1.6420031019024082,232.6566152505941,34
3.5987382935477306,-4.05496682653894,48.83800720001434,4.0393722307431945,1.6249373400961602,262.29140915237105,34
3.597804339615615,-4.033910101110285,48.950044805353336,4.016732265899232,1.62658112532609,273.4981134588068,34
3.595056403766979,-4.02029900117354,49.02451636574485,4.005291158502752,1.6330512003465132,284.66677024147725,34
3.5827113481668325,-4.022861460705737,49.12466489351713,4.01174227507798,1.625527411907703,307.3038014231862,34
3.5796628748620307,-4.0211842977083645,49.19860634436974,4.011431610667622,1.6225667466650475,316.62518950775785,34
3.5857117209401164,-4.014454168039602,49.175342959957526,4.005297970938516,1.6337048732317412,309.05114319274475,34
3.577948356841828,-4.018268535187194,49.2762657645699,4.010282529817594,1.631146253405751,319.72307709380465,34
3.574651443041288,-4.01376789933318,49.23992997282868,4.006127030699403,1.6305772241178926,326.5639759410511,34
3.572740821571617,-4.014003973740798,49.41588157707161,4.009330669483105,1.628634386962944,333.02720887510924,34
3.574021211037269,-4.00890038563655,49.69821636493389,4.005474457373986,1.628478325330294,339.17069185697113,34
3.564857482910156,-4.0145128623588935,49.93333539095792,4.012226471534143,1.6213873199649624,355.3452447210992,34
3.5488451961037164,-4.024458224956806,50.221648609721576,4.024924194896138,1.6043336391448977,380.93549736396415,34
3.5421367892018565,-4.021598145678327,50.320757992617736,4.020219669475422,1.5959521748802878,394.0989589024257,34
3.5461939364880117,-4.014493908915487,50.1970581374802,4.0132363192685,1.604045004277796,386.9383041275131,34
3.5405568543013994,-4.02211114243194,50.52071191214181,4.025035291284948,1.5986944870515305,396.1350311065887,34
3.516799970106645,-4.037382992831144,50.95479236949574,4.040505756031383,1.5728302001953125,431.9483420632103,34
3.5056679482226607,-4.029141719524677,51.11072916417689,4.03076954488154,1.5615019564862018,453.2149504548186,34
3.494831677083369,-4.026385093902374,51.24665208296342,4.029669754988664,1.5518075619544185,472.478343190013,34
3.4921428523697218,-4.01443180671105,51.59244033173248,4.020126692898623,1.5458745456242062,490.7206416630245,34
3.4831854430111973,-4.021609086256761,51.829479030795866,4.0292157760033245,1.5351952764537784,511.2940682364511,34
3.4717715886922984,-4.03359761604896,52.09607109656701,4.04267798937284,1.522144235097445,531.0750638521635,34
3.46147376340586,-4.037977842184214,52.356262473793294,4.045754899511804,1.5108704325202462,549.4644997336646,34
3.4494824792955305,-4.040299665677797,52.451113960959695,4.0465637687202936,1.499912810492349,566.992721024093,34
3.441640983928333,-4.035203493558443,52.56224246792026,4.040007854675079,1.490910808523218,584.3455067881338,34
3.443706542461902,-4.023925934638177,52.64220303088635,4.0281098672560045,1.4914997124171758,593.2480187049279,34
3.438328074408578,-4.031599534975065,52.66771124459647,4.036361560954914,1.4863413764046622,603.2091337617461,34
3.4436663730994805,-4.026455712485147,52.732267153013005,4.029532405879948,1.490289788146119,602.0729715840799,34
3.447217050965849,-4.025807394014372,52.635774092240766,4.026170713918193,1.496240861765988,595.8224636691433,34
3.4428031661293725,-4.027480905706232,52.76244839754972,4.029680555517023,1.4916717681017788,605.8195467862215,34
3.438494315514198,-4.028499356516591,52.82348392726658,4.030604715947504,1.485251999401546,617.1140956211757,34
3.4345159897437463,-4.032604127497106,52.92047980782036,4.036118717460366,1.4814323570344832,624.8174007389096,34
3.4267139801612267,-4.036021342644324,53.10138849111704,4.04002255659837,1.4726511881901667,640.495361328125,34
3.4197383076994567,-4.040145984062781,53.08801037448269,4.042154505536272,1.4661989878941248,648.2309314220935,34
3.4168641617248108,-4.038223533363609,53.130290504935736,4.039817139818952,1.4630169126537296,654.0812578534745,34
3.4101798184268124,-4.038755740319099,53.267107316664045,4.040411955826766,1.4561313332377614,668.1900754275022,34
3.4104148374570835,-4.026981527155096,53.43136455295803,4.026297102441321,1.4545734862347584,682.1226840786168,34
3.41231427326069,-4.01450737039526,53.64133762813115,4.013983222988102,1.4540606578746875,700.5065926505135,34
3.407543679217359,-4.020167327427364,53.63896830098612,4.018316185557759,1.4508281129223484,712.4209231930179,34
3.404882767817357,-4.015982044326676,53.76629622666152,4.013343684323184,1.44762939256388,726.0962264054305,34
3.4141203490170566,-3.999489675868641,53.86349764737216,3.99660800553702,1.4514921478458218,733.1275959148273,34
3.4194459181565504,-4.0062860375517735,53.84105597009192,4.004349128349678,1.4598711604004972,726.8495470593859,34
3.410548686981201,-4.022430983456698,53.876684015447445,4.022074656053023,1.453932903029702,731.2869651100851,34
3.396636394354013,-4.0323052773108845,53.96064934363732,4.032336345085731,1.441057828756479,744.5402080829326,34
3.3902807469134566,-4.025481680890064,54.05807556472458,4.023933157220587,1.43230096610276,759.1199695080311,34
3.393693096987851,-4.015071018592461,54.13846177321214,4.012977340004661,1.4337732933617973,766.4961415537588,34
3.3830684381765086,-4.029359120589036,54.03022293944459,4.024222323944518,1.4280808772240483,771.1860317416957,34
3.371829736482847,-4.032666326402785,54.06073334167053,4.028240720708887,1.4170770995266788,784.651516574246,34
3.357107207491681,-4.035558437134003,54.31211100758373,4.0361845343263,1.402378222325465,813.0709262661168,34
3.3485673090794705,-4.035012578630781,54.52127963512928,4.032567501068115,1.3937296850697978,835.7967204914227,34
3.353286162956611,-4.021691065568191,54.58304126446064,4.013590232475655,1.3952951164512368,844.6535260393903,34
3.357368477574595,-4.018149856087211,54.57508292564979,4.00828992070018,1.3993357428303963,847.808020104895,34
3.3514480990963382,-4.026627480566918,54.60763819234354,4.016592575953557,1.3962994280394974,855.7171238185642,34
3.347445714723814,-4.020701558439882,54.78724646401572,4.00931092242261,1.3900193484513077,874.6844264744045,34
3.349834625537579,-4.014393146221455,54.887962341308594,4.001403661874624,1.391281164609469,886.1181124173677,34
3.337392937053333,-4.024170355363325,55.05406431718306,4.010219140486283,1.380709485574202,910.473571777344,34
3.343546799012831,-4.0093556017308805,55.078494332053445,3.992380435650165,1.38162262206311,918.7869791951211,34
3.3462432447846955,-4.008202299371466,55.17744221720662,3.991822499495286,1.3849609565067955,927.0083293781414,34
3.3478504360972585,-4.008874346326281,55.24322888567731,3.9938231865009226,1.3857285409540565,932.541964017428,34
3.353546826155869,-4.014542756380735,55.08125777344604,3.998301742793797,1.392184497593166,916.7236579948376,34
3.3499005824535875,-4.027048797874184,55.06461563643876,4.013092931333955,1.393276744789177,907.695525482818,34
3.333105799201485,-4.032910923857789,55.40621913563121,4.023019600581456,1.3763675631343069,936.0855917763876,34
3.320295410556393,-4.035005072613696,55.61236225474964,4.024065974709037,1.3619038341762304,961.9213568414008,34
3.320354118213787,-4.026690019594206,55.65117314478734,4.010887362740257,1.3595127967687757,972.555388764068,34
3.325253494969614,-4.012195103651994,55.76192482368096,3.994323603756778,1.3612194328041345,984.8449570449084,34
3.329696013377263,-4.0035110620351935,55.93731454702524,3.985645074110765,1.3641420419399557,999.0127798227164,34
3.3158799351512136,-4.028106639435241,56.076171875,4.009061676638943,1.355174371412584,1018.3617767120572,34
3.3108501734433475,-4.031467751189545,56.00673864938162,4.008125111773298,1.3479504260149868,1024.837038693728,34
3.3096590475602583,-4.026867389678955,56.04274229569869,4.00046257539229,1.3463354869322344,1033.112382368608,34
3.309832682976356,-4.01623311743036,56.18918468235256,3.987246590060788,1.3436534671516684,1051.1960099226944,34
3.310988921385545,-4.008082990046148,56.322989137022645,3.980338073276973,1.3420830039711265,1068.1248173213503,34
3.30550422535076,-4.017254962787762,56.49624839195838,3.9902276759381055,1.3380007860543843,1085.2710541411714,34
3.299983813212468,-4.025205412111082,56.516734756789845,3.9941499600043664,1.3325247872959485,1094.8664926382212,34
3.300009410698097,-4.016436059991796,56.60678132597383,3.9863537491618337,1.329394351352345,1105.587812943892,34
3.294764822179621,-4.022675437527103,56.7223845795318,3.9936031528286167,1.3245668653007987,1117.916706218586,34
3.2928796581455044,-4.031866947254101,56.63836493858924,3.99906101927057,1.3232013053827352,1116.8901922052555,34
3.2980927320627065,-4.029940605163574,56.47592339148888,3.994819531073937,1.3274947955058172,1105.7903771033657,34
3.2929731148939867,-4.031278390150804,56.65146444894217,3.99865334350746,1.324414675052349,1115.8099322552446,34
3.292566082694313,-4.016794371438193,56.87795943146819,3.984719953336916,1.3192175068221723,1133.6448197798295,34
3.299185206006457,-4.009066308294977,56.91787559669335,3.9768597946300375,1.3243561316203405,1135.8608500874127,34
3.299998094985535,-4.002923156831648,57.05620073438524,3.973291628844255,1.324001806599277,1143.7328000368773,34
3.2944456447254526,-3.99905083396218,57.38770987770774,3.973041512749412,1.3178940686312588,1165.2064430930398,34
3.280094977025385,-4.022369401438253,57.46711624252213,3.996459692508191,1.3057614839993992,1180.9814273860904,34
3.2734898770605767,-4.022957921861768,57.50332692286352,3.9991801218553023,1.2972921433148683,1189.661002205802,34
3.264019157503035,-4.047113008432455,57.38233881063395,4.018688628723571,1.2921950350274574,1188.4556218927555,34
3.2675350112514896,-4.034366357576597,57.31224092070039,4.002597835514095,1.2929922784125054,1185.5097545276988,34
3.264691139434601,-4.031973275271329,57.43027693741805,4.000684383032205,1.2921469378304649,1194.9012417026331,34
3.255151418539194,-4.029709815979004,57.62988985501803,4.00395419047429,1.2822755850278411,1214.3763897235578,34
3.2476527507488546,-4.031383674461525,57.79058480429482,4.00774120784306,1.2754260651715152,1229.5651181094297,34
3.2412303577769888,-4.038388395642901,57.88394269076261,4.014007515006965,1.2715587340868435,1239.279296875,34
3.2309329943223437,-4.032580185603429,58.06290358430022,4.0121734158976095,1.261009549761152,1259.3870354499015,34
3.222693713394912,-4.018851436935105,58.305545806884766,4.004022838352443,1.2524049640535475,1283.2735732285291,34
3.214844420239642,-4.029036401868701,58.39007392296424,4.014709062509604,1.2487557342836073,1295.7945146894122,34
3.1967245348683604,-4.042620825600791,58.50495977335043,4.032130748241931,1.23566594990817,1315.315249569766,34
3.1822779178619385,-4.041492505507036,58.59385819868608,4.033267974853516,1.2232798446308484,1334.5440673828125,34
3.1682508642023257,-4.047272745545928,58.64010950902125,4.040935863148082,1.2138389332311137,1348.115698754371,34
3.165709899022029,-4.042922076645431,58.63467834045837,4.031730021630134,1.2117519953867772,1350.7450446282232,34
3.170874418912234,-4.035210089250044,58.67896513505416,4.019982047847934,1.216238852147456,1349.5424736396417,34
3.167383762506338,-4.049415808457595,58.71271749643179,4.0346952218275804,1.2161106513096736,1352.5550067608174,34
3.1533633979050437,-4.065456383711808,58.73741907506556,4.050484133767081,1.206490036490914,1360.612603460992,34
3.1322272307389265,-4.04842159631369,58.99048339737045,4.037218540698499,1.1849857043553065,1393.194180575284,34
3.112623348102703,-4.027067777993796,59.21858015260496,4.020948800173673,1.1643056386000628,1426.8320397863854,34
3.1019266602042674,-4.012166466746297,59.34489374227457,4.011207697274801,1.1539702006986925,1445.0159476753713,34
3.078143414917525,-4.023470801906986,59.46873119327572,4.0265235767497884,1.1367889667724396,1466.3991579709354,34
3.0659796508042128,-4.009951124658118,59.51495361328125,4.018925673478133,1.122219810119042,1477.4332258317854,34
3.052374327933038,-3.9894820226655976,59.70282721352744,4.004000113560603,1.1057213169711455,1492.4620694247158,34
3.002501392697955,-3.9973325779388,60.13284280416848,4.015501015669816,1.0592817818368236,1527.2419006774471,34
2.913074146617544,-4.024829257618297,60.63135008378462,4.0426720272411,0.9780720201405624,1559.2690096768465,34
2.798128980023044,-4.0527753829956055,61.09185318846803,4.069680980869107,0.8729869398203762,1572.060416268302,34
2.65904974937439,-4.0672311049241285,61.51145993746244,4.068199964670034,0.73850749547665,1570.0437762920674,34
2.5065054326624314,-4.017089113488899,61.50200863818189,3.998575907487136,0.5794334532497657,1591.6570771757538,34
2.4399180895798693,-3.516114865149645,61.18920290220034,3.5113953193584466,0.4114768944836987,1635.9851014464057,34
3.034836570699732,-0.2556976917740344,61.64876164256276,0.2667170100278783,-0.0489620986049409,1578.43191122842,34
3.324178587306629,0.1560744801601336,60.20767833469632,-0.1192308850325911,-0.0308405376345548,1650.630736451049,34
3.380634552948958,0.0393277986066328,58.49505204420824,-0.0268912817240803,0.0041978085426597,1662.1576226507862,34
3.4162318189660983,0.0337042120786809,57.61178127368847,-0.0482964419297403,0.039975405703266,1720.225794225306,34
3.4295319793941257,0.0694639161750153,57.145021398584326,-0.0505797749945333,0.0454240471801974,1706.2245675467111,34
3.439598640361866,0.0650816993279891,56.442453024270655,-0.0343077306251427,0.0323479468641165,1725.4300144435642,34
3.44637899298768,0.0409673264810257,55.664573456023966,-0.0021049678911802,0.0159059880965657,1755.2511839966671,34
3.4521576574632338,0.0160529007093159,54.67304021661931,0.0177373375899934,0.008713166327118,1761.998213334517,34
3.4585092067718506,-0.0100471365731209,53.65304565429688,0.0333105847239494,0.0119169168174266,1741.2088623046875,34
3.660475969314575,-1.0550249814987185,25.22677230834961,1.01435124874115,2.089640617370605,1431.9583740234375,35
4.054452085828448,-1.2544700161560431,21.991694363680757,0.9109005752976956,3.0075877813192515,-115.08253142883729,35
3.833437174350232,-2.504699633671687,32.84118780389532,2.1200515156859283,2.9564649842002177,290.589007184222,35
3.61980658144384,-3.752802603728288,38.27739734249515,3.7505957463404513,1.917076155022308,223.0835070843464,35
3.616085470973195,-4.096193160210456,39.673351154460775,3.9868340558939046,1.5943149778392764,58.00903853836594,35
3.67816934552226,-4.078846841425329,42.21586606219098,3.973200754685835,1.67629398832788,-6.620973517011089,35
3.70451751789013,-4.0756601753768384,44.08363782442533,4.016345420917431,1.7296472829538625,-22.790906866113623,35
3.707401419019366,-4.064244123605581,45.13813629683915,4.032577778075958,1.7343966860871214,-5.805956990568792,35
3.7063626159321177,-4.04958817008492,45.73249774212604,4.031576346684169,1.7347395053276649,20.032827017190566,35
3.696875180397834,-4.049396481547323,46.16040988735386,4.038073839841189,1.7281293718964903,50.11865951964904,35
3.690357560044402,-4.044823743246652,46.58540928447163,4.0339131355285645,1.7181212626970732,75.06766445986874,35
3.695683222550613,-4.027811747330886,46.81727013221154,4.01422827060406,1.721232927762545,86.63077310415414,35
3.695124219347547,-4.02892799977656,47.0892981415862,4.015339654642386,1.718803391589985,100.39558970844828,35
3.6918430761857466,-4.029989719390869,47.32914595170455,4.0155198357322,1.7131107286973433,114.9509575583718,35
3.692370969932396,-4.023203102858751,47.54696340494223,4.007850867051345,1.7115208252326592,125.65477080445189,35
3.685637292328414,-4.025556714384706,47.78433027467528,4.0113487377033366,1.705190892819758,141.9503266661317,35
3.6726965003913934,-4.030890174678989,47.99335989251837,4.0177816344307855,1.692961259321733,162.81059542569247,35
3.6618185826948473,-4.031317210697628,48.17815425846126,4.018948931794067,1.6820233701825975,179.8316495668638,35
3.654129228391848,-4.031288330371563,48.33888471376646,4.019815831751257,1.6741752299395474,191.2125405264901,35
3.6468357789766537,-4.03404454584722,48.4643686201189,4.022772222132116,1.66818983154697,199.39874043498008,35
3.64016053059718,-4.034271073508096,48.59410511363637,4.022632695578195,1.6641306018495894,207.2485461468463,35
3.624718489346805,-4.0437966993638685,48.645325187202936,4.0315885377096965,1.6540047880652902,223.0452862719556,35
3.600243164942815,-4.057203916402964,48.74423775306115,4.043798189896804,1.6341184836167555,250.2501936692458,35
3.593157404786224,-4.047952065101037,48.77835189712631,4.032582519771336,1.627748469372729,261.96499825857734,35
3.5935155778498085,-4.038693184619183,48.83417697719761,4.023862428598471,1.6310378596499249,265.62882173978363,35
3.593825490324648,-4.032908636373239,48.86027281434386,4.0186243290667765,1.635299207447292,269.520812561462,35
3.5912039930170234,-4.03162635456432,48.892609336159445,4.018683130090887,1.6370624412189831,276.2918812144886,35
3.5877236936475847,-4.029460513508403,48.954949545693566,4.017502347906153,1.6361591957665824,285.4574529474432,35
3.581875262560544,-4.0296739098075385,49.038661930110905,4.019126105141806,1.6336826369478985,296.8599819370083,35
3.5716410200079003,-4.031348315152255,49.236681451330654,4.022480774592687,1.625079044095286,316.1229589502294,35
3.5633645891309618,-4.029573693975702,49.534168563522655,4.022933266379616,1.6161553126115065,336.195225428868,35
3.5535677496369904,-4.031370172967444,49.86230388721386,4.026567439099292,1.6045503974794508,358.1100280334899,35
3.553427804600109,-4.024035787248945,49.84577512407636,4.018033901294628,1.6064280113140186,362.0617496517154,35
3.55179762840271,-4.023094727442815,49.91075104933519,4.01917420900785,1.6084818656627948,364.9096116286058,35
3.550656858857695,-4.019140560310204,50.03424637801164,4.016062406393198,1.6081489858093796,370.7544926996831,35
3.545834501306494,-4.020505525015451,50.11158053524844,4.0182778151718885,1.605569763617082,379.2949816296984,35
3.539034566679201,-4.023631632744849,50.20504453965834,4.022521605858436,1.5992608853987047,390.2466716632976,35
3.5314653803418565,-4.027758598327637,50.35484458016349,4.02743561617978,1.5916891464820275,401.8925081266389,35
3.5185823657295923,-4.033252405953574,50.60611703512552,4.034065409973785,1.5793486316720922,421.2861601289336,35
3.503066366369074,-4.031493750485507,51.06277014992454,4.034296035766602,1.560021801428361,452.9493075284092,35
3.4959350399204068,-4.026578082904949,51.26959063123156,4.02953961178973,1.5506099629235437,471.9666705364948,35
3.4956973449333564,-4.019186913550317,51.39370879593429,4.022521549171501,1.5510462655887738,479.3389696241258,35
3.4858413876353445,-4.025987161623014,51.49993651063292,4.030428146148895,1.542774469702394,494.4650665496612,35
3.479920749064092,-4.028096482470319,51.6311344600224,4.032893294221037,1.5345988698772617,506.9597014313811,35
3.47982067328233,-4.025168162125808,51.82809800368089,4.030017339266264,1.532576505954449,513.9727313701923,35
3.4765757397338226,-4.025387777315153,51.983947487144206,4.0299510322250685,1.5293486401751326,523.784084933621,35
3.4693401009886413,-4.029928724248926,52.08552959415462,4.035288027116469,1.5211861183593325,537.1807673527644,35
3.463208231892619,-4.0351505646338826,52.249081805035786,4.041464512164776,1.5129068114540791,549.3177413406905,35
3.4591379649155622,-4.03757292407376,52.37225491183621,4.042948099283072,1.508312499606526,556.9465494222575,35
3.4548716194979794,-4.036495415480821,52.46423539915285,4.040651188030109,1.5040456856880988,565.5242535784528,35
3.452142068556139,-4.032061573508736,52.54176757385681,4.035486561435086,1.500754928255415,574.9469224623033,35
3.453262269080102,-4.023271133849671,52.67021726061415,4.0268163514304,1.5005929428380689,584.2350587644778,35
3.444044416601008,-4.02946255423806,52.82700590653853,4.034660209308971,1.4917107278650457,603.2508766867898,35
3.438046086918224,-4.030045479327649,52.929490896371696,4.034360512153252,1.4842668563335926,618.0774105045344,35
3.434809838141595,-4.028793388313347,52.99795294808341,4.031748865034197,1.4814618634177257,627.0945669320913,35
3.430417097531832,-4.026328490330623,53.10081892747146,4.028920320364145,1.4762381131832416,640.4114708533655,35
3.4244403055497816,-4.025635482548,53.28133565729315,4.0291798231485005,1.469222355555821,658.7777995929852,35
3.4153835773468018,-4.026541736576107,53.51589256233269,4.03089908786587,1.4595067876202243,682.8324845320693,35
3.4070170075743347,-4.023224964008465,53.772280446299305,4.027312312092814,1.4497405790782476,709.8161954012784,35
3.40394415888753,-4.016878834971181,53.90753597979779,4.018476102735613,1.4451478052806188,728.6213028914445,35
3.4040607739161777,-4.016594346586641,53.82833675571255,4.015127298715231,1.4458301809284235,731.5426648546766,35
3.395837150253616,-4.02398122440685,53.88044626729472,4.023721568234317,1.439525583407262,742.4859960596044,35
3.391491886619088,-4.023496304358636,53.92024348332332,4.021560508888085,1.434203439659172,751.8199001925808,35
3.3899419207672974,-4.023238442160866,53.92925131737769,4.021015030520779,1.4325849343013095,756.0602148096044,35
3.389568425558664,-4.022262813328029,53.98420838042573,4.019724712505207,1.4319289881032664,760.444860071569,35
3.3879731351679023,-4.020985429937189,54.12483908913352,4.019681973890825,1.4304372288964011,769.6390158913351,35
3.382392534842858,-4.018575191497803,54.375282581035904,4.019023014948918,1.4237879881492028,790.4758770282451,35
3.3779804373120927,-4.020985800069529,54.482832021646566,4.020033096100067,1.420015377598209,802.9675489305616,35
3.3701238815601053,-4.028120794496336,54.42021918130088,4.023622872946146,1.413934847691676,808.6108731356534,35
3.3734636473488973,-4.014385163367211,54.46986610572655,4.008284978933268,1.4140450554294186,814.998291015625,35
3.372978687286377,-4.016811524237786,54.41740406809987,4.008828243175587,1.4148523132284203,817.3939157766061,35
3.368270112084342,-4.01995720563235,54.45366143179941,4.0113272867002685,1.4113013652654791,825.865374371722,35
3.3671591398599263,-4.01526357410671,54.53848928171438,4.007593378320441,1.407901602191525,837.2493683074738,35
3.363167082513129,-4.021118540863891,54.60884310315539,4.013887658819452,1.4059182163718698,845.4643622978583,35
3.357951015859217,-4.023738861083984,54.68760059596775,4.015365617258565,1.4009628654359938,855.4116526783762,35
3.354993845199372,-4.021860402780813,54.776427502398725,4.011744639256618,1.3975348064115831,866.1475847150896,35
3.3502498823445994,-4.021855807804561,54.841580237542,4.009622877294367,1.3928065741812432,878.7797343647563,35
3.346497205587534,-4.017404042757475,54.984705411470856,4.004403004279504,1.3874710248066828,897.3784179687499,35
3.3450866395776924,-4.015491658991033,55.06905885176225,4.001062306490812,1.3852217414162376,910.8842163085938,35
3.3449444454033057,-4.016175570187869,55.07095523647495,3.9983217682871786,1.3852500156922771,916.834892646416,35
3.34441206171796,-4.017708705021785,55.00903346988704,3.9974564772385817,1.384718620693767,918.7077841592002,35
3.346748200329867,-4.014666700696612,54.97919981629698,3.993871803883906,1.3859054008563916,919.371813794116,35
3.3499548151776506,-4.01117920708823,55.0558165170096,3.9901290573440233,1.388662045652216,923.471040739046,35
3.350808867207774,-4.008342059342177,55.21617323868758,3.9884940077374864,1.388413201678883,934.8476152753497,35
3.344007615442876,-4.014514592977671,55.44493236408367,3.996805586181321,1.3828006140835636,954.0876665448808,35
3.3334181575508386,-4.018837898761243,55.67960184270685,4.00158255917209,1.3712285448621204,978.8895353303922,35
3.3317624255493805,-4.012870505139544,55.83092245355353,3.9941319769079033,1.3670206920250312,994.6550130777426,35
3.3313028912444214,-4.0110523383934185,55.9352339631194,3.989509755914861,1.3657691962235456,1006.1186809406414,35
3.3258383457477274,-4.017572549673227,55.98460798997145,3.9938239317673903,1.3608004863445575,1017.751502403846,35
3.3217854016310686,-4.018517604241004,56.02388907479239,3.993432835265473,1.3557762924607817,1028.4738462221371,35
3.3176759839891554,-4.017564680192854,56.146830338698166,3.9928752075542095,1.350894271076976,1042.8739730728255,35
3.3121040734377774,-4.020548126914284,56.29201126098633,3.9949986934661865,1.3452156023545698,1058.828846324574,35
3.304801912574501,-4.018367774003036,56.517870042707536,3.9937123768813128,1.336172844146515,1080.966429810424,35
3.299161600899863,-4.016870695394236,56.721298777973736,3.991870895132318,1.3278867389772322,1102.606395801464,35
3.298701524734497,-4.021180416320587,56.69255999585132,3.993216834701858,1.327008820080257,1106.4389639901117,35
3.2986050635784654,-4.021775789194174,56.696320540421496,3.992495241698685,1.3261548197352804,1109.4023463109156,35
3.3029505072773757,-4.021463860998621,56.64326893199574,3.989352458006852,1.330527878307796,1105.1751307774257,35
3.298339031793021,-4.0264555257517145,56.73070072627568,3.995882762895597,1.327068874885986,1112.5356163611775,35
3.292682364270404,-4.02617250455843,56.88761064222643,3.996933833702461,1.3205232578557689,1126.0706428581184,35
3.293185362449059,-4.020455580491286,56.97599029541016,3.990259592349713,1.3191769123077393,1134.0857872596157,35
3.290209851898513,-4.02433159301331,57.04198573185848,3.993557799946178,1.317372748901794,1141.8590932992788,35
3.2839015797301605,-4.02754482522711,57.11757505190122,3.997091126608682,1.3112603092527058,1153.303723742078,35
3.280278062486982,-4.0259645201943135,57.16562143072382,3.995313609396661,1.3068915838961834,1162.7502671888658,35
3.27846112284627,-4.025143683373512,57.188517670531375,3.9939229405009664,1.305268175118453,1168.8465345689467,35
3.2755543318661777,-4.02736234664917,57.20669347589666,3.995589429681951,1.302703022956848,1174.974764737216,35
3.2756143599957017,-4.029766102770825,57.13741363845505,3.995586076816479,1.30367356497091,1173.8199573863635,35
3.2734174461631507,-4.024386752735484,57.22053975992269,3.991431032861029,1.300951034872682,1182.1925748811734,35
3.26784179427407,-4.026947484983431,57.33080179707987,3.99657671434896,1.29581701338708,1193.3837506487653,35
3.254811318604262,-4.037520965496143,57.49841778094952,4.009815846289788,1.2845405615293064,1210.2988153204217,35
3.247137031355104,-4.034029807244147,57.6199486739152,4.0087304948926805,1.2748438753448166,1224.8267369837192,35
3.2442323244535007,-4.025487496302678,57.75318938035232,4.0020881065955525,1.270827944462116,1236.176776592548,35
3.244965318199638,-4.010232782030439,57.93148390229766,3.9887112554136688,1.269675420714425,1247.861772870684,35
3.244429801727508,-4.004820226789354,58.12701592078576,3.985953079236971,1.2701214476898834,1258.801984880354,35
3.236618122020801,-4.022470444232433,58.25845344916924,4.004374392382748,1.2667768360017897,1268.1238740507538,35
3.229540589806083,-4.041162017342094,58.24991845084237,4.020858414523252,1.263291757423561,1271.1783387510927,35
3.223441669157335,-4.044657490470192,58.24661318905704,4.0242312071206685,1.2589439295388605,1276.9030736109594,35
3.217120642428632,-4.045084466467371,58.26593252328726,4.025805309935883,1.254636734515637,1284.410277466674,35
3.218272729353471,-4.03689583865079,58.264648090709336,4.015828652815386,1.2560407573526555,1287.5110196200285,35
3.2112775932658804,-4.030988919985044,58.421334726827126,4.014414640573355,1.2509867619801234,1302.8788652753497,35
3.19884110497428,-4.035015509678767,58.57579253936981,4.023253587576059,1.2411522640214934,1322.4998028094951,35
3.1832754261843808,-4.042508998950878,58.68819310114934,4.033916073245602,1.2292403999742094,1340.8219958752184,35
3.1685985051668606,-4.037336202768179,58.78588427030123,4.031740225278415,1.2152251738768358,1361.1936974158652,35
3.15850635341831,-4.02814159193239,58.86671295699539,4.02515261990207,1.2059274578427936,1377.2885366586536,35
3.140246294595145,-4.0274991388921135,58.98043553812521,4.029381428565179,1.1908747816419267,1399.532025957441,35
3.113971648516355,-4.033659001330396,59.08145688463758,4.041577035730535,1.1690757066219837,1425.549944684222,35
3.089599389296312,-4.045281413551811,59.0797273862612,4.0552500678109125,1.149135015227578,1440.4342911726944,35
3.0689677175108367,-4.033034628087824,59.16066603227095,4.043785238599444,1.12772176065645,1457.8221256282782,35
3.045514793662758,-4.002935286168452,59.37708346493594,4.019176083011227,1.1013020168651233,1486.6748781004153,35
3.004861729962009,-4.006876878805094,59.64258113941113,4.0284104780717325,1.0670566708891542,1517.550851248361,35
2.9379569133678523,-4.029618740081787,60.06741701139436,4.04616662338897,1.0059990682802005,1543.596310062008,35
2.84993414445357,-4.053972937844016,60.53836545077237,4.06397364356301,0.9234032901850624,1559.4834428267045,35
2.7352057653707225,-4.057743382620645,61.014800465190326,4.0594200254320265,0.8112935673940431,1573.4365447784637,35
2.587315467687754,-4.037289289327768,61.39095071645883,4.018873031322773,0.6651900227253259,1586.2745924729568,35
2.4486610555982264,-4.001884707204113,61.127794945990296,3.9811571377974295,0.5258775361768024,1595.980599356698,35
2.4141911660041013,-3.4435460317384874,60.72549163711655,3.445743470758818,0.3764373262028583,1627.4674413721048,35
3.067479096926176,-0.0979460273589284,61.545840256697645,0.1136748928290143,-0.1106173972358237,1605.5295666247814,35
3.3075722064171638,0.1497838026160133,60.46241730910082,-0.1082263028809248,-0.0266548277145918,1706.593045748197,35
3.3674975308504966,0.0442157687840764,58.6741043037468,-0.016136744808588,0.0023810789770593,1697.302444137893,35
3.411505162299096,0.0447273233553741,57.59840875905711,-0.0436842720304333,0.0372669739791978,1731.9969695831512,35
3.42859898080359,0.0785710799110519,57.1586862577425,-0.0524743240508999,0.0448605682101699,1721.7615326567964,35
3.42829837498965,0.0666833711670829,56.79080253547722,-0.0331605004368129,0.0403554432510913,1743.214803628988,35
3.4274291958842245,0.0428280601134668,56.064154484888896,0.0026920477312602,0.0130322489340407,1776.3246413010816,35
3.436148565132301,0.0214980288271928,54.99059893201281,0.0179908515664039,0.0010150188801588,1782.1755866204107,35
3.441648006439209,-0.0048159945290535,54.02253341674805,0.0336292311549186,0.0050421170890331,1769.282470703125,35
3.6536223888397217,-1.08101487159729,25.376998901367188,1.039096713066101,2.0962183475494385,1444.081298828125,36
4.058566679557164,-1.2077932432293892,22.533756229612564,0.8752580405109458,3.0167476452059216,-96.43397776285808,36
3.858282556136449,-2.3450561828083463,32.719192398919,1.8622487038373947,3.057047274377611,280.9114125569662,36
3.6155039966106415,-3.7476243774096174,38.36634222666422,3.732704470554988,1.9565353393554683,250.87181568145743,36
3.6000599463780723,-4.124169958962335,39.12339634365506,4.020457757843865,1.5659352011150784,63.82123639848497,36
3.653612777590752,-4.098780522743861,41.244607792960274,3.9912351452642016,1.6375689572758143,-1.090244293212912,36
3.693824052810669,-4.067737837632497,42.97157653172811,4.0040456255277,1.7165803412596383,-31.77160008748373,36
3.706071669856707,-4.057270960675345,44.10404825210571,4.024896442890167,1.7394728180434968,-28.93530570136176,36
3.703503131866455,-4.052001052432591,44.96903631422255,4.036154084735447,1.7364954617288375,-3.406856165991886,36
3.6954179853200912,-4.048503190279007,45.46890068054199,4.038970738649368,1.7308021783828735,25.733562469482425,36
3.687140842278799,-4.050487822956509,46.00866927040948,4.04305632909139,1.7218010326226552,52.52122963799373,36
3.675204911165767,-4.056365602546268,46.45730447769165,4.048348430130217,1.7069593535529242,78.35982343885634,36
3.67379375298818,-4.043071111043294,46.72760359446208,4.031327327092488,1.703289767106374,93.2571283976237,36
3.673262165652381,-4.040793372525109,46.930544508828056,4.028528769810994,1.7005181594027414,104.11617957221137,36
3.672141366534763,-4.039779636594984,47.12420977486504,4.026191658443874,1.6983299023575251,113.05652109781902,36
3.67195854584376,-4.039070775111516,47.38672383626302,4.024668584267299,1.695475548505783,122.51046498616536,36
3.673879543940226,-4.035201125674778,47.655785454644096,4.018961853451199,1.6928884585698445,131.89526536729602,36
3.670556705858973,-4.038633316755295,47.838997470008,4.022053334448072,1.6883173361420631,144.84265560574005,36
3.659924268722534,-4.04859733581543,48.07831621170044,4.032536685466766,1.676834061741829,163.69976806640625,36
3.6526110072930655,-4.043356193436517,48.36303072505527,4.026429116725922,1.6683969530794356,183.01901075575088,36
3.646026525232527,-4.038308223088582,48.55137411753336,4.02187524901496,1.6622695757283106,200.8028038872613,36
3.6407394160827,-4.033035010099411,48.72984838485718,4.017805606126785,1.658253404001395,215.99667867024735,36
3.643787102566825,-4.019104527102576,48.69116364585029,4.003554920355479,1.6647167917754917,218.26908026801212,36
3.631672306193246,-4.028424902094735,48.79183154635959,4.015821956925922,1.6610590227776103,232.91380140516492,36
3.612432360649109,-4.037667433420817,48.91576258341471,4.025571823120117,1.6453831791877749,258.83931477864587,36
3.5991308838129044,-4.037785864538616,48.98769439591302,4.025273501873016,1.6344350046581693,278.3095194498698,36
3.593531529108683,-4.031570659743415,49.05928972032335,4.0191842979855,1.6319025291336908,288.8226487901476,36
3.5883189886808395,-4.027342230081558,49.16238594055176,4.016064435243607,1.6313782334327698,298.96143341064453,36
3.578567465146383,-4.026793109046088,49.41751787397597,4.01785949865977,1.6247291598055098,318.0420633951823,36
3.5638284269306397,-4.029713637299008,49.701230420006645,4.022737387153837,1.611575335264206,344.5039884779189,36
3.554212083419164,-4.025309503078461,49.89637470245361,4.019472400347392,1.6036750028530755,363.9173482259114,36
3.5499502304527493,-4.0167900986141625,50.006177239947846,4.012288937966029,1.6027908043728931,374.9386444091797,36
3.5442427264319525,-4.016922791798909,50.12320200602213,4.01512008243137,1.5997405979368422,385.626234266493,36
3.5324135969082517,-4.027644604444504,50.359439770380654,4.028590430816014,1.5883948827783267,402.8087666829428,36
3.523891545004315,-4.031192845768398,50.60883495542738,4.03200223048528,1.577976228462325,417.5766855875651,36
3.523100751969549,-4.026995741658741,50.71302405993144,4.027317855093214,1.5775062905417547,421.17406378852,36
3.521779417991638,-4.026852488517761,50.74729633331299,4.02728533744812,1.5782142281532288,423.0002136230469,36
3.5172831697596445,-4.029112835725148,50.82408489121331,4.030075993802813,1.5752154017488162,429.2760052151151,36
3.5128329694271088,-4.027742683887482,51.054012298583984,4.030185838540395,1.569120282928149,440.9228702121311,36
3.508960048357645,-4.027201930681865,51.24718260765076,4.030418525139491,1.5636697486042976,452.33157602945965,36
3.502507487932841,-4.02917824851142,51.390355639987526,4.032581196890937,1.5577047334776983,464.4939303927952,36
3.4943365918265448,-4.031849135955175,51.4766538143158,4.035378651486503,1.5497567156950631,477.5970687866212,36
3.489159256219864,-4.030069092909495,51.53667243321737,4.032902121543884,1.5448960810899734,487.2004038492838,36
3.4825130187802844,-4.029400173160765,51.68434238433838,4.0334780977831945,1.5384963146514363,500.6772554185655,36
3.472913953993056,-4.0288784636391535,51.95554637908936,4.033909069167243,1.5265080233414967,523.2727661132812,36
3.4664729237556458,-4.025945603847504,52.18304920196533,4.031573295593262,1.5178269296884537,543.2754364013672,36
3.460429608821869,-4.026605546474457,52.38374752468533,4.032928890652126,1.509712944428126,561.28099738227,36
3.457701055539979,-4.027672559022903,52.47478143374125,4.033294611506992,1.506445003880395,570.3612365722656,36
3.4531242847442627,-4.029109795888265,52.60006841023763,4.034328142801921,1.501705010732015,580.9283447265625,36
3.4530989825725555,-4.023891478776932,52.67468698819479,4.027833385599984,1.5003062329358523,587.9858991834852,36
3.455224768982993,-4.019592364629109,52.74568398793539,4.023742145962185,1.5015798641575708,592.2408311631945,36
3.4492643425861997,-4.0258311827977495,52.88998897870382,4.031599134206772,1.4959991325934727,604.6145299275715,36
3.438816024197473,-4.032524678442213,53.0131311416626,4.037894540362888,1.485195368528366,621.4037339952257,36
3.430375814437866,-4.034937308894263,53.07049735387167,4.039066645834181,1.4771234061982896,633.8989605373806,36
3.422663241624832,-4.034230411052704,53.12665367126465,4.037288427352905,1.468698367476463,647.5924682617188,36
3.419866744014952,-4.034103804164463,53.08056918780009,4.035887102286021,1.465715561476019,651.9155053032769,36
3.4211843013763428,-4.029800918367174,53.1764710744222,4.0315261416965065,1.465936415725284,656.4082912868923,36
3.4208665092786155,-4.028942088286082,53.266955057779946,4.030098666747411,1.4654374172290163,662.7273483276367,36
3.4160260525014667,-4.031274676322937,53.37691513697306,4.03270243273841,1.4609305212895076,673.9464145236545,36
3.411709416243765,-4.02706774406963,53.55872090657552,4.028320925103293,1.4555071691672008,690.4570829603408,36
3.4111942450205484,-4.0194480419158936,53.67879708607992,4.019646724065145,1.4530696471532183,704.3528645833333,36
3.4093127217557697,-4.0207653641700745,53.68621950679355,4.020093007220162,1.4520872574713497,711.4561369154188,36
3.405171619521247,-4.023531688584222,53.69175063239204,4.022033194700877,1.4486235231161118,718.2812245686849,36
3.4037885516881943,-4.019951790571213,53.7634973526001,4.017180651426315,1.4467782527208328,726.2989044189453,36
3.401606639226278,-4.015899340311687,53.84720526801216,4.011535856458876,1.4441751903957791,738.0795084635416,36
3.3956334359116025,-4.016720745298597,53.942673974566986,4.01304829120636,1.437556117773056,754.6369459364149,36
3.3939011295636496,-4.011259317398071,54.146082083384194,4.009639143943787,1.4337807993094127,772.5017954508464,36
3.388777674900161,-4.012814644310209,54.37360323799981,4.010802490843667,1.4295207369658682,792.1661207411025,36
3.38392925924725,-4.011887603335911,54.523460176255966,4.008997824456957,1.4236129025618236,810.0515780978733,36
3.3795691480239234,-4.014668524265289,54.55858286221822,4.010263582070668,1.419571928679943,820.0637995402018,36
3.377517468399472,-4.0158768561151295,54.5217498143514,4.009899576505025,1.4177091386583116,822.5031517876519,36
3.37515251007345,-4.017053925328785,54.555785497029625,4.011050038867527,1.4161252536707454,826.998302883572,36
3.3661794662475586,-4.023107051849365,54.64503288269043,4.018284559249878,1.40833979845047,839.9710693359375,36
3.3564604355229277,-4.026727262470457,54.7791149881151,4.022844072845247,1.399107400741842,856.6561762491863,36
3.353815029064814,-4.024650308820936,54.80639203389486,4.016133255428738,1.3962269971768062,863.9497256808811,36
3.3521050413449607,-4.022994101047516,54.76990985870361,4.012571165959041,1.3940987139940262,868.5584615071614,36
3.349502444267273,-4.0229939222335815,54.79190953572592,4.012112538019816,1.391884959406323,875.5875430636936,36
3.344627834028668,-4.025473144319323,54.86878299713135,4.013856404357487,1.3879368553558986,886.5934499104817,36
3.3422853648662567,-4.021594484647115,54.97842280069987,4.0086003343264265,1.3842617323001225,899.9841690063478,36
3.346884684430228,-4.010332412189907,55.10259546173943,3.995345700118277,1.3859574405683412,911.159090254042,36
3.351213110817804,-4.005013412899441,55.23809517754449,3.988849745856391,1.3896506759855485,921.4112752278648,36
3.346952497959137,-4.007752895355225,55.42337822914124,3.991447493433952,1.384975865483284,940.8222389221193,36
3.344714264074961,-4.0095740755399065,55.50744024912516,3.992142332924737,1.3817809604936175,953.4359410603842,36
3.3373051948017545,-4.020835724141863,55.50053548812866,4.002775586313671,1.3761567837662168,961.2384181552464,36
3.332947591940562,-4.021248936653137,55.55245844523112,4.001184423764546,1.3713274200757344,970.4076385498046,36
3.3339403255118265,-4.012343986166848,55.66183069017198,3.9928261323107614,1.3694094725781016,981.6909340752496,36
3.338322510321935,-4.00997926791509,55.668127377827965,3.990517622894711,1.3729348927736282,981.9749501546224,36
3.336226686835289,-4.020013292630513,55.70463569959005,4.000044186909993,1.3744751612345378,981.211420694987,36
3.332585334777832,-4.020792881647746,55.784706115722656,3.998677081531949,1.3693908982806735,989.603488498264,36
3.333772796723577,-4.016958372460471,55.76769887076484,3.9929023020797305,1.3692208230495453,992.0944120619032,36
3.33035671710968,-4.015804350376129,55.876291275024414,3.9930386543273926,1.36518757045269,1004.755630493164,36
3.3284402141968408,-4.014605277114445,55.99254491594103,3.9913929535282975,1.3626822630564372,1016.6898011101616,36
3.3248544467820063,-4.0142931010988026,56.14017507765029,3.990051050980886,1.3584138022528751,1031.895484076606,36
3.321426053841909,-4.012473543485005,56.28335269292196,3.988475645581881,1.3532074987888336,1047.9823760986328,36
3.316375106573105,-4.020302765899235,56.33122078577677,3.994861099455092,1.3488311833805509,1057.8834652370876,36
3.3109037992027077,-4.026055832703908,56.352372354931305,3.9977343993054495,1.3440474362836945,1065.9087643093533,36
3.304309050242106,-4.021429538726807,56.51509221394857,3.99512791633606,1.3354188601175945,1084.3465983072915,36
3.295047407348951,-4.0244796044296685,56.74374214808146,3.999451930324237,1.325499067703883,1107.2035217285156,36
3.289857738547855,-4.028860006067488,56.79717821545072,4.000726481278737,1.3196131421460044,1118.536565144857,36
3.2903535813093185,-4.019042640924454,56.88631510734558,3.990393042564392,1.3171132504940033,1129.122329711914,36
3.2902466588550143,-4.01761261622111,56.96614742279053,3.989088667763604,1.3163488904635112,1137.2162509494358,36
3.28913342124886,-4.023312661382887,56.99390909406874,3.9927344653341503,1.315925373799271,1141.2279273139106,36
3.2898593147595725,-4.023785312970479,56.98762814203898,3.9908218681812286,1.3165180732806523,1142.9483591715496,36
3.28405442668332,-4.0241290595796375,57.11238283581204,3.993674826290873,1.310931343999174,1155.2219755384658,36
3.2803928984536066,-4.019759469562107,57.24128977457682,3.991194513108995,1.3052079147762723,1168.2027384440105,36
3.27623941997687,-4.024047076702118,57.337424437204994,3.997124666968981,1.3020458295941353,1176.219596862793,36
3.2675304313500724,-4.031244013044569,57.4851705233256,4.004842612478468,1.2944999155071046,1188.4957733154297,36
3.2621728993124437,-4.031847241852018,57.60775634977553,4.0048490564028425,1.2887842837307188,1200.9572152031794,36
3.2573981881141663,-4.034900426864624,57.633419036865234,4.007142543792725,1.285036027431488,1209.1672058105469,36
3.25082875125938,-4.029708888795641,57.74546106656393,4.004408283366097,1.2782276885377035,1224.0800365871855,36
3.246369159883923,-4.0336393515268965,57.75382518768311,4.008887430032094,1.2752771609359317,1231.029790242513,36
3.237736369172732,-4.037647038698196,57.86105831464132,4.015323470036189,1.2688466062148414,1242.4287287394204,36
3.227226893107096,-4.0367865562438965,58.067120446099175,4.017339971330431,1.2597732014126248,1260.999538845486,36
3.2170142845975027,-4.039015187157525,58.253985007603966,4.021625710858239,1.251740790075726,1279.3276273939343,36
3.211595286925634,-4.038580854733785,58.34267505009969,4.021515429019928,1.2473268806934357,1291.063496907552,36
3.2117174615462623,-4.041071918275621,58.3280188507504,4.022358427445094,1.2493055371774568,1292.5066528320312,36
3.210867875152164,-4.046587215529548,58.302481439378525,4.025252832306756,1.2515641219086118,1291.7462090386284,36
3.205584049224853,-4.034840315580368,58.45738697052002,4.016480773687363,1.2462396025657654,1307.7161331176758,36
3.199311680263943,-4.027145081096226,58.58179108301798,4.0141913294792175,1.2405004137092166,1324.3323076036245,36
3.193110831909709,-4.035505294799805,58.594522661632965,4.025141765673955,1.2373824218908946,1330.577136569553,36
3.189711093902588,-4.039437611897786,58.593470891316734,4.027150630950928,1.235685606797536,1333.1041666666667,36
3.1775071207020016,-4.041241463687685,58.71429687076145,4.0327709880140095,1.2258314001891348,1347.9088117811416,36
3.163824197318819,-4.041001286771563,58.83210113313463,4.034842722945744,1.2130031718148129,1366.1720699734158,36
3.151370843251546,-4.039491256078084,58.93034338951111,4.0348957280317945,1.2018673221270242,1381.7370859781902,36
3.132990744378832,-4.038542058732775,59.058461083306206,4.036756621466743,1.1853262848324246,1403.963155110677,36
3.116329736179776,-4.031818134917153,59.14154262012906,4.033225513166851,1.1690214019682672,1423.26964908176,36
3.10159295797348,-4.018734157085419,59.259328842163086,4.024693787097931,1.1541252434253693,1442.4126434326172,36
3.0725288805034423,-4.023932910627789,59.39653407202827,4.035525560379028,1.12968782418304,1469.145822313097,36
3.0419652726915145,-4.022301038106282,59.50134785970052,4.040398756663005,1.1016634305318196,1490.9115261501736,36
2.991973916689555,-4.028748919566472,59.82065391540527,4.0447395245234175,1.0547446136673295,1518.1066436767576,36
2.917848702934053,-4.034583005640242,60.32813411288792,4.045952419439952,0.9814639555083378,1545.8455047607422,36
2.832021526164479,-4.034496810701159,60.79434325959947,4.047371619277531,0.8999513578083783,1560.9446851942273,36
2.720425943533579,-4.037210782368978,61.29397551218669,4.0393630266189575,0.7961660623550408,1566.998545328776,36
2.576844430632061,-4.041239702039295,61.57673319180807,4.02345265282525,0.6596701732940147,1573.80714586046,36
2.450663593080308,-3.99831336736679,61.2770193417867,3.978103164169523,0.5276962088214018,1586.8156110975478,36
2.4374798387289047,-3.257951259613037,60.94696545600891,3.2595985531806946,0.3709126487374306,1634.9507751464844,36
3.055557648340866,-0.1097793181737107,61.62553914388021,0.121338638994414,-0.0756622143089807,1627.68119981554,36
3.299074487553703,0.1567829830778966,60.57749210463629,-0.1060975127749969,-0.0212153399156199,1729.5259492662217,36
3.3604882657527924,0.0465668042500816,58.77794869740805,-0.0093932614351313,-0.0001068003475667,1709.9271596272786,36
3.400668039917946,0.0409631315204833,57.78196795781453,-0.0359329291515881,0.0322934964464771,1744.62828318278,36
3.416282700167762,0.073842661248313,57.40254349178738,-0.048835831383864,0.0440432441731293,1735.195305718316,36
3.4213150093952813,0.0625085333983102,56.96277769406636,-0.0362995838125545,0.0455013948182264,1738.84809366862,36
3.435958637131585,0.0376800381475025,56.06568384170532,-0.0122882738424879,0.0277764577832487,1751.079569498698,36
3.4458451287613974,0.0111366381073213,55.09628274705674,0.009849858311807,0.0175461235145727,1757.3482343885632,36
3.454229593276977,-0.0152648082002997,54.03715133666992,0.0273398701101541,0.0204422883689403,1736.47900390625,36
3.675457239151001,-0.9968919157981871,24.892526626586918,0.959757387638092,2.07316517829895,1407.2823486328125,37
4.071597536127051,-1.168134156640593,19.82089976330737,0.7590092553959026,2.9752224325300096,-161.08176502147754,37
3.797818572371156,-2.6955116078570174,29.278313590096428,2.2298959351919745,2.8741320930160845,254.2331545102846,37
3.589010675470312,-3.8459362700268938,35.11965616933116,3.8582297121728217,1.8168671572958672,207.9357644461252,37
3.571459281694639,-4.118618198208042,36.35063435481145,4.031616314307793,1.4916895127796626,59.7033702076732,37
3.6186087448280175,-4.089822849193653,38.50695598042095,3.986484772675521,1.5816623564366694,-10.372651710793685,37
3.670088978080482,-4.058563399148154,41.01235206977471,3.9913959586536967,1.6954916765639831,-34.7301380450909,37
3.6939082979322313,-4.045349734646457,42.834191889196006,4.0097384952998665,1.7361559759486804,-29.596353250783643,37
3.700609195482481,-4.040705600818554,44.19378731467507,4.018879016796192,1.7427124276861443,-1.5367082949284976,37
3.703340905529636,-4.039444906728251,45.33627396696931,4.023581044657247,1.7385044589742913,30.566736954909096,37
3.7024061563131694,-4.04105184461687,46.25613317956458,4.027983472063825,1.7290279898610148,59.36208650282212,37
3.700966871701754,-4.036568274864783,46.8809453524076,4.021937663738544,1.7212337438876812,83.13026604285606,37
3.697127789050549,-4.03601524046251,47.2130430261572,4.0199283153027086,1.713953864324343,102.8185163911406,37
3.691139459609986,-4.038539886474609,47.51159598610618,4.022305575284091,1.7058730017055164,120.37346510453656,37
3.685105707261946,-4.037165585097733,47.726673713097206,4.020143492238505,1.6985763361403992,136.18678112963696,37
3.6806062284883088,-4.031297376939467,47.896615541898285,4.013978154509218,1.6946905084423252,149.62795006812036,37
3.674197413704612,-4.027717516972468,48.09488651302311,4.011771542209011,1.6900497349825772,164.3281983062104,37
3.6684592337041466,-4.022305718668691,48.25653537670215,4.007433234394847,1.6853487766706026,177.57864390553294,37
3.6608888135923374,-4.022721820777947,48.36257243656612,4.0096841058531005,1.6806003780631753,189.05679161231836,37
3.654135517307095,-4.022217993969684,48.45241589312787,4.009791714328152,1.675499605965781,198.1434401932296,37
3.652015767731033,-4.018965337659929,48.55620791028429,4.007893722374122,1.6765555668544103,201.112842373081,37
3.63148696105797,-4.0406890882478725,48.75506266347178,4.031559790764655,1.6589946438382557,222.6628433974473,37
3.6149749205662656,-4.045571877406194,48.92012199988732,4.034452511714055,1.6439227507664609,242.8721419114333,37
3.6031988567405646,-4.043888235425616,48.9323707527214,4.030954584375128,1.6357078577255035,257.5111647385817,37
3.5947964274799906,-4.041927944530141,49.038356807682064,4.029495489347231,1.6309394594672677,270.3389645022946,37
3.5907501157347137,-4.035528429738291,49.15527002294581,4.023251060005668,1.6294130862176002,281.26960039472243,37
3.587412183934992,-4.031299461017955,49.24444163929332,4.020056464455345,1.629937150261619,290.9053955078125,37
3.5806716305392605,-4.030496410556607,49.37709530917081,4.0206819647675625,1.6272550221089717,304.9390493539663,37
3.569525061787425,-4.032124996185303,49.50251980761548,4.0237427091265054,1.619535646238527,324.50078961565777,37
3.558200235967036,-4.033258631512835,49.633779138951866,4.025978871992418,1.6106412552453422,343.70887681654284,37
3.554348048630294,-4.022057183138974,49.80037710549948,4.015796371273227,1.608628724004839,356.9032639723558,37
3.5496310687565304,-4.017682212216037,49.82122066471126,4.013148944694679,1.6082954164985177,367.344011213396,37
3.5315479148517954,-4.031023388975984,49.965293137343615,4.029304200952703,1.5931002768603235,391.0666563660948,37
3.5270589681772084,-4.02532669214102,50.0236696096567,4.022855868706336,1.5878576131967397,400.6559589092548,37
3.5256338336251,-4.024422348796071,50.11333529599063,4.023352482935765,1.587797105729163,403.80557784500655,37
3.5198415492798065,-4.028415753291204,50.33223153494455,4.028427457475996,1.5818510655756597,414.3190781386582,37
3.513077759242558,-4.032475491503735,50.55880022382403,4.033447402340549,1.5724937273905828,427.7819960800917,37
3.512909480741808,-4.030436665861757,50.778197068434494,4.031076778065074,1.56969099528306,433.4743763316761,37
3.51474073383358,-4.023369789123535,50.95482510119885,4.024619039122041,1.572570460659641,436.8120953753278,37
3.5011129162528296,-4.0330377058549365,51.03594762628729,4.034701824188232,1.5607315410267222,455.3974498401989,37
3.4937494968200897,-4.033734858452857,51.13819341059331,4.035912300323273,1.5524102857896498,468.02034306026,37
3.4870881600813437,-4.032795922739522,51.39936769925631,4.036223114787282,1.5432964738432344,483.7258906864619,37
3.4880347935469835,-4.028593190066465,51.4857229486212,4.031449471320306,1.5419058933124676,488.9061595143138,37
3.4897836571806797,-4.02960932671607,51.50714676863664,4.032346492047076,1.5448421064790312,487.1612950038243,37
3.481395721435547,-4.040131678948035,51.61928851787861,4.044047869168795,1.5370887242830718,496.65543306790863,37
3.472993785684759,-4.042597080444122,51.762491452944026,4.045042564818909,1.5273142111051332,509.80236645678536,37
3.469422050289341,-4.038294695474051,51.84073297460596,4.040727408615859,1.5230976943369512,518.76101279092,37
3.4624993734426432,-4.040578942198853,52.02580469304865,4.044547654532052,1.5150232673524977,533.3900624521963,37
3.4556434504635685,-4.037700246264051,52.348962957208805,4.042884259790808,1.5050172130544703,554.9307229635599,37
3.451528532521708,-4.034903309561989,52.53065893533346,4.039774991415597,1.4995627228196684,570.9330926641717,37
3.44995959488662,-4.02721970231383,52.72256520411352,4.031901542957012,1.4967945305617538,585.7787599363527,37
3.449425612296258,-4.022647114066811,52.86263979398287,4.028133975875961,1.4950043838340918,598.6027669839926,37
3.4335966977206143,-4.034308997067538,53.08962978016246,4.041597322984175,1.481141523881392,625.2402787642045,37
3.4263377973249742,-4.030877723560467,53.16492456822962,4.035561985069221,1.4713287078417263,643.2599815955529,37
3.424484893158599,-4.030281713792494,53.12886543540688,4.0335527366691535,1.4701653460522632,647.5662799114948,37
3.4242857419527493,-4.028783578139085,53.12271264883188,4.030469931088961,1.469560558979328,650.1457237830529,37
3.425534763536253,-4.027210905835345,53.15591732105175,4.028403585607356,1.4709332447785597,651.7754529406141,37
3.4205177897339936,-4.030286805613057,53.25236028391164,4.03167595563235,1.4659533517344014,662.1417833875108,37
3.416560499818175,-4.030618867674074,53.31125550170045,4.031474193492969,1.4614783025288085,671.2665853433675,37
3.4139398811580417,-4.028846343914112,53.43564394970874,4.030712674547742,1.4581130951434582,681.8755010858283,37
3.402174929638843,-4.034262463763044,53.66412991076916,4.038485026859737,1.4467924566535684,705.1690614073426,37
3.392099850661271,-4.037430846607768,53.76802004300631,4.041114467007297,1.436334634160662,723.30978201486,37
3.3890140890241502,-4.03417438893885,53.81847936456854,4.035091023345093,1.4331010538381297,731.9226330310314,37
3.3941580582331943,-4.022763108873701,53.817425307694016,4.019405748460676,1.4367401749937685,733.472743321132,37
3.3968081891119897,-4.017125276418833,53.85711918010578,4.012782560361849,1.439757543843943,738.6964504001858,37
3.392296140844172,-4.017786329442805,53.96984169699929,4.014773758974942,1.4346201311458242,754.7195601029829,37
3.387449557964618,-4.022157889146071,54.0224134005033,4.019457193521353,1.430424350958604,765.268564077524,37
3.3867144801399927,-4.019914883833665,54.06202385642312,4.0155325736199226,1.42884412512079,771.2987325174826,37
3.391065150707752,-4.018005451122364,53.99396173437159,4.0119574153339945,1.4333281450338298,766.1733176491477,37
3.383744219799976,-4.02356776657638,54.124386207207095,4.018817151343073,1.4277557017919902,778.4141546929632,37
3.37491211190924,-4.023345133641383,54.31255244541835,4.019407485748505,1.4177923786056623,800.1933243758194,37
3.372637760389101,-4.014341904566838,54.52688251842152,4.0111251610976,1.412829970980024,821.2360967889533,37
3.3698720481845883,-4.01659331288371,54.6184104972786,4.011837702531081,1.4108967614340615,833.3707224172311,37
3.369884015796901,-4.013914164963302,54.66537270179162,4.006897226080194,1.410410574266127,839.6716692731096,37
3.3742101525926924,-4.0070932495010485,54.702858718125135,3.997331270804772,1.4132568469414344,843.2103058074738,37
3.3756075072121785,-4.010285514217991,54.61691084108153,3.998941834989961,1.4156617067910575,840.4655147098995,37
3.368903165097003,-4.017489473302881,54.66221386569363,4.008891912607046,1.4100458396898283,848.8992382129588,37
3.3591889234689565,-4.024378813230074,54.78467178344727,4.0180266086871805,1.401683889902555,862.7569298377402,37
3.351802435788241,-4.02200664173473,55.0169545953924,4.01513502814553,1.3935627070340242,883.6879106001422,37
3.3463129630455604,-4.020119466981687,55.16917931616723,4.011712314365627,1.3869017145850442,902.82443642783,37
3.3419712623516165,-4.022486319908729,55.18862677620841,4.012075797661201,1.3826601030109646,913.0097276380844,37
3.3384443796598,-4.024373861459585,55.19869370893999,4.012312182179698,1.3797520624174104,919.710685676628,37
3.334016593186172,-4.0245940201766,55.30134867954921,4.011156215534344,1.3756752055841726,932.0666102696132,37
3.3364903143235853,-4.01503401536208,55.37656501289848,3.9988096827393647,1.3748142519197264,942.4217059795672,37
3.339617432414235,-4.011516951180838,55.461116337276,3.9943500565482175,1.378086008392014,949.7892059112762,37
3.335089098323475,-4.01139153633918,55.65860935024448,3.9953423380018114,1.3720011544394326,970.1607085541413,37
3.3390610618191165,-4.008475437030926,55.68768358564044,3.991314691263479,1.3747092768862532,973.2059526776934,37
3.339924715615653,-4.0100423306018325,55.77151758687479,3.992272130259267,1.3761711812519526,977.5539072743662,37
3.333147250688993,-4.020020558283879,55.84475355881911,4.001939186683068,1.370523526118352,987.1854341947115,37
3.329575652009124,-4.022228951220746,55.85333465362762,4.002920664273775,1.3660795972063826,993.0159907841182,37
3.323005709614787,-4.024980264943796,55.95542825018609,4.006255750055914,1.3600679919436265,1005.297753820886,37
3.315833806991577,-4.025249134410512,56.12097306685014,4.0062997124411845,1.3520232113924893,1023.559453790838,37
3.313344298542796,-4.02439838689524,56.20257453651695,4.001360966609075,1.348421660336581,1036.0470730441434,37
3.3102801546350227,-4.024966590054385,56.24118812934502,4.00004103467181,1.344993083627074,1047.0692966701267,37
3.304615811034516,-4.024546003008222,56.36412824617399,3.9998210210066576,1.337995736749022,1064.2125508768577,37
3.3054750899334886,-4.020273655444592,56.44128257911522,3.99440692854928,1.3373950936577537,1073.7702056244536,37
3.300453227716726,-4.026312731362723,56.54684261508755,4.001131171113127,1.3329463138446942,1085.3367450420674,37
3.300115660353974,-4.030284641505955,56.5306442367447,4.00148816542192,1.3323201291211002,1087.186781236342,37
3.307251393378197,-4.021474114664785,56.49204875705959,3.9894247988720872,1.337518075129369,1083.6951562841457,37
3.3054290551405687,-4.019406942220835,56.62718758216271,3.987427766506488,1.3363789136593158,1095.195772611178,37
3.2998834940103383,-4.017218159628915,56.7946296105018,3.987629543651234,1.3290134851749127,1114.2155667818508,37
3.295528523571841,-4.014169376213234,56.96187844976679,3.986047126196481,1.3230761381296012,1131.28824471427,37
3.290418354781357,-4.015175272534777,57.11976551509404,3.9884788306443006,1.3170153152692567,1147.0205632990055,37
3.2836599433338725,-4.024071286608289,57.20864529376264,3.996736628192288,1.3107920451597734,1158.2475176190997,37
3.2788363586772573,-4.025381998582319,57.270729064941406,3.996278307654641,1.3054346171292392,1167.7944557883525,37
3.274413113827472,-4.0165518147128445,57.424675414612246,3.9895819533954966,1.2988444033202593,1184.2745711319928,37
3.2652408526493955,-4.027461325372015,57.495514796330376,4.002720596073391,1.2910542638151796,1196.0932233050153,37
3.2613172414419536,-4.027599711518188,57.5687439391663,4.002366819581785,1.2868757206243235,1203.468401715472,37
3.25599901492779,-4.032194601072298,57.67377674662984,4.006300872856087,1.282969769064363,1212.6914207618554,37
3.250167149763841,-4.040031859924743,57.71217842368813,4.014166881988099,1.2785714973102915,1219.4814837262347,37
3.242801116063045,-4.044726261725793,57.80147845928486,4.018105213458721,1.2735467690687914,1229.6557898888225,37
3.2357322286058974,-4.044216482789366,57.88197702794642,4.019852911675726,1.2671336885932445,1242.559220320695,37
3.2302330340538825,-4.048130258813605,57.91138863730264,4.023789629235968,1.264162597122726,1249.5636122910294,37
3.2241304287543664,-4.047459525661869,58.005526082499046,4.024466981420984,1.2600629404708223,1260.1167854362434,37
3.2130535749288707,-4.045453975250671,58.21469612388344,4.026759781203904,1.2512387570801315,1279.8254496967877,37
3.203649899342677,-4.04620364329198,58.3810106557566,4.029245219864212,1.2438689195192778,1297.3237944916411,37
3.2011450120619127,-4.050995183157754,58.381352164528586,4.031553798622185,1.243210185657848,1301.9699024120412,37
3.200145027854226,-4.049683614210649,58.3615309975364,4.028566707264293,1.2437355409968982,1305.2023703835227,37
3.1950314878583788,-4.051623094331968,58.356143311187104,4.032449502211351,1.241140780749021,1310.797825099705,37
3.1885699192127146,-4.036712536445031,58.50609593958288,4.021149315200486,1.233924755683312,1326.7880833765844,37
3.1788968306321363,-4.02881974106902,58.71937232917839,4.018913352406108,1.224974824832036,1349.0656499262457,37
3.165600373194768,-4.0323620942922735,58.8509154686561,4.026922079233023,1.2138555324994602,1367.6402775691104,37
3.149183104921888,-4.042412547798423,58.942316388750406,4.0394393247324265,1.2011076345310343,1384.2715962016498,37
3.127925697740141,-4.049782999745616,58.99929764220765,4.0468687277573805,1.1832436214793811,1402.3453266704,37
3.101970240786359,-4.025108597495339,59.20923363745629,4.027700941045802,1.1557495985831414,1437.7868131624234,37
3.0644448503747688,-4.014913679002881,59.41815940483467,4.027051005330119,1.121623120107851,1478.812015133304,37
3.03227827265546,-4.025341157312994,59.4796475230397,4.043513581469343,1.0954712020767317,1497.584348025022,37
2.989802520591896,-4.018299472915543,59.67629898177994,4.039147116921165,1.055907186928329,1524.520339645706,37
2.9249604715333954,-4.008426422839398,60.11128733708309,4.027885467022449,0.9920021991629704,1556.9068654733935,37
2.839477919198417,-4.016072316603227,60.65010548304844,4.027560033998289,0.9111372445013146,1575.372796758905,37
2.725327383388174,-4.0458782369440245,61.14788090098988,4.047252741726962,0.8086752512238256,1577.2434414950285,37
2.5857807372833466,-4.074908449933245,61.38297653198242,4.059147741411116,0.67922349367942,1569.1212106984813,37
2.460587996702928,-4.049118775587815,61.11886244553786,4.028838487771841,0.5512018066186176,1574.3369516225962,37
2.428217849531372,-3.471298604578423,60.89593529867959,3.466787868446421,0.3949399634257917,1618.9602767837628,37
3.0459845766320965,-0.1800057333666008,61.34240453226583,0.198569507031996,-0.1035751140305243,1588.8781004152104,37
3.3119644818606075,0.1603772636060114,60.25829712660996,-0.1115060596095098,-0.0453279992448283,1692.0580994932802,37
3.368674550023112,0.0432478435389647,58.58329428826179,-0.0146295735091492,-0.0061591678930747,1691.0146569738854,37
3.416464410461745,0.0407388839688332,57.38644518552128,-0.0404376753872922,0.031332360411232,1714.629625867297,37
3.4410578904452023,0.0759849819270046,56.79219380625479,-0.0500932043561569,0.0392173730045348,1697.8605018028843,37
3.4467328011572778,0.0666641901423047,56.26425680413946,-0.0315048893509836,0.033426997675137,1724.609299026169,37
3.44815630679364,0.039743789009281,55.534062632313976,0.0028570707129489,0.0141758128114931,1763.336465048623,37
3.451614629972231,0.0142255652878253,54.56297115512662,0.0187498762864957,0.0054392357441511,1775.028712132594,37
3.460703421305943,-0.0115120268420323,53.57685051764641,0.0276386444359184,0.0130703275489223,1748.5231045809658,37
3.4727280139923096,-0.0366505980491638,52.86851119995117,0.0541270300745964,-0.008315522223711,1731.33154296875,37
3.653879642486572,-1.0701217651367188,25.419374465942383,1.0274724960327148,2.0874669551849365,1447.3853759765625,38
4.055371375794106,-1.2153788669734982,22.997733880442084,0.832160473715329,2.9967226694661675,-87.81137758620241,38
3.842258465205524,-2.417467091945892,33.50459273318027,1.922380766970046,3.012237701010197,318.4271551903258,38
3.605905893001151,-3.814756951433547,38.46266945372236,3.808146750673335,1.897779507839933,246.63105189546627,38
3.5959553228202443,-4.144304001584966,39.20153070003428,4.0344849579723165,1.5452701825622126,64.73557665669327,38
3.658136902126015,-4.098830206174377,41.37875239054362,3.988084137017,1.6389322509156896,-6.477106476506423,38
3.691914284482915,-4.0750655823565545,43.29328277263235,4.014085191361447,1.7141657940884854,-29.682413547597037,38
3.690273142875509,-4.063962554255276,44.32190022570022,4.035034270996743,1.7220135834200163,-12.792256916668384,38
3.6873029698716833,-4.04467913445006,44.87028979578762,4.029537251655092,1.7237462794527094,11.668438170818572,38
3.6857796729879175,-4.038735683928144,45.50262069702149,4.029666332488365,1.7258857285722773,37.5330249705213,38
3.682126836573824,-4.037796683345281,46.14675318941157,4.029754614999108,1.7176042279453143,64.47829499481415,38
3.681934304271184,-4.029626755004234,46.39630438080916,4.019441161595338,1.715301697981273,81.35766498755056,38
3.682084316902973,-4.027693160036777,46.49474066876351,4.01715759520835,1.7164516499701967,90.65561351370305,38
3.680573799931411,-4.034853532804665,46.76390860266719,4.025470618660568,1.7129923139058103,98.4192334438892,38
3.674251250341429,-4.045429043736018,47.06680327611612,4.035787957779904,1.7032015188365963,109.704063307309,38
3.669924304840413,-4.0469710370327565,47.40273731312853,4.034945406812303,1.694436103739637,121.90223190632273,38
3.665942961442555,-4.044813612674145,47.6600247376354,4.029691571039511,1.6866282647383128,136.47636218781167,38
3.661311075197044,-4.046588495268044,47.8854963153812,4.030640551384459,1.678721307017279,151.49281743908605,38
3.655895172281468,-4.050300912654146,48.06881884311108,4.0341699985747645,1.6710107808417465,164.89963969778506,38
3.65002730214004,-4.051136946847253,48.22768621241793,4.034333929102472,1.6657047347819551,177.4231646382217,38
3.642736903319122,-4.046755215800401,48.40703604407344,4.02928438254282,1.6611378877720937,194.0994090628116,38
3.6348720053409007,-4.039101316573772,48.51513777387903,4.021442179984235,1.6560788053147335,213.24549865722656,38
3.62694114658004,-4.037572529299039,48.57266965825507,4.0214633332922105,1.6521700231741503,228.491950826442,38
3.613357134744631,-4.041302657296471,48.77258068111772,4.026699617399392,1.643344888450406,249.99427189387325,38
3.6012004791422094,-4.032821919055695,49.11477385175989,4.01872136745047,1.6330335469956094,277.6672623005319,38
3.5988485136776105,-4.020134770278389,49.14274921823055,4.006782531738281,1.6338989633194945,289.7928769808289,38
3.589569419833785,-4.027092565035989,49.3642160672668,4.018384460016345,1.6283084610675245,305.92352771082665,38
3.57944466712627,-4.025212582121504,49.67448100637883,4.017324356322593,1.6208980108829254,326.25411402925533,38
3.570662681092607,-4.019648352413313,49.735624597427694,4.0119198670624,1.616544171428004,342.7097064079123,38
3.5700842894560902,-4.010178386742342,49.693545510582894,4.003535280836389,1.6200339295339925,346.8041178385417,38
3.565822124481201,-4.012210287946336,49.74829385635701,4.0081263603048125,1.6210077113293586,352.1944943691822,38
3.553392474532973,-4.021170433531416,49.93732898793322,4.019377681380468,1.6098863224611215,369.7839156346963,38
3.545867625703203,-4.022517721703712,50.19112044530557,4.021585420513829,1.6001446864283675,384.5986864888076,38
3.540995308693419,-4.023499620721696,50.29441654935796,4.0225906676434455,1.597225711700764,391.80595495345744,38
3.5330062538174025,-4.022961958080319,50.50742846008734,4.022921984922801,1.5900357437471972,405.7883473930629,38
3.5312284763823163,-4.0147632368912936,50.664703747904895,4.015646745127143,1.588466241004619,414.78628431820704,38
3.52114319294057,-4.020096545523786,50.8792287136646,4.023106848939936,1.57894706979711,432.43778050199467,38
3.5125156362006003,-4.022037431703391,51.046390560501855,4.025482975844795,1.5694010113993435,448.56225412788126,38
3.5098122552777014,-4.021199463107061,51.23224545201512,4.026058947786372,1.5644204853274295,457.7698697570368,38
3.5028942290772784,-4.02474881233053,51.43604643801425,4.029410859371754,1.5584122170793249,469.8925911112034,38
3.4914630727565035,-4.030570906104771,51.52573908812611,4.035499207516934,1.5467357280406546,486.5387291874445,38
3.478187697999021,-4.039414483604702,51.62496967180401,4.04370697508467,1.534166155131996,502.36823938248006,38
3.4706134694687862,-4.03588091058934,51.7759003334857,4.039816836093334,1.5246807514353002,517.1136708361037,38
3.469232383349263,-4.031284467548344,51.96610222133339,4.035776726743008,1.5208197485470605,527.6136621786347,38
3.4672009708188103,-4.031045693877741,52.08300659504343,4.035327387194261,1.5182407071404422,536.0360964511303,38
3.469011235744395,-4.025777045716631,52.319747275494514,4.0316099207452005,1.517096443379179,544.9696824094083,38
3.4630621849222387,-4.034793968741775,52.365872863336655,4.039965683686818,1.5129052248406918,553.0327087835217,38
3.451920111974081,-4.036914984385173,52.62082036336263,4.042921702067058,1.5011901060740154,574.0040283203126,38
3.448173781658741,-4.0280616029779965,52.77032300259204,4.03296723264329,1.4944817563320727,591.5220947265625,38
3.448247970418727,-4.024474867692231,52.74124104925927,4.027690014940627,1.495335992346419,596.5548632466201,38
3.4515715473932578,-4.01988922957833,52.70986567828672,4.02227894803311,1.4987475694494046,596.2864669908023,38
3.4491948574147324,-4.02332563603178,52.78280047152905,4.026703509878605,1.4969984140801935,602.6122631316489,38
3.4417858292870487,-4.027657437831797,52.95543895207398,4.032350458997361,1.4880332473322009,618.6303581075465,38
3.4329300484758742,-4.032106159426641,53.15284187912096,4.037727984976261,1.4784534341054605,636.89579524047,38
3.4238207390967834,-4.036018544055046,53.17580462516622,4.039456925493606,1.469234565471081,649.5174898188164,38
3.4264441449591456,-4.030684758585395,53.119272921947726,4.032265832238164,1.4715175400389002,647.0948417068373,38
3.422484445233717,-4.030232754159481,53.27555325014372,4.03269543208129,1.4674481635398051,658.4120955230497,38
3.41674046313509,-4.030263809447593,53.37622281338306,4.031617529848789,1.4616672282523298,672.3910249750666,38
3.4070929466409887,-4.030271371205648,53.58376436706976,4.03309133205008,1.4514553056541064,695.6984802678967,38
3.4017975871444595,-4.027679223540827,53.67833117221264,4.02899831744796,1.4448591428445583,712.461180774878,38
3.399416061157876,-4.027977811529281,53.64879275382833,4.026979263792646,1.4432681976480688,717.691642598903,38
3.39728452973332,-4.029309844294338,53.57561768876745,4.026383886946008,1.4419160548676837,718.7895317348183,38
3.39113117786164,-4.03260449483885,53.65169333058891,4.031605842265677,1.4365107142333444,728.3361279643174,38
3.390790401621068,-4.025022811078011,53.81362687780502,4.022522561093594,1.433311903730352,741.1463649019282,38
3.3988403360894384,-4.018214523369539,53.787116003374685,4.01315479075655,1.441415157723934,736.9335651803524,38
3.3901668491092978,-4.0266487919692455,53.920355018994485,4.023768539969803,1.4346400271070765,751.7974368697362,38
3.380812071739359,-4.027804283385581,54.04738056913335,4.023680768114455,1.424896481189322,770.5984717835771,38
3.379574662404703,-4.022514569843914,54.0438807061378,4.016355419835301,1.4223173248006942,778.6925689480829,38
3.37213582180916,-4.0279179295749525,54.09309032791895,4.02341142613837,1.4163591227632888,790.3468467766511,38
3.36710867475956,-4.025362471316723,54.26931851975461,4.019289371815134,1.4110313755400636,807.1702491273272,38
3.3638808727264404,-4.020568509473868,54.43235405455244,4.014354198536974,1.4060694951537651,826.0162795046542,38
3.365183542806206,-4.0142191352573695,54.56079134028008,4.008170158305067,1.405633272008693,838.8994521553635,38
3.368248127876444,-4.013934074564183,54.615772571969536,4.005389183125597,1.4094790372442692,841.7927505817819,38
3.368957059603211,-4.015387196912833,54.6073312421217,4.005401834528497,1.4104103052869756,842.3080838250776,38
3.3641459350044847,-4.021012431340861,54.62279337348667,4.011575178051672,1.4065941005733842,847.7451145902594,38
3.359530068458395,-4.022970645985705,54.62067648705016,4.012743493343922,1.4020164241182045,852.7975295046543,38
3.362674838262247,-4.012546891016318,54.76064676595918,4.002008556474185,1.402992625608512,861.8899289394947,38
3.3591053418233887,-4.015459226378312,54.86811760976805,4.004755855452085,1.4000572371990123,874.7051482504987,38
3.352922911339618,-4.01831096283933,55.00177561983149,4.009060433570375,1.3938294978851968,890.4911213326961,38
3.351083774093195,-4.017254592679072,55.08791697617118,4.005289284050042,1.3916126996912854,900.247760312777,38
3.348450983669741,-4.017977873484294,55.12992288034859,4.004352228015873,1.3888529184016776,908.9341383047982,38
3.3419704335801144,-4.020388866992707,55.240718354570106,4.007526438286964,1.3825010847538075,924.1559383311172,38
3.3399667520049614,-4.017071801719936,55.3447454195496,4.002809074753565,1.378997210915207,936.9454285100842,38
3.343470495643345,-4.012294728705224,55.37761953367409,3.99584506420379,1.3812329997407629,941.0427968992408,38
3.3453010954755418,-4.008720590713176,55.47182602578021,3.993258663948546,1.3824035766276908,947.863570842337,38
3.33972641085902,-4.014001660313166,55.66972115699281,3.9997760860632496,1.378051629303195,963.6177013207836,38
3.332522448073042,-4.023077802455171,55.71157422978828,4.006001283091011,1.3710406528297046,973.98826869667,38
3.3330579920017973,-4.021553749733783,55.62583054887487,4.000930157113583,1.3705211395912982,973.068832072806,38
3.3319736643040434,-4.0192473830906215,55.65758709197349,3.9976244412415416,1.3691719271612506,979.678652932458,38
3.3259608238301377,-4.022885877189907,55.75229669124522,4.001891268060563,1.3636212281301512,993.4415265888188,38
3.321655998838709,-4.020087972600409,55.924749090316446,3.999194743785453,1.3580034793691431,1011.1536086062168,38
3.317845552525622,-4.0148978977338645,56.160249858883255,3.995327604577896,1.3521083001549363,1032.5942642536568,38
3.319116717534708,-4.009763778524196,56.315949703784696,3.987474801692557,1.351079728586454,1046.1341293010305,38
3.3155590980610947,-4.015464376895986,56.43500332122154,3.992116370099656,1.347987433697315,1058.9413594996677,38
3.299220005671183,-4.031898498535156,56.61539077758789,4.010770320892334,1.333083669344584,1082.0107828776042,38
3.284005384918646,-4.0404946246045705,56.76827456426959,4.019498811545947,1.3165195064341768,1103.8026529947915,38
3.280535910991912,-4.0395669531314935,56.80975009025411,4.01527242457613,1.3115668525087072,1113.136365525266,38
3.280999518455343,-4.039311990670279,56.79057187560602,4.010769045944755,1.3117885073871478,1116.537847857103,38
3.28372826305687,-4.033886239883747,56.79505511885839,4.002710301825341,1.3137073457663786,1120.4464249847629,38
3.2854241563918745,-4.030057054884891,56.84003773141414,3.9986690308185335,1.315187913306216,1126.2515921085435,38
3.283529000924834,-4.030126476964207,56.95595442318747,3.999662106764232,1.3137907483053546,1136.4215737200798,38
3.2769281204710614,-4.034103535591288,57.120163477904406,4.004582036471536,1.307872882126071,1151.9924628075134,38
3.269174925824429,-4.033680601322905,57.2962437893482,4.007832730070073,1.2990816806225067,1169.4667371384642,38
3.261851594803181,-4.034154536876272,57.497982430965344,4.008676447766892,1.291936937798845,1187.1601701019504,38
3.259463944333665,-4.0364035308783786,57.54183870680789,4.010176851394329,1.2889880001122225,1195.670425739694,38
3.257745514524744,-4.044922361982629,57.5013344947328,4.015696058882043,1.2899350485903152,1195.784652385306,38
3.2541292795898222,-4.046223931278743,57.53504559672471,4.016564568729265,1.2872742668111274,1202.2488277787013,38
3.249718463167231,-4.043578337270318,57.64824630520868,4.015302330044144,1.2837819706463645,1213.2352866314827,38
3.243621658771596,-4.038705531586992,57.83603408488821,4.013684901785343,1.2777770174310563,1230.7014861411235,38
3.2382595792729805,-4.042742512750287,57.9280671464636,4.0193133658551154,1.2744280657869704,1240.4953041888298,38
3.2331349562245904,-4.038219282813106,58.107842898537925,4.016274093736148,1.269979220755557,1255.0417367921652,38
3.22974541846742,-4.048004292427225,58.12452949361598,4.024077242993294,1.269412672266047,1260.658195333278,38
3.2246497861037016,-4.053942961050264,58.08936896899068,4.028502122730228,1.267081563354384,1265.3761003643062,38
3.22058484740291,-4.038425685666131,58.18620359813068,4.018303303008384,1.2612113648272576,1277.7633472199136,38
3.2170310629175063,-4.033596262018731,58.34321983824385,4.014506106681012,1.2589329607943271,1291.160083527261,38
3.2109479819629207,-4.037613060457487,58.42545388945451,4.020679162749162,1.2547028825638142,1302.229476604056,38
3.2012558084853158,-4.043626846151149,58.486549485659765,4.029262099705689,1.2470014501125255,1313.796283694869,38
3.194016527622304,-4.043125791752592,58.52660321174784,4.030191178017474,1.24025966512396,1323.091246259973,38
3.188537636547224,-4.044321672290775,58.575683756077545,4.031639274975932,1.2361796122070745,1330.1730688649711,38
3.1778333474558296,-4.04871008582149,58.64952877396387,4.036557566189597,1.22734974631181,1342.0125143713983,38
3.1662124877280378,-4.033125775925656,58.84120470412234,4.025769761268129,1.213980370379509,1364.7992592669548,38
3.15226548276049,-4.036534184259726,58.95456895760611,4.032462782893621,1.202253482865949,1382.6782962447362,38
3.1446408498371747,-4.03557839292161,58.99097981013305,4.031444387233004,1.1947142595940448,1391.839103536403,38
3.123756454346028,-4.044045580194352,59.088523377763465,4.043660376934295,1.1785843270890255,1411.1501516788562,38
3.091163491526394,-4.035243517963599,59.25553964384904,4.040717392103047,1.1480418122406548,1445.7258742312165,38
3.052523410066645,-4.03164867306432,59.42158094365546,4.041277236126839,1.1141157809724196,1480.5933179922986,38
3.003641290867582,-4.013501238315663,59.707214436632526,4.023179896334384,1.066341514283038,1519.9594778507317,38
2.9312537511189776,-4.0219179214315215,60.23767563299084,4.02935629702629,0.998885985384596,1554.3223452737143,38
2.8456986407016185,-4.046439252001174,60.67284506939827,4.053583344669207,0.9196700419940002,1562.8859153368794,38
2.7263317767609943,-4.019572410177677,61.25177050651388,4.016312416563643,0.8029218163896117,1585.551648728391,38
2.586390043826814,-4.054492635929837,61.54559964660212,4.036550572577943,0.6793104211489365,1573.3165439037566,38
2.4505573181395843,-4.08928175513626,61.16436908261996,4.068482892733094,0.5477315572136692,1568.0488921902704,38
2.4164143876826527,-3.4987837000095925,60.78278902743725,3.4958024684418856,0.3784094230925758,1617.305170586769,38
3.114511197340405,0.0399798505695178,61.63505213311378,-0.0145220056585727,-0.1750502748058191,1624.2749300476514,38
3.308474327655549,0.1374838170430336,60.48834988749618,-0.0991001958225632,-0.0234680493091437,1709.7508103390958,38
3.370953463493509,0.0392861099953347,58.573988975362575,-0.0111914266178265,0.0059238803037937,1691.9448683718415,38
3.417525046260644,0.0482615820059538,57.44999640715038,-0.0403119700280486,0.0378683953156284,1719.2196555712544,38
3.444910651403116,0.0795194464372404,56.77750975696753,-0.0510924355463779,0.0467639810385855,1704.8329766456116,38
3.458631140120486,0.0691249890530361,56.087588939260925,-0.0375942888253544,0.0420011539567023,1731.8810983211438,38
3.465743988118273,0.042391223687652,55.28968462030938,-0.0074194984325596,0.024774771606457,1767.7500424215982,38
3.4647177195718104,0.0125085796883447,54.43947301012404,0.010190294811119,0.021391852078497,1780.8005829939605,38
3.4678921699523926,-0.014814912341535,53.57750701904297,0.021555358543992,0.0253496579825878,1763.870849609375,38
3.674138307571411,-0.976407825946808,25.066598892211918,0.938581109046936,2.050323009490967,1424.217041015625,39
4.072298288345337,-1.1499199330806733,20.438705825805663,0.6440321534872054,2.940924894809723,-132.7457576751709,39
3.7798439502716064,-2.827129483222961,28.66203804016113,2.283778357505798,2.83536057472229,250.94210052490232,39
3.556811547279358,-3.975148212909698,35.037933921813966,3.988550496101379,1.7248682200908665,206.9029136657716,39
3.556205987930298,-4.164326190948486,36.90350494384766,4.068404579162598,1.4488183975219726,68.3007911682129,39
3.626657247543335,-4.098018169403076,39.742013931274414,3.9874146580696106,1.5765377283096311,-10.452595233917236,39
3.680823683738709,-4.065588474273682,42.60010871887207,3.994583082199097,1.6994958996772769,-26.44754714965821,39
3.701863539218903,-4.050847244262696,44.30319156646728,4.010982537269593,1.7329883992671966,-13.3669075012207,39
3.717390775680542,-4.032284069061279,45.37381591796875,4.008144092559815,1.7483988761901856,4.278380203247067,39
3.726556122303009,-4.026036787033081,46.157731437683104,4.009389209747314,1.7562376856803894,24.51250534057618,39
3.719742894172669,-4.037112951278687,46.85288619995117,4.0246007442474365,1.7438058257102966,55.5716667175293,39
3.7056774616241457,-4.040798306465149,47.20069217681885,4.026376104354858,1.7242895007133483,88.86527252197264,39
3.70021858215332,-4.0318474769592285,47.37147598266601,4.015178966522217,1.7180112838745116,108.98181915283202,39
3.6870251893997192,-4.037650036811828,47.65657386779785,4.022561740875244,1.7044299721717835,133.74155578613278,39
3.6736958503723134,-4.039402103424072,48.00796699523926,4.025197792053223,1.6886696696281434,158.84510803222656,39
3.667561173439026,-4.032075881958008,48.263495445251465,4.017961382865906,1.6801623702049255,175.19862365722656,39
3.666881847381592,-4.020736408233643,48.31020965576172,4.006173038482666,1.6819905519485474,181.17062072753907,39
3.658364188671112,-4.024098300933838,48.39965686798096,4.011578869819641,1.6788918554782868,191.4661651611328,39
3.652115321159363,-4.021055459976196,48.48006706237793,4.008612489700317,1.6754764914512634,200.06358947753907,39
3.641108417510986,-4.026643872261047,48.50862808227539,4.014854621887207,1.668846958875656,211.24787902832028,39
3.6303088665008554,-4.031948089599609,48.63950347900391,4.0210065841674805,1.660199761390686,223.38270568847656,39
3.622761046886444,-4.0325809717178345,48.70622844696045,4.020870757102967,1.6535072088241578,233.12298889160155,39
3.608651351928711,-4.044929790496826,48.711717224121095,4.033526515960693,1.6450407028198242,245.36543273925776,39
3.5987223863601683,-4.043574714660645,48.978193855285646,4.031528282165527,1.6350010931491852,262.4924255371094,39
3.602115726470948,-4.026512908935547,49.161347198486325,4.014579200744629,1.6396713256835938,268.60402832031247,39
3.5935015082359314,-4.0329848527908325,49.32356357574463,4.023584842681885,1.634238362312317,285.32196044921875,39
3.585351848602295,-4.035886621475219,49.60140838623047,4.028327226638794,1.6253817200660703,303.84453125,39
3.585153102874756,-4.025891566276551,49.65451183319092,4.017276930809021,1.6289916634559631,309.73936157226564,39
3.5681228637695312,-4.030569934844971,49.80959854125977,4.023640155792236,1.6195783376693726,334.7480712890625,39
3.559367001056671,-4.0214420557022095,49.89520511627197,4.015558981895447,1.6114117562770844,355.00665893554685,39
3.556326746940613,-4.01713228225708,50.07187271118164,4.01459527015686,1.60920512676239,365.8179321289063,39
3.544081437587738,-4.0277259349823,50.39476852416992,4.028387093544007,1.597361731529236,386.1368041992187,39
3.532381582260132,-4.032114791870117,50.67326354980469,4.032996273040771,1.583781862258911,406.7941650390625,39
3.5312003612518312,-4.028565549850464,50.7390604019165,4.029036831855774,1.5820238530635833,411.137548828125,39
3.526634120941162,-4.036819219589233,50.82293128967285,4.038360166549682,1.580241906642914,413.7715209960937,39
3.514957427978516,-4.039513349533081,51.17853260040283,4.041746377944946,1.5665250420570374,434.2928161621094,39
3.510173797607422,-4.033389568328857,51.28443832397461,4.034696388244629,1.5624239921569825,445.6728515625,39
3.502750015258789,-4.031660747528076,51.21756858825684,4.032238340377807,1.5586879134178162,455.7902099609375,39
3.5061468362808226,-4.023445796966553,51.28143539428711,4.026211595535278,1.5613373875617982,456.8786743164062,39
3.4955762147903444,-4.02761402130127,51.68237819671631,4.033211159706116,1.550181806087494,479.7736938476562,39
3.487976312637329,-4.02140474319458,51.88715362548828,4.025897026062012,1.540605902671814,502.1346435546875,39
3.4862073063850403,-4.017017388343811,51.724054145812985,4.019966387748719,1.5414430260658265,507.03859252929686,39
3.4931720495224,-4.01428632736206,51.61059303283692,4.019282388687134,1.547180926799774,499.2502563476563,39
3.4923454403877257,-4.0276466608047485,51.767453956604,4.034301328659057,1.5463906526565552,497.9693481445312,39
3.4810173511505127,-4.041276836395264,51.93448562622071,4.046894836425781,1.53414888381958,510.209326171875,39
3.472094774246216,-4.045602321624756,52.003071784973145,4.04985785484314,1.5236029028892517,520.7022094726562,39
3.4673141717910765,-4.047035217285156,52.02261543273926,4.050403881072998,1.5187292098999023,525.1200561523438,39
3.461711406707764,-4.046316146850586,52.12605094909668,4.0493087530136105,1.5128872871398926,534.1453979492187,39
3.4550538539886477,-4.046375370025634,52.18025131225586,4.048929500579834,1.5059640884399417,545.3516845703125,39
3.452278232574463,-4.044860482215881,52.32175884246826,4.048832297325134,1.501205724477768,555.3476257324219,39
3.443670868873596,-4.049600839614868,52.51155281066895,4.054037809371948,1.492498815059662,571.2156982421875,39
3.43710595369339,-4.046956777572632,52.64502716064453,4.050005269050598,1.4854386508464814,586.2567749023438,39
3.435064172744751,-4.039147663116455,52.73551406860352,4.04153470993042,1.4823715209960937,598.3362304687499,39
3.437799060344696,-4.030145692825317,52.82627353668213,4.032553791999817,1.4836797773838044,606.5023864746094,39
3.429854416847229,-4.035826206207275,53.01055679321289,4.040433311462403,1.4772015929222106,624.5022094726562,39
3.4221551418304443,-4.032068490982056,53.26718425750733,4.037225008010864,1.4665721654891968,649.6796875,39
3.4149640560150147,-4.0305482864379885,53.537445068359375,4.03851432800293,1.4585700273513793,674.8331787109375,39
3.400171720981598,-4.040413451194763,53.67332267761231,4.047679424285889,1.4447163105010987,698.909765625,39
3.3964058637619017,-4.042973136901855,53.49803161621094,4.0447179794311525,1.4423543453216552,696.534814453125,39
3.395544254779816,-4.040397930145264,53.390502548217775,4.03947811126709,1.4416755795478822,693.8424499511718,39
3.3970515727996826,-4.037837982177734,53.28543472290039,4.034285068511963,1.4440248012542725,689.5157470703125,39
3.39639390707016,-4.028779554367065,53.48363838195801,4.025175094604492,1.4424676656723023,703.4435974121094,39
3.390172076225281,-4.025081825256348,53.71161994934082,4.022472238540649,1.4349261283874513,729.4936157226562,39
3.3843823432922364,-4.020683240890503,53.95242195129394,4.018426704406738,1.4275565207004548,757.0146911621093,39
3.389831018447876,-4.009908771514892,54.03338241577149,4.005044746398926,1.429927158355713,767.880419921875,39
3.392695367336273,-4.009135842323303,54.13644790649414,4.00553035736084,1.4334460198879242,774.9065551757812,39
3.385917377471924,-4.016184139251709,54.31820449829102,4.012883996963501,1.4282906651496887,791.2031982421876,39
3.379252982139588,-4.018113780021667,54.38382358551026,4.012664556503296,1.4211290538311006,804.7149108886719,39
3.375502395629882,-4.016284942626953,54.4206787109375,4.009751987457276,1.4167232513427734,815.1312255859375,39
3.3730720043182374,-4.014896535873413,54.45668697357178,4.0078846454620365,1.4134175658226014,824.4896057128906,39
3.372028231620789,-4.019318342208862,54.40166473388672,4.010682821273804,1.4143967032432556,823.254638671875,39
3.3643393516540527,-4.019632005691529,54.59665355682373,4.010128736495972,1.4073167979717256,841.9924804687498,39
3.354113960266113,-4.019260406494141,54.77762069702148,4.009274101257324,1.395444393157959,868.8554199218751,39
3.3632693529129027,-3.998923778533936,54.90279674530029,3.9861984252929688,1.3994030475616457,880.8269927978515,39
3.3644729614257813,-4.0057008266448975,54.92858123779297,3.992217016220093,1.402907705307007,885.6940002441406,39
3.360577702522278,-4.01767897605896,54.81518363952637,4.003161072731018,1.4010531306266785,882.4430541992188,39
3.3584921836853026,-4.018110942840576,54.84425659179687,4.005412864685058,1.3988627195358276,883.7670776367187,39
3.3537624001502992,-4.022465085983276,54.9204023361206,4.011498522758484,1.3949142813682556,890.1631042480469,39
3.3482097148895265,-4.026789426803589,54.976742553710935,4.015599489212036,1.3905667424201966,895.5480773925781,39
3.346374976634979,-4.0199525356292725,55.13286094665527,4.009009456634521,1.386638629436493,908.12109375,39
3.345860004425049,-4.01820182800293,55.22431945800781,4.006434917449951,1.385826587677002,916.6182861328124,39
3.3456480860710145,-4.019188094139099,55.23113994598389,4.004810428619384,1.3858160018920898,919.49521484375,39
3.347218918800354,-4.015774917602539,55.23742599487305,3.999487161636353,1.3862579345703123,922.53037109375,39
3.3488737463951117,-4.016556072235107,55.16309776306152,3.998796653747559,1.388075053691864,920.1017395019531,39
3.350481653213501,-4.0119579315185545,55.257470703125,3.993990278244018,1.3891502380371097,926.3396972656247,39
3.3441741466522217,-4.013401985168457,55.47278881072998,3.994883120059967,1.3829974234104156,947.9952239990234,39
3.3363016843795776,-4.011242341995239,55.72945098876953,3.994004654884338,1.3726330757141114,977.4545410156248,39
3.331909954547882,-4.013770127296448,55.830398368835446,3.992312717437744,1.3677864789962768,995.1742401123048,39
3.329170274734497,-4.012748527526855,55.88627014160157,3.989271926879882,1.363801860809326,1008.4698364257812,39
3.3258347392082213,-4.006435298919678,56.11091194152832,3.9831501245498657,1.3583952844142917,1030.7681213378903,39
3.3228365182876587,-4.006716251373291,56.28396987915039,3.983453273773194,1.35357666015625,1049.9932250976562,39
3.3171624064445497,-4.022467517852783,56.26016330718994,3.996761095523834,1.3503069281578064,1054.5476379394531,39
3.3098100662231444,-4.028367328643799,56.2816635131836,4.001522541046143,1.3429416418075562,1062.376416015625,39
3.3058672904968263,-4.020721030235291,56.47049446105957,3.995771431922913,1.3363985002040863,1078.6624389648437,39
3.3053399324417114,-4.019014167785644,56.57102584838867,3.992594575881958,1.3346800804138184,1087.7750366210937,39
3.306089758872986,-4.014970064163208,56.68554210662842,3.988313794136048,1.334131270647049,1095.7994689941406,39
3.2980130672454835,-4.0253496170043945,56.822750854492185,3.998433971405029,1.3273741483688355,1109.8618896484377,39
3.290138375759125,-4.035544300079346,56.82531089782715,4.007453560829163,1.319729632139206,1118.3175720214845,39
3.285129928588867,-4.032884740829468,56.89315605163574,4.005794048309326,1.3136192560195925,1127.7654052734374,39
3.2814488530159,-4.0282903671264645,57.04413871765136,4.002463364601136,1.3090854346752168,1140.1685058593748,39
3.277193069458008,-4.032497882843018,57.190731048583984,4.003976345062256,1.3059561252593994,1152.4586181640625,39
3.2765620946884155,-4.026565194129944,57.25187282562256,3.996572768688202,1.303231155872345,1163.260772705078,39
3.2723937749862677,-4.029355335235596,57.30772705078125,4.000841069221496,1.3002585768699646,1173.2943725585938,39
3.266269659996033,-4.030647540092469,57.38709774017334,4.002452278137207,1.293850409984589,1184.9967834472657,39
3.271328020095825,-4.020308876037597,57.4368392944336,3.990453815460205,1.2976764678955075,1189.1056396484375,39
3.26592618227005,-4.036045432090759,57.404479026794434,4.00446891784668,1.2962838113307953,1192.2063293457031,39
3.2585298299789427,-4.033240604400635,57.50518150329589,4.00365514755249,1.288264906406403,1205.7340209960937,39
3.2547759413719177,-4.02535228729248,57.63305435180664,3.999209177494049,1.2831544518470763,1219.0577575683594,39
3.246839475631714,-4.028366470336914,57.81112899780273,4.004806327819824,1.2766781806945802,1234.786328125,39
3.236367690563202,-4.0409432888031,57.90625381469727,4.018231463432312,1.2686282455921174,1247.3900939941404,39
3.232222080230713,-4.035404920578003,57.97597503662109,4.0137786865234375,1.2636398077011108,1256.2662963867188,39
3.228239572048188,-4.042223405838013,58.03212013244629,4.018577766418457,1.262983602285385,1262.5861328125,39
3.223651123046875,-4.048384475708008,57.99458312988281,4.023396587371826,1.2606175661087036,1266.3428955078125,39
3.217317318916321,-4.046438145637512,58.0395227432251,4.024397611618042,1.255701196193695,1274.6206787109377,39
3.206895136833191,-4.045118236541748,58.237470626831055,4.025824165344238,1.2477161049842835,1292.851220703125,39
3.1981780529022217,-4.036111354827881,58.41597843170166,4.020731806755066,1.2386801838874817,1313.24951171875,39
3.190884876251221,-4.033800792694092,58.56490783691406,4.0219066619873045,1.233395266532898,1328.3603759765624,39
3.1830629110336304,-4.048850965499878,58.56961174011231,4.035038661956787,1.2292626798152924,1334.1855712890624,39
3.181638479232788,-4.044104671478271,58.55509643554687,4.029840040206909,1.227562654018402,1335.4806762695312,39
3.172241795063019,-4.029011964797974,58.786214637756345,4.019562983512879,1.21831790804863,1355.8241088867185,39
3.1525845527648926,-4.042973041534424,58.97183609008789,4.036794185638428,1.2036720514297483,1379.3984375,39
3.1322980880737306,-4.0534971952438354,59.037014389038085,4.047485375404358,1.1864594757556917,1398.235772705078,39
3.1110971450805662,-4.040132904052735,59.16242485046386,4.036621761322022,1.1654309272766112,1423.7472412109375,39
3.089593970775604,-4.020929193496704,59.3078052520752,4.024224638938904,1.1441090345382692,1451.6356140136718,39
3.0592780590057376,-4.01938762664795,59.46467971801758,4.027299880981445,1.119777631759644,1479.5608398437496,39
3.0093937516212463,-4.024387001991272,59.70749092102051,4.033241629600525,1.076618194580078,1516.9730834960938,39
2.9441570043563847,-4.026889705657959,60.13744888305664,4.035262966156006,1.013110220432282,1547.5576538085936,39
2.868709135055542,-4.011348485946655,60.66469306945801,4.019739365577697,0.9365251243114469,1565.2433776855469,39
2.7782842159271244,-3.9746166229248048,61.313323974609375,3.97822847366333,0.8493654370307925,1576.6671142578125,39
2.652436447143556,-4.020630931854248,61.76883678436279,4.009010076522827,0.7441443622112286,1564.2626892089845,39
2.4991679191589355,-4.048508405685425,61.56479835510254,4.023966312408447,0.5960555076599121,1577.2499389648438,39
2.42389370203018,-3.5781569123268326,61.07709465026855,3.5664796829223824,0.4155938982963589,1626.650061035156,39
3.1154825687408465,0.0086599707603508,61.7582290649414,0.0255154728889412,-0.1569460436701781,1625.278979492188,39
3.304173123836517,0.1336654245853429,60.70529193878175,-0.0987582698464399,-0.0169894047081471,1725.161218261719,39
3.3674864292144773,0.0378139853477479,58.68311271667482,-0.0119600837118922,0.0073965959250923,1699.3742919921872,39
3.4158616065979004,0.049332857131958,57.50358009338379,-0.0428060963749885,0.0378916673362255,1719.480438232422,39
3.4449790954589843,0.0787803769111633,56.77247467041016,-0.0538544848561287,0.0482978992164134,1703.8984375,39
3.462291789054871,0.0688154458999633,55.96028900146485,-0.0387392892502247,0.0399782888591289,1730.3390930175783,39
3.467967486381531,0.0411428093910218,55.19490470886231,-0.0063542189542205,0.0230113439261913,1770.143908691406,39
3.464908313751221,0.0081105837598445,54.364585494995126,0.0116848045960067,0.0215970329940318,1781.365594482422,39
3.4693472385406494,-0.0186216216534376,53.49043273925781,0.0242047850042581,0.0235293321311473,1760.1422119140625,39
3.661338806152344,-1.0830016136169434,25.02686882019043,1.044341802597046,2.115585803985596,1414.4583740234375,40
4.050079647585642,-1.3350521737723042,20.74863846868062,1.0973857546881804,3.070200125948131,-170.11944327594563,40
3.8314302670869895,-2.4548491865610904,31.468055093888758,2.187173965165941,2.9247433470307493,247.31205584848524,40
3.631605175759295,-3.6595102385651295,36.72202226926954,3.659814994112193,1.9231578583339997,160.18915025450343,40
3.609077174028904,-4.0452597604381095,38.481871707833925,3.946264745520173,1.6026137672739922,43.76922127154235,40
3.6655240299032745,-4.057633266174536,41.09370043637941,3.964592923363336,1.6748759583603563,-15.40266777971664,40
3.700475238210006,-4.052213795751118,42.91096814930868,3.999716204704998,1.7343584016072664,-36.5729391797841,40
3.7066294838198655,-4.055338801239892,44.158096286032695,4.028176890860358,1.7432439258630328,-22.198839338563342,40
3.70701955205245,-4.051734649877754,45.317408801840365,4.036465342953909,1.7376512194708955,6.760606494738887,40
3.705179440889427,-4.044243757673304,46.19042666867482,4.031702923260147,1.7316241495900877,38.2185146688557,40
3.703986668758255,-4.035951521756838,46.77290525367792,4.02175817901282,1.7264174703213808,65.95581469089863,40
3.704842545145707,-4.031762003041,47.16841833540004,4.016391496864154,1.7213318390811947,86.06657985989138,40
3.7028516385195065,-4.034888281239023,47.428238601135696,4.019257480292011,1.7171601125662277,100.84735738630776,40
3.698749264367193,-4.0349279307633,47.70010148192481,4.018251192655495,1.711426797530634,116.02436109584012,40
3.69260090203594,-4.033631588915269,47.87492362372309,4.016047903102079,1.7047170271976388,131.9723492080359,40
3.6843441064409217,-4.03306442713566,48.00209468045681,4.016118876368022,1.6973536589162812,148.3491670896681,40
3.674361306128742,-4.036782347041068,48.15197869170484,4.021959671871268,1.687219452514923,164.2237332570467,40
3.6683599966035474,-4.028398167315147,48.15387160486455,4.012533225601525,1.6852612375355454,174.09620666503906,40
3.6616842009180735,-4.027721981350466,48.3855352882001,4.015553145099887,1.6811127328186584,185.01949293836407,40
3.6482771231973774,-4.033678408149335,48.67932757370764,4.02274263162407,1.6689469917215032,204.16645329976248,40
3.634161124126517,-4.0367740555632885,48.82846662123426,4.025132885939783,1.6566853917759958,223.1832717785732,40
3.622386462396855,-4.038260326111059,48.863868356608656,4.0258634587843645,1.6481583289962878,237.327318260138,40
3.613125962319134,-4.03696940442641,48.8548432494239,4.023483399864581,1.6442459178485458,247.61360388007952,40
3.604563131606836,-4.034112100120929,48.88462785679659,4.020755486522647,1.6414303650958932,259.3846558495391,40
3.59532521611495,-4.033222726780734,48.993971159132265,4.020972111242281,1.6358119926864294,275.17585326270233,40
3.5898533587833104,-4.030125419012935,49.18456597636929,4.019659824508557,1.6315411998213625,289.35864082171764,40
3.584362004300673,-4.030537385734723,49.465698104968176,4.022310658324536,1.6271897897445895,304.2644438160409,40
3.5675313953015446,-4.039160296213713,49.539165469382304,4.030459486323295,1.6149033102200183,327.80344835459755,40
3.5639705091929264,-4.032394409179688,49.57402332223577,4.024270246354796,1.613431392813758,335.7603750983588,40
3.5567467572877733,-4.032355116425658,49.7211837494116,4.02578479094471,1.609578956802972,348.0521573951776,40
3.55145773956244,-4.026796611950552,49.9707776899818,4.021951702858904,1.6051137335866474,362.7301921158385,40
3.5417622027637288,-4.026805164145051,50.18296808476071,4.023562246089359,1.5971911159350718,381.86400576804175,40
3.534073004619681,-4.025831030427123,50.37440342525784,4.0244647890543765,1.5894942823931468,398.2419591670413,40
3.5313518802039057,-4.02176052889378,50.56918494135356,4.021712814303611,1.586564383060812,408.1426870222572,40
3.5252552581348007,-4.02323459035201,50.795620842803295,4.025079353250188,1.581442032786582,420.97018849763936,40
3.515262574600659,-4.026997490752515,50.97285766052685,4.029377076265623,1.571210925527614,438.3481840504159,40
3.5090247572754785,-4.0277561215188005,51.01817664825659,4.029588277391393,1.5658714230969657,447.9483704052383,40
3.505013807214421,-4.02686672073474,51.14282734274006,4.030035763335743,1.5623485904803378,455.8865422310589,40
3.496335271451113,-4.029884695149154,51.45458048539196,4.034763284724393,1.550709516024418,474.8004519236173,40
3.488312374773643,-4.0348220008740325,51.58090138606888,4.039181959714821,1.5419662256035016,488.36100670245054,40
3.4806224373604757,-4.040638652636851,51.570283135064216,4.043480794206798,1.5349636343743305,495.9398983742693,40
3.481769407395836,-4.0390202192951445,51.43564660600621,4.039986521220036,1.5376688567854515,490.191063750562,40
3.478194867964272,-4.041945313378204,51.50750249409847,4.043456739658932,1.5346177816390991,493.5573098162095,40
3.478118345891829,-4.036725250079478,51.60691965226647,4.037625199599232,1.5332334410372397,498.6064145753709,40
3.475270302175618,-4.034176672105309,51.8471008136118,4.0372141728298265,1.528939703385607,511.2283909200764,40
3.467675064965118,-4.035691885639437,52.05442005953343,4.039312263186887,1.5198637512948017,529.9512535479428,40
3.460880394462201,-4.036704725498776,52.15924909303514,4.040171149823306,1.5125832634864094,544.4542297802383,40
3.456821693790902,-4.034537126692079,52.228777713912855,4.037261520358299,1.5082786889384976,554.7717776950315,40
3.4498682022094727,-4.03752625074318,52.31327701815599,4.041302293324642,1.5012251747597891,567.4113945171987,40
3.4430265495245407,-4.039577871775456,52.51545314651599,4.044355958485775,1.4914354643375751,583.9082654774618,40
3.442028316662466,-4.038230477477149,52.68265146488766,4.042907889798391,1.4892133808822083,592.7013308298674,40
3.438308559733329,-4.037815289531681,52.79034808042238,4.040927797770329,1.4850005631824192,602.8277060968412,40
3.4454504603104628,-4.025085322290874,52.84600810867419,4.0273305186264805,1.490959434200534,603.12126763433,40
3.4364867570588915,-4.034019233511506,52.97042684760883,4.038350400307196,1.4831206404047903,618.756092098977,40
3.429133027577572,-4.0347315390333,53.11849698402899,4.038747797767035,1.4748901428936196,635.240357323516,40
3.421867374035952,-4.034259291861555,53.22136819962975,4.037356493284377,1.4676480764965358,650.8450725747526,40
3.415541595692257,-4.030363038289461,53.3712821795786,4.033209423367068,1.4604028429058815,669.4564867637139,40
3.4114174139585427,-4.023968158008383,53.56961586492525,4.026994640021015,1.4544533825606751,690.452684141749,40
3.411905053708193,-4.018110841298275,53.676091667559504,4.019837842570792,1.4534016650357693,703.394287109375,40
3.4123505190979664,-4.017078128650034,53.75469070544346,4.01850143267954,1.454253164126719,710.9206191687275,40
3.40847670088569,-4.018502684805891,53.8790718737266,4.019862679268816,1.4505690670699525,723.3886060097234,40
3.4004259658374374,-4.024002922524651,53.92852091617721,4.023970085939915,1.4438712631198145,735.7632951256182,40
3.3968786095543733,-4.021398667808917,53.86864383615178,4.019163913864026,1.4386484039773186,741.9470451958746,40
3.404099167679711,-4.016716816442476,53.80986453817903,4.014835289056353,1.445504624208958,734.4884226407936,40
3.3974281249286458,-4.026980959254203,53.8950145639104,4.025827816064409,1.4418499504061912,740.633547556486,40
3.388284304159151,-4.026155289986151,54.08235119058074,4.024300376288325,1.4318965561955954,760.3262807722571,40
3.3841358260285084,-4.02138583094096,54.16473781119148,4.018598467325993,1.4260376863342394,775.7679390667154,40
3.381531615909055,-4.016504510701132,54.30405810239504,4.0132108214947815,1.4228258596049796,791.696726407936,40
3.381301063427822,-4.009481097296845,54.47530356757075,4.005735922202789,1.4209498964625298,808.5181463227855,40
3.3811660035908653,-4.011531925887512,54.4832896225744,4.005441384349796,1.4213081666891525,814.4063439677946,40
3.3786362315253387,-4.01387807105085,54.50360626110928,4.005623975246072,1.420113266800805,819.8263106311825,40
3.374049713285707,-4.013505180962651,54.56925407245005,4.005582075324847,1.4143664185091749,832.5907825497414,40
3.369104690688977,-4.015890807556591,54.63867464683039,4.006613944074233,1.4102733504000329,844.0729743353753,40
3.3643642483855323,-4.014242738270931,54.75103027014424,4.003078422958045,1.405097674980438,859.9797503793841,40
3.35680244809432,-4.014875103243821,54.90763124973654,4.003496228362159,1.3970195852595269,882.1862165053113,40
3.348737267281512,-4.01613864624243,55.09329942662081,4.004715024138526,1.3885320047680425,906.2681533484148,40
3.3429071680247358,-4.015667335592585,55.26669992131295,4.003473261277453,1.381985401078094,927.4252319335936,40
3.3402273603480497,-4.014005225339382,55.410475065382265,4.000295813992727,1.378353719231036,943.7516448755058,40
3.339561640787468,-4.019060958203652,55.32965129056423,4.000962418617962,1.3784413612146171,943.6820810441492,40
3.3422584893892138,-4.014908979264952,55.296482223400965,3.9945603291765392,1.3800104967981792,943.0881672591614,40
3.3481372431885426,-4.008188316290327,55.30682691395712,3.987245463638855,1.3843121931707258,942.8808075609824,40
3.345438922909524,-4.015745210990631,55.35682195210628,3.996973415072873,1.3835951158468671,947.373335804013,40
3.338237781318829,-4.0227322784259165,55.47298475306669,4.00337420264594,1.377843725595543,958.4007344417436,40
3.330127719494936,-4.023713574992667,55.62916263058889,4.004049980383125,1.368855616171583,976.9805442755172,40
3.3256389168526628,-4.017805651795093,55.79971220167421,3.998108201747318,1.3616785754402765,997.304221612944,40
3.3285930791347145,-4.009695011934788,55.914922810286924,3.9875855668843214,1.3623497297437928,1008.946316725916,40
3.331616823621791,-4.008607047924892,55.96768375094846,3.98424300529974,1.3650945725200845,1014.4413311635848,40
3.327259271264934,-4.014484635359949,56.05832392191715,3.990095850375059,1.3609671223935464,1025.9447003920302,40
3.322971460630568,-4.019801719583196,56.091185425682895,3.993956619029423,1.3568121615073665,1033.820054308116,40
3.3199441655934288,-4.021266532458848,56.11478042602539,3.993713534993233,1.3534814985535986,1040.9210169949977,40
3.3133408491560026,-4.027030128369228,56.15009148686909,3.999568078157713,1.3476582551174028,1050.351011866288,40
3.306832311822356,-4.025412998611121,56.31488070042013,3.9982037990213297,1.3400130383402324,1067.7054970281588,40
3.308860892014538,-4.018242431201523,56.379858963781125,3.988582393248304,1.339684147628949,1076.3453149589702,40
3.3013871144905367,-4.030709767513138,56.41415064969509,4.001297612842039,1.3347401112961257,1085.2660166788444,40
3.295244894439368,-4.031459804919126,56.49964786776536,4.00054862001817,1.3278374731969491,1097.363101218244,40
3.289813640306322,-4.029456996231628,56.62643808598141,3.997945065120999,1.321741147007016,1112.9730654929183,40
3.28535374119985,-4.02350795869347,56.767851411009865,3.995217261554526,1.3144334614705695,1129.911926708633,40
3.2866605563129454,-4.019844278157186,56.88231807132419,3.989495476372808,1.314560631196276,1138.7887112185251,40
3.286493385438439,-4.021127416075562,56.95497109392564,3.9901323764444254,1.3144818758793015,1145.3152680980215,40
3.2778292199690564,-4.025802667192418,57.12183673776311,3.997068091262159,1.3050483422313663,1161.531852447729,40
3.2776289878131672,-4.020396225744015,57.21075431219965,3.990265269931272,1.3031734228134155,1170.4171792448851,40
3.2761702263097967,-4.014928930954968,57.29898397871059,3.9850116667987634,1.3006997991808884,1180.517129362916,40
3.2726471990132504,-4.0049830169128855,57.50344258589711,3.97899564736181,1.2950737270519888,1198.4155475424348,40
3.263981127910477,-4.021928831827726,57.55384961135096,3.996312348962688,1.2891650054094603,1208.3684661645682,40
3.253989727377034,-4.030752209450701,57.60531089288725,4.005954049474044,1.2797677448327591,1218.2966431542266,40
3.2552593509070307,-4.019757325700719,57.63478217365073,3.9936495804958208,1.2785248121769308,1222.960342956104,40
3.25480555287368,-4.02170543533435,57.67626261539596,3.995002067346367,1.2796776097455471,1226.300735583408,40
3.253735041446823,-4.021204660264708,57.72261749926231,3.993151712760651,1.279127386834124,1231.4239282402202,40
3.249936119257975,-4.028232011863653,57.715858459472656,4.000953890436844,1.2773928650849158,1235.2759333548786,40
3.2363119382652448,-4.041639465222255,57.80330410964197,4.017611441852377,1.267365506227068,1246.7562229513264,40
3.221231522319986,-4.042021813152505,57.99902373938252,4.022025523425864,1.252752949865602,1268.312780146976,40
3.214886145626041,-4.036873416077319,58.11588641379377,4.01785636805802,1.246928734745053,1282.36251194357,40
3.2105990571083782,-4.037765904296216,58.16480606408428,4.018379067345489,1.2447117850077238,1290.6352038486398,40
3.2059620250043253,-4.036829392687023,58.20833884040229,4.018429763025517,1.241864023448752,1298.5306905842513,40
3.20003430791896,-4.02956100505033,58.358539059865386,4.014510027796245,1.237227052235775,1312.5171996192107,40
3.195365238532746,-4.025528276566979,58.50950639024913,4.012089489175262,1.2339638214317157,1326.210350859937,40
3.1915665633386845,-4.031314366155391,58.55034519442552,4.018615897610891,1.2326866782826489,1332.3548338087342,40
3.188276335489836,-4.034819805364815,58.56649514067945,4.022628931690463,1.2314247870616777,1335.620998025798,40
3.176758387105928,-4.041325514265101,58.67064825922465,4.031025231313363,1.2236790468366885,1348.6257710628372,40
3.1555766201705384,-4.048695255526535,58.79911164757159,4.043013140451994,1.206732000378396,1371.4618279985384,40
3.1340554909740423,-4.034656370286461,58.96346667173097,4.032713800883122,1.1853741355937164,1400.7201375618251,40
3.111528352010165,-4.0301793221947095,59.10460369192439,4.034111345414635,1.1659302797248898,1428.0238326916588,40
3.0822636549421354,-4.031827504686315,59.216796573117485,4.039778074772238,1.1408655634886928,1454.3250530435027,40
3.0456657872783195,-4.017632244302215,59.41339544941195,4.030815467560034,1.1061207424822472,1490.109922120897,40
2.998621324841068,-4.000433688541111,59.68268489151549,4.018301929501321,1.0626262546443257,1529.7190424418277,40
2.9302185542291883,-3.9967313378834897,60.154164705345096,4.011854195766312,0.998637665947565,1564.6891273114318,40
2.857888455013577,-4.01511623876558,60.66570589353712,4.026204078317546,0.931998050041336,1567.699151128316,40
2.7575426273208734,-4.035081688448679,61.200071019234414,4.038112386525106,0.8403067447298727,1567.285193134555,40
2.6389018957563453,-4.061977592303599,61.558756766559405,4.052541091287736,0.7305426498968833,1550.9383975241683,40
2.512005720207161,-3.984379342991672,61.53833559434191,3.963360450250641,0.5917560200897066,1577.1089069174343,40
2.4235218548946245,-3.7002546341299274,61.12733377141061,3.68477026164104,0.4548284636555841,1614.4221937879374,40
3.118533206500594,-0.0376146315670737,61.62658938401037,0.0703385961141554,-0.1511333725220862,1597.4133379819575,40
3.3114854894953663,0.1270162334545062,60.60500670508517,-0.1013287298863751,-0.0171169996422401,1708.0414520922327,40
3.3701283468616947,0.0345198426315256,58.64344952260849,-0.0168416568835219,0.0069044063256366,1698.750194961218,40
3.412458987544766,0.0477420327474738,57.592833567008704,-0.0435138496456383,0.0389492835769119,1726.861059394672,40
3.4327465595958904,0.0748089710585505,57.02489331471834,-0.051578876086705,0.0466922974254158,1716.5463015329924,40
3.443942754388713,0.0558944233029867,56.29805053052285,-0.0320898930696276,0.0371130488598518,1739.5911101197166,40
3.453310812119957,0.0292660005712253,55.410892212133625,-0.001242314790302,0.0208978805449799,1762.119249522257,40
3.4610759954658343,0.0037886239889771,54.37569756816618,0.0136098812381139,0.0188789966134286,1756.925957768941,40
3.4683501720428467,-0.0230002980679273,53.48404693603516,0.031112128868699,0.0173988752067089,1735.4342041015625,40
