Feature,Mean,Std,Min,Max
Voltage_measured,0.5432335851302642,0.17835933358389675,3.755206464806093e-05,0.9999522033292956
Current_measured,0.5681712882007893,0.30555141422514187,0.0006666194599865,1.0
Temperature_measured,0.37075040950272514,0.22238333712569175,1.0908112482756865e-05,1.0
Current_load,0.5885053251363264,0.23044332296401704,0.0,0.9987153149503764
Voltage_load,0.43208355514764585,0.2561071039656981,0.0,0.978205425457918
Time,0.26069193039521743,0.19856280492391978,0.0,1.0
