Feature,Mean,Std,Min,Max
Voltage_measured,3.4039561039494055,0.4645052803519926,0.1927377074618698,4.542325338701548
Current_measured,-1.7157045890512619,1.2410416927371413,-4.038689988316118,0.0144411758716125
Temperature_measured,26.772624903994792,14.644463115425467,2.9054707242079343,69.86974573152932
Current_load,1.5832389340055548,1.397259249335327,-2.0,4.099
Voltage_load,1.8258189481761076,1.1250478012075351,0.0,93.31372549019542
Time,1601.1957241771806,1227.7117630519663,0.0,6574.671
