Voltage_measured,Current_measured,Temperature_measured,Current_load,Voltage_load,cycle_idx
3.975507259368897,-0.5209129452705383,36.43121719360352,0.4501655697822571,0.4321499168872833,1
3.880613574010883,-2.597914715726932,52.65297712680108,2.697637211062951,1.8100591176998115,1
3.7708473976500736,-3.669858911080275,50.85864120757508,3.708362099653233,1.794850863382488,1
3.7863309212073593,-3.5496506876574303,46.76816001480925,3.595508071476828,1.9595647365033269,1
3.767261320959308,-3.7057358204961535,45.24868242183845,3.746148530594603,1.9196741395367836,1
3.6754561983896585,-4.072623921011736,46.28539161910554,4.1016464147739065,1.7089071766345088,1
3.63911869997036,-4.118384121420855,48.427107736736,4.123840186410321,1.6427209898383317,1
3.7024509378536017,-4.076907175029823,49.05336734063612,4.088502127253367,1.7256578321228484,1
3.7302095361812384,-4.1895248761434045,46.38170194340324,4.216825770760725,1.7124822732217295,1
3.71173674189402,-4.0188632468263545,45.26473829988948,4.033511655773231,1.739599364246437,1
3.727444453153781,-3.8494966115780223,45.40023646097697,3.84651403655549,1.8088226089934387,1
3.765229931848492,-3.704004056439428,46.18274713847452,3.700692804987559,1.920097757242397,1
3.772845295374979,-3.624045176420383,48.00447578201751,3.6153390550327873,1.978647820963831,1
3.745416495614423,-3.6090828558642,49.57276270061196,3.590195782884152,1.9585145119421496,1
3.74457284504782,-3.9693541555347553,48.56985617540554,3.9612259265191536,1.8127645725261667,1
3.6734597097613855,-4.18973808231468,48.10326374076797,4.192769638792483,1.67327891281265,1
3.5321382919471422,-4.405157805916792,50.67095154630923,4.423896869499526,1.4401980231622025,1
3.4547487789999223,-4.433087702996716,50.111976509322666,4.462496537648276,1.3500582950557776,1
3.526165442552395,-4.1573262528745,47.32235185543221,4.167791098177791,1.5086114742084888,1
3.6285184828821055,-3.871428009992589,45.82999034127789,3.874353620106589,1.7197349214268298,1
3.710906322844728,-3.773980075013852,46.7371533102618,3.77758152185086,1.8563790649711012,1
3.776262631673299,-3.7667784933558486,45.72719932601838,3.7653389405347633,1.939536867027511,1
3.794576465012784,-3.581570362616442,43.50664652750164,3.5641698380430302,2.0029121301845163,1
3.667475140737203,-3.899975830923296,43.92720340112012,3.89631030088413,1.7985778397428789,1
3.4775666776531478,-4.285550494393903,47.77139745929284,4.283778970113057,1.4502651612915678,1
3.4676314570946607,-4.0095249064668215,49.319165760885454,3.957414245891001,1.5162631758672749,1
3.495946542945451,-3.860363205036004,49.55458199049898,3.8145080826239672,1.5913797681203146,1
3.518718475353218,-3.527060915610035,49.729022317303865,3.4775493858817117,1.715531022962695,1
3.52851119298421,-3.51100299743835,49.6667172323444,3.481172051972257,1.7563613303407226,1
3.4682361765536007,-3.9967758355740295,48.83163511538934,3.9839272242106354,1.5458259082839878,1
3.49008693380984,-3.9824138344404942,48.32364307335037,3.9516034526025465,1.5712939436564186,1
3.637887012458846,-3.8154452132607655,48.32294786190558,3.790712249493172,1.7869117217149548,1
3.746266869013895,-3.980766873159807,46.91119448724622,3.999017601241608,1.8542801641418551,1
3.65169029035968,-4.216257306630026,42.84901626952394,4.252934590071261,1.6399530129518338,1
3.5594584342248425,-3.871008818734906,44.01451245610585,3.8474951104489623,1.658037058607547,1
3.569996626791126,-4.064149825158947,46.1742579294536,4.048487569043736,1.599004169424137,1
3.515284341252493,-4.260259128616241,48.30987519132876,4.256634692232051,1.5016767714551829,1
3.428444796693539,-4.305116193737099,51.04555632539852,4.306741745885975,1.3847029294796331,1
3.5517948373349126,-3.7998138116505342,48.81028242739376,3.7735186793847006,1.6752252849990017,1
3.5338656416910137,-3.799510985791326,46.33729646876901,3.7893375179724775,1.664195137109585,1
3.4008631063792527,-4.039388805092451,46.997910231173385,4.034596431755019,1.462507270053476,1
3.3243191384983635,-4.323836851976588,49.22570933267741,4.336226560398489,1.2970815889849636,1
3.3927111183097973,-4.447469565682784,50.781035097773206,4.476193259576125,1.3304708503677454,1
3.468133663702868,-3.807572967278031,48.38775027155163,3.776368712236783,1.5824083432465963,1
3.444294778172841,-3.7193445759619066,46.25461194615164,3.711888428933606,1.5982899201844267,1
3.401997439161746,-3.9116933217305623,48.233264603300704,3.891453458877381,1.494546133601023,1
3.476276427685857,-3.806432575522783,49.9146565420185,3.767530579766828,1.612320950645172,1
3.5571637681858266,-3.841389686047674,49.1563460755491,3.808373546885873,1.687844554107346,1
3.554214343339383,-3.814365778140679,45.90704482758117,3.7944606007216217,1.6805433941458514,1
3.473848809739073,-3.9475084564643,43.83118993793419,3.939205433794125,1.5751806825934769,1
3.414881590597644,-4.284888718656435,47.05252509202784,4.287366718589187,1.4099279106734048,1
3.467422899371849,-4.336682088360815,49.29866418438757,4.334411909480295,1.4343313878167887,1
3.4690435946344618,-4.304143728610284,50.30810110583277,4.309958894809563,1.4330169276562994,1
3.452567237579894,-4.1824448665459,50.70476317262935,4.177167301406404,1.4299372356095,1
3.471216931314525,-4.036993543544929,49.511792325688,4.023065726914092,1.4932840020356777,1
3.4691615447312776,-4.085652194337216,45.27321291255381,4.098457496323271,1.4958024132037593,1
3.4197501822146115,-4.305411124657728,43.86008846260116,4.33826188412969,1.4199167104538333,1
3.4027919112565272,-4.288929922138146,46.26731205557635,4.302423085995064,1.404881311034014,1
3.574094012825788,-3.779918400827284,48.16081861393179,3.7597946920794656,1.739540029428675,1
3.6252367996170136,-3.817256831837271,50.29235906086995,3.7996129047370952,1.7742483694396334,1
3.600771392890793,-4.084311154074297,51.1329249993056,4.07240677165414,1.628470667821919,1
3.5359545239431416,-4.064833803805049,49.26459884643555,4.049812782310441,1.5451555801722818,1
3.4968788880787924,-3.774648820568705,46.71037737909194,3.739424432823047,1.6107530122745528,1
3.537235632628024,-3.476517493139485,44.848891503796615,3.432662091569274,1.7729910198086023,1
3.504385175819169,-3.8356731894487366,47.10889896232923,3.821380164095025,1.6603428439465835,1
3.498286958226186,-4.145004243907814,50.96818761768455,4.128217357361388,1.5159534258756808,1
3.5846957046828583,-4.106990134644652,51.64745977253257,4.088999317077819,1.6290910950677835,1
3.495195855637512,-4.328785850616272,51.13999829320851,4.344312699255116,1.4517310743560343,1
3.4463734855195005,-4.124698981553496,51.3502864266584,4.11938760095014,1.4428862690211766,1
3.460619406785794,-3.851779196790593,52.07683876174652,3.831466292192837,1.5306581986878445,1
3.431847675117904,-3.783275244478694,53.57076957839692,3.76297635232617,1.539058565379617,1
3.254926908515886,-4.130723690558336,53.18999896934647,4.149413537122532,1.2823104337303948,1
3.180116447859896,-3.855210415617437,53.697505082912784,3.828974848022007,1.2665227251852338,1
3.1304861528430874,-3.825776202949934,54.76109304827844,3.7948483735501393,1.247454876671295,1
3.0304459269175275,-4.082937089269032,56.26111943136432,4.060675609611465,1.1095087042825666,1
3.071012298504035,-4.126508701347304,58.85898279429909,4.101630470709885,1.097763146468979,1
3.162363936087328,-4.310924481488986,58.92519995409573,4.325116425931096,1.114853167962171,1
3.2334794527042408,-4.281422046844118,58.48725982483276,4.304163333184706,1.1957206112182064,1
3.285727942061281,-4.236255443024778,59.112375385033154,4.259372043038557,1.2591616443531242,1
3.3027350203005854,-4.269334947277685,59.81506158063513,4.300839555477668,1.263346417221481,1
3.30581278715305,-4.200770269610925,55.82418670197451,4.22273667843756,1.2787984573912474,1
3.2735728575084027,-4.205446340366751,51.89580672943665,4.259720453959025,1.2548885473948042,1
3.2156890523647834,-4.296058520585476,51.30149843592844,4.357440049062945,1.1981391228601608,1
3.173386466717292,-4.40385907852721,52.40194786665682,4.465935224544502,1.1250354194355583,1
3.2441865084414,-4.546588166745124,50.81787632468217,4.634766781401493,1.1583541446103298,1
3.2181030547547484,-4.303618108441017,54.40241983836278,4.359677594578911,1.226824472050467,1
3.2296224297163727,-4.089002689201675,59.2231720564608,4.0893516683292965,1.2236456021577298,1
3.256822994369233,-3.978970693257041,57.401310286836,3.9518740105771735,1.2769097775042415,1
3.209641035445436,-3.9124662661980727,53.73423851607088,3.9062120528992064,1.2676934175148695,1
3.297897241786569,-3.823458284675004,51.88367699720188,3.827859493072875,1.396707372751065,1
3.3409452352695133,-3.909827076746315,51.91049422760923,3.9249283953341143,1.4358454007588477,1
3.285390125777193,-4.069092884748995,52.751487412138594,4.074701711803139,1.3290588306095794,1
3.300662299116215,-4.100123105648748,54.214252380553816,4.096665302436508,1.3336755801103797,1
3.1556651420935915,-4.292726645212686,55.85672079303306,4.332505877146462,1.146590178598189,1
3.168361620988674,-4.329152889594347,58.16189933822539,4.366597823754042,1.1437962026653166,1
3.310921649019161,-4.142574904207699,58.57144016562822,4.162979845515269,1.3168194293975826,1
3.343234911650241,-3.813116469069156,56.367285425791486,3.796238556593478,1.4339958857633397,1
3.341695297264053,-3.77285754894782,59.1388005011096,3.7855237044260175,1.4432432237499488,1
3.4540305623037377,-4.070233065211132,58.68665149254712,4.105751831374484,1.4697387296996434,1
3.52911988132728,-3.973912655950311,56.18984510227593,3.997735508901634,1.595590195256078,1
3.5428244896277694,-3.635241986748704,55.77924984229541,3.641125546244093,1.6861741371497423,1
3.598078360814535,-3.517463985317482,52.83256663248213,3.5200906599353177,1.810202287342734,1
3.48507823487242,-3.601056100365643,51.10463529575371,3.6168159881751687,1.683566093444826,1
3.3961184081917035,-3.7447966515660993,53.13921934116384,3.74088258943158,1.543391322661302,1
3.4619732359926143,-3.8262624726324015,57.13845217584849,3.8235532123885463,1.6038851352508912,1
3.4051891543908037,-3.8429372282085295,58.22502666176436,3.826439416337156,1.524080839699614,1
3.3143270286971225,-3.835799164400843,56.78589949921933,3.823654760143714,1.4060388996215636,1
3.2654480391633727,-3.907611699875241,57.02963960384889,3.908665310123007,1.346883709559184,1
3.2600829872542514,-4.035360850259928,59.46639891298944,4.046561224018027,1.2993270765521576,1
3.2539438544633144,-4.036091456156294,58.76046344048965,4.033681983719332,1.287291689547235,1
3.36256805294288,-3.5676859638648164,56.37397350379809,3.5543497008477902,1.519694825132447,1
3.3445765329692185,-3.640875505116168,55.60518164263513,3.6729577044526938,1.5125879134960534,1
3.237272042714193,-4.004914984731617,56.81017851686763,4.036847705612639,1.3345894963441505,1
3.2088138371884467,-4.056059982962237,56.95238515431296,4.054440855266091,1.2581346327673175,1
3.2391018753280183,-4.200595901397888,56.5624234319447,4.219450208241354,1.233119045902869,1
3.2711037847096334,-4.36109997697933,56.35398828198096,4.396361111166948,1.2170339644312145,1
3.2886460184337136,-4.437945482973567,56.27605888229644,4.481065670173326,1.226037869196452,1
3.2899732389849823,-4.293382007918674,56.761808315436994,4.324747116979727,1.2580945363301723,1
3.206870691505022,-4.174814518340335,56.87849810023508,4.203350843783626,1.1849038036997457,1
3.180298986549148,-3.982540661703329,55.46831485040176,3.9933656546883984,1.195705546590381,1
3.266360674075737,-3.723117697024775,53.712140454503576,3.714403500813925,1.3781927124468862,1
3.316196203231811,-3.5721688898737565,57.461017425902575,3.569395552138369,1.464401340056322,1
3.447814787219384,-3.4029329636853616,56.40777099061156,3.396074943199844,1.6660317518040084,1
3.415936808386249,-3.5824799223574333,52.61772473272449,3.617315572179006,1.636284008711398,1
3.254359629339801,-3.975710534763904,52.24936273997409,4.0073993477278815,1.3722921595601998,1
3.299917099718562,-4.085136490667652,56.71683020220541,4.09561879906112,1.377773724630208,1
3.1865918436450182,-3.925558709812738,56.60986844365471,3.911929371828094,1.2744432530717238,1
3.098182060047538,-4.000294177118173,56.617919784819975,3.9936918013110096,1.188452547181867,1
3.109408578472937,-4.169010305119132,59.04876903145612,4.160255012397995,1.1395610763641175,1
3.067897923692258,-4.083957349468848,58.82679163767192,4.05678374753027,1.0996680273981152,1
3.064909322533065,-4.021854923156921,59.37635654746416,4.005224310709331,1.0858827501000046,1
3.133534117373164,-3.840408827730282,58.0537760614635,3.818989192654273,1.1787866389680048,1
3.1751016613965977,-3.67915779958942,55.43091185792478,3.668014681981709,1.2799591097289216,1
3.1619755450836906,-3.6439943113726794,55.10129903462118,3.6458694106804415,1.2933462037297767,1
3.29874526383634,-3.382513678716329,56.19342906746321,3.3783648071174848,1.513286399270245,1
3.29202294920733,-3.512178767940953,57.020626159485225,3.5326775133966666,1.4931141395054903,1
3.2768583369112294,-3.6937795142213727,56.54561315753504,3.707052350758077,1.4187225317526715,1
3.3437406288649507,-3.845802177212193,54.86679915468136,3.849579878196028,1.466750190643494,1
3.3143165582668286,-4.152579396070833,54.89872076982509,4.178728146467379,1.3503219124799726,1
3.1901835981243387,-4.200726166456759,55.25866162420033,4.226562505710625,1.2024463850581009,1
3.096801353785806,-4.29739395301499,57.79688119031712,4.31678345388995,1.0949097314994494,1
3.1110220669272404,-4.312215762224031,61.6378476719656,4.324070130993511,1.0724395791927483,1
3.2103939084949595,-3.9705897148497846,61.70843448753133,3.94914682039958,1.2206187069772945,1
3.2383708454177764,-3.867567202288234,58.92676238099977,3.859782557287617,1.2705924004137863,1
3.091075000648729,-3.945031178925564,58.25262279853134,3.959686459181549,1.1398156966991797,1
2.992143308331152,-4.044380182277656,58.85570288561062,4.0593117868115085,1.018517744755316,1
3.153027438831899,-4.064292536524242,56.9061053612989,4.0724924824195,1.183015084552192,1
3.3072962075650327,-3.9363303569976447,56.28580173332534,3.947846411231036,1.3820908348003538,1
3.1962882515913003,-4.199235924703631,60.31347274780272,4.262676353226164,1.2183201198806315,1
3.012525772620104,-4.359049380182506,62.42737604472452,4.375572124641098,0.9870896546426648,1
2.982849418046231,-4.17000467905742,58.82171818167872,4.145792818354997,0.9931525074079336,1
3.15212451769206,-3.489724928747401,56.64142864478567,3.485220599317272,1.2538954876140158,1
3.3185427588617005,-3.346103923763343,53.17768272811072,3.36950696585421,1.5078461155919949,1
3.382100733454356,-3.3923835440310173,53.10184261756024,3.4139892169815336,1.6291524543019809,1
3.3993620586966333,-3.507495361887764,57.7673711034352,3.5275572545514104,1.6277205087467597,1
3.276690151877033,-3.794457823930384,58.070268231237726,3.803586841343404,1.4178359936811271,1
3.1271350883438207,-4.167107590658221,58.61915597515905,4.198897256108814,1.1774231480981072,1
2.974559528385094,-4.121921570715077,58.31014272267234,4.112652421711449,1.0401286750496508,1
2.8573129876645043,-3.79242368943677,56.43118265574564,3.7499410692089343,0.9941271018839164,1
2.790408348608873,-3.894463961709757,57.87880309327632,3.865875034275168,0.9358157779642206,1
2.877872976714264,-3.866361586633558,57.4286381156145,3.838688948911108,0.9969680487752663,1
2.8502296159367373,-4.01158221467526,60.374738270651,3.98585659015678,0.9467967866423622,1
2.7058596953660445,-4.253012311672733,65.33896541024394,4.164034532215779,0.7521219456981053,1
2.483206576216009,-4.273075063785397,65.64336774449148,4.130980194685707,0.5239049744106365,1
2.926595866323226,-1.2806485256035456,60.28295526104778,1.0484159478170727,-0.0902947704056723,1
3.2655009709432448,0.0728670869044916,57.4073503231574,-0.0292220213032235,-0.0457892927402523,1
3.339510707798118,-0.0044603487281519,57.42644423067927,0.0296614738794679,0.0475005949373372,1
3.349173784255981,-0.0779177546501159,56.22877883911133,0.0230153147131204,-0.0957278795540332,1
4.003229141235352,-0.4393983483314514,36.56795120239258,0.3715735077857971,0.2338891476392746,2
3.959106069344741,-2.48875840810629,50.04482401334322,2.6024954181451063,1.799489566913018,2
3.903062398617084,-3.64804612673246,47.06711725088266,3.702277165192824,1.908019790282616,2
4.00550848704118,-3.5641680313990665,45.38363075256348,3.6920220210002017,2.2427992729040294,2
3.967043418150682,-3.923573732376098,44.1818102323092,4.029317012199988,2.0666685287769027,2
3.911631070650541,-4.067099791306716,44.58549748934232,4.136854318472055,1.922424105497507,2
3.8861064727489767,-4.043630673335149,44.45437123225285,4.108987808227539,1.8977179710681624,2
3.875327000251183,-4.106440360729511,45.1737839625432,4.166860635464008,1.877350940154149,2
3.796058544745812,-4.096044100247896,45.85268666194035,4.1410369506249065,1.7769893866318924,2
3.664612201543955,-4.036318210455088,45.83499468289889,4.05136959369366,1.6504246592521667,2
3.599250371639545,-3.981884259444017,48.00333815354567,3.9748738545637865,1.624505143899184,2
3.654914608368507,-3.911048916669992,48.68968875591572,3.8942610208804793,1.7178380076701825,2
3.68228136576139,-3.827360409956712,47.43411665696364,3.818746126615084,1.7918366285470817,2
3.6143546104431152,-3.845764636993408,45.93442916870117,3.824928402900696,1.7207613587379456,2
3.617816741649921,-3.677707342001108,49.00515365600586,3.647288982684796,1.7980452959354107,2
3.684764238504263,-3.8262828221687903,50.59164648789626,3.8129293368412895,1.8014499636796808,2
3.703080342366145,-3.9291728276472826,48.31362738976112,3.913736398403461,1.7989730009665856,2
3.710525191747225,-3.962899180559012,49.21959583575909,3.955013531904954,1.8032309642204871,2
3.730533746572642,-3.988301112101628,49.837528228759766,3.9815025512988753,1.7880427287175105,2
3.7534909615149865,-3.87495649777926,48.2773540203388,3.875215869683486,1.8396092699124265,2
3.787793086125301,-3.703956622343798,45.13502120971681,3.7105602484482993,1.943696572230412,2
3.83239706662985,-3.3425826659569378,41.33766335707445,3.337822996653044,2.1076658138862023,2
3.8124201114361114,-3.162547771747296,39.96659939105694,3.1549165065471945,2.2061574459075928,2
3.743704117261447,-3.334209020321184,42.88149422865646,3.305381252215457,2.1018054760419416,2
3.644867163438063,-3.908198008170495,45.73814157339243,3.877557332699116,1.7745843758949864,2
3.576494299448453,-4.004356035819421,47.16864380469689,3.956472864517799,1.634338759458982,2
3.5508909225463867,-3.918190240859986,47.893009185791016,3.864758253097534,1.6469351053237915,2
3.461648876850421,-4.1754099405728855,50.25903496375451,4.1599144752209005,1.475162542783297,2
3.4183309445014367,-4.212478601015532,52.66610483022836,4.198405669285701,1.401127732717074,2
3.440020350309519,-4.225922162716205,53.80225636408879,4.21328773865333,1.415047714343438,2
3.48390478354234,-4.373660087585449,54.764572436992935,4.394564885359544,1.4305477142333984,2
3.558126513774578,-4.383701819639939,56.04168862562913,4.423566598158616,1.520817275230701,2
3.612379936071543,-4.424896496992845,55.90018433790941,4.461052931272066,1.5445098326756406,2
3.617514390211839,-4.376448539587169,53.74867483285758,4.409224271774293,1.547336692993457,2
3.771558486498319,-3.823503017425539,49.20759054330681,3.8646188332484335,1.8730792449070843,2
3.802929337208088,-3.4312696456909184,45.57267511807956,3.4951539406409635,2.038693538078895,2
3.687974948149461,-3.5388548190777094,46.20169712946965,3.5536178625546944,1.88228647525494,2
3.596562018761269,-4.114957130872285,45.90836979792669,4.1328945710108815,1.6046833854455225,2
3.524365094991831,-4.260949721703162,48.00574581439677,4.267219690176157,1.5061389666337237,2
3.518401980400085,-4.185438156127932,50.89596557617187,4.174484491348268,1.5069240927696224,2
3.6000851301046515,-3.8666613101959233,51.1046617948092,3.844273530519926,1.7024275522965648,2
3.607055792441735,-3.9704927939635057,50.38813136174129,3.9640984443517833,1.669616827597985,2
3.5997006526360145,-4.112273399646465,49.84326582688552,4.109636930318979,1.604500972307645,2
3.627752652535072,-4.154688156568088,49.05586829552284,4.161252883764414,1.6341022115487318,2
3.720206957596999,-3.993576673360971,49.75699057945838,4.001627481900729,1.8042550178674548,2
3.7542051260287943,-4.018497907198392,49.16416270916279,4.033183116179246,1.801195534375998,2
3.661938850696272,-4.044621064112736,47.582391005295975,4.046051318828876,1.6820176564730147,2
3.471472043257494,-4.138636552370511,48.50531930189866,4.1479423596308775,1.4679888074214649,2
3.4742732231433577,-3.966157913208008,50.97006607055665,3.9520045427175674,1.5249022428806016,2
3.522907202060406,-3.963116554113533,53.451857933631295,3.964089035987852,1.6126898939792933,2
3.399477646901057,-4.298902805034931,56.45768855168269,4.328884381514329,1.3793203555620632,2
3.444428893236013,-4.262980937957765,55.46510050846982,4.279793170782237,1.410211952833028,2
3.5323140621185303,-4.171563625335693,53.27384948730469,4.1844024658203125,1.5317410230636597,2
3.566148794614352,-4.186822084280161,52.887256182157074,4.197824569848868,1.5736719599136937,2
3.5874831126286435,-4.054936849153959,53.2385987501878,4.0620730473445015,1.6294938234182503,2
3.519983236606305,-3.819603323936464,52.77805049602803,3.816613426575296,1.597423218763792,2
3.432001645748432,-3.649237082554744,50.38572047306942,3.633188614478478,1.5507454230235174,2
3.484306720586923,-3.799223303794861,46.692855101365325,3.7968449134093065,1.6068458923926714,2
3.5061989564162035,-3.78531525685237,45.04738000723032,3.772002898729765,1.6574689333255477,2
3.447348668025091,-3.9733450962946937,47.6565717550424,3.953982683328479,1.5587198917682372,2
3.348155480164748,-4.312693852644699,54.26451462965744,4.3255965526287365,1.3400159524037294,2
3.357040075155405,-4.465093062474178,56.55780953627367,4.483847618103028,1.2980594084813044,2
3.388002615708571,-4.279341954451343,54.141701331505416,4.26461982727051,1.3550982016783488,2
3.4772290083078228,-3.8330446665103657,50.82527762192949,3.8012289634117753,1.576550566233119,2
3.558161680514996,-3.497338936879086,47.38831710815431,3.477204487873959,1.7612036925095769,2
3.552107095718384,-3.487198233604431,46.35437774658203,3.4749410152435303,1.8180009126663208,2
3.4242103833418627,-3.851997558887187,48.66986054640549,3.8399694516108576,1.5693926169322097,2
3.470577881886409,-3.886975829417889,48.480687801654526,3.850042535708501,1.5778572651056142,2
3.505264832423284,-3.913484958501961,47.60744153536282,3.886785140404333,1.6290124654769902,2
3.4458588728537927,-4.180124484575711,49.931953430175774,4.170144484593318,1.4708428887220533,2
3.440948669727032,-4.245764989119309,51.286172720102165,4.239555945763222,1.425778031349182,2
3.443599425829374,-4.324591453258807,51.76029953589806,4.338800338598397,1.3946615411685064,2
3.41607770553002,-4.3969328220074,53.18677021906923,4.418528776902419,1.3593307916934678,2
3.3681486478218665,-4.319695802835318,57.25959631112904,4.351746302384597,1.335878569346208,2
3.375467465474055,-4.043505485241233,60.62615878765398,4.062169368450462,1.382421704439015,2
3.454714885124793,-3.796694764724145,60.47003746032716,3.810798791738657,1.4989638511951149,2
3.542194843292236,-3.706889941142157,56.29336313100966,3.70737017118014,1.6717180197055512,2
3.572842020254869,-3.574308468745305,51.60206750723034,3.5732813248267545,1.7517121434211729,2
3.561764478683472,-3.5614907741546618,47.90228271484378,3.563615322113036,1.7612537145614628,2
3.5349009312116184,-3.774600533338692,46.85362287668081,3.770960413492641,1.6943564369128308,2
3.461789314563459,-4.177067096416764,49.09378433227536,4.193353542914753,1.4913472854174123,2
3.4965201616287223,-4.1701030547802285,52.329515457153306,4.171358511998105,1.5095745462637664,2
3.5957484245300293,-3.902215975981493,53.34280278132512,3.893797691051777,1.697094229551462,2
3.5933208924073443,-3.5906883386465243,51.631603974562445,3.557829196636496,1.780670528228466,2
3.591872196931105,-3.259694136106052,49.09162990863507,3.2285774120917696,1.880451550850501,2
3.588159533647391,-3.552889750554004,47.88071764432467,3.546838723696187,1.8428487135813807,2
3.500695191896879,-4.3716368675231925,48.41705703735352,4.408552463238054,1.4639566311469452,2
3.4405299150026765,-4.421439739374015,47.842432168813865,4.443239193696243,1.3798364584262557,2
3.372971461369441,-4.287397164564867,47.74579414954551,4.2944757754986105,1.354389264033391,2
3.3410820502501264,-4.208613872528077,50.583935517531145,4.193312461559589,1.341540882220635,2
3.426182856926551,-4.106629628401537,51.96161182110127,4.088525955493634,1.4532321966611417,2
3.490695476531982,-3.755396962165837,52.924259185791,3.731106281280523,1.6125919818878147,2
3.4806474172152027,-3.596984624862664,54.88626949603739,3.5798377073728047,1.6427650910157454,2
3.3067547357999367,-4.052421221366293,55.47526374230016,4.071245395220241,1.3560366080357489,2
3.3611594897050114,-4.071374599750226,57.46813407311071,4.086315705226019,1.4201530584922188,2
3.4872110806978664,-3.981658623768733,57.40064694331243,3.993162586138799,1.5633287796607385,2
3.485206053807185,-3.8926915939037614,54.80204010009765,3.8752230497506943,1.5787185522226186,2
3.459958892602187,-3.835535847223722,55.24430935199442,3.833568774736845,1.5622782157017634,2
3.472049126258263,-3.945847364572377,56.06386595505935,3.9510501164656406,1.5267953414183395,2
3.4819628367057214,-3.9812770440028262,55.052582227266754,3.975103690074041,1.5426127497966473,2
3.4509739875793457,-3.739325431677011,53.39682270930364,3.7192822603078985,1.574076973474943,2
3.4072103041868944,-3.4918539524078405,55.03731052692115,3.4686630414082487,1.590728672651143,2
3.404043087592492,-3.398665538200964,58.21156575129582,3.389351147871749,1.5945135079897366,2
3.3887209617174587,-3.5819015869727497,56.46078359163727,3.569868812194237,1.57594219996379,2
3.3799691200256348,-3.650113105773926,52.38917541503906,3.644775867462158,1.5524674654006958,2
3.361996879944434,-3.8869586907900224,49.73274715130147,3.895190752469569,1.4847889955227216,2
3.334346331082858,-4.298082498403693,50.887463202843264,4.33547023626474,1.343023942067074,2
3.300001336978032,-4.282906550627489,53.79250761178822,4.299166330924401,1.3005355321444,2
3.3764806343958926,-3.976719251045815,55.04408117441031,3.970487117767335,1.4200705564939051,2
3.5327230967008143,-3.5632097904498776,54.35334880535417,3.563113432664139,1.73685481915107,2
3.549203946040227,-3.4978553148416376,56.23007143460784,3.4970643887153043,1.793923781468318,2
3.4800374049406795,-3.5694774939463683,57.53618988623986,3.5681544634012075,1.6671758752602808,2
3.4056812799893894,-3.7493764437161943,56.57791871290941,3.743013253578772,1.5348198597247789,2
3.374849823805002,-4.125476965537438,56.25685148972731,4.143136299573459,1.4016862970132091,2
3.341008223020114,-4.386209634634163,53.869539994459934,4.434018905346208,1.291102060904871,2
3.31379627264463,-4.279482052876402,52.238073935875526,4.325572087214546,1.2959981148059547,2
3.3631670475006104,-4.01035580268273,54.56613217867336,4.017329876239483,1.4252171608117912,2
3.301049828529358,-4.257137775421143,58.54297828674317,4.3097243309021,1.2904842495918274,2
3.221659623659575,-4.354644445272593,59.94058403602013,4.397076643430271,1.1671044459709763,2
3.1992068382409897,-4.246249877489532,58.81948397709773,4.254461361811713,1.1648083925247186,2
3.279158500524667,-4.00810795563918,58.84929216825045,4.013694359706,1.3038737773895253,2
3.3125381011229296,-4.194245430139395,57.79219568692721,4.242000414774967,1.2789993561231174,2
3.310755106119009,-4.398606520432694,56.35937529343828,4.465294287754943,1.2648076919408946,2
3.325723189574021,-4.133787118471589,55.46388244628908,4.161941491640535,1.325150549411772,2
3.331054925918579,-3.915309704267063,56.45890749417816,3.925340450727024,1.3736788401236897,2
3.317853359075693,-3.895480568592365,59.440895814162026,3.906919286801264,1.353250113817362,2
3.327982700788058,-4.269762516021723,59.97648884699896,4.323717814225412,1.284188261398903,2
3.3474004910542408,-4.0566846774174685,60.10130867591271,4.08810076346765,1.36524415016174,2
3.3514317732590904,-3.7965560693007223,59.34736545269309,3.809012981561512,1.4126921341969425,2
3.218975516465995,-4.058440171755277,55.634904714731086,4.095254622972928,1.2426596008814303,2
3.1335256099700928,-4.179355144500732,54.39542007446289,4.220566749572754,1.1586618423461914,2
3.1428803480588465,-4.146973793323226,54.40698344890888,4.164849923207212,1.1639070785962613,2
3.1918635368347164,-3.9765969606546263,53.21444848867564,3.967109331717859,1.2560237646102894,2
3.23753324838785,-3.9715802394426793,55.43773269653318,3.9785481599661017,1.2972053060164817,2
3.175005032466008,-4.021961248837984,56.798446068396935,4.023402507488544,1.2172814699319696,2
3.035539562885578,-4.029784349294808,55.38256777249848,4.027080957706157,1.1016545433264515,2
3.078889498343833,-4.122573228982778,57.32140819842997,4.133804614727312,1.113321726138775,2
3.107464212637681,-4.269845375647911,59.73296664311334,4.2876898508805485,1.088813566244566,2
3.158913960823645,-4.245200120485747,61.18260046151968,4.271612607515776,1.1322734539325414,2
3.418265737020049,-3.89455097455245,62.36727773226226,3.943515043992264,1.5180276403060295,2
3.49547683275663,-3.948406861378595,59.748997321495686,3.996505352166983,1.5676694374818072,2
3.422881786639875,-4.037029046278732,58.341650596031776,4.061276472531831,1.454211308405951,2
3.322903688137348,-4.132844301370474,58.81245099581205,4.160609502058763,1.3191789205257716,2
3.250005125999452,-4.133405208587647,58.1126747131348,4.156661987304688,1.2374897599220285,2
3.2771024153782755,-3.910832771888152,57.41480255126953,3.9241077166337295,1.3110112777123044,2
3.368651711023771,-3.704561536128702,57.6378357227032,3.717864715136012,1.4756574859985945,2
3.3173565130967364,-3.963843345642089,57.1911735534668,3.993057287656343,1.3714218047948992,2
3.2390087384444017,-4.0781495937934285,59.517926729642426,4.107664144956148,1.266090370141543,2
3.2081905695108266,-4.124784616323616,61.0316138634315,4.147459653707649,1.197819563058707,2
3.2078136572471023,-4.137158283820524,58.49715174161477,4.144204433147729,1.19932738634256,2
3.348349296129665,-3.523299877460192,53.64531414325425,3.5251771670121466,1.5172469432537334,2
3.5121650053904605,-3.25211633168734,50.09569197434646,3.293411429111773,1.8212703695664036,2
3.5594680125896754,-3.5364245818211444,51.20865543072035,3.569026561883777,1.83410064990704,2
3.4362080188897965,-3.536615362534157,52.80644284761868,3.527221413759087,1.6780409904626727,2
3.325716110376212,-3.5143596025613637,55.98428286038907,3.482120312177217,1.5500185673053448,2
3.321551020328815,-3.532299151787391,60.199360040517945,3.519327356265141,1.5299638142952552,2
3.33151912689209,-3.4253275394439724,61.16737747192383,3.418422222137454,1.5677999258041375,2
3.303076643210192,-3.7017255287903943,59.91535494877744,3.7319417183215737,1.459977237077862,2
3.2555745748373184,-3.930170389322133,58.55659484863282,3.945717188028188,1.3509381000812246,2
3.2195919018525347,-3.967954498070937,58.16905256418082,3.9721477765303392,1.295991012683282,2
3.139314266351555,-3.915379689289975,56.35646321223338,3.918774604797365,1.217402559060318,2
3.0268248136226967,-3.865877811725324,55.6159424415001,3.858114948639503,1.143494949891019,2
2.9724887884580165,-3.812756318312426,58.0995412973257,3.803507584791918,1.0684084066977864,2
3.1308660782300497,-3.6972213433339056,57.2612263606145,3.677383156923148,1.2506655041988062,2
3.0914543592012853,-3.8923379274515,55.05164689284105,3.919170709756703,1.2052074487392728,2
2.879146621777464,-4.128229361314041,54.01744402371919,4.168548198846672,0.9987192772901992,2
2.804480937811043,-3.9995422730079073,54.9545276348407,3.9952921133775,0.9275359878173228,2
2.949801885164699,-4.001873190586383,58.74384938753565,3.965459218392005,1.0320133910729323,2
3.042079650438749,-4.178324295924258,59.45658287635217,4.158825360811672,1.0426016220679657,2
2.9379804134368923,-4.420989036560058,55.67114830017097,4.453202962875365,0.9304579496383673,2
2.8872277920062723,-4.290086342738228,54.5983062157264,4.309777113107538,0.9331212914907012,2
2.837998857864968,-4.258070193804227,56.70420265197751,4.236181937731228,0.9042438406210696,2
2.712311011094314,-4.30089807510376,58.5196189880371,4.27773482982929,0.7774579845941987,2
2.7045808938833376,-4.114502521661617,58.91453889700083,4.074840784072881,0.7623656529646661,2
2.730186077264639,-4.028747008397029,58.60402943537785,3.988537091475266,0.7898108271452101,2
2.7455664873123165,-4.091020602446334,58.500192495492776,4.069185880514289,0.791700762051802,2
2.771891062076276,-4.2522299106304455,59.24668649526743,4.266708814180814,0.7848884463310244,2
2.6140717451389026,-4.186359350497907,58.93060566828802,4.196261864442092,0.6848200422066915,2
2.4582535853752723,-3.349771022796661,56.92782064584591,3.430115039532029,0.2453749225689931,2
2.986711419545681,-0.3785643669275394,55.65163788428671,0.4672756378467532,-0.0894668609476979,2
3.1275784052335296,0.0562106966972364,55.52389731773963,-0.0106543129166739,0.0350598781727831,2
3.209755264795743,-0.0271674559379992,54.85050890995907,0.0243244936976293,-0.001031577873689,2
3.295725107192993,-0.1220124363899231,51.463478088378906,0.0068073812872171,0.0107539109885692,2
3.8827834129333496,-0.6947660446166992,34.5635986328125,0.6054090261459351,0.7453078627586365,3
3.825755056722204,-3.1796351731156505,43.070485035134425,3.28599321376012,1.6238628745745014,3
3.709526092646508,-4.112319781127589,41.65352464388203,4.15222488968066,1.5625818541596057,3
3.7471496113185774,-3.770044948801648,43.64704792725973,3.77664495180439,1.8413336703231216,3
3.7632376455061927,-3.977748655074136,46.06145276970037,3.990536388738196,1.8201139372820292,3
3.765934980115411,-4.301004513681934,48.49544422852927,4.325824932013144,1.7283236567534548,3
3.7387924687156464,-4.3268466794957,49.662821657830776,4.355754146362816,1.6770389126665766,3
3.720792069781426,-3.730731832248538,48.173571559969936,3.726484076270844,1.818571397712111,3
3.6281718635026303,-3.685045490051781,47.27866568112506,3.68440017353889,1.7471293916915382,3
3.5540914801911936,-4.009203932138795,48.1475579458908,4.002360238709263,1.5848012276867915,3
3.5386114839734977,-4.263083631099935,47.72412007081442,4.273899014435667,1.5031932465856968,3
3.6222066572924567,-3.967148264027175,47.56531918914624,3.951493164680524,1.6944008386334894,3
3.6731898518247976,-3.82083529600218,48.6484438294139,3.8124223208294232,1.798647335787725,3
3.674266041324125,-3.961271987947006,51.25382479875447,3.948411846960057,1.755331730043422,3
3.678090838746652,-4.279641140772644,52.55483184047252,4.282981752683331,1.6574893783590647,3
3.681510861359495,-4.356158261858552,51.9977214749299,4.376100124593553,1.610597179588659,3
3.6579766020428535,-4.232927919100117,49.95436437169933,4.25213332415959,1.5941038764388868,3
3.619269421646715,-4.03998964192481,47.01753893378061,4.051547210309758,1.6176452989684804,3
3.637557674386648,-3.822385161948604,46.22507065501293,3.818506306110148,1.7241110462050198,3
3.634996159782623,-4.0004860169394725,47.97685908738461,4.001864816889417,1.6963978046811492,3
3.5928420847354654,-4.2852783069930265,50.79662252671226,4.28649128748718,1.5624156517689454,3
3.618459460455612,-4.306089041619328,53.55704447144237,4.319946827169237,1.5919512117375207,3
3.655630668448336,-4.21479550420239,52.98679899503399,4.223579276207439,1.6259386479521596,3
3.6800955260932113,-3.970558542113064,51.14566097579189,3.973533337342672,1.7111012282984217,3
3.714798855381971,-3.767147193407879,50.76067137052227,3.776070367024597,1.8397202378544728,3
3.628651685554888,-4.067113109141089,50.39397973854449,4.084938363655986,1.6479102279886848,3
3.579761313326532,-4.04399218106403,49.58723432658105,4.044214853361332,1.5801227978487922,3
3.587084914052953,-3.847700758353292,47.90553635325512,3.839039560136848,1.6810917334849609,3
3.441631534246093,-3.981726866194656,46.92805849640063,3.982056243459606,1.508927065566931,3
3.379291266702407,-4.277234453062771,49.66999821156763,4.300601751444726,1.364164965112782,3
3.446080748595339,-4.276059273234959,51.81948633034136,4.2889343853103385,1.415264845560383,3
3.566900594274425,-3.919014890766676,49.59664776338545,3.901347574574987,1.661411743590286,3
3.622045520963616,-3.929286225548004,47.37879952372119,3.924268814438548,1.7079562841180982,3
3.580144573190359,-3.983675256121758,46.73688082988036,3.978939071047905,1.6454545519205446,3
3.5004389352638627,-4.091013093234441,47.0200407997856,4.079833302417947,1.5281617228545288,3
3.5173125693251968,-4.235851389069797,48.36806106567383,4.240473206482786,1.5000168744412214,3
3.5519600647121834,-4.424930687057239,46.540841789884944,4.470115243389619,1.465313654372146,3
3.521762971771496,-4.542219851936042,44.661382579270686,4.620203828012477,1.412175229141832,3
3.474475951168124,-4.667485588755688,47.24991729139616,4.758606353951566,1.3451506205777215,3
3.448372077675505,-4.403021250357176,50.29637896148852,4.432187898198986,1.3830569689500265,3
3.471617151239065,-4.345509822142191,50.687876440293294,4.366060105116008,1.392002242237496,3
3.482922126461008,-4.423026487148008,49.8936576203927,4.456142849096373,1.3967309024746857,3
3.435251102767177,-4.508876723284162,51.62086397309543,4.572309488690765,1.3392101852587484,3
3.4507415094855114,-4.252969560676446,51.26382582680473,4.276430236560672,1.3985725874341404,3
3.506965175021294,-3.905504212033149,48.92728711772897,3.897942982572417,1.5612024335221872,3
3.570020072287021,-3.75043226886728,48.68623273199497,3.738329989950084,1.7039453523785042,3
3.62473293389688,-3.881131133553702,47.65198695859429,3.870432768454099,1.7263792726580658,3
3.6332602514235,-3.959929133260717,47.5893178545563,3.947849400216641,1.7161400038436805,3
3.609563241457806,-4.088498592376709,49.581675737263765,4.071564447946388,1.6488532021059006,3
3.5736403718341,-4.223629221569893,51.529765038516935,4.219392254365889,1.5593025371349056,3
3.573724095381838,-4.243819516464319,52.63438771423681,4.249361845368114,1.5382400331550472,3
3.6491304016646056,-4.178306246603001,51.47230276182378,4.191561722888627,1.6297602606885258,3
3.765004649508599,-4.05462712815354,48.14069747924805,4.093165693336359,1.8227185350556612,3
3.634440802995052,-4.287071014915767,48.71482518798148,4.353492598293881,1.6173324977885395,3
3.4354019085122225,-4.500847659297495,50.35911312849162,4.564349459536249,1.3176872090920393,3
3.3257992933582328,-4.452505196938967,49.75115248610854,4.500811582171051,1.2499314020465873,3
3.409265797897425,-4.067686698956195,53.72076697322912,4.08372360634404,1.4561935916293278,3
3.5055075211231936,-3.865818818854221,52.3959432420784,3.854063673392355,1.572143627944605,3
3.4900462440938256,-3.5576261994559,47.09869114113919,3.5324432010757185,1.6631736668794517,3
3.450398674224342,-3.2700575423640243,44.83192639910308,3.233952955160727,1.7435349871992405,3
3.525707728369942,-3.3582235208436764,44.39261535559287,3.317903603921389,1.8423776619927172,3
3.594632542999097,-3.380887717508071,44.06125199728172,3.341485672156904,1.9389318307684784,3
3.612840033110293,-3.4576859447543185,45.78010488755211,3.408418699349771,1.937899036114442,3
3.577372588258882,-3.822927704070533,49.08545797763589,3.78408121529904,1.74822651007988,3
3.543569150583704,-4.110269543844894,50.86588374729263,4.076194427532857,1.5773567227677925,3
3.552438786575914,-4.185876198987055,50.0372267355466,4.166099852023844,1.5565532539143914,3
3.6612869028272574,-3.897294774401788,49.66568355453747,3.8807268941868633,1.7740061023381828,3
3.711917293804318,-3.5305261598619,49.462414810777375,3.524330525424893,1.928766801370589,3
3.676217606613756,-3.300767537601834,48.95454894763797,3.2843530311264817,1.9575788055718275,3
3.622623614092779,-3.558878026195078,46.38157010211626,3.533054365126114,1.8440735706403937,3
3.638465122137656,-3.907390025740896,45.514282503607554,3.8885088326544737,1.7546571573065646,3
3.619346641295449,-4.119048643378573,45.02142110217216,4.115033128408081,1.65400221494323,3
3.521622832260985,-4.214877006061916,42.91081521231369,4.22571509110861,1.5245896098334033,3
3.4454232474279136,-4.2287442724132,45.102819048492606,4.226688800577345,1.4566778464024293,3
3.461812474874145,-4.196638632087068,47.19796488671329,4.1801419018367145,1.4512318712373022,3
3.4739506151423107,-4.078591261496091,46.73021597835604,4.049087918670484,1.5252066397800126,3
3.448622287984667,-4.091237656897007,53.051996667957845,4.080324399404685,1.5090041546848232,3
3.460548665936433,-4.159535296136441,54.17588060261816,4.148517656592683,1.4463087373605652,3
3.4247563724411267,-3.9825528720237697,51.93047620464304,3.958591740890589,1.4658271766907678,3
3.368563789229153,-3.772475520991746,54.62982768053449,3.746082280601203,1.459703346870465,3
3.356534815367373,-3.9556382688064153,56.28886375214135,3.9477890270382336,1.4045661747788585,3
3.3921710232782627,-4.035920244355442,54.67824290185002,4.029668621510766,1.4154647169166434,3
3.406435850612278,-3.965028884024593,51.217751550940825,3.956398142116696,1.4738468497825068,3
3.315821305333569,-3.9005269697924567,48.77098897582325,3.904142662133584,1.4118787822776664,3
3.0508851032683317,-4.044974414995928,50.38575674302084,4.056609713165453,1.1506972992220414,3
2.9013245452049725,-4.056030883469395,53.64970150739787,4.0108806674040896,1.0162508421104048,3
3.081791539431951,-3.814451324207156,54.78400105737441,3.743358738595546,1.2101016830465656,3
3.30646867325852,-3.723584370906127,54.605153259618326,3.68580398213264,1.4381062544923913,3
3.415130913590586,-4.008022825145189,55.32224267288293,4.01562260515863,1.4815509372583315,3
3.436107170648415,-4.346053219374332,56.30932022606194,4.369975505594435,1.401436922936466,3
3.4875568278009,-4.321826287488032,54.94389368835109,4.338266290099927,1.4583360662673437,3
3.576083329802786,-3.780919577156359,51.635903555587646,3.78120489493428,1.6813352554204115,3
3.592671115971144,-3.4252510576940782,49.21074309961756,3.4481328945586136,1.8440486239321403,3
3.4238441070364845,-3.598826625493651,50.913611747699065,3.5999037486880847,1.620414464833351,3
3.3339120902162684,-3.609553476951641,52.01428395276629,3.567344471063027,1.5133227955695636,3
3.424237011531212,-3.647786364209053,50.97768250790388,3.615799071402523,1.5979838737562388,3
3.565176179289152,-3.721875152108389,50.10638472487806,3.710747970549088,1.7733629582314518,3
3.5961656077614044,-3.820048671860936,51.16596701424882,3.8059811432268376,1.7707033170668105,3
3.6659109685674074,-3.4702951215498925,54.75913560323876,3.4476635269612554,1.936193902399288,3
3.666603308150223,-3.264120971690342,57.76398088678968,3.285149494362942,1.9849920758987945,3
3.398607638961108,-3.487484929281909,57.78103718677712,3.493218179521617,1.6469167151264603,3
3.2688791045929464,-3.876885227650905,57.96002704471184,3.887529555645736,1.4237141742386628,3
3.251404300082329,-4.06934194724653,58.40176314881394,4.071575098197553,1.3322374141416071,3
3.243333732615636,-4.049470065026308,58.31147574312861,4.035492980946374,1.3050691748464571,3
3.2444593453540485,-3.874249318458514,58.07197180806591,3.853865536897541,1.3277927923468904,3
3.1836645456665726,-3.873596118149144,59.02375522805325,3.870834279992727,1.2626432679884931,3
3.192950288676684,-3.885012141819106,60.19048999807689,3.8968571191393457,1.250376732655745,3
3.360689076631429,-3.805060706325084,59.435160162728586,3.8221495657659776,1.4771349143715546,3
3.348665212119758,-4.013194483751691,56.992833483818536,4.051656754989197,1.409295139366023,3
3.314001231220182,-4.103057035520756,55.02716469365125,4.130751425993509,1.330039047662107,3
3.381835148987157,-4.054242032866238,53.98995283329287,4.063291597632722,1.427943863682241,3
3.464527208711848,-3.9409398193465934,54.159160912369884,3.9460963696740863,1.554890292316841,3
3.5532768225536677,-4.05024412091218,54.97109742404363,4.068993901407254,1.6083562540608418,3
3.5965692557436126,-4.038279903667599,55.08900276908661,4.04984646802508,1.6524765970986648,3
3.5681104899784706,-3.863232422141389,54.3814513989667,3.850686676675381,1.6596334613235306,3
3.5566758643315493,-3.967896290997554,55.05800707513394,3.976385544132255,1.612463317103892,3
3.5372275373789184,-3.8677102986660734,55.41580225768702,3.8693619360470897,1.6060132460887206,3
3.4975627361063184,-3.660186601084703,55.13622526882746,3.640698153213415,1.6320167739964069,3
3.494295229458942,-3.8900606019536896,57.632731411044176,3.90223751254588,1.594659690084404,3
3.467364035505156,-4.175595965465354,58.03117067987026,4.20232049046948,1.467832262955564,3
3.426840303996422,-4.327005111971381,57.56473213067934,4.352964736895856,1.411883911606986,3
3.4084322186155696,-4.064860953964998,59.346005359841485,4.08850920266945,1.436293049897562,3
3.4488283122718,-3.908392956802965,60.17083699743175,3.931099818405492,1.4859664440155032,3
3.45493473420596,-3.8107287723924874,58.992419237531095,3.8107786844562552,1.5474881433241865,3
3.3444852149686324,-3.681034587615028,59.97847428135367,3.690507230811944,1.452020248887258,3
3.3198536161603878,-3.799598416802604,57.94101955903975,3.8168851570044153,1.3937151918198143,3
3.338020319379242,-3.867978716695775,54.61128897640293,3.874972541904982,1.4195106755421814,3
3.3357892942162204,-3.882839133619597,52.54526283221536,3.8831104206639298,1.430659672401471,3
3.3978299348713965,-3.912016900558045,51.62597481498505,3.915064618574174,1.4865427823040074,3
3.450655546934245,-3.843529151138647,53.395928793113306,3.8456364543744312,1.5698113940947542,3
3.4968735239359257,-3.812853790528283,57.00516748694734,3.814125410005369,1.6116089887459184,3
3.535774250936242,-3.9311347114307256,55.90502671822489,3.923848715574382,1.6232562231617933,3
3.4836620804983816,-4.060144291243739,54.46874644103664,4.071249098751131,1.5184158839327004,3
3.376722538271429,-4.169314456385608,54.10565081122202,4.182207893392894,1.3689907769251124,3
3.303086613809596,-4.215781915121238,55.06756101640243,4.232386674294925,1.2836454507358912,3
3.2884591917751886,-4.138268089827213,55.22310587280956,4.145545096370761,1.282872184694812,3
3.295388465487091,-4.184818089341319,54.7514210493205,4.205092797732222,1.2723226727054102,3
3.3064095973968506,-4.225121066556962,54.72903915490518,4.246981040059521,1.29029516467835,3
3.405400194935292,-3.907570223568539,55.87669692225962,3.9120095282293583,1.4877072845757329,3
3.406793583704772,-4.0274663104691335,59.41826927994886,4.072758107212005,1.4591479900828943,3
3.38225684485622,-4.082095958667094,61.88463686298392,4.123779467364263,1.393180680008574,3
3.4342694722074367,-3.814557291275964,60.9022250255393,3.823556630971048,1.5270667389118466,3
3.4253256320953365,-3.384307203346121,60.739146738744985,3.3940975439615046,1.5930925993946012,3
3.380303277649693,-3.2304216563368646,58.32904866820606,3.258109440350666,1.5965987643716055,3
3.299722643537895,-3.479524818878597,55.18471305463566,3.5024488931261604,1.528287176313348,3
3.142438253210908,-3.932070622897018,59.11124341314735,3.9846824387598336,1.273899003114112,3
3.05403753499079,-4.036757882080931,58.52762556875218,4.037910128438939,1.1415056796047274,3
3.0791629013402497,-3.902999479677425,54.55485119100391,3.892312810407671,1.194219409420503,3
3.2268346021961243,-3.770048118836387,54.62487258058688,3.762386533801116,1.3699117486037364,3
3.294368933033011,-3.857985260766312,55.4128603802047,3.8612077156258695,1.4035817671088533,3
3.245571725195347,-3.9546455218139305,57.29264739904988,3.951970642505411,1.3220776519295896,3
3.15559055685331,-3.995662646586669,59.745475854287605,3.989237677451619,1.1998679651228403,3
3.097493636541526,-4.028473627633889,59.25294810034043,4.017814292588048,1.1269848726315206,3
3.060186799012083,-4.252826426948247,59.69446482738302,4.273805852708867,1.047732658892371,3
3.077245372633695,-4.3681713908744255,60.94565799649202,4.3891833747565405,1.0241073603070652,3
3.1659977409426725,-4.2275611541790665,61.40044430780677,4.234450580021522,1.1358036934996452,3
3.1205680476886606,-4.212269548597282,62.27313618153833,4.233487384945321,1.0817315405307542,3
3.0600985122126576,-4.097364931799178,63.3785470291223,4.089986273696301,1.032796167128579,3
3.095434239456773,-3.8555950705565554,64.0786876571911,3.83574825292193,1.0675001131089707,3
3.1489891819447777,-3.798646399428725,61.9420843071112,3.79212106273161,1.1579928504688108,3
3.136332013753539,-3.803827779919076,60.50767340207233,3.818968776884026,1.1709692684631772,3
3.098616719911884,-3.8192970606201855,60.330151541939,3.833902994347684,1.1408170155306767,3
3.1048501816541787,-3.7885160486125424,60.01772033435674,3.802645937690523,1.1580439559574227,3
3.211518428845113,-3.3848158527352923,57.077840943576206,3.39697939856758,1.3711219047034942,3
3.2771228145620674,-3.1241907500687924,53.91026301890112,3.1550498528187503,1.563226698497154,3
3.226005357071009,-3.31476230328309,54.95139295695211,3.3468057909491304,1.5216414702005243,3
3.047807845323444,-3.953814106946554,59.73197333905953,4.008966778909698,1.1994218686439446,3
2.93307411337698,-4.220827366386712,62.48701052958739,4.204631072848869,1.0113455626551664,3
2.910370060851454,-4.182721630821016,63.47341980747669,4.123608978100997,0.9550233316821092,3
2.9781655053186684,-3.9445031248657374,65.67713970844973,3.878917353113269,0.984757211954234,3
2.9468628787461606,-3.8494989059490874,65.27440357741031,3.784025170949585,0.962464992227501,3
2.84285761124595,-3.858645876026686,63.03807626223432,3.8128221794213655,0.904736339379956,3
2.7367289972038904,-3.9043046748837935,61.34802753299308,3.898254624958145,0.8301695508663882,3
2.7143127212311304,-3.8446964191990856,61.476460035952776,3.861469091649828,0.8194738263524445,3
2.769837267571987,-3.854282557631338,62.580175282568895,3.863063074357017,0.8688235699131499,3
2.741518173803829,-3.895764175074061,63.83380600060832,3.88969215201266,0.8401115523370278,3
2.6130403313556863,-3.626306629713687,66.40032988819996,3.573789242259617,0.640047296798429,3
3.022006114767913,-1.0715592180550593,66.97234446775983,0.955412270636548,0.2188172225512654,3
3.2147232953396587,0.1215784379889845,62.22611153458747,-0.0585268127768399,-0.1154347865025412,3
3.2223925590515137,0.0334606766700744,58.643436431884766,-0.012951917015016,-0.2302531823515892,3
3.89485502243042,-0.7602801322937012,36.009525299072266,0.6884353160858154,0.9722536206245422,4
3.857693549603392,-3.4155897959477484,44.56207829276048,3.530450489561437,1.692751574650996,4
3.7579842246858415,-4.374900179394221,43.61986655973445,4.430322116377663,1.5476433186881289,4
3.7859312275708734,-4.323358382208872,44.6665400488902,4.370223877793651,1.6912145493394235,4
3.80599677360664,-4.320968011004776,44.64163710168526,4.372646062387585,1.7297929579255271,4
3.800350721273045,-4.3323032034319,45.557629687637935,4.394711709965421,1.7287202312447931,4
3.783260070671469,-4.339535511146157,47.60075598247981,4.400312609591727,1.7030111005750752,4
3.7720856006536105,-4.250084688434493,48.731180632855256,4.299387581604349,1.7192474967342313,4
3.758619066012108,-4.35646804981986,49.06900192519366,4.415547519080383,1.6656063593040078,4
3.719731120739953,-4.386252831604521,49.37427772909908,4.443622492127499,1.608199366068436,4
3.668700230323662,-4.298967477291991,49.2838721625549,4.342733296970863,1.5765550870679863,4
3.716648919434197,-3.866884133236556,47.45489471780378,3.883409766827599,1.7679986771890674,4
3.722554041167437,-3.931156732268253,45.88548272343005,3.95554432626498,1.7748170464725816,4
3.711064199943327,-4.069398976988712,46.3762034831074,4.085423747024967,1.7293792282794156,4
3.777526758484921,-4.023723774710618,47.59130260230458,4.042775649808895,1.8417780998736453,4
3.750841843879829,-4.292265487929522,46.89704649327165,4.323909193782483,1.699151491714736,4
3.681712406503279,-4.341652568450756,44.606064101396974,4.39252850968959,1.5822717853858643,4
3.631700007928967,-4.282120187403792,41.5354034510036,4.349769104672017,1.567092804585473,4
3.654679039777336,-4.252533249935861,41.644826727398375,4.302344427270405,1.621877474299932,4
3.681798006855162,-4.219068898993023,45.02188793548756,4.239186311172227,1.673921245639607,4
3.719692596607963,-4.096540812045167,49.04416559510312,4.10581829588292,1.744366568360625,4
3.801507634631658,-3.873068518557791,52.26557954691224,3.903481851189824,1.916061973167678,4
3.782609142152603,-3.984268086104743,50.24043980830133,3.994196304493705,1.8248235330743303,4
3.7644150472630216,-3.869833239054276,48.53489512642898,3.870786575274279,1.8288354193423424,4
3.74239894495172,-3.953498589790475,49.19511426505397,3.962098081233139,1.813924623748003,4
3.617420282741051,-4.400629364164536,51.80916162264549,4.43435856177982,1.5399293023987677,4
3.586941436185675,-4.571568793496169,54.19305904841019,4.636129462786314,1.4530337907500186,4
3.569225687091633,-4.655374817929026,54.67397373005495,4.733159889609127,1.4024145077850858,4
3.4903155585466807,-4.645651520982301,53.9599126180013,4.735536672301212,1.3154145384912437,4
3.509068936277917,-4.1728841436784805,52.52606136515988,4.202751994806493,1.4612647012128674,4
3.5688469854451843,-3.7791882733167226,49.30955602354922,3.77987637762296,1.6235771158994257,4
3.600064501250531,-3.663360611867097,47.12953892939508,3.659693987356068,1.7497598390794744,4
3.600767282442858,-3.887656706201154,49.76590739535747,3.8802126895236433,1.7214123098190222,4
3.597220125844923,-3.677455982919467,56.18774840791347,3.649643687878625,1.774877041073169,4
3.621233253155725,-3.9663443188209335,58.08909279343772,3.981981751608985,1.6515019411421086,4
3.6136332460715943,-4.2555766590571,54.50637401429947,4.261431306095447,1.5713738788992673,4
3.623550249358355,-3.969024209652916,51.14958456007099,3.96093552799548,1.6717695119017266,4
3.5883987488719704,-3.813712544360403,48.74684699107024,3.812955246133319,1.6696419837111134,4
3.555092874893361,-3.843537449163232,48.28770649365786,3.8353406992335777,1.641528798361956,4
3.561468108225677,-3.905790716914807,49.28098723847988,3.8911220421225337,1.656955098701736,4
3.59535898865953,-3.72740347641336,52.1548215790657,3.70596843924226,1.7603798027092454,4
3.5992783260884256,-4.005641331106931,51.1485882775258,4.006921269799358,1.6492972838676572,4
3.5351302179239563,-4.1641688589322365,47.3705341533079,4.176291764792749,1.5324630898944402,4
3.5490464652325477,-4.0207421954742255,48.21220712607863,4.012672400070449,1.6105960223634364,4
3.470203029233857,-4.238542349325062,49.81842472054864,4.260601798019841,1.456864569146754,4
3.410010176189876,-4.26880153559022,50.238364979372186,4.2855608261237705,1.363830673492561,4
3.459636662639467,-4.07034069804822,50.153313954671226,4.057663984891385,1.498543676683458,4
3.369413392018463,-4.065582213428735,52.49376551310223,4.064827302081437,1.4099415102920954,4
3.4468264094853813,-3.840046979613221,52.767324027368566,3.824704610695271,1.5314928555892706,4
3.586310350288779,-3.735932525268384,50.43848412723864,3.743009594200696,1.7612387103549505,4
3.542790806226137,-4.179431198680469,49.84514191191075,4.196638225835596,1.5641236904650755,4
3.5688129037113514,-4.189122967800852,49.53855449870481,4.19483497587301,1.5668977903107464,4
3.5782279806622,-4.162798458573509,48.87968175424695,4.171957751451913,1.5795944383588882,4
3.5363612606027037,-4.244352235632428,49.47093838621669,4.251475546993105,1.5106758929915347,4
3.5614327454971058,-4.252705719511388,51.88310726618364,4.268644906706729,1.5426143104747192,4
3.651921836669836,-3.90105881664039,50.69272686802061,3.890342433573836,1.7206509948450297,4
3.739289837368464,-3.5185594262376343,47.181507347667285,3.527753155110246,1.9429659553840333,4
3.784192990448515,-3.411339662842831,45.68310792567367,3.422620728864508,2.077597517078206,4
3.720344217483606,-3.4570695101204567,46.78087803468867,3.4408626502516584,2.003603362767709,4
3.689595222473145,-3.694324652353922,47.54323196411132,3.677240451176961,1.8955234686533609,4
3.642430471161664,-3.6042667324260127,44.27276986332262,3.563163397675853,1.8527963343313183,4
3.618625034720211,-3.5582769213423218,40.71450434970317,3.521453270130912,1.851032521091612,4
3.5634409276779087,-3.6246802375815017,41.94738131593179,3.571523714873751,1.8019783166842265,4
3.521965770398156,-3.7699797436342406,48.43426675311592,3.708849652338837,1.6922361911353412,4
3.5226215413734736,-3.639044376416394,47.97816482371529,3.561648836243623,1.7140746338892794,4
3.474037737496155,-3.5455828507741294,47.47035570737333,3.4874563729022183,1.7058543458496782,4
3.404515173475621,-3.6546854003001066,50.50759913557667,3.5969562045598438,1.599328580549208,4
3.3476593440535383,-3.793908775189504,52.4630403895836,3.73833643514558,1.489303854899217,4
3.415616089341331,-4.170349546744999,50.91350977838375,4.162057324317891,1.4324113750188363,4
3.406577037552656,-4.179116273330429,50.91856080394681,4.178633673716399,1.436094880104065,4
3.344385949905309,-4.155042335811982,54.397886761164266,4.145411809285482,1.3619861683603058,4
3.348137769321937,-4.296711676538327,55.60574304181977,4.305738818174028,1.3138012239488506,4
3.398073588387441,-4.37434891522941,52.78628669350831,4.40898929208012,1.3292320097907118,4
3.3967090259164063,-4.209705740718516,49.40364223415568,4.239892525861491,1.3836888438564237,4
3.362340411223934,-3.9335098616820936,48.50746409098307,3.9290023375365686,1.4320150465615051,4
3.3277773412607483,-3.79850123696408,47.03852100695593,3.784167415004666,1.435241559804496,4
3.2743507172428283,-3.758682570214999,45.42390717759644,3.744524942279536,1.4160354184565571,4
3.237002209754987,-3.894134982157564,45.196639691369015,3.880906185861364,1.3547400222659778,4
3.2550859491703874,-4.194164825698078,45.840406062239325,4.197430222721423,1.2982816898216634,4
3.219608262433844,-4.185721031016549,50.23857437823454,4.162265545904299,1.265010954296521,4
3.2158230374761896,-4.125353842805335,52.99818825587041,4.085074826148944,1.2361630969128368,4
3.2508359117023016,-4.038247156951387,49.81228301484706,3.9990364494970287,1.310236185283984,4
3.2991465902597894,-4.02241127639167,49.228270902472026,4.006590172395868,1.36602963364057,4
3.1563108492705765,-3.9294083764997567,48.45271546961896,3.924269533426747,1.2525356826135656,4
3.001875505609028,-3.851592585191889,47.21023591898256,3.817550566236852,1.1624009811272058,4
3.140345228593902,-4.025477972407799,51.31157218803794,3.9957498574661,1.268087117011938,4
3.187239958068072,-3.902974099089197,53.573236971925205,3.850180095198464,1.3024411652721255,4
3.243925147137401,-3.568675780700421,54.77441988152975,3.5071744231854423,1.393090593612803,4
3.4287274921007755,-3.372926908697789,56.82320761815302,3.3621233964370507,1.6303030245721677,4
3.472197915201133,-3.910401157066653,55.21253038395593,3.925000337557609,1.5632246800061664,4
3.400190684754969,-3.9820725877406233,54.29611096139681,3.990873458021778,1.4686783127865548,4
3.358105573277016,-3.935562397800596,53.51966360059835,3.930279377490113,1.4202158471285289,4
3.443625629284961,-3.850551923116048,53.74559719279661,3.8426716610536737,1.5635240239612125,4
3.448269351054046,-3.768911232382564,57.27905098866611,3.769186254275047,1.598593612848702,4
3.43740447901063,-3.962724103765977,58.57947945460085,3.977254786733858,1.4878946771729449,4
3.4549019929379394,-3.97493616605209,55.179585710083686,3.969290036939631,1.5031014606777562,4
3.561862715220048,-3.5065463518692264,49.92625259140789,3.49907057164079,1.7888595047643645,4
3.537718060326441,-3.705697058284349,52.376173073289074,3.737902343609912,1.751781707429617,4
3.487408216390232,-4.057048576699813,57.12825563937258,4.074334272557061,1.5374122029643935,4
3.459082841873169,-4.097063880855753,55.70670848781776,4.078957727399922,1.4782862360194575,4
3.483834145432812,-4.0305176346989,54.97061948183566,4.025306677414199,1.5278447886644786,4
3.4420803603479406,-4.2330566260774285,55.05975507746982,4.2658828719187625,1.423812362433825,4
3.363453638755669,-4.374078007067665,55.96819441197282,4.417853921146716,1.300281714584868,4
3.3819632570622336,-4.276296548250705,57.7774421993622,4.310077907001904,1.3472970117956904,4
3.4138969499512584,-4.349290713078559,56.2689438728289,4.396470414716645,1.34032975415052,4
3.405004250801216,-4.204187465926347,55.29421240596449,4.243713071790792,1.3743651256722922,4
3.414006230521337,-4.008904201162737,56.36649141473283,4.024800761271331,1.4249303704601226,4
3.441540458108072,-4.000465060357993,52.31656269569182,4.006166840677207,1.463370527251292,4
3.502490172951909,-3.693440962645965,48.84138165490101,3.6879596023236263,1.6336091574976015,4
3.509006349380406,-3.487274691209953,47.58536632990432,3.4805289985096373,1.7428350987407444,4
3.377982303921112,-3.431722895573761,47.4068210407839,3.392596732425151,1.6408779587449325,4
3.29857138051825,-3.367978156623193,52.19803347830052,3.296926470126135,1.566325165457644,4
3.381146715185736,-3.620903079792604,54.92626621224786,3.582664143567704,1.5653556302442388,4
3.4883981060847056,-3.763569256680159,52.80914129914536,3.737121905310679,1.6630749790008466,4
3.567232705778995,-3.605314974057473,51.397711285090026,3.5842244988780925,1.8045943894628744,4
3.5429651521693515,-3.815537476943712,50.506971887276,3.814445297596819,1.6836825272457745,4
3.484901733991116,-3.857743862658569,50.80024260181493,3.8400139970294487,1.5870911549713649,4
3.479222887653416,-3.6845421831486593,52.35427196955277,3.6478669320122674,1.6396166106401864,4
3.4830608367919926,-3.605809847513836,53.08797327677412,3.5757543245951355,1.7136431535085055,4
3.416176139971629,-3.4887679269758323,52.582657205182976,3.446796696064836,1.6698067417252511,4
3.2696413993835445,-3.4631115501209835,54.32124483787407,3.426188105243747,1.4996207568605064,4
3.2703481084209383,-3.093388813363626,50.03093725948003,3.057895055598454,1.621492766391089,4
3.325952796612756,-3.2769894667264423,47.0546963363044,3.278512965487894,1.7107653227229578,4
3.3666317462921147,-3.913168882919572,50.29510582099527,3.922179036221264,1.5402888120230978,4
3.4271369034287624,-4.064766584816626,48.40572977874234,4.043878016498803,1.522992353654851,4
3.36495185167776,-4.005928920487226,49.63012430223369,3.988302125769146,1.472598093377668,4
3.267958487494516,-4.09747108362489,54.436214964268615,4.069835105184783,1.3239706067715644,4
3.1797038431221485,-4.2327270777212025,56.73926979539085,4.214057475160071,1.181485310786188,4
3.186453995731591,-4.365711872187038,56.77084775159587,4.379457368689069,1.1462267502553043,4
3.2040371571557,-4.389282105332714,55.75060899378888,4.415604413565943,1.1505875324798849,4
3.169487166539424,-4.226141547079139,55.07880496439961,4.239037400585109,1.1743869451479725,4
3.1339435658212444,-3.500049646291348,56.6641372422041,3.479899450884019,1.1458889508651482,4
3.2117576316251597,-3.179968045929731,62.25935415494239,3.1374306840411688,1.327809061034251,4
3.3138552479824783,-3.3785121171487957,64.44466352732167,3.4221916427720096,1.4221884274886831,4
3.374853718752242,-3.572218958267385,59.79218147838176,3.613306393057613,1.520620877459899,4
3.39190394595518,-3.531768592737489,56.996559207722285,3.566773572210538,1.5838056661314883,4
3.3711542288462315,-3.649099157354928,53.27592524296815,3.684290422558113,1.527820581096713,4
3.336871827389561,-3.848349976674312,50.20746892724333,3.8762602604041674,1.4624150122626354,4
3.322702072434506,-4.126892607090838,51.70237305204749,4.154537217091707,1.3744467092772654,4
3.2291203447654406,-4.201509362560208,53.37292236931581,4.220592396407477,1.2483997378645626,4
3.1029825816720216,-4.059912856689279,54.97401872193073,4.042627927273679,1.1507650950534194,4
3.0723115428019385,-3.7691846257549217,57.29311939821405,3.722927182407702,1.1372832463959528,4
3.1394795024462336,-3.794194381789299,56.944143564687614,3.7573640184887385,1.2255679193863087,4
3.253057506798352,-4.041088500265349,57.194050481763945,4.051249364001605,1.278921474171224,4
3.290039054418014,-4.229536444453872,57.093452647580925,4.252585346415894,1.2787678019475115,4
3.217070912237221,-4.277299118580791,55.975426172806046,4.304604201667052,1.2075686077613614,4
3.2364205155668966,-3.989511466969201,58.51442852128028,4.001300994959251,1.27946597842847,4
3.243614204859329,-3.850926661895493,61.89015954227771,3.8549857341637046,1.2921764082827811,4
3.1720522864390226,-3.9004288029536025,64.03450176001944,3.899824760727965,1.2079531600919815,4
3.1353852964390474,-4.035194227250956,67.11962963901671,4.0619196757084906,1.1331193972442106,4
3.1936464794611528,-3.9313193094932415,64.78811710163697,3.947265726024821,1.195641590377032,4
3.25657879161296,-3.8530985999242064,60.03137868676478,3.86578467202052,1.2832582973491005,4
3.2813567145396085,-3.857408977497769,58.11049908567957,3.877711285305562,1.3522216047944322,4
3.398148156828801,-3.3773858425980863,62.29598113237806,3.400759329230094,1.5730793678154391,4
3.478425424651238,-3.059408466694716,61.47519642889155,3.121622689026221,1.7334594187763477,4
3.438705405273006,-3.1751536662969237,58.09091983946031,3.242376742389918,1.755031189676058,4
3.318278886504091,-3.797845670732407,61.213808544611545,3.8999990891602128,1.4919103485042728,4
3.14932281284009,-4.0431317744282005,59.62144528405141,4.099333202771548,1.2421412898995785,4
3.11420620363311,-3.904616598355566,56.95156877593133,3.9308634302710384,1.2345194661684649,4
3.2719026864585232,-3.7416317099231846,58.305599665237686,3.765217368885629,1.411959056126868,4
3.21488182692878,-4.151038797561733,57.79313368716482,4.20105812643881,1.2437896573610892,4
3.1310526543417887,-4.3398500027629625,59.32973253929011,4.380551920098775,1.1165481940501143,4
3.123952780739736,-4.274958764092397,61.03419727390095,4.286358784821074,1.0958628412020408,4
3.1809016971264863,-3.943419845764244,60.74908029157561,3.92261103452262,1.198338465502034,4
3.253825082617292,-3.706272936136706,57.92983023864395,3.689909204924844,1.3304522455075392,4
3.12829347384178,-3.7436131380372135,57.46210214647197,3.753697763055059,1.24485980252088,4
2.902301660365304,-3.8265078741278336,58.80975611196398,3.834482011148484,1.0052627830182097,4
2.920081108976892,-3.737730996083405,55.97124302319888,3.7312464916099937,1.066262486290797,4
2.962592015832158,-3.3456421787455874,56.33675125897944,3.339188987925896,1.157785272194167,4
2.99130784589692,-2.9489956939287776,56.85471199595991,2.9597475919346348,1.2236837168871384,4
2.873903960157922,-3.1220773775025283,51.75759721745204,3.1845210783899174,1.2352507026855557,4
2.799802557896759,-3.2105286323418056,51.50148327067749,3.282278218511808,1.186264609886427,4
2.6099130191371938,-3.5696406741600253,53.39522666715633,3.6035192484236034,1.0159787498624986,4
2.380645659010288,-3.958349522897755,54.27177903342383,3.960061911135745,0.7881595552977864,4
2.2880132683252867,-4.103844666885111,57.03726998022055,4.047977770789188,0.6612575266320796,4
2.607916307988144,-2.0738351345062096,59.44915995624778,1.9996687261398065,0.3670305655164209,4
3.138256152470907,0.0066094572818961,58.43055102245956,-0.0647098530231219,0.1422151881927846,4
3.199276924133301,-0.1441525816917419,60.12082290649414,0.023015790618956,0.0381746739149093,4
3.822108745574951,-0.9315080046653748,37.67631149291992,0.8664029240608215,1.1104427576065063,5
3.852642993927002,-3.530749034881592,49.098844604492186,3.643615064620972,1.6329416608810423,5
3.817977409362793,-4.199514503479004,47.24947219848633,4.258238487243652,1.671881251335144,5
3.865694999694824,-3.870138711929321,44.727257080078125,3.9334272956848144,1.921163020133972,5
3.905269756317139,-3.7020490837097166,43.97932006835938,3.768826417922974,2.0473322677612305,5
3.946079444885254,-3.676587724685669,43.91854476928711,3.729071617126465,2.1083366870880127,5
3.941686849594116,-3.7091501998901366,43.74189147949219,3.761995248794556,2.10406982421875,5
3.869715013504029,-3.8594376754760735,43.07837203979492,3.888377513885498,1.9618642854690551,5
3.859759292602539,-3.7664475631713863,42.533876495361326,3.775012445449829,1.9809687995910643,5
3.852937860488892,-3.784185390472412,42.17860488891601,3.792593116760254,1.9770362138748168,5
3.801995372772217,-3.811190414428711,42.98284912109375,3.80969066619873,1.923562431335449,5
3.768594951629639,-3.635815296173096,45.863203125,3.617798309326172,1.9593068361282349,5
3.727838287353516,-3.5928600788116456,47.48430450439453,3.562089262008667,1.9181686592102047,5
3.697097806930542,-3.654898271560669,48.19091949462891,3.620468683242798,1.875906329154968,5
3.692028198242188,-3.775844135284424,49.58445648193359,3.7470226764678953,1.8513554382324215,5
3.749021005630493,-3.590149784088135,50.30179138183594,3.573124647140503,1.9886489152908324,5
3.7500127029418944,-3.840687026977539,48.83597808837891,3.8388376426696778,1.874868564605713,5
3.687956771850586,-4.015646123886109,48.2085417175293,4.003027391433716,1.7419185161590576,5
3.652108411788941,-4.146721134185791,50.30362182617188,4.1435109138488775,1.6600424480438232,5
3.692779331207275,-4.251332130432129,48.74006225585938,4.264130115509033,1.6520687437057495,5
3.719223690032959,-3.830751371383667,46.10956954956055,3.836361598968506,1.7918537139892576,5
3.7482340908050538,-3.3664384651184083,43.92582595825196,3.3709019470214843,1.9978276777267456,5
3.806312322616577,-3.234225940704345,43.33495483398437,3.23856686592102,2.181153726577759,5
3.7412283992767335,-3.913779382705688,45.94054580688477,3.916269207000732,1.8893267107009888,5
3.690426759719849,-4.227580127716064,49.02799301147461,4.217112350463867,1.6754690933227538,5
3.7160723209381104,-4.131219387054443,49.747745513916016,4.121331691741943,1.7361664772033691,5
3.737292919158936,-4.011027088165283,51.43185363769531,4.013462543487549,1.8068353128433228,5
3.676767644882202,-4.072408599853516,52.75334228515625,4.077882194519043,1.6935854721069334,5
3.619345989227295,-4.094464263916016,52.927554321289065,4.088039989471436,1.5998836755752563,5
3.656059904098511,-3.973798789978028,52.16425018310547,3.973227682113648,1.707891497611999,5
3.7561133861541744,-3.506106519699097,51.71275177001953,3.516471195220948,1.9902319908142083,5
3.750979280471802,-3.78167513847351,49.96420150756836,3.813653154373168,1.886110763549805,5
3.625953435897827,-4.026274814605713,49.817587890625,4.028342151641846,1.667613925933838,5
3.5246471977233886,-3.9506986331939697,54.60933746337891,3.939031219482422,1.5794337224960326,5
3.522979726791382,-4.035325050354004,52.60015563964844,4.020019493103027,1.530874752998352,5
3.533660078048706,-4.035890674591065,48.738214111328126,4.032546138763428,1.5613996267318726,5
3.544859056472778,-4.03772253036499,47.74727432250977,4.039374303817748,1.5935301017761232,5
3.6193101787567135,-3.7735923480987545,49.00529174804687,3.761677112579345,1.7714725875854491,5
3.6520285320281984,-4.12605260848999,50.22620635986328,4.135280618667601,1.6835006093978886,5
3.6293686199188233,-4.125043468475342,50.45589202880859,4.125657196044922,1.6289968538284303,5
3.588215780258179,-3.779914855957032,49.55252685546875,3.749987602233887,1.6933606386184692,5
3.560530414581299,-3.31265552520752,50.62652252197265,3.2648605537414555,1.8063486337661745,5
3.4732589149475097,-3.307700500488281,52.30932876586914,3.26794792175293,1.7504228591918944,5
3.441088447570801,-3.481876516342163,51.25516876220703,3.448709115982056,1.675952296257019,5
3.568315296173095,-3.465966234207155,46.34367446899416,3.4485837173461924,1.8627568912506087,5
3.698149299621582,-3.000205469131469,42.18674621582031,2.9893480777740478,2.173261165618897,5
3.742607278823853,-2.9790589523315423,40.97439987182617,2.976928644180297,2.2615183448791507,5
3.6990800952911376,-3.2158579730987555,43.23457580566408,3.1842147159576424,2.147562417984008,5
3.614598217010498,-3.432109928131103,48.24268966674804,3.373866167068481,1.9609988546371464,5
3.5605883502960207,-3.910604724884032,52.40785263061522,3.866185779571532,1.695144019126893,5
3.4633936882019043,-4.21554708480835,52.943092346191406,4.189239025115967,1.4713129997253418,5
3.310478954315186,-4.333783206939698,50.90317825317384,4.33876974105835,1.290623083114624,5
3.386780204772949,-4.074865646362304,51.31908660888672,4.061646785736084,1.4473784732818606,5
3.2945514202117927,-4.261703662872313,51.97931610107422,4.306053943634032,1.3105461931228648,5
3.155004234313965,-4.278266811370849,51.52504348754883,4.321135063171385,1.1712098979949952,5
3.3120457649230954,-3.8358121871948248,50.181948089599615,3.816537141799927,1.440607547760009,5
3.4705448436737054,-3.894465436935424,50.522138671875,3.8849966812133774,1.590286345481872,5
3.5690621948242187,-3.9157581520080567,50.42908905029297,3.9061816120147705,1.6733198165893557,5
3.579361524581909,-3.94721885681152,50.16669784545896,3.9370700263977016,1.6984658145904543,5
3.489967021942139,-4.057579975128174,51.56318862915039,4.051770915985108,1.5605384445190429,5
3.3350957870483406,-4.315120983123778,55.61667175292967,4.329304409027098,1.3176060676574717,5
3.2373560810089117,-4.515524406433106,58.731441497802734,4.565798320770264,1.1451189661026,5
3.277132158279419,-4.518376369476319,57.0212191772461,4.571654281616212,1.1817429018020629,5
3.3609816360473634,-4.246200847625731,55.00092987060547,4.275510330200194,1.3376978302001958,5
3.446008234024048,-3.940020999908448,53.11632110595704,3.946965713500977,1.4943720149993895,5
3.493851137161255,-3.648703479766847,50.81989669799805,3.641223239898683,1.649636840820312,5
3.4697540187835694,-3.593440170288086,50.58957794189453,3.58117413520813,1.6560595178604125,5
3.3765070343017585,-3.669212322235107,51.45527114868164,3.6483468151092526,1.5378658485412604,5
3.3254832458496093,-3.7935791397094727,52.03409927368164,3.767672395706177,1.447553277015686,5
3.412014827728272,-3.928640871047973,52.74566543579101,3.911528730392456,1.5176209878921507,5
3.43862943649292,-3.936708545684815,52.76304550170898,3.919111680984497,1.533944010734558,5
3.3433267402648927,-4.016715984344482,52.87340805053711,4.013278036117553,1.403580875396729,5
3.203467607498169,-4.098128471374512,53.6300001525879,4.09610466003418,1.2455887031555173,5
3.1813020801544187,-3.982608804702759,55.56203887939453,3.959370212554932,1.236559019088745,5
3.202045631408691,-3.704169378280641,56.3108155822754,3.6631020736694353,1.3030206584930415,5
3.249389171600342,-3.3924567699432373,53.30349349975586,3.366112470626831,1.436115860939026,5
3.324982633590698,-3.3729700851440407,47.85724487304689,3.376795883178709,1.60412926197052,5
3.3919506740570067,-4.336332664489747,49.31916061401368,4.407683753967286,1.4021324348449704,5
3.348363962173462,-4.286204071044923,52.698082427978505,4.310444622039797,1.3648151874542236,5
3.279026107788086,-4.249672489166261,54.7719499206543,4.248647556304933,1.275777149200439,5
3.2452173233032227,-4.611730098724365,56.1815185546875,4.678430080413818,1.1439208030700685,5
3.2399637126922607,-4.535985717773438,56.9208366394043,4.591845436096192,1.1608995962142945,5
3.1894293880462645,-4.404273300170899,57.03155471801758,4.437573356628418,1.1278936195373537,5
3.149906435012817,-4.118492078781132,57.69662353515624,4.130593748092655,1.1470780944824213,5
3.360254602432251,-3.2941442584991454,60.12306106567383,3.290321578979492,1.444237689971924,5
3.5311729907989498,-3.3614279270172114,56.80034713745119,3.4080297470092766,1.718341922760009,5
3.594412908554077,-3.702397289276124,52.85250869750976,3.743537540435792,1.7573861217498776,5
3.553111047744751,-3.989935083389282,50.19547317504883,4.011504096984863,1.6268434190750125,5
3.4876487350463874,-4.006671781539917,50.155909576416015,4.0102276039123534,1.5487722539901738,5
3.4847255897521974,-4.00738260269165,50.79839691162109,4.003790702819824,1.5269944190979003,5
3.471750211715698,-4.153329181671144,52.48613662719728,4.16079263687134,1.4877413511276238,5
3.4017391109466555,-4.445672683715817,56.47983627319331,4.487298831939695,1.338329763412477,5
3.4165250396728517,-4.491664295196533,60.10527267456054,4.563627586364746,1.3529029607772824,5
3.4926408767700194,-4.110981884002685,59.582878265380856,4.142815837860107,1.4969620180130008,5
3.5581324768066405,-3.6798216819763176,56.51809158325194,3.687764739990234,1.6700835037231447,5
3.5290770053863527,-3.6540172576904304,55.188498687744136,3.6552198410034182,1.6676554441452025,5
3.5654410552978515,-3.4590809059143077,56.01669326782226,3.4598622322082524,1.7903476762771602,5
3.5625195217132566,-3.7505471515655535,55.75982208251953,3.776208324432375,1.7023579978942862,5
3.470004806518555,-4.066011295318605,53.77746139526369,4.072859592437745,1.493949666023255,5
3.452877798080445,-3.906315879821777,51.15949691772461,3.889389438629149,1.5307401561737064,5
3.366074323654175,-4.290102005004883,52.99625015258789,4.348810195922852,1.351853847503662,5
3.2773320960998533,-4.629835472106935,56.10261856079103,4.723722209930421,1.1544508075714104,5
3.244089946746826,-4.649193325042726,56.04208724975587,4.741688804626468,1.116513724327087,5
3.2919681549072264,-4.25524965286255,53.88481506347657,4.281714897155763,1.2570550012588495,5
3.177239322662353,-4.187884864807129,54.2011637878418,4.231258277893067,1.1766640233993524,5
3.052794933319092,-4.220768642425538,55.61982421875001,4.255908298492433,1.053444004058837,5
3.16240177154541,-4.036045026779177,52.49207626342776,4.035545406341554,1.2169572734832752,5
3.148159074783325,-3.850715494155884,48.05185180664063,3.869974231719971,1.2635682678222655,5
3.117529048919678,-3.8849371528625496,47.32778640747072,3.8940516185760505,1.248407416343689,5
3.1871591949462883,-4.024579582214355,50.485050201416,4.01435094833374,1.2634193038940429,5
3.269289302825928,-3.995297622680664,50.5153205871582,3.9672495841979982,1.3447831869125364,5
3.2634179115295407,-4.059308509826661,53.79015136718751,4.053704452514649,1.318381323814392,5
3.2455341243743896,-4.056678514480593,57.44450103759765,4.036853780746463,1.2641836261749262,5
3.27796929359436,-3.838411922454836,56.59187713623049,3.79951954841614,1.3449291515350332,5
3.426207294464111,-3.559736242294312,54.28409591674805,3.540519027709961,1.6053010797500606,5
3.532847166061402,-3.666489458084107,54.36304779052735,3.681909799575807,1.7172083616256717,5
3.5974099731445306,-3.8641088676452617,54.91092834472657,3.87615955352783,1.7147362041473393,5
3.654604787826538,-4.047537956237795,53.475549316406266,4.055512752532961,1.769429106712341,5
3.612372903823852,-3.906062078475952,52.71063064575196,3.910055103302002,1.702131338119507,5
3.528669824600219,-3.928651990890504,53.08776168823242,3.9189920330047614,1.5813281917572013,5
3.4452471733093266,-3.984929084777834,51.57390441894533,3.9717709541320816,1.4820834875106812,5
3.424988985061645,-3.731929426193238,49.69064056396485,3.70279543876648,1.540576214790344,5
3.461148262023926,-3.6780381488800056,49.06858322143555,3.6528889560699462,1.6153520011901856,5
3.497547435760498,-3.841144104003904,50.57014144897458,3.81891548156738,1.6353814315795907,5
3.48372618675232,-4.030158214569091,53.45418716430662,4.013417377471923,1.5617109632492074,5
3.3159067630767822,-4.126121520996094,58.47819900512695,4.135553359985352,1.3475922346115112,5
3.166827478408813,-4.11020845413208,60.59374176025391,4.104141998291016,1.1796293067932129,5
3.1494664764404297,-4.031873874664309,58.52654739379885,3.998655662536624,1.1823098850250235,5
3.207743330001831,-3.6235334014892593,57.59278930664063,3.5931724548339856,1.3153470706939692,5
3.160843706130981,-3.58181755065918,57.86565658569336,3.574260978698731,1.303247499465942,5
3.0178847312927264,-3.808089828491208,59.453559875488246,3.793037319183347,1.1488822698593155,5
2.9003798389434814,-3.9917880439758298,62.28278228759765,3.968946294784546,0.9775179362297062,5
2.9729301738739013,-3.8804564666748047,60.88496978759766,3.835460653305054,1.0392628335952758,5
3.057012920379639,-3.855083141326905,62.0143315124512,3.8389058113098153,1.1191109609603884,5
3.1184228229522697,-3.872511510849,66.25880859375,3.886458845138551,1.120505542755126,5
3.1909074783325195,-3.714514160156251,63.39237442016603,3.712814903259278,1.2437367677688596,5
3.135568904876709,-3.5477871131896968,64.13272277832031,3.567678251266479,1.2308469581604002,5
3.0938802623748782,-3.546623258590694,64.55068923950199,3.590540504455562,1.177550463676453,5
3.074098920822144,-3.789685955047607,61.6945817565918,3.8340404415130607,1.1671458530426022,5
3.0815944862365723,-3.6658908843994142,66.45773529052734,3.71319661140442,1.1639424800872804,5
3.145872926712036,-3.8446991443634047,67.27726593017577,3.928031969070436,1.1613880157470702,5
3.1537821197509768,-4.016621513366699,64.64623535156251,4.076224002838134,1.157738680839539,5
3.1084379291534425,-3.964236650466919,64.14231567382812,4.005640335083008,1.12448920249939,5
3.0954795551300047,-3.999212512969971,64.82702392578125,4.041431217193604,1.097486171722412,5
3.088443441390991,-4.114561634063722,64.4226885986328,4.152029170989991,1.0587778091430662,5
3.101956987380981,-4.191459083557129,62.370167541503925,4.2162010192871096,1.0429831027984613,5
3.2121706295013426,-4.155876808166504,59.71595031738282,4.177379894256592,1.180044054985046,5
3.346080875396729,-4.162726421356202,59.614432678222656,4.213799476623535,1.3450593709945684,5
3.388769750595093,-4.191684665679932,60.79714614868163,4.24724308013916,1.3972502803802491,5
3.3250872230529787,-4.1580863761901865,62.272670288085926,4.193737030029298,1.3290966606140142,5
3.2818245887756348,-3.993709087371826,64.18209838867188,4.0261054039001465,1.29284930229187,5
3.334485282897949,-4.039507293701172,64.38071014404296,4.11143186569214,1.3335372114181523,5
3.3759757137298583,-4.036465511322023,63.17911270141602,4.091025753021241,1.3918274688720702,5
3.359851350784302,-3.931630086898803,61.25941848754884,3.952210988998413,1.396782674789429,5
3.37485671043396,-4.11509521484375,59.38699172973632,4.155014362335205,1.369328284263611,5
3.366829156875611,-4.204108142852783,58.86595993041992,4.253764629364013,1.3538042545318605,5
3.301131982803345,-4.186508960723878,60.60776550292966,4.2251713180542,1.2977695465087895,5
3.2184562492370605,-3.961373634338379,65.17670104980469,3.995792741775513,1.2112432289123536,5
3.169299421310425,-3.913317241668701,64.8862905883789,3.92896951675415,1.1758221626281735,5
3.1718541431427,-3.701123256683354,63.2634162902832,3.7046226501464887,1.2266243219375594,5
3.253122949600219,-3.249454402923585,62.32684936523439,3.2738947868347177,1.3704523563385,5
3.3272655677795413,-3.0802284812927248,57.84718887329101,3.1241697788238527,1.590889630317688,5
3.3773993587493893,-3.364860496520992,55.10257461547853,3.4310459804534874,1.6314211225509645,5
3.2507765674591083,-3.889181280136104,58.90197753906245,3.942561111450191,1.4295694494247464,5
2.967320184707642,-4.277940578460693,65.71179229736327,4.330042381286621,1.0154791975021369,5
2.94820237159729,-4.228988075256347,63.27782440185545,4.169650173187256,0.9740895867347716,5
3.029687843322753,-3.890298089981084,56.49937179565437,3.851397886276249,1.1063368749618512,5
3.04839017868042,-3.6906545829772943,53.42044311523436,3.682702236175536,1.2113158702850346,5
2.9275007534027098,-3.895235109329224,60.97441482543946,3.895504522323608,1.024626660346985,5
2.8477502346038825,-3.874468212127688,67.3306240844726,3.7610015106201207,0.9022286820411706,5
2.765624475479127,-3.855818462371825,67.71854553222659,3.690590715408325,0.8269419074058538,5
2.6652844905853272,-3.9398408508300777,64.3514111328125,3.801089057922362,0.7742695355415342,5
2.632509355545043,-4.013460159301758,61.95387802124024,3.949010639190674,0.7717054343223566,5
2.339251699447632,-3.4740999317169403,60.02777130126958,3.479362020492576,0.4415425550937717,5
2.9090576267242403,-0.4154273247718882,57.86484573364257,0.4605614924430927,-0.0288404913246636,5
3.274627923965454,0.061987817287445,60.381446838378906,-0.1042653992772102,-0.1467411108314991,5
3.891945838928223,-0.8175080418586731,36.46410751342773,0.7560626864433289,1.1383960247039795,6
3.855697357585664,-3.1149606015640874,44.7194060397286,3.2084050729784663,1.9257722824295127,6
3.7552282148702982,-3.815446203154636,42.75023412980096,3.824478739258871,1.774970333011164,6
3.770440447537196,-3.6961920261383057,41.07469329392979,3.700980140983714,1.9233325933445395,6
3.763684909467752,-4.065928800946716,44.28885988003946,4.083225867651791,1.8246542174003029,6
3.767583441872128,-4.225806536702063,45.53492957319138,4.2405237214413685,1.7398454653734416,6
3.812573359880833,-4.253607383353173,42.69525918243937,4.303517250656393,1.767623019356259,6
3.8708293079640814,-4.309616700762269,39.71613373508343,4.396109349465784,1.8273652550802064,6
3.85343552186999,-4.062209534507266,40.70934752094952,4.117352356111383,1.879485047621534,6
3.808256390466856,-3.851776201600973,43.12420429384088,3.8657208067833344,1.86795753343946,6
3.749614751407866,-3.7707949497796207,43.22338840727172,3.770766693732642,1.8458694557234043,6
3.650948247468541,-3.919519662857056,41.0161705678598,3.922553409730768,1.7235895698470187,6
3.658755879870729,-4.075998468895179,45.21445566519148,4.07396853452473,1.718954109732126,6
3.71358461876136,-4.023791981570293,49.039229288266576,4.005386568907368,1.763948093949026,6
3.699250532712551,-3.988025290428558,48.73649985252777,3.974269875212211,1.7608517422152394,6
3.5510991005539205,-4.47522580141277,48.88896064537798,4.5166208812956175,1.4403253070191842,6
3.51764742625242,-4.501197227852882,49.55589254743102,4.5483266328800624,1.4004304719109066,6
3.513562819861263,-4.468667352819718,49.99372548450624,4.515315943370664,1.4053429799272834,6
3.4911223146956782,-4.418183583055617,50.35374929174522,4.456063791506552,1.3998991257882534,6
3.587701109792456,-4.100997446589387,50.83907260784524,4.11358787972114,1.610252915090219,6
3.723674024460633,-3.701736406094766,49.044832593443765,3.699987294356947,1.8719197339405211,6
3.7424557057419263,-3.851920767326576,47.04408954333708,3.8763903303642495,1.8756422493499136,6
3.609822707369149,-4.264932395405852,46.92710135575664,4.290986022508213,1.58221033887367,6
3.6112093760099024,-3.903518166845245,49.43650277639399,3.887819700847472,1.6968676837193482,6
3.5793770682605013,-3.90696687918867,49.52211417490347,3.891579887081433,1.6403616797717318,6
3.5203820225820377,-3.961457110553808,47.17392635896716,3.948589209187237,1.5623310742350671,6
3.508476637691432,-3.9443486026256753,44.04106142341745,3.936334866319777,1.5855090976450488,6
3.5753401207786077,-3.634619372428497,41.68816126564335,3.603021244093173,1.769072013094246,6
3.643340088728536,-3.9748378916282863,45.00028228759765,3.960576702404573,1.766677479523455,6
3.663760210048257,-4.272491992553535,49.68387363411788,4.263027758956644,1.6561530015372126,6
3.6221972517884535,-4.1484175748218695,49.434898222112935,4.120488210909628,1.6176988458357795,6
3.5998272854468727,-4.01545701274982,48.53788497130995,3.994461836842443,1.6249717150120375,6
3.5929414812540044,-3.9076754013237927,48.13087154675081,3.886060779494357,1.6555273973872895,6
3.6085014108977567,-3.896436425302759,48.77362660314306,3.8746701237783263,1.6967867468133826,6
3.65767167482762,-3.974397717183725,50.84919061826144,3.963320501966973,1.747898143839974,6
3.5983631473056152,-3.936677188542537,50.95154840546537,3.9135735296789615,1.668334976786134,6
3.5415334081374152,-4.032826696517151,50.60803260141714,4.018248461574489,1.5621955463651975,6
3.554714500559548,-4.118457289789453,50.6036715204316,4.113574223711312,1.5589775605008782,6
3.593811709067725,-4.000807283930696,48.933362178030734,3.9892284759896337,1.64651623695572,6
3.5557246538945013,-4.269349555748736,46.90959390188228,4.303592668103345,1.51990097313258,6
3.4788367059189462,-4.179373090666843,46.022404863655225,4.202482959438611,1.4617326803979156,6
3.476960740337482,-3.8825279742996126,46.00504336053925,3.854929536753307,1.5617279558512518,6
3.564927280293724,-3.857403370686349,46.83335977896101,3.831235739537057,1.683652656615814,6
3.5696049797741667,-4.048416195577279,50.50197843871364,4.038454064054985,1.6436313404513234,6
3.561457399688015,-3.977246504987595,54.30397924522444,3.9593374784282176,1.6092871978792842,6
3.632522423143332,-3.672074207680762,55.42007424238789,3.662119912274311,1.7785929537921972,6
3.604862976625476,-4.057567764568879,54.89906544768053,4.060799697920077,1.6430895018439764,6
3.5360432580716346,-4.033926142433475,53.17100348500157,4.025870215686069,1.553484579731274,6
3.468117290838605,-4.152827905092626,51.840041364548526,4.160343426500443,1.4550753018759577,6
3.438590623050756,-4.501565478440655,54.08670632687608,4.55913273585325,1.338504654134629,6
3.415588181831933,-4.428001356951763,55.12095827312139,4.472817569798817,1.3387252340427025,6
3.413867452930164,-3.931441046599021,52.14840585785796,3.934897877577415,1.4338864343014748,6
3.4231927822090986,-3.5553731587580866,47.32269922157242,3.5540652853905126,1.5931891313178002,6
3.3784230141281397,-3.872057994666128,47.67784464841634,3.882034446462732,1.4907790002106238,6
3.3527997794178868,-4.236818842805191,50.8096782265371,4.257525140839506,1.3574439611049056,6
3.3944295541399474,-4.254879576622407,51.4626532317586,4.261142419252781,1.3673046882441966,6
3.4304157199198118,-4.135032885336463,50.58927745488337,4.126930683334439,1.4553463431452052,6
3.380261079424378,-4.214338007689902,53.45678327262748,4.224289825196901,1.3768144632350496,6
3.3808767575060013,-4.411850802471183,54.738055278800125,4.443114286213252,1.3186907706233115,6
3.3925037659661617,-4.451631253854388,54.4193938371074,4.485936076654864,1.3195108988381534,6
3.4607852166787736,-4.480522729068823,56.9732502182095,4.543976348259545,1.4020144498417142,6
3.527422648633836,-4.273703544815152,54.68770729461848,4.297754304257433,1.492618742016698,6
3.503469580170736,-4.145964415776247,51.38868095971256,4.170042396280808,1.4895727744681293,6
3.427421502295257,-4.225980163309616,51.66660026594394,4.255933621026188,1.3986820836976774,6
3.48606535465042,-4.035162406160652,54.07084863034287,4.049065027622818,1.5313667093398255,6
3.5285845891588683,-3.8978195410932415,52.69997419236024,3.894631872287376,1.5893793016499866,6
3.504443152102432,-3.889185339040149,51.41353929111723,3.884818881922374,1.5810973527114518,6
3.468510262538932,-4.091172458119476,53.65599238665808,4.093537920472251,1.4876492767664733,6
3.438364525061812,-4.1126742032221975,52.18448036943556,4.10798929743684,1.4444176330731784,6
3.363820176593141,-4.342141691659917,53.08232652520858,4.394340732883167,1.31712500828539,6
3.3514099562099213,-4.368095100270531,55.852422460655255,4.422650204917599,1.282704203115033,6
3.4646758316569244,-3.952849159350976,56.06585505932053,3.958447403990466,1.5293761664043266,6
3.481679687610251,-3.577220597019084,54.21578110711422,3.5579224735326145,1.64019461312046,6
3.4724615378186883,-3.402358254945347,51.92315751004081,3.386745316444794,1.6887922307659438,6
3.481431860455199,-3.5243787820628616,51.64496180363473,3.512767392086845,1.7122288418643048,6
3.480231947981553,-3.903729543520536,54.997159461754585,3.900142615930193,1.6123827296185358,6
3.486591525160508,-4.039532642143999,58.09873644878409,4.04091429572574,1.5676288377342886,6
3.44654510751625,-3.888852269663286,58.506632633980985,3.882555103026372,1.522921409221054,6
3.3530584980297635,-3.755798290230636,56.2987809594656,3.742754292625913,1.45407583534373,6
3.22826329132036,-4.032505964268149,54.09755316497274,4.054170727040726,1.2795299126233668,6
3.255525353326963,-4.104166962507832,52.73539683171091,4.118104719702219,1.2970066187698714,6
3.291005568697273,-4.388679846173765,53.46531690476257,4.440536060774255,1.256788143532814,6
3.2468803948749696,-4.651888075591511,55.66336355043974,4.743988593878773,1.1429396040866828,6
3.194056072676113,-4.470819834339825,57.08948263267561,4.521204342042779,1.1235694458029863,6
3.2116786813460334,-4.409025831718665,55.93206553376479,4.459308748300365,1.1324285082734389,6
3.2935030074477885,-4.331214449998272,54.96369521741922,4.379344308996476,1.2384047694288922,6
3.398102458501827,-4.196140531859647,55.23996981582201,4.223850776694414,1.4041374625498158,6
3.39570041198951,-3.92356087155425,53.81106851831338,3.918403690260961,1.460277801993265,6
3.3518034419572422,-4.218406828841723,52.36278220821667,4.272978658621023,1.320842876599703,6
3.272633508450722,-4.437858909540783,52.32896189606949,4.509453175384875,1.2051379191393097,6
3.183237741448287,-4.516929204753368,53.59950276192902,4.589413353473464,1.111889499460342,6
3.2112460839266035,-4.622213311278062,55.3766821491925,4.727293943394127,1.107278433838332,6
3.2700783407067973,-4.525823011563694,56.20585233214273,4.6113589678196565,1.1782603484357703,6
3.29145684683254,-4.367600088174632,57.18150470711593,4.416376822256628,1.23791731644228,6
3.301285126305729,-4.193624295251216,59.73614310115747,4.232919229937425,1.2689171374877752,6
3.3821002375872835,-4.073982745925815,53.0518095203907,4.097600774268884,1.3846645017579795,6
3.41243200495064,-3.970704727779234,49.29430552576319,4.003891231007659,1.493032414789145,6
3.3989785778729216,-4.0997926954589134,52.15682037441716,4.124242799130478,1.4397736360571984,6
3.302177418174082,-4.209424939458771,52.80386498070866,4.225862971620064,1.3048578569654783,6
3.20142123464904,-4.427493310388115,55.65735888618957,4.491060786164567,1.1541343272765925,6
3.2741489410400386,-4.4804919689376925,56.61621920635246,4.546520583202384,1.182396003276626,6
3.402137097595745,-4.283266988103788,53.657277256078096,4.312700855938684,1.3755169817477988,6
3.420591898736238,-4.054725484351892,50.68015048958663,4.061408740247606,1.4605932194373514,6
3.290219098846347,-4.059492221457421,53.04127301783921,4.091327799537967,1.3284977261041628,6
3.2294733910202296,-4.033107767215352,57.49697684139189,4.037612700048896,1.250155955380788,6
3.2814187452283208,-3.9232553154057848,59.39625227382417,3.909992880903917,1.3309432364612646,6
3.2542273047342465,-4.022345970131759,61.29340563206315,4.03455711927028,1.281379589455665,6
3.2986461509858938,-3.893099390702442,61.93481795911844,3.9078523203127657,1.3470502382068954,6
3.332014316768316,-3.899378859238818,60.49027243377156,3.922324913774612,1.3803532929778786,6
3.285573082852226,-4.143330201937287,58.23720892316343,4.169454141848353,1.2756770690741557,6
3.3514128186110126,-4.461427498415026,58.06904670406628,4.541851738284778,1.272454203208747,6
3.4458321656794912,-4.378213562717327,57.93025858002591,4.439263889555296,1.415568014100798,6
3.4403520154126124,-4.282089194810459,57.64070151444804,4.322590235340802,1.4283322846958413,6
3.3020030873359283,-4.295509054481639,57.9310024459927,4.345160735135822,1.2546757328717004,6
3.3529193084364,-4.281403053702646,56.59478920732617,4.3319539775738125,1.305417944241123,6
3.387112461762621,-4.14115490940954,56.280606947882326,4.182906465034264,1.388628528297292,6
3.3927226163059303,-4.0959607052665215,57.56719992753399,4.121273583759461,1.4476941148669733,6
3.4766086746502465,-3.854924669155497,59.14148996606727,3.877900705172149,1.5804744007959517,6
3.548091554917352,-4.028690897660449,59.17296939916004,4.071266507826789,1.5947861747245566,6
3.555557676822464,-4.127344707533114,56.96385958015571,4.141696510976449,1.5592562504586456,6
3.543368952811798,-3.952536950910712,52.42489566692728,3.9478755465821727,1.591575074747119,6
3.524891948424323,-3.957448457706871,52.6892272640515,3.9748467958042393,1.5846124639400856,6
3.462926783313642,-4.054738298316911,55.41861019244772,4.0719073852362655,1.4894654206457862,6
3.3647344029707718,-4.092044190864343,56.69154909166986,4.0967099900879616,1.363992420924192,6
3.338066863186787,-4.127308498228217,56.90097175995049,4.132301057694276,1.3303515766397376,6
3.366048289172222,-4.281312923210893,56.31771436040801,4.321447402755648,1.3187888199194318,6
3.4020247004624737,-4.2763602526890745,55.48576130067681,4.313446891101109,1.3578387974314612,6
3.425656212547611,-4.191174909558599,54.90180400341232,4.2076205022073205,1.4183889007292734,6
3.3941768139083948,-4.18460587959069,55.745701409488746,4.208344156342434,1.3861125342418692,6
3.225298583852072,-4.266574840325152,57.29046009041672,4.322449243137602,1.1918441994341793,6
3.1524929449048344,-4.274318116248688,59.025926997895866,4.325075739380941,1.1204921014047082,6
3.2766191587282747,-4.197235165303842,60.63175582885742,4.235702839889967,1.2694583614437571,6
3.246040331835003,-4.1246417023543,59.90068673811897,4.144803397228264,1.2475594674920762,6
3.2326916862774446,-3.88871427354096,59.90911033939075,3.895737125694407,1.269241867726938,6
3.304516154217583,-3.5326247146363854,61.74458590821726,3.53810370037321,1.3968135449238606,6
3.4053734644299984,-3.0754477715905697,64.07726989040485,3.105434111777069,1.579213757735456,6
3.3517989064916707,-3.1660468771278523,63.25177193790501,3.231924167258202,1.6042682869585951,6
3.196399147110869,-3.228132329235188,62.50995752852776,3.29300168759561,1.479311358032889,6
3.1118079168948136,-3.325723493719377,61.97231078836959,3.4046613756631845,1.3774206114642191,6
3.1792164331226687,-3.7255352714847305,61.225538529412574,3.813866666286669,1.3569581322587292,6
3.206600271897509,-3.908299043688471,58.10601908071883,3.9656914286530776,1.3233965235638483,6
3.201398125962715,-3.8155831959895306,56.38492141018024,3.84178979824044,1.327165882711466,6
3.230892448756047,-3.655970397023108,57.2207758027005,3.6629394120563674,1.3747733397290884,6
3.237231131922992,-3.611338258478683,56.93499098761233,3.608274954591872,1.4015628423304916,6
3.1991607136809064,-3.593141732188318,60.03933442396928,3.5987817565829765,1.3595469046190287,6
3.136665086525713,-3.575831349874508,62.54130459383044,3.576613715618332,1.2846459198549307,6
3.1025430315491787,-3.460770674523589,61.92192379725462,3.469454568245506,1.2689023569140137,6
3.2208293573015685,-3.081045536636618,61.65400058547886,3.114017435581009,1.4625186182860002,6
3.138757875199952,-3.2309850447439734,60.42480404804208,3.3017618986912547,1.4158274775984658,6
3.059414400530689,-3.4296685298743284,60.06502107388713,3.493932187901757,1.3178262552084954,6
3.097509845832869,-3.5670775526520826,61.89740060795248,3.6217675856772176,1.3065530130628908,6
3.009242850231986,-3.815096550594176,63.16750207801775,3.8683657342987945,1.149265403003361,6
3.00754143736955,-3.868452112109675,62.98159221142014,3.893771091637584,1.1111288201602207,6
3.1182375188507785,-3.688433000807128,61.84317885382327,3.715860358552436,1.2108927730880032,6
3.2717268935517776,-3.40157126002229,60.19985573829252,3.44170931446759,1.4445480700862203,6
3.191026741369612,-3.791892196401694,56.36925519821962,3.870662927627562,1.3084338758722212,6
3.023695846513516,-3.988011682653703,56.25919805096754,4.039337513763781,1.1279135101792432,6
2.918990175158992,-3.949842218718778,58.78671090451277,3.9425511883862474,1.0211662460613804,6
2.905033551199588,-3.690578503415764,60.77075512836434,3.653441746110861,1.0041580107170722,6
2.894879556115652,-3.537354721499314,64.45815643134148,3.4882034690393864,0.9928319729821524,6
2.8433210078002404,-3.6573936925458073,65.94398727857998,3.602278840335117,0.9479006821709564,6
2.8073496653165435,-3.8317888100023216,63.69341480938685,3.810810429512421,0.9140914296139186,6
2.891395688746017,-3.8628360467150022,60.035270823219626,3.888447535520344,0.9930477131997916,6
2.822065762701752,-3.97338565787828,60.05909246102923,4.033326953821788,0.913326174882106,6
2.757880447916902,-4.052152925833113,61.25253741313957,4.076918913449855,0.8491786163666342,6
2.754123662937584,-4.014296754936263,60.67433788321611,4.022387865650861,0.8390124371286071,6
2.742771982457596,-3.786634507206823,58.12396727545412,3.822785671046703,0.8544044215555137,6
2.622156221742576,-3.834173185976943,57.11347491754962,3.912034659027363,0.8005416748151624,6
2.419970789396694,-3.918200451514625,56.759202769726,4.008793034305462,0.6764093620239655,6
2.223367153564631,-3.4304985062924245,55.18694146657953,3.5502444595270592,0.3693487191131298,6
2.884844179098315,-0.2507949023577557,54.6297080640848,0.2300987412474792,-0.1074616784563644,6
3.1107972839664177,-0.0322400454130313,53.20024602812839,-0.1172601227901568,0.133560426576289,6
3.1461038010657867,-0.1392312239360251,54.18906821543081,0.0132852648304111,0.118254431108863,6
3.1492960453033447,-0.2350502610206604,54.2525634765625,0.0830002352595329,0.0224326029419899,6
3.8570618629455566,-0.8319287896156311,33.635589599609375,0.750141441822052,1.2020268440246582,7
3.764189675796864,-2.9606906854829123,40.43181115527486,3.019489302191624,1.954613860263381,7
3.627361242161241,-4.017388676488122,41.78282205448594,4.005488412324772,1.6282850573229235,7
3.69245118595833,-4.1514395891233935,45.362990468047386,4.131994954375333,1.7191213008969328,7
3.843814933022788,-3.9296113502147594,45.57256432466729,3.9343801265539127,1.973474153252535,7
3.8876046011614247,-3.822844844917918,44.14985820858978,3.84529176423716,2.010836889577466,7
3.8737061300943054,-3.8288249636805336,43.96827999381132,3.846995894298997,1.9805264708607693,7
3.8661227725272953,-3.924732560335204,45.10406358851943,3.9511333939641022,1.9550518573716629,7
3.779511945192204,-3.9793276121450014,43.65060886116915,3.992720149284185,1.814690820006437,7
3.685927152633667,-3.8236840076224743,44.79583882176599,3.810020292914191,1.7744942771833996,7
3.6185703083526257,-4.00195845892263,47.65932846069336,3.988553981448328,1.6631168681521749,7
3.4958337143410083,-4.351895936699801,47.02843976575275,4.368009728054668,1.430204522471095,7
3.521496656329133,-4.316336221473161,47.107483797295146,4.329099632972895,1.4769119578738543,7
3.60293838451075,-4.3400933243507565,47.79484121189561,4.359714402708897,1.5533824348172476,7
3.60212121730627,-4.280154438905938,48.39208030700684,4.296147340951964,1.5656470947487409,7
3.5093094748119977,-4.147288017494734,49.37163213241932,4.137720978537272,1.5015570382739225,7
3.5946865303571838,-4.048053630562716,50.20864433466002,4.0442120973453966,1.63018206385679,7
3.6531102629595034,-4.042715488478195,50.51396223556164,4.046436894771665,1.7008484241574309,7
3.615110136741816,-4.146033142888268,50.63341154054154,4.143964601117511,1.6127609056095744,7
3.558019241621328,-4.29077714265779,49.80355761771978,4.3082525064778885,1.4976526179979013,7
3.620779747186705,-4.07076833414477,46.46859670239826,4.0846396934154425,1.6312307341154229,7
3.658256426800129,-4.076950888301051,44.44598747963129,4.1033935269644095,1.6926789110483127,7
3.651452225308085,-4.266473404196806,45.85065721911054,4.293205743612245,1.6218415775964423,7
3.678203786528388,-4.294239016466363,46.94761103253032,4.317555848942247,1.6362249511618947,7
3.621659572734389,-4.33493122943612,47.180320296176646,4.365888850633488,1.552261610363805,7
3.5415077126303385,-4.065333165401637,47.53007791208666,4.065039457276811,1.5290355349695957,7
3.52266431963721,-3.778248606726181,48.83749172299407,3.7441392055777616,1.6164124760516854,7
3.497718672419704,-3.9791623450988944,50.83398490728335,3.957303098467893,1.5515000147874969,7
3.539464850758397,-3.9287617594696753,46.6905702103016,3.913471593413242,1.6075186701708062,7
3.576849247134009,-3.986040015553318,42.39692832148352,4.000302806843158,1.6627504728561229,7
3.5893985421158545,-4.326365775840227,45.294261444446654,4.34539641890415,1.593788779059122,7
3.5445945886678474,-4.55509228761806,52.64180964092874,4.6015348351278975,1.4763821820880094,7
3.529377709987552,-4.336882890656937,54.73979036198106,4.350103544634442,1.4674888987873875,7
3.5469253215678904,-4.02229561500771,52.56344886158788,4.008790639943855,1.5402706972388336,7
3.582639738570812,-3.785732008690058,50.20101436348849,3.768886050512625,1.6755828704944875,7
3.611919238123783,-3.5784341942432314,47.55618230686631,3.55281927973725,1.8022552437560504,7
3.5020736261855725,-4.234149899593619,47.961060634879175,4.282364767651224,1.5054826320603842,7
3.39767842098724,-4.596241044443707,50.565545148627706,4.668004562688428,1.2738768742528073,7
3.425827433896619,-4.443724842958673,52.15872675873512,4.474637691364733,1.349840126758398,7
3.4570103038189024,-3.899999233179314,51.41137879393821,3.8699513493582254,1.5203411246454994,7
3.462514500285304,-3.683436443639356,50.88534936239553,3.6599484931590944,1.5863226319468298,7
3.481231958367104,-3.84072798074678,52.79197865863179,3.823847338210705,1.5835219600866006,7
3.5188818670982536,-4.142800270124923,55.155642975208366,4.14293493226517,1.5439240336418154,7
3.508349895477295,-4.407057881355286,53.36583709716797,4.4339519739151,1.4323401153087616,7
3.537363091180491,-4.052332933558973,50.93353812639103,4.058787700741789,1.5535726796749032,7
3.5743155035861705,-3.805815717508626,49.24706762890484,3.8068754756173417,1.6844168381635536,7
3.5117020329763724,-3.978971395381661,49.12985442405523,3.974918725878693,1.5680561523104826,7
3.553132668484089,-4.019359973974006,48.8253685485485,4.0116000535876255,1.6011650610801784,7
3.5826534781345103,-4.062071168145469,49.790769089099975,4.058179068010907,1.6287798687469128,7
3.5543586597886194,-3.963541945745777,52.0876911296401,3.948110013507132,1.6117195868214895,7
3.524315246315889,-3.546366990998734,54.0042859898057,3.505225744358329,1.675498758637628,7
3.544973963914916,-3.7895579171735183,55.1989047471867,3.784396660882373,1.660942975864854,7
3.482574096945829,-4.228031956872275,53.90628628398097,4.252046806867733,1.4734793263812396,7
3.3311178808988524,-4.390154688857322,50.810402714928905,4.440802917924038,1.270996811084969,7
3.312424108039501,-4.219318750292756,49.13952286298885,4.235746938128804,1.3150388057841809,7
3.368390349454658,-4.33275385790093,50.87415406870287,4.37307731772578,1.3392370086769725,7
3.418616915858069,-4.318401957667152,52.15199794325718,4.346805018047954,1.3791124099908874,7
3.4476937111033954,-4.261224965716519,52.35802448627562,4.270039419795193,1.4396642966325894,7
3.4739744275115254,-4.206932539163634,53.9009096012559,4.217660537985869,1.4832476391348726,7
3.474812765454137,-4.235169782194981,55.96689417195874,4.254169012224951,1.455915516892145,7
3.4839854517648385,-4.13045444044956,55.86235170586165,4.136933703755224,1.4809368238892666,7
3.628113565056823,-3.687594110189482,52.59163989577182,3.694016036599181,1.7930503716302475,7
3.655213095421015,-3.938147575356238,50.35318902481435,3.961039080176241,1.743792393872905,7
3.594320363776629,-3.9630517793256193,49.74846349760544,3.9664780164873887,1.6451066205667897,7
3.510794001956319,-3.7815170288085938,47.7006898037223,3.759422196898349,1.6124916852906692,7
3.450459069983904,-3.714452391447023,44.626800714537154,3.689885937890341,1.6011624017427135,7
3.503911564516467,-3.7116501386775527,47.81582965407262,3.683026865471241,1.6977234884750014,7
3.5613149418387304,-3.891540094863536,51.10436146758324,3.870280064815698,1.6786101827787805,7
3.5124114668646524,-3.9154083728790288,48.67533404328103,3.8785200396249455,1.5996093611384543,7
3.5752933025360107,-3.649139792420143,46.83377762727959,3.609651219013125,1.7642191197983057,7
3.5744610747625662,-3.5881494893584143,45.3952948548073,3.5557478721751723,1.789203903009725,7
3.5773627827333847,-3.650681095067844,46.37756077078885,3.611918558908063,1.7755245587160422,7
3.6514117551404377,-3.7335801734480745,49.97847996201625,3.7070359462915454,1.8550377307936203,7
3.601646284724391,-3.694689674432888,51.32672006030416,3.6472586337910142,1.7904604319916215,7
3.5169969242672585,-3.66404770695886,53.5120981793071,3.6192904960277463,1.687057557494141,7
3.511065451211707,-3.734185444754223,56.51402524460192,3.710378702296766,1.652884684329809,7
3.5872332994327985,-3.892143210699391,58.73728250902752,3.893023036247075,1.717187512752622,7
3.557729331559913,-4.199234261069186,57.90576812832855,4.2052691953126775,1.578079505022182,7
3.4901001287061115,-4.262082687644071,55.28449763808139,4.275130111117695,1.4463876970978669,7
3.413146723148435,-4.217553881711739,53.30275109756824,4.237847788389339,1.3808889797953676,7
3.361476360365402,-4.223131567932838,55.18124025921488,4.24914936686671,1.3276309772979389,7
3.296721239422643,-4.351377404013345,54.01536721961443,4.401839256286621,1.2306258636851644,7
3.343061092287995,-4.0359568873117135,52.54107856750488,4.058389705280924,1.3671118076457536,7
3.4478159449821293,-3.847891655079155,52.043495178222656,3.861336597176486,1.5457706527654511,7
3.38720411478087,-4.126394615616909,51.23623124943223,4.14801402424657,1.408101719479229,7
3.357287810292355,-4.058402086413184,53.32730022696561,4.059242589529171,1.3951453025950942,7
3.2699825763702397,-4.024125337600708,55.24091339111328,4.020018815994263,1.3053096532821655,7
3.2022700392922694,-4.053108087805815,55.51273319333099,4.053138522214668,1.2272814810276034,7
3.341440417045771,-4.122161510378816,55.39475383314975,4.13549616170484,1.3725177992221926,7
3.345513120640156,-4.16010458802068,54.53714109021563,4.18097799323326,1.3673256670319751,7
3.2633492031762774,-4.136016751444618,54.60071217736531,4.150287162425907,1.2740102105362476,7
3.211939071500024,-4.1182476448458285,55.57322530968244,4.123417790545973,1.2187245051528135,7
3.1830941078274746,-4.204393608625544,55.83300657050554,4.219162142553994,1.1715936827105145,7
3.278790564038032,-4.317344282948693,57.196976218112674,4.365455189416575,1.238006789323895,7
3.3702495624852733,-4.19233427491299,58.21382132241892,4.229726419892423,1.3667581122975014,7
3.415339499018913,-4.054130556971528,58.89100975214049,4.068241818006649,1.4401140552620555,7
3.4095948740493416,-4.229626611221668,58.92405532127202,4.263430018757664,1.3901020510252131,7
3.334375818108403,-3.7747924868450577,54.22808261250336,3.795041534789769,1.4121351692565658,7
3.3455365785332623,-3.49629725411881,47.717597961425774,3.530346047046575,1.5451322724652854,7
3.476665222367574,-3.7124764669773183,47.85011413485504,3.7377995585286334,1.6730304602966746,7
3.579512047213177,-3.755987533303193,47.835290509600966,3.745635032653808,1.7735427590303643,7
3.5406426621037865,-3.954496587431707,48.75356802829476,3.951459798701973,1.6462764843951834,7
3.4487060752025878,-4.257696983426116,49.75010871887207,4.268286261447639,1.4262775002523915,7
3.3510588906532117,-4.421792024789855,49.79174591774164,4.451742635216824,1.2922841795655184,7
3.247683325479197,-4.141161974086318,51.32870385813159,4.131303310394286,1.2604575157165527,7
3.2620368267214577,-4.104745415754096,49.96430561154386,4.097765631453936,1.2790832138338757,7
3.2889516242714816,-4.201744306919188,48.90610530764558,4.2099699807721525,1.3087411398111386,7
3.283568655335626,-4.380028256150178,52.22626910098758,4.402620207431704,1.2657115729742276,7
3.2509937840838767,-4.27315283930579,56.37848938343134,4.278259964876398,1.2380244759626169,7
3.291590743286665,-4.070468353670698,56.205365402753976,4.055117856624516,1.290014582317928,7
3.3181231188219646,-3.831074151881906,54.60769138779751,3.808212549187417,1.3932926543923312,7
3.2923935831979265,-3.693379908107048,56.868376288303104,3.680598121742869,1.383741985919864,7
3.3303004253742308,-3.9695336596910336,55.53631760353266,3.975690575533135,1.3743381583413412,7
3.4034395411957146,-3.6961405360421455,54.8762288426244,3.6894047551376863,1.5457604915596728,7
3.3871171169502783,-3.530197423557904,56.58906218063,3.534302814062253,1.5946038018825437,7
3.140576085378956,-3.882379318392554,58.459044079447885,3.9100878654524327,1.3140818733115514,7
3.078248722608699,-3.932034692098928,58.61958552515783,3.9016461261483126,1.2095925225767978,7
3.1402779498765634,-3.9804806903351175,59.126045848048,3.948211570118748,1.2198580260886704,7
3.1614573833554283,-4.056240098420964,59.780036127844525,4.044639842454777,1.197996569234271,7
3.3580023161200585,-3.898947423280672,58.14031035401101,3.898104990637581,1.4451243329879837,7
3.448530352392862,-3.92870746102444,56.35435139855673,3.9499901006388103,1.5468067790186684,7
3.3710719624231027,-4.039631813071495,57.04812679734341,4.051238636637843,1.4257565806078354,7
3.260924220085144,-3.954561677089957,59.49998780184014,3.964165659837944,1.3058501579040702,7
3.220367295797481,-3.641171646672624,57.37696392591607,3.623039632342581,1.3221677881340654,7
3.280414259710976,-3.291635646376502,53.587166808372345,3.283102346021079,1.4985914424408282,7
3.3334053463714075,-3.36400006538213,52.87592876789181,3.3866200752036444,1.6056841500969838,7
3.188801363457081,-4.105372478795603,54.16482530638226,4.165981015493701,1.2777120332385232,7
3.1532752874285674,-4.209798915441646,58.22531591459761,4.215900845305865,1.1983283030432323,7
3.1512534729270048,-4.268696629723837,63.0987328817678,4.273294337960176,1.1530566437299865,7
3.135217845439911,-4.288407325744629,66.45564842224121,4.299705624580383,1.0893428921699524,7
3.222767369691716,-4.034482129784517,65.41848408898642,4.026744970055513,1.210872439450996,7
3.265388230944789,-4.031364391016406,63.04359662255575,4.055430509323298,1.248914292385412,7
3.2987461921780614,-4.029794205066769,60.93879211780636,4.056205394656159,1.2896541246148052,7
3.366141251353329,-3.923501237880354,58.55986967752149,3.934547205303992,1.4093560971492936,7
3.426937247431556,-3.728506980940353,54.92613078272622,3.73050591280294,1.5472011718639107,7
3.4052979655044027,-3.9296399715334855,54.798833980116726,3.970276793768238,1.4788745731808426,7
3.371641380842342,-4.057696530985278,56.30185752691224,4.082927581875824,1.3938611662665077,7
3.3886081784270528,-4.0109101450720495,56.169731672420056,4.010093761044879,1.42240812958673,7
3.4469754280045977,-4.1652656821317455,55.503161629965135,4.185275255247604,1.4506423972373783,7
3.368796024211617,-4.286589356355889,53.96262435025947,4.338856600051703,1.3370700866677034,7
3.24313473701477,-4.283863921498143,52.96251483296239,4.33003757166308,1.2128288912218663,7
3.215024013851964,-4.152991730113364,54.27145203878711,4.162210256554362,1.220073224500168,7
3.20043476792269,-3.999554320823316,56.16874637160189,3.991190419640653,1.2289779962495315,7
3.2397577970526936,-3.583286318668103,55.15107662733213,3.5526470056799995,1.3508321123067708,7
3.280268680217654,-3.333857830180678,54.06152840547783,3.313962964124457,1.5021860350010003,7
3.242665048255477,-3.6088251748750366,57.64660041276797,3.609008263709932,1.4256093973337225,7
3.1273405773695124,-3.9542141154754993,58.97233510571857,3.963074817213901,1.2241292263186256,7
3.1495776717052903,-3.884826360746872,55.78777275529018,3.873480695624684,1.2467869527118154,7
3.2000707581985828,-3.7282841316489286,52.75724765866302,3.715307557305625,1.3617737154627954,7
3.112052364404811,-3.8381631110989782,56.32492171886359,3.8415676383085047,1.2309948205947865,7
3.0685333179873093,-4.169845087583672,58.90893740986668,4.17618650059367,1.0991021907606802,7
2.981834357561068,-4.283328039701595,60.80329606699387,4.263386820637902,0.9914192110300076,7
2.9116968942243,-4.270796199177586,61.48293925440589,4.225093630857246,0.9000438132951426,7
2.94159003191216,-4.2928481905959375,59.1941911564317,4.264296099197033,0.9150574463744492,7
3.0499050589494923,-4.173521502073421,56.61532539545104,4.167691995931226,1.040827260460964,7
3.0329301773115644,-4.233628334001053,57.29937970361044,4.256490613138953,1.0285379082657569,7
2.8977027937423347,-4.38442723695622,61.38761981697971,4.385166201480599,0.8852785756421641,7
2.8202196941819304,-4.3694501006326005,65.27243294826773,4.318021305771761,0.7545115989308024,7
2.949320014133008,-4.22999556120052,63.29428326806362,4.156777015952178,0.8594020355579444,7
3.064325784527977,-4.086872455685639,60.885435126548586,4.058783201284188,1.0083843396846628,7
3.0543517345605906,-4.049361206764398,61.785536389018205,4.035945005195085,1.0194816242816844,7
2.8826424590376925,-4.094974093658979,62.24035901801531,4.086228708888209,0.8476555063280953,7
2.896337503610655,-4.13992499750714,61.45213628369709,4.129099873609321,0.8636625131895374,7
2.938262642816056,-4.243593967238138,61.79763882659202,4.235152283380198,0.8910789877869363,7
2.890016794204712,-4.327327473219051,63.24721269829329,4.309425664502521,0.824419034081836,7
2.8374000025349995,-4.289506252421889,63.62723244068234,4.254943903102431,0.7606237149515818,7
2.8950933218002324,-4.2769784982814345,64.0516269595124,4.241680233977561,0.803317749223044,7
2.808017018229465,-4.15307403719703,63.74967217999839,4.092728327873146,0.7563884161239472,7
2.618643938108933,-3.477152297663139,60.45285424520804,3.484658540681355,0.5534951451212838,7
2.588372586771499,-3.123828616253166,62.71046028580771,3.197771771009579,0.6839940575666205,7
2.6344704018082727,-3.03458898843721,70.20117524612779,3.0423826422802254,0.749352266622145,7
2.8415558213411365,-1.6919481657272215,74.96042429014696,1.7467793493076869,0.4566205095413124,7
3.1816976070404053,-0.1071128249168396,65.48746490478516,0.1428112387657165,-0.0958606749773025,7
3.951445817947388,-0.5743823647499084,35.65432357788086,0.4977554082870483,0.5643808245658875,8
3.903470378763536,-3.2749326832154217,48.11894495346967,3.409071141130784,1.6586813912672156,8
3.845090972675997,-4.146537634905647,47.71261982637293,4.217943707634421,1.7108631975510542,8
3.881541550860685,-3.983671243050519,46.90003682304831,4.0644284023958095,1.8978319876334249,8
3.834659051895142,-4.077207060421214,43.03896022123449,4.155065093320959,1.8027398067362168,8
3.810584362815408,-3.690259674016167,40.35500896678251,3.736147768357221,1.8967782995280096,8
3.821208729463465,-3.740844339482925,40.81913815666648,3.777182576235603,1.947045667031232,8
3.80935520845301,-4.083902406692505,43.99546214832979,4.112028873667997,1.8471625931122724,8
3.778689793979421,-4.049306633893181,45.92743826473461,4.055213339188519,1.813279815281139,8
3.769989682646359,-4.206356578714708,45.12588343900793,4.228918451421401,1.730741646710564,8
3.726108046138988,-4.405310799093807,45.58789354212144,4.451917395872228,1.642549002871794,8
3.6563899124369903,-4.5446832095875465,49.06447462194106,4.604565968232997,1.521614701607648,8
3.607549866508035,-4.129430950389189,49.96998685948989,4.127961091434254,1.5790702328962438,8
3.643476922371808,-4.2721097890068505,48.92040939331055,4.301821142084458,1.5715797543525696,8
3.674117590399349,-4.367445659637451,49.58196873384363,4.4091407327091,1.6051507192499497,8
3.6863586692249073,-4.336749217089485,51.48080253601074,4.371131476233988,1.6254328419180477,8
3.716980883654426,-4.001764050651999,49.54817491419176,4.010422470990349,1.7462193909813375,8
3.708757567405701,-3.5891275882720945,44.99667205810547,3.587758302688598,1.8434117197990416,8
3.743660609862384,-3.586456321267521,40.82640618716969,3.599558566598332,1.936194634437561,8
3.8020027244792254,-3.705545414195341,39.47180949940401,3.727440207144794,1.9988095669185413,8
3.8044238090515137,-3.311483523424934,38.36893306058996,3.290154260747573,2.126629983677584,8
3.726497728684369,-3.712443810350755,40.87975488550523,3.685205107576707,1.931139332406661,8
3.682261983086081,-4.027813283134909,45.433507223690256,3.9869747554554658,1.7466459120021147,8
3.6991627763299375,-4.054671722299912,47.37829883799834,4.0215983951793,1.7466423139852636,8
3.721208771537332,-4.105260018741383,47.29513199750115,4.087741515215705,1.7500843440785128,8
3.619393902666429,-3.981214130626005,48.592602000517,3.9586257373585423,1.6729999640408686,8
3.5367357955259435,-4.272505053351908,51.34456562715418,4.274574846379898,1.4857318878173826,8
3.5308262993307675,-4.481863927841187,52.65845386280733,4.513843558816349,1.4194351869470931,8
3.548348637188182,-4.084892923691695,50.051777065501504,4.071772665136002,1.5538876968271589,8
3.5422867073732265,-3.765942497814403,46.12162002114688,3.74997958575978,1.634245094832252,8
3.5290335066178264,-3.794774700613583,44.23591927921071,3.7832026201135966,1.6493068652994494,8
3.505699059542488,-3.9954103287528544,45.560172720516434,3.976326758721296,1.5880527846953447,8
3.4752183773938348,-4.035653641644646,49.59316428689396,4.001440833596623,1.539547056310317,8
3.568035268783569,-3.9744513048845183,52.18170056062586,3.946534930958468,1.6461366828750157,8
3.6699352264404297,-3.583097839355468,50.004233551025386,3.5626695156097408,1.854857683181763,8
3.7000405998790966,-3.20559366310344,45.017481859992536,3.2066868613747985,2.060227527337916,8
3.6451511242810417,-3.732895085390877,46.21505301980413,3.727759734322044,1.8530322032816264,8
3.576335002394284,-3.957576865308425,49.78851123136633,3.924704872860628,1.677932120070738,8
3.530030040179982,-3.9667936100679286,51.41048745548024,3.927259293724509,1.590542152348687,8
3.5299709334092984,-3.902897500991821,51.71671319849351,3.864407620710485,1.6160633514909184,8
3.549710988998413,-3.899707121007583,52.742886038387525,3.873468413072474,1.6513967584161198,8
3.5610430493074303,-3.9658643680460313,54.7583459517535,3.9559562977622535,1.643888631287743,8
3.569101661794326,-4.004015583150527,52.64230198579676,3.996501440160415,1.6037601218504065,8
3.5398682397954606,-3.845792771788205,46.55478428111357,3.8426286739461566,1.6356992377954371,8
3.5570899710935704,-3.680958582373226,45.70578631232766,3.6647525843452,1.7323110903010648,8
3.6284157668842982,-3.8509721545612106,46.476825938505286,3.832855210584752,1.7610696659368623,8
3.7009964914882887,-3.5947191294501795,44.64842897302963,3.572064469842348,1.899126951834736,8
3.70172337363748,-3.2296269711326158,41.03613249834846,3.2160196865306183,2.0738814592361448,8
3.5330975336187027,-3.492866869533763,42.46502838134766,3.457667000153485,1.82679455280304,8
3.414325673439924,-4.1150460720062245,47.36825031953698,4.088091696009916,1.483518918822794,8
3.438517430249382,-4.283024815952077,51.102861067828,4.25563944087309,1.4271903528886676,8
3.5373565912246705,-4.186274576187134,53.20522651672364,4.159762477874756,1.5680596590042115,8
3.570009831821217,-4.154675068574793,55.67668295467601,4.142333277534036,1.6092729933121623,8
3.5410684080684884,-3.9779673632453463,54.61288598004509,3.955272945235757,1.5821782210293938,8
3.499298412659589,-4.123111741683061,52.52500049366671,4.128451319301829,1.486638475866879,8
3.484891260371489,-4.330672712887036,51.861696131089154,4.361719790626975,1.4209940784117754,8
3.5344224060282987,-4.188991019305061,51.2034268098719,4.200052323060878,1.5291990953333234,8
3.564374932120828,-4.258365805008832,52.19043244754568,4.269732419182272,1.5534242651041816,8
3.5168143244350656,-4.37360808428596,54.20051857443417,4.395722013361314,1.458659451148089,8
3.3848925520392026,-4.534236512464636,55.88103915943819,4.603216777128332,1.271726003815146,8
3.368516837849336,-4.079015423269834,54.25996802834904,4.089318303500907,1.349130798788631,8
3.3759314551072963,-3.8122289671617393,53.12918586730956,3.8141534917494826,1.4453305181335,8
3.3320274353027344,-3.8955088194678815,54.47365610459271,3.898912194195916,1.3884410970351273,8
3.304018522711361,-3.8881076686522538,51.13912831474752,3.878151331228368,1.389386961740606,8
3.408454235862283,-3.838085797253777,51.21428954180549,3.835898337644689,1.533207301532521,8
3.436911828377668,-3.855806813520544,51.79736956428079,3.8556221583310295,1.5588114191504088,8
3.313666430641624,-3.854500296536614,50.69256125057444,3.833538978240069,1.4263270574457512,8
3.2276358141618617,-3.8661371581694666,52.4776528751149,3.840479386554045,1.3286630910985608,8
3.299175786972046,-4.106602668762207,55.95972366333008,4.109124660491943,1.3339628458023072,8
3.38982033589307,-4.192550925647511,55.84418233983657,4.198104984620038,1.3843588506474214,8
3.436880883048562,-4.144343656652114,53.52201416913201,4.142432325026568,1.4504641154233149,8
3.494645582928377,-4.144600854200475,53.96738550522748,4.157049470789293,1.5192565735648658,8
3.549445662778967,-3.9198896912967447,52.8098606334013,3.914610444798188,1.6273636411218089,8
3.5127983443877278,-4.053634919839748,52.36023712158203,4.074307492200068,1.5503768289790427,8
3.416493230707505,-4.256998236039106,54.39501221600701,4.282534212224624,1.382851645525764,8
3.411782180561739,-4.054599761962891,56.656566844267005,4.055610530516681,1.4283739188138176,8
3.5105807108037608,-3.7795748345992153,53.69288177490236,3.7639499524060422,1.6076359187855431,8
3.5359350022147686,-3.640253856602837,50.93623102973489,3.6382209441241096,1.7064147030605992,8
3.452427586387185,-3.697661225935992,51.88179698270911,3.6791292302748735,1.609416226779713,8
3.3370899929719813,-3.668649418213788,53.25564395680147,3.636023675694185,1.4905880044488349,8
3.472404676325181,-3.69531761898714,54.4469950058881,3.682635938420016,1.6556621018578024,8
3.5767909695120417,-3.752214395298677,54.31275733498966,3.755899639690624,1.7536471948904149,8
3.5434575193068563,-3.874002159343045,53.75982477524701,3.866197560815249,1.657230886291056,8
3.4548363769755643,-4.096588432087618,52.92061978508444,4.096786619635189,1.4821105760686537,8
3.5032381394330194,-3.981304258458754,53.26764813591452,3.976917962466969,1.5725103336222035,8
3.5684577226638794,-3.775153756141663,52.31491088867188,3.766517400741577,1.6888722777366638,8
3.5242040493909053,-3.775423167733584,50.28304905610926,3.773901577556834,1.6587886796278115,8
3.3374241183785838,-4.165335498136632,48.90777244567872,4.201976882710176,1.3600006706574388,8
3.3751719166250784,-3.90409448006574,46.44880074893729,3.886500316507678,1.4801996904260957,8
3.4800000232808728,-3.918934998792758,45.05304852653952,3.907342178681315,1.5936136645429275,8
3.50417740204755,-4.049054201911479,45.28848737828872,4.0403144499834855,1.568910128930036,8
3.467405185979955,-3.914497219814972,43.7720245361328,3.882465161996727,1.572972564837512,8
3.418542561811559,-3.68812676037059,44.058305583280685,3.635727105421177,1.5893732982523303,8
3.2967781908371863,-3.903660652216745,47.50700946134681,3.8643451241885938,1.420185683054081,8
3.1676556951859416,-4.015123894635368,51.67004955516144,3.9615096793455216,1.2479593697716207,8
3.273025912397048,-3.476373595349928,54.43407619700712,3.389248995219959,1.4361233570996457,8
3.4504197513355925,-3.1269034750321336,51.789798871208646,3.0787429388831646,1.774447874461903,8
3.4516685037051933,-3.3784402959487005,52.18465412364286,3.386830984844879,1.7750153148875525,8
3.398958267885096,-3.7578267854802734,55.86138606351964,3.7585433763616223,1.56728514362784,8
3.4658208650701186,-3.7375040489084577,54.36169056611905,3.717091835246366,1.639266104557935,8
3.3822060052086336,-4.001949801164513,49.70209592931415,4.017764301861032,1.4700475931167618,8
3.22876380892361,-4.260116896909824,48.5041773178998,4.306411381328804,1.2702491605983075,8
3.1825285434722903,-4.46443796157837,51.945238494873074,4.500826263427735,1.161722707748413,8
3.2414522844202383,-4.447128523097318,54.45644470663632,4.466644029056323,1.2040171910734745,8
3.284602597180535,-4.08714438045726,54.08344286750344,4.064956412595859,1.309665071263033,8
3.3166568980497475,-4.006341057665208,53.12881716559915,4.0004030395956605,1.3447407343808342,8
3.361615099626429,-4.167314063801485,54.14313803280101,4.178168824139764,1.3582817848990945,8
3.425842261314392,-4.336795756396125,56.42365850560805,4.367853024426628,1.3953715163118698,8
3.434116366330315,-4.350978638144101,56.996315181956575,4.385089015960694,1.3922724962234496,8
3.433556551091811,-3.9876857308780473,56.76087442285874,3.999513198347656,1.457677783685571,8
3.4182102119221414,-3.7547277703004713,56.28411124734318,3.7608829947078912,1.5025693669038669,8
3.283789989527535,-4.04144724958083,55.68734545988194,4.064043702798728,1.313995915300707,8
3.259918754241045,-4.249057691237504,59.0024090037626,4.299276699739343,1.2512444608351765,8
3.340724384083468,-4.116936049741855,59.46168619043686,4.142677974700925,1.3420669611762566,8
3.4326694797067083,-3.959778050815357,57.557569436465975,3.958910386702593,1.526752714549794,8
3.45446320141063,-3.923775785109576,55.13588826796587,3.929515509044423,1.5255942239480862,8
3.4137735787559955,-4.094426037283505,55.14877745684456,4.125399606368122,1.4334028566584869,8
3.3752608776092528,-4.124782680062687,55.65512300379136,4.14515087744769,1.3693469447248123,8
3.4070966580334834,-3.8849430308622472,54.55220938289867,3.877881153892068,1.4802559375762938,8
3.340806317329407,-4.039549136161804,54.719256210327146,4.062240743637084,1.374419450759888,8
3.294934833751005,-4.142206500558292,56.80452593635109,4.166170176337747,1.2974004535114063,8
3.339812333443585,-4.020281600952151,57.8182846069336,4.032398765227376,1.356766108204336,8
3.4392036522136014,-3.746824575872982,56.197167071174185,3.744994920842787,1.557798897518831,8
3.3734677090364333,-4.109293861950148,55.63706283569336,4.151011116364426,1.3936846221194532,8
3.2743391934563126,-4.367766256893384,58.60578806260055,4.432196847130272,1.2334981189054597,8
3.2753442245371205,-4.436246367061839,60.11121065476361,4.498072708354277,1.1837087869644167,8
3.341334615034216,-4.288193713917451,56.92064253863165,4.31023816501393,1.2990413707845354,8
3.311141775636112,-3.9400692911709054,54.578658743465645,3.947521786128773,1.351881395368015,8
3.288647014954511,-4.0616845130920405,55.92049448349896,4.100935776093427,1.299375714975245,8
3.2792540367911847,-4.222142087712007,57.60337867736816,4.259314548268038,1.2525962226531089,8
3.223084421718822,-4.139577444861917,56.71184696870692,4.145794251385857,1.225639490520253,8
3.215590726628023,-3.996249682763045,58.312962992051055,4.003767948992113,1.240719542783849,8
3.278677373773911,-4.201519881977752,59.74780811982996,4.248775016560271,1.24038904133965,8
3.316396568803226,-4.285956110673793,59.46020162245807,4.328877802456127,1.2720079421997068,8
3.3169045588549446,-4.144852520437801,58.67420452342313,4.1580768921796,1.3111788637497843,8
3.2885547595865585,-4.030407022027408,56.73363259259391,4.037349196041331,1.300004426170798,8
3.289073419570923,-4.233215427398683,57.12664794921876,4.2898494720459,1.2532050371170045,8
3.319443726539612,-4.258554458618163,58.04219180836397,4.308036372240851,1.2769095322665047,8
3.3656278189490823,-3.976191918990191,56.32006633982939,3.97971651133369,1.3976884855943568,8
3.3325802774990305,-4.13279452604406,53.31739549075856,4.168538522720337,1.3252193254583022,8
3.3018166177413044,-4.120333250831155,52.30799888162052,4.152532493366915,1.3103052307577694,8
3.341572713851928,-3.81847319182228,53.57349853515624,3.8222348549786767,1.4132429529638844,8
3.486890621746287,-3.241829914205215,56.5448458952062,3.239315243328319,1.6910646606894095,8
3.4197393627727743,-3.7201734514797393,59.00371073554542,3.755276780969953,1.5706671378191797,8
3.313288211822509,-3.816803901335772,58.2228862538057,3.821546607858993,1.4141238422954776,8
3.179574005744036,-3.816406979280361,54.32590394861556,3.8144821699927847,1.3026975182925944,8
3.040588746351354,-4.008168456133675,52.9080171921674,4.0290936918819655,1.1593538410523356,8
3.133436675632701,-3.9784733968622543,55.28901564654183,3.9723650918287383,1.2383307639290309,8
3.216673890282126,-3.9736378753886505,58.1098975686466,3.9643127188963048,1.2859783032361198,8
3.231169654341305,-3.8009824654635262,61.10978516971363,3.7780375564799593,1.3050191304262946,8
3.307248367982752,-3.3403441344990457,65.41218028349034,3.337780223173254,1.3929537815206192,8
3.2275469583623555,-3.5492653510149776,64.93850039313821,3.5880842896068788,1.35241191667669,8
3.237396315967335,-3.269200880387253,64.15298381132239,3.313904708974505,1.4354130015653708,8
3.2958194255828857,-2.8921642541885384,63.342999267578136,2.9708353757858283,1.561250376701354,8
3.2627491081462185,-2.95033924439374,61.23768359913547,3.0390039780560647,1.5827546933118035,8
3.3048574082991657,-3.1545031561571024,59.503371631397904,3.2494906958411733,1.6417186400469617,8
3.2273563104517318,-3.2464143416460822,63.60048747343179,3.343486791498521,1.5680416752310355,8
3.1635615208569696,-3.4593387337291963,66.72841720581054,3.58740888904123,1.392785035161411,8
3.152297659481273,-3.895874901378857,63.64900409474092,3.998643572190229,1.279271761108847,8
3.134342116468093,-3.689402065557592,61.40189828311696,3.75196301796857,1.288488776543561,8
2.940897675121532,-3.703960671144373,61.22506668988396,3.7446846541236423,1.12662825163673,8
2.797748185606564,-3.912264833730809,60.7627519495347,3.935202064233667,0.9718442720525404,8
2.8264842005336983,-4.156986517064711,58.72350172155044,4.188029255586511,0.9491333589834324,8
2.93268353097579,-4.208682105120491,59.5592045727898,4.227488315806669,0.9788769097889172,8
2.953165079565609,-4.104668740665213,59.94764520981733,4.091602600322052,0.9763335431323334,8
2.962734040092019,-3.9689497667200433,59.126861572265625,3.9438129593344304,0.9914270183619326,8
2.995124760796042,-3.9972868442535416,58.432833503274345,3.9921186727636018,1.0108316547730385,8
2.755144858360289,-4.332278694826015,54.4500330756692,4.420220002006084,0.8015669135486367,8
2.5347419654621794,-4.349083625569063,55.4952315386604,4.365371883616727,0.7214855551719662,8
2.482830748838537,-3.7787266422720496,61.2803727093865,3.62942219201256,0.3800439692595416,8
3.1242377758026123,-0.6557437181472778,62.1252326965332,0.4696936011314392,-0.2434782534837722,8
3.882220506668091,-0.7460057735443115,35.7579345703125,0.6661877632141113,0.8681190609931946,9
3.818662534157435,-3.364057034254074,46.40921131769816,3.471973150968552,1.6304742395877838,9
3.771695236365,-4.200035373369853,45.40852737426758,4.243938247362773,1.6288813054561615,9
3.841315478086472,-4.01492366194725,44.98275423049927,4.068208634853363,1.865952730178833,9
3.8126935958862314,-3.78988528251648,44.10373179117838,3.824138283729553,1.9011163711547847,9
3.7849078476428986,-3.7074247499307,43.22435601552328,3.7223252952098846,1.8988485833009083,9
3.761505365371704,-3.67197334766388,43.46043109893799,3.6680598855018616,1.9111665189266205,9
3.74304852883021,-3.665445059537888,44.40759833653768,3.649833500385285,1.913244605064392,9
3.747522989908854,-3.63395897547404,43.72502136230469,3.6098392804463706,1.947281082471212,9
3.8104633390903473,-3.800518840551376,43.87125635147095,3.785338580608368,1.975787952542305,9
3.8236683209737135,-3.719021201133728,45.38091723124186,3.7036342223485312,2.0029191275437674,9
3.789436896642049,-3.696363419294357,46.740445137023926,3.682315826416015,1.9582296758890156,9
3.731304287910461,-3.9079161882400513,46.57930946350098,3.888210654258728,1.8193933963775637,9
3.715631614128749,-3.711268663406372,45.31500927607219,3.678870032231013,1.862775499622027,9
3.6534167925516767,-4.085729718208312,43.27399381001791,4.099055131276447,1.69233653942744,9
3.610067546367645,-4.279072999954224,42.38364839553833,4.317507922649384,1.5798640847206116,9
3.745974461237589,-3.927882750829061,43.0600954691569,3.947906970977783,1.8581424554189043,9
3.7070139050483695,-4.123344759146372,44.01255639394124,4.130948305130005,1.7343799173831942,9
3.7494053840637207,-4.391558408737183,45.85004997253418,4.4123640060424805,1.6858681440353394,9
3.802717089653015,-4.391074061393738,47.54912614822388,4.43051556746165,1.743867203593254,9
3.7853782971700034,-4.260759989420573,49.206031799316406,4.291700601577759,1.7451213200887044,9
3.794562667608261,-4.109976589679718,49.47073841094971,4.136050343513489,1.7945918440818789,9
3.725591540336609,-4.191010832786559,50.18359661102295,4.225793321927388,1.68833202123642,9
3.665407319863637,-4.0779124697049465,51.65107981363932,4.095636526743571,1.6353419373432794,9
3.715728282928467,-3.761341094970703,52.80954360961914,3.7813351154327393,1.820644497871399,9
3.642108509937922,-3.917987147967021,53.79718335469564,3.920239895582199,1.7118288824955623,9
3.6758703788121534,-3.941096822420756,50.94139957427979,3.9342614213625593,1.722354710102081,9
3.755032479763031,-3.7391703128814697,47.23992443084717,3.751281976699829,1.8847697377204893,9
3.78810715675354,-3.582895159721375,46.60311826070149,3.6026271581649785,2.0080645481745405,9
3.703115542729696,-3.490884403387705,48.17480166753133,3.475610971450805,1.9472724298636124,9
3.649275481700897,-4.113268852233887,47.01139450073242,4.12121057510376,1.658670753240585,9
3.574798345565796,-4.265790681044261,47.847088336944566,4.275541106859843,1.5515874574581785,9
3.5466887950897217,-4.256296475728353,52.26820755004882,4.252967516581218,1.5154931545257568,9
3.6055285036563873,-4.100953638553619,52.91408061981201,4.090614259243012,1.626846730709076,9
3.6896079778671274,-3.7874578833580026,51.02810287475587,3.774879654248557,1.8109408318996425,9
3.687634229660034,-3.94486857453982,49.95513598124186,3.9552701115608206,1.7670437246561057,9
3.635022282600403,-4.301129579544067,50.15260124206543,4.320496082305908,1.579652726650238,9
3.629290292660395,-4.418030401070913,49.13102324803671,4.459045410156251,1.5302926103274026,9
3.621940314769745,-4.060661951700847,49.381086349487305,4.069090565045675,1.6326718032360077,9
3.6861107647418976,-4.101505935192108,49.26480579376221,4.116719782352448,1.687483474612236,9
3.7030303478240967,-4.030158519744874,48.9562250773112,4.046749432881674,1.7428746620814006,9
3.5988513131936397,-3.870938489834467,50.292971769968666,3.853064358234405,1.668220400810242,9
3.487512767314911,-4.360745191574097,52.60389137268066,4.396382689476013,1.4073476791381836,9
3.3890082438786826,-4.43802539507548,56.66768312454222,4.489425877730052,1.3105417589346569,9
3.390662391980489,-4.322276115417481,57.45121892293296,4.361533403396607,1.300790647665659,9
3.4730108082294464,-4.052545011043549,52.15117740631104,4.0522462129592896,1.491086259484291,9
3.573945681254069,-3.7147188385327663,51.81578254699707,3.719749967257183,1.727303653955459,9
3.5887604157129926,-3.862089365720748,52.727187951405845,3.872772564490635,1.687515373031299,9
3.571691036224365,-3.895749568939209,52.98345565795898,3.888747215270996,1.6431772708892822,9
3.5789367159207663,-3.8188704550266266,53.178582191467285,3.804069638252258,1.6909083922704065,9
3.5012632807095847,-3.8641028801600137,52.38919734954835,3.8412292202313743,1.591663738091787,9
3.5350765585899357,-3.8304367661476135,52.43092632293701,3.8148290812969208,1.641648754477501,9
3.596777637799581,-3.756251772244772,50.25068664550783,3.747684399286906,1.728407084941864,9
3.568520267804464,-3.745412031809486,44.78849792480472,3.7424624065558088,1.7188073843717586,9
3.492807388305664,-4.1885751485824585,41.39570045471192,4.228843688964844,1.5219954252243042,9
3.5069254239400225,-4.366547226905823,45.71791632970172,4.391054491202036,1.5028066486120224,9
3.60129714012146,-4.4353955586751335,50.48102442423503,4.450788974761966,1.5677311817804969,9
3.6186043322086334,-4.093234539031982,49.50973463058472,4.066735088825226,1.6472224295139313,9
3.649071971575419,-4.250377853711446,50.03881899515788,4.258043845494588,1.62993186712265,9
3.6672550042470298,-4.14820198218028,51.86747566858927,4.157214383284253,1.6734030544757834,9
3.638124346733093,-4.01823878288269,53.628448486328125,4.018077492713928,1.6755894422531128,9
3.497325052817663,-4.130676845709482,55.64529689153034,4.125532607237497,1.487630560994149,9
3.3308088978131623,-4.235411405563354,58.52228291829425,4.257843375205994,1.2881992459297191,9
3.337310552597046,-4.087375998497009,59.029866218566895,4.109246253967285,1.324232503771782,9
3.4464358488718667,-3.9041824340820312,56.83329900105795,3.9094390869140634,1.4993267854054766,9
3.476456046104431,-3.8913201987743378,54.42801062266033,3.888860553503037,1.5581547568241756,9
3.4348334074020386,-3.9670276045799255,54.02055263519287,3.974485397338867,1.4955813586711884,9
3.5178450047969814,-4.024861931800842,53.17438220977784,4.032930533091228,1.5601470271746312,9
3.573671817779541,-4.122233072916665,52.72228622436523,4.144502242406207,1.6207391222318022,9
3.4757286310195923,-4.393170416355133,54.6165828704834,4.42714923620224,1.411096379160881,9
3.424766500790914,-4.4701738357543945,54.15618483225505,4.523103316624959,1.3198356131712596,9
3.4462645550568896,-4.238463739554089,54.04559946060181,4.272821068763735,1.4090242038170486,9
3.441637754440308,-4.197201728820801,54.41801452636719,4.226491928100586,1.416225790977478,9
3.335668742656708,-4.258379062016806,54.40214776992798,4.288454473018647,1.293087234099706,9
3.37353765964508,-3.873016238212588,54.891994794209815,3.867402593294782,1.4326651096343983,9
3.414870947599411,-3.537052869796753,50.83707571029663,3.521857887506485,1.5701737999916077,9
3.463851372400919,-3.4441376527150465,48.29836591084797,3.433140635490417,1.7041592995325718,9
3.571940511465072,-3.757395943005876,50.7535211245219,3.764504502216971,1.754880984624228,9
3.5552985668182373,-4.182216644287109,47.68945026397705,4.192270040512085,1.5722766816616058,9
3.4521882633368177,-4.124644219875336,50.67823219299314,4.128024240334829,1.497006808718046,9
3.442489941914876,-4.0110232830047625,56.93220011393227,4.005070845286053,1.486339489618936,9
3.489514112472534,-4.018589675426483,59.02375507354736,4.019448786973953,1.5270956456661224,9
3.419228454430898,-4.333357572555542,57.19708983103435,4.355087320009868,1.3628446062405906,9
3.416018068790436,-4.081859966119132,55.26910305023195,4.082738896210991,1.4235370109478624,9
3.3738080263137817,-4.016904830932617,54.65689086914063,4.034367561340332,1.4019563794136047,9
3.3203515509764348,-4.166913290818531,55.518092632293694,4.192750394344328,1.301836669445038,9
3.4058683514595027,-4.200085878372193,54.94215265909832,4.22156580289205,1.3997813065846751,9
3.483999967575073,-3.997332513332367,53.09135818481445,3.997851252555847,1.5419167280197144,9
3.562204917271931,-3.671076138814295,51.48047892252605,3.669473965962733,1.7115298112233446,9
3.587648689746857,-3.6872133215268414,52.15087223052977,3.701057195663449,1.7699126849571876,9
3.44871586561203,-4.110639691352844,55.34989833831787,4.120416522026062,1.4847861230373385,9
3.276454766591392,-4.161884566148123,57.40685176849364,4.165356794993083,1.2749835550785087,9
3.323032061258951,-4.063385168711346,58.259082794189446,4.076917966206869,1.3470437328020717,9
3.455533593893051,-4.062274277210236,58.52999067306519,4.083947598934174,1.49684277176857,9
3.468730052312216,-4.158536831537881,58.84688758850096,4.170979142189025,1.4984319210052504,9
3.3581409355004634,-4.206208984057108,60.111303011576325,4.237237393856049,1.3530473560094842,9
3.249999523162842,-4.119234561920166,59.60011291503906,4.144833087921143,1.23293137550354,9
3.264737764994302,-4.021764000256857,57.95988162358603,4.039867500464122,1.2615513453880924,9
3.3674229582150774,-3.955603380997976,57.18133195241292,3.968994577725729,1.4241979420185085,9
3.4194565415382385,-3.8334555625915527,58.27209329605103,3.844372421503067,1.5295084416866302,9
3.505394935607909,-3.563922325770064,57.97652562459312,3.571667710940047,1.6885205109914112,9
3.5072300036748256,-3.449679543574651,57.35483233133952,3.475591411193212,1.7396988521019623,9
3.366791129112244,-3.543634295463562,58.13924694061279,3.5556352138519287,1.561462700366974,9
3.230520407358806,-3.745601038138068,58.4937020937602,3.7574348946412366,1.3706134259700795,9
3.1877950032552085,-4.062451203664143,56.16293716430666,4.084227244059243,1.2499376932779953,9
3.1921789348125458,-4.05488246679306,53.67991065979004,4.062884628772736,1.2554634660482409,9
3.26213232676188,-3.914638876914979,52.65601476033528,3.904184261957805,1.3524426321188598,9
3.383858541647593,-3.885780831178029,53.28113476435343,3.8819621105988817,1.495268146197001,9
3.354998826980591,-3.975245594978333,52.7770881652832,3.981792688369751,1.4313507080078125,9
3.3603491187095638,-4.073718349138894,49.22801764806118,4.093423465887704,1.3900013764699293,9
3.3870039780934653,-3.996056834856671,46.85529899597167,4.006414433320365,1.4761010110378263,9
3.375659227371216,-3.8228913247585297,53.099687576293945,3.808073580265045,1.501054510474205,9
3.2950448989868173,-4.011446873346958,56.495299021402936,4.009677569071444,1.3759138186772673,9
3.278970827658971,-3.975345810254415,54.217117786407485,3.948355336983999,1.3432630598545072,9
3.376734316349029,-3.8581603169441214,51.21815490722656,3.830783426761627,1.4896524250507357,9
3.4546607832113896,-3.501658310492837,50.29161834716797,3.471312493085865,1.680709838867185,9
3.421950697898865,-3.688133438428241,52.84890429178871,3.684062163035072,1.599460045496624,9
3.2919927537441254,-4.03717777132988,55.85731458663941,4.03060457110405,1.363064780831337,9
3.1377559900283822,-4.13809152444204,57.10587978363037,4.13563696543376,1.1885934770107267,9
3.3043112655480686,-3.39673401912054,58.37185605367024,3.368851552406952,1.4749490867058417,9
3.2858057022094727,-3.7406046390533447,57.61666870117188,3.7867703437805176,1.4172399044036863,9
3.1678880055745444,-4.073018888632457,57.956799507141085,4.087796330451966,1.2327605982621512,9
3.196719785531361,-4.05173675219218,60.25789070129393,4.051893711090088,1.2382582028706863,9
3.3306211829185486,-4.046860933303833,62.01621723175049,4.0685248374938965,1.3819123655557632,9
3.3781306743621826,-3.8290988604227736,61.51663653055828,3.8432788848876993,1.4735503991444898,9
3.3706277708212533,-3.662381768226624,62.40179872512815,3.690512786308924,1.487388893961906,9
3.385240018367768,-3.764486253261566,63.88528251647949,3.820104718208313,1.465769350528717,9
3.358091175556184,-4.102803309758505,59.40594911575323,4.138120889663698,1.3659818420807524,9
3.306109428405762,-3.8332839806874617,56.378514607747405,3.844487826029462,1.3860331773757932,9
3.1555627286434174,-3.722695589065552,55.71239900588989,3.731313019990921,1.2847356349229813,9
2.9679637352625536,-3.9011836449305184,57.11637528737383,3.900870064894356,1.0924697816371929,9
2.980617105960845,-4.121414721012115,59.92608102162678,4.115514934062957,1.03345454732577,9
3.119552969932556,-4.095816850662232,59.781694412231445,4.078251600265503,1.1360216736793518,9
3.1994688808917995,-4.075990696748097,59.98639233907061,4.081559459368386,1.2112593551476791,9
3.1901637117067976,-4.091265281041464,63.47539901733395,4.102193117141724,1.1961165269215908,9
3.1645417511463165,-3.982821553945541,67.9731388092041,3.996586531400681,1.1226443201303482,9
3.221851746241251,-4.190990606943764,64.4220046997071,4.231325944264728,1.1379806200663245,9
3.1608372032642373,-4.296714762846628,62.868383089701325,4.342888752619425,1.110000963012378,9
3.075688123703003,-4.107948660850525,64.05650043487549,4.115678429603577,1.051963746547699,9
3.1994320253531114,-3.41686520973842,63.934084415435805,3.4161340196927443,1.2024145474036507,9
3.353412985801696,-3.473413785298664,63.05777549743653,3.556021690368651,1.4714741905530275,9
3.337938576936722,-3.996309876441956,60.6768651008606,4.109409987926483,1.3701117485761642,9
3.238758623600007,-4.195461591084799,58.728607495625816,4.26049300034841,1.2253164549668638,9
3.2357307970523834,-4.072965105374655,58.88461748758952,4.095093389352163,1.2459156860907872,9
3.225168228149414,-4.028144359588623,59.48411560058594,4.043308734893799,1.2394713163375854,9
3.253606667121251,-4.116325775782267,58.82812102635703,4.144932289918264,1.236435984571774,9
3.171646018822989,-3.999149858951572,59.23047669728595,4.011856079101565,1.202213495969773,9
3.042068839073181,-3.4323970675468445,61.625932693481445,3.4125417470932007,1.062769055366516,9
3.0676572720209747,-3.1481917301813773,62.683762868245424,3.1360177199045824,1.2094247341155988,9
3.170981228351593,-3.034652451674144,64.66542530059813,3.060632179180782,1.3726480901241296,9
3.257504642009735,-3.1289276480674744,63.570841789245605,3.2182697057724,1.4662767946720123,9
3.28243687748909,-3.376085092624026,60.948601563771525,3.475173979997632,1.513261869549752,9
3.260507742563884,-3.529232899347941,65.74417368570961,3.654611825942993,1.4641521771748869,9
3.218272089958191,-3.416415631771088,66.52028369903564,3.5141989290714264,1.421579226851463,9
3.1662393609682726,-3.6180134216944313,63.62106831868493,3.719078143437697,1.3301638762156192,9
3.1585683524608608,-3.891414354244868,61.11175060272217,3.980643490950267,1.2536741048097606,9
3.2964965105056763,-3.763239860534668,60.53245544433594,3.824919104576111,1.4247871041297913,9
3.3359192510445914,-4.052626371383664,57.34065500895188,4.104670763015744,1.371113429466884,9
3.2957773407300315,-4.303655505180357,56.06705220540364,4.360588272412616,1.2733701765537266,9
3.2497228384017944,-4.385610282421112,56.542959690094,4.432843089103699,1.1948850750923157,9
3.2030210494995126,-4.225166161855063,55.72040176391602,4.23755200703939,1.1834377050399785,9
3.1269177496433262,-4.182520429293315,56.59650913874307,4.206879993279775,1.1102084865172708,9
3.0431278944015503,-4.152573585510254,59.76371097564697,4.157339572906494,1.03567773103714,9
2.93830129504204,-4.030832568804425,62.43299818038938,3.9840338428815234,0.9471480250358592,9
2.8082745869954437,-3.740609248479209,62.63577588399252,3.662222464879356,0.8242253065109256,9
2.76282212138176,-3.480237156152725,64.0696153640747,3.417516857385636,0.814381018280983,9
2.7135651508967094,-3.498097916444141,64.12468846638998,3.4529110590616843,0.8383896648883821,9
2.5828365882237763,-3.636830230553944,62.05650504430136,3.648006031910577,0.7991705040136974,9
2.5048561096191406,-3.556891679763794,58.99253082275391,3.603297472000122,0.737935483455658,9
3.951623916625977,-0.6646865606307983,35.32237243652344,0.6009639501571655,0.97623211145401,10
3.9287187492991062,-3.3465895609683303,42.160086827105786,3.459366262677204,1.93999087954142,10
3.821677926075028,-4.387266727815192,42.85683707731316,4.428977523941591,1.672292258366045,10
3.782933380230364,-4.570542941610497,45.76777338694377,4.641987151410207,1.621573386422123,10
3.865191318902625,-4.2111777512423965,46.13079636355481,4.274468209370073,1.8494026962533052,10
3.840510677142316,-4.189037917608238,44.80934425721686,4.252380215978048,1.792326596846063,10
3.7652696471616447,-4.296917875129056,45.58671436539616,4.359612688960799,1.6819890277931488,10
3.7368414028581367,-4.265854979135904,47.35532229779714,4.321273639977696,1.656463783907603,10
3.7733778953552246,-3.902532965303904,46.22870125828019,3.935657802834568,1.8204374284629363,10
3.7662354765168153,-3.8937116746442864,44.71474093701466,3.915416464748153,1.8254548038344784,10
3.771400489002825,-4.037156702524208,45.68056616725692,4.049951610794986,1.8098305851580148,10
3.795981848096273,-4.1807867216776655,47.26218110969268,4.200381574860538,1.7876797993499112,10
3.803509341665061,-4.161440004785376,46.93340990916792,4.187612751880324,1.7968885424625445,10
3.826414974339037,-3.904456005038986,45.800197072775966,3.925677160182631,1.898616281618555,10
3.818062000964061,-3.9965928003012414,46.781450202666136,4.018135133996068,1.871023907718888,10
3.835586695785982,-4.080700337168682,48.06668332111405,4.0985353940940765,1.8510696607899952,10
3.841465027935534,-3.9376916339598496,47.34882984391178,3.962921352271574,1.906848419143493,10
3.752559071563813,-3.76819069701505,46.46642712512648,3.7672046336782974,1.8528036855789551,10
3.785844696573464,-3.816061522587236,47.24613304597786,3.819697443261204,1.907359232385475,10
3.832278767264033,-3.9272773524364792,47.77923282945012,3.9350505076259017,1.9261150690446416,10
3.813747515161354,-3.901069810591548,47.22149846639978,3.90760476617928,1.895224239452776,10
3.769177168248648,-3.7621854974562856,45.84875414744917,3.75801759168326,1.889097183583731,10
3.7400495000632414,-3.493725193552224,45.17593296464667,3.470043906246323,1.964379932506975,10
3.654789365917804,-3.676740316023309,45.473530114415176,3.654069677892937,1.836408702723952,10
3.6364302951169294,-3.835630922432405,46.61121713109763,3.806337054953518,1.7506908307592552,10
3.7645149661833983,-3.811203706695373,47.35880727653044,3.814302951456553,1.9295967386429569,10
3.7595060417451056,-4.0718802314206775,45.56205496730575,4.072168855782015,1.805090295263084,10
3.733581449612077,-4.103234776531357,45.0083013787327,4.104479255446469,1.7468350062887352,10
3.6894679931272942,-3.967171166316572,47.04343565975327,3.95872265172292,1.7415659858519774,10
3.646928745580007,-3.881639582565033,50.92346216684365,3.8608497970075497,1.718308424375143,10
3.584939611963479,-3.945508574864951,51.04942009247929,3.915043868214251,1.6365901921168868,10
3.685574515756354,-3.5673913754612574,49.75837817824031,3.5476157018937267,1.8933414120271976,10
3.74242108413972,-3.716889832393233,48.02323049522308,3.726265867072416,1.92135413870754,10
3.696331219500806,-4.189762951379802,46.27719798720026,4.207782176603756,1.6963975486985163,10
3.612802617521171,-4.570437844977321,43.20095310440983,4.6563343886869495,1.4737136033644158,10
3.5570934177881264,-4.186355355274247,44.934619260121536,4.204458024128375,1.5579206203839864,10
3.603678668837949,-3.814804545368056,47.24438485754542,3.782799192221768,1.6925860212509891,10
3.634974389191133,-3.842631854206684,48.6765009868576,3.8215252304651663,1.75586620439966,10
3.5978340556822626,-4.192053863801152,51.83124229706914,4.179402747786189,1.600304771618671,10
3.658643189683018,-4.0190261573676604,51.06639326624124,4.00115399188306,1.716066900506077,10
3.5620673277291903,-3.965920166796949,52.77268871629095,3.9663935138518553,1.632691160742059,10
3.534871020949031,-4.100207027182522,54.19216808640813,4.104367118283927,1.526748152382403,10
3.624311154147229,-4.077767670872699,51.74115132711019,4.084575360079845,1.6572247154741404,10
3.620076192430703,-4.018937067813184,50.06140731903445,4.016813347138554,1.6658057204212051,10
3.61372458503907,-3.992639435342996,47.57506506127047,3.99542213348021,1.649574605815382,10
3.629969242107437,-4.100324377956161,47.04374336334597,4.112122756889068,1.650934062808393,10
3.6351967231336846,-4.336202431874102,49.37382989906402,4.360356893884129,1.591058774166797,10
3.586289342627468,-4.471825214753668,51.59712164086032,4.509433852620872,1.4889204882713685,10
3.6383305026824218,-3.98769358267267,52.57247492778732,3.996069342257028,1.6881654937583284,10
3.636409582861935,-4.020070713686657,51.47166753102497,4.035060661384859,1.6540379100535283,10
3.564181910939963,-4.17986822128296,50.44178771972656,4.191993730613985,1.5270806306816,10
3.488221431353006,-4.282548597060054,51.41266788344785,4.297094761607158,1.451001720256116,10
3.4465106424078886,-4.104651405150632,58.69162419330644,4.129207088286618,1.466185611414622,10
3.471523688500186,-3.940253372651984,59.37717028698288,3.943182971104081,1.4934637934328567,10
3.5000716376017373,-4.00446700475302,56.79819226552205,4.008154053285897,1.5197150190192534,10
3.546660473547786,-4.251237774469765,56.24330596464226,4.26964340439762,1.5344603959336338,10
3.6172092621584975,-4.23950765793582,55.06822402218738,4.250099222344088,1.6235813907830114,10
3.676568590014814,-3.9663675204817057,51.62071823212035,3.9730400766234784,1.7181561273264605,10
3.643602218972631,-3.655485874199005,47.08237075805663,3.665738071303769,1.7887051191674654,10
3.5145902504403908,-3.7433851612619606,47.52646526658391,3.734129747712468,1.6452238430459816,10
3.519801375377609,-3.934326163257461,48.543431845056006,3.9166787474988456,1.5992358032479344,10
3.546779524849122,-4.0119703361787,45.68297923903866,4.008267378232565,1.600832333765834,10
3.513331666050187,-3.765114947973965,42.24942094733917,3.752064414771208,1.6459768479128916,10
3.526183816323797,-3.4085145973297486,44.28006243418498,3.360506451273539,1.7991621192679348,10
3.5235047196767417,-3.81837953142373,49.12524147493294,3.780601323369038,1.6821587660226476,10
3.558305210377797,-3.791440333228513,51.57015115668975,3.7389085034289984,1.7029236368386147,10
3.5656318319849216,-3.998070848993512,51.188049592167495,3.975977946476768,1.6361364887421372,10
3.495997394423887,-4.381601554801665,51.62968782631747,4.3925094661942445,1.4460576191005938,10
3.425334582845849,-4.520054018641092,55.64300481957126,4.569377583193491,1.3383935373949718,10
3.4900402189737347,-3.977288599473882,54.46966780237403,3.9709184744271857,1.5289832719837342,10
3.5152171979467552,-3.874307417007813,53.330014240310845,3.887625194457639,1.599871865238052,10
3.444088484867509,-4.143330818199249,56.21029003556952,4.16053200342569,1.4480116123176483,10
3.3621538288622017,-4.184199195310294,57.41404843617634,4.189196678529303,1.3485765500241014,10
3.2740183293101297,-4.22865465462926,58.83754856615182,4.25599294972707,1.2440229015177988,10
3.190252846982105,-4.132739354328936,60.145440388874846,4.151962337723696,1.1752249864210562,10
3.145720599645592,-4.175851948289986,59.59299848165857,4.195793126002852,1.1146545905664742,10
3.144391487879925,-4.371308389916478,57.02315112194383,4.413486124521278,1.0943297865879107,10
3.3311332765832007,-4.081561780837645,55.1263983852892,4.105121173054339,1.377815095775099,10
3.2691885534539287,-4.334420658019651,54.72709265099951,4.428404612713549,1.251303560762521,10
3.1961449140525726,-4.425257346716272,56.023502005151954,4.504184768860599,1.1489913801112808,10
3.2989910022321958,-4.26219195630177,56.93104879540133,4.300604820251465,1.279816488185561,10
3.267159245100366,-4.21727318361581,55.1748873009739,4.243868503225854,1.2515709256551353,10
3.330306251365019,-3.916774327496446,53.69007620754011,3.924754536295509,1.3885993023952825,10
3.3570761680603027,-3.762969255447388,52.590362548828125,3.772186398506165,1.4662472009658811,10
3.2969983887959677,-3.835675225200425,52.17904378132648,3.834529121238067,1.3908067036824043,10
3.2989045970411186,-4.037115571010545,53.031153713364205,4.039017904235657,1.3433415092617629,10
3.296809078699135,-4.2762291632502905,53.08021430509636,4.3070108229855455,1.2758092277021291,10
3.2940930558974486,-4.23871516894145,54.20588419810837,4.260794932583727,1.2797290790511908,10
3.336439896778888,-4.144159156155873,54.66805386830525,4.150680972869138,1.3236757919012785,10
3.370838952351765,-4.065977544669646,52.70635793295252,4.063236492225923,1.400843015636306,10
3.292960592063076,-4.168314715465868,53.77542086681688,4.19591566453497,1.2998799573944266,10
3.209461335676262,-4.036381541964519,52.58121207823236,4.041548171675349,1.2372242837067111,10
3.1770584554557337,-3.823372266378749,52.83226348693108,3.8044109976435294,1.272851373775895,10
3.267222902860987,-3.688465341027961,58.23042768455414,3.6733034461377616,1.3542173813624565,10
3.4187172148601115,-3.6537420606038657,55.831738115793264,3.637057485350644,1.5702377098152434,10
3.476189703826445,-3.5805465270237744,51.28104122575503,3.5722525464483046,1.6704259644071748,10
3.457355212016278,-3.887999301933382,49.407614788377145,3.9038059797631695,1.5712537348988538,10
3.378632417644363,-4.222552710268871,50.93212345996534,4.244101127946233,1.389795548944589,10
3.259302779852625,-4.234265195318014,53.74295273746355,4.240076869367115,1.2640323107501108,10
3.3181794781282723,-3.953799461743918,57.25216796599239,3.935368094099573,1.3809723423187992,10
3.3629537519202173,-3.72112634383052,58.18982958506388,3.701418931225693,1.4674636944230788,10
3.292296053415321,-3.687927181462208,57.09561063008135,3.6723344067493127,1.4181311195155215,10
3.2029494952006514,-3.867846839399223,56.56169624788215,3.869662029197417,1.3055200318256055,10
3.353569603828064,-3.9057538839707897,59.838291857616014,3.935592356934605,1.4690520727490817,10
3.4762302134410445,-3.891708827880491,57.866909854383344,3.903741813567747,1.576024395873748,10
3.486123199922493,-3.688691952142372,54.87903719063265,3.691259379846505,1.6291049876845023,10
3.468633034143103,-3.65811274137842,53.81971699358468,3.658816782824968,1.616491627980427,10
3.4658151865005493,-4.019471386829054,51.84729295753571,4.030497301055725,1.522102285580463,10
3.4596019451876723,-4.095697385719023,53.73261242602244,4.106741744351674,1.5076040560940662,10
3.4631591245352507,-3.774431306195543,56.29395356235735,3.762914236769615,1.5642012120729485,10
3.5012219670307205,-3.510943596621593,56.87318636423134,3.506512475300984,1.6542375963854503,10
3.5177458452891157,-3.949353963495736,56.72575514000579,3.97462539787752,1.63005879270025,10
3.487769115402038,-3.922139156295592,57.47334091921887,3.9335548906441193,1.578168869018555,10
3.479644343077418,-3.830967875848334,57.99265142233976,3.834897294101945,1.557364339569965,10
3.523244717034949,-3.706014983625297,55.666413778282056,3.6976571111793977,1.6653270908148894,10
3.499200305306768,-3.856714179716915,55.360794825726245,3.857922874301313,1.612024196659226,10
3.5010338576443223,-4.094640651381161,55.66627001475138,4.1100719003792285,1.5301344064344842,10
3.46872185655387,-4.071328502103506,55.91189480976887,4.084660989692411,1.4943430100578858,10
3.3902412437530884,-3.94548508632614,57.34365504621023,3.9435839451939225,1.4393352873354075,10
3.348854498690869,-3.936825812581073,59.8534753638578,3.944518174033566,1.4012266641639797,10
3.3074874188526566,-3.7640482230358807,61.37673931811229,3.769397701125546,1.386108504720481,10
3.2239756009664884,-3.633989203407104,58.971994882606616,3.635646238384477,1.340452737836953,10
3.1551180029489907,-3.705733755984941,55.77123977477293,3.716420314398159,1.298109673591981,10
3.1977401598390327,-3.963569155658584,58.27965695024973,3.991866951965424,1.2828434195863196,10
3.2297492056007844,-3.662019402147778,55.798893894057706,3.646947633789249,1.3733591430158492,10
3.289915110691485,-2.836154205253319,58.0805300747056,2.7880347263382075,1.519121022827656,10
3.411560055721237,-2.1270995743303414,64.3023704161127,2.1517635770590906,1.670073309576655,10
3.3116628707173352,-2.532761476126067,64.38041328522095,2.612468799912792,1.7081559968281936,10
3.3425791780632665,-2.9272519709116023,62.799797977309616,3.051428588039905,1.766731379980064,10
3.353841248765049,-3.398926065628786,58.807654139507264,3.531330428927777,1.6584646385836317,10
3.245588113026445,-3.6342679333974086,56.58885804141861,3.72395215264286,1.4898774954209828,10
3.0905754307666458,-3.574489277529429,56.54092138359345,3.637467464768743,1.32393051270979,10
3.105675832334772,-3.188124874988235,52.64292958271071,3.218629670430379,1.433097621044482,10
3.111137398754257,-3.6532638819820944,56.05380494910554,3.711513596844964,1.3730374811643566,10
3.1834009469273576,-3.927494362176183,59.60244176473962,3.946422832557954,1.310320147548813,10
3.262764326061111,-3.856077013245548,57.6715553237731,3.8431990879127778,1.3748477144413684,10
3.2486332094812966,-3.834048690566097,55.484787446906765,3.821797807532621,1.3660887407969278,10
3.1939945493836004,-3.694863272000509,58.41113414534602,3.6933987111930393,1.3158016750611456,10
3.1604107776320123,-3.7545437898980576,64.3246982068901,3.759222286293307,1.2572297848850844,10
3.1237894698797937,-3.9058900195432,65.36363073142178,3.9186351687075143,1.1689266662999809,10
3.0773359838738497,-4.050009474696883,60.3713979146567,4.054160968366875,1.1037206678505402,10
3.1944075406315826,-4.20324437015028,60.69890713978963,4.255204887275237,1.187951119549304,10
3.341788059257599,-4.262024879455566,60.18865741591856,4.311163063508919,1.3198310424046342,10
3.4007236713386444,-4.313146329787841,58.00901468116114,4.349651069526214,1.3638921516487394,10
3.3721720712730683,-4.369919593075672,56.73837284869459,4.409681004214,1.324541754033192,10
3.330797817333635,-4.324965497097337,58.8372900399817,4.376569727817214,1.2893441829336696,10
3.377160055091583,-4.022257822105681,58.68192884146448,4.039787821022857,1.3927384528769085,10
3.451832868966712,-3.511989778782947,57.72599647705813,3.516585660268024,1.5872507088155636,10
3.443223485027449,-3.11486472853695,58.189473393451735,3.1346929877637386,1.696342794291944,10
3.2241008712584702,-3.127785310687788,57.16995032436874,3.1564304598842754,1.516535337430884,10
3.174398904823395,-2.908123369676521,51.897700298263366,2.939570090856897,1.582694698529071,10
3.1758029762520845,-3.337367077907893,49.799670001110414,3.391048063714829,1.5483740582523555,10
3.1930625869567137,-3.7626427483845912,53.244830395801976,3.7702990957053313,1.4245020409664473,10
3.2651276430451723,-3.703887775719884,57.15874465115098,3.671513606266804,1.4687144346984038,10
3.2213349342346187,-3.6756337435848776,58.508441741208,3.643488863864581,1.3897412785564545,10
3.1767889663397546,-4.212595701217652,58.70849926500435,4.248809064727233,1.1926940270217066,10
3.17999644739082,-4.257457193121855,59.8401670341032,4.275619150644328,1.1808948875909815,10
3.2354039930435547,-3.8775560223912606,62.07229850952885,3.863091149962091,1.292916496115995,10
3.1549712864749404,-3.8128512738698936,62.24103858671992,3.79968794857163,1.2035531509353454,10
3.071286906678992,-4.379842488162494,59.09730954917076,4.444788071046399,1.0197410500911328,10
2.9363192650208982,-4.427804200046032,58.07335828298546,4.454060364918535,0.943147078336003,10
2.8433015705591225,-4.167790843779782,58.064598267336926,4.124834999980697,0.8910063404634773,10
2.823834040078772,-4.164001729114947,55.6549594373588,4.1341765759939175,0.9021201629236524,10
2.772181915949626,-4.222348744610706,56.18100290413363,4.22446640141039,0.8446896902049879,10
2.6316451595490213,-4.367885744715313,58.48996803559456,4.340208587876288,0.7388982420944283,10
2.4744468510869027,-4.350475167653646,58.82585599049028,4.2764800226832,0.6331009354936069,10
2.465487003326416,-3.863601684570313,55.99382400512695,3.803938388824463,0.5250937342643738,10
3.8603689670562735,-0.7305009961128235,33.716941833496094,0.6351383328437805,0.8172312378883362,11
3.7211617504257752,-3.153819661542594,43.22155318202743,3.238140114818711,1.6040824263928883,11
3.6144927811909873,-4.157900005938059,43.332487359104384,4.172171500791986,1.5043538148144642,11
3.69502176721412,-4.146395174853773,45.30945118364081,4.142008626317404,1.698471498058503,11
3.730884023459561,-4.267445931951683,46.20872741147696,4.281918347599995,1.705826013921255,11
3.75268577667604,-4.4659931946949785,46.533185154558666,4.516456055353923,1.6575513000947883,11
3.7631076847214295,-4.346563299018216,47.09035413811006,4.401867734380515,1.689714729067791,11
3.76606548263366,-4.116763907742787,47.93850034690765,4.154851232666567,1.7498640389327544,11
3.750424255807716,-4.00694555546864,49.21491066806288,4.031566484864936,1.7713449432189206,11
3.711924361895366,-4.306763648986816,48.069444863193006,4.346736813166055,1.6273136239453971,11
3.674565341099199,-4.197136155094009,46.30798206559147,4.229423758495285,1.6166280953280898,11
3.6664136518915016,-4.224418614284102,45.30316081679011,4.260902648948761,1.618422017040023,11
3.6595570696405617,-4.370688099458993,45.75388028248247,4.419913573437427,1.5740955507898906,11
3.6302157152129935,-4.051699526338692,44.76718277529061,4.056698264845883,1.6392502526202837,11
3.577386063265513,-4.163087546107281,43.54440105392272,4.186832772680076,1.558632918151028,11
3.5435331269919152,-4.277829017983862,45.365711901561326,4.297448721276709,1.5089428661817528,11
3.572346581033913,-4.28229550281203,48.83162505368152,4.286435713250953,1.5396956664970125,11
3.625510650944997,-4.148306111255324,49.64958579281726,4.140151437506618,1.63488152659083,11
3.6264727603958313,-3.976493599903153,49.35421729949584,3.9602224711912224,1.6759644990944,11
3.5928554376923896,-3.7037976951484217,47.222097488771,3.674028235745717,1.708805288895067,11
3.576565219695309,-3.5028414439006026,43.50137903604163,3.4708284096545485,1.79275384437607,11
3.623096912740225,-3.5791713358408,42.06436777689371,3.552348622356553,1.865252807197801,11
3.687098540455462,-3.6408378129982086,42.69868607118905,3.6008892518928253,1.92279113057148,11
3.701773613332266,-3.8788429541760174,46.55688876416309,3.845030172761664,1.8564521296914804,11
3.687115146453122,-4.199428248118205,50.87211994952467,4.175003384969321,1.698182940483093,11
3.636500473482063,-4.288000032126185,52.11165919935847,4.269951130970414,1.592442678399833,11
3.5679306409445157,-3.874622115169663,50.79492835538933,3.832186112920922,1.625968451959541,11
3.4743410593055817,-4.207077161375298,49.95992327310953,4.231579234801142,1.4391413905534405,11
3.467405141118061,-4.210396330040621,51.41925117768437,4.23098113163408,1.4415043994604826,11
3.594720112272056,-3.935039691178196,52.615370072514175,3.940019439501935,1.672302689897009,11
3.670501309705068,-3.9393488154353866,51.63810086537556,3.9371482808905913,1.7616518434271755,11
3.677877770849021,-3.924826265817665,49.43131667447378,3.9189103497080056,1.7519484147968063,11
3.6598917920905434,-3.875483501388366,46.913954401590736,3.868992259703487,1.735400783010276,11
3.6341141390513214,-3.929712223719402,46.055457517325166,3.9215064422193775,1.7143265999943371,11
3.605348894395024,-4.100311796349216,48.30831054319818,4.09234673718372,1.633281123207276,11
3.5931929105735687,-3.99206422323204,48.19938629793834,3.9670954526188864,1.6404363771519028,11
3.60005074811269,-3.6579376789460696,48.4073601228645,3.623203958373472,1.7552372906581468,11
3.6561533069036094,-3.1967346251729003,48.2187265373138,3.1711535496884062,1.962327931300704,11
3.719239993267749,-2.7834084033966064,44.29779778905662,2.7951568178383703,2.283935138978154,11
3.5715421596205377,-3.716582470629588,46.7710105022752,3.729714666504457,1.8230119282940789,11
3.587123465825276,-4.099272050053241,51.40907301385719,4.069301685654973,1.6658257590719017,11
3.605170284409121,-4.297168226127166,53.246348852134616,4.285297956811378,1.595996539994894,11
3.53090589879507,-4.38236342280744,53.42034130785837,4.383361149983233,1.453705919794289,11
3.456436598157308,-4.117435173815992,50.15480999774244,4.1035132034715405,1.4474635282194757,11
3.450240353503859,-3.883749401712992,49.67652929834573,3.869841377419161,1.521811386188829,11
3.4615767490432923,-4.062832303794035,52.24711505476252,4.06697829660163,1.4948253545416403,11
3.4632963329912667,-4.168149603418557,53.41085755681417,4.16902883943305,1.4522937191538063,11
3.527793117316372,-3.919302938932396,51.38898957493794,3.901489677199399,1.60440902178546,11
3.6024819885391786,-3.700605320643229,49.18162196515554,3.682979402771915,1.7630356047526905,11
3.5599369873483493,-3.700243296393429,47.71843243794268,3.688394850995168,1.7232969611524094,11
3.474792787827641,-3.8056150085954794,48.02115782772203,3.777445899434837,1.595836205654833,11
3.485982675150216,-3.928384413202125,50.36307980640825,3.895515332739037,1.5811080559190498,11
3.562493186399161,-4.061201882649617,51.90072962749436,4.042889514601375,1.6261028295539948,11
3.5104161845632342,-4.045358054609184,53.36320808134884,4.034687013511198,1.5597693438989566,11
3.5149079891572512,-4.039871836283121,53.80799989815218,4.032168813498624,1.5328777511435814,11
3.6165355803018593,-3.9834694532026726,52.57888502097992,3.986461798828768,1.701801939901099,11
3.601570301745311,-3.846392683235996,50.43421219055911,3.833068485719612,1.710986950311316,11
3.589767099863076,-3.872596124568618,50.603262223393095,3.862325215914164,1.681086428912289,11
3.634351506290666,-3.8725356050284496,52.046640143337015,3.865416139005177,1.7357220807707456,11
3.6228194595819496,-3.589097097695592,50.23850716740253,3.560096080044666,1.8150401675557517,11
3.630318842738508,-3.844467309584101,51.89462482498353,3.839733551783735,1.7641606445772102,11
3.660090987940869,-4.23249252732978,52.06930797071341,4.237948480858861,1.6479462586253515,11
3.642962909606566,-4.159650004053691,50.317191066512144,4.16677426142865,1.6228902282485045,11
3.594313196389072,-3.913580485137112,49.83870552246829,3.89974833396544,1.6595724799546852,11
3.4593249401414248,-3.9309377584112695,53.5161831407662,3.91900977456426,1.521129592355475,11
3.477521264409445,-3.8397666316434553,52.043380737304666,3.812793249107268,1.5509720358503878,11
3.5436951711953406,-3.632278597498514,47.33964621302591,3.611770710313176,1.7109295575015524,11
3.5580068108547165,-3.65911236872156,45.37114412238799,3.641327203038227,1.75886798838535,11
3.5082898915532126,-3.967936033225922,47.081947740302034,3.950045442006674,1.610850605619959,11
3.577781823744257,-4.058293793574873,51.622054846890016,4.041140105350908,1.6553077920373669,11
3.653305174356484,-3.89040346605232,53.0489983156503,3.87100617282362,1.7548118485025608,11
3.6020538246775247,-3.7225958223802498,52.95860359467656,3.704613195844444,1.7588961950267654,11
3.382381424846419,-3.893563322274082,55.79049190842962,3.883123127810927,1.4622809700219022,11
3.3334431332277963,-4.059595573379333,57.11985482365253,4.053186511418906,1.3684491450528065,11
3.376366517629968,-3.815503973558722,54.07547254447474,3.792280806116308,1.4667985338762597,11
3.3691656330981887,-3.5483308269316893,49.60517051421016,3.53327915323786,1.560631120779428,11
3.33037941427116,-3.6486159807228185,48.52405492943453,3.643680650067617,1.5101375493658593,11
3.4459852497261694,-3.955733913973153,45.1696341640978,3.962080817624747,1.5563568350780446,11
3.466204154922301,-3.828833588634629,47.94439187107314,3.806044386093876,1.6419926465275776,11
3.4422904612070107,-4.153568402830377,52.733018507440406,4.149909272251359,1.4700399773666657,11
3.3738331363861818,-4.456457982580345,51.961003406938296,4.48093370644443,1.29356514689434,11
3.3453914817557275,-4.341270056115575,50.74780556092779,4.352016940174331,1.3094510665859085,11
3.2829068195388973,-4.127998599086898,51.30861907407463,4.124212713126675,1.297142873327416,11
3.337431788444519,-4.021493196487427,52.13399505615234,4.011169672012329,1.364787518978119,11
3.435636853597251,-3.917564656361039,50.52561344008845,3.906454879117298,1.515827526529152,11
3.417916526277381,-3.906897875199836,46.80613035179045,3.902028490261861,1.5152704794722862,11
3.351144934275064,-4.3981020364416645,45.91625144682735,4.463372339685278,1.3158146157322164,11
3.420562586152412,-4.154831481267165,47.69753991552148,4.158663178064731,1.457881508821468,11
3.495088132030993,-3.7750098619116352,49.212340803031466,3.751472409949245,1.6427536628332482,11
3.365203213978964,-3.767906720379748,51.411685093339656,3.724563512457421,1.4996278688132056,11
3.163325683180107,-4.171655448086292,54.443948998508695,4.169985058795976,1.2077532661966517,11
3.0428887375866074,-4.155643652720624,55.9315117066165,4.121080797838878,1.089338579091681,11
3.04512648697359,-4.180505241256161,55.25740602792028,4.153213862913199,1.0759305609277934,11
3.101482915591045,-4.189403091568543,53.87243907422904,4.185235149889105,1.1376201302172195,11
3.223883838538664,-3.60770257697048,52.77110437600009,3.5811559177306767,1.367957056286823,11
3.2195136116211667,-3.875934210168314,55.34056488864396,3.893984294799441,1.315348576350383,11
3.1453688058508447,-4.120102733014578,59.805842663868376,4.115761073238878,1.1777155298784552,11
3.095374795327704,-4.230770915387623,61.14064942785057,4.222756382930708,1.0660610773477213,11
3.081904172897339,-4.396570895091596,57.50834039894928,4.411136937428669,1.0336804605392096,11
3.1821728657527144,-4.016411486878452,54.22132195622088,4.012021405151091,1.2297571617436698,11
3.205267167953123,-3.9012067662664216,55.63446003557692,3.913475507713228,1.277243041130433,11
3.229855382298849,-4.040500643741654,58.10729957488646,4.0585746592785945,1.2342367351773276,11
3.337696184594947,-4.087105946368482,55.81347426448961,4.090821978557541,1.3657362432364957,11
3.368032403739102,-3.99007433868316,55.50409686996276,3.994423518697896,1.430475724030691,11
3.410937722907009,-3.4761854280908406,54.981779856854175,3.460688895489794,1.5834430240723032,11
3.405587694731104,-3.483627569244566,52.478224627942936,3.504229570009619,1.607953073030496,11
3.3079397075147514,-3.991651115647284,51.72237152651135,4.015147892825577,1.406322688941495,11
3.3315497119742705,-4.232978094054992,57.32613097041487,4.261230342359428,1.3599511772753243,11
3.4316549157521807,-4.194301404148701,57.74958626620742,4.198610604527486,1.4429410265152702,11
3.5031733527240987,-4.051299994250377,54.906497082078296,4.049674737884337,1.5352491169090736,11
3.5192577752722314,-3.8843122332929134,52.61078069296228,3.880354312529047,1.5983280833945217,11
3.51170966280512,-3.8153301060917832,52.8842866966523,3.814314490341274,1.669220938021878,11
3.414993691157145,-3.5395791990211203,56.31882881256473,3.5166400369391373,1.587397019547152,11
3.230675671474044,-3.58519358520048,61.77019250249287,3.5745008034878447,1.3986892542207103,11
2.9759048008057003,-4.134395427014457,62.99941864932875,4.12279243354338,1.071927488568316,11
3.0716769451118378,-4.289486439831285,60.03412752266389,4.2733511378966185,1.099611644285271,11
3.18937238153205,-4.006385042006706,58.67019340790899,3.991696314639352,1.2619019718055284,11
3.21560433542872,-4.150020447122048,59.79158723210714,4.172626707927295,1.2189444655395405,11
3.157008415245148,-4.495197520198593,59.61785691042981,4.550736111330699,1.0700505440493664,11
3.209730412586626,-4.303888941385657,57.673233422888295,4.3173319862549535,1.1721626742776623,11
3.193637236055121,-4.163755571985819,55.3992381268237,4.186276872474027,1.183276779680367,11
3.2341946492712177,-3.897401851343823,54.2213249436344,3.908964855125153,1.2835554020950584,11
3.3137744880584346,-3.7137152430522886,53.888261450342384,3.724731488400197,1.4336653028626036,11
3.212149994919099,-3.881363949143743,52.74571791039892,3.900274760751839,1.3046618240425385,11
3.260749483683022,-3.513302702501598,50.51227008865542,3.494894105267815,1.4511826052723145,11
3.33912831185812,-3.44641171593264,52.03833085944856,3.431035232831197,1.586924667818001,11
3.3344337624239637,-3.637240406978561,56.73679554031556,3.619662842118596,1.5225822638316329,11
3.2596114069582462,-3.715659039566316,58.36502799068589,3.690250547535448,1.4021812864096757,11
3.267095531325743,-3.725399646414332,57.15738871011389,3.7020559253462815,1.40729725935373,11
3.3744568494429066,-3.683905946203025,57.421735510768656,3.685294666922237,1.541878697383834,11
3.4599455954080605,-3.583679044103046,56.62303451170401,3.5947671683437834,1.6501967432987268,11
3.415643114641488,-3.506036400794984,53.44008562938277,3.5062779992459774,1.6490454989743517,11
3.2134210345256737,-3.842957841344628,54.06146097757732,3.867978871586812,1.359811649265057,11
3.1241111568657747,-3.672064779752706,55.21043800445925,3.646794704069572,1.285886258245951,11
3.1692785699683497,-3.325515890695963,58.04190412774143,3.277484603675015,1.389069834387446,11
3.230077302599528,-3.231447146599556,61.97919059661498,3.232413662485334,1.4523606228541182,11
3.1846728956843,-3.6134756214647417,61.73167276956949,3.641605115798584,1.3624173086809823,11
3.2339602536465746,-3.67824900581176,63.35024771632918,3.7260648098336646,1.3955614358545785,11
3.324597215077964,-4.029815329126569,62.21446765761775,4.102465807673447,1.360706103853432,11
3.296328510146543,-4.268767965845315,60.23204435785133,4.318839771201812,1.295191593917019,11
3.123923005827939,-4.305684911199363,61.18894053079995,4.350021310599455,1.1276023057569946,11
3.116802571767784,-3.9061178644019434,64.95270956567973,3.9067959670560897,1.128661475985883,11
3.089402339544641,-4.029806883938341,64.27060708654932,4.041083508227245,1.0792177815035169,11
3.071946718606605,-4.073865775602407,60.06698254504831,4.070227973432424,1.0635580075792532,11
3.138319434889828,-3.885268133806895,56.12093279735152,3.88035076497549,1.1875958686851595,11
3.174599002642804,-3.898651229329856,57.199733412409394,3.916983890246196,1.2278794107666935,11
3.121371401361672,-4.075232534523472,59.64961895310736,4.103069586926197,1.1322913600737778,11
3.2066824651626225,-3.935400056551737,60.19449739571077,3.95214151330741,1.2373226730220297,11
3.36162924192038,-3.752370414963689,59.06913835456572,3.7804107924541817,1.4709235544664316,11
3.306724765214575,-3.909698302487294,58.97233593033022,3.934715854116234,1.3825404550655769,11
3.2066564186509834,-3.967091431100685,60.566087515957385,3.991245605859412,1.2502687537526511,11
3.236637702907425,-4.248745846461104,60.80946513256394,4.306859949985187,1.1943312854651944,11
3.25007755497852,-4.3486445553331485,60.22295315294381,4.398598728409732,1.2019853649369203,11
3.1494502705263807,-4.208745795560171,59.6660110059991,4.225342572453511,1.1300360775855651,11
3.034936815859323,-4.02219117405903,54.8789080884083,4.036336197910539,1.0710018873214724,11
3.0008271846426537,-4.253269005970783,56.55311290327326,4.308862508061421,1.0313321955232733,11
3.0446087624653275,-4.370530967252801,60.62499499033732,4.390811420348754,1.0093163136976309,11
3.0468077386718195,-4.170694747603082,60.95435158603164,4.142100650143909,1.0345615952847949,11
3.000931438193264,-3.801766748887947,62.54363429977233,3.76024986749672,0.9779419288577804,11
2.9852888598499527,-3.467797783483938,61.68477821350096,3.4264315223119315,1.0265292202133738,11
3.02553806821984,-3.2438557866107978,58.78168271535849,3.250661065779536,1.1588484450995211,11
3.0953344752989618,-3.119246000266937,54.46066022206503,3.175501800445189,1.3303290741989406,11
3.1181766871946395,-3.1301575884761608,49.622844052602,3.2015353857752817,1.4540376146155662,11
2.8731395867933704,-3.712564591901849,53.61861511598152,3.775481044527997,1.146340075745639,11
2.685362545840709,-4.205921724618205,57.2378954600139,4.172151117439734,0.8997040850570377,11
2.5356887880578087,-4.31142952643245,58.539927976677234,4.204034391655978,0.7721394365092349,11
2.53023624420166,-3.684584140777588,60.733585357666016,3.5711472034454346,0.4793325960636139,11
3.956772804260254,-0.6752746105194092,38.30562210083008,0.6268798112869263,0.8397839665412903,12
3.9514665950428354,-3.551050712123062,45.36683559995709,3.6739089835773817,1.7827331788612135,12
3.852698485056559,-4.213306591727517,42.95107361764619,4.268116066672585,1.7245073686946522,12
3.811293588985096,-4.100220706246116,43.480067166415125,4.147587464072488,1.7645076036453249,12
3.8250718463550912,-3.856092883601333,42.47553891268643,3.898738728147564,1.879970383644104,12
3.811131238937378,-3.845477104187012,41.28830164129084,3.879912528124722,1.882385217782223,12
3.82371658411893,-3.527008251710372,40.17168516679244,3.5311581698330965,1.9998229720375755,12
3.861967524615201,-3.3657677520405165,39.117127135305694,3.376340659459432,2.1563328901926675,12
3.862286720853864,-3.748271563558868,41.06852847012607,3.754083064108184,2.0552416411313144,12
3.805394918268377,-4.286689957705411,42.85771040482955,4.296127856861461,1.7797782984646882,12
3.743644244743116,-4.12921953201294,45.96695316199101,4.1244908390623145,1.7472365661100908,12
3.747337738672892,-3.8847797552744554,47.88160044352213,3.872573057810465,1.7984894990921023,12
3.7950224833054977,-3.661936781623147,46.57913811423562,3.667986861142245,1.952781785618175,12
3.8284308838121817,-3.6761320200833407,43.859685077089246,3.6855011159723454,2.010671329498291,12
3.743966884324045,-3.831085683360244,42.30452062433416,3.830903431863496,1.8639105934085267,12
3.7353581731969663,-3.8685482415285977,41.77519989013672,3.855878634886308,1.831196134740656,12
3.7830211942846126,-3.742091602267641,42.51745436697296,3.7365181951811817,1.9513891321240049,12
3.764241163658373,-3.7561812646461257,46.40492944428415,3.740888858563973,1.9276443640391032,12
3.76422309442,-4.167204067923806,47.7948393388228,4.16077508059415,1.7739745140075682,12
3.6814933545661694,-4.521008427937826,47.878679749459934,4.562177582943079,1.5626116181864882,12
3.5187259370630435,-4.574028853214148,47.67020381580699,4.642488364017371,1.362080956950332,12
3.3982190522280606,-4.41838958046653,47.44089286110619,4.4526133710687805,1.3170306704261088,12
3.4831216017405198,-4.308927122751872,51.71667556762696,4.340436681111653,1.4588190714518232,12
3.577387806863496,-4.033364307519161,54.15448224616773,4.0320805058334805,1.6321109092596808,12
3.6446235786784777,-3.8678338354284114,52.90231559059836,3.862450604005293,1.7169819810173728,12
3.68139520558444,-3.797906976757628,50.4099077166933,3.794228705492887,1.7973492037166248,12
3.6826905264998926,-3.9247678525520096,50.4720348704945,3.9216394915725257,1.7741581656716083,12
3.6496583288366153,-4.294363021850587,50.543305136940695,4.3136538592251865,1.6052450570193202,12
3.628193918863933,-4.221163087902647,51.093725354743725,4.237387044502027,1.5931349963852854,12
3.624955262559833,-4.169611141898415,51.75157498446378,4.179433808182225,1.6007043759028117,12
3.5929524248296563,-4.256411595778032,51.84748285466974,4.266309781508013,1.5398822480981995,12
3.5894371755195387,-4.26972975875392,50.96807239416873,4.290257875847093,1.5333316391164609,12
3.5809074965390293,-3.924604901400479,47.95528760967832,3.920017931678078,1.6139744390140882,12
3.6462600231170654,-3.6264568328857423,45.5960075378418,3.619558715820312,1.7996232986450198,12
3.764198418819543,-3.669415151711666,46.55081604466294,3.68876682917277,1.9765483697255453,12
3.7037655584739912,-4.0031161741776895,45.44432495579575,3.998759269714355,1.770084991599574,12
3.694396565177224,-3.66955165863037,44.36980785023082,3.634600218859585,1.855896652828564,12
3.652408604188399,-3.422344989487619,44.465966704397495,3.3819788123622083,1.9188051317677357,12
3.5594846537618925,-3.656493126262319,45.41575093124852,3.619584512710572,1.7591129519722677,12
3.437837054512717,-4.168276934190232,43.71241843483665,4.164055997675117,1.4794680573723529,12
3.4491611177271064,-4.3465157133160215,46.45198833581174,4.344059163873847,1.4405554099516436,12
3.53530393224774,-4.286027599103523,49.25428399750681,4.272935087030584,1.5221045920343113,12
3.584804387526079,-4.139292560924183,50.80764465332033,4.12480612668124,1.6039160901849925,12
3.5804906310457167,-4.044032449433297,52.90127824725527,4.025663433652936,1.6189899531277738,12
3.479902950922648,-3.9481988906860352,51.68908157348633,3.9145227591196696,1.5267594655354813,12
3.401325897736983,-4.02892355485396,53.411040912974975,4.023947672410445,1.4321734146638347,12
3.3601127581162884,-3.715860239664712,54.8044604214755,3.690891917546588,1.4516340320760557,12
3.348078207536177,-3.3591994487878054,53.28170096657493,3.3362469514211024,1.543178669611613,12
3.3198762373490767,-3.832628033377908,54.31808124889027,3.8373303976925937,1.4508510567925192,12
3.372527954795144,-3.5397718285069324,56.38798435095585,3.5120702064398563,1.5741824374054416,12
3.375190185778069,-3.633527741287693,56.59126790364584,3.633795463677608,1.538563623572841,12
3.39973635673523,-3.644617592204699,55.42237271395596,3.6424789775501583,1.5522295106541035,12
3.547052614616626,-3.401062281926474,53.58839499733664,3.415175969672927,1.8215860540216624,12
3.606056885285812,-3.620790552370476,51.88303077004173,3.629390148683028,1.8405431841359,12
3.696967042576184,-3.5451774293726133,51.94764376553622,3.550808555429632,1.9696363449096688,12
3.694125413894653,-3.8531062602996826,52.5510533650716,3.8691858450571694,1.9094186226526888,12
3.4998363018035885,-3.99102185422724,50.612615134499286,3.988387261014996,1.5787023898326984,12
3.393160343170166,-3.9153332753614944,48.53384621360085,3.890699243545532,1.4765623157674617,12
3.450570911349672,-3.643281946760236,45.40903468276515,3.6065378275784576,1.6220404567140525,12
3.52324421044552,-3.444262417879972,44.01143604625355,3.406965481151234,1.8090858083782773,12
3.5425950830632997,-3.571117704564877,47.85397304188125,3.528124072334985,1.7987587560306888,12
3.536666742960612,-3.842000365979745,49.64239844119911,3.7960125012831263,1.6824392723314685,12
3.3507494319568965,-4.358807303688745,48.66577370383522,4.4016538822289695,1.3283181927420855,12
3.2409399466081106,-4.377778911590574,47.82209798639471,4.418375448747112,1.2314805095846018,12
3.382639575727058,-4.069588932846532,49.62770207722984,4.049201924873121,1.4782070022640803,12
3.343849146004879,-4.257504838885684,55.99053122780541,4.269935448964437,1.368569417433305,12
3.40191502571106,-4.257016468048096,58.40346450805664,4.266816902160644,1.3910637855529788,12
3.469968492334539,-4.102667268117269,56.03073640303178,4.09946181268403,1.4792122183424057,12
3.470808656287916,-4.119612118692109,53.05842828461618,4.124722079074744,1.4742326534155643,12
3.431900960748846,-4.436789668690077,52.19341826005415,4.493600273132326,1.346646549484946,12
3.475198803525983,-4.496977704944032,51.80087210915305,4.56785859483661,1.376596407456832,12
3.4622597708846583,-4.155014335747918,50.76261786258581,4.1827154679731855,1.44319028637626,12
3.421344947814941,-3.921443475376476,50.20083736072888,3.918405584855513,1.4596031882546163,12
3.4071676196474017,-3.9401768323146937,52.0190374663382,3.9295958302237777,1.464344256574457,12
3.3420068061713013,-4.020776644620029,53.1684114629572,4.010691512714733,1.3816954952297784,12
3.2896061593836,-4.104623881253329,49.97367269342595,4.117293444546786,1.3096786737442017,12
3.3142421968055498,-3.975930117115829,48.010252218535456,3.9796127536080097,1.3945688688393798,12
3.4106119791666667,-3.925909662246704,50.519117228190105,3.912897761662801,1.5132737080256145,12
3.416877209056508,-4.072781649502841,52.110658402876425,4.057363562150434,1.4631460493261166,12
3.4990250240672727,-3.879112135280261,51.734317432750345,3.8539725477045215,1.6006698658972092,12
3.443366809324784,-3.9573097084507816,49.60848779389351,3.966836286313608,1.5212462092890866,12
3.3328602010553534,-4.063496294888583,47.935746487704186,4.076006924022328,1.375292944908142,12
3.376120573101622,-3.978720092773437,48.95715577096652,3.95792462753527,1.4705165667967368,12
3.4093634793252656,-3.817263980345293,55.051583954782224,3.789638241854581,1.542828537478591,12
3.384315841848199,-4.003653912110764,58.20246727683328,3.999580123207787,1.429028851335698,12
3.378333619146636,-3.9340839747226592,58.78770666411429,3.928644628235787,1.429831100232674,12
3.449613477244522,-3.809641177726517,60.00903685598663,3.818079741795861,1.5418665531909823,12
3.456404035741633,-4.045851690118963,59.67485691417348,4.063349333676425,1.4988215056332674,12
3.52395575841268,-3.9628118673960353,55.21400604248042,3.959535948435464,1.5843890905380265,12
3.5317984479846376,-3.819744101437656,52.0679730502042,3.826401352159905,1.6393251021703084,12
3.485575654289939,-3.747588656165382,52.939433357932366,3.744150313464077,1.602939584038474,12
3.4576385974884034,-3.5644483031648577,54.53580465605764,3.542748283617424,1.62872763041294,12
3.4178514466141205,-3.680755171631322,53.68799630367394,3.657804389433428,1.5715081178780756,12
3.2789213614030297,-3.972039933638143,54.455210945823,3.983768203041774,1.363846427744082,12
3.1755348855798893,-4.003551854509295,54.12999644423975,4.002769743312488,1.2407890009157587,12
3.219103943217885,-3.7379154075275753,50.41835519039269,3.710117332863084,1.3678363019769852,12
3.29758863882585,-3.69398609941656,51.25867947665128,3.674098894812844,1.4707131299105558,12
3.2953064253835964,-3.68303413102121,55.02336696277968,3.6551822214415575,1.4591358054767951,12
3.2764615839177917,-3.764478355465513,57.731137709184125,3.742088877071034,1.3949442299929533,12
3.2679749011993406,-3.828349018096924,58.55940704345704,3.807866048812866,1.3684546947479246,12
3.2558268706003823,-3.79238942897681,59.1420240691214,3.783392949537797,1.3457989223075637,12
3.278888135967833,-4.079898056839453,54.223484154903495,4.099321460723878,1.3083747401381984,12
3.212894400683315,-4.352245668931445,53.65495674826885,4.4190789222717335,1.2120016553185184,12
3.1744509971503057,-4.469799966523142,55.86028488621567,4.521481667142925,1.1194590416821566,12
3.1940925121307364,-4.328839125777735,54.57380715572472,4.342302039175323,1.1676966840570615,12
3.1075436635450884,-4.3226165771484375,53.76631441983309,4.365404909307307,1.0892497084357522,12
3.145671597394077,-4.289598852215391,52.95109491059273,4.326020786978981,1.1323011990749487,12
3.2564837585796007,-4.272999344450055,53.00491450916637,4.307456883517179,1.2365283705971457,12
3.3097520958293565,-4.233747430281205,53.872278733686976,4.2560020013289,1.3047711719166146,12
3.2508070440003367,-4.103506822297067,54.90717394279711,4.108686811273748,1.2665800600340875,12
3.1753869056701656,-4.41439803441366,57.55566660563154,4.506900310516363,1.1407748858133948,12
3.151847210797397,-4.2709201465953415,59.506643884832265,4.300785723599513,1.141160332072865,12
3.2683264847957734,-3.631937063101564,63.62936586322207,3.619957577098497,1.2665859128489645,12
3.3259623845418296,-3.50686149741664,61.09849691679978,3.496998047106193,1.426873377597695,12
3.2730883078141644,-3.806278124722568,58.10725735751065,3.8417962594465775,1.3425820545716716,12
3.1903816858927407,-3.868013526454113,58.455777717359176,3.8856429620222577,1.2618210351828378,12
3.2147713892387624,-3.611594386534257,61.052936646432585,3.613645961067893,1.2964665694670243,12
3.293589288538153,-3.630679360303013,58.14594039916988,3.631283959475432,1.419629786231302,12
3.384622839725379,-3.764678992647113,54.47196252996272,3.779483263420336,1.5069525986006764,12
3.281832361221312,-4.119191256436438,52.404843532677845,4.183369364882965,1.3368944363160542,12
3.084643819115377,-4.348923596468837,53.16561126708989,4.408049236644395,1.110174319960853,12
3.123009077707927,-4.145401096343994,57.42356770833335,4.1408196131388335,1.150852457682292,12
3.2445148540265647,-4.09508449381048,58.398706077806864,4.078945989319772,1.2576918508067294,12
3.367791336232966,-4.13641285462813,57.38909169977361,4.1484461610967465,1.3683557813817808,12
3.3797622608416,-4.212410080071653,56.76527088049687,4.240437357353444,1.3796357631683331,12
3.2709591749942666,-4.226635152643377,56.34489244403261,4.257152066086277,1.2517937638542869,12
3.337219793146308,-3.8039856954054376,52.34408985484726,3.798215454274956,1.4305510650981572,12
3.3929611523946126,-3.851695102633852,51.06160738395922,3.8678067857568914,1.4917068524794146,12
3.343983616973414,-4.125864239894985,52.762862835508415,4.155029915318347,1.3714937202858188,12
3.19662392789667,-4.440135921131486,54.16284630515361,4.494419574737556,1.145300024205984,12
3.038100871172818,-4.697739456639145,55.253819783528655,4.7992532614505645,0.9602608771035166,12
3.162130691065936,-4.267052728479552,56.37649432095615,4.286349978591449,1.1680093700235583,12
3.2576176166534423,-4.126152610778809,58.73640213012697,4.1548864364624025,1.2700055360794067,12
3.2277131369619654,-4.1541441310535765,62.429675847833856,4.176223463000673,1.2137513550845052,12
3.2248748071265942,-4.045026915001147,65.32377527410334,4.0600936860749215,1.2024320645765825,12
3.247703140432185,-4.040117870677603,64.36213094537906,4.060724258422853,1.232987122102217,12
3.27314434485002,-4.280310451623166,62.300417836507165,4.348209967757716,1.2038439165462147,12
3.2544635974999627,-4.213246686530833,60.89023081461588,4.25993048350016,1.2189073280854663,12
3.2062477588653557,-3.933402421257711,59.71198376742272,3.940242264487525,1.2239106525074346,12
3.1412459590218287,-3.868959140777587,56.79030151367186,3.876166957797426,1.1892829432631988,12
3.2414003935727225,-3.734912185957936,56.40049466219816,3.746128320693968,1.343753634077133,12
3.3019297989931973,-3.986106560447001,57.24515401666815,4.029348026622428,1.3464993910355996,12
3.316371229923134,-4.0853084650906615,57.90145046349729,4.118370203538372,1.3295537623492166,12
3.424495299657186,-3.899280452728272,58.78024470011393,3.92625584602356,1.5128606557846067,12
3.256085504185068,-4.448962385004222,59.1267070423473,4.554774700511591,1.1955943779511848,12
3.074458534067327,-4.344604145396839,59.9592170715332,4.388366569172252,1.0418083342638882,12
3.056054837775953,-3.999917394464664,61.556955279726,3.978700935479363,1.0693353790225415,12
3.088266780159688,-3.801106045462872,64.29020330255682,3.769253483685583,1.113368108055807,12
2.8934964931372438,-3.956802044492779,62.62081800518611,3.911743060025301,0.938749159104896,12
2.9593884554776304,-3.712987498081087,59.54185328628073,3.68658773971326,1.048371898766723,12
3.0697321458296343,-3.629705797542226,56.89705623279917,3.64480285211043,1.1806082942269065,12
3.1309234619140645,-3.7206497900413744,56.20242725719108,3.756662451137197,1.2388476537935678,12
3.259046850782452,-3.782407744725546,58.73231552586413,3.815996656995832,1.4001632105220445,12
2.8622285582802456,-4.105611835826529,61.425550911643306,4.125138031352652,0.9739951112053548,12
2.779796012242635,-3.8289857228597,60.74414316813151,3.752625640233357,0.9440350731213888,12
2.9920277595520037,-3.4875754009593605,60.0440507368608,3.4402056390588927,1.145537210233285,12
3.0884570381858145,-3.3795565865256543,60.398543548584016,3.3783978115428552,1.2509877183220617,12
3.136812993251916,-3.194667200608688,62.27800614328096,3.218093480485859,1.3161391763976122,12
3.064812446363043,-3.535974790110739,61.58966792713508,3.5995345997087957,1.2299905068946582,12
2.964485909722068,-3.8211241982199935,57.7471703962846,3.8904034614563,1.1123796159570862,12
2.870824828292383,-3.923917936556268,54.71222501812561,3.98016637021845,1.0446132746609762,12
2.802443180662213,-3.964677820783673,58.37745432998197,3.9867099906459,0.9368047414403972,12
2.8081712202592333,-3.957443046569824,62.08228322809396,3.91929214217446,0.8999471783637992,12
2.778084606112856,-4.075826971458667,62.33705955274177,4.022041124286074,0.8471587871060225,12
2.636164880521368,-4.209290799227629,62.23178357211028,4.148045733480744,0.7448208718588845,12
2.524761199951172,-3.92580771446228,62.57907104492188,3.874727725982666,0.526372492313385,12
3.929415702819824,-0.6773671507835388,34.34721755981445,0.6031696796417236,0.9543004631996156,13
3.8741466852784887,-3.315639874686493,39.38245859906717,3.4144983423268136,1.8869864019148188,13
3.805230092417243,-4.034939815661659,39.356168243782655,4.053739887073728,1.775245456607795,13
3.8671573568706874,-4.035124445254086,43.6703375131806,4.06469101701046,1.9155484540330847,13
3.8854826067122943,-4.176848069290442,46.367771640145705,4.217832117724273,1.9016505545633704,13
3.863560264095938,-4.000102783273334,46.53195951028835,4.0315520105186415,1.9007541950494968,13
3.826850730217308,-3.73074035849308,45.46666677744111,3.745269269299653,1.9176597807304991,13
3.801431105912097,-3.907973286564365,44.834751339777846,3.9271563167220975,1.8699590867282423,13
3.7760973839672074,-4.289733693643582,45.39297878522815,4.325810789330605,1.7296456200944863,13
3.828092115788372,-4.116571520003804,45.40306690426692,4.151962394363309,1.8444465003861967,13
3.7889754172483103,-3.980914216831418,45.79689596913344,4.0011282449851,1.8247617402691048,13
3.762742098123749,-4.1158544797838825,47.14550355314477,4.1329485887398745,1.7557113141369969,13
3.742074967893355,-4.480928470751991,49.70168302103055,4.52095164258056,1.6493988783081617,13
3.653549514665194,-4.845680093472721,52.79342157562818,4.952263378658178,1.4313637895818134,13
3.6547672573042793,-4.53690623066908,51.14086956187991,4.615597327062688,1.492572314168778,13
3.637423202304021,-4.26163485591397,51.75827597401624,4.318087902537153,1.56769678417159,13
3.68410639675117,-4.14677303115283,52.37686636989102,4.178993067127064,1.633665654556883,13
3.76400095699755,-3.880940788362655,48.99832574575225,3.916411537334231,1.828805800595898,13
3.773306830529055,-3.7328906966133353,47.06790477073997,3.7512349936128393,1.901391106880516,13
3.761577783186743,-3.62127997977602,46.91625868908466,3.617563140904245,1.942761308576432,13
3.631718100214297,-3.7190536867621486,47.81441879272461,3.7061809323316703,1.7872621062343104,13
3.5092280159698674,-3.835607342924809,49.20915959364066,3.801203563900813,1.6048271151408096,13
3.601179030775292,-3.856829719309426,50.33422271166842,3.839356489708087,1.7235831439129412,13
3.706459117081999,-4.123793095898774,48.41856360874293,4.124922810887998,1.7530744682791777,13
3.768559017064381,-3.855190394114863,47.04002062089604,3.8520030843699633,1.8876281369683203,13
3.7633343430384536,-3.8017154676051232,46.444277149036616,3.8030516252927256,1.883022991426152,13
3.7212408159408095,-3.945805593502303,46.50429609801872,3.9380192551876143,1.787373780472878,13
3.709948709406005,-4.07098384283803,46.891257818491184,4.066799263281325,1.744876149973255,13
3.664822233235178,-4.106837301897857,49.26835056609171,4.101922561785926,1.6881320849518102,13
3.520376873893972,-4.1981019827485815,51.882603627772426,4.2038778176336935,1.4964963504873166,13
3.4423660354380226,-4.201788495654709,51.87224716935421,4.208782921539494,1.3911415843144517,13
3.5476672386099226,-3.959175332192263,50.052454170273855,3.9585432801509928,1.614752094438471,13
3.737775504223408,-3.528643831884934,51.21735370378553,3.555383375085936,1.996399533529223,13
3.7204142743093103,-3.622174609658177,48.94529335630451,3.628002270599085,1.913100750168408,13
3.692428054985093,-3.7781637914341664,47.114372276821015,3.766287019647705,1.8243998398810075,13
3.65231409540937,-3.967130701966081,46.5761520760191,3.9607581273178383,1.735908669196755,13
3.476226847595964,-4.192976787777766,46.35174487997418,4.191901552165213,1.4879585680054737,13
3.3217421411736607,-4.430924848544818,50.766167272088,4.46070719057797,1.275049871462254,13
3.3700842126015504,-4.287775343912511,54.37406610126144,4.291284096021594,1.3452374408581504,13
3.432044523625286,-4.223203050578299,54.018752162441885,4.228217095685151,1.409540112033212,13
3.408643879042081,-4.2472863021803775,53.07310572431132,4.258256391513567,1.379887597692525,13
3.4204990922307674,-4.144982797236531,54.4727881027877,4.150554332265093,1.4276327121477186,13
3.370995897456912,-4.164355137596832,55.57939941312638,4.179741136866845,1.363268031664421,13
3.3465487986254545,-4.237619072381705,56.29041884720692,4.269878522018714,1.307477719944679,13
3.347656230985021,-4.067629860954052,55.04388116473801,4.082549803096094,1.3433237126999835,13
3.325966637558732,-3.7557399068142,51.02679167203377,3.750999860236981,1.4263346100146057,13
3.281746881871136,-4.216424927389695,51.62312150732871,4.271718270939552,1.2799602315469754,13
3.3377719115625863,-4.155118462498202,52.00655687952334,4.165265770777602,1.352670577406152,13
3.443037973591155,-4.150878332875258,51.63920670491786,4.162528988773838,1.4554973935788396,13
3.498984573808916,-4.104092293721766,51.51355277687494,4.113693895515488,1.5261056503635244,13
3.4428229054058983,-3.865250515791536,49.88040839821282,3.844880637947036,1.5283193822287338,13
3.353367688465703,-4.055243246394434,49.75909723387174,4.063669216413441,1.3880027247352829,13
3.3859451533826586,-4.094233743983543,50.02581861999137,4.092038447140184,1.407586517509508,13
3.4883596048764653,-4.010080926988754,50.10989267548169,4.002150224030384,1.5412197369007974,13
3.6024851535726907,-4.084375975322138,50.83340650687188,4.08583944706829,1.6633692416676715,13
3.6420094177035462,-4.260849756697204,49.94953487840898,4.266625418984817,1.6251236456303508,13
3.632148303868581,-4.200645332687471,51.20306838802034,4.212757447014557,1.620376255614626,13
3.623478092298917,-4.196476360040209,53.20314215443617,4.204647198776526,1.5957241818948755,13
3.572495317166568,-4.136147598547437,52.03048867535737,4.130041657781307,1.551028204841848,13
3.58755461423675,-3.70558535687031,50.56329074227736,3.68440205041616,1.7073566043303798,13
3.631066717253141,-3.5511354683367022,52.11755003665853,3.545053784832633,1.843131489548946,13
3.6393851941348583,-3.525035847915462,55.345498020663584,3.517415751708797,1.8629530426914709,13
3.582128549646015,-3.504538378101185,57.135722037473336,3.487436140973144,1.7915544853620002,13
3.523878719177714,-3.6707841896572,56.87908378554268,3.655659478134904,1.6898510112352898,13
3.616252341884777,-3.409685836979216,52.87449622593042,3.399917340717432,1.8895481195917896,13
3.5751247742424708,-3.414629367231592,48.82730434862382,3.4309892829941835,1.8644701812896247,13
3.438385110691281,-3.8393067158073033,48.74662029523792,3.837401110701769,1.5853966277069826,13
3.372965897519164,-4.272272033925437,52.37803357364213,4.276877043437373,1.3860535884927383,13
3.369778352281067,-4.127796679186673,57.03059590813575,4.112514595312573,1.409993186318801,13
3.3116746811779,-3.733763405150432,59.46868355873904,3.7014631084137903,1.3917597656601046,13
3.220803249101697,-3.614581666841097,56.90959888294431,3.59400462957979,1.3492444614691237,13
3.1796960304119835,-3.763164414949944,52.77861132943557,3.761189585083101,1.3198141817666271,13
3.2734852451488288,-3.8140134796774463,51.92583116870716,3.80806823010825,1.4202628559861448,13
3.273461156096195,-3.825227541426208,52.00416653872999,3.8121022256605466,1.409511574206908,13
3.427390768484105,-3.631515260123035,52.65157465554454,3.612469583932606,1.6215867235616692,13
3.521532997763229,-3.7056100997456767,53.621981427713415,3.722884115265925,1.7300249520986342,13
3.3906227854863267,-3.977836247602124,56.3257993452388,3.976034645653941,1.479262670124967,13
3.3326028197820934,-3.877516998103791,59.44471775827232,3.8640759430048655,1.4155010401836934,13
3.3362234267720416,-3.79013421052804,60.05154620211549,3.782640816975225,1.433295252864346,13
3.416456278116425,-3.841271379973991,58.713216278450616,3.853287919167361,1.503017669075106,13
3.4952998088181384,-3.8515021157410976,57.59824942372328,3.868274684332631,1.6081441538465535,13
3.5251991807317444,-3.7390524726703847,57.91606975625629,3.747690905822566,1.6747561144682528,13
3.619045256105669,-3.4187024795204586,56.17929877532771,3.431567989244052,1.8893340928422893,13
3.5924738331075097,-3.677061901502082,54.57683123255069,3.706645904143163,1.7708179160861155,13
3.510173020918676,-3.857923471123163,55.77789304300322,3.865796949234477,1.6167671095374168,13
3.4403686918363983,-3.880821957909988,56.40270228473687,3.877632536039762,1.518960019562142,13
3.352789069977274,-3.828419669274172,51.52923448246675,3.8158199289825054,1.4509642650744663,13
3.383690061744737,-3.91832947584749,49.12055040137168,3.92283899652446,1.4785435565410217,13
3.398637069514924,-4.096632781935615,51.385588757099526,4.1093883192612335,1.453568103854642,13
3.336151860242972,-4.114605336101508,53.587942556369526,4.11110077021312,1.3563941987745598,13
3.246235578338061,-3.903641234146306,52.353764586653455,3.8756918834031,1.3167746081674023,13
3.2383423422011868,-3.867510462099789,51.12399069663206,3.845315223822564,1.3345679454276904,13
3.343552260311103,-3.863625513264007,54.17339657274491,3.852182868068204,1.457313594642592,13
3.340915916887528,-3.876485390165832,58.04899760989326,3.872016217810976,1.4373828428654574,13
3.317733855335259,-3.728531992508589,58.74207989277284,3.724077286164453,1.4099142390526147,13
3.490357921167387,-3.5010050542515474,55.47257916035093,3.5123375120338487,1.7159059062325903,13
3.525240579265758,-3.740767337061877,55.76173974253649,3.7642844761807503,1.7127017016791126,13
3.498481497442796,-3.992039896959176,56.91428382265056,4.010633012268441,1.5746524063356089,13
3.4454455946120746,-3.91665786321909,56.58387040214304,3.9178727141187215,1.5090277794679985,13
3.3606842719704098,-3.756783539532152,55.78191242335033,3.745208703667108,1.4696030609446804,13
3.176665101314613,-3.896464862706472,54.881093943777245,3.906452426149802,1.2684508393878575,13
3.096977094931105,-3.8957441335806817,53.57011993969876,3.892344410434091,1.2018971867356565,13
3.1498975388111523,-3.977232001310479,55.34242388953464,3.974943845549977,1.2324910865970922,13
3.229842068958868,-3.9643757767472527,57.033725855540645,3.954211261374818,1.2863220239709492,13
3.274265353665031,-3.713910282755189,54.437512122780255,3.684146113190913,1.397425266862648,13
3.35133501064558,-3.628388302457844,53.67306722161229,3.61555412649377,1.5185577620757875,13
3.4458060776529136,-3.5967050505562064,54.89772405799912,3.593998939713086,1.6462000944863064,13
3.393145284769724,-3.89069975080666,54.72258065814619,3.917043972600461,1.5059779056010776,13
3.2112138285958696,-4.161465381552105,53.19343260314567,4.187800164603017,1.250842351123599,13
3.1488290198741518,-4.273567100244064,54.75799977121176,4.314237167498813,1.1989185290833924,13
3.166773055960064,-4.142466357880575,57.21613101140122,4.1318227440301625,1.2027864010056104,13
3.223603149133227,-4.05346052778279,58.83251843130662,4.037597378338773,1.2344403201085663,13
3.248735616543541,-4.062652251471772,58.58047738104512,4.044770167649159,1.2771305862379947,13
3.168851808536272,-4.287223634544325,63.78305100517037,4.336275823277197,1.137065764585156,13
3.241486174928631,-4.400944349955927,65.25027877714004,4.475372384662277,1.166984530314347,13
3.331597467141649,-4.312849697159844,60.96930060357405,4.355976382647556,1.261901556348508,13
3.348660812787483,-4.157395105420446,55.837656524283744,4.178204220496804,1.3349448559474355,13
3.351306960626614,-4.165587097589223,56.3909235059118,4.199925642072057,1.3420847420312143,13
3.4518065247799004,-3.915118888843276,55.66928379082239,3.926264117831829,1.5271450975921284,13
3.4564423180796617,-4.184742479967926,56.87152467037272,4.24290824960346,1.4620746439951324,13
3.430047917219759,-4.422520780855892,56.92905491553934,4.48287611066198,1.3388536159246247,13
3.386855020113517,-4.405189821325196,54.70421881178406,4.456827854086285,1.3106933305599933,13
3.251076530093796,-4.299702998319287,56.498087806935686,4.355680404265235,1.202006629639608,13
3.233109098270627,-3.905818351207332,56.06127077816453,3.9018985201244663,1.2564851908596029,13
3.195274644102787,-3.961073309365957,56.885136352726285,3.980349175037782,1.2365759596502854,13
3.1676082684218523,-4.097191137770201,59.059541807584246,4.114915204194425,1.1681630048283775,13
3.2773267359821343,-3.913253885105344,57.83076736824644,3.9035464634924577,1.3305598036643187,13
3.3694958701455526,-3.920823673529128,57.71117078160945,3.9308224455710574,1.4410776865262929,13
3.3955925198420425,-3.948919180712085,54.62968351212014,3.9604057329564006,1.4498222729911103,13
3.351359281071856,-3.9086322711289294,52.72292870831635,3.921377673470901,1.425254728165141,13
3.350810024635924,-3.945311411758142,54.41495080959579,3.949652603067504,1.4061653453148215,13
3.435586230155149,-3.972759077154054,54.60868896297151,3.970149073864053,1.5112116300255245,13
3.414634688500246,-4.204925876453612,56.87639868332567,4.23429123463075,1.4295128678982965,13
3.4146221795696423,-4.101888492794855,58.49107665079503,4.120664309870246,1.4322592422274725,13
3.412614488894222,-3.984373022442216,57.92673948791128,3.995721073969742,1.4457991386483773,13
3.3327665138829703,-3.954819161467756,57.71545019325304,3.955987906894801,1.375927032868555,13
3.313743895548253,-3.723616180244396,61.47485690906739,3.732330720117484,1.3904938200500112,13
3.2914116382598877,-3.5392178333610103,61.29627391604557,3.539227707985719,1.4160890879075223,13
3.2417906456929777,-3.5736149322767194,59.26874223954839,3.58728768342843,1.3874130812159349,13
3.255361467782706,-3.72636586464256,58.06648582037241,3.74806057309812,1.3695339001029552,13
3.37273151450362,-3.802898172951915,56.88771733477072,3.818289063459525,1.5063828602890297,13
3.4596690458754087,-3.7569660292081335,57.02758271855081,3.769162861116096,1.6280820318526272,13
3.379421747535284,-4.1140533137175215,58.1987798023809,4.167224600271214,1.4203118583176026,13
3.2304619938317964,-4.401558159319172,59.551047576717096,4.463937817907044,1.1870260165512905,13
3.1292323598101093,-4.461960918332901,60.48222367456354,4.509259531103028,1.065554225371659,13
3.08353842255528,-4.246079845662498,59.89693001589161,4.24620314463516,1.0510929917996648,13
2.976021655498106,-4.183092740415796,58.56524765857157,4.187924159816437,0.9663292107406564,13
2.957485193123847,-4.120835854231945,61.373470493620886,4.1140227727363445,0.971227307626806,13
3.09883597438321,-3.905551952818417,64.0917011097165,3.8927204828320807,1.0715705200207033,13
3.232381921604367,-3.690732822827767,60.5588924431362,3.682729365635504,1.289040428729145,13
3.150875012567438,-4.0759282521675,60.41135865193935,4.13116415292939,1.1479414913551929,13
3.190119289913061,-4.104173060575145,59.99484791199853,4.134391790518731,1.1850422898684547,13
3.164724973081812,-4.089600168122836,60.15801166464214,4.117287808400722,1.1726819050092645,13
3.074123550777786,-4.099968108662798,61.17828947195978,4.1139780963125405,1.0649848393867352,13
3.105472447682012,-4.057353704253589,60.3883551381117,4.050530612103047,1.1038614562684042,13
3.0486398650093305,-3.966181073452065,61.37140021294905,3.967619577068492,1.052884722048519,13
2.9899384200207293,-4.05574474159194,63.288459988459486,4.051340515628183,0.9793074741685316,13
3.012300279242862,-4.017959088635588,64.32769040534833,3.998211271192395,0.987799864605162,13
3.054903197142244,-3.892960159325162,63.96162978564303,3.8733176863266654,1.039994255896726,13
2.90986808092316,-4.193784927297958,62.11323495876568,4.204776986245,0.8862038049961143,13
2.771807091367756,-4.315049794553979,61.74529310823218,4.308545627476979,0.762910100945665,13
2.6689999030411613,-4.126757917228653,56.23181945707172,4.14194878186185,0.7586481077539409,13
2.54502281820847,-3.947752970127972,49.99910305467851,4.003389261982924,0.8001736281839616,13
2.524996280670166,-3.9317195415496826,54.80408477783203,3.9588892459869385,0.6662164330482483,13
4.032966613769531,-0.4185091853141784,38.4310417175293,0.3639674782752991,0.2152425497770309,14
3.875700795132181,-3.1114849111308223,49.282694940981656,3.240257625994475,1.5777491590251094,14
3.7255065648452095,-4.046975135803223,47.28232823247495,4.09208113214244,1.6140008439188418,14
3.750647327174311,-4.106517771015996,49.49072912464971,4.152519060217816,1.721739489099254,14
3.7421709039936895,-4.094704337742018,46.00653888868249,4.133898133816927,1.7289917728175288,14
3.7469304644543193,-4.007020473480225,46.41364188816237,4.046739806299624,1.7857137762981912,14
3.757791975270147,-3.928957648899244,47.84424508136252,3.948089983152306,1.8165433303169585,14
3.754240077474843,-3.808607526447462,47.2449369015901,3.816429729047029,1.838931073313174,14
3.712134682613871,-3.882359224817027,45.32973729009214,3.888975371485171,1.7934582337089209,14
3.618509997492251,-4.272494212440822,43.48333027051843,4.3129431061122725,1.5759893344796223,14
3.675575930139293,-4.027759987375011,42.91212562892748,4.0379557609558105,1.7250529631324436,14
3.6919621177341626,-4.329259043154509,46.40938385673191,4.359684550243875,1.6721751275269885,14
3.6925281649050494,-4.373508785081947,49.81952385280444,4.40147057823513,1.615664912306744,14
3.7229414711827817,-3.9833266631416655,48.18404305499533,3.989042344300643,1.7536351836245994,14
3.683893836062888,-3.828172891036324,45.57195265396782,3.821103096008301,1.7623019995896712,14
3.688799536746481,-3.808818350667539,44.21578680950663,3.797772531924041,1.7979091872339663,14
3.7312337626581606,-3.6670980868132217,46.995585731838055,3.647163650263911,1.930334334788115,14
3.787287525508715,-3.809826021609098,49.68025904116424,3.808941219163977,1.9242761912553208,14
3.756691041200057,-3.9585920313130254,47.55450572138248,3.947217899820079,1.8275498255439424,14
3.708775002023448,-4.02839471982873,46.900667605192766,4.023109829944113,1.7456489697746609,14
3.701237191324649,-3.997576734294062,45.89259753019913,3.9927657376164976,1.7398013342981753,14
3.6239178180694585,-4.202087215755296,45.93166815716287,4.220125322756559,1.611533341200456,14
3.5513251242430317,-4.299492711606233,47.389929066533625,4.319162970003875,1.4898009196571682,14
3.609898567199707,-4.065062522888184,47.71944427490234,4.058020114898682,1.6394838094711304,14
3.631599291511204,-4.054509536079738,48.56452510667884,4.044363395027492,1.6727292537689211,14
3.5438620214876924,-4.033731398375138,47.33680642169456,4.022186196368674,1.572784351265949,14
3.414618958597598,-4.267801533574644,47.33922062749448,4.292861565299656,1.3893707057704097,14
3.38592208986697,-4.394604143889054,49.9238223200259,4.426328762717869,1.315690050954404,14
3.4933644170346465,-4.13942635577658,49.45387865149457,4.130963740141496,1.5114840320918868,14
3.555128709129665,-4.274002054463263,49.55177157858144,4.288254364677098,1.5355028121367744,14
3.615038301633752,-3.908628235692563,49.47501937202785,3.895226447478585,1.69752938332765,14
3.649651662163112,-3.725562707237575,49.23496627807617,3.715142084204632,1.787286323049794,14
3.619723496229752,-3.723802089691162,50.190389716106914,3.699901912523353,1.7689043698103533,14
3.537992176802262,-3.627713545509007,50.51245963055155,3.580511984617814,1.7097473973813264,14
3.5095867903336235,-3.5413329704948096,48.90961788011634,3.49265568152718,1.7225547044173528,14
3.4537193360536,-3.498346836670585,43.520647629447616,3.476598314616991,1.7012770486914597,14
3.440802698550017,-3.448886726213538,40.19323912910793,3.419694662094116,1.7378630534462307,14
3.544587726178376,-3.6114457586537214,43.63813516368035,3.572282853333845,1.812156931213711,14
3.610489078190016,-3.962024553962376,47.15573203045388,3.9218546618586,1.738855932069861,14
3.6452681603639023,-3.787362731021384,46.167471844217054,3.7350657089896826,1.7982376606568045,14
3.7149537646252178,-3.438291477120441,44.4467365430749,3.393363382505333,1.98933582202248,14
3.7535815549933393,-3.685203210167261,45.2176110640816,3.669436734655627,1.9812269158985312,14
3.6847825568655264,-4.13667985667353,46.97531144515328,4.118815463522205,1.7148744334345287,14
3.613587037376736,-4.175112827964451,47.615725973378055,4.154844118201214,1.6106179641640703,14
3.5004955478336504,-4.181643175042193,52.588898700216525,4.171959234320599,1.5022612499154135,14
3.470066733982252,-4.125506940095322,53.0947831195334,4.108273672020955,1.4478576494299844,14
3.5028889179229736,-3.7911667823791504,47.73417282104492,3.7707090377807617,1.583789587020874,14
3.5569820922353994,-3.563814847365669,43.68243242346722,3.5502867698669425,1.777393418809642,14
3.529043871423473,-3.95235692936441,46.07685337895929,3.939228596894635,1.6425140733304244,14
3.4326305285744048,-4.125261431154997,48.94282647837763,4.100714787192967,1.467755576838618,14
3.5164295694102403,-3.991213964379353,50.78764343261718,3.965157882027005,1.5881437944329289,14
3.648866218069325,-3.841488154038139,52.53623182877251,3.8411192479340928,1.7968815824259885,14
3.593765911848649,-3.916912182517674,54.58576617033585,3.8973031251326846,1.6774614323740422,14
3.5276157130365786,-4.203060087950333,53.83947322679604,4.199428371761156,1.5021685828333318,14
3.552818101385365,-4.1951617572618565,52.025402732517406,4.20092657338018,1.531903842221136,14
3.561015035795129,-4.112868785858154,50.3702798926312,4.115767126498015,1.5723803198855857,14
3.4926201053287675,-4.316377121469248,51.469309765359625,4.341004413107166,1.4407129961511371,14
3.3736995303112525,-4.3580828749615215,51.64421628869098,4.393538288448168,1.3082419271054473,14
3.311426815779313,-3.944460899933525,50.37125844540804,3.935379867968353,1.343823925308559,14
3.290036896000738,-3.772862247798753,50.91306437616761,3.7514125989831,1.397991792015408,14
3.2484130652054497,-3.842605538990186,54.20359420776367,3.8153633449388575,1.336590906848078,14
3.283470454423324,-3.48801270775173,54.05800877446714,3.439477972362352,1.4616180969321209,14
3.178925192874412,-4.010396656782728,55.4437610792077,4.0319719729216175,1.2614757911018717,14
3.213550515796827,-3.934347836867623,56.79580671890922,3.91037016329558,1.2987668566081836,14
3.3708595192950703,-3.5896051862965463,54.53768904312798,3.568746141765429,1.5220417872719136,14
3.4683183690776,-3.4861706547115143,50.78763464222784,3.479844684186187,1.7057861193366677,14
3.4649108492809795,-3.7925137851549233,50.80527479752251,3.790210651314777,1.6263902550158291,14
3.49871770195339,-3.679963858231255,54.35576895008916,3.659366524737815,1.6929589820944742,14
3.4970543902853266,-3.8610571260037614,53.99608595474909,3.855359440264493,1.5944298402122838,14
3.441990852355957,-4.016563415527344,53.12541580200195,4.01238489151001,1.4949796199798584,14
3.4247634410858154,-4.11545871651691,56.414706520412274,4.116477427275285,1.450003743171692,14
3.4143121657164204,-3.959325707477072,55.88882744830589,3.936866812084032,1.4701823929081796,14
3.3734208500903584,-4.072600261024807,54.60242362644362,4.081652682760487,1.3896073154781177,14
3.389003681099933,-4.047795316447383,53.7161223370096,4.0537951718206,1.4106274065764048,14
3.489415199860282,-3.899200657139655,51.658784783404826,3.90061174268308,1.5584909501283055,14
3.5607627889384394,-3.784544924031133,49.23653246008831,3.790513007537178,1.7210081452908723,14
3.352495452632076,-4.036648563716722,53.37315766707708,4.057892384736434,1.4318455509517514,14
3.312724693961765,-3.962773302327033,57.144086091414735,3.9420212455417816,1.376579170641691,14
3.3774561052737027,-3.9649538060893184,57.64774455194888,3.960770181987596,1.4311444292897764,14
3.418845114500626,-3.9496314629264506,56.52942607713784,3.9452443122863774,1.470878507779992,14
3.4708444450212563,-3.740901242131772,52.99440284397291,3.725508638050245,1.601604840029841,14
3.5001196550286333,-3.719594706659732,51.10200119018555,3.711172984993976,1.6563503794048144,14
3.4633722927259365,-3.904684232628863,54.23925963692041,3.912164294201394,1.57601154887158,14
3.4662276558254077,-3.892154652139417,54.66795133507773,3.8816077398217264,1.538111246150472,14
3.5247490820677374,-3.71291678884755,49.53239673116938,3.698078207347703,1.6658311149348377,14
3.574509962745335,-3.742530387380848,46.426388947860055,3.737811161124188,1.7488860202872238,14
3.5804992447728696,-3.571692922840948,50.23077774047852,3.55060222874517,1.8205227644547173,14
3.485040218933769,-3.7848908382913335,51.803787065588914,3.7599602471227223,1.6107593049173774,14
3.409552315007085,-3.9636912760527223,51.149273416270375,3.939981533133464,1.476535050765328,14
3.392458646193796,-4.1030421049698536,52.40018844604492,4.091288525125254,1.4288368484248295,14
3.2832204777261493,-4.166619404502536,52.7612075805664,4.162182476209557,1.302853646485703,14
3.297249109848686,-4.17480292527572,54.792866250743046,4.178826871125595,1.3082232475280764,14
3.3683104515075684,-4.113797187805176,55.08924865722656,4.116405487060547,1.3801302909851074,14
3.360209890033888,-4.178744917330534,54.88335601143215,4.1970147879227335,1.356781617454861,14
3.337462497794109,-4.220222908517592,55.15742840974229,4.248208999633792,1.3115424436071634,14
3.490436014921768,-3.761797272640728,51.11890179177993,3.762602619502857,1.6264323514440768,14
3.4727128381314496,-3.932704697484552,49.79448252138884,3.951524579006689,1.565727244252746,14
3.385393039039944,-3.804881531259287,49.889017022174336,3.786250124806942,1.4867266416549685,14
3.2454258669977603,-3.669767110244088,50.39482879638671,3.625254413355952,1.4091115982636164,14
3.0645690067954687,-3.836792665979136,54.61943336155103,3.793976856314617,1.1883246380349866,14
3.0780459072278887,-4.077695597773012,54.5829957049826,4.039112630097762,1.1602248627206548,14
3.197387705678524,-4.090160950370457,55.0009186786154,4.067355363265328,1.2544875507769364,14
3.3187668634497607,-3.807738117549728,55.24766772726308,3.782016494999759,1.4233634212742694,14
3.304840626923934,-3.707025538320127,55.0583728292714,3.698295738386072,1.4523249087126355,14
3.1047851935676904,-3.930884309436964,55.008206243100375,3.938313618950222,1.2094830741053042,14
3.1724062069602628,-3.770533551340517,56.34726167761761,3.747811908307282,1.2905923594599182,14
3.245794990788335,-4.163034024445904,56.67573082965354,4.19137212504511,1.2497223667476491,14
3.332201574159704,-4.021523973216187,54.62891669895342,4.024334140445881,1.374584680018214,14
3.452351570129395,-3.728269597758416,51.74690495366634,3.722209681635316,1.6390054174091508,14
3.465806950693545,-3.654164666714876,50.576479206914485,3.648400203041408,1.6485065636427507,14
3.398813144020413,-3.785633968270343,51.89368040665336,3.777554325435472,1.5310896168584411,14
3.358524177385413,-4.04565964574399,52.42110277258832,4.044471056564992,1.3985625194466638,14
3.364104260569033,-4.165133476257325,52.216324350108266,4.165918184363325,1.3778037713921587,14
3.387648769046949,-4.005243415417881,53.44183465708856,3.985787785571557,1.4476659971734749,14
3.4080133334450102,-3.815003737159397,54.39658272784689,3.7878083975418746,1.5138758472774343,14
3.402695655822754,-3.933342695236206,53.40386199951172,3.931933879852295,1.4615978002548218,14
3.350161096324092,-4.16696376385896,53.44277406775432,4.184394649837327,1.3561221050179528,14
3.285016619640848,-4.25764438380366,55.41885027678117,4.280174939528758,1.260914947675622,14
3.300088136092475,-3.759053541266404,54.05931207408078,3.731473145277608,1.390828796055004,14
3.4788085792375623,-3.5178790299788787,53.75312473462976,3.515123388041622,1.6915992757548413,14
3.4836140197256333,-4.036738146906315,54.23093862118928,4.083337172217993,1.558846888334854,14
3.37202206901882,-4.168713714765466,55.75986331442128,4.194937063300092,1.3706735579863838,14
3.3834115007649297,-3.871322030606477,58.02621957530146,3.865393845931343,1.4483659837556924,14
3.3196850652280063,-3.9771046845809273,57.40153553174891,3.972047857616259,1.359613330467888,14
3.337469681449558,-3.911368608474732,55.15761267620587,3.90121742953425,1.3985237453294823,14
3.386302688847417,-4.028830797775929,56.3319408582604,4.0529505895531655,1.4396061430806697,14
3.4036586388297705,-4.039704467939294,57.10873777970024,4.0585814766261885,1.4357550766157068,14
3.3412780865379004,-3.751207040703815,52.40953113721764,3.737293015355649,1.4690605712973557,14
3.224755940229997,-3.861062360846477,57.03191359146779,3.877012232075566,1.315952456515769,14
3.228267752605936,-3.982876995335454,59.31153736943785,3.978982500408007,1.2737056794373882,14
3.283295880193295,-3.790678210880449,57.36526008274247,3.774187906928689,1.3683563419010307,14
3.331741529962291,-3.7526461456132982,54.58726086823835,3.752097762149315,1.441005255865014,14
3.3242878084597383,-4.015508423680845,51.61599233876104,4.03516267693561,1.392008371975111,14
3.4705762033877163,-3.589114417200504,49.84393758359163,3.5801511536473822,1.6868038125660103,14
3.466319073801456,-3.3536981914354413,48.22602495939836,3.339833363242772,1.7583029892133633,14
3.208094617594847,-3.740679346996799,50.8893608424974,3.7231836733610666,1.431858596594442,14
2.937649208566417,-4.197280531344204,54.32588179215141,4.161348405091657,1.06973930027174,14
2.9519915269768755,-4.262392230655836,53.256622977878735,4.190939053245213,1.0773723229118015,14
2.8650500774383545,-4.187310218811035,58.1348762512207,4.117845058441162,0.9574148058891296,14
2.810813727586166,-4.059839269389277,61.4280310921047,3.9200596913047465,0.8829248651214271,14
2.9646513669387136,-3.819398828174759,61.14026061348294,3.716589202051579,1.0133604407310466,14
3.258927656256632,-3.582109969595205,58.54662505440093,3.5646425122800083,1.3462382140366902,14
3.4412019563757843,-3.480432914650959,53.75513541180158,3.495636680851812,1.649354867313217,14
3.438510034395301,-3.603236105131067,53.33273332015328,3.6316492142884633,1.643786109012106,14
3.351004382838373,-4.061326773270316,54.660454625668734,4.1056330307670255,1.3983905885530556,14
3.2495629372804067,-4.249015186143958,54.20506153935972,4.279225287230118,1.2377949331117717,14
3.1712894025056264,-4.192555759264076,53.16859817504882,4.2013166469076415,1.1880655288696294,14
3.114866059759389,-4.056688806285029,54.596565578294815,4.048113740008811,1.1539156436920168,14
3.0896761624709423,-4.009695343349291,56.09482143236242,3.993032932281495,1.127982284711755,14
3.1990708164546806,-3.5706691949263853,59.61939189745033,3.5270524439604376,1.3079099136850114,14
3.248984471611355,-3.448508812033611,61.25471679024075,3.462104040643442,1.3920003590376486,14
3.088032318198162,-3.901144711867622,56.520863076914935,3.932632860930069,1.1924491343290908,14
3.2076268092445703,-3.880724419718205,52.27932805600376,3.890817134276682,1.3404647319213194,14
3.095489035481994,-3.64041528494462,50.15538704913597,3.656286654265034,1.2837676379991634,14
2.943052447360496,-3.393077808877699,51.40967891527254,3.3466373422871496,1.2062599969946826,14
2.9380674776823623,-3.513698712639187,55.26132102634596,3.455328464508057,1.186408281326294,14
2.941685033881146,-4.033821955971095,57.31912165102751,4.004726285519806,1.0727343973906147,14
2.911568009335062,-4.429663865462593,59.13913278994352,4.433381246483845,0.9372231001439304,14
2.9246569301771075,-4.245029926300052,61.05441002223802,4.193483559981639,0.9424035160437876,14
2.697228877440748,-4.158451805944028,61.52130276223889,4.06673530910326,0.7665728719338168,14
2.4049608189126714,-4.06850240541541,59.068496040675946,3.98882738403652,0.5710986567580183,14
2.4266726970672607,-3.8078675270080566,57.10642623901367,3.770177841186523,0.6156734824180603,14
3.909177780151367,-0.7681878805160522,37.22233963012695,0.7099425196647644,1.0004165172576904,15
3.8871971666812897,-3.614178697764873,46.32717702388764,3.7269833996891975,1.7233698971569538,15
3.778730016946793,-4.427157813310624,45.77530479431152,4.490098917484284,1.5821659788489342,15
3.734608732163906,-4.396523255109787,45.97696771621704,4.457796746492386,1.591731532663107,15
3.767434114217758,-4.033359396457672,44.00033874511719,4.080452966690063,1.7652480125427246,15
3.803507402539253,-3.9577680081129074,42.50119602680206,4.006780564785004,1.8419899754226208,15
3.79705348610878,-4.095073735713958,43.33091654777527,4.131782060861587,1.8058879762887956,15
3.816886880993843,-4.04394790828228,43.65864188671112,4.069351947307586,1.8306253746151924,15
3.848621284961701,-3.8971118927001953,42.31677551269532,3.931437265872956,1.9249023079872127,15
3.809430086612701,-3.968381030857563,42.518971824646,3.988633731007576,1.8672326438128948,15
3.7678274661302567,-3.9538161605596542,45.79698538780213,3.956559628248215,1.8380553498864172,15
3.7158626884222032,-3.936256635189056,47.37230772972107,3.92144523113966,1.7668030060827733,15
3.7374728679656974,-3.559631997346877,46.25998382568359,3.535862755775451,1.9061363220214849,15
3.852986438572407,-3.264344744384289,44.9694803237915,3.286251460015774,2.2064370289444923,15
3.911288818717003,-3.469670283794403,45.61968836784363,3.5034394592046736,2.241166597604752,15
3.904414683580399,-3.930058300495148,48.18259811401367,3.953872732818127,2.0653882771730423,15
3.895120596885681,-3.783952331542968,45.663601303100585,3.7854061126708975,2.018329405784607,15
3.824708017706871,-3.878268533945085,43.62582123279572,3.898272888362409,1.934886975586414,15
3.735721009969711,-4.197084575891495,46.94134812355041,4.218513625860214,1.711757218837738,15
3.7059636011719705,-3.8222645923495295,43.78406419754029,3.822495758533478,1.7886326640844346,15
3.669777631759644,-3.6672383844852448,39.55262804031372,3.66732069849968,1.8250843584537504,15
3.675179181993008,-4.117772880196572,42.04318704605104,4.123080784082414,1.7280233196914192,15
3.664929395914078,-4.189903110265732,46.54715919494629,4.179320394992828,1.6649266317486764,15
3.63604285120964,-3.970842809975147,47.79274563789368,3.936369164288044,1.683738013356924,15
3.654364728927612,-3.947865533828736,48.9209306716919,3.922086346149445,1.7268981873989109,15
3.665821358561516,-4.070818468928337,50.0496506690979,4.056236952543259,1.708461258560419,15
3.677853664755821,-3.93313144147396,53.19921851158143,3.926175063848495,1.773575842380524,15
3.661319305002689,-3.9878782376647,55.10967869758606,3.990518856048584,1.706077353656292,15
3.542555075883865,-3.9911562442779545,53.88257064819336,3.9722414016723633,1.5625431925058366,15
3.3922331079840657,-3.756951767206192,51.53772993087768,3.7301089525222775,1.47464804276824,15
3.4442581087350845,-3.744249165058136,47.68420624732971,3.730552941560745,1.5737167447805405,15
3.498594492673874,-3.779623787105084,45.6020247220993,3.766514587402344,1.6505271725356578,15
3.4966480255126955,-3.84665231704712,44.823141479492186,3.8288268089294433,1.6221533298492432,15
3.512771002948284,-3.843982462584973,44.52164442539215,3.813730511069298,1.6471732079982755,15
3.6277630180120473,-3.740378379821777,47.248394155502325,3.7121290266513824,1.818887089192868,15
3.738165430724621,-3.5185606330633163,48.60094904899597,3.4951613768935204,2.01815302670002,15
3.7091994941234585,-3.538635635375977,48.77203397750854,3.5210962772369387,1.9524078696966167,15
3.6109199196100232,-3.5399816781282425,48.15854153633118,3.4990694269537923,1.8248482033610345,15
3.5314151138067245,-3.469254010915756,47.13555932044983,3.417549470067024,1.7882175356149674,15
3.520469750463963,-3.505437491834164,50.969482254982,3.4570200800895696,1.777640841901302,15
3.570274531841278,-3.818505465984345,50.9435625076294,3.781835615634918,1.7210211157798767,15
3.536849761009216,-3.91335250288248,52.47169334888458,3.8917351499199855,1.65665944442153,15
3.451905879378318,-3.960371905565261,55.12116532325745,3.936782014369964,1.5154555961489673,15
3.406741626560688,-3.969584378600121,54.68143799304962,3.941821376979352,1.4514383710920808,15
3.448435425758362,-4.139673781394959,53.37775440216064,4.137837672233582,1.460927212238312,15
3.511693179607392,-4.265882536768913,52.67680621147156,4.284440726041794,1.49665018171072,15
3.5338074922561646,-4.25027089715004,55.02688617706298,4.284903073310852,1.537344704568386,15
3.570581445097924,-4.071622145175931,57.83022706508637,4.096692128479478,1.5929686293005958,15
3.6087206363677975,-3.8629444360733047,57.62667083740234,3.88513653278351,1.6930380463600152,15
3.444463676214218,-4.174222242832184,54.56512231826781,4.203131684660912,1.416109225898981,15
3.503629297018051,-4.017468869686127,49.443925619125366,4.036453574895859,1.5331352576613426,15
3.5402675181627274,-4.036009742319584,47.19724168777466,4.062700882554054,1.5957481123507025,15
3.5122313022613527,-4.176100480556488,50.36821365356448,4.192619442939758,1.5229770809412004,15
3.5322030827403075,-4.251490268111231,54.63060755729677,4.261212131381037,1.5178274355828765,15
3.541989237070084,-4.178870928287505,53.40748076438904,4.172215878963471,1.5310630515217782,15
3.519662655889988,-3.858409062027931,50.22771847248077,3.8411868810653687,1.576219256967306,15
3.512881541252136,-3.818582952022552,49.38135223388672,3.803334844112396,1.6117141723632813,15
3.526969461143017,-4.098737660050393,51.94176809787752,4.093116188049317,1.5648741155862806,15
3.532534694671631,-4.12941272854805,53.471257066726686,4.119389992952346,1.5572295010089874,15
3.5245921939611438,-3.983044308423996,53.01284201145172,3.966692672669887,1.570693424344063,15
3.47161203622818,-3.8900570571422577,51.956528186798096,3.877797305583954,1.5362121909856796,15
3.401818118989468,-3.9159833684563634,53.12692205905914,3.901537784934044,1.4668362341821195,15
3.377340281009674,-3.9514616489410392,57.19643030166627,3.940289682149887,1.4369724363088603,15
3.330250146985054,-3.796823389828205,56.89577980041504,3.765498016774654,1.4218453004956244,15
3.316613864898682,-3.865584754943848,57.552205657958986,3.8668737411499023,1.3990130424499512,15
3.341450333595276,-3.7932148873806,54.05569446086884,3.791162759065628,1.439447458833456,15
3.3201403439044954,-3.805520597100257,49.78069243431091,3.8180034399032583,1.4749021545052532,15
3.290775792300701,-4.2372304081916825,56.37244994640354,4.275783240795136,1.3180093869566911,15
3.365989857912064,-4.074218249320984,58.20679416656494,4.064567863941192,1.412811160087586,15
3.49384340941906,-3.997105714678764,58.04269242286682,4.005596420168876,1.5655115537345412,15
3.6024988889694214,-3.914508819580078,56.83678650856018,3.926670923829079,1.69854536652565,15
3.627810415625573,-3.801420900225639,53.98222854137421,3.810239094495773,1.7403979226946833,15
3.539100217819213,-3.75662659406662,50.42944927215575,3.75024584531784,1.6591198980808255,15
3.490011695027351,-3.771617063879967,53.56583919525148,3.765076585114002,1.621771892160177,15
3.457786589860916,-3.674518683552742,53.1511646747589,3.643236806988716,1.598065908253193,15
3.4704075008630757,-3.908085398375988,53.44106662273407,3.905601315200329,1.5671849437057972,15
3.52311475276947,-4.2304644107818605,55.87392282485962,4.244471311569214,1.522613224387169,15
3.5122872158885,-4.219123616814613,54.63200914859771,4.214772993326187,1.5063157573342318,15
3.412238836288452,-4.2677790999412535,55.90851082801819,4.291299736499786,1.380222567915916,15
3.3970677301287653,-3.992673978209495,54.461418938636776,3.987261037528514,1.4139386974275114,15
3.2884799242019653,-3.831023097038269,53.92978096008301,3.836872816085816,1.371330201625824,15
3.180333337187768,-3.845707802474499,57.39963424205782,3.852277494966984,1.2544429473578935,15
3.361179852485656,-3.8579226821661,58.327633237838754,3.867266488075257,1.4555124014616003,15
3.4912061512470247,-3.7852755352854737,54.158783388137806,3.775362576544286,1.6325237676501272,15
3.405432701110838,-4.2605613231658985,53.746929359436045,4.324593639373785,1.4069402784109084,15
3.3335109129548077,-4.318265587091446,57.024609208107,4.371555984020233,1.304739125072956,15
3.3883856683969498,-4.209118050336839,59.97515206336976,4.244117808341982,1.368047589063644,15
3.381093603372574,-4.33397288620472,60.446320223808286,4.368385747075081,1.3360204808413985,15
3.336787354946136,-4.111768555641174,60.79949226379394,4.12834198474884,1.3331256628036496,15
3.31470315605402,-3.906508988142012,57.27520112991328,3.9081908941268897,1.3349254384636888,15
3.3351069539785385,-3.919998675584793,54.21271848678589,3.9374725818634033,1.377077467739582,15
3.388038387894631,-4.1453601270914096,54.9378396511078,4.174978670477869,1.393074572086334,15
3.4466150045394897,-4.314141941070556,56.02088098526001,4.346456182003021,1.418910712003708,15
3.496001663804054,-4.248815596103668,55.28135664463044,4.267973488569259,1.4862477101385592,15
3.368991881608961,-4.231891065835953,57.87928600311283,4.285053569078445,1.3570933043956734,15
3.245815709233284,-4.204778149724007,60.83355283737183,4.248902335762978,1.211374405771494,15
3.284390020370484,-4.124440097808837,59.96391983032225,4.147664356231689,1.2452295541763314,15
3.401534496247768,-3.987347987294198,56.17577905654908,3.994676418602468,1.4489682592451565,15
3.5039110779762277,-3.658957910537719,58.13878312110902,3.680305698513984,1.676320546865464,15
3.5556127443909644,-3.738871128857136,56.64780340194697,3.7593738645315167,1.6770708292722707,15
3.5374051928520203,-3.924113780260086,54.8594822883606,3.9413833618164062,1.6174784153699877,15
3.454842519760131,-4.173787787556649,55.16818573474883,4.193614694476129,1.448439514636992,15
3.3215369760990145,-4.227679646015168,53.94498662948609,4.250714921951294,1.3040877014398575,15
3.320840446650982,-3.90133146047592,56.981625437736525,3.905766776204108,1.381161050498486,15
3.3716575026512148,-3.736657345294952,58.20224437713622,3.731060838699339,1.4660670340061197,15
3.40585994720459,-3.521971426904201,57.36875486373901,3.514287106692791,1.5674737207591534,15
3.400349721312522,-3.500778049230579,58.27837133407594,3.515328621864323,1.6064967632293687,15
3.2577658325433734,-4.072129121422767,61.04067494869233,4.137992465496064,1.363687915354968,15
3.225159728527069,-3.980149567127227,62.7445936203003,3.995064198970794,1.305155405402184,15
3.291060611605644,-3.885266369581224,59.62252771854391,3.891299353539945,1.3469123847782614,15
3.282548725605011,-3.996901616454125,52.397326707839966,4.012244924902916,1.3601427227258682,15
3.239635163545609,-4.348727729916574,54.43317456245424,4.414632138609887,1.231724908947944,15
3.316381525993347,-4.197186470031739,51.91629943847658,4.209890699386598,1.3288258910179132,15
3.3219791859388352,-4.035906231403351,49.29632439613342,4.053900527954101,1.3823784664273262,15
3.3647849887609502,-3.820148441195482,50.71640849113465,3.8145222425460745,1.4550325393676804,15
3.5015002340078354,-3.4672866463661194,51.15974748134613,3.4598742350935936,1.7327198907732964,15
3.4367629528045645,-3.769344866275791,51.53388872146607,3.757740259170536,1.5844265908002833,15
3.3116717934608464,-4.27743560373783,51.59504313468933,4.312034499645232,1.302157026529313,15
3.284371766448021,-4.153553897142409,53.91641321182252,4.151987999677656,1.3152933955192574,15
3.326696261763572,-3.882453231513498,57.50712044239047,3.859249106049536,1.3974029429256916,15
3.308223962783813,-3.728348135948181,59.22871685028076,3.702413260936737,1.4021700024604795,15
3.388069823384286,-3.621398915350437,59.7534932374954,3.617397825419903,1.530261908471585,15
3.4700975537300107,-3.662779775261879,54.00467543601992,3.657560667395592,1.6252509549260137,15
3.4270770311355587,-3.7894772946834574,53.306473946571366,3.809785394370557,1.5812437713146206,15
3.3399906694889063,-3.986470967531204,58.18324499130252,3.998692792654037,1.407777497172355,15
3.2917730435729027,-3.9989229142665854,59.95735442638397,3.99784117937088,1.3310866691172123,15
3.2900803267955783,-4.073654007911682,58.987771844863865,4.075738137960434,1.3054141908884047,15
3.3197360783815384,-4.0675148397684096,54.37765483856203,4.073495411872864,1.340574016422033,15
3.315902900695801,-3.917071342468261,53.77696380615235,3.9303098201751694,1.4017479419708256,15
3.308966255187988,-3.901832078397274,57.54778387546542,3.908902868628503,1.378383742272853,15
3.269396960735321,-3.8847597539424896,57.78283262252808,3.869914799928665,1.337801218032837,15
3.232795372605324,-3.566487477719782,56.82888984680175,3.543030036985872,1.3677874617278578,15
3.1619786441326143,-3.398006880283356,58.37196674346923,3.3850539028644566,1.3441048651933671,15
3.180740123987198,-3.3634955272078515,60.86329288482667,3.357932515442372,1.381692802906037,15
3.2463665097951897,-3.480694469809535,60.80386109352111,3.509357047080997,1.4316834986209872,15
3.242044761776924,-3.605985745787621,59.377277970314026,3.6286735236644745,1.4283285662531853,15
3.156816780567169,-3.249008572101592,61.16339550018312,3.276720774173736,1.3457294881343838,15
3.176336689293384,-3.553189989924429,60.1942477464676,3.609477177262305,1.3576349057257175,15
3.0954278439283365,-3.857923486828805,58.75186119079589,3.907560017704964,1.2365158349275582,15
2.953265278041362,-4.014512230455877,57.025826239585854,4.045940467715265,1.075000208616256,15
2.974106639623642,-4.109275639057159,55.41022491455078,4.12977659702301,1.0773305743932724,15
3.190477520227433,-3.9457667812705024,59.43651471138003,3.957270295917986,1.2885899335145958,15
3.214624318480492,-3.694849607348443,59.80099148750306,3.6807912021875393,1.3235364362597466,15
3.121370059251785,-3.331928719580172,61.21761598587037,3.310043230652808,1.283946330845356,15
3.1148008346557616,-3.354471111297614,62.65123062133785,3.3849295616149977,1.2543525576591503,15
3.0888886153697968,-3.936231322586536,57.0919600725174,3.989019513130188,1.1908478289842606,15
3.071416345238686,-4.091173601150512,56.143135738372806,4.132556891441345,1.1456205993890762,15
3.1267747849225995,-3.8917936906218538,56.37267451286316,3.887906888127328,1.2108728177845474,15
3.0304012835025778,-3.887328213453293,56.23774538040161,3.891988158226014,1.1247730553150168,15
2.846666032075881,-3.97865975946188,56.86002991199495,3.967466299235821,0.9627228498458856,15
2.809865355491638,-3.891670942306519,59.50575089454651,3.850741520524025,0.9165114834904672,15
2.777478693425656,-3.4376979053020458,62.77159688472749,3.388214416801928,0.8194339729845525,15
2.85445796251297,-3.684288108348845,63.3525957107544,3.659627556800841,0.9310863971710204,15
2.880894590914249,-4.0056516319513324,60.24567201137541,4.016784085333348,0.945537719130516,15
2.775226607918737,-4.2367468357086215,58.011440753936775,4.260826313495639,0.8624860689043985,15
2.6610218584537506,-4.470861941576004,60.63231158256531,4.4867580980062485,0.7275519035756588,15
2.7824581027030955,-4.217184126377104,61.70822925567626,4.1646265983581525,0.7965715706348426,15
2.8247155770659447,-4.16075764298439,60.48856387138368,4.121754169464111,0.8168855875730515,15
2.60329446196556,-4.20002828836441,60.78999209403992,4.177598422765732,0.6715890750288953,15
2.3822626337409005,-4.048081251978873,59.99034082889553,4.040641805529594,0.5062528865411892,15
2.349358320236206,-3.828540086746216,55.01465606689453,3.855611085891724,0.589987576007843,15
4.0376081466674805,-0.5647569298744202,38.56448745727539,0.5333502888679504,0.8797487616539001,16
3.958734501963076,-3.228309869766236,45.16519662608271,3.3748520975527554,2.035065194834833,16
3.897375832433286,-3.7383898548457934,42.488292196522586,3.770924423051917,1.9744655982307768,16
3.9006933440332823,-3.432148352913235,41.59649243562118,3.473217539165331,2.1375093874724014,16
3.783293703328008,-3.147849259169205,41.7085717242697,3.1459549095319663,2.123523297517196,16
3.734371869460396,-3.0878708155258843,43.69834219891092,3.0615442628445835,2.1559405741484268,16
3.750447646431301,-3.54519394169683,42.2750706879989,3.5240405538807744,2.0149605326030566,16
3.752593952676525,-3.864615212316098,40.45809472125509,3.846467391304348,1.9023788182631785,16
3.742873637572578,-4.083575559699017,41.556018165920094,4.075784455174985,1.79705578347911,16
3.724758355513863,-4.091659856879192,42.42362909731658,4.08363848147185,1.7532421609629756,16
3.738193128419959,-4.051268784896188,41.78383968187415,4.050738293191661,1.7695464725079744,16
3.736665259236875,-4.037333260411802,42.675484035326086,4.030951707259469,1.7778043850608494,16
3.762298739474753,-4.093972247579823,44.869288568911344,4.090589896492336,1.7793528308039126,16
3.78058555851812,-4.1378254890441895,45.96399589206862,4.146210504614788,1.7974070777063784,16
3.6706309525862975,-4.257655786431354,46.426916205364726,4.268275696298351,1.620359197906826,16
3.618401527404785,-3.9698886664017383,46.4454753709876,3.9478951951731807,1.6470055476478909,16
3.5452543341595195,-4.019363144169683,46.836305701214336,4.010228219239608,1.578266273374143,16
3.451559408851292,-4.147788462431534,48.67606221074643,4.135631623475448,1.444520255793696,16
3.4527259805928106,-4.070396506268045,50.191981274148695,4.043383349543032,1.475001423255257,16
3.5953379817630933,-3.8409721955009126,49.42379113902216,3.8220709406811255,1.7188460723213526,16
3.654662878616997,-4.1119704246521,45.72123005079186,4.130620292995287,1.6838083215381787,16
3.6383939411329194,-3.965388577917349,46.005512569261626,3.9651796506798793,1.7140706466591873,16
3.648211448088936,-3.7488050668135937,48.91566467285156,3.726862472036611,1.7680120882780654,16
3.6380791664123535,-3.572281837463379,47.01863861083984,3.537759780883789,1.8352452516555784,16
3.62733210688052,-3.958161322966865,46.71345669290294,3.941796313161434,1.71745196632717,16
3.5805155194324,-4.080792945364247,47.81346594769022,4.060768728670866,1.618570685386658,16
3.452180447785751,-4.255815982818604,47.888035152269445,4.265123678290325,1.425843041876088,16
3.363702141720316,-4.18504816552867,46.2900335892387,4.200579145680303,1.3589847968972248,16
3.502741865489793,-3.698435513869576,43.476587046747625,3.6802867910136343,1.682376939317454,16
3.496849485065626,-4.091625130694846,43.997843866762906,4.094859496406887,1.5638673305511477,16
3.625564357508784,-3.566796541213989,43.71884122102157,3.524444777032603,1.8550971798274831,16
3.707367482392685,-3.469237379405808,40.63076981254247,3.469809926074483,2.001034871391629,16
3.647526181262472,-3.721066070639569,39.89105456808339,3.6939681923907735,1.8367543635161028,16
3.66538755790047,-3.74934576905292,42.75670441337254,3.7030221275661295,1.849522808323736,16
3.679738894752834,-3.9563298847364337,45.53249972799549,3.9145086433576495,1.785247315531192,16
3.6680863214575727,-3.799939279970916,48.48038432909095,3.751324197520381,1.8065106246782383,16
3.622231742610102,-3.715838463410088,49.04913479348888,3.673899349959001,1.7610804360845815,16
3.5212648329527485,-3.906242774880449,47.114169908606485,3.8789697937343406,1.610470517821935,16
3.421420968097189,-4.450101251187531,48.37121250318444,4.484315623407778,1.353470460228298,16
3.4760188745415728,-4.295219006745712,51.01500187749448,4.296314674875011,1.462874993034031,16
3.6161969951961352,-3.858629599861477,50.20575548254925,3.832083163054093,1.7173268276712172,16
3.669465635133826,-3.70232257635697,46.93158638995627,3.6998760181924566,1.833013493081798,16
3.5760804570239526,-3.697995527930885,44.34111354662025,3.677034274391509,1.729946162389672,16
3.571757119634877,-3.236513770144919,44.97834545633067,3.1890922318334165,1.891774001328841,16
3.55247423959815,-3.993871419326117,46.19180231509001,3.987121229586392,1.6427955057310029,16
3.473793371863988,-4.034793915955918,48.54140953395676,3.994637841763706,1.536933271781258,16
3.468019962310791,-4.005667686462402,49.35532760620117,3.967196464538574,1.5110219717025757,16
3.516371530035268,-4.02447273420251,47.476188825524375,3.9998346204343056,1.5771012565364009,16
3.44980201513871,-3.8504376307777735,47.33171695211659,3.809867216193157,1.5641823436902926,16
3.357208977574888,-4.06174141427745,48.644343666408375,4.048343575519064,1.4031819364298943,16
3.312595989393152,-4.095880197442097,51.11226786737856,4.071574916010318,1.34376613471819,16
3.365593609602555,-4.232072291166887,53.59712882663893,4.227259843245798,1.3416378342587014,16
3.4410748792731245,-4.447310323300569,54.21365140831989,4.474719939024552,1.3721247807792996,16
3.407804810482523,-4.364167586616848,53.78790830529255,4.385297174039094,1.3576287601305097,16
3.4112083497254746,-4.508821259374204,53.56100463867188,4.567163156426472,1.3144631955934607,16
3.3912645111913267,-4.617738765218983,53.90542022041653,4.702261551566746,1.263450710669808,16
3.314447434052177,-4.680966377258302,55.17829928190812,4.799747943878175,1.1752882833066194,16
3.405324407245802,-4.263771202253258,54.56618831468665,4.3111698109170655,1.373072002245033,16
3.459282926891161,-4.102785608042842,53.71993504399839,4.131507127181344,1.4617772154186082,16
3.509988774424013,-3.9802428846773914,51.96622583140499,3.991239008696184,1.5351938112922328,16
3.560391260230023,-3.813496216483738,50.08592273878015,3.819202526755955,1.6870784241220225,16
3.502992505612581,-3.930953005085821,55.093600563381024,3.936484875886336,1.5877607024234277,16
3.50463052417921,-3.8573046663533095,53.135050898012935,3.829859080521958,1.5866598046344254,16
3.5288891273996104,-3.7654428482055664,50.896946285081945,3.750033762144006,1.6551636094632356,16
3.5765249729156494,-3.6387552904046103,51.29866857114045,3.624186028604923,1.7455465897269864,16
3.622566751811816,-3.6177410146464433,51.09350337152896,3.613882406898163,1.8306410364482728,16
3.535438931506613,-4.221214771270752,51.39887751703677,4.232320909914764,1.5364279643349026,16
3.504861479220183,-4.300159392149552,55.35454808110775,4.318990728129512,1.4898924050123794,16
3.4691903694816264,-4.541868686676024,56.40557297416356,4.606109474016271,1.3533495094465182,16
3.380127191543579,-4.546534538269043,55.56821823120117,4.626440048217773,1.2473077774047852,16
3.2929381702257245,-4.421622421430505,55.8628805409307,4.473409984422767,1.1989225304645046,16
3.168707432954208,-4.43507652697356,56.81700250376826,4.5042186198027245,1.0845864441083826,16
3.2173345296279243,-4.142617246379023,57.20084762573242,4.166484936423924,1.1992974125820657,16
3.3157722120699678,-4.08944445071013,57.80644441687542,4.125391752823539,1.30995309871176,16
3.3432259559631348,-4.098849731942883,58.333715190058165,4.12767443449601,1.3421145003774893,16
3.3316995268282685,-4.014135402181874,57.65476558519446,4.0211011223171065,1.3508561590443489,16
3.291905973268592,-4.249837398529052,57.12346748683764,4.291662195454473,1.2555252209953645,16
3.1451788985210927,-4.363609231036642,56.6945684681768,4.429620825726053,1.0989668576613727,16
3.208068453747293,-4.382460407588793,57.65284994374151,4.460473827693773,1.1587125062942505,16
3.408527291339376,-4.164991129999577,57.65633591361669,4.215281548707384,1.4257000010946514,16
3.4749534752057945,-3.695301968118418,54.67589950561523,3.690173625946045,1.6037400079810102,16
3.512296946152397,-3.5822766656460967,53.559991256050445,3.5846090731413467,1.689841146054475,16
3.493274128955344,-3.737863198570583,52.8212887307872,3.74090636294821,1.629287844118865,16
3.377005307570749,-4.053989151249758,51.821398859438695,4.075822042382278,1.4218134569085186,16
3.2783819177876343,-4.352939108143681,52.78473762843915,4.3974948136702805,1.2525971091311916,16
3.395825033602508,-4.333805581797723,56.63181785915209,4.378242658532183,1.3868516476257997,16
3.604605125344318,-3.618539177853128,54.245418548583984,3.621624863666036,1.8148721041886704,16
3.607200218283612,-3.5697116229845127,52.8033044234566,3.6002823788186773,1.8212865539219072,16
3.585433420927628,-3.724388982938683,53.79850752457329,3.72549989949102,1.7222235772920689,16
3.621829043263974,-3.768067836761473,53.21048023389733,3.764246702194212,1.772072227104851,16
3.603804837102476,-3.8949907033339786,54.6837924459706,3.888063296027805,1.715225857237112,16
3.566894883694856,-3.787866696067478,55.46580671227497,3.7674371159594986,1.6925271853156711,16
3.560343027114868,-3.4455370903015137,57.15845489501953,3.4255928993225098,1.7754032611846924,16
3.579248449076777,-3.428620141485462,56.45030676800273,3.438046641971753,1.7891196634458462,16
3.5298637307208525,-3.606968413228573,52.3194455685823,3.604067056075386,1.7200027963389528,16
3.421814317288607,-3.762517193089358,50.48247445147971,3.7539478592250632,1.5713688912599002,16
3.362606473591017,-4.100652342257289,51.02882534524668,4.111513303673783,1.409271452737893,16
3.3739102405050527,-4.2567382688107696,54.09535764611287,4.274617920751157,1.3742443478625754,16
3.301647175913272,-4.300945219786271,56.712919981583305,4.321827536043913,1.2833850124607915,16
3.102216958999634,-4.220836224763291,57.83345429793647,4.229247798090396,1.1081954914590586,16
3.1753166654835563,-3.9690301210983945,60.64658985967221,3.9597066278043007,1.2023926610532003,16
3.3290021834166144,-4.007966476937999,58.956780640975325,4.01548663429592,1.3494911763979025,16
3.3477644713028614,-4.14069121816884,55.50317117442254,4.169656836468242,1.3525725862254263,16
3.3141646074212114,-4.169902552729067,53.828709477963656,4.203124149985936,1.312876582145691,16
3.352932753770248,-4.108516133349874,54.74997379468835,4.126484331877335,1.374765712281932,16
3.256302367085996,-4.324199842370074,54.951625492261805,4.375800319339918,1.2188151193701708,16
3.23578110985134,-4.3203093694603965,55.69135267838188,4.363789641338847,1.1947071966917615,16
3.22452940111575,-4.235877824866255,55.64437053514564,4.265794567439868,1.1951246779897942,16
3.178276010181593,-4.215871935305388,55.42210006713867,4.239377581554909,1.1964738420818162,16
3.1476165833680527,-4.026574632395868,56.40903555828592,4.028991906539253,1.1703982767851455,16
3.3344442326089605,-3.827734999034716,55.79991116731064,3.827757441479228,1.4072350833726956,16
3.416207189145296,-3.8293223899343727,55.69108034216838,3.85592832772628,1.540437931599825,16
3.349198372467704,-4.038022352301555,58.07931269770083,4.062034627665643,1.384620438451353,16
3.3787783332493,-4.1027743920036,56.83805482283884,4.109415178713593,1.404309220935987,16
3.2434937021006705,-3.9790191235749615,56.39634256777556,3.9936857638151744,1.2947041729222168,16
3.06937837600708,-4.174679279327393,56.60270690917969,4.20630407333374,1.102004885673523,16
3.0776672985242755,-4.205598934837011,55.15900023087213,4.223963592363441,1.0974179869112757,16
3.208393107289853,-3.978023155875829,51.37368790999703,3.974358994027843,1.29466918758724,16
3.232065542884495,-4.015949695006658,52.25793888257895,4.025452116261356,1.3025550583134535,16
3.1740015382352094,-4.237245414568028,53.85369491577148,4.269706435825511,1.1773213199947206,16
3.2066479040228804,-4.01677484097688,55.84411969392197,4.009878697602644,1.2503792876782631,16
3.279737203017525,-3.8378950305607007,59.86846127717391,3.830837260121884,1.3498473633890566,16
3.2674455124398936,-3.948273793510769,64.10040382716967,3.963419520336649,1.2854158152704651,16
3.302764115126237,-3.961755254994269,62.230684860892936,3.9688887181489374,1.334173409835152,16
3.2159045571866254,-3.759184889171437,61.80948987214461,3.7719740660294274,1.282591612442681,16
3.2401050381038483,-3.503468451292621,61.76890447865362,3.5218000722968084,1.3601941233095889,16
3.3750635851984443,-3.199958106745844,59.546121182649024,3.2459380833998965,1.5998991105867473,16
3.453374012656834,-2.767219854437786,54.34529064012611,2.8320885637532105,1.8845456890437915,16
3.266593736150991,-3.0740857642629846,52.26354764855427,3.1423492846281604,1.692410386126976,16
3.143918918526692,-3.7283050702965737,50.078791411026685,3.776396347128823,1.4160261983456837,16
3.1076354669487998,-4.03518073455147,52.74813461303704,4.025627675263777,1.2970370106075124,16
3.10675136939339,-4.05476831353229,58.41396149345067,3.99881595114003,1.2147711774577263,16
3.0538282083428423,-3.987001108086627,58.84602737426758,3.915617911711984,1.134270782056062,16
3.0154408786607823,-4.367893944615902,61.82320254781971,4.371319522028384,0.9938704941583716,16
3.095975554507711,-4.330122678176218,64.37277586563773,4.323430393053139,1.054000450217205,16
3.1739175734312632,-4.15886163711548,64.24352264404298,4.149701014808988,1.1262770891189569,16
3.2005747090215264,-3.9397362729777496,62.63491721775222,3.922155463177228,1.1896313532539031,16
3.206206995507945,-3.6164449090542994,62.484340170155406,3.606551564258077,1.264636926029039,16
3.046940326690674,-3.465902328491211,65.47412872314453,3.4638679027557373,1.1137326955795288,16
3.057998004166976,-3.317809343338013,63.912994053052834,3.3227098921070928,1.18887202117754,16
3.107678610345592,-3.335786456647126,60.87448120117188,3.384504857270613,1.2831444170164024,16
3.1166614138561743,-3.457582370094629,60.59304212487262,3.527375480403069,1.2852672493976094,16
3.1503470980602764,-3.631398439407346,60.64088920924975,3.693726342657336,1.2957522247148603,16
3.0955217299254043,-3.798714192017265,60.17908262169879,3.8539260159368105,1.2029966789743172,16
3.1302141521288,-3.803712523501853,57.16811619634214,3.8321307431096616,1.2274954526320747,16
3.221510679825492,-3.787084755690201,56.203396341075056,3.808659263279127,1.3367486466532164,16
3.2536285649175234,-3.917652295983354,59.31533597863238,3.943052115647687,1.3383254745732194,16
3.1092944248862904,-4.111041670260221,58.09149136750597,4.136334647303042,1.1445381485897577,16
3.023761365724647,-4.122496252474578,55.85028474227245,4.140865325927734,1.0608682995257177,16
3.064925649891729,-3.9802593562913975,57.104935687521234,3.97544150767119,1.1255292892456057,16
3.055365925249846,-4.082132049228833,60.19004937876826,4.073006028714387,1.0860071389571484,16
2.9160673410996147,-4.367200188014818,60.4139923427416,4.369597870370616,0.8943881340648817,16
2.931512625321098,-4.318973188814912,57.3349766938583,4.317015834476639,0.926423754381096,16
2.8171897349150297,-3.8514554189599153,54.4431480739428,3.877067068348768,0.8698946885440679,16
2.591008103412134,-3.1847355676734037,51.37706225851311,3.2459351083506798,0.7184905150662322,16
2.461431492929873,-2.43550968170166,51.41392417576002,2.6383762670599893,0.6988972192225251,16
2.422665388687797,-2.2028002946273144,56.06405075736666,2.4666119865749194,0.7220976948738094,16
2.607855423637057,-2.118375529413639,66.9082293303116,2.453863371973453,0.816664947115857,16
2.7551246622334347,-1.5831687502239131,71.08207437266475,1.9537630495817837,0.7860337366228543,16
3.1299999796825864,-0.0432355170664683,62.70588451883081,0.3230922455373164,0.1012495114751534,16
3.3271248029625937,0.1312905886898868,57.44337811677351,0.0378899943569433,-0.0638808135105207,16
3.4216885566711426,-0.0730714187957346,54.57796859741211,0.0378071591258049,-0.007700640708208,16
4.011821269989014,-0.5018932223320007,35.05248260498047,0.438532292842865,0.6696537137031555,17
3.9334705601567808,-3.332164888796599,42.59028973786727,3.4602705603060517,1.885691508002903,17
3.878486519274504,-4.066429075987442,42.50236229274584,4.1022166376528535,1.8314194057298745,17
3.9086796304453975,-3.883269506952037,44.21261795707371,3.934868097305298,1.9805782722390215,17
3.868331214656001,-3.718718165936677,44.37605551014776,3.756048855574235,1.983618482299473,17
3.846562385559082,-4.011729427005934,45.62401348611583,4.049529728682145,1.8903064624122952,17
3.7922485496686855,-4.279764901036802,47.342166900634766,4.318795577339504,1.7445631493692817,17
3.753649141477502,-4.085637331008911,49.18042357071586,4.113028464110002,1.74037738468336,17
3.807066191797671,-3.720632034799327,49.43959559565005,3.7585577446481455,1.9114241340885991,17
3.832303150840428,-3.565063953399658,44.29665905496349,3.597205960232279,2.0197217879088027,17
3.8345962089041006,-3.7681403160095215,42.39694777778957,3.7947007676829454,1.9845566749572756,17
3.832746474639229,-3.675694133924402,43.37816437431004,3.6672583351964536,2.010407344154689,17
3.795625054317972,-3.777087792106296,44.733855206033454,3.7666058022042974,1.947229597879493,17
3.715119071628736,-4.003675253494926,46.63576291955036,3.985679222189862,1.7668171239935833,17
3.724038082620372,-3.844209339307702,46.97082983929178,3.823042817737745,1.8337990097377608,17
3.744747545408166,-4.220917784649393,48.117703810982086,4.2288216507953145,1.7442914040192314,17
3.73875559931216,-3.942608086959176,48.744848997696586,3.936269096706225,1.7949449964191602,17
3.715286296346913,-3.6970211733942446,47.45353267503822,3.686899081520412,1.840525860371797,17
3.664481888646665,-3.7646967224452808,47.32104127303414,3.741262373716935,1.7995429557302725,17
3.6547706230827,-3.674134130063264,50.8016476838485,3.647610954616381,1.8352720270986145,17
3.71567932419155,-4.121631808902906,53.08466869851817,4.120785982712455,1.7603678858798484,17
3.776051345078841,-4.02193974412006,50.33476970506753,4.016812127569448,1.815705226815265,17
3.78846287727356,-3.800811373669168,46.462830916694976,3.814928231031998,1.8973195086354795,17
3.778468608856201,-4.014858245849609,48.54655075073242,4.034343242645264,1.837459921836853,17
3.727147475532864,-4.114555110102115,49.06217210189156,4.1199192171511445,1.7335029892299487,17
3.702858551688816,-3.881598213444586,48.80941689532736,3.87327700075896,1.7679765898248423,17
3.676244797913924,-4.018509284309719,47.8036525560462,4.023995575697525,1.7040027276329373,17
3.645710126213405,-4.220138612000839,47.730648538340695,4.234924606654955,1.6162960581157515,17
3.682793202607528,-4.279668020165484,49.887377531632126,4.299232752426811,1.6506648219150046,17
3.670268038044805,-4.274358355480691,50.35904262376868,4.2888400865637735,1.626180835392164,17
3.677796747373498,-4.191339161085046,50.76855286307957,4.2092369121053945,1.6523193328276924,17
3.669377285501232,-4.141250527423361,52.13271165930706,4.157498318216075,1.6609868122183755,17
3.652969857920771,-4.1981306076049805,52.48946563057278,4.213438925535782,1.6072330215702888,17
3.643632474152938,-4.159997857135275,48.47945453809656,4.180847665537958,1.6082090035728789,17
3.629455369451772,-3.575277245563011,45.31491072281548,3.562733069710111,1.7860708703165462,17
3.542051284209542,-3.5507839866306465,47.21684563678243,3.531101734741874,1.7522591456123022,17
3.5302697264629863,-3.6186595170394233,49.87926234369693,3.57629480569259,1.7046803702478823,17
3.6005663975425386,-3.771210411320559,49.411275449006446,3.745032103165333,1.7771491071452272,17
3.619251821352088,-4.474267690078071,52.6019411501677,4.492596501889436,1.5643465207970662,17
3.634789985159169,-4.444376323534095,53.17409415867018,4.460550681404445,1.5641291815301646,17
3.580915979717089,-4.617766297381857,52.55650147147801,4.695252833159074,1.4298947427583777,17
3.568447216697361,-4.383163120435634,50.51196753460429,4.454444926718009,1.4500154723291805,17
3.653500722802204,-3.75136709213257,45.81558293881625,3.781031380528991,1.7498449242633316,17
3.637862236603447,-3.625577086987703,45.28870043547257,3.620791466339775,1.8050260388332864,17
3.619190786195838,-3.871484341828719,47.68856877865998,3.8525198231572686,1.7310542179190596,17
3.582777375760286,-4.108473031417182,48.995913961659305,4.096175732819929,1.604597791381505,17
3.543951988220215,-4.216372489929199,49.568504333496094,4.212472438812256,1.515822172164917,17
3.521173943643985,-4.246835045192553,51.15869472337805,4.245244088380233,1.4970009378764944,17
3.388466130132261,-4.254440203956935,53.43779655124828,4.259437581767205,1.3555823875510185,17
3.3752052162004555,-4.493423109469206,56.2251152370287,4.55937033114226,1.2771310547123784,17
3.479167896768321,-4.317177192024564,55.03031838458519,4.353156110514767,1.4258671066035384,17
3.5593342262765635,-3.9940925059111216,51.49558407327402,4.003956587418266,1.6003326592238054,17
3.5504019467727,-3.82901522387629,50.51023217906123,3.8223336261251695,1.6439768957055132,17
3.578799952631411,-3.423389735429183,50.62678080019744,3.402748045714005,1.808158604995064,17
3.610828575880631,-3.722792397374693,50.40064886341924,3.705994948096898,1.7843659131423284,17
3.564286439315133,-4.007000487783681,49.68922291631284,3.991350878839907,1.6299171862394917,17
3.470223437184873,-4.280069185339886,49.619846012281336,4.287229185519011,1.4439429511194646,17
3.536718347798223,-4.1162099008974815,50.39986452849015,4.109128889830216,1.5687157796776816,17
3.652308951253476,-4.025519557621168,49.81398093182108,4.018181904502537,1.712932415630506,17
3.6368709854457695,-4.006605894669242,49.87453493864639,4.007970841034599,1.7048421009727155,17
3.530016660690308,-4.188501793405284,52.15791121773098,4.183828436810038,1.5115206656248672,17
3.519369073536085,-4.383143549380095,54.36159863679305,4.402142669843591,1.4518461849378503,17
3.451357053673786,-4.454102785690971,56.29019579680069,4.497998362002165,1.367880541345348,17
3.308761109476504,-4.118294010991635,57.4496897821841,4.144156435261602,1.2717208758644436,17
3.294440404228542,-3.842564655386883,57.050083823826,3.851771800414376,1.3155152279397713,17
3.402775764465332,-3.925541950308758,56.11251432999321,3.935472975606504,1.4596757836963816,17
3.45060047896012,-3.95897738829903,54.6771704632303,3.959347838940828,1.5261069328888603,17
3.413711734440016,-4.104556788568911,55.83846233202063,4.128321212270985,1.4447166194086491,17
3.3420248549917475,-4.107666285141655,58.67799493540886,4.13321293955264,1.35581910610199,17
3.3062095642089844,-4.07365608215332,59.98876190185547,4.097109317779541,1.3008686304092407,17
3.306203375691953,-4.147360780964727,58.172312529190734,4.160834478295366,1.282933468404024,17
3.258851901344632,-4.367396168086838,55.280540963877804,4.42296440705009,1.2012874717297768,17
3.157976959062659,-4.578521998032279,56.27672809103261,4.693840462228526,1.0750165763108628,17
3.1657117553379224,-4.416894394418469,56.39173109635063,4.474971294403078,1.1006446299345591,17
3.2718826895174766,-4.136868020762569,54.04875365547512,4.157883333123249,1.2599149061285924,17
3.356709127840789,-4.05681526142618,54.00665100761082,4.07329275297082,1.3918571990469228,17
3.348926191744597,-3.8658107570979903,55.11113938041356,3.8646668558535366,1.4265658388967102,17
3.3669973974642544,-4.074786911840023,53.94537734985353,4.097194650898808,1.376090920489767,17
3.462791961172353,-3.973385624263598,52.68414654939071,3.982685545216437,1.521255897439044,17
3.5243606463722563,-4.018089584682297,52.88261927729067,4.038287722546119,1.599164299342944,17
3.394879652106244,-4.334754964579707,53.6312488058339,4.371557401574177,1.348141322965207,17
3.385673460753068,-4.023702870244565,52.103888636050016,4.013062953948975,1.4150867721308833,17
3.381571728250255,-4.232441777768341,53.13695426609204,4.2729029655456525,1.3603956129239958,17
3.404643545980038,-4.163203052852468,53.523983001709006,4.181554856507678,1.3874460769736232,17
3.451985172603441,-3.77477888439013,50.17605159593668,3.759278546208925,1.553096522455629,17
3.4678457612576694,-3.5167406641918677,48.12504992277725,3.4922588078872008,1.6737349188846091,17
3.499667489010355,-3.342356412307076,47.64635235330333,3.305336983307548,1.7979145879330845,17
3.4110948106516967,-3.8027523704197086,51.06729474275008,3.798007840695588,1.5799492804900468,17
3.340019091315891,-4.117888595746911,55.45953584753947,4.104191531305728,1.380557428235593,17
3.349800379379936,-4.102747087893279,56.99369612984035,4.082570034524669,1.3786182196243952,17
3.3070954965508506,-3.984568512958031,56.18255499134894,3.9567956924438494,1.3590291842170383,17
3.330480523731397,-3.846827714339546,58.30632101971171,3.8389976128287935,1.418872864350029,17
3.292736053466797,-3.626061201095581,59.44844818115234,3.6154518127441406,1.411776781082153,17
3.2127716748610786,-3.3952980974446176,59.62490479842476,3.379909173302029,1.3898829221725464,17
3.205469794895338,-3.453653066054632,60.25804668924085,3.4694089682205838,1.3740602835364963,17
3.227377404337344,-3.841102589731629,55.08611463463829,3.864606224972267,1.3503382827924646,17
3.2199362049932065,-4.038311502207878,53.18542546811312,4.066494257553762,1.308720899664838,17
3.2760681795037314,-4.0493308772211485,55.5332895361859,4.058395696722942,1.34464807095735,17
3.3124574267345928,-3.939938959868058,57.145573325779125,3.934398132821788,1.3824218822562178,17
3.240021871483844,-3.830370187759399,56.1376951466436,3.813795981199844,1.326684863671013,17
3.205773115158081,-3.98561954498291,56.76464313009511,3.9885312163311504,1.255570069603298,17
3.223417924798053,-3.859696222388228,54.993166052776864,3.843891713930215,1.3017836290857057,17
3.2706944735153862,-4.005978522093401,51.54067578523054,4.026759520820951,1.3160384789757105,17
3.256504587505175,-4.0814493842746895,50.41632743503737,4.103266778199568,1.3092239110366155,17
3.1772758649743125,-3.93716665972834,53.11276875371518,3.921934957089632,1.2568546896395478,17
3.105848872143289,-4.009247821310292,53.97137069702148,3.988879421482916,1.1727077287176382,17
3.1003310784049654,-3.8902931420699423,56.9279279294221,3.854737572048023,1.1737369454425313,17
3.185703101365461,-3.85012382009755,59.8440651271654,3.823062554649684,1.237191169158271,17
3.2779920723127285,-3.919865400894828,60.25091055165166,3.91251658356708,1.3561792010846343,17
3.341298839320307,-3.7963922023773193,56.91865721992824,3.783757707347041,1.4384538712708848,17
3.39455102837604,-4.069265033887779,56.18907016256581,4.102077629255211,1.4231503942738408,17
3.363421761471293,-4.250957240229067,55.26899835337765,4.291573876919953,1.3446605050045517,17
3.23553838937179,-4.368585441423497,52.85270989459495,4.425225485926086,1.1950211369473016,17
3.1485935605090605,-4.605373320372206,54.02544850888456,4.7038905931555695,1.070317781489829,17
3.093193883481233,-4.576848216678785,57.56729590374491,4.652001671169115,1.0218462114748743,17
3.0142860412597656,-4.391468048095703,59.089054107666016,4.405278205871582,0.9654309153556824,17
3.03430440114892,-4.156492461328922,55.86417886485226,4.157411658245585,1.0260452809541116,17
3.1283057668934697,-4.058550191962199,50.46412476249365,4.085450773653776,1.1815949263780017,17
3.0883797562640645,-4.284748367641281,49.99993166716198,4.3517495445583165,1.123887865439705,17
3.206639932549516,-4.287378020908522,56.07302740345823,4.335049919460132,1.232042063837464,17
3.252772580022397,-4.240363328353218,62.64075668998388,4.272571812505308,1.254398983457814,17
3.2417484781016475,-4.130000902258832,63.632996932319976,4.137218371681545,1.198360018108202,17
3.271828216055165,-3.9887552572333296,58.36375991157865,3.97035028623498,1.274480094080386,17
3.27058163933132,-3.962035894393921,56.41921681943148,3.968719409859699,1.2986713699672527,17
3.380995107733684,-3.849289406900822,54.35958298392921,3.85765892526378,1.4611654126125808,17
3.407570185868637,-3.77019565001778,52.72400880896528,3.784990611283676,1.5295676355776584,17
3.34299577837405,-3.925860197647759,53.70323827992316,3.9342643281687866,1.4173548791719517,17
3.2956964658654253,-4.16202914196512,56.541241687277086,4.172217472739842,1.307081865227741,17
3.275321576906287,-4.059534072875978,58.68016135174295,4.056021918421209,1.3002512092175686,17
3.3585772514343253,-3.3682717240375086,56.23542470517369,3.346713283787609,1.5351169523985462,17
3.459321975708007,-3.0825995673304,52.81550830343497,3.105144511098445,1.7858388631240163,17
3.50839870908986,-3.1825700946476148,51.90263698412024,3.204901881839918,1.8652151045591936,17
3.490907534309055,-3.1753583472708,50.53808311794116,3.17058715612992,1.8958930502767148,17
3.308451351912126,-3.454720269078793,56.19031209531037,3.4453482627868643,1.6059043303779943,17
3.1608815400496777,-3.765867057053938,57.88288332068403,3.7419427063154127,1.3599651740944914,17
3.1605328373287027,-3.66988711771758,57.28475670192552,3.634731147600261,1.3562387383502446,17
3.253691144611524,-3.4623039079749054,57.07116599704911,3.444908484168673,1.47019991149073,17
3.2247105681377906,-3.61497189687646,53.78265347688094,3.605962297190791,1.4307432382003118,17
3.157742738723755,-3.744615316390991,55.921836853027344,3.7471559047698975,1.3218035697937012,17
3.247600928596828,-4.042324646659519,58.02432516346807,4.050382676331893,1.3033431198285972,17
3.3707512668941324,-4.015121024587882,58.85754510630731,4.024937339451004,1.4394685859265517,17
3.428754972374958,-3.8927130595497457,61.06316906472909,3.9127443873363994,1.538117719733198,17
3.314345328704172,-3.9076445102691664,62.23976168425189,3.9306334516276498,1.3783450696779354,17
3.2988018263941226,-3.728606037471605,57.71742911960767,3.722759588905002,1.3963422723438432,17
3.29584817264391,-3.904614915018496,55.87641508682914,3.937612264052681,1.370518280112225,17
3.166390377542248,-4.041393591010053,58.70578699526578,4.0638523516447655,1.2218171565429032,17
2.9619244492572294,-3.902046607888263,61.35653819208559,3.871500927469005,1.02948230245839,17
2.8876939027205752,-3.984008457349692,62.4501727560292,3.924408860828564,0.9502859037855398,17
2.954402363818624,-4.198635578155515,64.06291596785834,4.17008480818375,0.9473182714503748,17
3.100294071695079,-4.083144540372102,62.976537953252375,4.067953959755275,1.075933150623156,17
3.1788416530774986,-3.844197408012722,61.63936465719472,3.8349750249282177,1.20241001377935,17
3.127210254254549,-3.598853173463242,62.71367993562118,3.6004413314487635,1.1790796777476436,17
3.049553891886836,-3.273431435875273,60.81627091117529,3.2933566051980745,1.181649322095124,17
3.078654050827026,-3.029020848481554,62.019589133884566,3.068265417347785,1.288641375044117,17
3.040100989134417,-3.4700077098348765,63.30101112697436,3.546307004016368,1.230103948841927,17
2.898980793745621,-4.069695255030757,61.84212095841117,4.139657269353452,1.0146733418754907,17
2.7516099681024966,-4.415584667869236,61.13239653214164,4.455607891082764,0.8353577256202699,17
2.7051904305167827,-4.391180722609811,64.3386529010275,4.356885474661124,0.7466533313626832,17
2.594470760096675,-4.023081572159483,64.9157366545304,3.9011737056400526,0.6207011238388416,17
2.503775524056478,-3.708656528721684,61.7329136392345,3.614397867866183,0.6388731702514309,17
2.4265746241030484,-3.629273673762445,59.50895425547724,3.632869098497473,0.7012984882230346,17
2.6341753005981445,-2.5805373191833496,59.0454216003418,2.6884279251098637,0.6021851897239685,17
3.839765787124634,-0.8633099794387817,36.02644729614258,0.7852102518081665,1.0650572776794434,18
3.917531941671792,-3.478971002986596,43.59581382319613,3.559437174467171,1.851574258234516,18
3.8346541137815273,-4.250003142926678,41.76265371070718,4.296527001842763,1.7318923960691728,18
3.736404819308587,-4.247046227725047,41.5442188190964,4.301055989175473,1.6473813709223046,18
3.7532588086038263,-3.939432622501685,42.04396904039683,3.966906785964966,1.79816306087206,18
3.742848091905222,-4.280552723122843,44.86084752112814,4.320242662849666,1.7012383465497,18
3.713443837075863,-4.208403641322874,47.18751115619012,4.225469166377805,1.6812243349147291,18
3.723751898831541,-4.33145162894291,47.58604898992574,4.36530010055446,1.6453499636560116,18
3.747202029018282,-4.406318631562047,47.047093973219766,4.458129582914916,1.6454479686869017,18
3.744745749347615,-4.214042717555784,45.17723832040463,4.261129046386143,1.69419996468526,18
3.7062941557206446,-3.919610027996999,43.67534779002832,3.937808497146991,1.743968794930656,18
3.694633133006546,-4.378265071964864,47.09160981088315,4.4284283080190985,1.6289872590850734,18
3.697807154565487,-4.414841471977954,50.98632301474517,4.460181398211785,1.6195501943804185,18
3.710386391705687,-4.197084507852231,51.69820214517461,4.220132209969767,1.6657658388029857,18
3.717743257306657,-4.04947515103802,50.4211307741561,4.060951985653092,1.719478409995073,18
3.68204062839724,-4.111735973718031,48.61373656650759,4.125830983215908,1.6651365599542294,18
3.730814441944818,-3.839572024795245,47.3628692387035,3.842680730159928,1.8194077697190096,18
3.7768110899055527,-3.933543262241771,46.56642813052771,3.94857767542953,1.85335504333928,18
3.757118445522381,-4.065925490181401,46.15941123242648,4.077229895681705,1.7803509302859035,18
3.71041251578421,-3.981947663445143,45.11754053943562,3.984192807719393,1.7508786099511873,18
3.7154805990135142,-3.695637034170282,45.12930098719567,3.679191106520359,1.8657590068361292,18
3.721205063585965,-4.051646430537385,47.37979277124944,4.0488558715244505,1.7796021744890034,18
3.638498562686848,-4.028975684687776,50.08691602982815,4.010296749618818,1.6771061113045649,18
3.5265298744417586,-3.960645503218069,51.49751987097398,3.927202853016883,1.555624881630424,18
3.5088201378876307,-4.002838413670378,51.83719390293337,3.9747188271216634,1.541318969906501,18
3.578183231113841,-3.87192347814452,50.73773884323408,3.849443976984084,1.678671094606507,18
3.6182573861296072,-3.781023832237196,49.86984459259225,3.7618514336879896,1.757400317012139,18
3.6605985119657696,-3.719073282097871,49.5164651690789,3.7005770656297794,1.8192125491376192,18
3.661084391036124,-3.736198072913308,49.00963340615326,3.720848365399823,1.8200139999389648,18
3.5842851722765268,-3.919783820146284,48.8416880721566,3.8936888541815406,1.6724581658465312,18
3.577903931995608,-4.191702986663243,50.504027600558295,4.187190406727341,1.5787606689165223,18
3.600921543889076,-4.028415493995139,49.96196653258127,4.009785439233361,1.6421946542068095,18
3.6074738817394905,-3.652618453187763,48.74806302148591,3.624611022337428,1.755977491912602,18
3.629087479609364,-3.724741260960418,47.360954572569646,3.712633893174946,1.777670603878093,18
3.6151444986931183,-4.023856297978815,46.50256971443224,4.014994651266614,1.6952457945301849,18
3.62305008840261,-4.0829193007271245,52.83263529171735,4.0812962879924655,1.684792749536862,18
3.665606669659885,-4.084861314521646,50.80673462489867,4.069779477029477,1.681472731086443,18
3.711830136161181,-3.5518924755120422,45.92999248384679,3.5334052169847783,1.8842994776911708,18
3.683254345408026,-3.4434756932768424,45.4322889555925,3.4349079327013503,1.9680542278589697,18
3.5780556921689017,-3.865351703931701,51.46974542006007,3.8377651178611902,1.706732630729675,18
3.5183558554019565,-4.012599597187162,54.00600215024168,3.9704842927320954,1.5787283999365078,18
3.449827032269172,-3.866748676360029,54.7620395204556,3.8228390471740346,1.5366539010461773,18
3.4541779644084425,-4.132596672705883,53.14967979575104,4.136603760269452,1.4516183385309185,18
3.4769588251533747,-4.202151988287392,51.38125550372046,4.214356503396664,1.463800771431353,18
3.469878408144105,-4.127138911553149,51.16655280155207,4.128559304483281,1.486228217118941,18
3.4116039680984787,-4.073179847789261,53.11045952563015,4.064977106058373,1.4362272608954954,18
3.402160771987723,-3.973350451427436,54.7572443980091,3.956426466036143,1.4509728997008604,18
3.3754476646207414,-3.863578743904642,55.39437105670665,3.849685659948385,1.4463301304751222,18
3.315982940062037,-3.868672154984385,55.44167896486678,3.859094246378485,1.3863647816316136,18
3.2930766396552515,-3.912480603224077,55.29617566282644,3.902253228913313,1.3563631233179343,18
3.390090578007248,-3.830978936369314,54.74091034415384,3.820123204645121,1.4937562470166184,18
3.4954409239427098,-3.850620647646346,50.99541336635375,3.841971815757032,1.6103931575451256,18
3.568350151649811,-3.925034205118816,50.31027749499435,3.92744773138994,1.6786283584510755,18
3.636676629384359,-4.201857725779215,51.87825393676757,4.211385091145832,1.6772867441177366,18
3.601295462194479,-4.088561687829361,50.94253705582529,4.076486794453748,1.630762190189002,18
3.4928323007979487,-3.721805295104501,51.2541818918672,3.689750464457387,1.6038189459146943,18
3.5260507115777933,-3.503727485548775,52.23286553148954,3.472437467215196,1.7274007894707926,18
3.564261674880981,-3.73379372200876,53.3680509171396,3.734073220558888,1.741604546331009,18
3.492730347615368,-4.194658561322672,54.5958345041335,4.195438897834632,1.4936786177773154,18
3.5097311412763297,-4.405495685601385,53.94021160197708,4.428958149076259,1.441269070847229,18
3.47916072719502,-4.004890216971344,50.59612252577296,3.993188678093676,1.515295793425362,18
3.4495964110272483,-4.112053304348352,47.20335093084371,4.140468855324031,1.452622965446808,18
3.4048116192127926,-4.196689803645296,47.79226941282643,4.219378462377585,1.4079494266390051,18
3.4073295413323166,-4.082506494702034,50.571758774091606,4.072419598417463,1.4300363356212396,18
3.546832688949393,-3.786095629698075,49.74813190196296,3.767462057137639,1.6803455517726873,18
3.643035273881828,-3.9939135350521258,48.87289371130601,3.9902250316907777,1.7330820462988608,18
3.5411132416635183,-3.764775159224024,50.22324407325601,3.745111155060101,1.6738316697894398,18
3.3955451497491804,-3.592578445590517,51.29984789674387,3.5430076662099586,1.5533114716691794,18
3.3588051556041405,-3.572894420263902,51.7736362001431,3.5232044555856,1.5481293298913248,18
3.3814943781438864,-3.5936081094561887,54.907626457934114,3.557988328753777,1.58807380244417,18
3.285004278398909,-4.154002921386336,59.22061313173307,4.179337528516663,1.333487614145818,18
3.365004588972847,-4.060962850942553,59.499407786243374,4.064409002567988,1.415956268520474,18
3.498512767395883,-3.912778764400842,56.88186789458653,3.915565090359382,1.5837881497617037,18
3.5326455928994425,-3.8306544546811088,56.86040415254029,3.839778076927617,1.6563547782178194,18
3.49653685467798,-3.707242233948138,61.21356445888304,3.72820258140564,1.6088220960689037,18
3.392604751406976,-4.093725762277279,58.475931275565685,4.1150024971872,1.3974639492214855,18
3.357302760178188,-4.017182539094169,56.098229582204766,4.023528491925894,1.3880572041625494,18
3.383911225780751,-3.9106148233953513,54.66125699409149,3.913667582865781,1.4384109928922832,18
3.399260057593292,-4.159553050994874,53.99993867694207,4.184313576176482,1.398272782001855,18
3.36531601012128,-4.58844869541672,54.66731622084131,4.67698317653728,1.2552406622928642,18
3.3893870812542035,-4.134137195611148,55.703269094791054,4.152058769322039,1.4022045982708724,18
3.350102815987929,-3.945779858895068,56.99833931113189,3.953662179551035,1.3837561562376204,18
3.292539978927037,-3.8588340102501646,54.27969797002449,3.860813578719614,1.3468768814074918,18
3.254730987848726,-3.7863020986880898,49.58581137507216,3.792245692427053,1.3793696674910731,18
3.2543877880528287,-3.864533959694629,51.85239741487322,3.8563800262955,1.3723967480209638,18
3.295998013994229,-3.569382706528192,54.31534386880743,3.5251298475565425,1.463458172180367,18
3.247303686801742,-4.2202374440319135,54.63041394311677,4.266443126606491,1.2474582142799906,18
3.122671428716409,-4.373861141924589,56.353281632909216,4.399013636247169,1.108390367256021,18
3.082567679807076,-4.032376850176155,56.76856682735418,4.004972961713681,1.1141175548985325,18
3.1814698738122136,-3.57956730494709,51.32347457213972,3.549924547567307,1.3471269630036264,18
3.184270611349142,-3.9783064284414578,54.08904475086135,4.006670286070623,1.2723623019344414,18
3.1626852608326845,-4.146870214234358,57.2269183224852,4.147697733633174,1.1874789539373145,18
3.184909946513625,-4.332687254971677,58.76131146508941,4.360594470545929,1.1388826302762305,18
3.2827936658319445,-4.2569205985878975,58.45641499645304,4.285237339307675,1.2385843519894593,18
3.4326739566131206,-3.813940369108188,54.57353527141068,3.8120825065756745,1.535299298148485,18
3.486018041394792,-3.8480500740075256,54.51225621445373,3.860206130165724,1.595652848669568,18
3.460165491643941,-3.783029772200674,55.72263393761977,3.781951859312237,1.578550230781987,18
3.473724645638616,-3.683826987848342,53.0903749046086,3.673321758426211,1.5993957429561971,18
3.453962880860334,-3.5797254919256054,50.945366865434,3.570989616262088,1.6542759196563332,18
3.3652438847523816,-3.622599588250214,54.90385667333063,3.609274364867301,1.5286367456868009,18
3.3676142407663208,-3.59034815074513,50.583981328040586,3.5575053436951087,1.5680182722379563,18
3.4875089642386774,-3.297653739557325,48.41905718629465,3.275503783855797,1.8169113517557316,18
3.411390947845748,-3.710664362277623,48.57762880145379,3.732183663350229,1.6331131345820888,18
3.170498708509051,-4.087511044628215,49.82474947275602,4.077970258844723,1.2792397107718143,18
3.0699784950640217,-4.175190598709778,53.96317958231992,4.1288262433226,1.1474135754243382,18
3.1219586426357044,-4.340923867135677,57.3145916776837,4.313962252634876,1.1202707965418974,18
3.326904217402142,-4.429743766784671,57.91237640380861,4.454765478769942,1.3131949504216534,18
3.437294718604418,-4.0622970713009625,55.51386534492924,4.067503656231382,1.4916349124608548,18
3.469942434778753,-3.4941320239373,54.72404710301812,3.479445376486151,1.6431765736273998,18
3.435504136595336,-3.2959102159776035,57.04704541380301,3.282930981438116,1.6607304788985338,18
3.378285610450889,-3.654434060150721,58.22614369902221,3.667465593829844,1.538218756891647,18
3.39324140548706,-3.8201453640775855,54.1080294914966,3.8202478930635273,1.502837882851654,18
3.443998990568725,-3.726711456130885,49.22038684101224,3.724028578344381,1.6043982648249693,18
3.5122507113330768,-3.71570135512442,49.93652482902479,3.709635316200976,1.6959742510093834,18
3.4927423090304965,-3.695812666191245,49.02172930735463,3.666310503797711,1.6727914180395738,18
3.4888778152705737,-3.7613799571990967,51.80793843779173,3.736524751351314,1.653539890763145,18
3.438168680143057,-4.206853908562806,54.24504074960384,4.22494113370307,1.4425402962186826,18
3.347484093792034,-4.295730383890979,56.9321238679706,4.324432804899395,1.3145248799953824,18
3.345515333631504,-3.957658706221192,62.45419270737366,3.9688318885347393,1.3811117688065058,18
3.19808878088897,-3.592479290452392,61.26814771448289,3.564115167413866,1.2887435394263114,18
3.0688840623171827,-3.630690574645996,61.32166463024211,3.613194906486655,1.2080150730205033,18
3.144828357036757,-3.664594683257289,56.71380356122869,3.6638681753626416,1.2853905022519176,18
3.158598844360255,-3.642877971601187,50.46547190348308,3.668005608912535,1.3692251713770736,18
3.065214899351012,-3.9455030684201207,52.58402561691572,3.976524416005835,1.199759535069736,18
3.146909973156527,-4.317664062452015,53.36585473114589,4.340791552321715,1.174366070039617,18
3.1063370554702088,-4.3381416542725,55.202546533548606,4.35270679221963,1.1201324830265165,18
3.055928842076716,-4.1609254153269655,55.95891592637548,4.137247877300912,1.0765647213414031,18
3.0743186323897644,-4.169187194896195,57.64159621232713,4.154893665193764,1.0842133453057246,18
3.100243541429628,-4.254933084331969,61.68522907952842,4.253301140647265,1.07087612227074,18
3.106964219291255,-3.750515065103211,61.17141774015608,3.709120485017889,1.1197311428357963,18
3.141792196897591,-3.615692658994183,61.4445804140103,3.602047525861728,1.2042159749276984,18
3.111329216627205,-3.765646750072263,60.99384770903198,3.7789958318074537,1.169617041101996,18
3.112244754467371,-3.933645806222593,58.29409667680847,3.960395619554341,1.1463600104709846,18
3.197668807311628,-3.973883634843167,55.89987813601704,3.9975330544717655,1.249525452559849,18
3.263797047753004,-3.747877155459903,55.70828794083506,3.754219695457124,1.3698977157004968,18
3.3747542084388016,-3.606790610079495,51.9433755694695,3.6050304511808,1.5415464819602256,18
3.250039424536364,-3.994426361419868,51.80755324933513,4.058227515070692,1.3488936431752825,18
3.137135340732598,-4.23217151749809,56.83648914361144,4.253136385911668,1.1665617579933971,18
3.224146280648573,-4.011453124712098,61.02828360503575,3.9962006874804223,1.2555669568619638,18
3.3043540858622613,-3.639892645601957,60.438285011915305,3.6096151819768942,1.3928071088011156,18
3.371722738697844,-3.914334075255965,59.25957016375079,3.937171987017747,1.4281218546741417,18
3.347775864151289,-3.8290037029194384,60.76693336918669,3.854340593769866,1.4471555633364983,18
3.248844927961722,-3.862112846014632,61.99629060277399,3.891232414065664,1.3208812310260816,18
3.2016311456572337,-4.05044226076618,60.544375389626936,4.076533362550556,1.2152149227430236,18
3.297822223519379,-4.034989734865585,58.02973067085699,4.045857492482888,1.3392314955873306,18
3.2632632930323755,-3.926140977151739,57.66446093193391,3.9375069786167742,1.3318548172524882,18
3.200953191181399,-3.9393265757170863,59.437280091099765,3.953873890750813,1.2481780449549358,18
3.1776911492617628,-3.878705317119384,59.01808965431072,3.876734409692154,1.2257184262545602,18
3.1421324906859005,-3.7240635344067456,56.057382907507545,3.714052467226232,1.2429847762269792,18
3.084536135571558,-3.6608815987904864,55.219720900433614,3.663637270717501,1.2147861231797896,18
3.0874925244529297,-3.839452302680823,56.512988972214,3.847269350627682,1.1875451623268851,18
3.0367358885471174,-3.9742731973060272,59.57543722188698,3.970657050234717,1.098599312440404,18
2.9922169604391424,-3.9675326767207695,60.95130406985493,3.9355929617611873,1.032917231883643,18
3.0051114829081413,-3.91655537317384,60.31513890680277,3.885306565266735,1.0430383974651125,18
3.0029772887439847,-3.9569815149847054,60.02069218953451,3.944754859936312,1.030335933907227,18
2.773013927651653,-4.077637675423292,56.576680333359455,4.109707592418358,0.8506928566116961,18
2.717548577290661,-4.078451714425716,57.44971761163677,4.093241925509471,0.8398287330033644,18
2.6175471086921944,-4.250314940446577,61.20153674239632,4.201791292466456,0.7350929199524655,18
2.388072655635812,-4.279066211772416,60.31299156812755,4.208361550696992,0.5644377901119259,18
2.3637726306915283,-3.808506488800049,56.26219940185547,3.797813892364502,0.5247887969017029,18
4.067699909210205,-0.3576692938804626,34.971649169921875,0.2973927855491638,0.3777380287647247,19
3.989078965156701,-3.112243547561062,46.55765052358056,3.265932070981165,2.000341450332836,19
3.894950011733232,-4.1516756646952055,45.618119986953246,4.215914619956047,1.8176127231804429,19
3.814401433726025,-4.179518863653681,43.20550979322689,4.231459025364773,1.741328937232874,19
3.7138118728710583,-4.040785655853854,41.995268098867626,4.090126717925831,1.6963483186284447,19
3.778696901479345,-3.5894728208043776,44.07962094446656,3.617357147727043,1.9507919777730467,19
3.769569731062385,-4.176185756731944,45.874328783363296,4.213264037089743,1.7649588835467198,19
3.7110782246680776,-4.077788185921444,47.08597921869557,4.081718824471638,1.712941624556377,19
3.681923018898933,-3.9951170736057744,47.56618439012272,3.989183269488584,1.7086068346242236,19
3.657925955049551,-4.282216828340179,48.8017041394665,4.294364042342848,1.609866083047952,19
3.561873929515765,-4.600869242552739,49.223111778307874,4.661987854416963,1.4142708459477515,19
3.5170356498402398,-4.510965526483621,54.30864372982341,4.580784903969734,1.4283611037928587,19
3.601656037531081,-4.281684328795998,53.959489299992846,4.308318511695619,1.5419531377257814,19
3.664482629982529,-4.217919222108877,50.24673415748936,4.249235141049525,1.6254590635846375,19
3.625047334440195,-4.276821470564339,48.66393705234406,4.3162166297815405,1.5629136615498052,19
3.556029635629836,-4.188476425826929,49.08178331897517,4.202550143952583,1.515808662791161,19
3.558605148534107,-4.2168717202107615,48.45234371598359,4.238079991310266,1.5139488209584715,19
3.610877336210506,-4.000487233423124,48.67897590102663,4.0001696720244775,1.6542285665584977,19
3.664714559627946,-4.067990725207481,48.43582719450544,4.074640474501689,1.6887020434543585,19
3.660139592589846,-4.02602439625248,47.61154058177,4.027682602025901,1.69125389673148,19
3.6392825469849215,-3.9321468802774033,47.49948008348987,3.92199379623316,1.701154570670644,19
3.634742255423479,-4.213943621155562,45.98211720946488,4.231640946333575,1.611386883790326,19
3.640529561194645,-4.377321203802801,48.24717377097743,4.410636008924739,1.5829498183195758,19
3.544568597890769,-4.36283616047756,53.63766367723987,4.401490329936811,1.4934895790306626,19
3.5036650751806366,-4.409646954506067,55.68555034953318,4.456477590427277,1.3869428649829452,19
3.5829472101418074,-4.314572577263899,52.38834611929146,4.348954771734347,1.5130199634345474,19
3.63887217090388,-4.022811203245904,50.112087589919945,4.034876021609944,1.6701546413883284,19
3.619963094687006,-3.762005228905161,48.47325865630131,3.752235509787395,1.7257474387527272,19
3.6392693762566632,-3.825460459775985,52.75241244370768,3.831052891008413,1.7788807563720992,19
3.7158811168306194,-3.916323696731762,54.16994345112212,3.916834843386511,1.7985849350121368,19
3.7395133850680793,-3.6986957856803935,50.833336386710975,3.699349509682625,1.887902274253262,19
3.7301140135260895,-3.672969957825485,51.383206944556754,3.679439274368772,1.8980360585413163,19
3.6800503442241888,-3.98070085124605,50.99216395578567,3.976984745377948,1.74079378623112,19
3.663316738833288,-4.110154416151108,48.32396629965229,4.117100998094887,1.660647323177119,19
3.703278764797624,-4.177167831712468,47.39140825210863,4.197588583466354,1.6990198193082384,19
3.759584633408079,-4.31523290864981,48.645903131764406,4.351087111576348,1.7162176978056598,19
3.735600843551053,-4.344637898123188,49.46476743175726,4.37841740687182,1.6760342781710775,19
3.693450985440783,-4.215884533657389,52.98639129833051,4.24852986244639,1.6621689773668913,19
3.680636018704457,-4.366770142962219,51.51619304972849,4.404461602496493,1.571038355493242,19
3.649984611827097,-4.163088227533232,51.29810974704232,4.1925429204467,1.614651036869948,19
3.587934050590369,-4.223336474910664,53.566819476473874,4.248826603980581,1.5365904918901474,19
3.4907222523051464,-4.275069971752775,55.557804423532666,4.297373556027747,1.417797935236791,19
3.4730607445832278,-4.02937781431113,57.14688341177193,4.032587370295433,1.4722389423163835,19
3.3391459170420457,-4.462509243351639,57.7452638954114,4.544123652634347,1.232754151532604,19
3.461442575333224,-4.143815198521707,54.74245226914717,4.17555234082945,1.4607445077531642,19
3.592562348979294,-3.91767088015368,52.11604211892292,3.9460441838404177,1.6828933187351105,19
3.57456332103462,-4.061970525486454,52.75426803880436,4.076049385556749,1.6043368494434724,19
3.5185512509315635,-4.065907797236351,51.920620620630345,4.066657798305438,1.5392058616990498,19
3.6445509916657857,-3.56272971402308,52.28285824721026,3.573267953411029,1.851226953184529,19
3.530506817398558,-4.159878141561129,51.17792464821203,4.211370975348598,1.5389762524586594,19
3.426583710749438,-4.424595948237522,51.09991105195064,4.474237041108927,1.3428248083515533,19
3.4616661026219653,-4.315861993534551,52.65622477926265,4.348621915100488,1.4131493811394755,19
3.5375357327187897,-4.151382425028808,55.86220791081715,4.1617408375831175,1.5598654299025323,19
3.561020138916696,-4.015634069017544,56.06031826043585,4.005576804944664,1.616383147847121,19
3.547190017760939,-3.800520909060338,57.366002489806746,3.7974663904518073,1.6450861426675398,19
3.5155170480157163,-3.828460831551035,58.34519756827385,3.836517737929228,1.5914646128939978,19
3.4218995312976235,-4.027885959406566,55.15976153817149,4.028252109600479,1.434573739197604,19
3.3556736548235464,-4.131923590496087,50.76768367305683,4.155587123457793,1.3713832721588717,19
3.513650856200296,-3.853815930664161,50.837839964848406,3.869902088383961,1.6546354126778362,19
3.620099890763592,-3.608750832308629,49.13973284678854,3.6015332580372026,1.8167783029519828,19
3.6224630987568265,-3.437891519753037,45.64334803781692,3.417485677512588,1.8766504822263288,19
3.608230619673516,-3.512380741204426,45.09080959733125,3.478159916628698,1.879077240919611,19
3.562001922328001,-3.801002768194599,48.02136381112845,3.7615840723560106,1.726026713468467,19
3.5073456976823745,-4.159569867856944,47.917112314017714,4.141593438045235,1.526532480671147,19
3.3655083149102083,-4.393761519413845,49.7476556134072,4.418728020540468,1.324329298013335,19
3.298989133470377,-4.412422392778336,55.16133627921909,4.437594462352195,1.252109453176996,19
3.3753259531251945,-4.176087992965796,58.20105340070785,4.184665409622679,1.3504647487288068,19
3.4520333997762886,-3.832331168423792,54.38291355303139,3.8062284205369887,1.5370432943295522,19
3.386112094684771,-3.948264415097085,52.7326222559449,3.948405180767084,1.4446053968113697,19
3.381046876785861,-4.134695329483907,51.72810672346954,4.152213521823762,1.3875924121042724,19
3.404051678955176,-3.77513036150841,49.69306629934128,3.7616095254375663,1.5108712144718053,19
3.410617006812126,-3.469910220735392,47.53403708585508,3.4455764521459105,1.6309525176977655,19
3.3689691792627805,-3.611629434451936,47.21277256376425,3.586414791216517,1.5743234787776967,19
3.299312632554656,-3.88088246667461,47.74782776073285,3.8542963623241255,1.4375662234178774,19
3.298592098199638,-3.9591457327460025,53.00554763891133,3.920896628859696,1.401911384740453,19
3.3893934936280465,-4.133803082119887,53.583794855008456,4.116402115791467,1.4014803702664225,19
3.406451134165381,-4.155526264457945,52.66164405482589,4.152541701201421,1.4247002426985722,19
3.4155896423728604,-4.052364561967789,54.568616053101366,4.048684773171782,1.4426519946687542,19
3.526963716859271,-3.6109735494965967,54.113119307596975,3.602434007984818,1.7057242545352618,19
3.443877432756363,-3.6020826336684504,54.43965457503204,3.5875191749281186,1.6279683356072487,19
3.345620489424201,-3.70594568768884,54.68950794001293,3.6866267319697488,1.4872238932141828,19
3.368692357069367,-3.436899343113993,50.82368148512145,3.4127326330561574,1.5903660339914294,19
3.397862495130794,-3.594345703246487,46.49567194653165,3.605358064554299,1.6546800652886653,19
3.303010355894733,-4.403701764003486,48.97825233799638,4.4558668926263305,1.306095284261521,19
3.3561203449395047,-4.2551443834973,51.73275317052366,4.238593007348906,1.380466786159831,19
3.357203764520633,-4.226868368258142,53.67421377388535,4.219156581125442,1.359554794183962,19
3.2257870276262803,-4.584019676135605,54.60835253964564,4.676286108174902,1.129488390722092,19
3.128547460410246,-4.7221984589935095,55.99686519355533,4.825332796497708,1.0217081050204628,19
3.240043811737351,-4.4980222404382815,56.88154308051821,4.561380562508944,1.156424836747964,19
3.4111018924956107,-4.012901360821572,52.59545366323678,4.019679406645952,1.4720826961432292,19
3.40748864526202,-3.969407928977043,56.00316036734614,4.0009155956802855,1.4933968509078783,19
3.3826703341903204,-4.242517689990389,57.24236917192012,4.2815547110928085,1.3469137606347448,19
3.392800375154823,-4.251905186161115,55.82693831328374,4.283945041097653,1.3583083145178043,19
3.4046981319500382,-4.264623450625474,56.07151041213115,4.296971561043126,1.373630811454384,19
3.331469666426349,-4.330908972746247,56.51761160686518,4.371131180198328,1.2885867372439923,19
3.448311987955858,-4.058651407812811,59.80477331853975,4.102271025347862,1.498811456807859,19
3.488513484881942,-4.205241376427328,58.89116816915524,4.242478288662661,1.4783642246465016,19
3.3859957388252204,-4.2668903891448,58.72974910857572,4.315689217512775,1.3503174083248062,19
3.268801534251803,-4.295551324346263,59.03645086592171,4.3465657082332925,1.2055637024010832,19
3.2361985391871944,-4.215995633678073,58.239093245974,4.24425038258741,1.2014000544882122,19
3.2928829481647277,-3.924568750296429,60.23146431309402,3.944895287228238,1.3207137417641417,19
3.270092669565966,-4.004148856849428,57.38302527263663,4.022514048655322,1.2822706388060452,19
3.3068745576651986,-3.858292950186761,58.283780261969085,3.879084552169607,1.3924701973131488,19
3.27873388217513,-4.034321356730855,62.01913563916637,4.08928749667611,1.3303150682692324,19
3.0991879526976565,-4.272898944320192,61.78915660396503,4.311662686098912,1.084869909438358,19
3.1528207359799905,-4.154125459634579,60.84047871486402,4.175694550678235,1.1876395758549865,19
3.2047182693602934,-3.908841470244584,57.81085333854531,3.9067560867139495,1.2515098775268358,19
3.1358489610586955,-3.944212207368985,57.53902352691456,3.9493967195984654,1.18811585569078,19
3.066659860550219,-3.998114894150168,60.19466701434678,4.008645988573693,1.0980902879860754,19
3.2462981066126724,-3.679701305498744,62.72662273334089,3.6880713632911646,1.3310009947248316,19
3.1964692811297764,-3.675755836401775,62.62556870575924,3.686255072332491,1.291859803685717,19
3.2698671620362885,-3.783562163638461,57.40309126058201,3.8086971143248736,1.3497101182390934,19
3.339041656749264,-3.870059582837826,53.53371290947982,3.898885552290896,1.4424817136898165,19
3.3218192416391554,-3.9385827028068014,54.77158406737502,3.953909626432286,1.403516994160452,19
3.3074934573689845,-3.874339396786538,58.92108669402493,3.876831282475951,1.393346806999984,19
3.247622219620237,-4.145953163219866,62.36249979590155,4.181042628683103,1.2552312764392537,19
3.333943304742217,-4.001123044141541,59.49230957031254,4.0045774696738885,1.365869758994714,19
3.285468131873259,-3.943518108623042,56.66702676274974,3.971071752013674,1.3469689674438192,19
3.1502071930344697,-4.041585849348906,57.673077334264285,4.062916409437824,1.190913953598897,19
3.116779158829124,-4.142216299749485,59.45116759865147,4.149094144250179,1.124086484028275,19
3.0005504219395345,-4.286459391284141,59.02033058701048,4.302626044886887,0.9899164229441602,19
3.0726003586107,-4.160631899621077,58.68281727687569,4.162984459263504,1.0685111679089294,19
3.114641675523892,-4.503630786944348,60.28690061144009,4.595054477643057,1.0130697287571655,19
3.0981946887484018,-4.468490044782121,61.97632399637986,4.518593156413673,1.0185124448909868,19
3.1706259721403662,-4.045087759661827,63.39634847944709,4.04956392421844,1.13353817478107,19
3.2583100993162506,-3.9562338279311065,64.36322288756158,3.973610827877264,1.2490769571559444,19
3.211943568697401,-4.02512395457857,63.0375948134501,4.049154138868781,1.2007466531862878,19
3.3215034023212007,-3.918010849861584,57.67642785333528,3.9400211367637503,1.3488386747943346,19
3.4130106822700257,-3.874667049213579,55.863989034276095,3.914386141831708,1.508994094125784,19
3.420542896173562,-4.002084268885813,58.88947580422566,4.041836055221072,1.4725742552690444,19
3.4100735050857445,-3.9483943471483394,59.36042170919431,3.961654705606451,1.467320276673432,19
3.448040432231441,-3.660134646543272,58.91287109958139,3.6655687663205865,1.5804874775516002,19
3.388607222563142,-4.013492459704162,58.71283070752576,4.055544233625861,1.4292996878836566,19
3.217618038699884,-4.082287484673178,56.73885041741048,4.115162205544246,1.236994340920903,19
3.122192656158641,-3.827525571653041,51.975833261088994,3.847789797813273,1.2234650949004335,19
3.25811701823192,-3.553088394699583,49.09471470535181,3.5487794238290973,1.4582089193307664,19
3.4118256842254837,-3.553245901302168,51.67500606463974,3.5464622260658607,1.656073690979344,19
3.3269309967186818,-3.5457725130069035,57.01884195607174,3.521340675414749,1.5353106222334962,19
3.349374301873954,-3.8931677311089374,56.99305363065879,3.892760957122607,1.436186909675598,19
3.4046153642569377,-3.8583105415295647,54.56326724009909,3.850209555048852,1.5159668755379452,19
3.3600688861433863,-3.755032759563179,55.25770777805597,3.7404179907148816,1.505833590106599,19
3.204866167846,-3.846170527160547,58.82109047956526,3.8422017720094903,1.2973635781342832,19
3.1790274055140797,-3.7914950619837287,57.42615426421926,3.763660225898597,1.283442982442819,19
3.2294439950566383,-3.670177411121927,58.43728406869682,3.657577563243307,1.3679290584697843,19
3.1586326656827493,-3.9991268853473088,61.874131415300326,4.032384712984611,1.2279543982949208,19
3.014960196367495,-4.214317273182474,63.36847543412712,4.2139299022164325,1.0334128726060228,19
2.976668813426024,-4.012650993978902,63.02792411852794,3.9680965007490414,0.9962130803970776,19
2.9554931054449387,-3.960690139964887,62.962138716582274,3.9251550276567975,0.9661788048258256,19
3.0467043545595387,-3.6176475476307512,61.921500576529546,3.5993713391055,1.0975015026748545,19
3.1058064251189017,-3.77484457963591,64.19915018263895,3.8188430154399486,1.1522903298116796,19
3.015603241647125,-3.981170412841117,65.97838694578523,3.995503522787884,1.0410705485920997,19
2.8863980299348286,-3.768154091136469,63.42452327460998,3.764569341756734,0.9478844590247824,19
2.9648412261039585,-3.5254565196432126,60.1299162943652,3.546416398066624,1.083206901884382,19
2.885695928221296,-3.735999919806316,56.96556249241921,3.827818539491884,1.0278807491253898,19
2.805358148684168,-3.8978360230755658,55.667206077818655,3.9860627484169737,0.9652658545287548,19
2.707504403059651,-3.914599064808744,56.688727457811865,3.957417059855857,0.8834767026506426,19
2.5446519699825614,-3.798639938330195,57.15091999321228,3.818328984983408,0.7523060539725482,19
2.4354214668273926,-3.593395233154297,54.44255828857422,3.629850149154663,0.6787651181221008,19
3.820316791534424,-0.9239819645881652,35.520843505859375,0.8458555340766907,1.2126474380493164,20
3.81722837075209,-3.3334612250328064,45.7553288875482,3.4002891778945923,1.841000871016429,20
3.760039136959956,-3.946482325211549,47.16153516524877,3.956847606561123,1.7781771543698432,20
3.743618304912861,-4.094034016132355,48.25858901097224,4.104910300328181,1.7466379358218267,20
3.6791410812964807,-4.188568567618345,47.02757184933393,4.206975667904585,1.647968331972758,20
3.7388030137771215,-3.786236847058321,47.9906327418792,3.804749079239674,1.8573189683449571,20
3.783157348632813,-4.065193873185378,45.34379460261418,4.100205293068519,1.802790504235488,20
3.850936201902536,-3.813817433821849,42.81677529750726,3.834232237094488,1.959992718238097,20
3.8384697620685286,-3.7108090290656457,42.583507831280045,3.733340880809686,1.9963973057575717,20
3.7498809557694655,-3.802096201823308,43.76127345745381,3.793287387261024,1.8536425485060768,20
3.799555763220176,-3.661182852891775,43.4383314083784,3.659349585190797,1.98786648725852,20
3.8701553757374105,-3.699401936469934,44.73106636145176,3.70907999919011,2.0863416011516867,20
3.915557769628672,-3.601733922958374,44.72352717472957,3.600130246235774,2.14965558052063,20
3.8376416563987736,-3.79429131746292,46.00454966227213,3.799773554007212,1.9982566734155025,20
3.746176346754417,-4.159801067450108,50.144645104041466,4.157126231071277,1.7471300241274712,20
3.759804675212273,-4.195054751176101,51.85144629845252,4.202273882352388,1.7455458113780389,20
3.6909632743933263,-3.938548277585935,49.030763283754005,3.927889432662573,1.7226955065360436,20
3.615926562211453,-3.850705463152665,47.59481400709886,3.839875112741421,1.6832035909860563,20
3.6821248072844286,-3.91630835716541,47.02604836684007,3.90752702492934,1.762265397952153,20
3.739903023609749,-3.744914618822244,45.58480756710737,3.7409580594454055,1.8830758852836411,20
3.7395714674240494,-3.5341487786708736,43.864310240134216,3.5151866399324856,1.9597437931941104,20
3.7788659838529735,-3.5083233072207523,44.60389019892766,3.493999041043795,2.0582926777692943,20
3.720528394748003,-3.5242007206647825,48.10841276706794,3.492530608788515,1.9921949307123816,20
3.813605123605484,-3.706898851272388,47.13937884110671,3.686534548417116,2.010389202680343,20
3.799295131976788,-3.7107384388263407,45.8811149597168,3.71025327535776,1.9899720412034256,20
3.688267660446656,-3.943652351697285,47.30598713801457,3.9267271604293423,1.7614579498767855,20
3.634608070055644,-4.17525847752889,48.13906224568685,4.164324124654134,1.6268171469370525,20
3.646428818886097,-4.201536572896517,49.64784666208121,4.199497635547932,1.636641236451956,20
3.674425932077261,-4.025934610611353,50.096492767333984,4.017646068181747,1.7180426090191572,20
3.720448510769086,-3.933705776165693,48.67300534859682,3.927284136796609,1.7850027970778637,20
3.693778624901405,-3.785554794164804,46.74220877427321,3.7791439845011774,1.8064115689351008,20
3.626228372255961,-3.6387559802104255,45.87172510685065,3.61132261233452,1.7877581012554655,20
3.696090661562406,-3.4940058573698387,47.73244202442658,3.4786464251004734,1.9580254829846893,20
3.657822471398574,-3.652723463682028,48.02645800663875,3.617815379913037,1.8664847406057212,20
3.5836969461196517,-3.845680190966679,48.5353761330629,3.809296125020736,1.7058011675492315,20
3.550034848543314,-4.118392146550692,51.21413487654466,4.102474392988743,1.5827972583281689,20
3.5549560510195217,-4.197980513939491,53.265001150277946,4.189486320202168,1.5366643208723805,20
3.560423889221289,-4.004469669782198,50.96267707531269,3.9831102077777567,1.5954606112761376,20
3.6005006478382997,-4.02608845784114,49.635767814440605,4.023751533948459,1.6445230505405328,20
3.701889514923096,-4.055314302444458,47.83682727813721,4.066270470619202,1.7537627816200256,20
3.69677996635437,-3.980436649077978,47.299637818947815,3.9874097995268993,1.75944642837231,20
3.601226832622137,-4.266118245247082,49.40370928935515,4.287343841332654,1.566696381721742,20
3.523534398812514,-4.513886580100427,52.19049468407263,4.561847393329328,1.3956808906335096,20
3.5441304705081844,-4.334455878306659,52.812148778866494,4.352848649024964,1.4845514694849649,20
3.434930813618195,-4.279623716305464,55.23958744146885,4.302896866431603,1.3860529263814283,20
3.426189674780919,-4.256430460856511,54.1980106647198,4.280538448920616,1.3629357287516963,20
3.4602682345952744,-4.217102466485439,53.24125901246682,4.246211553231264,1.4287958022875664,20
3.4817797281803227,-4.189100314409305,54.45166873931885,4.213324626286824,1.461153103755071,20
3.469874437038716,-4.165886402130127,55.94526848426232,4.180869982792781,1.4705788539006162,20
3.328957288693159,-4.385448935704353,58.07549400818654,4.444525947937599,1.2590772188626806,20
3.3299333193363285,-4.078557167297756,53.93436304728192,4.086251692894179,1.33013644738075,20
3.440730117834531,-4.059123130945058,52.84504824418287,4.090317872854379,1.4798110219148484,20
3.5340474446614585,-4.198058446248375,55.01038742065432,4.225741863250735,1.5822547674179075,20
3.4927459114637127,-3.8648033264355774,52.81373958098583,3.8420807031484734,1.5872777562875011,20
3.483122614713816,-3.591201140330388,53.786856137789215,3.568784759594844,1.65218002979572,20
3.450649808614682,-3.687476567732982,58.52933668478941,3.688471691730695,1.6089532444110284,20
3.400929860579662,-3.617782531640469,61.56797350369967,3.6200927281991033,1.5451112863345022,20
3.3929398701741142,-3.3623391114748444,60.42612090477577,3.370458822983962,1.5925263464450834,20
3.417081371331826,-3.3865511753620234,58.24286304376064,3.4069506877507907,1.6609388360610378,20
3.398053606351217,-3.9443321197460848,59.16601513593625,3.991225801981412,1.5100749540023322,20
3.39462293111361,-3.8892853810237,56.638170682466935,3.889248866301316,1.494126870081975,20
3.338198533424964,-4.08283061400438,53.862705548604325,4.115858200268868,1.372662849915333,20
3.333262519958692,-4.21299689855331,53.15465364700709,4.248169617775159,1.3192032927121873,20
3.403992290680225,-4.107772423670842,51.23058157700759,4.122029231144832,1.4367312811888182,20
3.2984430545415635,-4.253715368417593,49.39358901977539,4.295353816105769,1.29843270778656,20
3.3727416793505345,-4.026483694712321,49.36865266164144,4.026869535446168,1.4390516181786848,20
3.3940643805723925,-3.817130593153147,51.12196804926945,3.7985552549362183,1.512701176680051,20
3.41121431803092,-3.953615987912201,52.90936538500663,3.942213339683336,1.4712542967918592,20
3.479813905862661,-4.121144673763177,52.50736128978241,4.119922026609762,1.4994015265733769,20
3.515830530570104,-4.167145637365488,51.33719495626597,4.165367740851182,1.5302817087907057,20
3.5496386962059217,-4.187947004269331,53.07975705464681,4.197462760485136,1.5635657753699863,20
3.5011970737041573,-4.187619041173886,54.77460861206055,4.196858289914253,1.495075915868466,20
3.44200271826524,-4.346391494457538,56.56028806246243,4.391446113586425,1.3763325214385989,20
3.423269965709784,-4.381775697072348,57.400534580915405,4.431803733874591,1.3384249600080342,20
3.443757200852418,-4.087019590231091,56.12818365830642,4.102081317168018,1.4332313277782531,20
3.553889609300173,-3.490300742479471,53.92699307661791,3.500635720216311,1.727283166005061,20
3.5319948440943008,-3.984457529508152,54.11550619663336,4.01647833066109,1.5939371035649224,20
3.395427925464434,-3.860946341966971,53.77056640233749,3.8570481447073126,1.470031004685622,20
3.348902106285095,-3.5982686281204224,52.46032333374024,3.580086588859558,1.502171814441681,20
3.441184228811508,-3.5074169437090563,52.6403018022195,3.495975494384766,1.6554820422942813,20
3.4365116021572018,-3.4941256657624846,51.30866485986954,3.4716329819116827,1.6892712085674977,20
3.31231461579983,-3.870131263366114,54.55471053490273,3.8662205063379744,1.4473322377755078,20
3.240196576485267,-4.084603529710035,55.08192326472357,4.072271542671399,1.2920645811618905,20
3.271807401608198,-3.9171008330125066,53.47136707794972,3.8913864080722496,1.353222602452988,20
3.291105288725633,-3.720727682113648,53.5293749295748,3.694472184548012,1.4284996069394629,20
3.228179375330607,-3.8918983095731496,56.92570996895815,3.887174468774063,1.3125854531923928,20
3.2085448534060745,-4.4664119329207965,59.33449407724233,4.517671994673899,1.142164274668083,20
3.250601938137641,-4.281671955035283,58.061640592721794,4.283594177319454,1.2265534859437208,20
3.287918738829784,-4.026177455217409,53.49336457863829,4.025096526512732,1.3085834980010993,20
3.2756960055766964,-4.056449599755116,50.57366759960468,4.087685496379167,1.3099666940860262,20
3.212938904762268,-4.173941080386822,52.01441236642692,4.198024199559138,1.230142364135155,20
3.145493626594544,-4.1164599259694405,55.14364624023437,4.112599372863769,1.161150972048442,20
3.086575599817129,-4.266016960144043,54.79534012232071,4.275898040869297,1.08095977245233,20
3.158331935222332,-4.053783132479743,54.94905082996075,4.042321764505829,1.1942734557848695,20
3.243626820735442,-3.966383952360887,57.54196230570475,3.9679243167241416,1.2868388554988763,20
3.348610067978881,-3.947645228642685,59.1594451513046,3.961076844961216,1.375555052207064,20
3.471071151586679,-3.7951843188359193,57.60179020808293,3.804507457292997,1.586061853628892,20
3.460825484532576,-3.659694576874759,57.54874359033047,3.666769146919252,1.6072175281170076,20
3.3201915514774814,-4.119477877250084,55.76107885898689,4.160309443107018,1.3336163667532115,20
3.3347313679181614,-3.987859556308159,54.58810681563157,3.9941678964174714,1.3903384277453794,20
3.4159208505581584,-3.8712964546986113,52.96087040045324,3.8713123309306607,1.499031855509831,20
3.438306131424048,-3.859576705174568,51.26652086698092,3.855056434105604,1.5307600727448096,20
3.4302561466510486,-3.865872419797457,51.31596242464504,3.851991635102492,1.5378572619878337,20
3.3573078650694628,-3.885682063224988,53.87898127237955,3.865655400814154,1.452484659659557,20
3.273962736129761,-4.148173967997226,58.38448460896801,4.176770846048982,1.325630346934001,20
3.2417553479854875,-4.058158801152157,57.49990191826455,4.049314287992625,1.272007928444789,20
3.2579897305904293,-3.777388212008353,52.796602836022,3.747539235995365,1.3682459271871128,20
3.2644806259717694,-3.6234109906049854,52.60811020777774,3.604719423330746,1.422364972340755,20
3.317144613999587,-3.943730684427115,54.54413546048678,3.9463699047382064,1.3990033131379347,20
3.388079615739675,-4.158501007618047,58.0631140439938,4.185026951325245,1.4239243177267216,20
3.461810995370913,-3.9344377364867777,59.364011324369,3.946114491193723,1.5301092801949914,20
3.4766313479496898,-3.5263472520388093,56.91614715869613,3.5316991485082183,1.6585598404590909,20
3.266843789663071,-3.6119006841610632,54.31874710474259,3.620753814012576,1.4465192984312016,20
3.1282573602138424,-3.92993175219267,59.11067219269583,3.949836168533718,1.234918111409896,20
3.2060382091082054,-4.210726096079899,59.19090138948882,4.224850966380192,1.2086279942439149,20
3.317983752641923,-3.766279028012201,56.76393408653063,3.757986817604454,1.4332769421430744,20
3.383296208503919,-3.5292253616528595,57.57387073223406,3.5541343750097774,1.5666943452297115,20
3.259473323822021,-4.070029616355896,60.049309730529785,4.107835650444031,1.3089881837368011,20
3.1814244129718885,-4.154101683543278,61.049076227041375,4.163964357131567,1.1970859292225968,20
3.105983078479767,-4.185199554149921,64.28121148622952,4.20354447609339,1.098286405587808,20
3.2722107263711795,-4.069884483630839,62.28246189997744,4.0970121530386105,1.2618825435638443,20
3.4200761608588386,-4.057192924695136,58.02860406728893,4.082165647775698,1.45085554703688,20
3.3891868163377805,-4.2732144624759,56.86428652054224,4.31014439998529,1.3718620767960177,20
3.2392295736532954,-4.501351521565363,57.25701757577749,4.576823518826411,1.157707663682792,20
3.1625415422977543,-4.426972328088223,57.07977950267303,4.482174078623454,1.0892805716930292,20
3.130310533902584,-4.512253422003525,56.06628207671338,4.597173223128684,1.0392208076440372,20
3.177955260643592,-4.421491916363056,55.97630456777719,4.491348284941454,1.112781579677875,20
3.3008819115467545,-4.238524051812981,57.55271549713914,4.292350072127125,1.2734693647959263,20
3.403789709775876,-4.101150317069812,60.37404084816957,4.141817814264543,1.4300237802358775,20
3.3840926060309777,-3.9981762950236974,60.429531904367295,4.012773289130283,1.4171905380028944,20
3.412353118260701,-3.786590337753297,58.184010823567725,3.787128965059918,1.495713233947753,20
3.3093832654830733,-3.6238498733593865,59.51836228981997,3.64568803860591,1.4309673103002398,20
3.21203875541687,-3.647764150912943,63.47706310565652,3.675064692130453,1.3229245589329648,20
3.2202926614345646,-3.974344019706432,64.54894163669684,4.024356374373802,1.25501416126887,20
3.2052568258383336,-4.215720635194046,61.376718912369206,4.249292868834277,1.1879742680451808,20
3.2525309186715345,-3.800386415078091,58.893557768601646,3.7963638993409976,1.3270529714914463,20
3.3436467036222792,-3.5100710881062067,56.4427060836401,3.5129416905916675,1.5045487238810586,20
3.2069918467448324,-3.9543890784948266,58.171720700386224,4.019034425417578,1.308807513652706,20
3.07623799947592,-4.233909111756544,58.84514236450194,4.2751531784351045,1.091660815935869,20
3.196077634126712,-4.015929124294184,54.096603124569626,4.008870656673725,1.2699082654256084,20
3.18440292431758,-4.092578178797013,56.04316290830955,4.108998188605676,1.231661530641409,20
3.117358409441435,-4.392802770321183,60.432936081519465,4.443613969362697,1.075395648296064,20
3.151595305173825,-4.288897202565121,60.06717985104292,4.2949089759435415,1.1036477532142246,20
3.14513659477234,-4.028544505437218,60.544410069783474,4.022815068562829,1.1518139739831292,20
3.1319940456977253,-3.753085558231061,65.14753957895131,3.739891877541176,1.1150795863224905,20
3.2118440912320065,-3.680897989334204,64.70265696598932,3.684232147840353,1.2351058622201287,20
3.2654092923188824,-3.6895658450248914,60.83365792494556,3.709369035867544,1.3411621283262205,20
3.148964634308448,-3.780808623020466,57.833471518296456,3.825751928182749,1.2337185671696294,20
2.9946712713975185,-3.923475717886899,56.5762555049016,3.961530165794567,1.087552987612212,20
3.0030224888752666,-3.9970260109656897,56.922918441968086,4.014336474430867,1.0739207229553125,20
3.101631338779744,-3.9666453875028167,58.04478645324704,3.9591095997737,1.1707517550541815,20
2.9451993948374047,-3.9129348641786814,60.45854981740315,3.8998074241173577,0.998660665674088,20
2.7769951942639466,-3.7426625520755072,60.18654837975134,3.711430353996081,0.8721687258818205,20
2.7049183111924395,-3.893220484256743,57.08333301544192,3.9035617113113386,0.8619063381965346,20
2.5586629372376657,-4.220085926544972,56.60930726467035,4.240130461179294,0.7607011290696947,20
2.3723753369771527,-4.4134897971764575,57.872140811039856,4.386168275123987,0.5972582797209421,20
2.3527631759643555,-4.252353668212891,55.051395416259766,4.19165563583374,0.5775907635688782,20
4.023458480834961,-0.4809401631355285,36.539669036865234,0.4216429591178894,0.546687662601471,21
3.8781414475196447,-3.3987227876981096,46.26272301796155,3.5274782272485585,1.7165765556005332,21
3.762980528366872,-4.261411929741884,45.98790271465595,4.308345721318172,1.616243030780401,21
3.794050844816061,-4.163617711800796,46.38730958791879,4.202667914904081,1.7437693522526667,21
3.822719543408125,-3.8207433896187024,43.90236967037885,3.864609950628036,1.89831521266546,21
3.798192215271485,-3.5272457890021496,42.6729716521043,3.549491463563381,1.977317452430725,21
3.731757631668678,-3.723823813291697,43.31699928870568,3.7219662024424633,1.873155364623437,21
3.740523938949292,-4.095666575126159,45.89466376182361,4.09017680088679,1.7799709615034935,21
3.7109114695818,-4.276529165414663,48.073380983792816,4.282383674230331,1.679348771388714,21
3.6326161531301646,-4.372253518838149,48.6619170995859,4.391970625290504,1.5385191119634187,21
3.670736869176229,-4.376880230047764,48.59651805192996,4.414897136199169,1.5886929570100246,21
3.717777026005281,-4.057121380781516,49.54792032486353,4.073782043579297,1.7519317330458226,21
3.730517900907077,-4.117874695704534,49.60719680786133,4.134416030003474,1.7304308139360869,21
3.743493398030599,-3.935862918694815,49.17790921529134,3.940485457579295,1.792620817820231,21
3.777797225194099,-3.782060892154009,48.05907185872396,3.79236021408668,1.882487755555373,21
3.767728773447184,-3.8860295690022975,46.7935171860915,3.892296103330759,1.8685226486279412,21
3.696295389762291,-4.253234300857935,48.97850036621094,4.268713156382243,1.6708868650289683,21
3.718775926492153,-4.168245107699663,48.80884970151461,4.178424251385224,1.7049654546456456,21
3.769129973191481,-4.104224901932937,48.28139378474309,4.121537923812866,1.7857936574862554,21
3.8011362980573606,-4.2618013467544165,47.942006355676895,4.297083952488044,1.7608921397954989,21
3.775309293698042,-4.211711076589731,46.78513189462515,4.252948333055546,1.7307769824297,21
3.755359337880061,-3.884445144579961,47.95806503295898,3.903387129306793,1.8156267725504365,21
3.675981344320835,-4.045682742045476,51.06704829289363,4.055274413182185,1.698232027200552,21
3.641707606804677,-3.992769222993117,49.454098456945175,3.9821145886029954,1.6563267814807403,21
3.6629677369044376,-3.7428048023810754,46.81756386390099,3.727134686249953,1.7767564700200007,21
3.6747257449688058,-3.7520214624893966,47.45310416588416,3.7400542849149456,1.830528335693555,21
3.5909136533737183,-4.0135399500528965,50.12701479593911,3.986379861831664,1.6561519702275598,21
3.6037378081908593,-4.164746642112732,54.25198356921856,4.158486164533175,1.6227902265695424,21
3.6733043988545737,-4.010112151121482,51.67034442608173,3.9935493836036096,1.7237593088394556,21
3.639260470867157,-3.6257920372180457,48.564086889609314,3.611161468884884,1.7908604664680283,21
3.5638173818588257,-3.750349952624395,49.3557415008545,3.731396024043744,1.6964024901390071,21
3.529228014823718,-4.09377198952895,51.67693712772467,4.079969806548877,1.553803162697034,21
3.513524911342523,-4.168410802498842,51.005089295216095,4.1548183392255735,1.510276232010279,21
3.5847418445807238,-4.07034314595736,49.77828194544866,4.06517173235233,1.621842015248078,21
3.6959814444566383,-3.772598822911581,48.75150377322466,3.7645386243477854,1.8432168975854524,21
3.706401675175398,-3.904273838568957,50.16574121132875,3.9130997290978073,1.821420736037768,21
3.609449221537664,-4.016127219566933,53.37502083411583,4.007334122290978,1.6458789843779345,21
3.5371521772482453,-3.7461401422818503,54.31472306373792,3.713952600955964,1.6305542259644237,21
3.644927559754787,-3.4827384643065624,53.4243286328438,3.481204323279552,1.885229408740997,21
3.5654643774032597,-3.693608164787293,52.573293685913086,3.690779864788056,1.7437213063240051,21
3.536085520035181,-3.607579781458928,50.80231798612155,3.577561806409787,1.7140159209569292,21
3.5606726560837183,-3.634703270899943,49.65418311877128,3.6156380512775512,1.7662097498392448,21
3.5430917831567617,-3.946305999389061,52.22328875615046,3.9283918600815984,1.646128980013041,21
3.5149556826322503,-4.11031391681769,53.69291865519988,4.091372771140857,1.546611181436441,21
3.605699912095681,-3.9522681664197865,52.95491692958733,3.9402467776567502,1.695093448345478,21
3.5994518857735853,-3.836688105876629,51.194653070889984,3.825849766914661,1.7044111513174496,21
3.50525478216318,-4.172090267523742,52.516197840372726,4.195818369205182,1.5065754942404916,21
3.429145236810049,-4.370026848255059,54.84716620812049,4.40531897239196,1.349379272033007,21
3.4192910561194787,-4.108123852656438,53.752838134765625,4.100745311150185,1.410665805523212,21
3.425282670901372,-3.754946523751969,51.74835855532916,3.731043809499497,1.5204126353447251,21
3.4605744649202395,-3.608812931256417,47.313480279384535,3.58858076731364,1.6304862376971117,21
3.5023717880249023,-3.934401140763208,46.26480293273925,3.936894563528206,1.608032391621517,21
3.533203999201457,-4.3624173800150565,47.62075169881186,4.393952528635663,1.5088523626327517,21
3.484362875803923,-4.332620687973805,46.65173484117557,4.341013330679673,1.4554118468211248,21
3.514402517905602,-4.317503892458403,50.485119306124176,4.333358782988328,1.4988637704115648,21
3.539454738299052,-4.091658078707182,53.61339945670886,4.080587808902447,1.5689611771167853,21
3.504172551326263,-3.958432857806866,54.30493780282828,3.94404192459889,1.5438052996610985,21
3.4857135048279395,-3.984098264804253,53.83753549135648,3.970471936922807,1.510918990923808,21
3.540838403579516,-4.0480024203276015,52.00838235708384,4.045897820057013,1.5782166536037738,21
3.4977226990919847,-4.253663139465528,50.06728923015107,4.276916809571095,1.4693286938545034,21
3.559979823919443,-4.2601824173560505,46.74595495370717,4.300680160522461,1.525847279108488,21
3.498231293299259,-3.814517792982932,44.76540225591415,3.8251850956525546,1.5986391519888854,21
3.374604772298764,-3.7100702310219793,48.49963432703263,3.672355972803557,1.5264215469360352,21
3.351626868431385,-4.113995652932387,54.75330198728121,4.09741317308866,1.3845138251781464,21
3.34177295366923,-4.228050782130315,53.75268525343675,4.212535772568141,1.3354734640855055,21
3.376319547494252,-3.9003634452819833,51.12102127075196,3.8666255672772736,1.4591223597526546,21
3.3469571241965665,-4.18887138366699,49.85173856295072,4.223486753610462,1.3524109996282143,21
3.3064307371775308,-4.266864318114061,49.60015996297201,4.293922998966316,1.2905699305045295,21
3.343802250348604,-4.007091571123175,48.56846540402144,3.994811363709281,1.3949049497262018,21
3.424522303617917,-3.7474643221268287,47.50287033961369,3.7207572872822094,1.5625784007402568,21
3.438816956984691,-3.9004217783610025,45.48819757119203,3.887572850936498,1.5451623216653485,21
3.532113510828752,-3.5989574637168498,45.7193011993017,3.5589691049013386,1.7480282806433165,21
3.5630302979395942,-3.875586344645572,50.322478074293855,3.863633834398709,1.7108121835268464,21
3.564582655063042,-3.888608107200038,55.26227608705178,3.865365149118964,1.652330533816263,21
3.6038605463810462,-3.662232447893189,56.78841991913624,3.657696332686984,1.773318567337135,21
3.4228683847647456,-4.189469676751356,58.79121692364032,4.212439738787137,1.4285050011598164,21
3.257736230507875,-3.951943947718693,55.424809186886506,3.93328048632695,1.30415119880285,21
3.361626111544096,-3.915642513678624,51.86350617041955,3.920434242639786,1.4430277041899855,21
3.4438741207122803,-3.826059937477112,52.49420738220215,3.8296058177948,1.5811331868171692,21
3.367646348782076,-3.8752354322335623,54.9209989645542,3.869218236360791,1.473983475030999,21
3.262058343642797,-4.125937364040277,55.74228560618865,4.127676743727465,1.2858708027081611,21
3.332101097473732,-3.8673877486815806,53.72579127091626,3.8425651788711535,1.425483153416561,21
3.403308385457748,-3.7342641170208273,52.08220565013397,3.71933712103428,1.542541725513262,21
3.401750286420186,-4.078477057126854,53.33225739307893,4.104162903932426,1.4442675197735806,21
3.374252796173096,-4.241247433882494,53.98073665912336,4.261434188255898,1.3465258066470804,21
3.390792582279597,-4.04498491073266,51.93528901613676,4.037841012844672,1.4184084840309927,21
3.478922902009425,-3.853790662227532,51.14649361830492,3.8465614227148186,1.5812023220918114,21
3.4730281279637265,-4.248287210097679,50.22004171518179,4.278365612030029,1.4541424604562614,21
3.4948881895114217,-4.014643387916759,50.37791883028471,4.00793026655148,1.5451059585962552,21
3.449812905910688,-4.040368700638794,51.70408288026466,4.050101000529068,1.4958143218969695,21
3.313907953409048,-4.114565812624417,53.57506326528696,4.114858553959772,1.3169161952458892,21
3.2712255716323853,-3.818494399388632,53.530245145161935,3.779928584893545,1.3524393935998278,21
3.302638475711529,-3.7337405375945263,55.30943709153396,3.70431312536582,1.4207775715069892,21
3.289965602067801,-3.788255388920124,55.79871999300444,3.76849307005222,1.3987125135385077,21
3.3488364127966075,-4.123429273947691,55.42976325597519,4.144578456878662,1.3604131768911314,21
3.393969234747765,-4.198116776270746,54.166651285611685,4.218690392298578,1.393520762523015,21
3.320251428163969,-4.173384666442871,53.44795315082256,4.183165623591496,1.335496774086586,21
3.1841647930634323,-4.35695426280682,57.51156139373781,4.403007281132234,1.1467584669589992,21
3.224436536813393,-4.284183422724406,59.14197633205316,4.304595323709342,1.1897162825633314,21
3.2596782583456774,-4.182368746170631,59.87840483738826,4.208196658354539,1.241121149980105,21
3.308460406768016,-4.1515343983968105,60.02084194085537,4.18401131263146,1.2820259485489274,21
3.390573651362688,-3.973137346597818,59.44293019710443,4.0002338993243685,1.4186673813905473,21
3.4739564290413494,-3.6625964458172127,60.53463260944072,3.691860171464772,1.60094126371237,21
3.409720396384215,-3.815093991083976,61.17192818568304,3.8473181999646697,1.503444213133592,21
3.3744112650553384,-4.006328900655104,57.65347544352214,4.044016122817986,1.425762097040812,21
3.3206118207711444,-4.105433574089636,54.22266277900109,4.135441211553719,1.3539152305859794,21
3.26180208951999,-4.367612416927631,56.23407799158341,4.422595617098685,1.2175001104672751,21
3.3116007615358405,-4.12337212990492,55.51215228056297,4.127202718685837,1.3283114586120992,21
3.201152783173781,-3.914712520746084,56.70213963435247,3.924135868365948,1.2484514254790084,21
3.218900451293357,-3.5938085042513364,57.72874925075433,3.5705493291219104,1.329306532175111,21
3.338526930564489,-3.6011033486097284,56.70346421461839,3.607391516367594,1.4747428680077577,21
3.383055278888115,-3.811081111431121,56.56565372760477,3.82432172848628,1.5024773409733407,21
3.418972602257361,-3.906433747364924,58.2068835527469,3.924716118054512,1.5041330624849372,21
3.446837762991587,-4.095611474452873,49.28914375794236,4.124904745664351,1.4847566966827104,21
3.440259401614849,-3.788333360965437,48.06387255741997,3.802522870210502,1.60498106938142,21
3.397611107581701,-3.990552021906927,54.82730625837279,3.999342086987619,1.485167674529246,21
3.3342045025947766,-4.132724945361798,57.45839818318685,4.131755046355419,1.338063906400632,21
3.3210907578468323,-3.972359240055084,56.47055912017822,3.9471046924591056,1.3803070783615112,21
3.150279864286765,-3.880962393222712,59.23786124204975,3.8778547873863833,1.2089885519101071,21
3.256801823774973,-3.678499979850574,61.97028069618421,3.680966199972691,1.3686822927915128,21
3.321791520485511,-4.137913153721739,62.00803639338566,4.21230770991399,1.321576521946833,21
3.309747177820939,-4.090530007313462,61.19407509534787,4.130585010235129,1.32204605371524,21
3.380310003574078,-3.650185954876435,59.655952013455895,3.6608533767553473,1.4733043557558307,21
3.450372388729681,-3.579339472147135,55.81695578648497,3.5888130664825444,1.6074698842488793,21
3.581250392473661,-3.463681593919412,51.4769770304362,3.479317518380972,1.838658861624889,21
3.634657700856527,-3.428131464200142,49.300087513067794,3.439870300965432,1.9259483317534123,21
3.5482491988402147,-3.9156261315712553,52.09617027869591,3.9387771716484647,1.684216806521783,21
3.4333919042196035,-4.306927708479074,55.16612368363601,4.32439410380828,1.3925795157750454,21
3.3964068094889326,-4.279205909142128,54.86256213065905,4.281737657693716,1.3642941927298524,21
3.3429530217097354,-4.202297265713031,57.99039877378025,4.214709777098435,1.332285507367207,21
3.2970591386159263,-4.077110211054485,61.56756655375161,4.09356180826823,1.3005359768867493,21
3.319177725376227,-3.83676609931848,62.66337715051113,3.850722098961854,1.3668700777567353,21
3.3922368563138514,-3.665405456836408,60.65063212468077,3.6855317996098456,1.4865527153015123,21
3.4119507991350613,-3.648954368554629,57.85806333101713,3.669668627090943,1.559274678046887,21
3.3017030220765347,-3.8112567907724606,58.27095017066367,3.8302753185614544,1.41174025871815,21
3.2212981489988475,-3.9106321930885306,60.99559813279372,3.931658529318296,1.293057806216754,21
3.078875388854591,-4.236523163624296,60.16308730687854,4.275816929646024,1.0852740238874412,21
2.9465816861543903,-4.320006896287968,60.02222119844876,4.32695629963508,0.9589937336933924,21
2.922727869107173,-4.177955334003155,59.99532904991736,4.1443161964416495,0.9363703590172988,21
2.965580535240662,-4.008838840020008,56.99947159106914,3.985411515602698,1.0081393703436237,21
3.0433031045473538,-4.119865319667718,59.33284691052559,4.132347730489878,1.044205754231184,21
3.1715097656616784,-3.824475957797128,60.50268796774057,3.8106589454870994,1.212281128534902,21
3.237230780797127,-3.834651436561193,59.49434109223195,3.851410679328136,1.2734346603735898,21
3.256918728351593,-3.768952091534936,58.02723916371665,3.778547883033756,1.328672269980111,21
3.2936980174137998,-3.6030634549947886,55.87505428607648,3.612034192452064,1.4216988911995518,21
3.297809504545652,-3.631939797829359,53.38107194655981,3.6358391657853737,1.4692023044977434,21
3.2070578611814056,-3.4783684687736702,57.51652712699692,3.479218547160808,1.369294819159386,21
3.297188561696273,-3.795106195486509,57.500960276677056,3.808352598777185,1.401426931986442,21
3.096022428610389,-3.6345487863589607,60.5272833017202,3.621297964682951,1.2838601087912558,21
2.91060138360048,-2.6259714365005498,63.452953460888985,2.524180539143392,1.0738208889961245,21
2.8021188149085416,-2.63191722906552,64.05526366600624,2.5381435522666265,1.0739710147564214,21
2.7448851450895653,-3.3901960421831165,61.95842503278685,3.337819347014792,1.0785442139857857,21
2.729604109739646,-3.4247634533124085,57.79515975560896,3.4789736515436416,1.0519733918018823,21
2.494577118983637,-3.436903710548694,52.797504498408415,3.5648329257965083,0.9226155441540952,21
2.398050399926993,-3.6711156368255615,51.367643600855125,3.774250553204464,0.902419631297772,21
2.5377548275849744,-3.9959345093140217,53.99789851751081,4.075570913461537,0.9339946340291924,21
2.716381549835205,-3.9086647033691406,52.71962356567383,3.927336215972901,0.9686526656150818,21
4.028713703155518,-0.3117462992668152,33.98874282836914,0.2387341856956482,-0.0586192198097705,22
3.9090600505951913,-2.521899798608596,45.35619949833039,2.6040105389010524,1.807643601202196,22
3.875144966187016,-3.483927559083508,42.864236105642014,3.5095525203212614,1.9928059708687569,22
3.9257636239451754,-3.7940048833047193,43.48809164724042,3.874731443774316,2.0608341109368107,22
3.853125244571317,-4.184291796530447,44.12779275217364,4.251986319018949,1.8336899403602849,22
3.9027687195808656,-3.924230283306491,45.34936092745873,3.995428608309838,1.9803239184041177,22
3.847684074217273,-3.99931148405998,45.75194310834331,4.047781129037181,1.8732408108249787,22
3.778809405911353,-3.90711509489244,46.68754169094947,3.924534600780856,1.820342505362726,22
3.757483740775816,-3.9120268006478582,47.01286448817099,3.918769988706035,1.8078548139141453,22
3.748117214633573,-3.874343219880135,45.97961332259639,3.8779035568237306,1.820524463345928,22
3.7207410643177647,-3.727081283446281,43.20375294839182,3.7234166975944274,1.860808003333307,22
3.7133871324600713,-3.921950444867534,44.59157960953251,3.915158400997039,1.8112366430221063,22
3.719237687510829,-3.9746118699350665,45.934261986517136,3.955809480913224,1.7901626402331936,22
3.732499244136195,-3.7567707369404455,44.81002300631615,3.7281648112881567,1.8575152043373355,22
3.781524219820577,-3.640720155162196,42.75790045953566,3.625722137574227,1.9664501451676888,22
3.8235712589756137,-3.7204495399228983,42.29174447828724,3.7179896523875575,2.013842290447604,22
3.801523474724062,-3.9122039364230248,43.854649303805445,3.9001656086214127,1.918765139579773,22
3.760877421594435,-4.3473887874234105,46.84752864222373,4.358632419955346,1.7156426698930802,22
3.696822507919804,-3.99458805822557,48.34787452451644,3.9787617452682986,1.7232328184189336,22
3.605130929331626,-3.886840994127335,49.27063807825888,3.866393556902485,1.66219842280111,22
3.5386895748876754,-3.849566013582291,49.96836594612368,3.817865963905088,1.6005279671761297,22
3.547045709240821,-3.5399820127794817,46.83065788515152,3.5010332461326352,1.742245637985968,22
3.606208332123295,-3.481823073664019,45.33255639845325,3.449208685659593,1.8785025073635964,22
3.582491631661692,-3.894452276537496,47.8791736725838,3.8677672663042624,1.7260038098981303,22
3.593666564264605,-3.9119237545997865,50.12680152154738,3.871320887534849,1.6967959788537794,22
3.5569950303723736,-4.116730443892941,49.53417734945974,4.109244854219498,1.584793190802297,22
3.458669174871137,-4.275981084762081,49.057354613273375,4.287924892671646,1.421938697753414,22
3.5145729126468783,-4.042182039445446,49.95250657604586,4.027999382634317,1.5542973764481085,22
3.6507177952797183,-3.810289249112529,47.44391824045488,3.799894239056495,1.7867332943024177,22
3.73003346074012,-3.598156872103291,46.35823531612273,3.586115600216773,1.9541843029760544,22
3.7351114134634695,-3.6459305824772006,45.77651140766759,3.625079562587123,1.9289539744777064,22
3.638037204742432,-3.531047487258911,45.67968521118164,3.488137578964233,1.8662615060806276,22
3.5494421682050152,-3.50638091025814,48.69114842568675,3.4457195235836893,1.7836658800801923,22
3.59961810265818,-3.799459851172663,51.88306193197928,3.7614139649175833,1.767905746736834,22
3.5688219531889884,-3.934490491497901,52.954599958850494,3.895622068835843,1.675323563237344,22
3.511274653096353,-3.8325041032606553,53.94232633036952,3.796915369649087,1.619795307036369,22
3.533409720082437,-3.8253807390889816,53.36258109308058,3.8032015108293113,1.6320849649367797,22
3.575263487908148,-3.775346752905077,51.60122225361486,3.761454986756848,1.703903152096656,22
3.559588916840092,-3.7157046994855327,50.25064200124433,3.694137565551266,1.713724717017143,22
3.520836288698258,-3.70776239364378,48.65803766558248,3.679288679553617,1.6805793554552138,22
3.621622362444478,-3.40573981500441,46.86943312614195,3.3753090596968125,1.9152372960121404,22
3.631859630154025,-3.5068654598728317,46.06942820395193,3.4832460218860266,1.9078428499160267,22
3.65733310791754,-3.45592492165104,46.077281459685295,3.4136446845146917,1.9340671977689192,22
3.717441837249264,-3.367406608212378,44.97148075719034,3.343856690006871,2.057695914853004,22
3.652768345802061,-3.664424628596153,44.83029952510711,3.62623402995448,1.8839145952655416,22
3.5631413844323925,-4.212588017986668,47.934516045355046,4.196876802752096,1.5792264746081437,22
3.520337435507005,-4.048838827686925,48.99341903194304,4.002753036252914,1.5605279984012728,22
3.3679051168503307,-4.002921199798584,50.93599932270664,3.977487636381579,1.4254679610652314,22
3.3441223344495223,-3.8279306611707127,54.07972771429247,3.803283882141113,1.4325461018470032,22
3.567923344335249,-3.5445455212746904,52.59313930388418,3.5442453968909486,1.7844792935156062,22
3.643507703658073,-3.6126036490163496,49.05781727452432,3.605694017102641,1.8780666205190844,22
3.617913256922076,-3.658479832064721,52.188372605846766,3.64682507668772,1.8383637974339155,22
3.559179999751429,-3.748146174030919,54.05642395019531,3.716415243764077,1.7193896585895168,22
3.4871544853333503,-3.7902018639349193,50.35084376181323,3.7603993123577513,1.603830748219643,22
3.456688165664673,-4.080026186666181,46.54764517507245,4.086089038848877,1.518906181858432,22
3.450870621588922,-4.056951615118211,49.06167405651461,4.04152250289917,1.5245223891350532,22
3.471698033425116,-3.8912647754915297,49.56780235536637,3.852538413386191,1.565820701660649,22
3.41619739993926,-4.051032366291171,51.5804119479272,4.052534289513868,1.4713411515758874,22
3.37918512282833,-4.388006905586489,55.45675597652313,4.4177038131221655,1.3140163237048732,22
3.414589412750736,-4.445936486028856,55.72297616774036,4.48249272992534,1.3264370764455486,22
3.465838578439528,-4.217511330881426,53.85998387490549,4.223993424446352,1.4502883995732956,22
3.437721381648894,-3.9735253195608817,53.62503659648281,3.967652797698975,1.4804635486295143,22
3.4373390674591064,-4.132206249237061,56.02868347167969,4.158111000061036,1.4400185585021972,22
3.409139837757234,-4.247985036911503,56.03210476290796,4.280320604385868,1.3712741128859984,22
3.4032610662521856,-4.052526987752606,53.90498273295741,4.0723862278846,1.399892733173986,22
3.506787961529147,-3.708253552836757,52.76935638919953,3.7212967488073536,1.653548059924956,22
3.3765899258275183,-3.77066833280748,51.3930069708055,3.773308011024229,1.4992236052789991,22
3.3427943198911607,-3.921453091406053,46.67532769480061,3.927937364578247,1.4412318321966355,22
3.468162605839391,-3.5353031912157604,43.604596931703625,3.50733004693062,1.7098440177979015,22
3.517194303389518,-3.631653316559333,45.48000709779804,3.61238488689546,1.7659674552179134,22
3.37027217495826,-4.011682994904057,50.38151734875096,3.972252138199345,1.4653868252231224,22
3.1860056246480637,-3.974018558379144,53.22451828987368,3.9215302851892297,1.265542641762764,22
3.332458680675876,-3.546860348793768,50.86303528816469,3.490811474092545,1.5442614040067122,22
3.397595344051238,-4.071951201654253,51.61248737458261,4.08418041967577,1.4729061849655634,22
3.376216591558149,-4.2107611748480025,55.2875098197691,4.217756145231185,1.3983925211814143,22
3.3482722620810232,-4.232018255418347,56.555237431680005,4.237659931182861,1.3236622464272283,22
3.3520763351071268,-4.217428225855673,54.89951796993133,4.223923421675159,1.320422447112299,22
3.40604011781754,-4.1014190489246,53.30892442272556,4.104041847105949,1.4346266646539012,22
3.2812515458753038,-4.318498762192264,56.78799711658108,4.377156076123637,1.2563535205779546,22
3.354906175982568,-4.172124216633459,53.52782378658173,4.192097239340506,1.3462635317156386,22
3.2905830952429,-4.060661377445344,52.52630566012476,4.1002910983177925,1.350260323093783,22
3.1692530647400887,-4.106449976275044,57.16009676533361,4.119494438171386,1.1912915798925583,22
3.1828301368221146,-4.114749062445859,56.98902287637034,4.101499523655064,1.2022531455562944,22
3.0433731448265817,-4.3394952958629975,57.08930408108619,4.373110531222435,1.031886979841417,22
3.1453851284519323,-4.197410697321738,55.87002098329605,4.206792631456929,1.1526872434923732,22
3.31374893649932,-3.8183276345652897,54.02760967131583,3.812497377395628,1.4069960886432296,22
3.410673029192032,-3.891995225414151,53.10636232437626,3.908386507341936,1.4876124297418905,22
3.4394727491563364,-3.998266698468116,51.7595827410298,4.01033597453948,1.4866273726186443,22
3.427536433742892,-3.749836281807191,48.50828239687027,3.73437653818438,1.5633068715372394,22
3.4045075770347357,-3.454855938880673,48.89654762514177,3.419138966837236,1.6310725150569798,22
3.482606080270584,-3.3924220838854384,49.60308210311397,3.3528909144863,1.7658296938865436,22
3.468316395052018,-3.887421066530288,56.1466108260616,3.899434255784557,1.6388096147967928,22
3.301415738751811,-4.263633992595057,62.67985470679499,4.2913644882940485,1.3271798718360155,22
3.161915540695191,-4.255668544769286,62.871675872802726,4.270197868347167,1.1526772499084477,22
3.30328223474564,-4.037723925805862,60.54495637955207,4.039824421175066,1.323432857759536,22
3.4262608405082453,-3.91691489373484,56.37628961378529,3.911215220728228,1.499790549278259,22
3.497960835118448,-4.07197496967931,52.81958495109311,4.090671683895973,1.5353818270467945,22
3.4927272104447886,-3.934434819990587,51.25001095187279,3.9440050278940486,1.5640879884842906,22
3.413009477430773,-4.008419682902679,52.08642964516919,4.018796930005479,1.458303120059349,22
3.3287231460694344,-4.269122043732674,54.44090384206464,4.295415546048072,1.2970478980771958,22
3.4013128511367308,-4.220662040095176,56.517523488690784,4.235706329345703,1.4005118185474028,22
3.364786335729783,-4.424777175534158,60.41813770417247,4.493302769814769,1.3215776720354626,22
3.341162389324557,-3.8841605847881735,62.44800958941059,3.90317668760977,1.362415429084531,22
3.2988269882817423,-3.87250367133848,61.81602101479808,3.924976527306341,1.324523314352959,22
3.2084877275651498,-4.27297326057188,60.70699489962669,4.330254683956023,1.1919990739514748,22
3.1652109238409225,-3.8888164874046063,56.516333303143874,3.877552709271829,1.2194068931764177,22
3.12987723042888,-3.948629703829368,57.32406761415547,3.9656963686789264,1.1872812025008652,22
3.147182844531152,-3.9235195944386154,60.185823625133885,3.91600275808765,1.1926515809951288,22
3.170132598569316,-3.875998203216061,58.63301974881079,3.8684693690269234,1.2157443331133932,22
3.163944507414296,-4.02804014759679,54.61316538164691,4.042970543522989,1.2024615387762752,22
3.25607108300732,-3.994433649124638,53.50157079389018,4.00383097125638,1.3266819369408387,22
3.2279205937539377,-3.9046066991744506,56.05216411467521,3.9084581144394415,1.3095835808784733,22
3.239442866848361,-4.064681569991573,60.75787643924837,4.088689038061327,1.266331397333453,22
3.3618405972757657,-4.258526232934768,60.96233370381015,4.3024998018818525,1.3179018228284785,22
3.4331187525103166,-4.110753720806486,57.62887196694648,4.134973645979354,1.449573796795261,22
3.3807185926745014,-3.702733285965458,54.66711019700573,3.700295086829893,1.47848048902327,22
3.3761888288682504,-3.689258003234864,51.72350535238943,3.691161715599799,1.510495165855654,22
3.320323911789924,-3.8064033646737383,55.289158950313485,3.814265715691352,1.4474218568494237,22
3.312568376910302,-3.633319157938805,55.57328129429973,3.605768754405362,1.4536823280395992,22
3.2774068263269243,-3.3692499483785325,53.200949441232986,3.341972678707492,1.518126864587107,22
3.223633696956019,-3.491513759859149,54.73729582755796,3.4874544989678187,1.4338501922545892,22
3.2318215031777657,-3.963724007145053,51.5387146242203,3.9679800833425225,1.3579483793627831,22
3.213755313811764,-3.929913888439054,49.54448795933876,3.9157834114566894,1.3493015735380114,22
3.2624242090409803,-3.7487450845779913,49.21761678880261,3.714273629649993,1.4212534712206932,22
3.3925604343414317,-3.706698942184449,50.87388916015626,3.6760653495788578,1.559177470207215,22
3.4951481972971274,-3.6632199441232975,51.58337377732799,3.6399264797087625,1.6734892168352689,22
3.497640843545237,-3.5256661799646194,50.63198766400736,3.493326630130891,1.733414742254442,22
3.4861413263505505,-3.5733878597136464,55.17286044705298,3.548542545687768,1.7035407550873296,22
3.4859814659241706,-3.782738387200141,56.16876917193012,3.7579737386395857,1.634974023603624,22
3.3815998431174976,-4.348871732527213,55.45635897728704,4.397754669189457,1.3465174698060536,22
3.234507691475652,-4.237443585549625,55.97173186271423,4.268754620705874,1.2180191470730697,22
3.214367386602586,-3.726549805364301,56.049510980421495,3.699450488244334,1.2920796363584457,22
3.21816730653086,-3.6365245726800746,54.968996232555774,3.606522898520194,1.373214174086047,22
3.057561094530166,-4.034242350055329,59.86366673131147,4.04432000806255,1.128048674521906,22
3.0523993569035683,-4.2059057389536205,61.431250442997104,4.192034484494116,1.0545000722331386,22
3.0286009542403685,-4.239166905803065,59.938722672001006,4.228069474620204,1.0130361626225133,22
2.982134111465946,-4.096824507559498,58.0854867504489,4.080073042838803,0.9976349065380712,22
2.9720537677887946,-3.913400047056137,55.78518922867311,3.9071352866388143,1.0271006914877123,22
2.9449099325364645,-3.989752914059547,52.90484087544101,4.022050879078527,1.037357195346588,22
3.160789111352736,-3.8043754992946495,55.4081063055223,3.817269734413393,1.2759342239749043,22
3.195037887942406,-3.724681462011029,57.33035376764113,3.718996340228665,1.3046736794133338,22
3.046039376720304,-4.109783840179448,58.15499936995969,4.136201384759724,1.0910206763975057,22
3.047157658300091,-4.251790052844634,58.805546397547566,4.262809255046231,1.0521108112027555,22
3.2344842880002918,-4.002548328522713,57.39498436220231,3.999479778351322,1.2752584503542992,22
3.17972408263914,-4.056351101783014,54.89212560346049,4.069880636276737,1.225708533102466,22
3.0119449015586603,-3.759715272534276,57.5378570556641,3.7610954084703967,1.0624776694082445,22
3.0469659159260423,-3.593154879539243,60.50653280442762,3.550050374000303,1.13759116434282,22
3.1084952523631437,-3.763751254543181,61.775212269444616,3.757246058987033,1.1751678774433751,22
3.1222778935586253,-3.8735898371665702,62.50232103409306,3.874950127447805,1.1562565526654645,22
3.1510742618191627,-3.684420334908269,61.7911188925466,3.681627024373699,1.2175935806766636,22
3.108228552726008,-3.42835851638548,57.31574889152283,3.446711394094653,1.261708190364222,22
3.056665394383092,-2.9245930025654454,54.917283728814894,2.9783650998146305,1.3057467960542248,22
2.8435275077819813,-3.079490675464755,57.27446522866527,3.1190291558542578,1.2182589261762544,22
2.6722224404734947,-3.2369347464653737,60.503909572478285,3.235064375785087,1.0710002806878858,22
2.593244468012161,-3.106501557750089,61.49720545122698,3.0858471270530474,1.002389820929497,22
2.39923357963562,-3.1857306957244877,56.81027221679688,3.18470311164856,0.9030910134315492,22
3.970794200897217,-0.5873264670372009,37.11530685424805,0.524461567401886,0.6427605748176575,23
3.8723095616484,-3.649220943450928,46.671710494297,3.7702338539696982,1.5995627322228123,23
3.796316120359633,-4.190982248268876,43.41287518170924,4.239048228544347,1.656561201693965,23
3.8239935472899793,-3.714532744650748,42.49338217342601,3.756834951101565,1.9084782600402832,23
3.901956784179787,-3.4519884851243763,45.6193144804512,3.529391665863835,2.1273349437838287,23
3.8930720503813294,-3.709435148176804,45.06632265078476,3.755244660221673,2.0546391010284424,23
3.894222264196359,-3.6205038042629463,44.123596789790135,3.648431436688292,2.0928918006373385,23
3.90918641464383,-3.616830439349405,43.38627953622856,3.6334348628723534,2.116220541249693,23
3.901249980614856,-3.6738799740286434,43.000106013678256,3.679879258660709,2.084669392093334,23
3.8229423691244686,-3.9449774237240063,43.955758936264935,3.943717030917897,1.921152346274432,23
3.734565593058767,-4.224440291036967,47.50864624821283,4.236054997038997,1.717576515440847,23
3.842239750756158,-3.937939107807633,50.40330256044475,3.9778934101653256,1.9380059966854024,23
3.8399215492547727,-3.703533495173735,46.77567044426413,3.715745715533986,1.976047667802549,23
3.820660521002377,-3.870414744794758,45.55698978199678,3.88841178370457,1.917922541986104,23
3.7656053592956154,-3.971320794298758,46.98051293067683,3.976249486013176,1.8237342889012853,23
3.641128572763181,-4.287595571256152,48.99936705944585,4.305112128164255,1.5961955271515187,23
3.515517462312786,-4.571679869508431,51.49085193210178,4.634931611079796,1.364249592513041,23
3.593823512395223,-4.178306950463189,50.50580512152778,4.192931334177653,1.5711709790759616,23
3.614573506747975,-4.005889780381147,49.188175201416016,4.002649223103242,1.647359665702371,23
3.665230213427076,-3.7425640689002138,47.777773888282525,3.7276553749259,1.7919782033932758,23
3.638659975887124,-3.648583072462893,45.77729809829612,3.6320359348471647,1.8091197473550933,23
3.567254202038634,-3.646953863256118,45.68011639164944,3.6069160115485097,1.7459873919393505,23
3.593711678498711,-3.7365168169433,48.46919746648253,3.69729759646397,1.7613288016101114,23
3.6192566288842096,-3.9313639550427206,49.15941572500989,3.8971318544126015,1.7250379246044782,23
3.605212047988293,-4.222179431541293,49.70721248551911,4.213034050137389,1.5996424754460652,23
3.625677239661123,-4.420513682895237,49.00321960449219,4.450282053230635,1.5367144392985923,23
3.6106132572772456,-4.249577248018552,48.45083777733098,4.2710546294068985,1.563635180978214,23
3.617043607375201,-4.025899845011093,48.27925760605756,4.02727058354546,1.6252451153362504,23
3.684142927718319,-3.872137711718192,48.58612534267451,3.870782623104021,1.7760981983608672,23
3.74441899505316,-3.85131191739849,50.75250580731561,3.8548082183389103,1.8746643596225316,23
3.714285317589255,-3.748713614893895,51.52204341514437,3.735638426799401,1.8600317426756312,23
3.638178557352303,-4.129516891404695,48.37135636572744,4.141447032978332,1.6236533830368438,23
3.5782662731370114,-4.170042929306529,47.69223226908765,4.182174875845317,1.5677479482164571,23
3.5673727895699296,-4.179279065599628,52.04623293409161,4.187899309046128,1.5694637812820136,23
3.538750436570909,-4.393354839748807,56.70777893066406,4.420623620351156,1.471063878801134,23
3.443161602892906,-4.663944845885233,56.48365499459061,4.7426774236891,1.2795996549082738,23
3.484406793818754,-4.312491164487951,55.02943936516257,4.347577627967386,1.4226925022461834,23
3.531626771478092,-3.977605062372545,53.43705734552122,3.983710949717005,1.5594590902328491,23
3.606872150321412,-3.9924168726977194,52.38055948494306,4.004964674220366,1.647597193717957,23
3.637791184818044,-3.794609499912637,51.677782470104745,3.799950094784008,1.7445783287871115,23
3.604974651648328,-3.5243279559939515,51.35774929071563,3.5093020707174065,1.7827794076570498,23
3.599709436005237,-3.6645013584810138,50.542742685554856,3.6491420409258666,1.775644246269675,23
3.5403788931229534,-4.251236644445681,50.76698983884325,4.263609764622707,1.522985021273295,23
3.520528561149548,-4.207831744275061,50.346385182898025,4.205667536243114,1.5041788169761112,23
3.5515496528226564,-3.907780145508012,48.72361695532705,3.8883724119149,1.6140370626075595,23
3.5660154118257408,-4.067483256844916,49.35851242963008,4.070631952846755,1.6110396946177752,23
3.5285113340888925,-4.142643775815277,51.1443939458311,4.15131557065677,1.5191918471280266,23
3.5223250108606674,-3.378958318747724,46.01022418651703,3.353994015774693,1.75489782274159,23
3.491010497598087,-3.392455970539766,44.42546051623774,3.3666887891058828,1.7772765229730043,23
3.554780110814213,-3.7126221547718927,47.71632073595634,3.677906829547259,1.7655868951012108,23
3.3823790191824923,-4.284751904556174,51.988398483376095,4.312034083347694,1.4111713093090683,23
3.271833101908366,-4.59385855992635,54.03397750854492,4.662808736165363,1.22422198454539,23
3.398044402303259,-4.271368899376564,52.16371002695919,4.263249540640639,1.420434307428746,23
3.4249502225638992,-3.873649399264965,56.067774704079234,3.854928962545457,1.5352515270507412,23
3.4394765461192414,-3.684552360983455,56.40186040541703,3.652566082337322,1.5560725226121797,23
3.4514896293091617,-3.721887571359772,53.52808203105054,3.708541133045372,1.5780848942550958,23
3.472051135854784,-3.807800525154164,54.22905382143908,3.805862612194485,1.5910863081614186,23
3.5344540839101755,-3.868288998510324,57.44741133147595,3.874561856774723,1.6491041978200276,23
3.496304948345508,-3.9694803836298926,55.81310294656191,3.954981744678971,1.5580619955374515,23
3.414893161237629,-4.015989434485342,52.620651644039775,4.011880238850911,1.452654431847965,23
3.432013787475287,-3.689817624933578,55.50093796673946,3.68230273209366,1.5802696288800715,23
3.444894963619756,-3.7386320322946784,54.41197855332319,3.744210849400439,1.558875824111739,23
3.356830822876076,-3.8108368293911807,50.13065587461385,3.8088233579997146,1.484381218361699,23
3.363861546796911,-4.049582088694852,53.45440763585707,4.051445624407599,1.4162157914217783,23
3.39057134179508,-4.312353676440669,52.54975509643554,4.331299691418416,1.3634118854609971,23
3.510615256876728,-3.736841362286235,48.704978568881145,3.7144548705979865,1.6660955022363115,23
3.54223570169187,-3.646554647707472,48.19332698747224,3.63580854733785,1.736784023397109,23
3.539487011292401,-3.8810153661989713,50.80811511769016,3.862972635069705,1.651375161276923,23
3.5474841329786515,-3.9298441410064697,52.12707477145725,3.9067111015319824,1.626372297604879,23
3.582763891594083,-3.855242523492551,53.44424954582664,3.835906323264627,1.6962853786992091,23
3.631369028216094,-3.8579726094513935,56.04153754041086,3.853796957365049,1.7554143277648226,23
3.605854838502173,-3.922412136800929,55.40276229459475,3.908100760840124,1.6916764951219738,23
3.4886405608233284,-4.19977819218355,52.47396222282859,4.218656960655661,1.461095277000876,23
3.304190726062051,-4.273120596517924,49.98927347021165,4.319779685899324,1.2747116704392272,23
3.1942406043507696,-4.291628161286996,51.41711380902458,4.323985420800502,1.191126481380338,23
3.2364164614209945,-4.189761685390097,55.18554979212144,4.195366120805926,1.232329092773737,23
3.320838593190013,-3.828988106422174,52.51079267614025,3.7975436098435336,1.4067504974751697,23
3.322253951839372,-4.018598808961757,50.57863522199246,4.029216613644869,1.3757230464149923,23
3.3540395474901383,-3.9897865501104617,53.73095920039157,3.986813909867231,1.4265264483059152,23
3.4115942132239248,-4.125395188923755,55.89510400310841,4.137156121871051,1.4205952376322029,23
3.409846129760244,-4.055742355733134,54.793082742130046,4.057218719931208,1.4290905598721475,23
3.377481095931109,-4.001001890967877,54.229892057531046,3.9977878682753656,1.4161736334071429,23
3.371565332599715,-4.329924053615993,57.81267106299305,4.366817941852643,1.3360198058334054,23
3.383221472010893,-4.339544230816411,60.09431230632308,4.3791062847461575,1.3501474335302714,23
3.391757506950229,-4.404752460180545,60.66998440611596,4.466366870730531,1.3300833795584883,23
3.3664244016011557,-4.14958137936062,59.26541603936088,4.181178781721323,1.34303006860945,23
3.2803905493293697,-3.959317520552991,57.44637156467812,3.975146197026073,1.2961919946608182,23
3.2023919563667445,-4.095168646644143,57.360010259291705,4.127114482954436,1.1925953743504545,23
3.2746959075429083,-4.277501685946596,57.40423883176317,4.316516888687034,1.240710016948725,23
3.306077608096054,-4.28468307482651,57.27521235646765,4.3200730342491,1.2756464933258254,23
3.3085417046266445,-4.423860970665428,57.14672716926125,4.495191994835349,1.2310292229932895,23
3.276399830587549,-4.295065406101203,56.28136010263481,4.346450359992732,1.2247575451346004,23
3.3416753890467628,-3.993936183405857,55.90208193211774,4.023721129286523,1.3588940583023374,23
3.5280281235190003,-3.830802417268941,56.36134555293064,3.868283608380487,1.6301970154631371,23
3.5516428043639734,-3.902432323281281,54.36426252477307,3.9073842802858025,1.6387362565869596,23
3.501164645151376,-3.5924592376534465,51.03141096526501,3.573438289118749,1.672210307682262,23
3.442459653405582,-3.537830581852034,56.71325257245231,3.5294787276024917,1.6443195226145726,23
3.4134645384121565,-3.3225540086334813,61.64633358226104,3.3085950231240453,1.62875152958764,23
3.4330442216661243,-3.1634379181207404,58.93798252180508,3.179688430299947,1.703944262336283,23
3.4581359835232,-3.352649562499107,54.62134753956512,3.3838381907519217,1.7529820834889118,23
3.3766575202443243,-3.7294824996025726,53.74887493856592,3.746180831996444,1.5625700202642707,23
3.3090420719844844,-3.8651818247402416,53.651698318182255,3.857282741397035,1.4395490362753274,23
3.265174627304077,-4.124137878417972,56.9231198628744,4.157367308934534,1.3475499550501504,23
3.2553000855290035,-4.161642623103522,57.777353199478846,4.164101544548483,1.275823596256231,23
3.273515819724089,-4.1471775248159775,57.58767710168377,4.139652504640467,1.2820557355880735,23
3.2964406667971144,-4.090078026640649,58.638373879825366,4.091217368256812,1.31321026764664,23
3.262135348288841,-4.079001959632424,57.23805847666622,4.080906497107612,1.2743736232807434,23
3.26839883187238,-3.899279969969604,59.947811450833626,3.911611592847536,1.326742106792974,23
3.3423300210167386,-3.888577447218055,61.41124815099378,3.9166450079749615,1.3812609560349416,23
3.3025141541474787,-4.2167017693613085,60.19369531768599,4.26622013017243,1.2875263184503796,23
3.150498441621369,-4.579764634176017,60.46568447935815,4.675040880839029,1.054797424989588,23
3.1785683444902006,-4.493721073749019,59.92674965951957,4.545930806328269,1.1012332345925124,23
3.037080281700184,-4.718095452177758,62.54122927297954,4.837249765209122,0.9331217712047046,23
3.1006901201859014,-4.464330931894141,61.08206515842015,4.497839759377873,1.0236116215294475,23
3.1711682198094384,-4.380889799080643,57.95476950851141,4.436771981856403,1.090830980562696,23
3.1438703069499896,-4.269256068210973,56.15296222961026,4.319722138199149,1.0987512153737693,23
3.176754105324839,-3.8717981569128086,54.79318711025264,3.881832699370539,1.219209041470796,23
3.191113429910996,-3.822429124046775,56.11937646304859,3.826494693756104,1.2587856475044696,23
3.2124426333732856,-3.5093700122209937,59.21870940962648,3.4923133148866543,1.311682134671928,23
3.273943901062012,-3.6471005015903057,57.23585934109156,3.6508171558380136,1.3781319989098446,23
3.279006326899809,-3.885915676752728,59.26845917047244,3.91873489641676,1.3793887718051088,23
3.2891591857461373,-3.850592541538807,62.03369661717628,3.8745194946239137,1.3538470151377675,23
3.3433182644688224,-3.5223177912967656,55.84766131133037,3.5161829150580117,1.503075009077982,23
3.361435609705308,-3.570938330070645,51.78047127817191,3.5807932638654525,1.5566692399043665,23
3.365265695098179,-3.678090240441119,53.85503968382197,3.679543186636534,1.550358431791168,23
3.4316621340957347,-3.951210202734456,57.72102258719652,3.963141396154767,1.5352516789841502,23
3.4513800424688004,-4.181517180274514,56.53092866785387,4.198529720306396,1.4551615644903748,23
3.3144970096014683,-4.297463276807,53.273564731373504,4.339892932792115,1.2851568234512227,23
3.130847957399156,-4.3181575856177625,52.501369800442966,4.370745415781057,1.12630986154469,23
3.1875021410923385,-4.002037487778007,54.51289764105108,3.988155304216869,1.2460429925544605,23
3.21085963529699,-3.879223200230819,58.86695694767574,3.860471452762881,1.2699352230121872,23
3.18136630338781,-4.190878824470869,58.00666804095499,4.210170630536048,1.160237178303837,23
3.121677618400723,-4.432546120063932,59.70923397587797,4.486032729055368,1.076837196069605,23
3.078312339346393,-4.433226912629369,65.57989232680382,4.459640471763858,1.0287248348098956,23
3.049758630640365,-4.204412694070854,68.93087434457014,4.157248484542945,0.9698649695496152,23
2.94216903518228,-4.2078087470110725,63.5787266001982,4.133191641639261,0.8925512152559616,23
3.0381058057149253,-4.077910264333089,62.82435819837782,4.05128542582194,1.0000481274392872,23
3.008211347791883,-4.037758378421559,64.29835864297705,4.015973150340559,0.9666126845708852,23
3.1696234170128346,-3.7447098236457936,61.974798464307554,3.754915471170459,1.182302961162497,23
3.316455900279524,-3.670510572545672,58.41981695835885,3.735075269649236,1.4261017998838723,23
3.1610694663976533,-4.077831308826123,58.72610373902165,4.142836464775933,1.1980222666185665,23
2.9472608192294243,-4.507261566087312,59.50603529986213,4.573345876207539,0.9134526451428724,23
2.906904904670965,-4.391093871172735,58.74083983976076,4.393071115406507,0.8873739043871569,23
2.953711291543799,-4.173042852115005,58.048112183614485,4.161205011255599,0.947881467591704,23
3.001315243103925,-4.311409192926743,58.51371226591223,4.341816621668198,0.9524593598702376,23
2.999118650660795,-4.257304266387339,59.16156516978944,4.265068216261519,0.96852567889332,23
3.046159158345142,-3.818181352677686,58.27260587106342,3.804821486566579,1.0584600462633034,23
3.134820938110352,-3.756799104166968,56.58855109121285,3.759189909579709,1.207053913789637,23
2.9246326147341266,-4.1509153359855695,58.311806946798086,4.198902840707816,0.9594869204595984,23
2.748333323235605,-4.057046213960335,58.422433765885096,4.042465256709678,0.8194971953342162,23
2.6666705327875477,-3.766962593676996,59.04827828500786,3.735094921261655,0.7765358815006178,23
2.7455746660045564,-3.56393590472103,61.56337192011816,3.536444308711034,0.8394065218813292,23
2.7210320803075017,-3.709832930097396,63.011388392230295,3.6905010899687154,0.8449130849121418,23
2.4850783348083496,-3.429702043533325,62.97575378417969,3.4488203525543213,0.5151436924934387,23
3.9602885246276855,-0.6218597888946533,36.36251831054688,0.5564455389976501,0.769815981388092,24
3.7523660142170754,-3.614821992422405,45.65453594609311,3.7346736788749695,1.5452492456687124,24
3.697100058982247,-4.347422110406976,45.16386559135035,4.382727372018914,1.552564608423333,24
3.8414160797470496,-3.967229872941971,46.12215958143536,4.002041437123951,1.9022352138632224,24
3.899920814915707,-3.804934890646684,45.71862702620657,3.8793275858226575,2.022018674172853,24
3.7928437371003,-4.3545779836805245,45.60559041876542,4.417189783171604,1.7133163637236544,24
3.732394732927021,-4.06038969441464,47.68153868223492,4.088665912025853,1.7342736658297089,24
3.7762959003448486,-4.112713120485607,49.31902458793239,4.142907399880259,1.7844308355921192,24
3.786114529559487,-3.967840182153802,46.9813511497096,3.988861184371145,1.811509929205242,24
3.786176225072459,-3.5493375564876355,42.68127519205997,3.5604070283864675,1.9436390878338563,24
3.824944063236839,-3.256365898408388,43.0650571020026,3.2680472606106807,2.164566501190788,24
3.807110130786896,-3.3129486990602395,46.96993190363834,3.31525584898497,2.138912881675519,24
3.793936045546281,-3.8341645880749353,44.81507833380448,3.8241583359868905,1.934061913113845,24
3.78705030836557,-3.8674589254354177,44.31788431970697,3.855674787571556,1.910551358210413,24
3.791418542987422,-3.729520637738077,42.96687979447214,3.71176383683556,1.934677625957288,24
3.7766161215932743,-3.821251456674777,44.17999892485769,3.8091605368413424,1.926325167480268,24
3.752488977030704,-4.103931753258956,50.21753752859016,4.0938622826024105,1.7928106910304018,24
3.7133381084391934,-4.065813610428258,51.95316924546894,4.050046914502194,1.7291814653496993,24
3.707843021342629,-4.052238263581929,50.85007893411737,4.043766435823943,1.7269527331778878,24
3.707847952842712,-4.063852310180664,50.577263832092285,4.066688120365143,1.7360612154006958,24
3.588792091921756,-4.274344180759631,50.52903596978438,4.302895056573969,1.534768085730703,24
3.5999485552310944,-4.092166006565094,49.93000080710964,4.106104756656446,1.598076518428953,24
3.726243605739192,-3.731462792346352,49.23063750016062,3.752430479777486,1.8678497279945172,24
3.7267285271694783,-3.713148982901322,48.98601014990555,3.717013189667149,1.873404433852748,24
3.7735314745652047,-3.9649447014457295,47.27053652311626,3.9768063645613823,1.864225613443475,24
3.721972848239698,-4.16085948442158,49.35011394400345,4.174381943125474,1.7429317439857284,24
3.696929668125353,-4.0997383782738135,50.65011265403346,4.100491040631344,1.702347733472523,24
3.702640290323057,-3.9223010194929024,50.87972297166523,3.922202943187011,1.761650527778425,24
3.7620102104387785,-3.830360512984426,50.996899956151054,3.837466177187468,1.8559253435385856,24
3.835992397446381,-3.661232993790978,49.18488906559192,3.686852864528957,2.011246100852364,24
3.816026235881605,-3.3720944241473547,45.94961447464792,3.385314521036649,2.0927055666321204,24
3.6647327667788456,-3.151125575366773,43.7953422195033,3.1253558099269863,2.033567247422118,24
3.5628155783603064,-3.7133170930962818,43.94726281417044,3.6879058511633622,1.7609916548979907,24
3.5714431405067444,-4.012678169890455,47.90690705650732,3.974559445130198,1.6709578139217276,24
3.631110715238672,-3.992102597889147,50.98539352416992,3.958421998902371,1.7044587041202346,24
3.6578826402363034,-3.767917815007661,51.74931385642604,3.740938181939877,1.798983317456747,24
3.6340617819836263,-3.665832092887477,54.47497016505192,3.645691294419138,1.7860030124061983,24
3.5716077277534883,-3.96470004947562,53.24173309928492,3.942959548611391,1.6294737238633,24
3.4949819445610046,-4.227810502052307,52.68749046325684,4.235430121421814,1.4718211591243744,24
3.517523116187045,-4.158013033239466,52.02919892260904,4.161479071566934,1.5106950057180302,24
3.5732047683314274,-4.194668543966194,49.66226898996453,4.215208404942564,1.5543846519369826,24
3.5333351336027445,-4.284989426010534,47.5162326662164,4.324498424404546,1.4885275944283132,24
3.450631182444723,-4.385246088630275,48.00373278166119,4.428505257556313,1.3724932482368069,24
3.420651321348392,-4.423408131850394,45.817628484023246,4.477202098620566,1.3453550119149056,24
3.420633673667908,-4.236760189658717,46.28413451345344,4.250050456900345,1.4189701017580536,24
3.5493543587232894,-4.027240249671434,48.16333251250418,4.014204880124644,1.6085753197732728,24
3.6315618251499378,-3.767131275252292,48.47291324013158,3.7455204286073385,1.766637842906149,24
3.625030188184036,-3.5386044461476183,47.86682023500142,3.5051428393313766,1.8235777985108523,24
3.604789871918528,-3.5599957767285817,46.95118472450658,3.524509668350221,1.8331464027103617,24
3.5464280969218205,-4.047616627655532,48.261611562026175,4.025904302534305,1.619520764601858,24
3.3583189405893026,-4.235425215018423,52.39332580566406,4.2275663049597485,1.3623541719035102,24
3.287263144003717,-4.306509058726461,52.61329555511473,4.305970838195399,1.2769396407039542,24
3.296016341761539,-4.175718131818269,48.73266772220008,4.171765791742425,1.3155205187044647,24
3.3031126590151536,-4.101372141587107,46.175682042774405,4.100102553242131,1.373683102821049,24
3.3075829838451587,-3.9705658649143434,49.311317594427805,3.944765693263004,1.402257519332986,24
3.427726571497165,-3.4795614637826597,52.25690108851384,3.4213059858271926,1.640260119187206,24
3.509664121427034,-3.714919065174304,55.13750899465461,3.707051691256072,1.6753141189876355,24
3.5144172310829163,-4.132843554019928,54.404799938201904,4.138612508773804,1.5309039652347565,24
3.452053898259213,-4.300487568503931,52.67844365772448,4.324932067017806,1.419030336957229,24
3.4671284587759725,-4.363289393876728,55.47908933539139,4.395692106924559,1.4097338185498591,24
3.556018233299256,-4.121123966417814,53.11223341289319,4.124536451540495,1.5711581142325153,24
3.5394449939853265,-4.081188954805073,52.04874061283312,4.086711886682009,1.561135317934187,24
3.607591456488559,-3.855734828271365,54.310046145790494,3.866271072312406,1.722251648965634,24
3.705132482867492,-3.535721371048373,53.24713001753153,3.5387958648957687,1.9098369487022109,24
3.689977947034334,-3.247449485879195,50.498334181936166,3.2548549049778988,2.005872042555558,24
3.5900142788887024,-3.4618180676510453,51.72271226581774,3.446338524943904,1.8523579694722832,24
3.5035934165904394,-4.120175709849914,54.19555172167328,4.111968812189608,1.5419391064267391,24
3.421307734752956,-4.60444114082738,54.278575470573024,4.661922966179096,1.297898427436226,24
3.388988162341871,-4.66807192250302,54.208027387920175,4.763214287004973,1.2496842083178068,24
3.458049849459999,-4.0481998983182415,54.32566055498625,4.076937361767419,1.480305176816488,24
3.506934454566553,-3.949262079439668,54.659369569075736,3.9872301377748234,1.5504485839291609,24
3.408544803920545,-4.238787444014298,55.16204322011848,4.27248532834806,1.3624670929030367,24
3.4009738846829065,-3.964729848660921,54.16247478284334,3.952879052413137,1.430478798715692,24
3.4409192847578147,-3.547263550130945,49.65432086743808,3.5244299690974388,1.6131785974690789,24
3.481067202593151,-3.6148946316618673,47.91596794128418,3.603726568974947,1.6793549374530192,24
3.506424196456608,-3.623061639697928,49.299841002414105,3.590492944968374,1.7150442255170724,24
3.4696712493896484,-4.016197800636292,50.8592643737793,4.013172626495361,1.5461221933364868,24
3.3710459408007165,-4.378343798612294,53.7257898230302,4.398900609267386,1.3255123950933143,24
3.317753418495781,-4.400600552558899,57.79942698227731,4.423691611540945,1.2501081589021183,24
3.274736104827178,-4.368778548742595,57.039253209766585,4.385543384050068,1.2065916328053723,24
3.313321552778546,-4.237142437382747,56.455241353888255,4.257720997459009,1.2824596605802847,24
3.436367278036318,-3.799004749247904,57.90361278935482,3.809189387057958,1.5388357043266288,24
3.49308864380184,-3.760835983251271,61.73902115068939,3.812954017990515,1.6172161117980357,24
3.4344327685080063,-4.103718340396885,62.28325196316363,4.157334428084528,1.4432272330710736,24
3.332466859566538,-4.214333032306873,57.99555848774157,4.25070649699161,1.304529026934975,24
3.389589581050371,-3.8325168882545655,58.78569208948236,3.8501520501939854,1.4660231808298516,24
3.341100410411233,-3.604149300801127,57.5796759755988,3.5966595442671525,1.4693124937383757,24
3.290011798080645,-3.801261715198818,55.28655268016614,3.815039073166095,1.3838127420136803,24
3.342906487615485,-3.9729858072180506,55.956717039409455,3.992005385850606,1.4133668886987796,24
3.4367172906273287,-3.9691555547086814,57.59750486675061,3.986566904344057,1.5075192333836298,24
3.4930948113140308,-3.9002630898827,57.30668610020688,3.9066337252918046,1.5784932986686102,24
3.485238779532282,-3.912700736208965,54.87260868674828,3.905876126728559,1.558945822872614,24
3.5549135772805465,-3.735934056733784,52.78021983096475,3.7338400577244006,1.702278391311043,24
3.491478273743077,-3.8514699386922944,52.26386399018137,3.854382623183101,1.6019841816864508,24
3.3848203232413847,-3.82036683747643,52.120916165803614,3.800812413817959,1.479488884147845,24
3.2969601452350616,-3.711003065109253,51.96629142761231,3.680501401424408,1.428776279091835,24
3.218528609526784,-3.8693847530766567,52.65874681974712,3.8549691752383617,1.3222030777680236,24
3.1500319007195925,-4.260884353989049,51.85096758290341,4.277419802389647,1.1800506444353809,24
3.175365215853641,-4.209550443448519,53.06777959120902,4.200612143466347,1.2099309140130092,24
3.147901080156627,-4.273387519936813,56.56882230859056,4.282317271358089,1.1437464121140926,24
3.261948943138122,-3.926369961939361,60.17335711027446,3.9105060226038897,1.3168056199425138,24
3.194777987505259,-3.9098909732542553,60.43630702872024,3.930235199238126,1.2716252348924924,24
2.936109003267789,-4.153879667583265,57.95519728409614,4.154266765243128,1.0381056478149,24
3.063487140755904,-4.045779334871392,57.87637025431583,4.029465151460547,1.132530991184084,24
3.213997891074733,-3.970267245644017,56.52952575683592,3.954618140270835,1.2662065029144294,24
3.240847860511981,-4.325572236588124,55.13726357409829,4.385506595435892,1.198002094500944,24
3.2902114171730847,-4.1838846708598885,54.73670588041607,4.2249362155010814,1.2892457168353235,24
3.3938150013747967,-3.720356785937359,55.01445403851962,3.725942208578712,1.520266235658997,24
3.3101537541339274,-3.856400006695796,58.178645585712616,3.8627710467890672,1.3982862641936862,24
3.206855719026766,-4.205370212856092,61.90482119510049,4.243229737407283,1.2049034402558678,24
3.3197524704431247,-3.986084897267189,63.036680121170846,4.011464962833803,1.371671629579446,24
3.3086763808601782,-4.066476916012011,61.9272403968008,4.116039800016504,1.3272277642237515,24
3.238819950505307,-4.042370595430072,59.210096459639686,4.060623294428774,1.2446311084847703,24
3.2943739106780616,-3.7754303358103054,56.21621114329287,3.7817238882968263,1.3634256571531311,24
3.3885820508003235,-3.688663244247437,56.58195495605469,3.7136470079422,1.524403691291809,24
3.265133573820716,-4.195296805155905,57.12744454333657,4.245307316905574,1.2697334179752742,24
3.2604515301553825,-4.017082264548855,57.367870130037005,4.017069452687315,1.2981929716310998,24
3.265419776502408,-3.866016836542832,58.63358725999532,3.867013051321632,1.3313247451656742,24
3.2839961616616504,-3.9183489366581576,57.75877606241324,3.926334525409499,1.322702567828329,24
3.3154458780037728,-3.8528545608646,54.94418051368312,3.8546558744029,1.3882927573040909,24
3.4007557442313754,-3.638633339028608,53.91464936105828,3.637328474145186,1.544963893137481,24
3.5680972447520816,-3.3999604629842843,50.6638340197111,3.415958255529403,1.8562165843813057,24
3.475800627156308,-3.4546953627937715,47.32499995984529,3.453203863219211,1.7562560329311774,24
3.272628879860827,-3.6494443244055703,50.71498655018056,3.621553188876103,1.4821841865777956,24
3.171423698726453,-4.086419067884743,54.58660386738024,4.065113695044263,1.2558378702715836,24
3.2385354763583134,-4.187797957345059,54.40640595084742,4.168822708882783,1.2640562073180552,24
3.339892227398721,-4.093661327111095,53.18173207734761,4.082982778549196,1.4078187675852516,24
3.200138347713571,-4.262517072652516,55.34713978516427,4.2863842217545765,1.211920609599666,24
3.2881785693921546,-3.8796347442426176,55.95578464708829,3.8570789035997888,1.3651070783012795,24
3.31762148361457,-3.935292499630076,53.80019155301543,3.9345412897436254,1.3779179814614746,24
3.2584096099201,-4.028221299773768,56.072576372246985,4.039888030604312,1.3082340657711031,24
3.195982608355973,-3.932818561792372,60.70585848155776,3.919877833441683,1.2355959454649372,24
3.169463308233964,-3.7769368322272063,61.78503297504624,3.757135742589049,1.2171037887272085,24
3.1835402846336365,-3.923520267009735,59.35860633850098,3.9157696068286896,1.2228679060935974,24
3.263002646596808,-3.8887409912912463,58.64721197831005,3.892324839767656,1.3374133078675523,24
3.164108657523206,-3.721479273156117,63.23576897069025,3.732560510698119,1.2316313134996524,24
3.2404206426520097,-3.623985277978997,64.45797167326275,3.656831703687969,1.3222381002024604,24
3.345897787495664,-3.774964012597738,62.02054349999677,3.8413296577177567,1.4303339500176284,24
3.3919078143019425,-3.905903549570786,59.65645142605431,3.953974049342306,1.4524194990333756,24
3.401493508564798,-3.931037706764121,57.91932841351158,3.957228618232828,1.4883712341910909,24
3.213394102297329,-4.004976956467878,59.91851083855882,4.041557751203837,1.26736647831766,24
3.040298987376062,-3.70919618010521,59.35484705473248,3.705083644703815,1.1317642323280637,24
2.971008551748175,-3.741050434739967,58.1441707611084,3.741368422382757,1.1052443400809635,24
2.90060947129601,-3.9736493935710495,59.31866186543514,3.971371432668283,1.0069603618038336,24
2.8562340485422237,-4.217509721454821,60.34879724602951,4.204158030058209,0.903333987060346,24
2.874735149898027,-4.289996100099461,59.49926280975341,4.274028200852241,0.8954861352318215,24
2.909670221178155,-3.7159178037392486,57.312230863069246,3.697005093097689,0.954822723802767,24
2.894062594363564,-3.683886176661442,54.33021219153154,3.713306593267542,1.0237376525213844,24
2.787722242505926,-3.97195369318912,60.729742752878366,3.9798790718379786,0.89246333586542,24
2.873011894916233,-4.148473331802769,64.63649885278,4.085672701659956,0.8697032881410498,24
2.866421583451722,-4.215032257531818,64.0537701656944,4.133937026325025,0.8613395141927812,24
2.673374172888302,-4.138086158978312,64.96427395469263,4.034685332524148,0.6812102128016315,24
2.534607410430908,-3.865587949752808,61.510498046875,3.7879505157470703,0.5812731385231018,24
4.081113338470459,-0.3614426255226135,38.7131233215332,0.3157116770744324,0.2451163977384567,25
3.9439769296456646,-3.1204523582332184,50.32604750576398,3.253141090569907,1.827286037388227,25
3.833966250451195,-3.861316500910071,46.81430720651387,3.9105791792964304,1.8215822368268144,25
3.782418933135784,-3.7951720313520623,44.8463555898098,3.8307980322679938,1.8486927313520416,25
3.68966160704758,-3.9159819227180734,45.68183795347908,3.9280111316024073,1.748147839741991,25
3.660412609971912,-4.104201209466189,50.30217750498791,4.111074125529915,1.6808934227520267,25
3.7154067131067743,-3.794348467264744,50.08373356497051,3.791409328283853,1.8345392263488265,25
3.782894845040429,-4.12533234286782,45.88781467968265,4.162688059522616,1.789243051547878,25
3.7491380015745857,-4.127041879868665,44.07487821263193,4.162992126894313,1.7480929245222483,25
3.7601843922343474,-3.955816696811196,43.92323199644783,3.971943225292181,1.8013804124680577,25
3.80200423941707,-3.856037564625014,43.97244838689337,3.8739904836313617,1.908945863610072,25
3.731280173686956,-3.956283452495045,45.92918545047179,3.950197163007117,1.7932605072362533,25
3.741448670823053,-3.777274068617663,47.90074074347287,3.769021659497394,1.8710473491656068,25
3.6480266700517263,-4.256123261735929,45.33545225029749,4.280326492739039,1.5998705538692852,25
3.601186776003301,-4.410491074947332,44.51010318781366,4.457198367213572,1.513417291325449,25
3.667557320057951,-4.033504811343768,45.09982941482241,4.034100352533605,1.698072595312106,25
3.750515314127436,-3.78039285362951,44.795025629713045,3.781946471195347,1.8743818966758168,25
3.734455373902984,-3.8747937379293886,45.50130247911871,3.861545164853532,1.8382906550603195,25
3.693032556811705,-3.889661721046397,46.69990193449109,3.8659846877420185,1.7826675310829616,25
3.6546241873936935,-3.762127083658382,43.62385811710988,3.7356558019751738,1.7840866758333929,25
3.724600373514441,-3.336252586731057,42.50795629640289,3.3029289908756474,2.0396090659084707,25
3.815865175613504,-3.592622719063664,44.96330950907524,3.574778468403595,2.087107601544715,25
3.800534954134202,-4.000621418289791,48.66580288615448,3.989438644308128,1.911518050345364,25
3.6948491200706015,-4.170623068777931,51.88994461969035,4.154850110312961,1.691352972131691,25
3.6268324915146986,-4.106590078366514,52.890092281316285,4.087814403685513,1.6093824841328803,25
3.657282949283423,-4.130095807132341,50.528288658091554,4.131270045476244,1.6497688490823408,25
3.650758100661221,-4.038462654644291,49.34123803448203,4.039537227706404,1.681034482078047,25
3.5728568951815167,-4.24876249073357,50.70106102141324,4.2727506334418495,1.5346126003770637,25
3.603043543581932,-4.107894344835091,52.39570339783928,4.118761015254139,1.6120947773093426,25
3.7038543366438503,-3.874316614984677,51.576366247720266,3.887851044042221,1.7846054517670185,25
3.718908003623912,-3.591043593867725,48.34378900591111,3.5881216431295635,1.8854797896959925,25
3.7583284899098985,-3.208951613760942,45.30814116522176,3.2189860407090345,2.111743333323902,25
3.6651967629691615,-3.5823144328515264,45.07126150068069,3.5641900308874277,1.909435223269936,25
3.732688101711653,-3.5579621839207523,42.82451361851975,3.530595870996942,1.9836507696189636,25
3.696170628465564,-3.4587851928559363,45.51996223500236,3.429310550752855,2.021094183258662,25
3.572209190848647,-3.771358838933983,51.9620469705948,3.726252096378251,1.724898288581545,25
3.473561484292643,-3.942191442906462,50.72212236922308,3.894535985214032,1.5362280346699897,25
3.4837460502093998,-3.944175556006021,47.60061205933426,3.9129105687930887,1.5778505731102646,25
3.5206851011869924,-4.120281588952274,50.47166240767929,4.107828673937464,1.5699370112640176,25
3.514445121714611,-4.170035908553774,52.106336555733584,4.153533951336185,1.5279547118193266,25
3.471356295591948,-3.965583660744672,55.47687684621245,3.9521445785926654,1.5350266347657766,25
3.4944653574204603,-3.996000384652852,56.53512507558658,3.994261738480322,1.5237004480614569,25
3.506912957753567,-3.93155229328484,53.69845232426726,3.923291062677144,1.5618562043107898,25
3.4689883127907253,-3.747405342708359,51.21258249345994,3.729135691724865,1.5796962123832956,25
3.4908343514069817,-3.5869661561700683,51.80581867142229,3.5658053720234246,1.6833127239682026,25
3.4853056771865747,-3.670690613866643,54.668940714652976,3.6490989947161143,1.666409951172127,25
3.515700386059995,-3.767376896561376,53.63428638786669,3.744453187020409,1.657883474368923,25
3.589628776967131,-3.886540065538015,53.72859146421319,3.8841610712720858,1.716073369348286,25
3.64285773157284,-4.108616557342328,53.3583177730737,4.114678360768503,1.6776454993431136,25
3.623433300990932,-4.00157783205146,51.503084902731786,4.002750396728515,1.6577896953418556,25
3.6253677093430072,-3.8154710633865303,52.6220687209376,3.814085230922073,1.7345236137213296,25
3.5487907043355977,-4.024181201757974,52.81439398456094,4.014290263321226,1.590623713487031,25
3.4473486009812517,-3.873303869702168,53.22436131862615,3.84565235605303,1.5094831534568838,25
3.4579245254693447,-3.846845431043613,53.042326845080645,3.827972331583896,1.533658344224589,25
3.546201219621873,-3.913024520242451,51.45595047805482,3.906005494641942,1.6294128002709902,25
3.5734871681162854,-3.844316659384216,49.5899496015334,3.838391384541594,1.7091546595491325,25
3.3269333870995115,-3.8474237808328593,52.0001979853144,3.8357980377626735,1.4406238849589357,25
3.3146423677734984,-3.836625702333766,56.231858588212376,3.8080566497828,1.4328764700731695,25
3.498628156864092,-3.773320973314196,54.35891991419505,3.7501228708305097,1.6385042620021004,25
3.568320836452459,-3.923571807659226,52.73787530052741,3.9292971361551863,1.6853620563911282,25
3.533182496266649,-4.117274881198706,53.70535861893205,4.120944847334299,1.5545667212530476,25
3.480277220934432,-3.997665899478835,52.514395808542005,3.984216227436696,1.5148084495241276,25
3.4335881811104074,-3.805366686637828,50.53989693344823,3.781067867152738,1.527661604597079,25
3.436834246907013,-3.927760542623256,50.711346859963534,3.918469807959552,1.515063400300133,25
3.4668569991130704,-4.184166579846515,51.38599853010367,4.192989463048266,1.469787959231446,25
3.532779633604138,-3.7416808905190977,52.9478206508207,3.724294790368996,1.67489122712849,25
3.6014880028781517,-3.495313945984999,55.95233247769591,3.5006840860606827,1.810912415681296,25
3.6028134349166163,-3.891021703252731,57.32579929781276,3.9017743701176943,1.6922917508131616,25
3.552900113806818,-4.281636171783044,55.31875317301971,4.292011526246735,1.5271554901110398,25
3.315932420705327,-4.246677386050192,55.38453381266815,4.27555603065238,1.291376952303955,25
3.251452100198001,-3.938109435782527,53.23634196906689,3.926048575647619,1.294841833461989,25
3.276629122677228,-3.7597150549983342,54.06646329361873,3.746716756694364,1.3868993789154964,25
3.3206938828853585,-3.934408205234453,53.6397716193799,3.938319206237794,1.3794938689036085,25
3.28501025888304,-3.963615199587992,51.61950852855155,3.964528688531837,1.3664206637451977,25
3.239425679705791,-3.983331588719856,55.711958272567664,3.980433020370688,1.2908487888361444,25
3.3189679076340024,-4.245762534488906,56.343250754653226,4.2550139016663,1.3167622776220966,25
3.2657670201055256,-4.022964701747262,58.32305468628738,4.019397882436285,1.3076124364966577,25
3.166368380287625,-4.077361912127363,56.56090482497056,4.081491217707956,1.1843482034885329,25
3.183689063747987,-3.928186235048913,52.72497025546649,3.925894282511528,1.251734426479466,25
3.3498295458736798,-3.635971926695464,51.66218526473897,3.633299848101788,1.507643501490156,25
3.513507470389865,-3.612429189366224,53.83110114596538,3.6288795313298334,1.721522828601053,25
3.4645201386205406,-3.855321364686979,53.99911054396472,3.8435247165477833,1.5793214120612231,25
3.4809796936464625,-3.845273958926169,53.512539945690826,3.827417711548458,1.5921981050478702,25
3.5070477510919638,-3.89370965010283,49.931732379837534,3.882194770092996,1.5996777908691509,25
3.506632478031891,-3.65717644723046,48.45087258547347,3.6334115022065623,1.6796137299758709,25
3.4033246182448007,-3.915700102483996,51.75860401178833,3.91659523161832,1.5151448265606162,25
3.251832827826999,-4.050068714760784,56.49721446258346,4.036582236258395,1.291999366109735,25
3.256364899755314,-3.6940422263366495,58.18176360477674,3.6516302310867816,1.3530502027233708,25
3.208889048620565,-3.7641853149363538,55.75164734290925,3.731853357214012,1.3318104743957515,25
3.0765553247060207,-4.034413593494339,59.35176604315144,4.042594786511351,1.1379253066928183,25
3.134604122465021,-4.230494293945516,61.07557241174558,4.238906358251509,1.1199135204024668,25
3.174730450901764,-4.21157586811394,59.710005122304736,4.221724658612383,1.1514585712887595,25
3.186715763925717,-4.250541582802274,57.19866331997295,4.273472141745865,1.1420053914682755,25
3.247133624474734,-4.325273049588235,55.18607764844074,4.370181418412569,1.2013377567000738,25
3.3168290245611938,-4.3593806683622445,55.671527079399056,4.406545762194703,1.2776666240186882,25
3.2106100755022053,-4.407956139141361,54.86337944687595,4.4725517089793225,1.157874273938058,25
3.2619140495527668,-4.410279712929631,54.64470488188282,4.480096564387643,1.2017831068165268,25
3.361643990144035,-4.271553399547045,54.25962081808128,4.315819595033759,1.334539549240214,25
3.372093488049033,-4.368804467434916,55.09717590129929,4.436790911567133,1.3166992506444055,25
3.400641288188909,-4.2873645491947405,56.44051219611768,4.348106043228251,1.3457549289362318,25
3.529323410514175,-3.942267110016175,54.75945143036492,3.96740779813552,1.5912634497446725,25
3.510747219553056,-4.215709496807576,53.04207959711943,4.255237213033711,1.5162724256515498,25
3.438331586635665,-4.283845847805605,52.3955848138064,4.327784923528204,1.3866947084073191,25
3.361488193865643,-4.186733429005603,54.27664563513751,4.213660164384652,1.33705181949186,25
3.33058697024718,-4.06856862440804,57.01669200366696,4.0800638640953215,1.3206742717730289,25
3.3608701544881665,-3.9876216957900654,56.188367527841706,3.981133454682807,1.3839289060491615,25
3.4376150693325025,-3.660583935036562,53.672566748612745,3.645394718410161,1.582069181448578,25
3.5047936328989,-3.606761569218922,55.04470845405632,3.607871998224829,1.7036115238998109,25
3.57378352398904,-3.8646163640432807,57.22661216685314,3.878328225470537,1.709818426346937,25
3.5435148280187945,-4.174760594273246,57.90298580649673,4.202280698233094,1.5624020423320744,25
3.446661418636903,-4.157644183430452,58.55797892690494,4.17784091810517,1.4329114576049198,25
3.40075843539459,-3.921703030731503,58.49040732478461,3.925634489943648,1.427432679182646,25
3.3249181753752235,-3.86038704265822,54.73872749379138,3.853848233128228,1.387256654682537,25
3.16957379808489,-4.127270136447932,54.67411852198721,4.166981794976241,1.1942872401104851,25
3.125497949044436,-3.9386134289747834,53.1743752940601,3.935552031788605,1.1945703534890486,25
3.105845413460637,-4.160388984427546,53.53127632393742,4.196961046054662,1.1380926591671068,25
3.08441182951264,-4.403180122375489,56.9693996858913,4.433707142507794,1.055085314820144,25
3.074281893029118,-4.364614003541452,59.19751711712769,4.362073781474535,1.032186861859252,25
3.073609300007094,-4.203442191446065,58.59742037034192,4.189347627147145,1.0387368746940664,25
3.142310421987875,-4.273782145898074,57.0987717079011,4.295229567597244,1.1039299278069812,25
3.376624055256117,-3.9028360038403647,56.216149690135424,3.924982693021661,1.466057986613141,25
3.481308523392836,-3.7235191894682815,56.19599972655442,3.743598265363679,1.628100609937252,25
3.3592841435741883,-4.031108488310256,57.66305794621147,4.083902106379837,1.405585701102449,25
3.1539229573003493,-4.2004169723056,57.68229248350029,4.232133893777203,1.1538430886552815,25
3.1175871242750564,-3.952537909248805,56.864396303694775,3.955047978470656,1.1671592857664,25
3.3340351913149,-3.6059532228684574,58.15171288496611,3.623080593071237,1.4614643063766275,25
3.3287848289439217,-4.058259755570366,56.86777466022412,4.091874223671209,1.3619314953191397,25
3.405238397863529,-3.380114656410461,52.77589007244989,3.3801748610490114,1.6320102056920176,25
3.2800200190765163,-3.813270676214969,53.43013556271992,3.885688308058991,1.4584228889831612,25
3.1969662028432686,-4.138357831942324,55.869019160997,4.148299877217273,1.2548123913884954,25
3.286416266927656,-3.9720529862587024,53.272310699058686,3.9503185496425,1.3556439616032785,25
3.3255662475990144,-3.893907652785444,51.96261063632587,3.877460675523768,1.423109979818988,25
3.291692670607408,-3.7731826336968033,53.73658621074354,3.74631711820893,1.4211406186716438,25
3.216573648894859,-3.918116217417434,60.847575433996376,3.912664415031081,1.2873722804303187,25
3.1437720873497965,-4.099393898288146,61.2658552712952,4.092911773959533,1.1513705356231585,25
3.068579129035899,-4.208294164266018,59.832992882128586,4.208979328736564,1.063777214643971,25
2.9463192942916137,-4.136757424335601,59.96871650140016,4.115679589328382,0.9684240071978768,25
2.843941465908329,-3.817814530126305,59.27044781312249,3.776898121991693,0.9057082446995174,25
2.912258547662899,-3.872856065926965,61.11742186388434,3.837638828138645,0.9632321836932602,25
2.8452817067405247,-4.09996402500481,61.69176238104208,4.086921256109578,0.8702700844663659,25
2.971865600308046,-3.740320489896053,63.43137642563574,3.716886506175362,0.9927350732664402,25
3.0100135913747814,-3.6218929196035634,61.17684913786823,3.6303472661024703,1.0670395552717296,25
3.0297514981781424,-3.7974216480128846,58.536069023688114,3.847652929508137,1.1045950414329184,25
3.106127443692542,-4.099192998267171,61.21726138386509,4.145232339568488,1.119838438286686,25
3.037182673713229,-4.280392672052447,64.5680929019751,4.295949755914952,0.9921915740366798,25
2.927061996712589,-4.169290327867925,62.34732480080711,4.13697900835252,0.8983687340029026,25
2.817101296999596,-4.26930201132566,61.41607304756214,4.262515386998259,0.7935481604361374,25
2.7997496207028827,-4.233940156090337,60.43976277231378,4.218799025807159,0.7884119445124996,25
2.861166554570989,-3.9030256397676735,59.14857998273229,3.8990315254160857,0.8764893823112094,25
2.7488245474581663,-3.735510900320597,60.06046502321762,3.733333136072224,0.8261052295072169,25
2.406357201519391,-3.887056589126588,61.34598227999858,3.8908993013647226,0.5847793047791287,25
2.318969964981079,-3.915756940841675,60.31878280639648,3.89272665977478,0.56392902135849,25
3.9174866676330566,-0.6666767597198486,40.16621398925781,0.6202458143234253,0.5247055888175964,26
3.820930987596512,-3.6837607653517472,52.684720064464365,3.8154455768434623,1.362435346371249,26
3.754119571886565,-4.167575836181641,48.6822913320441,4.236122783861663,1.6029957940703945,26
3.782502633960624,-4.074214913343129,47.45636377836529,4.136561224335118,1.749995704544218,26
3.779484654727735,-4.052648029829326,46.6759473901046,4.11089677559702,1.7787833433402211,26
3.7972162397284257,-3.886892786151485,47.40646043576693,3.93324571534207,1.8680967955212844,26
3.733348993878616,-3.9716228623139234,48.80174069655569,3.993645642933093,1.77659042414866,26
3.7491359475411863,-4.424358446347086,47.338041054575065,4.481899979867434,1.6363614264287447,26
3.718269574014764,-4.205275309713263,45.747162668328535,4.252690014086271,1.664516894440902,26
3.702788349829222,-4.062666020895305,46.37374983335796,4.0868241504619,1.7005276899588735,26
3.719363441592769,-4.1475321932842855,48.91845246365196,4.168991791574578,1.7141450345516205,26
3.63891999972494,-4.187134165512888,48.621929620441634,4.192808016350395,1.59579945708576,26
3.619664982745522,-4.165801324342427,46.48027982209858,4.183670470589085,1.5866856731866537,26
3.696639887596432,-4.042115170704691,44.76424553519801,4.060896992683411,1.7283942221026674,26
3.772000780231074,-4.01408052444458,44.22911307686254,4.0276668385455485,1.826884829684308,26
3.786110303903881,-3.9630360258253,44.567907534147565,3.9697400347182623,1.848614708373421,26
3.7724253001965975,-3.836347140763935,45.462703102513366,3.829715314664339,1.8693334930821468,26
3.775548985129909,-3.7098577320575714,47.4729393908852,3.702128722479469,1.93115632784994,26
3.711970627307892,-3.748079892836119,47.96042823791504,3.721675386554317,1.8536105532395213,26
3.592801719903946,-3.939257174730301,47.72528219223023,3.913945525884628,1.661323979496956,26
3.4932354500419214,-4.382933378219605,48.44606158607885,4.411143302917481,1.4235965452696144,26
3.496459002557554,-4.363143365634115,49.068060874938965,4.384397378093318,1.4269797166711404,26
3.5717114021903598,-4.048494815826415,47.83946323394776,4.044773691578914,1.5898132684983708,26
3.632377492754083,-3.869749408019216,46.28584645923815,3.860268740277541,1.7278822417321955,26
3.664739909924959,-3.988828119478728,46.0115005091617,3.9848483863629793,1.735872845900686,26
3.601598294157731,-4.003512260160948,44.82839092455412,3.990544301898856,1.654750925929923,26
3.5575269931241085,-4.60703814657111,46.28086812872636,4.679394828645807,1.422377853017104,26
3.586630593789251,-4.506338128918096,48.37381912532606,4.55941789401205,1.4814072180735436,26
3.5940291693336084,-4.276939856378656,48.29620190670616,4.296718597412109,1.5433721824696187,26
3.5161942384744944,-4.2286190453328585,47.783401940998274,4.240094282125172,1.4695662377696288,26
3.5615747225912,-4.0119097295560335,48.51165580749512,4.002425595333701,1.60460722603296,26
3.630803658774024,-3.668450175147308,49.9193552418759,3.64653039605994,1.802540926556838,26
3.6848517970034953,-3.4680780360573213,52.5111622057463,3.449107998295834,1.9487670785502385,26
3.7487040318940816,-4.003027875172466,52.27014817689594,4.006945338688401,1.8255057091775688,26
3.739068279140874,-4.048361461413534,52.152074060942,4.055564108647798,1.7922896946731366,26
3.6851759647068234,-4.00674675169744,54.12976616307309,4.009796186497337,1.710643209124866,26
3.6363767322741056,-4.102011868828221,53.553529839766654,4.097531895888479,1.6232421398162842,26
3.5653174895989266,-4.023282280093745,50.08273634157682,4.017217920014732,1.5749135386002693,26
3.594103515148163,-3.8523147106170654,51.00602436065674,3.852915763854981,1.6947932243347168,26
3.534402698278428,-3.914974294210735,52.7060153358861,3.912522326958807,1.6116412987834532,26
3.5231864954295915,-3.879924623589766,52.5344537433825,3.864111009397005,1.593452202646357,26
3.6001444223679995,-3.959069979818244,52.21007881666485,3.96164808147832,1.6894372372250803,26
3.518813359109979,-4.148617386817932,52.77768862874884,4.14732383426867,1.520657363690828,26
3.496989785056365,-3.717922806739808,51.1915088703758,3.68862321502284,1.6093345174663944,26
3.530658797213906,-3.9327390131197486,46.494660427695806,3.938341830906116,1.603470686234926,26
3.4575406830561786,-3.912702860016572,48.394866441425535,3.899998859355324,1.5699955922992606,26
3.4152571841290125,-3.9623607585304654,53.2966298555073,3.9319891772772135,1.4786455568514372,26
3.3850892766525877,-4.002703676098271,53.96277500453749,3.978572497242375,1.4334668023021602,26
3.298692979310688,-4.04403049067447,53.77921174701892,4.02752863733392,1.3355294403276945,26
3.32901877792258,-3.9258126224342154,54.79750884206671,3.903748429135272,1.3988688501872515,26
3.3179781531032764,-3.957805577077364,54.61714915225381,3.943034297541568,1.3795995884820036,26
3.308125467676865,-3.9372890340654463,53.13435830568011,3.926898228494744,1.385095368090429,26
3.294192408260546,-3.86958372592926,52.76295049566973,3.8519961018311353,1.3964175393706872,26
3.297768515975852,-4.053463509208278,57.727176565873,4.05749041155765,1.331931347125455,26
3.300313362949773,-4.2475212122264665,55.76694312848543,4.255046493128726,1.2845088039573869,26
3.3356601062573885,-4.185161066682715,56.55440910238969,4.203304046078732,1.346366287062043,26
3.5054005949120777,-4.108982462632028,54.36918037816097,4.120427834360223,1.5324968789753168,26
3.534272223711014,-4.230390131473541,52.451167583465576,4.2731921672821045,1.5438582003116608,26
3.464106631906409,-4.533395271552236,53.90701635260331,4.607599183132773,1.34955811343695,26
3.4909837622391557,-4.454131731861514,54.147697498923854,4.522856335890918,1.3952454375593293,26
3.5716167751111483,-3.833259582519531,52.54151384454024,3.843121585093046,1.6478976764177022,26
3.573960680710642,-3.9795456795315993,53.66514901111,3.995650647502196,1.6262191251704567,26
3.4799129304132967,-4.269033043008101,54.70141094609311,4.299012221788105,1.43707865319754,26
3.3941490116872286,-4.043343860852089,54.4720956651788,4.045671437916001,1.3901628687193524,26
3.381358761536448,-3.650075987765663,55.0873061732242,3.628956982963963,1.4810248487874085,26
3.3855688556244496,-3.5831308286441,57.45733183308651,3.574052470295052,1.5202751677287252,26
3.3784731532398022,-3.876365426339601,56.79535464236609,3.874574720859528,1.465948209950798,26
3.3318025250183907,-3.65820089923708,49.98836908842386,3.649435134310471,1.5031580336784065,26
3.3874107160066305,-3.818703940040187,48.83507748654014,3.832423768545452,1.5406578089061536,26
3.400846261727182,-3.852515090452997,52.143976688385,3.837136390962099,1.534857040173129,26
3.304672015340704,-3.901180568494296,53.62075885973479,3.8779161823423296,1.3994282374256526,26
3.233509328804518,-3.908075312250538,52.47323309747796,3.887842393235156,1.316892740757842,26
3.313803672790528,-3.6674666530207594,49.25503499884354,3.6360784957283423,1.4884734279231022,26
3.4604594676118148,-3.818362082305707,51.506613580804114,3.81058604152579,1.615559596764414,26
3.510998462375841,-3.9381246472659863,51.97842924218428,3.918720690827621,1.6147582029041492,26
3.4595539271831512,-4.117354116941754,54.862938655050186,4.129440019005224,1.4999958410074834,26
3.376312732696533,-4.100209951400757,60.49814033508301,4.118331909179688,1.3952373266220093,26
3.3042846510284822,-3.914422819488927,63.76680376655177,3.931013083771656,1.330331466699901,26
3.232127512756147,-3.871814423485807,60.83699311708151,3.86428557571612,1.2708169864980796,26
3.2465633498994926,-3.679313877695485,57.55104883093583,3.6674661040306087,1.3532931279194984,26
3.2492069947092155,-3.4015520371888788,58.8952670850252,3.4037942509902126,1.416328317240665,26
3.3300343798963645,-3.4248363438405485,58.56973467375104,3.4421214100561643,1.5291272111629182,26
3.423059381936726,-3.497219226862255,57.31066026185688,3.529033839702606,1.651176273822785,26
3.408471537263768,-3.727954430015468,57.73433205955907,3.767071367878668,1.5894008482757336,26
3.2592365239795886,-3.974882031741896,57.69579736809981,4.001942766340155,1.3421792638929266,26
3.342507817243276,-3.924381878815201,58.04763445101285,3.932728853664901,1.4178829836217983,26
3.5071066304257035,-4.311793628491856,55.23562275735957,4.34174768548263,1.4900108450337446,26
3.5901114517136623,-3.5584631201468007,51.61518345381084,3.564306742266604,1.7917022689392694,26
3.541829824447631,-3.350081845333704,50.959761368600965,3.375058274520073,1.8159944446463323,26
3.486677834862157,-3.681263153490266,54.01060525994552,3.677873791832672,1.656361721848187,26
3.474974497368461,-3.839304362472735,53.37135340038098,3.823018064624385,1.5907782080926391,26
3.384524290498933,-3.8481463491916648,49.202954518167566,3.832877021086843,1.5066995895222606,26
3.262672185897827,-3.8267541810085897,50.48688858433773,3.8074518253928735,1.391965266905333,26
3.2543139332219173,-3.9127603283053953,55.758695828287244,3.8823181892696175,1.3513798988179155,26
3.291116711340452,-3.6777874388192857,59.64191341400145,3.6382261012729873,1.4156601711323382,26
3.2868368327617645,-3.3678227365016937,58.36960029602051,3.34533166885376,1.4748443365097046,26
3.2854059871874366,-3.337947067461517,54.03345389115183,3.341012490423104,1.5350171704041335,26
3.421440896235014,-3.568740985895458,55.5650816465679,3.592192348680998,1.660130986257603,26
3.5081662818005213,-3.5033713641919597,55.3601000434474,3.5091486918298824,1.7751110258855316,26
3.4920978122635886,-3.8719868534489703,56.79520431317783,3.89235958300139,1.6341563314199437,26
3.4866308413053813,-4.409499846006693,58.0191505833676,4.457628074445222,1.4417329116871485,26
3.482528424576709,-4.4422361819367655,56.78162569748727,4.484636633019697,1.4058750875686346,26
3.486154289622056,-4.375097826907507,54.518378558911735,4.404925779292456,1.435618554290971,26
3.4361866853739085,-4.353680977695867,51.19316746059217,4.40851483533257,1.36000126364984,26
3.411773480867085,-3.905826631345244,53.72742321616728,3.927874715704664,1.4642882284365208,26
3.36101005579296,-3.801883951613777,55.29397954438863,3.803374298309025,1.423861136561947,26
3.2409419950686003,-3.99954283551166,54.23741285424484,4.007407191552614,1.289102820973647,26
3.188694713931335,-4.201159985441911,55.064221582914655,4.2195636535945695,1.1865449822262717,26
3.245834670568767,-4.080984968888133,53.69432971352025,4.073109137384516,1.2879735074545209,26
3.269088825112895,-3.845384989914141,56.04579142520304,3.831854202245411,1.354169433838443,26
3.246590093562477,-3.9830773849236354,58.39882920917713,3.986029584156841,1.2896999073655977,26
3.255467137223796,-3.947460682768571,60.154423362330384,3.948372334241868,1.3015496424938502,26
3.265262854726691,-3.814858424036126,60.57029784353156,3.814428078500848,1.327112743729039,26
3.199210468091461,-3.657486247388938,58.42877611361049,3.648632436990736,1.3092358253504095,26
3.0930426120758057,-3.5047367811203003,54.52938556671143,3.515783369541168,1.2709003686904907,26
3.1281666081202664,-3.7242152126211887,53.29038725401225,3.7432656194034393,1.288832759386615,26
3.1691783101935136,-3.991677704610322,50.25429996691254,4.015971899032592,1.2761144543948926,26
3.28534734719678,-4.0162085765286495,51.94781022322806,4.022937495457499,1.3886655388694062,26
3.361695211184652,-4.05509038347947,54.26328960217928,4.054473130326523,1.4176388147630186,26
3.284882134512852,-4.085112452507019,54.71313905715942,4.077673987338417,1.316576769477443,26
3.147364817167583,-4.116543945513273,57.62693605924909,4.106249658684981,1.1720191240310665,26
3.0788142257615143,-4.071931293136196,61.717450869710845,4.05234935722853,1.074998415614429,26
3.158351342929037,-4.122785185512743,61.03670170432643,4.111122401137101,1.1368969741620514,26
3.2157859849302395,-4.206048761543475,60.17315066488165,4.231263069730057,1.1819935276320108,26
3.31623898054424,-4.194279683263678,62.22915358292428,4.25294828414917,1.313063583875956,26
3.4185337941897544,-4.093696619334974,62.6332348773354,4.144417869417291,1.4344185473103273,26
3.4290076525587785,-3.9533552370573344,58.96932536677309,3.9630587195095264,1.4594178105655469,26
3.43116254712406,-3.882408807152197,56.20828949777704,3.889353519991825,1.505276876060586,26
3.3535996863716524,-3.655682036751194,59.29031191374127,3.6712441695363895,1.4602926969528194,26
3.282367609049144,-3.712788236768623,60.75929240176552,3.726806963744917,1.3832912907788624,26
3.309201453861437,-3.72186143147318,61.86604429546155,3.7519904186851103,1.4285132383045396,26
3.2572638110110623,-4.067540275423153,62.003195486570654,4.132373245138874,1.2982792038666555,26
3.0846620986336144,-4.320955891358223,61.42369230170001,4.369153424313192,1.081861906930019,26
3.10557833313942,-4.06804496049881,63.4984016418457,4.074186563491821,1.089256152510643,26
3.177337160235957,-4.19080092405018,61.05526668147035,4.199899824042069,1.1390121579170234,26
3.193244805461482,-3.8421139152426487,59.169429854342816,3.8346576847528175,1.2384647570158305,26
3.1593337059021,-3.889722648419832,61.41083225451018,3.912764423771909,1.2025490309062756,26
3.193546949248565,-3.8599332147522953,62.036170833989175,3.872570789174027,1.2289134781611608,26
3.274062423329604,-3.6988772122483504,59.43081143027858,3.7127888735971952,1.3600054822470011,26
3.293555454203957,-3.808382136257072,58.71689778880069,3.832819119880075,1.380590318849212,26
3.23408175769605,-3.946484082623531,58.71895860370839,3.967740083995617,1.3015696845556557,26
3.153539792487496,-3.5028348220022103,62.41114285117701,3.5021074226028044,1.228050042924128,26
3.139521263147655,-3.543609019957092,63.0491710964002,3.561051214996138,1.2524296123730507,26
3.182217370522649,-3.316188260128627,63.61914531808149,3.342230274489055,1.3634932268606974,26
3.1784559927488627,-3.1033522329832386,64.03202056884766,3.1708100093038465,1.4136706716135927,26
3.0046870724151007,-3.525609413259908,60.8972365981654,3.602309120328803,1.232244851557832,26
3.047036233701204,-3.408295345933813,60.02153311277691,3.4700245857238765,1.2629715408149516,26
3.126174475017347,-3.844456117404136,60.62936413915534,3.93255869338387,1.2441633578978084,26
3.083018240175748,-4.039633387013486,61.48488074854801,4.095500155499107,1.1437334700634592,26
2.9687398185855467,-4.266376162830151,60.3750847515307,4.302811440668608,0.9754953756928448,26
2.7711637616157523,-4.28950954738416,60.90746362585772,4.270852452830263,0.8308420259701569,26
2.577526851704244,-3.7360734719979063,63.28981462277864,3.620249635294856,0.5883135505412753,26
2.526084423065185,-2.5707948207855225,60.772708892822266,2.5282530784606934,0.4119479954242706,26
3.916860580444336,-0.5435193181037903,32.10737609863281,0.4498118758201599,0.4407550394535064,27
3.825994071960449,-3.51482897122701,43.81574457804362,3.614988516171773,1.533822589715322,27
3.8013203144073486,-4.212025559743245,45.019588979085285,4.257621078491211,1.68887460231781,27
3.838438901901245,-4.086296510696411,46.58036766052246,4.143812141418457,1.8292566895484923,27
3.846924861272176,-3.9978576469421383,47.27751917521159,4.052583446502686,1.86866223971049,27
3.8716898441314695,-3.8205788373947134,47.11105753580729,3.878702179590861,1.9639016588528952,27
3.886713094711304,-3.4273116970062256,44.701225128173824,3.474340410232544,2.1177391624450683,27
3.7802163410186767,-3.7801424837112423,45.55594408671061,3.8020670557022096,1.9143517057100927,27
3.775908734003703,-4.17274310429891,46.37352040608724,4.185505561828613,1.7685067717234293,27
3.8193452548980713,-4.030637884140015,44.249570999145504,4.048352642059326,1.8471069312095645,27
3.7949560642242433,-3.903406651814779,44.00093027750651,3.9229605356852217,1.8825143416722612,27
3.723454179763794,-4.117714621225993,49.01178657531739,4.125561987559001,1.724590610663096,27
3.708150310516357,-4.179495067596435,50.34705047607422,4.177000274658203,1.6991166496276855,27
3.605349071820577,-4.431000617345174,54.559980138142905,4.462413431803386,1.5267531132698058,27
3.5532767327626544,-4.256096992492676,57.03800084431966,4.27124818166097,1.5072806119918825,27
3.553033399581909,-4.225109672546386,56.725165939331056,4.247727966308593,1.5029747843742371,27
3.593786106109619,-4.244877109527588,54.898890024820965,4.267457828521729,1.5422664578755696,27
3.656170341173808,-4.011157245635986,51.65898137410482,4.0311708227793375,1.6691443308194478,27
3.6743910789489744,-3.696379461288452,47.71450378417969,3.713369960784912,1.808337664604187,27
3.5542326752344766,-3.926806912422181,45.70381322224935,3.9378604936599735,1.6344724003473916,27
3.675241978963217,-3.8484994093577063,48.48777465820313,3.852819172541301,1.8250317255655928,27
3.757493114471436,-3.972933239936829,50.45088745117188,3.974673142433167,1.8645546984672547,27
3.8021604760487873,-4.121875495910645,50.206254425048826,4.125927397410075,1.833572317759196,27
3.774507673581441,-4.08766861597697,48.02342882792154,4.105529527664184,1.7791927051544187,27
3.635255737304688,-3.992068462371826,45.65010986328125,4.001874017715454,1.6499871349334716,27
3.5451957384745283,-3.971657832463582,47.99021402994792,3.953782717386882,1.5908899505933127,27
3.632520157496135,-3.902801624933879,51.56568059285482,3.8932424545288087,1.7307381200790406,27
3.681598653793335,-3.807760901451111,48.941147308349606,3.784672088623047,1.806562833786011,27
3.732624553044637,-3.6930050532023113,46.05446166992187,3.679340089162191,1.9040458536148075,27
3.754078203837077,-3.5335412391026813,45.48335159301758,3.511709904670715,1.9907095766067504,27
3.712007474899292,-3.671068668365479,46.47609100341797,3.647292757034302,1.912628364562988,27
3.628995164235433,-3.9933590030670167,48.41522206624349,3.961223098436992,1.698479274113973,27
3.621456473668416,-4.088885631561279,50.64909159342448,4.064724814097087,1.6569056860605875,27
3.687941417694092,-3.9627750062942506,51.43399070739746,3.950872764587402,1.7745364904403689,27
3.612769549687704,-4.404887161254883,53.52722778320312,4.432268466949463,1.5504462766647338,27
3.5956883827845254,-4.077362402280172,57.09330774943034,4.0933611234029135,1.624253332614899,27
3.638708934783936,-3.9406838321685793,54.69890563964844,3.9497673416137697,1.6564887046813963,27
3.606667563120524,-3.789011623064677,49.65267280578613,3.785207058588664,1.684165705839793,27
3.5387584654490145,-3.811615845362347,49.14255549112955,3.8125385951995865,1.6443078104654938,27
3.305436701774596,-4.113839387893677,46.938520126342766,4.136011762619019,1.3460726976394644,27
3.204427131017049,-4.04872776667277,46.99679438273113,4.033446788787842,1.2840714852015178,27
3.241882111231486,-4.135717064539592,50.24306279500327,4.117568991978963,1.2890800015131634,27
3.3814310169219977,-4.186170463562012,53.05259033203125,4.179228496551514,1.3957569265365608,27
3.393784578641255,-4.199491211573283,54.37644404093425,4.2115430132548015,1.4057665634155267,27
3.271748533248901,-4.174284133911132,56.33437189737957,4.178600889841715,1.2646927277247109,27
3.3150120735168462,-3.9192811727523793,56.72368164062498,3.907842969894408,1.347826862335206,27
3.478027979532878,-3.5875209967295327,49.79321980794269,3.5808664353688555,1.67086579322815,27
3.473684889475505,-3.972011734644572,50.1433415222168,3.9923711585998536,1.578867410024007,27
3.560169477462769,-3.6457110309600815,48.80593200683592,3.6188474750518784,1.748867182731629,27
3.617209218343099,-3.763076183001202,46.90511828104655,3.758517386118573,1.7891149528821306,27
3.633800586064656,-4.358349800109863,48.319543202718094,4.37906805674235,1.6135057608286536,27
3.549756150245666,-4.4917587947845465,47.56259124755859,4.524852695465088,1.449713473320007,27
3.441823825836181,-4.553521092732748,50.57967829386395,4.607795340220134,1.3343104394276937,27
3.4231907415390017,-4.594632978439331,55.71937533060711,4.676969779332479,1.3128969526290897,27
3.4671348571777343,-4.26764772415161,55.24467147827148,4.2954825592041,1.410188064575196,27
3.4503708283106485,-3.946006329854329,54.02209752400717,3.954546085993449,1.483799894650777,27
3.371101601918538,-4.109232101440431,57.68768000284831,4.138090985616049,1.36098571618398,27
3.3276267337799075,-4.347544813156127,57.58651306152343,4.390806913375854,1.2609894824028018,27
3.48018921216329,-3.978983669281005,55.49944992065429,3.9927921803792312,1.544782695770264,27
3.4867265621821084,-3.927277226448059,53.56011380513509,3.929963706334432,1.5603327043851216,27
3.51871657371521,-3.911918354034424,53.15634689331055,3.915134716033936,1.5944412708282474,27
3.5120903301239013,-3.810167961120605,55.60542617797852,3.81616824944814,1.635242369969686,27
3.52691032409668,-3.74962472597758,57.48091049194336,3.7535440889994303,1.6269183842341108,27
3.575094437599182,-3.821580848693848,54.3403042602539,3.825854125022889,1.6972228956222533,27
3.482939732869466,-4.152164045969645,52.72086293538411,4.162600015004476,1.481234868367513,27
3.475982602437337,-4.170082012812296,49.95200831095377,4.183646853764852,1.4704324285189312,27
3.5121654319763183,-4.020916805267334,50.74115203857422,4.022472057342529,1.5694759750366212,27
3.4737636645634966,-4.09255895614624,50.50303713480631,4.099138078689575,1.4902518002192178,27
3.3919294675191245,-4.150784962972005,48.499833984375,4.166019509633382,1.3890624380111694,27
3.293545923233032,-4.23656907081604,48.47430046081543,4.259022731781006,1.2935276722908018,27
3.207366943359375,-4.220522085825602,51.27820307413737,4.22793477376302,1.2138203461964925,27
3.3499966510136923,-3.733060825665792,53.13317830403646,3.694755611419677,1.4822096935908,27
3.468460893630981,-3.2087036991119384,56.60856140136719,3.1640444660186766,1.704752860069275,27
3.429356689453125,-3.500574227968852,55.09912618001302,3.49091286500295,1.6327915509541828,27
3.4285148588816323,-3.539764238993327,51.04565689086914,3.521742429733276,1.6389417680104574,27
3.497147798538208,-3.5712627172470093,49.58657264709473,3.5582131147384644,1.7283840775489807,27
3.569726400375367,-3.844220269521081,50.69342458089193,3.836870714823408,1.7157971286773672,27
3.5255443318684896,-4.017961130142212,50.78165031433105,4.0022495031356815,1.604228247801463,27
3.4251980495452874,-3.919058170318602,56.92412261962894,3.903978586196898,1.4961751365661606,27
3.334062657356262,-3.695217792193095,53.81910161336263,3.648053933779399,1.4557117629051208,27
3.3288462003072103,-4.207193470001225,53.222463480631525,4.24521938959758,1.3372722625732414,27
3.461020503044128,-4.144356689453125,53.163980865478514,4.148285598754884,1.4934818744659422,27
3.489861685434976,-3.981188379923504,51.6124127705892,3.991309763590496,1.5752489503224676,27
3.332054513295492,-4.156065184275309,53.745093917846674,4.168213227589925,1.3452262004216513,27
3.240790414810181,-4.245866603851318,55.8434832763672,4.256354141235351,1.2176194429397582,27
3.2826706409454345,-4.217193460464477,56.089861424764,4.221711158752441,1.2661128282546996,27
3.261470263799031,-4.414834168752036,57.09627136230469,4.474431266784669,1.197277623812357,27
3.3966366910934447,-4.238155221939088,56.66085525512696,4.276902208328248,1.3848968124389645,27
3.5010682106018067,-4.137398255666097,55.10287363688151,4.167064660390218,1.5196677573521935,27
3.4653737592697147,-4.337371263504028,55.6794169362386,4.387212855021158,1.4193596188227338,27
3.382207536697387,-4.479091167449949,57.7210304260254,4.553026294708251,1.2839042663574216,27
3.3877240753173825,-4.233321450551351,58.1723016611735,4.262782017389934,1.3378283468882242,27
3.4883592669169112,-4.143515154520672,57.13732264200845,4.1692129770914725,1.4855265855789184,27
3.483362255096436,-4.462528142929076,54.75038276672364,4.526632070541381,1.3862101984024051,27
3.4571632734934488,-4.372970860799152,53.312002868652336,4.43178585688273,1.382733332316081,27
3.4210170030593874,-4.3007639726003015,53.26924845377604,4.354576142628988,1.3583928465843202,27
3.4002481746673587,-4.241804447174071,53.61183029174804,4.281052112579344,1.3381952333450329,27
3.462339108784993,-4.105859921773274,52.303802235921225,4.121178998947143,1.4586610277493794,27
3.5121583271026613,-4.037945798238116,51.16522923787434,4.047672958374021,1.5483310302098603,27
3.624597792625427,-3.4193893575668337,49.49423774719238,3.417777523994446,1.871759898662567,27
3.5978124141693115,-3.866226196289068,52.46014785766605,3.8995630741119447,1.76992122332255,27
3.5385666243235274,-4.161034440994262,53.85917536417644,4.160642286936441,1.5435351951917018,27
3.465984001159668,-4.279185829162597,52.910009765625006,4.283999004364014,1.425181946754455,27
3.397290064493815,-4.26835347811381,55.37713879903157,4.276125399271647,1.3603498005867003,27
3.4190579732259114,-4.079450448354084,56.60330891927083,4.07495183944702,1.4347801717122397,27
3.3882336616516118,-3.823779010772706,55.52164039611817,3.805771684646608,1.4618582248687744,27
3.27985813776652,-3.382748390833534,54.44837539672852,3.360673418045041,1.4442532364527385,27
3.295688654581705,-3.2432542292277007,53.05098871866863,3.23742736339569,1.5461439490318294,27
3.375440196990967,-3.4159773826599125,50.61789978027343,3.417483100891113,1.6497714376449586,27
3.380246362686157,-3.667285176912941,49.1549865468343,3.6616106160481743,1.5986291233698535,27
3.357918389638265,-4.277514521280925,52.28114827473961,4.299929364522299,1.382537738482157,27
3.4145753574371334,-4.002858920097352,57.595483169555656,3.989549055099488,1.5003926229476932,27
3.410709660847981,-4.035603809356689,56.436120808919256,4.0229633458455405,1.4366538763046264,27
3.283565446535747,-4.192422192891438,55.07859959920247,4.221089541117349,1.2782533677419037,27
3.1611540126800537,-4.16499032974243,56.99707962036134,4.178933334350584,1.1634342432022096,27
3.1814481973648068,-3.8893362919489554,59.7513017018636,3.8735809405644734,1.2146876732508336,27
3.2679321352640787,-3.936194566090904,60.53435943603515,3.9398891258239774,1.2950594250361118,27
3.204229440689087,-4.470406074523925,59.418103332519536,4.546580924987793,1.1172951865196228,27
3.3041047382354742,-4.13903485616048,58.48058405558268,4.160775470733641,1.318437318801881,27
3.4369640986124668,-3.608726285298668,56.54269617716472,3.6084989627202377,1.5802692294120777,27
3.4062555789947506,-3.863244915008547,55.35395889282226,3.912204790115359,1.4879272937774648,27
3.349551417032877,-4.22728585243225,56.12206120808919,4.271393095652262,1.3303251171112056,27
3.409672530492147,-4.182462736765543,57.3789306640625,4.209396158854166,1.4099275747934978,27
3.402260346412659,-3.921060009002686,57.75032814025878,3.916640977859497,1.4660634779930122,27
3.288014707565308,-3.916646951039633,59.49843134562175,3.926633021036784,1.3317996692657468,27
3.326683441797892,-3.9210275808970136,58.618141810099296,3.927472074826559,1.3805458347002657,27
3.478795547485352,-3.8106907367706295,54.62109725952147,3.812764873504638,1.5869957733154303,27
3.533110979398092,-3.607946917215984,52.62712895711263,3.6183214282989513,1.7301278765996293,27
3.482016547520955,-3.6166206359863287,55.23424830118816,3.616193946202596,1.6616795317331947,27
3.372885231971739,-3.8057143735885655,56.39133827209471,3.8027091264724766,1.4945082759857151,27
3.15662727355957,-4.014655685424805,52.91790059407551,4.02651408513387,1.2517017841339109,27
3.1627570517857877,-3.982028752962748,54.16603385925297,3.972278542518615,1.2604571970303855,27
3.153446588516235,-3.950854148864746,58.20495529174806,3.930554046630859,1.2284855079650878,27
3.0653339751561477,-3.802332331339516,59.45095443725585,3.761893237431842,1.1452023895581558,27
3.068027540842692,-3.823509397506714,61.31155731201173,3.80113780339559,1.1470424175262453,27
3.1740935564041157,-3.8234201431274384,64.08022727966309,3.8257433176040623,1.2161108732223525,27
3.2572197500864664,-3.433790988922119,61.81480417887369,3.436735916137695,1.388739134470622,27
3.190786860783894,-3.491653709411624,59.61847852071124,3.525039734840396,1.3469925212860094,27
3.088399877548218,-3.890998659133912,57.71496948242187,3.94599931716919,1.1869999313354491,27
3.1412116050720225,-4.180609172185264,56.873910319010406,4.225340798695884,1.1656429537137354,27
3.2235102017720543,-4.449079004923503,58.586306254069015,4.522850863138835,1.1679019530614216,27
3.2137295532226555,-4.233436822891228,59.12609199523924,4.267329177856437,1.1947113704681405,27
3.1974546845753986,-3.582453870773316,58.204885508219405,3.572270043690999,1.2837306467692058,27
3.229572717348734,-3.5178347333272293,63.54871739705406,3.5289277489980053,1.3523395872116086,27
3.1005766201019287,-3.289919023513794,63.870287780761714,3.2897074127197263,1.2556035470962523,27
2.8009112278620374,-3.183774320284525,57.10804926554355,3.2138186375300086,1.1230559508005762,27
2.748102633158366,-2.946619488398234,58.35523493448893,2.9811526362101235,1.1586328649520874,27
2.861810374259949,-2.96875951766968,61.1146464538574,2.979472365379336,1.2205887126922612,27
2.7605487950642904,-3.178187929789225,56.12975906372071,3.2566876220703125,1.177630558013916,27
2.521454490025836,-3.240196350415549,53.90796035766601,3.333142439524333,1.0107855002085366,27
2.4133141040802,-3.2443177700042725,53.95564270019531,3.274988889694214,0.9000608325004578,27
4.090203762054443,-0.2538747191429138,32.866790771484375,0.1915364861488342,0.140832707285881,28
3.9089132043339263,-3.3336480399906234,43.557668058664206,3.4555433420526898,1.7828362396099424,28
3.833217472038013,-4.000562632643937,43.09887014299431,4.019865416840419,1.7919247870477253,28
3.874907571997418,-3.976533636950807,43.21592924898903,4.017549722786717,1.9139775837827848,28
3.8603381166522137,-4.128058711954411,45.5963560782823,4.181960025889762,1.862726221948662,28
3.815028262618404,-4.006427579278114,45.90481262719071,4.046191519538828,1.823635926182638,28
3.832270439839203,-3.968977867356883,43.67831443940233,4.017978901831095,1.8670833806863567,28
3.859334664056765,-3.77767141713392,44.90698723505008,3.8162264247868687,1.9931083989623408,28
3.855759756677103,-3.52008396987147,46.05637134321584,3.528615293886838,2.069957513937214,28
3.814280783570053,-3.603852302436061,44.08492880699619,3.605203762950513,1.9955601100153573,28
3.667433753109618,-3.856005999865948,43.39429166653012,3.843181238878493,1.7922730125836877,28
3.522955427233805,-4.368385254136668,47.377051129437135,4.376311129371592,1.468511679828567,28
3.540451936273767,-4.628623607174662,50.07630677191203,4.674709998521228,1.4007024909025871,28
3.594848674415742,-4.320185299687737,49.590454767214375,4.331889606962268,1.53941815251472,28
3.590047117847724,-4.169271686733169,47.1822811101107,4.178568407993189,1.563789473284011,28
3.5845492094155125,-4.133588064436944,47.14398587630099,4.143253198406041,1.5815509021682228,28
3.61463436344326,-4.112612167460807,48.43228922594314,4.114303985698111,1.623126646016268,28
3.636749200372888,-3.8051868205102495,48.45781533670105,3.7871279732492953,1.7285311174072673,28
3.624415445647784,-3.692306108922766,48.26480573615772,3.672778848033623,1.784396355584164,28
3.5474421561964404,-4.112921423560021,49.91244445391149,4.098111015038202,1.5679653826975983,28
3.600525414383652,-4.090645649289125,50.83961858045335,4.07830426196924,1.6328776266750873,28
3.589883106666924,-4.543051815673009,47.96287270360345,4.602141159492851,1.4552528002118104,28
3.5621019337801325,-4.200843314996502,48.11810512670735,4.220937063229964,1.544836605155228,28
3.6452865120548528,-3.821842745646535,50.21529014638606,3.815337325102532,1.7488734058085698,28
3.732046720965597,-3.816099682110268,49.162324150136655,3.8251022076446737,1.844883517930972,28
3.6602433415867344,-3.969508561511967,45.27558640345632,3.974478932835111,1.723373529094978,28
3.524268731174853,-4.20453727325337,44.5619203196276,4.220844905648455,1.520395570153358,28
3.6022026218823937,-4.105327247773241,46.30035966194716,4.102025598487598,1.6385016329336484,28
3.663006003271013,-4.153156939768952,46.62123517542077,4.15017006701271,1.6789994695842667,28
3.593094422513207,-4.062838115948159,45.41784519477179,4.054510689421789,1.615993851783292,28
3.4997997043916844,-3.9982417285842384,41.920904530774834,3.99551628099992,1.5456500661453143,28
3.5513531665673983,-3.996480327324579,41.93020606841015,3.989716984281604,1.6412079958307657,28
3.6293089933843423,-4.122672791449015,48.67302527203655,4.117268952747319,1.7086350173758185,28
3.420000249107412,-4.349109944081147,53.72837000085203,4.349081941899037,1.372306482903909,28
3.295706056108411,-4.6256821043539365,53.13532513100029,4.687902879394941,1.1748329649035565,28
3.3998314934288896,-4.302805308527595,52.80012094894512,4.320592701035058,1.3822407674469404,28
3.490621725184805,-3.880219211514365,51.32577704103201,3.861863377910333,1.5745613062941783,28
3.4791102025332865,-3.832378073826732,52.94387835304209,3.8313520482722554,1.5877709428736029,28
3.4537894229760906,-4.046292986645794,55.53937310340421,4.048518692887069,1.4808136656780373,28
3.458002920918817,-4.027415445186948,53.52668472904488,4.019870850863873,1.4785082492252324,28
3.519963502883911,-3.8552415562956126,49.73480385901944,3.846592413499052,1.614880991462093,28
3.555498156771564,-4.073564545420192,47.87275762365967,4.08321085872266,1.604969047059949,28
3.51271045447996,-4.108183639961602,52.07698624886121,4.1088683941220285,1.558027520275756,28
3.588411214367655,-3.6364570912098735,53.41138092143424,3.610662151503084,1.756997864518389,28
3.6447888092706666,-3.728966228113879,51.95300062550794,3.7331969145960455,1.797693036546643,28
3.645223566349721,-4.013167234075148,50.82942335397607,4.01147361409744,1.6970734548248707,28
3.60249877616063,-3.970397248364136,48.43885073565797,3.9638996204273824,1.6489913215573204,28
3.5361078569553044,-3.875734358025877,47.90671577709632,3.85277005970078,1.6252161536440757,28
3.4956774551596417,-4.221227841089235,51.32607458741873,4.22263993832889,1.4866438768054016,28
3.444034163583845,-4.2602541654702,53.45586285175093,4.256384619130384,1.415076927050648,28
3.4552310857196784,-4.298638212600811,53.33400603428784,4.309697343199045,1.4082118584805683,28
3.4277451614405487,-4.2143651815068806,52.44925208379758,4.2256435739914044,1.4004321042323276,28
3.345032426334868,-4.188910692330175,53.65783901342609,4.198504604749232,1.329401655485166,28
3.400101141641604,-4.055396259231055,55.66773198274958,4.056804084137782,1.4223977327346802,28
3.483380634512677,-3.710889601867472,50.72146209614392,3.688078609888987,1.618423949952093,28
3.428713142471826,-3.778118699989062,50.31122253725192,3.780332618111731,1.5670808745710647,28
3.4941039213398155,-3.599004839890756,49.05205912238,3.565683672092106,1.6768953584184576,28
3.570208855123328,-3.3698487425810537,48.437635434553926,3.349576953273492,1.891521754680864,28
3.562407716008641,-3.7125635003083466,53.250853800933626,3.7001848988885007,1.7500385334027713,28
3.4440710496582443,-4.055583435417021,51.49380841351196,4.034654706916552,1.4903370317996756,28
3.414525321666026,-4.178108394545997,52.32338845169784,4.167190590160805,1.425039719415191,28
3.420905497250141,-3.9289784095431335,51.9886505843809,3.896229972775351,1.4958300062473988,28
3.4038019900353964,-3.6355226679936368,49.28087656929991,3.601302644550402,1.5604558527069596,28
3.4399659249606547,-3.804841211178157,51.72524796556304,3.7951293263659367,1.5828983735718185,28
3.503778976082001,-3.915414922189393,54.53076189796397,3.90078257714342,1.5961679204198336,28
3.4982836470507936,-4.015876939632748,53.26189934647324,4.006761154072396,1.5520046221329864,28
3.440063310149532,-4.303162568367568,53.05183290315154,4.323013689693989,1.3971147953263865,28
3.486702632584027,-4.144928560961015,52.70809058375008,4.14769953209282,1.493902133615224,28
3.6163165489299183,-3.796503243030318,49.51399261679427,3.7920879837650574,1.7465227186279806,28
3.569063559474561,-3.978867870049188,46.4051472196643,3.9947618062064154,1.6386463322095428,28
3.5425959801513875,-3.94979733748724,48.56963015562736,3.937997225947028,1.6277296055083306,28
3.54467407488983,-3.999294554627181,53.11325961631414,3.98755404613162,1.6136574489158275,28
3.454122972168379,-4.13590305443578,56.16550906392551,4.12858725234166,1.4569567649956527,28
3.3711404192367658,-4.192216514741014,57.93245225944774,4.198506550500857,1.3548075384741662,28
3.428805664881764,-4.074837867045563,61.352832999005415,4.099068740870329,1.454026243030625,28
3.397013235412188,-4.062699276328887,59.98159948771436,4.067736283244703,1.4118385138927694,28
3.4557429480072632,-3.976513344169464,55.092877202386056,3.977922234759236,1.4916617366291522,28
3.484112939578575,-3.741025951884737,51.444118141327934,3.742200115383072,1.605274161236398,28
3.405397410360759,-3.957731746187145,52.46661735381056,3.9806880726910263,1.4782651326800358,28
3.2588813288899874,-4.24935525855762,56.05639571631515,4.273238057258145,1.2460228812774556,28
3.1232415093671557,-4.194491178397364,58.08435209645521,4.189106435583741,1.12021206369336,28
3.0884974578883027,-4.095892640568265,58.48386846452752,4.084307862608224,1.1035645792148263,28
3.3468706799833545,-3.828131277289168,59.38619101607563,3.850362931321933,1.4516885592633426,28
3.3647307901574472,-3.7849089123258657,53.219759333053766,3.801765851526453,1.4865743729892198,28
3.387830473432604,-3.725021111085111,51.773104904482,3.7438773820864273,1.5518781218752753,28
3.444962765546453,-3.6594963553767887,52.55238690472291,3.662017124611261,1.6210626619774224,28
3.403391310032582,-3.81396608224651,50.4538880674631,3.8103468738146256,1.5353942181440012,28
3.457727424250353,-4.268795013427734,54.00719472385892,4.291239504846151,1.464243490423932,28
3.5147878275621656,-4.194938154028566,56.81170846311839,4.198004258559054,1.5472235927645792,28
3.4046632987540835,-4.37279135748844,60.01477834202299,4.415945693150462,1.366214020940281,28
3.338787629300316,-3.875419178265061,59.74688106255245,3.872489093934138,1.3611334754316584,28
3.348413140981789,-3.946886011418077,57.633844926053264,3.975782003978752,1.3673449650706864,28
3.3369227207747083,-3.856461091329592,55.210847355375385,3.8661684109860666,1.400016561450573,28
3.3590759574966937,-3.62834441101791,50.80490178869877,3.630131167853438,1.500753509918315,28
3.448880731659447,-3.667168225217987,47.845494417536194,3.667668372992703,1.6257827273951273,28
3.4988174310466587,-3.2379355686622997,44.917023703555934,3.207760614036715,1.8504748864461904,28
3.5351880428775044,-2.716098527780315,49.16130076158766,2.6443930104274878,2.0042596855419594,28
3.4070928416796176,-3.6918890124199386,48.56088379725514,3.6873845206011073,1.6319559164495272,28
3.250508898856656,-4.204993100774369,49.08031279288683,4.191717067820915,1.3451417996579362,28
3.285223221618855,-4.049920888555136,51.9960406514622,4.000355589309803,1.3757093288754416,28
3.4214243280807595,-3.724974451449096,53.320436260044175,3.683771288634949,1.62888620043761,28
3.277121419074552,-3.8387747034930544,54.59410177141227,3.816415543524211,1.4076984632735297,28
3.336065685989072,-3.6568108933083976,55.18017360508042,3.620788907044688,1.5033412227694607,28
3.3539052841647363,-3.672509649455947,53.859620907162665,3.6596664118286735,1.5195300731082897,28
3.2693432593505656,-3.488175739377938,57.17159534940782,3.45378805486948,1.4621557837364656,28
3.33475526227247,-3.283209424690912,59.816851187072345,3.2866673581552184,1.5210866024030134,28
3.404891694152115,-3.410591075884416,53.72164312785103,3.4208156118456947,1.6612590391363875,28
3.411711792017789,-3.397864812172499,54.23186154973583,3.4078550594765065,1.6948836777834286,28
3.491304379981636,-3.401554338083969,56.05199120028706,3.412054330710594,1.7932029938537812,28
3.4157264728674166,-3.7139249616021255,54.85805554998003,3.7208289332037774,1.6017073144848737,28
3.267203364596272,-3.8665204704207854,54.46185842936471,3.863510823089804,1.3879292531301524,28
3.3078890758872825,-4.022699167264387,56.449568959690566,4.0271861217165945,1.37765804953223,28
3.446271654743476,-4.103389781593476,56.04948645470128,4.108573750361501,1.4814084208251643,28
3.4488150497410923,-4.087325326548327,51.99221330681103,4.089208650909014,1.482631494534896,28
3.3782242384532952,-4.301395317052035,52.14192138262243,4.332982812151813,1.3452035620708591,28
3.3589604828981745,-4.508783500466572,53.82105503466306,4.574824243583936,1.2697435449433807,28
3.3456731850668886,-4.563054292794042,57.72678941048227,4.657120006996513,1.255420145572432,28
3.3816890060501605,-4.288411988507985,58.52835349268563,4.33441174910373,1.3358218981915655,28
3.360143703102266,-4.171133729435453,58.62650693342988,4.215423209555196,1.3358160553362557,28
3.299422152090393,-4.287095165892735,58.59810792039707,4.338668832842934,1.2281225743709796,28
3.268765670341134,-4.305956526890697,56.84895086608476,4.351579867753407,1.2200709741387594,28
3.2348163159901664,-4.246709305167998,59.48517288617639,4.292056525313614,1.184481508779846,28
3.3454200117380024,-4.336068118178605,57.5451000392837,4.384722997678206,1.2824655203211226,28
3.345021972720255,-4.385691149922826,54.05434468928599,4.446818070123659,1.2845118333829328,28
3.346132521661336,-4.218159013146524,53.75323604097301,4.266194484377871,1.331342565133266,28
3.339696205702405,-4.246245179400346,56.556441492682296,4.30185753547105,1.3153459409739356,28
3.2346428912758043,-4.3437446011792895,57.85919719414424,4.394685156393371,1.1765112388854075,28
3.170721410904953,-4.1738006380580455,56.38369052042097,4.211166493844671,1.1583933942269944,28
3.3710890104306617,-3.753614363254317,57.72416845744086,3.7908606641244567,1.4875803913846104,28
3.2067938891033205,-4.173832733359111,59.96975759211802,4.237084916774057,1.2255776056507304,28
3.1257132731828112,-4.424831707205548,58.75263011855568,4.4789827846040655,1.0714790869079185,28
3.0833563708618983,-4.19231803945247,58.30833017746074,4.208067471549016,1.0796023143217868,28
3.082825663905816,-4.058090411576649,58.856600076560206,4.05631929115961,1.0867896624059483,28
3.1253327379290683,-4.24676137642572,59.81107565860617,4.272167999472389,1.0814991109323182,28
3.1941712926698203,-4.372821196613698,61.21697263269616,4.419256709566054,1.1197975873947132,28
3.288045684763248,-4.169367518200971,60.32126750562016,4.185606601254253,1.2669027779726365,28
3.3350082547872666,-4.185052580481408,60.1609868555261,4.218848404468306,1.3220821299008882,28
3.164423528133624,-4.159902694241313,58.44888059884912,4.199891429619502,1.1556897203394243,28
2.9456921487846635,-3.981554513009604,60.87599770974791,3.978702708378736,0.9831575039249149,28
3.0433309590256448,-3.5221514317813347,64.49293128916081,3.457868033607536,1.0759027796303655,28
3.1221703762976114,-3.3544221004383674,64.34642837831638,3.3472471509203814,1.2353083967362477,28
2.9925250895071347,-3.6430620043069686,64.92844851705048,3.664818946147121,1.1000067891690557,28
3.0259907981693344,-3.791404141675706,67.06068205353398,3.820322313564736,1.086853047345309,28
2.9423508468090294,-3.553371938283012,62.47045066372668,3.5656545370217136,1.057398398450557,28
2.938126223199319,-3.9247559845047455,58.97914535727279,4.016763280702112,1.0444951513469625,28
2.879864683087241,-4.236509719951039,56.73453135138393,4.319163674476162,0.9452473297215158,28
2.769400542214413,-4.4155062893093024,56.81766415282382,4.454041605827792,0.8444328760140701,28
2.6823294978813843,-4.5318135767175045,59.54991725947233,4.495636536771019,0.7506904654054839,28
2.484331515011372,-4.531278645432235,59.52809319720172,4.453278679175665,0.6267213993424539,28
2.335176944732666,-4.2767181396484375,59.13856887817383,4.177195072174072,0.4236760437488556,28
4.002415657043457,-0.4818517565727234,35.53714370727539,0.4113276600837707,0.4722873270511627,29
3.944518793196905,-3.434182223819551,44.22049803960891,3.540866045724778,1.823394253140404,29
3.8919461568196616,-4.069845971607027,42.6973747980027,4.112452870323544,1.8515756300517487,29
3.897484336580549,-4.020878314971924,43.054469517299104,4.072534356798444,1.9137384721211024,29
3.920148406709944,-3.915307521820069,44.10048148745582,3.9715808686755953,1.979125732467288,29
3.90407639458066,-3.820500373840332,44.88405300322033,3.8734378587631952,1.996379954474313,29
3.781200579234532,-3.9614545958382745,43.99585832868304,3.9827822617122095,1.807671342577253,29
3.683337370554606,-4.433555285135905,45.69839731852214,4.485384941101074,1.5717893441518147,29
3.525936626252674,-4.5908982413155695,49.93651362827846,4.659587156204951,1.385216230437869,29
3.555734464100429,-3.998414039611816,50.24339893886021,3.9946157591683527,1.5734621967588152,29
3.6000598044622514,-3.586597124735514,46.14397575741723,3.576136997767857,1.7551020327068512,29
3.631485655194237,-3.818966536294847,45.442212785993306,3.806890419551305,1.7658425683066958,29
3.7376536641802103,-4.14900929587228,47.87238584245954,4.154726641518729,1.7779476983206612,29
3.7186681770143055,-3.995224271501814,45.852575211297896,3.991635663168771,1.7678094534646898,29
3.8091657161712646,-3.5890130201975503,46.44714228312175,3.60563063621521,2.020195484161377,29
3.746784210205078,-3.811773232051305,48.14353561401367,3.80574141229902,1.882853371756417,29
3.7467165901547386,-3.801480157034738,49.16830117361887,3.7833906014760337,1.8778956220263527,29
3.7307663758595786,-4.156046912783668,50.67487317039853,4.163121564047677,1.7528386343093143,29
3.653316531862532,-4.1135662623814175,52.06541497366769,4.109264169420515,1.6462918349674769,29
3.588434900556292,-3.900079000563848,51.27828198387509,3.880090668087914,1.6218036299660092,29
3.57595842225211,-3.851981253851028,50.52551632835752,3.8336844671340216,1.6566493624732608,29
3.5196688175201416,-3.771209478378296,50.05553436279297,3.7389073371887207,1.640860915184021,29
3.50151268641154,-3.634914568492345,51.70208177112398,3.597840479442052,1.6715995357150122,29
3.510772500719343,-4.05326441356114,49.91667829241072,4.045346623375302,1.5527655794506985,29
3.527765716825213,-3.858829498291016,47.64852033342634,3.82998902457101,1.633887665612357,29
3.563957702545893,-3.887693541390556,47.17217781430199,3.8696169172014514,1.6699427706854684,29
3.579692068554106,-3.969849768139067,49.59946695963541,3.9498938832964217,1.664566125188555,29
3.5653118065425327,-4.019650970186506,51.279483795166016,3.999993801116944,1.6055934940065657,29
3.5439867178599043,-4.020238081614177,48.48838678995768,4.005944728851318,1.5860313574473066,29
3.648124115807669,-4.073118845621745,50.31992176600865,4.077284812927246,1.7144144092287337,29
3.5587728023529053,-4.138889857700892,52.41723687308175,4.128772122519356,1.5733850853783742,29
3.537152017865862,-3.688643841516405,48.40104130336217,3.652661720911662,1.6613440116246538,29
3.503287224542527,-3.813050440379552,51.853276388985776,3.8146333580925353,1.6613191422962006,29
3.5164405277797157,-4.118032659803118,57.76128169468471,4.122937815529959,1.5472604887826102,29
3.579239323025658,-4.178604330335345,56.42575218563988,4.1784850529262,1.5736850500106812,29
3.6227670510609946,-4.163756688435872,54.04615020751953,4.169589678446452,1.6254731019337971,29
3.5595815181732178,-4.148159163338797,53.20971243722098,4.149719987596784,1.5492320401327953,29
3.486642712638492,-4.264476549057734,55.29270408267067,4.283185391199021,1.4429508050282795,29
3.397202934537615,-4.398865722474598,57.63365845453171,4.446010339827765,1.3187117633365446,29
3.2882375376565114,-4.611392429896764,55.163190569196416,4.724524089268276,1.1442103726523258,29
3.282329491206577,-4.518915766761417,52.53861745198568,4.624807857331776,1.1787834848676404,29
3.354368209838867,-4.430776505243211,54.45795840308779,4.523526645842052,1.294721308208647,29
3.4674718379974365,-4.331658363342285,56.31246948242188,4.3975934982299805,1.4119848012924194,29
3.5742983590988886,-4.0493424733479815,52.374534970238095,4.073469911302839,1.6235137383143106,29
3.4954321157364614,-4.078827244894844,52.83339182535808,4.08936782110305,1.5094502028964811,29
3.521485464913505,-3.6610235146113808,50.84916850498743,3.645355531147549,1.6568086998803278,29
3.5304616405850364,-4.119056792486281,49.590639750162765,4.140058858054024,1.5481320165452506,29
3.588329076766968,-4.019697257450649,49.79618508475168,4.014413788205101,1.6457013005302066,29
3.6310936382838657,-3.8306753635406494,49.18130111694336,3.8177237510681152,1.7377571719033378,29
3.577386538187662,-3.9116632938385,48.53973642985025,3.9188383420308415,1.6968006690343218,29
3.3976492881774893,-3.875380391166324,46.8293560573033,3.85006460689363,1.525267016320001,29
3.401239258902413,-3.854356220790317,55.5887369428362,3.830112082617623,1.5291627815791542,29
3.3844381741115024,-4.253951708475748,57.60834684826079,4.255986100151425,1.3681597652889437,29
3.3308783145177934,-4.156405585152762,56.60461480276925,4.151450475056966,1.3267532132920763,29
3.4506231035505026,-4.124713012150356,54.52372578212192,4.132121358598982,1.451521652085441,29
3.545646837779453,-4.058896541595459,52.57305599394299,4.076003256298247,1.6054255565007527,29
3.506753921508789,-4.026665528615316,53.21686681111654,4.02682638168335,1.5367097854614256,29
3.5355441570281982,-4.007562637329102,51.58948462350028,4.005247184208461,1.5765513351985387,29
3.528455450421288,-4.284815947214763,50.77580134073893,4.309978553227016,1.491860832486834,29
3.4076531955174034,-4.323513462429955,51.94708669753302,4.353742803846086,1.3609968934740335,29
3.3891449996403287,-3.978649003165108,52.65204456874302,3.964311599731444,1.4206843035561705,29
3.416247129440308,-3.631665048145112,50.95277622767856,3.604865959712436,1.5501487255096442,29
3.425025281451997,-3.875260739099411,54.24962288992744,3.883061057045345,1.5407071794782368,29
3.441941261291504,-4.173872947692871,59.00743865966797,4.194877624511719,1.4485368728637695,29
3.424906083515712,-3.8730476243155336,55.01130748930431,3.848976589384532,1.4853253421329318,29
3.5084021659124467,-3.518271934418451,51.98585165114629,3.5115189098176502,1.7074367205301924,29
3.515620538166591,-3.807495253426689,52.54772949218752,3.805081946509226,1.6580827576773505,29
3.5122207573481967,-3.898037251972017,55.18494051978701,3.885408492315383,1.6279760258538385,29
3.4941204616001675,-4.315267017909458,53.157567887079146,4.342045170920236,1.4422221921739125,29
3.5285325050354004,-4.128351484026227,52.76904950823103,4.146879128047398,1.552371910640172,29
3.588845173517863,-3.873454411824544,54.25981012980143,3.8812506993611646,1.676007866859436,29
3.5512332121531167,-3.885192757561095,53.35913867042178,3.8777237392607207,1.6157059669494622,29
3.5104422569274902,-4.152007171085902,51.02291434151786,4.161454200744628,1.4964942761829925,29
3.476027170817057,-4.268111274355934,48.52901313418434,4.296544324784052,1.4403550851912723,29
3.5056928793589277,-3.8556229727608815,47.92353166852679,3.838162683305286,1.6064304794584,29
3.4493279116494318,-3.988660063062396,51.03966903686524,3.9828437396458223,1.5159575257982525,29
3.3933176767258417,-4.406423182714554,53.8080682300386,4.449515819549561,1.3215270780381698,29
3.301410675048828,-4.341502825419107,56.294106801350935,4.379654884338377,1.2496673266092937,29
3.2648953710283557,-4.261286939893451,56.847050258091485,4.289061682564873,1.205633623259408,29
3.2714953422546382,-4.317939145224434,52.930469694591686,4.354753130958193,1.231404911904108,29
3.213793084734963,-4.223169463021417,53.13176908947172,4.245527199336463,1.222825549897694,29
3.102094275610788,-3.735380922045029,54.62421689714704,3.716234377452308,1.1590299095426286,29
3.128908463886805,-3.5100565637860983,53.56261226109097,3.4739079816000804,1.2884461936496547,29
3.2703416915166943,-3.412250666391282,51.70715659005302,3.3885550158364435,1.49210436571212,29
3.30838942527771,-3.3771557807922363,49.66743087768555,3.3666818141937256,1.5734728574752808,29
3.302782444726853,-3.461802573431106,51.90898386637371,3.4331610997517905,1.5628985904511952,29
3.3172816776093983,-3.6011187689644952,56.943355741955,3.573842570895241,1.5211608920778543,29
3.258802924837385,-3.657828467232841,56.84096963065012,3.631214959280833,1.4319168499537875,29
3.3397666499728254,-3.797386044547672,59.60227221534368,3.797567185901461,1.4872992436091108,29
3.372850032079788,-3.771382138842627,63.56803349086218,3.798542737960815,1.5115690685453866,29
3.4252786636352544,-3.591615710939678,61.329639979771166,3.607281787054877,1.5977967126028894,29
3.303657213846844,-3.6647240320841465,60.35009765625,3.707399288813273,1.4620520671208712,29
3.276370423180716,-3.5190623487745025,59.076232183547255,3.539259059088572,1.4545098599933437,29
3.366625888007028,-3.5836551870618534,57.82997785295758,3.6244002410343694,1.5599825382232668,29
3.395351001194545,-3.7145056951613658,62.17361759004138,3.7644604955400736,1.5566662039075578,29
3.5127315407707576,-3.16731097584679,67.54479471842448,3.26974368095398,1.744135782832191,29
3.3488087313515797,-3.3729265076773505,66.26510838099888,3.4894116606031145,1.6148322990962434,29
3.1975843111673985,-2.9755376520610977,63.02204004923501,3.054757640475317,1.5126394317263645,29
3.039063294728596,-3.0339256922404,60.86476135253908,3.102651039759321,1.4670245250066118,29
3.089044366564071,-3.214818477630617,57.80577850341794,3.291641473770144,1.4648832082748422,29
3.214291788282848,-3.414213691438949,55.86205691383001,3.4867539405822767,1.5466931547437388,29
3.117399454116821,-3.4971620241800943,60.90543765113468,3.557528211956932,1.3711744603656584,29
3.1112689631325856,-3.4610796315329417,59.67183194841659,3.482162475585938,1.3487122058868406,29
3.217248258136568,-3.435593207677205,58.4689819699242,3.464000690551031,1.4582444429397583,29
3.2155644666580927,-3.5527707735697427,60.55887912568591,3.595837990442912,1.4245997951144265,29
3.286284685134888,-3.803004741668701,59.92942810058594,3.849121332168579,1.4007937908172607,29
3.328865380514236,-3.81292124021621,58.9806384132022,3.84575130825951,1.4653328373318628,29
3.2682801768893284,-3.738420452390398,61.5911109561012,3.7654100826808383,1.389771677198864,29
3.2035303797040666,-3.7872031756809785,62.40636335100448,3.808151653834752,1.3044720036642887,29
3.1778089205423994,-3.842254650025141,64.5448477608817,3.881302209127517,1.23480060554686,29
3.266102461587816,-3.879893836520967,60.60171944754459,3.899073986780075,1.323376757758005,29
3.330290862492153,-3.936534370694842,54.09297180175775,3.953962802886963,1.396789959498815,29
3.202870845794676,-4.315122286478683,53.87287012736006,4.404271761576339,1.2013748089472422,29
3.159049374716622,-4.133033252897719,58.40197826567149,4.156143074943909,1.1856045495896104,29
3.1894814627511163,-3.883001702172415,60.53851045880999,3.880862985338483,1.236619523593358,29
3.096992220197405,-4.100897266751244,58.63251713344029,4.103863625299363,1.1084822870436168,29
3.191392943972633,-4.018872703824724,56.64985493251256,4.014903534026373,1.2212113425845192,29
3.286062104361398,-3.5770519460950574,53.04462759835378,3.5659160954611635,1.4330705063683649,29
3.3404825869060697,-3.638104575020928,50.08554749261765,3.6460395654042577,1.5090437900452385,29
3.305644591649373,-4.040499687194826,51.26306660970053,4.0670113563537615,1.374617139498392,29
3.0343217849731423,-4.2473649978637695,55.59620230538507,4.264146055494035,1.0670050808361573,29
2.919360717137656,-4.188008512769425,59.93402117774604,4.119131905691963,0.9692256989933202,29
3.1294241178603426,-3.918363911764957,61.59534981137228,3.866533631370176,1.1470887944811907,29
3.3391020298004146,-3.699884210314068,58.22769709995816,3.6940184661320257,1.4168446234294343,29
3.372795695350284,-3.978730156308129,53.86666434151786,3.9939041818891257,1.4245262145996092,29
3.388520149957566,-3.846072912216186,52.37313860938662,3.8463286445254368,1.4969390460423062,29
3.201151132583618,-4.240725040435791,55.38701248168945,4.299152851104736,1.2104793787002563,29
3.1360801515125094,-4.122464861188615,57.82693717593239,4.11602158773513,1.1490030856359574,29
3.175902741295951,-4.063649154844739,59.4736195518857,4.064120428902763,1.1851672388258434,29
3.133834498269217,-4.131414890289307,61.508651188441696,4.1335432188851495,1.1265347174235747,29
3.044959125064668,-4.129992348807199,62.25428172520229,4.115445250556582,1.0295233896800446,29
3.0800361633300795,-4.098366714659191,60.937239147367926,4.0905350957598,1.0501691613878532,29
3.2184908730643143,-4.069675241197859,59.29611315046037,4.081045423235213,1.21865691457476,29
3.10280148188273,-4.252080599466959,59.328746795654304,4.301919619242349,1.082301259040832,29
3.163731313887096,-3.925957327797301,60.46037001836867,3.935808635893324,1.1920978001185818,29
2.994318178721837,-4.034248352050781,64.32523345947264,4.038745198931013,1.0191730942044948,29
2.9910262312207903,-4.008356662023635,63.24286506289528,3.978434381030855,0.9864364039330252,29
3.0951379140218096,-3.875553358168829,58.16815730503627,3.875397500537691,1.142487253461565,29
2.999713352748326,-3.8223234925951273,56.23701858520508,3.848184483391898,1.0859109844480244,29
3.1102938084375302,-3.711752289817445,56.23409961518787,3.728165717352003,1.209100127220155,29
3.3241624037424726,-3.352328697840372,54.038139343261705,3.3714358011881504,1.5582419633865363,29
3.131217241287229,-3.5660708291190044,51.7028307233538,3.61462930270604,1.3611410004752,29
2.8991440023694706,-4.029908657073978,54.63960992722288,4.043854213896255,1.0691787855965726,29
2.825802031017485,-4.173676763262066,58.01223754882813,4.119549206324986,0.9473842751412156,29
2.795423337391445,-4.036533287593298,58.762153625488274,3.957945517131261,0.9040486386844092,29
2.7117785158611487,-3.8663136391412647,58.65311377389091,3.797778390702747,0.8357120099521824,29
2.568716673623948,-3.798270066579183,58.65653628394717,3.779402006240118,0.7333173666681562,29
2.6220951080322266,-3.6980793476104736,60.123653411865234,3.6911137104034415,0.7342851758003235,29
3.886061191558838,-0.8453320264816284,38.70700454711914,0.8002703785896301,1.054628610610962,30
3.8473057746887207,-4.1112380027771,49.024410247802734,4.23238205909729,1.5031028389930725,30
3.8036763668060303,-4.354825019836426,46.727787017822266,4.428021430969238,1.642453670501709,30
3.824345946311951,-3.8364882469177246,45.9089469909668,3.886182188987732,1.864074409008026,30
3.806162118911743,-3.682985782623291,45.407958984375,3.725365400314331,1.915897846221924,30
3.761661291122437,-3.883478283882141,42.98669052124024,3.910634756088257,1.8287646174430847,30
3.8597357273101807,-3.870059967041016,42.32327651977539,3.9174420833587646,1.97858726978302,30
3.843340396881104,-3.7744120359420776,42.92084503173828,3.7881054878234863,1.98254269361496,30
3.876938581466675,-3.5819616317749023,46.61300659179688,3.598637819290161,2.1187686920166016,30
3.8114309310913086,-4.107993125915527,47.1897087097168,4.121578693389893,1.8293006420135496,30
3.785013914108277,-4.163826942443848,46.65739440917969,4.173812389373779,1.7668448686599731,30
3.832975149154663,-3.9221770763397217,45.83076286315918,3.938182711601257,1.892625629901886,30
3.899914026260376,-3.840779066085816,45.16654586791992,3.872063875198364,2.007376194000244,30
3.895512104034424,-4.09696888923645,45.86359405517578,4.135995864868164,1.9382581114768984,30
3.7370429039001465,-4.229053974151611,44.98444747924805,4.259022235870361,1.6775977611541748,30
3.662015080451965,-3.773205637931824,45.60263442993164,3.7595505714416495,1.744062900543213,30
3.613443613052368,-3.393738031387329,43.80771255493164,3.3476035594940186,1.853541374206543,30
3.7608273029327393,-3.624203085899353,42.85319709777832,3.6112951040267935,2.0045308470726013,30
3.80993914604187,-4.008152484893799,45.130348205566406,4.00314998626709,1.92435622215271,30
3.6918036937713614,-4.164059638977051,48.95513916015625,4.152142286300659,1.6986831426620483,30
3.5242629051208496,-4.037142753601074,51.26144409179688,4.004499435424805,1.5178135633468628,30
3.483323097229004,-3.956065535545349,51.7856388092041,3.9247392416000366,1.5158941149711609,30
3.590217351913452,-4.390209197998047,51.57846450805664,4.415158271789551,1.5271373987197876,30
3.6062958240509033,-4.387693643569946,45.470252990722656,4.450143814086914,1.528442919254303,30
3.597790479660034,-3.940202236175537,43.49656677246094,3.9555470943450928,1.664396047592163,30
3.6612472534179688,-3.875758647918701,48.34564971923828,3.873352289199829,1.7799872756004331,30
3.648051023483277,-3.918928623199463,49.322940826416016,3.902811288833618,1.7175039052963257,30
3.56665301322937,-3.865216374397278,48.266164779663086,3.837469577789306,1.6497827172279358,30
3.547351837158203,-3.8128528594970703,49.59564208984375,3.779953718185425,1.6457558870315552,30
3.555532574653625,-3.690613031387329,48.10639190673828,3.6533478498458862,1.714318573474884,30
3.63669490814209,-3.857473373413086,48.74774169921875,3.8394758701324463,1.773115158081055,30
3.659710049629211,-3.77055287361145,47.482330322265625,3.7411179542541504,1.814764618873596,30
3.647846937179565,-3.731327772140503,47.18378448486328,3.699395179748535,1.8164793252944944,30
3.644546627998352,-3.739930987358093,45.97102355957031,3.7046018838882446,1.800564706325531,30
3.6210455894470215,-3.7686288356781006,47.24404144287109,3.732595920562744,1.781774640083313,30
3.61817729473114,-4.136018753051758,50.306447982788086,4.120487451553345,1.6429439187049866,30
3.63097071647644,-3.958617210388184,49.64026641845703,3.9489104747772217,1.6672983169555664,30
3.65543270111084,-3.427004814147949,45.30375862121582,3.427752733230591,1.9176114797592163,30
3.525813341140747,-3.952671527862549,46.37972640991211,3.9422197341918954,1.6298283338546753,30
3.6188591718673706,-3.852123975753784,49.202632904052734,3.82572865486145,1.7593549489974976,30
3.5694050788879395,-3.901951313018799,48.8510627746582,3.867473602294922,1.6679149866104126,30
3.593615412712097,-3.47593355178833,48.58736038208008,3.432139754295349,1.8293663263320925,30
3.542572498321533,-3.872321605682373,49.06671524047852,3.8763229846954346,1.668419599533081,30
3.4477304220199585,-4.1045286655426025,49.74648094177246,4.087175369262695,1.4691596031188965,30
3.457045793533325,-4.07231330871582,49.80142593383789,4.051390647888184,1.4897953271865845,30
3.451180458068848,-4.209496736526489,51.94296455383301,4.2038733959198,1.4473384618759155,30
3.445817232131958,-4.287546157836914,54.70109558105469,4.288881778717041,1.41434907913208,30
3.5285626649856567,-4.222806215286255,55.17325019836426,4.232256650924683,1.52020263671875,30
3.502316474914551,-4.041023254394531,48.42971420288086,4.048854827880859,1.527656078338623,30
3.427986979484558,-4.129832744598389,44.27044486999512,4.166400671005249,1.4668862223625183,30
3.4218902587890625,-4.045303821563721,48.1094856262207,4.042602062225342,1.473049283027649,30
3.517116665840149,-3.883404135704041,53.51885414123535,3.872328758239746,1.6087306141853333,30
3.46422815322876,-4.297854900360107,54.16177368164063,4.298533916473389,1.435845136642456,30
3.513025999069214,-4.1579694747924805,57.969099044799805,4.169576406478882,1.5345042943954468,30
3.5373551845550537,-4.232972621917725,57.2880973815918,4.238949298858643,1.52162766456604,30
3.6309032440185542,-3.852601170539856,54.85951232910156,3.855169892311096,1.7339919209480286,30
3.61961030960083,-3.6063308715820312,52.42810821533203,3.616645574569702,1.7824121713638306,30
3.548525810241699,-3.643571496009826,50.202335357666016,3.6323686838150016,1.6943991780281067,30
3.479711532592773,-3.739490509033203,48.84044647216797,3.725319147109986,1.6325764656066897,30
3.3364956378936768,-4.0031126737594604,51.84543800354004,3.988163948059082,1.4063303470611572,30
3.3092846870422363,-4.303855419158936,53.90144348144531,4.307046413421631,1.2817323207855225,30
3.396510362625122,-4.193213701248169,51.8507080078125,4.188215255737305,1.4005873799324036,30
3.36944842338562,-4.317595958709717,50.110496520996094,4.351940155029297,1.3410810232162476,30
3.4205129146575928,-4.143409490585327,50.21120262145996,4.150531530380249,1.4400012493133545,30
3.4357292652130127,-4.141826629638672,50.973243713378906,4.157649040222168,1.448906183242798,30
3.4207152128219604,-4.322564125061035,53.94240379333496,4.356605291366577,1.3776605725288391,30
3.471020460128784,-4.19752836227417,57.01460266113281,4.229490756988525,1.4497555494308472,30
3.5405465364456177,-3.955658078193665,57.25446701049805,3.9723737239837646,1.5810295939445496,30
3.519878625869751,-4.301314353942871,55.52117919921875,4.328295707702637,1.4662834405899048,30
3.631602644920349,-3.776649594306946,50.9300594329834,3.784812808036804,1.755185604095459,30
3.6271252632141113,-3.354453563690185,49.90280151367188,3.353824615478516,1.8904093503952024,30
3.574553608894348,-3.2349289655685425,48.72555351257324,3.204236388206482,1.8914146423339844,30
3.393393039703369,-3.781953811645508,49.11151885986328,3.789776563644409,1.5812325477600098,30
3.19286847114563,-4.0726540088653564,53.56648254394531,4.0415239334106445,1.278766930103302,30
3.1117846965789795,-4.120664596557617,57.88905334472656,4.067653179168701,1.180919528007507,30
3.0240386724472046,-4.325086355209351,60.07962417602539,4.290505647659302,1.0296867489814758,30
3.077097654342652,-4.029982566833496,59.39413070678711,3.9698548316955566,1.1052680015563965,30
3.1152007579803467,-3.895687103271485,60.96894454956055,3.866373062133789,1.1392282843589785,30
3.2427423000335693,-3.775071859359741,61.80168914794922,3.772161722183228,1.303496479988098,30
3.24362850189209,-3.991957426071167,60.85815048217773,4.027909517288208,1.263391137123108,30
3.1837117671966557,-3.96301007270813,57.96907424926758,3.97629976272583,1.212341070175171,30
3.1744906902313232,-3.9651190042495728,56.85949516296387,3.9880369901657104,1.2173248529434204,30
3.2442667484283447,-4.185555458068848,58.44132614135742,4.220879077911377,1.2132905721664429,30
3.341472029685974,-4.188171625137329,56.76949691772461,4.212793350219727,1.3341593742370603,30
3.410783290863037,-3.9689621925354,57.35620880126953,3.97993540763855,1.477399230003357,30
3.314636468887329,-4.0766448974609375,59.52079391479492,4.105005025863648,1.3298164010047913,30
3.288644313812256,-4.148169040679932,57.52355194091797,4.163918495178223,1.2743178606033323,30
3.398918628692627,-3.891870141029358,54.98710632324219,3.89870548248291,1.473208725452423,30
3.3557300567626958,-3.769968032836914,54.6123275756836,3.790815830230713,1.4723106622695925,30
3.275140643119812,-4.001445412635803,56.68251991271973,4.027315855026245,1.3242332935333252,30
3.391390085220337,-4.085653305053711,58.31331253051758,4.116331100463867,1.4125384092330933,30
3.5623841285705566,-3.678088426589966,56.33755302429199,3.693795323371887,1.7288910746574402,30
3.5819010734558105,-3.361168146133423,53.36338806152344,3.3807532787323,1.8375544548034668,30
3.342907309532165,-4.192197322845459,52.894378662109375,4.252249717712402,1.363986611366272,30
3.110685110092163,-4.730125904083252,56.85001373291016,4.861682415008545,1.0248196125030518,30
3.186028242111206,-4.581431150436401,57.13528060913086,4.639083385467529,1.107740044593811,30
3.2963292598724365,-4.300097942352295,55.69590377807617,4.3331828117370605,1.263661503791809,30
3.3334513902664185,-4.157522201538086,55.575645446777344,4.179322719573975,1.3228185772895813,30
3.3651511669158936,-4.149881362915039,55.3561897277832,4.1649041175842285,1.3794422149658203,30
3.382673144340515,-4.16133713722229,53.0916748046875,4.181302785873413,1.3831913471221924,30
3.3720059394836426,-3.917733907699585,55.22368240356445,3.921719789505005,1.44389545917511,30
3.360406875610352,-3.943137407302856,53.81930541992188,3.941430926322937,1.403433322906494,30
3.25435733795166,-3.7904865741729736,51.77076721191406,3.788266897201538,1.353232502937317,30
3.103532552719116,-3.5505878925323486,54.93998908996582,3.499883532524109,1.261420965194702,30
3.049798488616944,-3.552480936050415,60.26354217529297,3.494304656982422,1.1984412670135498,30
3.0159804821014404,-3.918456315994263,61.72811508178711,3.872856259346008,1.1095603704452517,30
3.0618605613708496,-3.670535087585449,63.45272445678711,3.637742280960083,1.1036834716796875,30
3.243667244911194,-3.860234379768372,56.956031799316406,3.871079683303833,1.309271275997162,30
3.338224411010742,-3.998625040054321,57.73909759521485,4.036469459533691,1.4222910404205322,30
3.379716634750366,-4.25078821182251,58.75431060791016,4.290271759033203,1.3674171566963196,30
3.3657915592193604,-4.19965934753418,57.704627990722656,4.229381084442139,1.353204369544983,30
3.3416401147842407,-4.306802749633789,59.65375328063965,4.367398262023926,1.3050408959388733,30
3.3433384895324707,-4.425346851348877,61.44615936279297,4.497151851654053,1.2611324787139893,30
3.3174601793289185,-4.339006662368774,57.59416961669922,4.374444961547852,1.2419286370277405,30
3.250638484954834,-4.327464580535889,55.06013488769531,4.378397464752197,1.1972485780715942,30
3.278703212738037,-3.91530179977417,56.06496810913086,3.929533839225769,1.3177483081817627,30
3.365773916244507,-3.808162927627564,59.303802490234375,3.823662519454956,1.4555187225341797,30
3.225533604621887,-4.130276679992676,62.62075996398926,4.186850070953369,1.241564154624939,30
3.3051154613494877,-3.9371747970581055,61.044525146484375,3.970409154891968,1.35574471950531,30
3.437758207321167,-3.6490625143051143,56.69297409057617,3.680225014686585,1.5958082675933838,30
3.2664928436279297,-3.910254001617432,56.35457992553711,3.944501161575317,1.376012086868286,30
3.015460968017578,-4.281185626983643,57.562238693237305,4.3231706619262695,1.0516274571418762,30
3.0927839279174805,-3.8119711875915527,54.91845703125,3.77940034866333,1.1909788846969604,30
3.2700411081314087,-3.474009156227112,51.06978988647461,3.456426501274109,1.4763139486312866,30
3.275975465774536,-3.420703649520874,50.747535705566406,3.4108757972717285,1.5287047624588013,30
3.375524878501892,-3.708090543746948,54.265621185302734,3.700667977333069,1.5559476613998413,30
3.3460512161254883,-3.833298683166504,55.70274353027344,3.830826759338379,1.4788823127746582,30
3.2554802894592285,-3.829666495323181,56.12449264526367,3.811944365501404,1.3642667531967163,30
3.2829623222351074,-3.7788703441619873,55.94838333129883,3.7621119022369385,1.3942686319351196,30
3.290307879447937,-3.669560551643372,53.91157150268555,3.650062680244446,1.4411911964416504,30
3.35964584350586,-3.647479057312012,56.26005935668945,3.638784408569336,1.5343018770217896,30
3.283477306365967,-3.7801343202590942,57.68052673339844,3.773191809654236,1.4155908823013306,30
3.1060919761657715,-4.122735023498535,59.33425521850586,4.145617485046387,1.1510721445083618,30
3.0542752742767334,-4.089648246765137,59.8898983001709,4.075191259384155,1.0867776274681091,30
3.009146451950073,-4.292691707611084,61.13495635986328,4.309256076812744,0.992259442806244,30
2.9886633157730103,-4.358947992324829,63.28076553344727,4.351533889770508,0.9464455842971802,30
2.981961727142334,-4.168262958526611,65.61132049560547,4.111183166503906,0.9461142420768738,30
2.869759082794189,-3.861119031906128,65.62231826782227,3.767138719558716,0.8208301067352295,30
2.8114168643951416,-3.3598556518554688,57.574337005615234,3.362312793731689,0.9192124009132384,30
2.9802231788635254,-3.3993884325027466,54.82528877258301,3.4926538467407227,1.174148976802826,30
3.0952682495117188,-3.852082490921021,55.4516716003418,3.944974184036255,1.2028754949569702,30
3.1391955614089966,-3.839871764183045,56.07041931152344,3.8644415140151978,1.2347009181976318,30
3.1069979667663574,-3.747716188430786,58.40855407714844,3.746486186981201,1.2061368227005005,30
3.1325966119766235,-3.462736964225769,59.483154296875,3.4437793493270874,1.2597039341926577,30
3.1247925758361816,-3.291358470916748,55.6181755065918,3.310727596282959,1.3753584623336792,30
2.8639769554138184,-3.703794240951538,52.88480949401856,3.7518430948257446,1.1272113919258118,30
2.8402531147003174,-3.876426696777344,53.81942367553711,3.863076448440552,1.0094869136810305,30
4.052655220031738,-0.2738389372825622,30.22768783569336,0.203908622264862,0.1263962239027023,31
3.850960612297058,-2.408432483673096,46.08860397338867,2.44446861743927,2.080423891544342,31
3.804651498794556,-3.721669912338257,47.656856536865234,3.7296767234802246,1.921253323554993,31
3.788061261177063,-4.121251821517944,46.272199630737305,4.173400402069092,1.8140713572502136,31
3.649932622909546,-4.264942646026611,46.26423263549805,4.311474323272705,1.5876715183258057,31
3.6655973196029663,-3.9274486303329463,46.36042022705078,3.930729031562805,1.7125514149665833,31
3.814157485961914,-3.878720760345459,47.37246322631836,3.920726537704468,1.937452793121338,31
3.8280845880508414,-4.249592304229736,49.41531944274902,4.283617973327637,1.833040714263916,31
3.757301568984986,-4.468013286590576,48.29485702514648,4.516951560974121,1.6277951002120972,31
3.732070207595825,-3.927794575691223,48.6164608001709,3.953780651092529,1.7618901133537292,31
3.762016534805298,-3.749828338623047,49.4544792175293,3.764320611953736,1.8646286725997925,31
3.786336064338684,-4.063645243644714,48.025705337524414,4.088105201721191,1.8076905608177185,31
3.76689076423645,-4.135684490203857,46.511016845703125,4.167031764984131,1.7575976848602295,31
3.7842146158218384,-3.9625494480133057,48.14666175842285,3.985358357429504,1.829333484172821,31
3.7864041328430176,-3.827035188674927,47.608882904052734,3.837088108062744,1.8889399766922,31
3.743748307228088,-3.906808376312256,49.45622825622559,3.9092962741851807,1.8274502754211424,31
3.73789381980896,-4.093595504760742,49.1698112487793,4.096064567565918,1.7547703981399536,31
3.74651563167572,-4.043805599212647,47.085527420043945,4.052285194396973,1.768502414226532,31
3.7167208194732666,-3.821520805358887,45.39969253540039,3.816390037536621,1.801108956336975,31
3.664710998535156,-3.947950839996338,45.866432189941406,3.941778063774109,1.7325318455696106,31
3.6345391273498535,-4.16849422454834,48.25556564331055,4.164951324462891,1.624764084815979,31
3.637716054916382,-4.137975692749023,49.36138343811035,4.1309661865234375,1.6344908475875854,31
3.5997209548950195,-4.013279438018799,48.55625534057617,3.994693756103516,1.628299593925476,31
3.5275564193725586,-3.940103650093079,47.72040367126465,3.916612029075623,1.5843080878257751,31
3.519187688827514,-4.559017658233643,48.89219665527344,4.621780872344971,1.3918094635009766,31
3.588194727897644,-4.428333520889282,48.93588829040527,4.469561576843262,1.506494641304016,31
3.652082920074463,-4.534105777740479,50.15955352783203,4.599647521972656,1.5513975620269775,31
3.673145890235901,-4.421754121780396,51.31743049621582,4.477275371551514,1.5791154503822329,31
3.66006064414978,-4.240302085876465,50.23251724243164,4.272101402282715,1.5934078693389893,31
3.596819519996643,-4.213250398635864,50.19240188598633,4.236433267593384,1.5386467576026917,31
3.467970371246338,-4.064816951751709,50.11074447631836,4.063350677490234,1.4449971914291382,31
3.3363938331604004,-4.360296726226807,46.5573673248291,4.418835163116455,1.2769401669502258,31
3.452718734741211,-4.221279144287109,45.28115081787109,4.245117664337158,1.470846176147461,31
3.5666046142578125,-4.1384899616241455,48.3426570892334,4.139524698257446,1.617883563041687,31
3.5896270275115967,-4.242019176483154,50.95575714111328,4.2491607666015625,1.577968716621399,31
3.5179147720336914,-4.154215574264526,52.1314640045166,4.153919219970703,1.5048832297325134,31
3.393473863601685,-4.282255172729492,54.812744140625,4.299980163574219,1.3435444831848145,31
3.334887385368347,-4.573791980743408,56.99130821228027,4.655242443084717,1.1948984265327454,31
3.421351909637451,-4.401552677154541,53.15488815307617,4.447197914123535,1.351055383682251,31
3.41260313987732,-4.141599416732788,53.59980201721192,4.160554647445679,1.4076710939407349,31
3.426830053329468,-4.1527862548828125,52.01698303222656,4.16982364654541,1.4093574285507202,31
3.345322370529175,-4.245415210723877,54.08003234863281,4.289165019989014,1.3263309001922607,31
3.2809760570526123,-4.3645453453063965,56.44374084472656,4.416129112243652,1.2134158611297607,31
3.3434736728668213,-4.176793336868286,56.00385284423828,4.205605506896973,1.3203590512275696,31
3.48134708404541,-4.0211710929870605,53.554141998291016,4.039463043212891,1.5110629796981812,31
3.5220080614089966,-3.981682419776917,48.67105674743652,3.997109651565552,1.573567032814026,31
3.5806241035461426,-3.899457693099976,47.65889739990234,3.9073972702026367,1.6822117567062378,31
3.512597680091858,-4.313562393188477,48.4736213684082,4.3439013957977295,1.4722910523414612,31
3.512648820877075,-4.5324249267578125,49.20765686035156,4.591141223907471,1.3944450616836548,31
3.549896717071533,-4.272845983505249,49.420528411865234,4.296406984329224,1.5162934064865112,31
3.5633113384246826,-3.9339020252227774,50.46572494506836,3.923916339874268,1.6198301315307615,31
3.5510036945343018,-4.093752503395081,54.63421821594238,4.097702860832214,1.5671644806861875,31
3.462819099426269,-4.539036750793457,54.61324691772461,4.585572242736816,1.329526662826538,31
3.4925302267074585,-4.517653942108154,53.0873908996582,4.576275587081909,1.3751300573349,31
3.4955151081085205,-4.528231143951416,54.17283248901367,4.601578235626221,1.3903743028640747,31
3.494538187980652,-4.422355651855469,54.05198860168457,4.478984355926514,1.4000558257102966,31
3.47854232788086,-4.24117374420166,54.02984237670898,4.283322811126709,1.4277615547180176,31
3.5218642950057983,-4.238286733627319,56.38997840881348,4.282623529434204,1.4902575612068176,31
3.5883383750915527,-4.165624618530273,57.5397834777832,4.19782829284668,1.585866928100586,31
3.5485470294952397,-4.009432673454285,55.81208038330078,4.0094523429870605,1.561897099018097,31
3.5026097297668457,-4.170287132263184,54.77153778076172,4.180804252624512,1.4672693014144895,31
3.47789204120636,-4.001727938652039,50.53316879272461,4.003808498382568,1.5037383437156675,31
3.3623437881469727,-3.8300840854644775,50.62868881225586,3.827219247817993,1.4503300189971924,31
3.3561363220214844,-3.5911484956741333,51.74385452270508,3.551942825317383,1.51457279920578,31
3.4868266582489014,-3.766533136367798,54.21986389160156,3.760473966598511,1.6436455249786377,31
3.4871346950531006,-4.056585073471069,57.22175598144531,4.071966886520386,1.5663235187530518,31
3.3848094940185547,-4.183810710906982,56.86722183227539,4.199611186981201,1.3675851821899414,31
3.462458729743957,-3.999477982521057,52.95617485046387,4.000109434127808,1.5017549395561218,31
3.529132843017578,-3.5417261123657227,47.92559814453125,3.5348942279815674,1.732306718826294,31
3.479814291000366,-3.801671504974365,48.24509239196777,3.7949509620666495,1.624547243118286,31
3.4109926223754883,-4.03501033782959,52.1243782043457,4.017436027526856,1.4758998155593872,31
3.375092625617981,-4.167741060256958,54.70013618469238,4.15926194190979,1.3796533942222595,31
3.342736959457397,-4.265215396881104,52.80924224853516,4.283385276794434,1.3058160543441772,31
3.294548988342285,-4.094724178314209,49.10630798339844,4.110828161239624,1.3185436725616455,31
3.258056640625,-4.034226894378662,48.60296249389648,4.036423206329346,1.319483995437622,31
3.2267656326293945,-4.232388734817505,52.514760971069336,4.238186597824097,1.2295873165130615,31
3.2928307056427,-4.060516357421875,54.95141220092773,4.035674571990967,1.3298379182815552,31
3.193413496017456,-3.990325689315796,54.87485694885254,3.972731351852417,1.2406932711601255,31
3.2149500846862797,-3.679186820983887,54.7289924621582,3.645491361618042,1.329182267189026,31
3.351488947868347,-3.127023816108704,57.012882232666016,3.0871787071228027,1.5929424166679382,31
3.3388772010803223,-3.3492140769958496,58.04813766479492,3.377553701400757,1.577296257019043,31
3.218849539756775,-3.8823052644729614,56.95142936706543,3.90939998626709,1.3437737822532654,31
3.1416404247283936,-4.148266315460205,55.99916458129883,4.160967826843262,1.1925644874572754,31
3.1229416131973267,-4.032484650611877,56.19311141967773,4.019076824188232,1.1898526549339294,31
3.143819093704224,-3.485887289047241,58.007171630859375,3.4589102268218994,1.226817011833191,31
3.206084370613098,-3.455179572105408,51.19439888000488,3.4568941593170166,1.4211570024490356,31
3.153796911239624,-3.8633992671966553,50.34589767456055,3.903528928756714,1.3102978467941284,31
3.179097056388855,-3.867813229560852,53.911577224731445,3.840389847755432,1.3026708364486694,31
3.250349998474121,-4.215007305145264,55.04372787475586,4.235044002532959,1.243419170379639,31
3.3338210582733154,-4.232670068740845,55.14222526550293,4.244882583618164,1.3286586999893188,31
3.43398666381836,-4.038674831390381,54.81721878051758,4.037797927856445,1.4735897779464722,31
3.4429163932800293,-3.959324836730957,53.737531661987305,3.953033447265625,1.4931894540786743,31
3.4843838214874268,-3.833531379699707,53.81956100463867,3.829430341720581,1.593485713005066,31
3.360054135322571,-4.0437912940979,55.238128662109375,4.0523316860198975,1.4003407955169678,31
3.322744369506836,-3.799025297164917,55.02244567871094,3.771834373474121,1.4137272834777832,31
3.3080557584762573,-3.774518370628357,54.396650314331055,3.761893391609192,1.416788935661316,31
3.358636379241944,-3.79200291633606,58.444332122802734,3.795294523239136,1.4887162446975708,31
3.471489429473877,-4.068797588348389,59.55695724487305,4.0998375415802,1.497925341129303,31
3.5246341228485107,-4.261087894439697,56.80729293823242,4.276206970214844,1.543004274368286,31
3.484924554824829,-3.946683764457703,59.68450164794922,3.966321229934693,1.5462387204170227,31
3.3408620357513428,-3.925302028656006,57.50329208374024,3.924723863601685,1.3741744756698608,31
3.3496726751327515,-4.266359806060791,53.61856842041016,4.313827037811279,1.3073718547821045,31
3.36171817779541,-3.8582279682159424,51.03837585449219,3.8729476928710938,1.4463163614273071,31
3.4032427072525024,-3.610296130180359,51.01303291320801,3.60762107372284,1.5673197507858276,31
3.446162700653076,-3.8856899738311768,54.35215377807617,3.888573408126831,1.5585308074951172,31
3.4058830738067627,-4.129425048828125,56.268415451049805,4.129897594451904,1.4220896363258362,31
3.432868003845215,-4.277666568756104,56.81051254272461,4.289501667022705,1.4232522249221802,31
3.350669026374817,-4.094773530960083,59.79086685180664,4.111780166625977,1.3618466258049011,31
3.3307254314422607,-3.893049716949463,55.48586654663086,3.876810789108277,1.3772895336151123,31
3.353170871734619,-3.593180894851685,54.0373592376709,3.5862903594970703,1.5098451972007751,31
3.348407506942749,-3.849883317947388,57.13169479370117,3.872142553329468,1.4457987546920776,31
3.315108060836792,-3.976015686988831,59.69186019897461,3.988572597503662,1.3736793994903564,31
3.244568109512329,-3.9367170333862314,62.84646224975586,3.945968151092529,1.3111528158187866,31
3.146781802177429,-3.908144474029541,64.23650932312012,3.921849489212036,1.1802603602409365,31
3.307563543319702,-3.6675503253936768,59.65795516967773,3.6753785610198975,1.4191420078277588,31
3.502639651298523,-3.231378555297852,55.073997497558594,3.2709171772003174,1.7996805310249329,31
3.427446126937866,-3.866154670715332,52.6652717590332,3.926175832748413,1.5540276765823364,31
3.4845601320266724,-3.60780394077301,53.05390357971192,3.605861067771912,1.6900086998939514,31
3.501314401626587,-3.121244192123413,53.84556579589844,3.1058928966522217,1.841088056564331,31
3.422690868377685,-3.4092745780944824,55.99464988708496,3.4243714809417725,1.6865006685256958,31
3.3810651302337646,-3.827931880950928,57.01414489746094,3.836015939712525,1.516657471656799,31
3.3612762689590454,-3.822001457214356,55.98200607299805,3.815527200698853,1.496021330356598,31
3.2245936393737797,-4.378471374511719,57.45353317260742,4.423056125640869,1.20030415058136,31
3.1706117391586304,-4.382091760635376,57.84233474731445,4.403576374053955,1.1364115476608276,31
3.124064683914185,-4.169336318969727,59.44558334350586,4.172076225280762,1.1132770776748655,31
3.1354225873947144,-3.825343370437622,61.85545349121094,3.800754189491272,1.161733329296112,31
3.1678273677825928,-3.525059223175049,62.38645553588867,3.500171661376953,1.2442865371704102,31
3.138485908508301,-3.477275013923645,60.379743576049805,3.4828665256500244,1.2691158652305603,31
3.129064083099365,-3.642056703567505,59.1928596496582,3.6712586879730233,1.254768133163452,31
3.1953113079071045,-3.852995038032532,59.948856353759766,3.8870538473129272,1.2819589972496033,31
3.112842559814453,-4.050231456756592,57.5296630859375,4.074076175689697,1.1652324199676514,31
3.0896098613739014,-4.070294141769409,57.594194412231445,4.082943677902222,1.121725618839264,31
3.037186622619629,-4.096129417419434,57.2133674621582,4.10892915725708,1.0584806203842163,31
3.0108461380004883,-4.158035755157471,54.95903396606445,4.184189796447754,1.0299537777900696,31
3.067411422729492,-4.228177547454834,53.08160018920898,4.26529598236084,1.0779016017913818,31
3.1258044242858887,-4.251296520233154,53.93846130371094,4.27888035774231,1.130111575126648,31
3.140906810760498,-4.302687644958496,56.2010498046875,4.319713115692139,1.1086788177490234,31
3.0637413263320923,-4.331965923309326,58.123971939086914,4.336935043334961,1.049041926860809,31
2.92754864692688,-4.056325912475586,64.87884521484375,3.9967002868652335,0.8539500832557678,31
2.9916367530822754,-3.819061040878296,65.40645599365234,3.7204352617263794,0.9468221068382264,31
3.0214340686798096,-3.766721725463867,69.37406921386719,3.692272424697876,0.9585704207420348,31
3.044212579727173,-3.7459311485290527,70.87105178833008,3.6896564960479736,0.9882156252861024,31
2.982107639312744,-3.95419979095459,68.78009033203125,3.932802200317383,0.9458104968070984,31
2.785908818244934,-4.111165046691895,67.98461151123047,4.062431335449219,0.8090496063232422,31
2.641183853149414,-4.092412948608398,68.02042388916016,3.977776288986206,0.6858487725257874,31
2.598162055015564,-4.25162672996521,65.05582427978516,4.144381046295166,0.6924660205841064,31
2.665809631347656,-3.92469334602356,60.06985855102539,3.849744081497192,0.7464689612388611,31
4.031826972961426,-0.4767741560935974,37.24818420410156,0.4222196936607361,0.5369651913642883,32
3.9645748664592873,-3.201916551589966,45.46722172704237,3.3205981155921678,2.0085101440035062,32
3.891499081973372,-3.626478722999836,42.993400863121295,3.6674311292582544,2.02106142208494,32
3.860518587046656,-3.6003052629273515,40.80714332317484,3.628373507795663,2.0200121534281763,32
3.808978310946761,-3.8434719940711712,38.84671412500842,3.872464226032126,1.9152005968422725,32
3.762910349615689,-4.161957263946533,40.24521676425276,4.191219296948663,1.7654296324170868,32
3.806458167372079,-4.107531054266568,43.56306068157328,4.129099306566962,1.831770292643843,32
3.760319247739068,-3.8648790014201193,44.662061572897024,3.855051185344827,1.836557522313348,32
3.7353748847698345,-3.5598821492030703,45.13894311312971,3.5330276620799097,1.9281582297949955,32
3.8108706655173465,-3.326427250895007,41.67301717297784,3.311642888496662,2.1289154891310065,32
3.837043088057946,-3.3380131310430063,41.13650815240268,3.320559583861252,2.195572178939293,32
3.799702433882088,-3.792526161259619,45.32845235364191,3.767811691349951,1.9879444837570188,32
3.738459383208176,-4.199823159184949,49.20224935597387,4.179697040031696,1.7482385322965424,32
3.7055884525693696,-4.27459014366413,49.7262051023286,4.275902912534517,1.6429477872519658,32
3.693939452335752,-4.143748368888066,45.55891926206391,4.165101215757173,1.6773181709749942,32
3.65743928120054,-4.3751255561565525,46.24124211278456,4.4252249125776615,1.5880266592420382,32
3.7738588859295024,-3.8652568373186833,48.282553758292366,3.8988523368177743,1.883057113351493,32
3.7398369854894176,-3.924040133377601,45.489283726133145,3.937597500044724,1.793026798346947,32
3.7786387279115874,-3.595166640446104,42.99838401531351,3.589020516954619,1.963318045385953,32
3.696306795909487,-3.730684640489776,42.41455338576744,3.728434781370492,1.86689721633648,32
3.583769855828121,-4.095333181578537,43.92257098493905,4.081414452914534,1.6154855736370746,32
3.5732370738325447,-4.3484142599434685,46.18760352299131,4.34820205425394,1.5272019698702055,32
3.5197746918119237,-4.375099527424779,47.852537352463294,4.383545984070876,1.4452448450285813,32
3.5301657117646315,-3.999039217521404,47.86693946575296,3.967821811807567,1.589150777356378,32
3.5587989708472945,-4.074745839217614,55.009629979626894,4.0748232907262345,1.605157140205646,32
3.533845128684208,-4.108406231321137,51.65771273908943,4.0878034953413325,1.531745902423201,32
3.48857636122868,-3.7461916907080286,50.32494117473734,3.719727221850691,1.603445239724784,32
3.5372525790642046,-3.896383905410767,50.51754413473195,3.881926893365794,1.6167830105485588,32
3.522091928021661,-3.895673658107889,50.92285966544316,3.8773687971049338,1.6194279530952715,32
3.497938394546509,-3.9774536132812495,54.27971649169922,3.96274003982544,1.5549934387207032,32
3.532955087464431,-4.03136815695927,55.514922174914126,4.021810580944193,1.5744983985506251,32
3.5172944512860527,-3.895756384422039,52.33454900281183,3.8735989603503,1.582265300586306,32
3.597701610367874,-3.888904384086872,49.64203115002862,3.8874698836227934,1.7017668765166714,32
3.685996851427802,-3.921758635290738,50.81653323995656,3.927765321731568,1.8079385025747887,32
3.713107584262717,-3.872480910399864,49.1241948884109,3.86415433061534,1.8188804108521035,32
3.629941816987662,-3.522660633613323,47.08868197737069,3.494792247640675,1.829645683025492,32
3.623404167438376,-3.4149899104545858,47.506738412791286,3.376652947787581,1.8926580963463615,32
3.6977821859820135,-3.77643721021455,47.310905009302594,3.76159163507922,1.872305005994336,32
3.644984283118412,-4.04907246622546,46.23604712650694,4.034776378500051,1.7078322459911472,32
3.516995467810794,-4.233785987722464,49.00714845328497,4.221361498997131,1.499571077576998,32
3.464383289731782,-4.408844191452553,51.292323934620825,4.423658814923517,1.3831531384895588,32
3.609231838686713,-4.125442402938317,48.92736379689184,4.133569286609518,1.6359827395143178,32
3.6068865052584944,-4.230341549577385,51.59456584535796,4.251653888307769,1.6161775753415863,32
3.5810765940567544,-4.332772491718161,52.98026754445043,4.34997665471044,1.517828739100489,32
3.511142495582843,-3.95150989170732,48.00979445884965,3.9548546100484896,1.532888823542102,32
3.4975224692246014,-3.7536440306696406,42.991211332123854,3.75769694920244,1.628183714274703,32
3.5207311219182507,-3.802665345422153,45.9385299156452,3.777220566519376,1.671244955884999,32
3.4265245881573905,-3.8905319279637833,51.45682102071828,3.8411218528089854,1.531861893884067,32
3.389462168463345,-3.990514853904988,57.24715705082337,3.954737722462622,1.4684709450294238,32
3.4960483633238697,-3.545019674301145,60.8646172359072,3.5059060326937947,1.6853857040405282,32
3.5318265454522493,-3.796145800886485,60.49774853936556,3.822473517779648,1.648823680548832,32
3.543178828009244,-4.070115421558248,58.87854801046437,4.088642692565918,1.5889497937827275,32
3.599748106660514,-3.926674555087912,56.361139942037646,3.933419679773265,1.6709251666891165,32
3.5973424549760487,-3.889029443675075,53.23881159815295,3.905995839217615,1.6860167404700963,32
3.4366742380734143,-4.259674154478927,52.211594154094826,4.297980916911158,1.3937290972676768,32
3.414639867585281,-3.942747724467309,52.2822748381516,3.931566501485889,1.4616243880370574,32
3.491204625162585,-3.802047433524298,53.584975538582654,3.791680110734087,1.608174060130941,32
3.387411642074585,-4.265898027091191,55.792009524641365,4.3066542921395135,1.3717746529085884,32
3.378199291229248,-4.179225635528564,55.955448150634766,4.191371345520019,1.3675135612487797,32
3.4208545438174545,-4.032706428396291,52.63306377016264,4.0384020180537785,1.441029717182291,32
3.4523811833611853,-3.907072404335284,50.875623900314864,3.9096182379229303,1.5243362065019288,32
3.465312426665733,-3.9998219424280648,53.82544195240944,4.010710140754439,1.5399708624543804,32
3.3399328725091344,-4.119872681847935,58.04811351381499,4.13517085437117,1.3505473663066996,32
3.411407207620555,-3.8092114382776727,60.37520738798996,3.817131973135061,1.460954084889642,32
3.416957348790662,-4.228147490271207,56.62553482055663,4.253211537722883,1.3854319761539329,32
3.4533533803347884,-3.8413085690860087,54.10621971919618,3.829805702998721,1.5497488441138432,32
3.461711909853179,-4.107005484350799,54.30248955036032,4.133210849761965,1.4785118333224587,32
3.4779730106222218,-3.906785328634854,51.99185293789568,3.899292885023972,1.5418300751982064,32
3.3633217795141808,-3.7410723488906337,48.300166557575096,3.750076479747378,1.4974850539503424,32
3.179194710172456,-3.9704293908744033,49.453281086888815,3.96752292863254,1.2803338609892745,32
3.147574079447779,-4.187639006252947,52.27205973658069,4.173031757617819,1.1868028270787203,32
3.1269377067171296,-4.20943106947274,53.38497456517715,4.185329318868702,1.1631528451524928,32
3.167006809958096,-4.048921483138512,57.97646629070413,4.025604879445043,1.1953238166611768,32
3.378620167436271,-3.547382279100089,55.18103332519531,3.520138008841153,1.554480582270129,32
3.2895725940835883,-3.6889909678492057,58.646271041343965,3.712210739069972,1.4489824829430409,32
3.3207627493759686,-4.067087124133933,59.829450936153,4.095169840187863,1.347297623239715,32
3.368605610419964,-4.164347750565102,55.09156236319704,4.1831221416078765,1.3774803893319492,32
3.3704599248951883,-4.207955751747921,53.59623983975117,4.244454318079456,1.3810721241194632,32
3.4510107336373173,-4.204424200386836,56.90119792017445,4.238475062929349,1.4534579868974362,32
3.484622822136714,-4.050058118228256,56.29883059797615,4.053811346251391,1.5160276585611794,32
3.425002352944736,-4.02931359718586,54.92589437550512,4.037044508703826,1.457128331579011,32
3.604468921135211,-3.1634997302088257,56.39116105704472,3.1769934506251905,1.850863673769194,32
3.6747397061052,-3.2420622743409253,55.74116408249428,3.2927263605183565,2.0166861920521177,32
3.533840728628224,-3.765743964293908,51.83058561127761,3.7973711967468256,1.6791111633695404,32
3.402633770580949,-3.87504589639861,51.06950010102371,3.8696494086035367,1.517948975234196,32
3.4160089821651063,-4.099548915336873,54.59157233402648,4.101282563702815,1.4552950365790005,32
3.384307769249225,-4.348654664795975,57.29830353835535,4.376402427410259,1.3498554196851005,32
3.3370986938476563,-4.475084877014161,59.01691741943359,4.527837562561036,1.2423976659774776,32
3.328537524979689,-4.521859504436627,57.16096033556708,4.582503805489378,1.2224773908483555,32
3.148804972089569,-4.726928671475114,57.748381989577744,4.869255680873475,1.029045529201112,32
3.1107304014008634,-4.378843439036401,60.93735122680665,4.436569674261683,1.040653532948988,32
3.2126495394213443,-4.507310729191221,59.14732765987003,4.597904632831441,1.0848722589427024,32
3.2885888543622244,-4.438212289481328,57.02933270684604,4.519457182390937,1.2138142470655768,32
3.3100751613748485,-4.373291620714912,55.74353379874394,4.445025651208286,1.2444958933468522,32
3.250176163377433,-4.420680989890263,57.224304725383895,4.5011504107508165,1.1847107911932058,32
3.207366844703411,-4.4004270126079685,60.68161970993568,4.4693513903124575,1.127470226123415,32
3.181041368944891,-4.18447078507522,60.21623582511115,4.194801669285215,1.1578019405233444,32
3.068227544324151,-4.1915909372527,66.24756332923627,4.213052578630116,1.0803466410472466,32
3.270536504942797,-4.044857557888688,63.81049186443455,4.082125650603195,1.2494116659822163,32
3.417364340815052,-3.706255156418369,57.69106000702952,3.723750584701008,1.5253866228564052,32
3.452222569235441,-3.161304202573046,52.68138293562259,3.174198076642785,1.710151339399408,32
3.429151888551381,-3.1060181815048837,51.04856867296946,3.143612138156242,1.837675561576052,32
3.2220008702113714,-3.842818056303879,56.99927139282226,3.859311116974929,1.404119646960292,32
3.184634848298697,-3.878586657293912,56.52506342920764,3.839963896521207,1.3110852899222538,32
3.2417836320811304,-3.721438521352308,54.58911156489931,3.6856423394433375,1.3892477397260996,32
3.2673765462020348,-3.84476139627654,52.753880336366855,3.8346332928230025,1.3861253425992768,32
3.163858425206151,-3.8313226354533225,56.89056530656488,3.820278103598232,1.271812543375738,32
3.2402502158592497,-4.071238593397471,57.26847668351796,4.076044829138395,1.2542179239207307,32
3.404423909351745,-4.039099242769438,55.405549858356345,4.044515922151762,1.4668971234354502,32
3.4685914500006305,-4.020323401483997,57.26402837819069,4.041480939141636,1.549333656245263,32
3.3907239683743184,-4.181689443259407,58.16478531936117,4.2074943082086005,1.3717951486850597,32
3.388255175228775,-4.266899480490848,54.02186863340176,4.293136793991614,1.3523371120979033,32
3.208903209094341,-4.168625183763173,50.30584743105128,4.212685713274723,1.2310737955159143,32
3.203980488612734,-3.954092249377021,50.52478858684671,3.956691592315148,1.284206888593476,32
3.3995671387376456,-3.724960022959216,55.12150397465147,3.715389342143618,1.5575920976441482,32
3.4314879713387323,-3.816630157931098,54.565701583336136,3.813330551673626,1.5415968566105285,32
3.306753015518188,-4.047694110870363,54.7661720275879,4.062443971633912,1.3560255527496332,32
3.265372231910969,-4.2498446201456,57.81580131793845,4.272847744514203,1.243820904041159,32
3.2791352206263045,-4.360342357898582,58.53321393769363,4.393766916209255,1.225067551382656,32
3.1679762001695293,-4.438225581728176,59.54149569807384,4.489327115026011,1.11117086574949,32
3.128554590817156,-3.930760778229807,62.79170029738855,3.9261091002102497,1.0952877463965585,32
3.189919438855403,-3.6405210544323072,60.23685757867216,3.6149662478216738,1.249317498864801,32
3.33107469657372,-3.3809173896394897,57.64646109219253,3.387649470362167,1.513985303352623,32
3.347625599236324,-3.5500149513113084,54.51809905479695,3.580745366524005,1.5281240422150186,32
3.2467010284292286,-3.931967631701765,56.07187949871194,3.969893596912253,1.348580994277165,32
3.197113974341031,-3.846874401487153,61.63481416373418,3.84141052180323,1.284146645973469,32
3.3131259128965183,-3.597901689595191,63.08972959847284,3.622284655735412,1.3875178320654509,32
3.352872322345602,-3.910704849506248,57.51581949694401,3.93196674050956,1.4137834252982302,32
3.281624549010704,-4.078168329699287,53.52631733335296,4.102858576281318,1.3202899998631965,32
3.242751705235448,-4.211287902963574,52.60603869207976,4.243129138288827,1.260553276127782,32
3.149548933423798,-4.261439109670705,56.97008514404301,4.29277937987755,1.1462402384856645,32
3.1440630962108744,-4.220109811322442,59.04776850733264,4.218661354328023,1.118773720182222,32
3.324576861282877,-3.726471090316765,53.823865245950536,3.710289157670112,1.4248231641177538,32
3.33318573853065,-3.645132372297096,50.574843071247,3.685410307193632,1.5275859668337026,32
3.229244054597,-3.9414663002408794,55.26250565627525,3.9497154531807737,1.3200375211649926,32
3.300530359662812,-3.927604379325077,59.3463065048744,3.9207200181895288,1.382038478193612,32
3.2686129191826128,-3.927187145167384,65.49432536158069,3.9445209651157778,1.330357535132046,32
3.076743439970345,-4.107107392672835,65.99828343884697,4.109118267585491,1.0881750115032849,32
3.052320603666634,-4.157495275037042,63.587999541184,4.142992822055159,1.0463140479449569,32
2.914381831267784,-4.011912858897239,68.48933436952792,3.944206556780582,0.8955579893342358,32
2.9390665087206616,-3.644401977802143,69.12066282075024,3.532576462318155,0.930722160585996,32
2.9375204711124807,-3.593260799605272,65.37355109905371,3.5312995927087205,0.9999894771082648,32
2.835776228740297,-3.559136173642912,65.75033322038328,3.5169778149703417,0.9519932200168738,32
2.7304123878478976,-3.1369343938498604,70.52143044307316,2.9946834399782305,0.812856883427193,32
2.535903383123464,-2.597822406374175,67.1568651922818,2.48037711998512,0.7333109580237283,32
2.427915096282959,-2.843433141708374,58.52001953125,2.8345537185668945,0.9329445958137512,32
4.046215057373047,-0.4598725438117981,37.55718231201172,0.4095752835273742,0.5410081744194031,33
3.908369047774209,-3.739018979999754,48.0445793999566,3.8730414791239633,1.685459986329079,33
3.790876415040758,-4.200729628403981,46.50247711605496,4.257040606604682,1.6695684476031198,33
3.725473016500473,-3.958470076322556,45.31711594263712,3.9804805517196655,1.7137020975351334,33
3.7160412470499673,-4.001761317253113,44.84524165259467,4.021743350558811,1.730376700560252,33
3.7715245568090014,-4.018315901358922,44.00651555591159,4.0519653757413225,1.801672395732668,33
3.815775205691656,-3.7498289545377097,40.77498992284139,3.788067748149236,1.9431902021169665,33
3.798582229349348,-3.798308554622862,39.564833137724136,3.81885110007392,1.927271554039584,33
3.7348828845553927,-3.957612633705139,42.936881595187714,3.9499025344848633,1.8123556706640456,33
3.817963153123856,-4.2472915053367615,43.91599082946777,4.266487240791321,1.8007343709468842,33
3.844441658920712,-4.274478945467207,45.92956198586358,4.306371013323466,1.831024534172482,33
3.8167887959215374,-4.224915083911684,47.00925387276544,4.25412087308036,1.771676119003031,33
3.793812354405721,-4.183335661888123,45.88871606191,4.216454982757568,1.7466933329900105,33
3.7627070546150208,-4.246151801612642,46.65287359555562,4.286137153704961,1.7147797346115112,33
3.6965219842063055,-4.378019531567891,50.13872083028158,4.416951808664534,1.6038923876153095,33
3.574860602617264,-4.461469391981761,51.97986205418905,4.50064018368721,1.4414728780587516,33
3.386182520124647,-4.555628087785509,52.3851441277398,4.623836305406359,1.2428106864293416,33
3.390641535321872,-4.442439556121826,55.84132297833761,4.510139389170541,1.2984790859950914,33
3.511319398880005,-4.155914187431336,54.13343381881714,4.169630348682404,1.5003371238708496,33
3.551989863316218,-3.7791626933548175,50.61946153640747,3.77248998483022,1.646246651808421,33
3.5677334003978305,-3.833222793208229,47.154123518202034,3.837441656324599,1.6583276391029358,33
3.572854220867157,-3.839408283432325,48.43985851605732,3.8296593030293775,1.7041375761230784,33
3.6169354948732586,-4.06549162334866,53.53804455863105,4.063835395707025,1.6536818146705627,33
3.605950774417983,-4.150890138414171,51.98459034495883,4.143798718849818,1.5953364190128114,33
3.551076889038086,-3.9804083108901978,50.46887397766113,3.961619059244792,1.589830974737803,33
3.532565246025721,-4.011354295743836,52.64186784956191,4.000407126214769,1.5718213352892132,33
3.563625074095196,-4.159485028849708,52.84668371412489,4.15756842162874,1.5659082134564717,33
3.5681856870651245,-4.332987636327744,53.29406404495239,4.355244904756546,1.5208329930901527,33
3.6333835853470697,-4.16248529487186,52.798037423027885,4.178092930052015,1.6349096298217776,33
3.6743118315935135,-3.94825557536549,51.47330906656053,3.958752635452482,1.7289183793796434,33
3.5872348944346117,-3.9148316979408255,51.59314982096354,3.918833216031392,1.6479219744602842,33
3.5199955917067,-3.909782245755196,50.96002917819553,3.901505129204856,1.5560983311798835,33
3.6396232181125217,-3.7671027978261313,46.92417907714844,3.767697307798598,1.7805431816313002,33
3.705393955111504,-3.903197397788365,47.13910778363546,3.9083752632141113,1.8327024852236111,33
3.592830409606297,-3.8732660743925313,48.85018179151748,3.846690058708192,1.695049305756886,33
3.350441091590457,-4.385935531722175,51.36552993456522,4.421531948778364,1.2970882124371,33
3.311402261257172,-4.163946270942688,58.874942779541016,4.172865033149719,1.324139654636383,33
3.375299245119095,-4.048296716478136,61.783931228849625,4.061877720885806,1.3871628451678488,33
3.457540419366625,-4.226661582787832,59.98210144042968,4.260710736115774,1.4298799319399729,33
3.545595422387123,-4.186276088158289,56.85404229164123,4.20413174231847,1.5447003245353703,33
3.580389499664306,-3.8255171643363086,53.9801336924235,3.833962003389993,1.6572843723826942,33
3.610488025678528,-3.66929054922528,53.497438377804215,3.6925086230039614,1.751113886634508,33
3.484389623006185,-4.081316868464152,50.80587689081828,4.096451640129089,1.4964807579914732,33
3.4515276783042483,-4.025820420847999,51.06423081292046,4.017705023288727,1.497920460999012,33
3.3342914713753595,-4.012945049338871,56.06144449445936,4.008638852172428,1.3786737653944228,33
3.409666895866394,-3.840657889842987,54.43751335144043,3.8151827305555344,1.496610589325428,33
3.397768043809467,-3.923372722334332,51.846336364746094,3.9315281609694166,1.485516690545612,33
3.227646971742312,-3.975310476289855,54.29624099201627,3.974622092313236,1.2927825434340368,33
3.192500432332357,-3.985488335291544,57.32218678792317,3.978183190027872,1.2833272616068525,33
3.318864736292098,-3.895968662367927,55.153795374764336,3.8624586049053407,1.4234309436546435,33
3.41273996896214,-4.069972402519651,57.69267405403986,4.076638387309181,1.4829444603787525,33
3.37262324988842,-4.171069423357645,59.16343188285828,4.1832858721415205,1.3911368499199552,33
3.3248947660128274,-4.236740430196126,58.27553855048286,4.261619647343953,1.2947012583414714,33
3.3926504370239043,-3.901345103979111,52.87509372499255,3.8978538033035073,1.4448308861917916,33
3.4968645870685577,-3.3426405489444733,47.88856840133667,3.3413988947868347,1.7520582675933838,33
3.5514877554443145,-3.4204673717419314,49.70072470770942,3.422280955645774,1.8322859340243869,33
3.564460873603821,-3.820927209324307,51.48841963873969,3.805864241388109,1.705006606049008,33
3.6696154475212097,-3.830217863122622,52.402936379114784,3.8275106052557626,1.8307185595234232,33
3.553043001227908,-3.7970855765872535,52.038686752319336,3.7673664225472345,1.675333854224946,33
3.5319428659147687,-3.914532697863049,53.05126121309068,3.895683909455935,1.6176407105392885,33
3.582659105459849,-3.769074161847433,51.864084879557296,3.74516652027766,1.724362194538116,33
3.6199121988481946,-3.8966265453232656,53.06309660275777,3.895340982410642,1.7372057487567265,33
3.549804081519445,-4.099078277746837,53.97226794560751,4.103243284755282,1.5726295395029917,33
3.4565324187278748,-4.302753686904907,52.95028972625733,4.327716678380966,1.3924718424677849,33
3.391557428571913,-4.245571878221299,52.391390058729385,4.275923834906684,1.3455662197536893,33
3.300507171286477,-4.046965407000648,51.36884469456143,4.053386075629128,1.3108418078886137,33
3.2790530721346536,-4.263989528020224,50.19320726394654,4.2953985730807,1.2751520921786623,33
3.271227013733652,-4.566152142153847,55.15730553203161,4.641628142860201,1.1877817776468065,33
3.326145403914982,-4.418187883165146,56.09835931989881,4.454508158895703,1.2634102801481888,33
3.36585443218549,-4.039093683163326,55.52578488985698,4.037901560465496,1.3887254099051154,33
3.338868223958545,-4.182959794998169,54.084508472018776,4.219194153944651,1.3123214890559516,33
3.3221576859553656,-4.112781802813212,55.102652099397446,4.137424194150501,1.333350650138325,33
3.3542109727859497,-3.870977520942688,58.30322456359863,3.874502897262573,1.41084086894989,33
3.3462454262706967,-3.565837879975634,58.92974623044329,3.5545438345935576,1.4652528199884631,33
3.331228577428394,-3.425886283318202,56.30701329973009,3.4218062361081447,1.5162309739324782,33
3.393390486637751,-3.757201492786407,57.03724185625711,3.774222448468207,1.545453468958537,33
3.403550512260861,-3.925178713268705,59.28723674350315,3.939239230420856,1.5064567161930926,33
3.3745519204272165,-4.19371090332667,59.504736105601,4.21751070022583,1.380320669876205,33
3.360312044620514,-4.219604432582855,56.581492582956926,4.236550033092499,1.3407927254835763,33
3.4558152738544674,-3.987273479501407,53.90248738394843,3.9961866769525742,1.5086818941765356,33
3.525188340081109,-4.16839589012994,52.350101894802506,4.202731185489234,1.5320626629723435,33
3.544334262609482,-4.078477531671524,52.02233076095581,4.098591506481171,1.5653807893395424,33
3.5916766458087497,-3.6916705403063,52.3909534878201,3.692096246613393,1.7203231089644968,33
3.527684527966711,-3.417174317770534,53.93568367428251,3.3916668163405523,1.7556180655956266,33
3.3844482898712163,-3.451053758462268,59.60868899027507,3.4374265074729897,1.5545802116394047,33
3.3320465750164456,-3.7592014123996105,56.818489789962754,3.741626059015593,1.4676298780573738,33
3.283087621132533,-3.9252638386355514,56.32867023679944,3.923926161395179,1.3828913635677764,33
3.258368651072184,-3.8115662733713775,60.89095560709638,3.812158450484275,1.3629506801565487,33
3.3540348874198065,-3.8487861951192217,61.38766945732965,3.868505967987909,1.432112574577331,33
3.4809594601392755,-3.701573472883964,56.71263771586944,3.706222971280413,1.619867914252813,33
3.454118549823761,-3.686237543821335,54.54363441467285,3.7164011895656586,1.6346064656972883,33
3.362415807114708,-3.906691743267908,56.72567963600159,3.93301311466429,1.437076549563143,33
3.420951909489101,-3.96553964747323,53.45144134097628,3.97942860921224,1.505836639139387,33
3.1769077926874174,-4.3056085507075,50.32460411389668,4.367298434178035,1.209877354403338,33
3.027291526397069,-4.218846168782976,54.80655394660105,4.2219380140304565,1.0785471498966217,33
2.974439142478837,-4.327808092037837,60.26783021291096,4.2990834348731575,0.9782421448164516,33
2.9642814000447597,-4.162065664927165,63.24503199259444,4.101764043172201,0.9916507204373683,33
3.095531844430499,-3.8230644646618095,60.12577316496108,3.770078351100286,1.1225948060552275,33
3.244124753607644,-3.770426806476382,55.28085539076062,3.7691725558704814,1.3368575274944308,33
3.216644898056984,-3.922300547361374,56.61925649642944,3.9420690536499023,1.2897103801369667,33
3.3456857800483712,-3.760462555620408,60.93155574798587,3.780435886647968,1.4425980614291294,33
3.263062627779113,-4.2333133320013685,60.38612514071994,4.278256601757474,1.2441145454843836,33
3.102984954913458,-4.296518862247467,59.864905039469406,4.3265183965365095,1.0711470196644473,33
3.1936193605264034,-4.086104657914903,56.74985496203103,4.093019882837931,1.2017677575349817,33
3.356603927082485,-4.068358633253309,57.21964348687065,4.108300447463989,1.3994588189654875,33
3.3735512892405186,-4.208549161752066,57.64971089363097,4.253041476011277,1.3678177942832304,33
3.325451996591356,-3.985267417298424,55.03749492433336,4.007711304558649,1.3484739015499745,33
3.4241486340761185,-3.840985784928008,56.83412114779158,3.872037173973194,1.518255619539154,33
3.3576789498329163,-4.300690054893494,61.3000431060791,4.358000040054321,1.336279571056366,33
3.3236723277303906,-4.138711310095257,62.73900892999436,4.166089700327978,1.3054302972224014,33
3.3218406670623355,-4.232217782073551,59.80755122502645,4.258896523051791,1.27579046620263,33
3.31860459347566,-4.174586822589239,58.164970874786384,4.200349181890489,1.3017432863513627,33
3.329794565836589,-3.807478957706026,55.475343916151246,3.804801490571762,1.395099626647102,33
3.3721930748886533,-3.653324459989865,51.50510801209345,3.6599033723274874,1.4971730940871766,33
3.300851881504058,-3.91103592514992,52.16822910308841,3.9343196451664,1.4052356133858348,33
3.18291539284918,-4.079635994301903,55.548506948683,4.0802364316251545,1.2185340747237203,33
3.224495278464424,-4.026091602113515,54.63684018452963,4.009979579183794,1.2685479919115696,33
3.2299021780490875,-4.347366750240326,56.89005160331726,4.376763820648193,1.1890615671873093,33
3.250173191229502,-4.143120328585305,56.39804156621296,4.135121431615615,1.2562520040406122,33
3.168847988049189,-4.046631829606162,56.97450910674201,4.048858006795247,1.1860343499316108,33
3.129077911376953,-3.720750133196515,56.334962209065765,3.701824386914573,1.2027011911074317,33
3.1927993843952818,-3.3183181087175995,51.89400921927556,3.30540918972757,1.397205197148854,33
3.20143602291743,-3.150736775663164,49.52668974134657,3.145720190472073,1.5215027232964833,33
3.32601242264112,-3.068265557289122,50.21637789408365,3.056917662421861,1.6986565366387394,33
3.4977403945393037,-3.096886052025688,50.76994895935057,3.106789986292521,1.961002697547277,33
3.448870572778913,-3.43223605056604,56.33323332998488,3.432713333103394,1.7561694309115394,33
3.3301040828228,-3.515989810228348,53.92117357254028,3.485988438129425,1.589181765913963,33
3.1510081705119863,-3.252083258496389,55.48304287592572,3.2301209999455334,1.4266235497262731,33
3.053757667541504,-3.413402636845907,56.51782735188803,3.396976709365845,1.3579631116655138,33
3.1162535101175304,-3.474430496493976,63.82329090436295,3.4761294623215995,1.3635226264595988,33
3.04243759645356,-3.631611347198487,68.06723743014865,3.64499772919549,1.2271381169557565,33
3.0702682650751534,-3.753735616803169,67.88826476203072,3.7951258073250447,1.200303056173854,33
3.1624549825986223,-3.9121421972910575,64.05198287963864,3.982527315616609,1.219648490349451,33
3.1090770181682377,-4.005722926722632,57.252617412143294,4.049741884072621,1.1599546472231548,33
3.0818883577982588,-3.9000901050037786,53.58727571699354,3.936621179183322,1.1710292713509671,33
3.178082689642906,-3.7005355805158615,53.65098547935486,3.7065612226724634,1.3052328750491142,33
3.1903466648525654,-4.092281341552737,54.76970333523224,4.109262069066368,1.2372448974185508,33
3.0170033673445382,-4.221067117320167,61.09690758917068,4.227740936809116,1.0161778525345853,33
2.890784790118536,-4.307098587354024,63.31948169072469,4.253438214461008,0.8608595828215289,33
2.8420234653684826,-4.318264378441705,62.37486264440748,4.256098366445965,0.8112975888782075,33
2.8880423241191435,-4.064266814125911,64.34238009982637,3.995186375247109,0.8640758825672994,33
2.9961021939913435,-3.491993347803748,66.30254983901976,3.405819361408548,0.9436037813623752,33
2.888763328393301,-3.125175565481185,61.85179964701335,3.121828046109941,1.0026634840501678,33
2.581179539362588,-3.4658782449033545,59.99400390519036,3.528444247113336,0.8542349181241458,33
2.491796970367432,-3.4638900756835938,59.83552932739258,3.502242088317871,0.7604122757911682,33
4.031907081604004,-0.3103548884391784,36.28007507324219,0.2477807402610778,-0.141260340809822,34
3.864243679113321,-3.131418719991937,50.31255911446952,3.217568735976319,1.510438017078213,34
3.808216836902645,-4.085256299772463,45.49833732551628,4.120188092851972,1.701861536586201,34
3.801831227082473,-4.104788760205249,44.67942319216428,4.174563254509772,1.778553209104738,34
3.812996132390482,-4.094727466156432,45.71997430441263,4.158111585603727,1.798931328566758,34
3.846646395596591,-4.067610623953225,44.605828318562544,4.134387396432303,1.8557268947988124,34
3.790885688541653,-4.107385075175679,43.89016091406762,4.160905234463565,1.7695572743049035,34
3.787830641219666,-3.917272591090703,44.7900837984952,3.95170745149359,1.845368101880267,34
3.862413234644003,-4.095802167078832,47.80712111679824,4.141365541444792,1.908211991503522,34
3.795652407866258,-4.2209589664752665,46.20013043597028,4.252458202255355,1.7460970653520598,34
3.611759300832148,-4.585218262839151,46.66940419657247,4.679454203252192,1.4420759977994266,34
3.631144798718966,-4.218799150907077,45.31836553720328,4.262775054344765,1.5787652914340675,34
3.7031449721409726,-3.703431486249804,44.05173620477423,3.70716367901622,1.83271102388422,34
3.730352336710149,-3.7644082199443463,46.30732623013583,3.75335652177984,1.864715944636952,34
3.792296136175836,-4.039399240400408,47.45621485143275,4.035264081888266,1.8534396536700373,34
3.8270116135790633,-4.093757529358764,48.48879079218511,4.107288327250448,1.869644794430766,34
3.781290154357056,-3.856656276262723,48.76588455947129,3.865522354632824,1.8520408193548243,34
3.789249576888718,-4.002004966869221,46.68084559407267,4.021679097955877,1.838028503464652,34
3.68416708165949,-4.240119217159031,50.07128626149851,4.263298998345862,1.6593551677423757,34
3.688141804475051,-3.858988446789189,49.46964613374297,3.845467255665706,1.7596359878153234,34
3.639968561959433,-3.953214600369647,47.365508846469695,3.955910977783737,1.6920449892124096,34
3.613908370891651,-3.6081429811624384,46.81063469306572,3.571272648297824,1.7764859132833413,34
3.682393642572256,-3.795204419356125,48.54470795851487,3.7848419226132894,1.8414400815963743,34
3.724759216908808,-4.117389502225223,52.7566021205662,4.11303369815533,1.780972359063742,34
3.71455648395565,-3.929133585282973,54.094942319643245,3.920694331189136,1.773178976732534,34
3.6981084446807007,-3.605011028009695,51.71919351857859,3.598629564672083,1.8574718737102056,34
3.591696349057284,-3.638666998256336,50.34186553955078,3.6161158084869385,1.7467592412775217,34
3.6184359080307966,-3.729996266064944,48.28638634314904,3.7114645801224073,1.7780709850204577,34
3.703994219119733,-4.0386330764610445,47.53795196960022,4.0405928971884135,1.7846535852739027,34
3.663147299439757,-4.352399185820893,48.82122234531216,4.374514643128936,1.6168564191231365,34
3.564733116776793,-4.406370766512998,50.35452342533565,4.439582251168631,1.4716416163878008,34
3.505593021432837,-4.522457392899306,51.56369725474111,4.5863085626722215,1.3738463658552904,34
3.454252936623313,-4.50718372518366,51.70745748239798,4.5743012761736255,1.3231676858621877,34
3.395919231268076,-4.3373855810899,51.316263052133415,4.380807876586914,1.3178298381658702,34
3.4068078861369955,-4.1649880242514445,55.17143871067287,4.1840231301901225,1.3926312648333037,34
3.4170572974465108,-4.006330410083691,60.007324378807226,4.02422983996518,1.4212351728986192,34
3.477037224736247,-4.160776648488079,58.517523812247326,4.176978464726802,1.4720934012553075,34
3.4714584567330102,-3.9390747480459143,55.654652388779446,3.927487071577486,1.527038686758989,34
3.4941952195200887,-4.077358906085674,54.46073625471209,4.094086683713472,1.5127818492742684,34
3.562742645090277,-4.026585839011452,52.92078122225674,4.034020033749667,1.6082860556515786,34
3.4881279868679447,-4.090107130837607,49.96886214676437,4.119010625185666,1.504510974550581,34
3.384152027276846,-4.036485498601741,48.8096632257208,4.050316803938861,1.41699396813666,34
3.3814232632830428,-4.333781955959079,52.35357700694691,4.372764090558031,1.3509277438783984,34
3.3325531916184863,-4.6645906455033295,55.56891968200257,4.780745462937787,1.191611684285678,34
3.504939244343684,-4.134788806621845,54.037224989670975,4.159598570603591,1.5300923677591176,34
3.543767293850025,-3.96813532355782,55.24421491822997,3.976799889877959,1.5976260717098538,34
3.449006380734744,-4.14102342245462,52.31549232322853,4.153927179483267,1.435409243290241,34
3.4209265658905457,-3.9107882909841463,51.86502798120459,3.9017030242439743,1.4856380874460398,34
3.427724798242529,-4.025038409066367,53.34555243111991,4.01957965063882,1.4795543638976305,34
3.433866996031541,-4.042493570101011,52.02261179143735,4.036927076486442,1.452243138860155,34
3.471663993555349,-3.9232194757128096,48.1732051822689,3.916707419015311,1.5535535103791245,34
3.450614470701951,-3.961158924169474,49.14395976566769,3.946187451169208,1.5309988118551825,34
3.4245828931981865,-3.9812886064702817,51.889455275102094,3.9546597003936768,1.48828294060447,34
3.464372036340353,-3.721672454914012,51.15527370426205,3.682095752729402,1.60745636816625,34
3.4752134476508294,-4.161171449647916,52.22275796636835,4.171297043353527,1.494096691791828,34
3.3841521739959712,-4.201898097991943,53.52911641047551,4.204751821664663,1.3796726740323575,34
3.4123084328391333,-4.049490538510409,53.412493138880166,4.045030753929298,1.438576098922249,34
3.418366063724865,-4.103953905038899,52.29532513918577,4.12214479579792,1.441291929958585,34
3.293861044036759,-4.239060645336871,52.55148296756344,4.265611228409347,1.2781469846938875,34
3.300774826036467,-4.431526064039111,54.82900243372351,4.482254021651262,1.2144995077506644,34
3.398479925168977,-4.518252366072649,54.613407135009766,4.593022923369508,1.3103836491391372,34
3.558804495351297,-4.091364773837005,55.01794113479295,4.119934678911331,1.601235738167395,34
3.653166839292833,-3.825080091303045,51.86275348796711,3.8348094550046055,1.768068331104892,34
3.489332455855149,-4.124168305963903,51.19521651901565,4.153675406129211,1.4985814928174843,34
3.343234999196513,-4.155428652996783,48.21532549557987,4.1780763039222135,1.3408199281959268,34
3.2985517328435723,-4.27694628455422,48.48087830977004,4.317078980532559,1.2983139428225434,34
3.234564175972572,-4.2882812940157375,53.06394811776968,4.304377519167387,1.224043470162612,34
3.202081166780912,-4.082946197136298,54.47616539801751,4.061635124099838,1.2142072665941468,34
3.259723451587704,-3.849176533572324,53.816318031791205,3.8187102321144586,1.3345409298276567,34
3.305456478278953,-3.8488132803590136,55.22387225811299,3.8373595851284623,1.3719164724950188,34
3.4087430647203134,-3.942932075553841,51.00189969256208,3.936924707639468,1.489254988156832,34
3.505626098259345,-3.925803899765015,50.28045830359826,3.9222523582565207,1.6204945165794211,34
3.417415620563748,-4.232954588803378,54.1345278066355,4.254823421264862,1.4253115462256485,34
3.305690085137641,-3.8874854141182023,51.71859557145129,3.862320998331887,1.3736913529309356,34
3.3075704591257584,-3.759379882078904,49.92866067953042,3.747719714691588,1.4376297839038017,34
3.363202923661345,-3.884225010038256,51.73193852884786,3.869652751442436,1.462028189972564,34
3.4404415884218014,-3.524935132140048,55.554834619268654,3.4841886266961817,1.636655691620352,34
3.552793777905978,-2.8023466513707125,58.46041664710416,2.7959887614617016,1.8998693319467388,34
3.4789426976984195,-2.6205873489379914,52.13720321655271,2.6486915458332447,1.978618697686629,34
3.458233371481195,-3.3475748142162414,52.28856808322293,3.3883361933114657,1.8303343424430256,34
3.408456555613271,-3.855444339605477,54.28059232485043,3.8577218972719622,1.5980610464002705,34
3.5148199554923525,-3.984302670805603,57.98075885372561,3.9892726361334727,1.6524077237069192,34
3.5614305993060142,-4.11515322598544,57.25109030983666,4.110309277381096,1.6241821442450697,34
3.3953761437556125,-4.249609076893413,55.73378916386957,4.277187244041817,1.37728864246315,34
3.180685900308036,-4.443496744115869,56.12751924741518,4.517774675275896,1.1227525180870006,34
3.141241567118184,-4.270114525214779,59.55623770760487,4.306326039187561,1.1243404566824842,34
3.3280466936685,-3.7369953302236674,60.1215460984023,3.742405149486512,1.3796887347748257,34
3.512818359828496,-3.3932612159035425,54.32585552188899,3.411717573245922,1.7343090830982983,34
3.5356094286992,-3.3374401606046247,52.47807018573467,3.348490238189698,1.816616104199336,34
3.5082764675567204,-2.9607776445108662,51.866530198317335,2.950846378619851,1.8779318257645297,34
3.408203101658321,-3.4981390946394844,48.06155502212632,3.49549404224315,1.6882230785343215,34
3.444855213165283,-4.140681786970659,50.78334947065874,4.14654692736539,1.523179455236955,34
3.410512610748932,-4.06459201132501,51.23261461057864,4.0333672970324965,1.4750660482820095,34
3.306518774766189,-3.9635289965809646,55.73072548179354,3.943085995587436,1.3839990484130973,34
3.228444472893134,-4.11028315470769,60.9605367967299,4.113062245028837,1.2422744544235969,34
3.24385530631859,-4.241888833212686,60.134333550513205,4.25670575428676,1.2058632924006536,34
3.313744349913164,-4.276925180341815,57.95831245475716,4.295977559123006,1.311575833734099,34
3.1653448785101626,-4.032800120907233,54.960496488984674,4.047352364013248,1.202879351335806,34
3.1478755840888377,-3.6629682037380182,52.599150677660965,3.65616877929314,1.263784030100681,34
3.2253463635077844,-3.995674701837393,53.19327633197491,4.019068222779494,1.2832713310535138,34
3.2247474160227743,-4.2046457370678025,56.72280478310751,4.22767723857106,1.2351077711665548,34
3.125295038823482,-4.122311948896289,57.13692973210263,4.120980406140949,1.1318770888802063,34
3.095852568433002,-3.8343006730913274,54.94488167929482,3.8178692664299794,1.1734978219012289,34
3.2174245827681536,-3.727829371298944,56.50842330505798,3.71890984882008,1.3184682897754485,34
3.252692721106789,-3.780462243340233,59.69157791137694,3.7742185809395536,1.345137802037326,34
3.26323808156527,-3.5626768048826607,63.43346949223872,3.567311060178527,1.3455989644243995,34
3.2966655717863067,-3.9556122509749576,63.09644933847283,3.999437723960072,1.332696472848213,34
3.288734542739975,-4.200759200783042,60.38961090408005,4.23878168226122,1.2780808777242274,34
3.3139533979909404,-4.0912046299114095,61.71849473539765,4.129166576412175,1.3443376734540176,34
3.353009340646384,-4.274005709828195,61.07598335426172,4.325041914319658,1.3124946455855468,34
3.2677834217364965,-4.139599323272704,59.05086077176607,4.173425491039568,1.2571552808468154,34
3.2328474571654846,-3.9986286346728974,58.95092381297292,4.025196208820477,1.2481757785890486,34
3.378500993435199,-3.9260010302483614,58.71057857166638,3.954784391643285,1.413475616828544,34
3.460721469425655,-3.803007762748878,55.63272889677462,3.826210320412695,1.581153415299796,34
3.313808557870506,-3.9398049908084447,56.200218013950135,3.957436558249945,1.383204018319406,34
3.220065453669408,-4.065996230065406,58.54115242057747,4.077949787353302,1.248577742309837,34
3.30648455753193,-3.837919755415484,60.66328235439487,3.842085206425274,1.378696057346317,34
3.3631287054582075,-3.684514219110665,56.873522671786255,3.672794710506096,1.4876679940657171,34
3.443008296139591,-3.1407889336139143,54.373316358019416,3.1367662886639547,1.738550584633035,34
3.4512243871088626,-3.2390679796258888,52.72984476689692,3.257548792378886,1.7720062899422813,34
3.3609067393349603,-3.477966068507908,55.97383741898968,3.474096018117624,1.6362302836838305,34
3.240302801132203,-3.680165510911206,60.143802642822266,3.679182822887712,1.4286418327918438,34
3.175208516887851,-3.788509333883967,60.11319100439962,3.7843330306606697,1.3193427857819138,34
3.2983442970089145,-3.742659622139031,62.41169613391369,3.769885888466468,1.4145083077304013,34
3.3822905600487765,-3.920491978838726,58.12558919733222,3.925753590110297,1.4578776718019606,34
3.468943544201084,-4.18745849849461,55.572879364440496,4.209608831605713,1.5004570717578158,34
3.4508644067324123,-3.5123148064513288,56.60398488611608,3.513500662116736,1.599337586989769,34
3.380160021615195,-3.606937583509859,54.3850596234515,3.616276382566332,1.530338615804285,34
3.3339303223403185,-4.109390828992935,55.856515310861006,4.147868323159383,1.3763823509216313,34
3.259919581713377,-4.016401097491074,57.29417955625308,4.020802884668741,1.301951278339733,34
3.1633299264040877,-3.973980513485991,59.77915330366647,3.976694562218401,1.2255419492721575,34
3.0578077689751044,-4.185553137239043,64.70717775571596,4.18208225623711,1.0689916285601528,34
2.939010473398062,-4.091219975398138,64.81602478027344,4.029329630044791,0.948236277470222,34
2.943138506029035,-3.816184382338625,63.1834407086139,3.755519255057916,0.9620639481744556,34
3.063094065739559,-3.741159270693372,62.49292370989606,3.735253574131253,1.096417156966417,34
3.235308440415176,-3.813308784178087,64.239036613411,3.87117952900333,1.285369302009369,34
3.3654436048094207,-3.379792731958672,62.75248830301779,3.4247078128627986,1.5380834574465976,34
3.0518832573523924,-3.339085465544587,61.26974500642792,3.408405624069534,1.29054544855665,34
2.82601686457654,-3.354347244009271,59.372579001046574,3.3774087278992977,1.1467764377594003,34
3.054300748384916,-2.971543245382242,60.15106993455153,3.012258266235565,1.3864927933766291,34
3.176044290715999,-2.819483470249841,62.18589369233671,2.910314901725393,1.5914113429876486,34
2.820987831462516,-3.294984502392212,63.59801995337426,3.3057970450474645,1.233687450002125,34
2.528645026933896,-3.624950573994565,61.551150715434446,3.538700157112177,0.9535476415307368,34
2.326896905899048,-3.7927844524383545,53.95578384399414,3.743170976638794,0.8215243220329285,34
3.9748575687408447,-0.59679114818573,36.53366088867188,0.5340118408203125,0.7421212792396545,35
3.87845698208876,-3.708747106538692,43.96877941615145,3.806141547753777,1.7114496793545468,35
3.840896052373967,-3.856331919280576,43.26842235511457,3.883260535522246,1.87595508803784,35
3.8584344655695095,-3.857719357584564,44.226997670993,3.8956068250494944,1.9348322295806777,35
3.8181379848802592,-4.148755181003624,44.93135962687747,4.184925784527416,1.8065747543120048,35
3.803778361266768,-4.191521342371551,44.769564077887736,4.232762370311039,1.7615128067177783,35
3.865619323623013,-3.8807391381599534,44.790730436083294,3.924840446928857,1.94269361630292,35
3.876300946087905,-3.5840280223900165,45.987738998842914,3.6192403074721216,2.051997386233907,35
3.861788511276245,-3.3509200055834274,43.95728898384202,3.368844109521785,2.1498221780212834,35
3.734270817796949,-3.743336378688544,45.079632879982526,3.732041827389891,1.8993183122554296,35
3.744899719533786,-3.88281805414549,47.448388865296266,3.8636468967921296,1.8677288512109032,35
3.704538472941224,-4.14698679010633,49.813154274309184,4.140942556757323,1.727609308672623,35
3.5715211512337266,-4.296544303356762,49.512134981827,4.307764718230342,1.5059734448580675,35
3.511385909268554,-3.965792593821673,49.0619295415744,3.953228822896178,1.5493538220163805,35
3.685444287850823,-3.6377073711072896,50.295057162432606,3.6355805430613777,1.8546204919546416,35
3.782172068743639,-3.910798554689111,48.37587402236294,3.9413773526608096,1.9271760616503972,35
3.596044103864213,-4.293588725613876,45.7217600110551,4.333337582332987,1.5478769960537764,35
3.5920238679563496,-4.052800578130802,47.642378927956166,4.044165802673555,1.6241925039761502,35
3.5822891114463267,-4.105256020183294,48.72150184738804,4.0910635330307645,1.594971990921128,35
3.618303706948186,-4.366041368162128,48.741184019706616,4.389021295896718,1.5528402185775865,35
3.604077332456347,-4.475142284178398,50.565262216917226,4.51803517005813,1.5090653610901097,35
3.6933108517821407,-3.892556319774037,48.505346137033385,3.898545533838407,1.7619922480113066,35
3.73540194269637,-3.784093668763066,47.5061174312108,3.796606026904684,1.8644831768223935,35
3.7704859166078166,-3.736536934342183,47.31210816074425,3.724515093883998,1.9095226870456208,35
3.7513317457387134,-3.972672694165942,46.8241604549784,3.9802176247180343,1.851391077041626,35
3.622394301521946,-4.390827618854146,51.04178702663368,4.409567127765064,1.54493635053366,35
3.503191115150989,-4.319346931618704,52.71263192405164,4.321138959535411,1.425536986807702,35
3.485020320180436,-4.2871444124571045,54.44633580597354,4.297818368589375,1.4199741826930512,35
3.6081331279915823,-3.981797433235277,52.303334088392674,3.9862371162629473,1.6608293157228278,35
3.5600328176793923,-3.80096500188532,48.129889286739726,3.793130888065821,1.6613716340400808,35
3.355171247267388,-4.438524776781108,49.80272545613033,4.521647493604202,1.2864233070695912,35
3.3023221660667743,-4.479995143245644,52.11884229955539,4.528919307278915,1.2224987317138991,35
3.3774748419372127,-4.080404959933859,53.476031880983165,4.0796722391961335,1.40056454127943,35
3.4583272614949188,-3.823069852842412,55.5993500830422,3.816283031248711,1.5492012668663346,35
3.5646977088820764,-3.909901138762353,53.30111479423416,3.910472960539267,1.629966116287339,35
3.62891620481518,-3.763258512590972,48.92522844126527,3.774244058300072,1.7714792683090963,35
3.6312357741342463,-3.7689823499867594,52.62149348729093,3.776544191467927,1.7495581801508522,35
3.619961678142279,-4.154759632030004,51.21212521405287,4.154421433596545,1.622686259343591,35
3.569172583835226,-4.033788459401736,51.51317784484004,4.019350582445172,1.5958054200024674,35
3.5658610605857746,-3.96326139779158,49.11721842053911,3.951318782819828,1.613983511085242,35
3.4128883086459743,-4.276094100844691,49.68690985021456,4.310416745467924,1.3872335578354318,35
3.323030062124763,-4.078401239824967,51.2122201247954,4.061239880575261,1.3386287521308575,35
3.4145510129525625,-3.616051287718223,53.637315454617344,3.5784741690461077,1.571031358880056,35
3.530794360268284,-3.632687753354999,54.126692516703,3.625512013972645,1.6930599229436525,35
3.5420100218813184,-3.891316564989761,54.13207083688655,3.890150547027587,1.6594919721845172,35
3.5440533967085286,-4.1881345191472015,56.61202119101941,4.196694951661876,1.544831436284831,35
3.5253303588276177,-4.102804734673299,55.844670524059886,4.1066660276601015,1.5427847966341903,35
3.476043585320593,-3.844755965219417,58.72526821620028,3.85090843388732,1.52543580951825,35
3.486998440514148,-4.109854288504157,57.385363887733135,4.112301839909083,1.4975780013581397,35
3.583068137437525,-4.079424471922324,55.737208164913554,4.085719887639435,1.6302985993909165,35
3.5815048788634822,-4.053408448125275,55.43475776994732,4.071282097991084,1.6285897224721773,35
3.520077686914256,-3.945987708132032,53.33580285730496,3.94414885111258,1.545974955592357,35
3.453244195857518,-3.720145202018845,49.07023314355125,3.7191214998003455,1.5697778446573605,35
3.348182500248224,-3.901316923154913,50.04335631786938,3.899860380401075,1.4302653468830482,35
3.410338304412196,-4.148217859402511,52.09361095159826,4.152969279759369,1.4326328576450609,35
3.561159039886904,-3.682048673361123,51.66024425667777,3.6693000743086936,1.7407676334112452,35
3.510583394010303,-3.275880024466717,49.472985710896246,3.2404291025349803,1.805761124046756,35
3.3006213114295213,-3.3391233917692995,48.61868331801723,3.3023043132164087,1.601373078957411,35
3.2412457600445816,-3.955944430660192,49.45431459453744,3.94522033275013,1.386911175620389,35
3.3765472156900747,-3.916779184005631,53.13979624358699,3.8789400046979887,1.5239375401550606,35
3.515329757206876,-3.818888724689753,53.64095741594343,3.793948566409904,1.648990298660708,35
3.4984922493007824,-3.816956797116239,51.26157199161154,3.80195724628341,1.621575038198015,35
3.435691487621253,-3.929668651500218,52.21969378834038,3.916937415028961,1.516156109286026,35
3.484201411126365,-3.896155735136758,54.80163488253741,3.883924173637176,1.5642850625682885,35
3.4899148806719715,-3.68226572829233,49.641854084713366,3.65990026903824,1.6453734636306765,35
3.424588747427497,-4.12780406441487,49.66510324075188,4.136345114506466,1.4694200317624593,35
3.2174881008309377,-4.196780554005797,55.69997760611519,4.201465351480833,1.237790557700144,35
3.2679350308968984,-4.319789124206758,62.42410452936736,4.357969942227216,1.252326570766073,35
3.335419554105947,-4.216364323253363,61.24234186091893,4.22621665202396,1.3172462842833828,35
3.358131939256695,-3.804991035394266,61.792327289849936,3.8135670608198144,1.4251323325533265,35
3.434181052194514,-3.6448118317295126,59.01886571964748,3.660620078234605,1.525815918412007,35
3.391615986824036,-3.614943027496338,54.08058547973633,3.63433301448822,1.5525133609771729,35
3.28760749185589,-3.734633798330601,53.92765990781113,3.7443890705914553,1.41495649915346,35
3.3236189392251028,-3.907252679408436,53.62433586657887,3.9046580606782944,1.4150391036355998,35
3.388855641996357,-4.149364397559365,56.01347829254579,4.160464817369485,1.4199539305458615,35
3.3528073236975877,-4.351863975256261,56.681656501662566,4.376750442343698,1.3084081864692796,35
3.4291385630486717,-4.103478069036782,55.097679997833694,4.10722433009618,1.452417031140394,35
3.3915314741537603,-3.82708378744797,53.83299827575683,3.818018958602153,1.4792926538158466,35
3.2687071780083894,-4.13042310929634,51.08167900837645,4.172183238284687,1.2813867263390994,35
3.307421786684386,-3.947557917782957,51.605023424390346,3.948536802345597,1.395757735615046,35
3.463986903848782,-3.705205944222465,54.53572539208639,3.6939419759830967,1.6211251272282117,35
3.5066861350771403,-3.704014381892245,54.33045083704128,3.698438515125866,1.6565931070018818,35
3.390625416393012,-3.982879390179269,53.82265902237152,3.985400542406966,1.464478261034255,35
3.263714378988239,-4.2302615105266295,57.03769388333173,4.252449220334979,1.249269046414066,35
3.3126279166047,-3.841334000439712,54.81076377546284,3.817804574966431,1.3859536597426505,35
3.5070437243287,-3.824986766761458,54.53530373371823,3.834787973215883,1.641099249812919,35
3.5220506023353253,-3.9463463971312622,53.8144911645164,3.943371450397331,1.6138653923088395,35
3.643474902905208,-3.5301178106119964,49.80642813024389,3.524926036176549,1.8766968569285412,35
3.649328742228764,-3.5360100571538355,50.44406933851644,3.5435031400599946,1.9087339639663696,35
3.515498142846875,-3.878692098066838,53.93573315042843,3.8697042364469696,1.6268392305978614,35
3.389377855918777,-3.999964687186228,54.64074099903375,3.979078121588264,1.434470102820598,35
3.409553197068227,-4.009809352982212,53.56412761312137,3.9964657770076255,1.4466424374513214,35
3.467290394742724,-3.9212695813514817,53.56847376218983,3.91845745100102,1.5492418920490103,35
3.419816648456414,-3.946409383290248,57.63136568203775,3.949904950571729,1.504981961888329,35
3.2217585939756583,-4.140428247586103,59.35584178441008,4.15724825523269,1.2320103628534669,35
3.2474737889330147,-4.127138765764911,59.46460952221511,4.145513158448988,1.2952952796304722,35
3.354444352673813,-3.8443680514752026,55.46076428050726,3.8352787393919177,1.4399934369073788,35
3.3268594422810525,-4.146669354237298,52.1331321823765,4.199525829771871,1.3427963794117257,35
3.2659109008144327,-4.293558483392419,55.99652427350972,4.347195752909485,1.2783817841973106,35
3.351154028529852,-3.9750159424795273,59.81128106990335,3.985880729178312,1.381912202902242,35
3.304956019764215,-3.6654955131906863,53.96351972768004,3.652839580052336,1.4476336610149327,35
3.084675777126366,-3.943193679124536,53.87541722579741,3.963537986849395,1.1864309210172843,35
3.1296504786316777,-3.913431070220302,52.97557873793052,3.891820222559109,1.2508366863492508,35
3.0588281893394367,-3.699800165606216,56.56819800256002,3.667555904724228,1.1636219410829147,35
3.004882963610367,-4.150370712011634,57.02575962980029,4.145452835190465,1.0537615443619202,35
2.9925075265723216,-4.439191324610105,58.382732391357415,4.4574211953391485,0.9748026997270722,35
3.157807897514022,-4.36193062553943,60.96069395038444,4.384650653516742,1.1198562047850926,35
3.368414984622471,-4.102420968069159,63.49248421360068,4.141115447165262,1.4056722068450809,35
3.523001969700127,-3.942429287332885,62.92377122690984,3.991378132726106,1.5855595108488894,35
3.547067657322951,-4.020388378223902,58.24229715911437,4.044450958010176,1.5814249347633047,35
3.426926888210674,-4.102634040402696,55.22022177467882,4.131219662411112,1.425051952751591,35
3.3607614628026186,-3.968998069494544,57.43186209235393,3.986470979703984,1.3807166327892897,35
3.323925894750676,-3.749958572253373,53.3406223243391,3.739753034752857,1.4219038788701457,35
3.311987609930441,-4.028157061254474,55.3190835227429,4.0496795849061344,1.3552674130654672,35
3.326046147816617,-3.975424628862196,53.9368299027564,3.965156817100421,1.3840204208669518,35
3.401316876142797,-3.547420755238601,54.74667683453627,3.531342961418797,1.580916256971762,35
3.3480101303315517,-3.5769325813777,54.93486844989617,3.5713248252868643,1.526320319780163,35
3.3299774183353907,-3.7242730956682015,55.732949888202505,3.71951295792217,1.4797385922619994,35
3.4151880237418157,-3.4053503056647134,56.10964304964309,3.3875130095952057,1.6437507968553324,35
3.508451564211241,-3.017234671283776,52.94549423540142,3.026478426557192,1.873917278269647,35
3.494580846437267,-3.440841214757563,50.67896566256671,3.46784385828904,1.8157100022678672,35
3.3226341227410545,-4.071865703018618,52.7356514460604,4.090220807303845,1.4246334525900828,35
3.431437136421741,-3.947878582376827,58.90293153574769,3.9477191407915546,1.532703251905845,35
3.3779822336116307,-4.217917935948976,57.37588216217471,4.213557565715951,1.3710101062143352,35
3.3535299771268603,-4.03381684800269,53.7758413502868,4.016462587974442,1.3847832360737755,35
3.371983499594138,-3.983377757206769,52.13325000816668,3.983539493990616,1.4243198330973237,35
3.160140477435691,-4.005395459457183,56.540101763228265,4.018780171031684,1.2122546182551872,35
3.0665736198425293,-3.8587773920784527,56.994104815201005,3.816898826142432,1.1440773194944358,35
3.227862787918305,-3.726000550767066,54.11792577824123,3.7051754165703135,1.3486839297791589,35
3.299473579500764,-3.881543058744614,55.16009086286515,3.8960187569470417,1.4104206931423162,35
3.1604426142195585,-4.070853569138218,57.27668676242022,4.074883964699759,1.206491628163298,35
3.131640595449528,-3.921918358601314,57.92838158406002,3.8988718936141114,1.185767588481097,35
3.138579489479602,-4.006768569140366,57.92242834601604,3.9944291652088415,1.1750967066052938,35
3.00677732682564,-4.20734605654864,57.22835519280232,4.225654702791024,1.025629401206971,35
2.994760382343346,-4.351531250376096,59.66788659968845,4.3725741614758125,0.9682620705013544,35
2.911483623612096,-4.449698894796237,61.9870957925286,4.453210175876886,0.8556719942831673,35
3.000495101364565,-4.182416915893556,63.87105356135838,4.151031292660137,0.9535007334091292,35
3.0683695883818083,-4.076380054715653,64.01559230643261,4.063643479011428,1.0058615866681224,35
2.9759548650660985,-4.0732161427887394,60.43152973013865,4.063478409404486,0.9448344631933832,35
2.833576371971992,-4.0139489106729,56.26669467335017,4.040151471823034,0.8882087720951578,35
2.662376212402129,-3.944106303470236,55.8592161259181,3.966260681689625,0.7807193398475647,35
2.511194519593684,-3.775142585727531,58.12788683931589,3.768330288604952,0.651300818987297,35
2.409636974334717,-3.227043628692627,62.54939270019531,3.265187263488769,0.373353511095047,35
3.9754791259765625,-0.5921926498413086,37.03070831298828,0.5311735272407532,0.6946998238563538,36
3.905525042460515,-3.4641582265600457,48.32517050362967,3.5751496545084707,1.8200660885630788,36
3.8869287167395754,-3.725938807000647,47.609541272783616,3.784023980160693,1.991954203252192,36
3.884387356417996,-4.144467013699192,45.55439955704696,4.222156521323678,1.869630206714977,36
3.7889664456560896,-4.270402081362851,43.88480161120008,4.342798603164567,1.7072920299076533,36
3.7546544425137394,-3.91866985067621,42.90065869418058,3.959095067911215,1.7694234222798917,36
3.8009716297363063,-3.7200769727880303,42.19814196499911,3.753103134515402,1.9301135940151612,36
3.746680889929925,-3.9574644582254894,42.933466104360726,3.964983818414328,1.8176749886332693,36
3.652806720533571,-4.031622159731138,46.78018561943428,4.015238125007469,1.6909149259954066,36
3.760896479333197,-3.9116443804094008,46.08147144984533,3.9113849543191335,1.8578119461353009,36
3.677434471103695,-4.1960932124744765,45.08340395413912,4.216762706116363,1.6706464340636782,36
3.633682746153611,-4.071684543903057,46.78089904785156,4.061319791353666,1.6544288305135872,36
3.7116354162042793,-3.9444272067997006,48.60484268615296,3.9314453685200297,1.7913215677221337,36
3.7076168060302734,-3.913095300847834,48.7031083540483,3.905470436269587,1.7859599481929431,36
3.641834634167331,-3.8649365135006137,47.58896962412587,3.845318692547458,1.7142912741307612,36
3.7134511820919855,-3.982712974081506,49.1120783132273,3.9783955854135793,1.7925283592064063,36
3.74114678956412,-4.20500213116199,50.47894068364497,4.209548313300926,1.7423298475625633,36
3.75786695780454,-3.955621846072324,49.367165625512186,3.959520785124986,1.8177192194478493,36
3.691999318716409,-3.829487035324524,48.872046090506174,3.8200948288390686,1.782738997386052,36
3.5454513693189287,-4.1117820206222,49.92021504648916,4.113009029335076,1.5467410304329614,36
3.4653230863851268,-4.393626183063001,55.43931771658517,4.432556225703313,1.407920095470402,36
3.55896427414634,-4.08726828915256,55.324979875471215,4.0871481695375245,1.5723224136379212,36
3.6440505981445312,-3.7475059215839095,50.55431512685923,3.7485869847811184,1.7577995703770564,36
3.630174868590348,-3.6880418270617934,49.745232748818566,3.680485562011079,1.783412448176137,36
3.61896096076165,-3.866812159131457,51.30062596781271,3.857895529353535,1.716980905799599,36
3.560552135214105,-3.9531820637362816,48.42894670179674,3.9380475757838966,1.6153133874172931,36
3.574494817040183,-3.5970432324842974,47.544071197509766,3.56628587029197,1.7652328772978347,36
3.653333082065716,-3.798762498202024,49.67565275072218,3.782044734154548,1.8219840576598691,36
3.5547992482885613,-3.853344332088124,51.67647077653791,3.815071626143022,1.677619715670606,36
3.5157419334758413,-3.682375702824626,52.13280777831178,3.6365635661812097,1.669483273179381,36
3.4962889814710283,-3.70372512457254,52.88235839096816,3.677287741974517,1.659354815949927,36
3.4258335870462697,-4.1592716937298535,53.21649511377294,4.173429732556109,1.4381186403594652,36
3.4329819495861345,-4.317313877852647,51.5345756957581,4.3443601014730815,1.3862541005327984,36
3.5578305171086235,-4.151781118833102,49.95422275249775,4.165983236753024,1.5732855154917789,36
3.630935894025789,-3.953273137966237,49.91166791048917,3.956365026794114,1.699729947777061,36
3.657290532038762,-3.490497155623003,46.8979893130856,3.4773829466813098,1.8726314347940725,36
3.652110144808576,-3.413678584398923,45.343388163960064,3.386413437503201,1.941579593645109,36
3.7713067181460502,-3.5905144448046897,49.6678748230834,3.590633555725736,2.063914040585499,36
3.6877654382398912,-3.948944408576805,49.552401082499046,3.932290243935752,1.7796175279817383,36
3.502414638345891,-3.963754112070257,49.89336672696201,3.9339123639193447,1.555996558882973,36
3.366677739403465,-3.955932672207172,51.78588859184639,3.918756813436121,1.4214741883578002,36
3.374514384703202,-4.239348184812316,53.680416453968384,4.249088150637964,1.3507428294295198,36
3.3902377715477576,-4.493022485212846,53.8842572832441,4.544397640895176,1.3042177287015049,36
3.2767912941379147,-4.473399792517815,53.06286949211068,4.532919100114516,1.204361539620619,36
3.3104821902055006,-4.252284306746264,56.34145384568434,4.27967618061946,1.281526070374709,36
3.4203367833490965,-4.001989147879861,57.12918749722568,4.002878475856114,1.4568889424517435,36
3.4404112942568905,-4.014960455727744,54.62423439292641,4.012624673910074,1.4739209922043592,36
3.5114515111162947,-3.950778260931268,52.021474371423245,3.9519378405350905,1.5799244750629775,36
3.571105351814857,-3.7624882968155657,51.23786422089263,3.7554402368052022,1.7141904480807428,36
3.5635770434266205,-3.806309051446979,53.43115599839001,3.8041887800176633,1.6957897348003796,36
3.538210136907084,-4.077843649404032,56.3614421657749,4.078851516430195,1.562088140240916,36
3.5349212042935245,-3.895890942820302,52.798201420924045,3.876410854446304,1.6087417235741248,36
3.558351841839877,-3.906919739463112,53.77774637395685,3.9031654271212486,1.64315956289118,36
3.5566509937072968,-4.121281190352007,53.03651633629434,4.121232146149749,1.5696239254691386,36
3.512757418038962,-3.932741883751396,48.12142162723142,3.925273131657314,1.5719796219072142,36
3.48449182510376,-3.9544759713686433,49.85084181565506,3.958368668189416,1.5703358741906972,36
3.500453100337849,-4.159006855704567,51.536945262988965,4.160182322655524,1.4983093980309012,36
3.478806944160195,-4.282957160389506,50.514275904302,4.305237830102025,1.4389517982522928,36
3.432833201401717,-4.0919221731332645,52.46605063485099,4.102506039025902,1.4327383866676917,36
3.428835210266647,-3.7554397199537375,54.65341410603557,3.738624617770002,1.50122944291655,36
3.424460479429552,-3.894154561983122,53.65204020146724,3.879673467649447,1.4960134254468904,36
3.4108442593287758,-3.750566494214784,54.41773413278005,3.726162905459637,1.5374800225237866,36
3.4806109108291303,-3.984526802609851,58.10031970897754,3.994327275069444,1.5644598190601056,36
3.470165539454747,-3.5465475279134457,53.23126906281583,3.514272694821123,1.6594900584721066,36
3.4542420594008654,-3.0811757524530377,48.16545329060588,3.06431870027022,1.8121409174445624,36
3.4233955253254287,-3.553852688182481,49.04704596779562,3.5527216737920555,1.6867639910091068,36
3.520303964614868,-3.5512070472423853,50.53018540602464,3.517032843369705,1.779906722215505,36
3.684154487156368,-3.379847273126349,48.71429499379404,3.3749831323023445,2.009853273004919,36
3.6804831628199226,-3.602502621137178,47.12864530336607,3.595118027466993,1.9395194653864511,36
3.5114148446729976,-3.981543367559259,47.70720803320823,3.959891647725671,1.5982463093070731,36
3.399292055543486,-4.086834293979031,50.202168924825166,4.051039812448141,1.438953576388059,36
3.457822416212175,-4.157059029265717,52.95452624767811,4.138687543935709,1.4830515326319875,36
3.374459059922012,-4.089257423694317,54.04224603826349,4.067448162532353,1.403479297677954,36
3.375194893016681,-4.087870687871546,55.58194735333635,4.082011542953811,1.397325326512743,36
3.3460496805764586,-4.122677179483267,60.7061621926047,4.151869843889783,1.3731647496456876,36
3.3043659150183617,-3.9716296012584977,62.33666466666268,3.985813047502424,1.320908793202647,36
3.284198435870084,-3.93557366791305,60.27349754813668,3.954810372599354,1.3143792469184716,36
3.2869820044590874,-3.801066893797658,59.07818984985353,3.8123319149017374,1.346251982908981,36
3.3650008331645624,-3.4557448950680825,56.11623001098632,3.4631902521306825,1.530655427412554,36
3.3980281853175662,-3.756428049994516,54.96076557186101,3.7753182074406775,1.5462250201018537,36
3.3523457483811816,-4.224637511726859,59.62591400680007,4.266038404478059,1.3748679819640586,36
3.2278809280662277,-4.381645025906864,61.18101917613637,4.426553426088987,1.184660357195181,36
3.262898743569433,-4.080874548091759,60.78628854818279,4.088258288123396,1.2700262736607248,36
3.3181868233047167,-3.6733771837674647,60.2306945373962,3.6700232128996944,1.409090473935321,36
3.4053323152181982,-3.594276684981126,59.57478991421787,3.619623637699581,1.5441608312246675,36
3.428434967161059,-3.816184020542596,58.42865422388891,3.857263818487419,1.5404733936269808,36
3.344618920679692,-3.8259165603797736,57.01426363324785,3.83809335581906,1.4338807501159347,36
3.281699487379381,-3.730033786146791,57.06665655282828,3.732535927445739,1.4038909448610315,36
3.213109383216272,-4.026031824258657,61.8351942209097,4.049325502835786,1.271218107296871,36
3.0805443633686416,-4.253516027143785,63.44838928009249,4.272992574251616,1.0589026045965984,36
3.0875386891665144,-4.191559104652674,57.80232161408545,4.185233766382393,1.0830261874032163,36
3.338037729263306,-3.9665206562389024,54.90971860018643,3.985891017046842,1.417952125722712,36
3.4734671399309915,-3.989378774082744,52.549776837542346,4.003710950171198,1.556741992910425,36
3.363561690270485,-3.951561931129936,51.15029819195088,3.97343979015217,1.437572485917099,36
3.351846378166359,-3.913829193248615,53.07049952687085,3.9174777394408102,1.4347006549368382,36
3.428829886696555,-4.14209686292635,55.30474413358248,4.164198471949652,1.4485505177424502,36
3.3878247971301314,-4.380183206571566,55.306269212202594,4.412854648136593,1.3466216225724124,36
3.2229712893079223,-4.173605572093618,52.94672756595212,4.188404723480866,1.2239665443247023,36
3.027701532924091,-4.172919790227931,55.33257619150866,4.192232171972316,1.0472727763902885,36
3.2437925705542936,-3.913981932860154,55.47191766592172,3.904220599394578,1.3244104935572705,36
3.2941570765488635,-3.8639991450143034,56.68785951521012,3.878712954221072,1.400968741703701,36
3.263165077129444,-4.128630087925836,57.76787193671807,4.154163944137678,1.2632817913602288,36
3.228447502309625,-4.223108128234223,57.46455460661776,4.249185402076561,1.2212735572894966,36
3.203360559223415,-4.023544915072567,56.92300903213607,4.032673478960157,1.2154247485674348,36
3.262306971983476,-3.4614624326879344,51.465796037153765,3.450834144245496,1.4514630274339155,36
3.23804452869442,-3.001873024693733,56.70450626720081,2.9846319668776484,1.433862310189466,36
3.138460190979752,-3.4291293821134725,54.33825731610924,3.428547642447727,1.3874021193364292,36
3.145524543482107,-3.744123062053761,51.63544002612988,3.752453167121728,1.3386452523144807,36
3.1472347516279955,-4.050993886027302,51.93443994588785,4.06471787632762,1.2518171522167183,36
3.231219600130627,-3.4469763048878987,54.58988082992445,3.3986466631189165,1.4129660788115908,36
3.239241930154653,-3.764590501785282,56.12800334050105,3.788609633078946,1.360512247452368,36
3.1602615926649187,-4.12022123470173,58.22055144410034,4.115025260231712,1.21249603808343,36
3.2146417027586818,-3.878827653564775,60.771022769954655,3.8546290747769247,1.2688654652842266,36
3.341261361862396,-3.543103603216318,58.150190900255794,3.539199150525606,1.4783167747350832,36
3.2902587460471207,-3.532597898603319,52.567729203017386,3.541028864733822,1.5026767387256768,36
3.2896256163403703,-3.59218039212527,62.19795533827136,3.6168586857669,1.4412072730231118,36
3.395451895840518,-3.403652809716605,60.458785717303954,3.412092423939205,1.6222132202628607,36
3.298322200775148,-3.422776569019661,57.631838018243975,3.4484074332497308,1.5332164005799749,36
3.169721910169908,-4.010219320550668,56.8585439828726,4.063229537510375,1.2644100105845832,36
3.051449857391677,-4.291061204630179,60.74744684712871,4.320869932641516,1.082946046249016,36
3.087378091745443,-4.194115188571957,62.36682771802783,4.17816694299658,1.0739695033827024,36
3.2735824218163105,-3.930222713030304,59.47605514526369,3.925048277928281,1.300898753679713,36
3.4431864164925945,-3.8199292846492954,57.99305957180637,3.842585607008499,1.5410273633636786,36
3.479717466381046,-4.033918535792744,56.92108573113288,4.058226793796033,1.5220187885777934,36
3.4200373546226874,-4.235862491847753,52.4007058310342,4.268032400758117,1.3995045181754586,36
3.3904767936759903,-4.089193640888989,52.9285970301061,4.100713189665256,1.416935954060588,36
3.258013955363026,-3.949050526518922,56.43172673578864,3.947411418794752,1.3017125429807002,36
3.1050243377685547,-4.032544586208317,61.02168369960118,4.026637867614106,1.1305874494405892,36
3.1511877133296085,-4.049678545731765,58.64287689849216,4.034798648807553,1.1615110377331708,36
3.3074627972982964,-3.709038349298334,55.709971794715294,3.7020577417387033,1.4289252391228278,36
3.394872318614613,-3.290837764739996,56.69110038063742,3.2919780124317573,1.627030329270795,36
3.3319706583356523,-3.080171608424687,54.27118272047776,3.094680297624815,1.638126725917096,36
3.2556321987738976,-3.2496388325324426,48.04163976816032,3.2690214193784275,1.598327609208914,36
3.264488642032329,-3.2452159644840486,46.94693313278517,3.230898193546109,1.634535241793919,36
3.316486206921664,-3.2603858050766537,49.85018203308534,3.2251537613101786,1.693363822423494,36
3.014973140263057,-3.71851252008985,51.65873430158708,3.686615272001786,1.2885607647729087,36
3.004497498065441,-3.298118281197717,51.94491382412144,3.219765157966349,1.3185337831924009,36
2.930769133401085,-3.0875779915522874,54.43029022216794,3.022470644303969,1.3000996512966572,36
2.959252942692149,-3.425686289380475,56.64287753872105,3.399679607444704,1.282282293259681,36
2.978424277338948,-3.839143016121605,58.41076572124775,3.8294647023394393,1.1874083347253863,36
2.9120351784712786,-3.9804427973873966,61.1819461208957,3.94125379048861,1.039782987607943,36
2.804288030504349,-4.075551611560205,61.78527207808061,4.011641247289162,0.9116643746416068,36
2.4902668549464293,-4.300555919433807,60.71962185839673,4.245293437184154,0.6580323993742881,36
2.4252283573150635,-4.122747421264648,58.646854400634766,4.068025588989258,0.6019023060798645,36
3.9966578483581534,-0.574787437915802,34.731529235839844,0.5214090943336487,0.9325191378593444,37
3.912941969616313,-3.563302980342381,43.59416324991575,3.671340586433948,1.93908158658256,37
3.9489848647319095,-3.629107028665677,42.22918185381823,3.664211551908037,2.118038207712308,37
4.000971846177545,-3.657226193119103,40.26647111059914,3.723575588683008,2.2108155724028467,37
3.9621933245323073,-3.979851309682282,41.76341269049846,4.021392150663994,2.0470163217732606,37
3.87386351907757,-3.9843506561198714,42.51850848130777,4.009144218874649,1.9092256200145667,37
3.842470833952998,-3.9881744317605454,44.55935830129704,4.013082725901,1.8753507624209769,37
3.9150960562934336,-4.189468383789063,46.844794904682,4.240794302712024,1.932601400664155,37
3.8559568902136574,-4.236254618201457,46.92540284277688,4.273924048517792,1.8169971133621643,37
3.753978035819362,-4.132817553802275,47.29781929875763,4.16207595274482,1.7114590188147316,37
3.747957928079954,-4.209577869361555,46.83727565281828,4.250144266746413,1.694440411849761,37
3.722254598644418,-4.340661673478677,45.49344124592526,4.397398021859183,1.6303217755237096,37
3.6402495679721034,-4.160410813882318,43.44407315321372,4.200190181463537,1.5959711225939468,37
3.6776890469269015,-4.054356796640746,43.78821270902392,4.072024812161083,1.7055321906653929,37
3.778704498855161,-4.085776651409311,45.26567733119911,4.103337240890718,1.8093958270381876,37
3.785547949898411,-4.119571430582396,45.49420630763954,4.133185688878449,1.8018279612903865,37
3.784832047744536,-4.2170805796770985,49.7549680790431,4.237204847201495,1.7742147865429732,37
3.7972661105679792,-4.073314408181419,51.43412009763046,4.098516047840387,1.807517840828694,37
3.82870721145415,-3.8165925052804015,46.38561845161546,3.847621293135093,1.912525653839111,37
3.7498682132909,-3.668911452024755,40.14427502054564,3.700762993852857,1.8889608307623529,37
3.638329284291872,-3.9744632311270265,42.04977578176578,3.978148195105539,1.71917848519876,37
3.630122811021939,-4.2972792101577975,44.314009787331166,4.3065857450727005,1.5863366840590891,37
3.658813936609617,-4.296324857523744,44.43928259191379,4.309843822264336,1.61427121766856,37
3.584618150348395,-3.9711323556765703,46.67508568562253,3.9538077485393472,1.6324130313497194,37
3.543252316998764,-4.040238947935507,49.358680187816354,4.022784877830828,1.558380039644913,37
3.560124778411758,-4.172641945556856,48.96151158507441,4.168733788208223,1.5533731965951516,37
3.4388459669032567,-4.127890465964734,48.06852679185464,4.118344374105964,1.446539114898359,37
3.3119934797286987,-4.282972460061731,49.818418341623214,4.28992404064662,1.2905584666090957,37
3.316926694252121,-4.243048567167471,52.98860437097684,4.24060160677198,1.3018286127439684,37
3.469107093945355,-3.702691716207586,50.81268536205024,3.674464875543622,1.618091632782573,37
3.4691270875259184,-3.627885338286279,49.41910703417281,3.607343851680487,1.657475127300746,37
3.491943780805024,-4.099710840574452,52.91831333536497,4.103385337641541,1.538710891360968,37
3.5477643617441954,-4.249539059652409,55.85681356510646,4.262195788638692,1.5532462277882535,37
3.601599743668462,-4.034111620674671,53.52304192663919,4.025889648518093,1.6273842873707622,37
3.5977396763546365,-3.718027809975853,49.44557985117738,3.7105383167804127,1.721464800163054,37
3.5530896623369674,-3.727333666573108,51.17519204045685,3.711418145139453,1.688453346910611,37
3.539335358310753,-3.8465869661787857,53.82136277749504,3.823813945474758,1.6418043643655915,37
3.518988194599958,-3.9692586307794273,53.60484311278438,3.953519690204674,1.5869406957021908,37
3.348809527679229,-3.994641485348554,50.54262666299311,3.992352039041653,1.405328391303479,37
3.453042176407827,-4.031656896564322,49.45977444715903,4.034878515861403,1.5197450426262864,37
3.552498182780306,-4.183578820295737,51.61159741039007,4.189817408440818,1.591213778710701,37
3.674226666840029,-3.547077370361545,49.5036206043942,3.534416605049457,1.8910692233434856,37
3.686178842061002,-3.660513327155314,47.28467092379718,3.6711610303798174,1.882739433100526,37
3.617317149336909,-4.006596644159774,49.491041264063874,3.994999373462838,1.6858712191313088,37
3.545961722521715,-4.151592953104369,51.68523466083365,4.140598968720772,1.54699925637581,37
3.4978535595074507,-4.111046243721331,53.45698732725332,4.0992918719708085,1.4927124750446266,37
3.5167769042538923,-3.981392195526983,54.05984094109333,3.965527866927671,1.5544340929514926,37
3.5871771976981366,-3.936377802365263,54.03859468916773,3.9321959421668256,1.673577907219739,37
3.662646474972577,-3.2727871612763737,51.101332973426494,3.261146652866417,1.962904624536004,37
3.557282419271872,-3.703413330333334,46.700688939698985,3.73345272473886,1.733248905396797,37
3.5283150471432108,-3.845583059418369,48.10232936160666,3.822571892133901,1.6728498196937671,37
3.501745490960672,-4.139773184145001,52.07247793170768,4.147443388549376,1.5557649513365512,37
3.3627198716284523,-4.312937951423752,54.68689265721281,4.325952106798198,1.315698005783726,37
3.332549645867146,-4.197627447020841,54.80396260006327,4.199119517500972,1.3192753262922794,37
3.2431020971754894,-4.373479829707619,55.37962206988268,4.431053598162157,1.1949108133853308,37
3.5216636523394507,-3.8594378484806566,53.063689164712414,3.8911191141101695,1.6528840778579157,37
3.5419281502844586,-3.790783804906927,50.23149861080547,3.785514633420489,1.6751961019677175,37
3.538080292688289,-3.4623948453177875,49.53496543454452,3.4344952459066693,1.7712474473765196,37
3.503372605417816,-3.4535356172373595,52.22984394557038,3.419478379504781,1.7650830762487064,37
3.491098041265783,-3.071835385241981,59.31046582611511,3.015932900804872,1.8057346192883768,37
3.5090452113621677,-2.7614027379264297,59.44368174378303,2.773824836166812,1.9127002484361888,37
3.494270087967456,-2.850193495481786,53.06586413316325,2.8841816942456737,1.9682114988985195,37
3.5040730254750856,-3.3083302168778945,50.55460760626994,3.3312054284861365,1.886899813799792,37
3.5381218799403014,-3.9551177058421376,51.960711895580026,3.9594038355518384,1.6788143801017552,37
3.5218076403711884,-4.110789950464813,50.05836648000798,4.102566054169561,1.566405474300116,37
3.447217561829258,-4.0340202459147285,48.910219971562775,4.019121401746508,1.5053161214774762,37
3.5456649619089045,-3.856764081498267,51.322385062634105,3.84697581009126,1.6692056756624034,37
3.469964704043429,-4.05032402360943,48.02296087775432,4.049561084156305,1.51673445231478,37
3.335185010668258,-3.955176820217724,45.16723847725022,3.945456548475884,1.422782753554868,37
3.397192939906053,-3.964127243404657,46.74966607966893,3.940321025714068,1.4862498867679648,37
3.414593478323708,-4.022886605329917,50.89371592561963,4.002269523244508,1.4893992652355783,37
3.4359532594680786,-3.733144760131836,54.60490798950195,3.690201163291931,1.5539647340774536,37
3.4556794233725125,-3.312547297544883,54.2718996934488,3.288865116280569,1.7361179842075851,37
3.2264371170124537,-3.352309378100113,50.44740067065601,3.340261105080726,1.5155581605266517,37
3.2397725447802466,-3.703287127991795,46.55535437355579,3.692623041045496,1.4874788539510375,37
3.3863146187553945,-3.948237598781855,48.33362839927137,3.923327365391691,1.551532911582732,37
3.51935777865665,-3.767635946542444,51.38138472866003,3.732234004517676,1.707929899994756,37
3.525026697508046,-3.927229061932631,52.41475067675954,3.900310862232262,1.630906801828196,37
3.4312094668267483,-3.978639414612676,57.14386760013201,3.966773358868881,1.507952550767174,37
3.4568978564839967,-4.078868328685492,53.16987956409721,4.073807471235034,1.4688966400186785,37
3.483641265143811,-3.934436432072815,48.650883902966136,3.9333772961522495,1.5701474706891552,37
3.5201950879164148,-3.764512134269928,50.47591631177446,3.747435547936129,1.652848019566335,37
3.5369420656016177,-3.5657889708666737,51.91726260118081,3.5422545889733548,1.7373060709993606,37
3.4802513626259817,-3.582233005846051,53.87986338978085,3.5499921919594355,1.6780073751865976,37
3.525472325338444,-3.83460404839314,57.30675313170528,3.8283744328458527,1.6503962446266502,37
3.4960366453922966,-4.116729501267555,54.066588173449865,4.1079106498772,1.5228388578119405,37
3.3112641119621173,-4.1958743417766735,53.42307818775445,4.218475200760533,1.321952455480334,37
3.355773747806816,-3.516809357723725,59.28811105540098,3.498786283210974,1.4642282858700804,37
3.429682768566508,-3.414632353984134,56.77890476710361,3.4059957887085397,1.622661728254506,37
3.283516474173105,-4.096731692972311,53.14740078885792,4.159602991292167,1.338011349590735,37
3.2503331110511025,-4.206072444647131,53.634436379016286,4.228924717701657,1.2884865344410208,37
3.4089779400489686,-3.884842805459469,54.33578225256692,3.875570403018471,1.5051973336179467,37
3.458410444393964,-3.74892327819072,54.11390406648878,3.74511126733162,1.5955234027244676,37
3.3512633451273754,-3.815243007431568,53.03408018300233,3.806128323917657,1.454506426629887,37
3.2917225965311827,-3.785596212870638,50.81881058383996,3.774247998922644,1.4317375236833598,37
3.4962845117273456,-3.8369802673098095,56.04121603092676,3.854400680098738,1.7363196158073309,37
3.625655264921592,-3.955187203178943,52.47645246478873,3.951851193334016,1.7287159688036209,37
3.614280171797309,-3.5909393690001825,52.639599464309,3.5887338577861545,1.8273897397686056,37
3.5773727591608613,-3.682849790008975,55.43768493222518,3.683879227705405,1.7057152952946406,37
3.46956211916158,-3.855509927575017,53.58631233430245,3.844857590299256,1.5603089156285148,37
3.322538214670101,-3.9701357693739343,54.37201679928202,3.9592619647442455,1.3830559069002175,37
3.2537568622911484,-4.11286270786339,56.14374794758541,4.110976988161112,1.269269722448269,37
3.239359304938518,-4.253539595805423,55.32366766056544,4.263324267427686,1.2196330285408128,37
3.2754906483099493,-4.124555356065993,53.18243139562474,4.126695629576563,1.2950221434445446,37
3.200308645275277,-3.985555088016348,52.18444824218752,3.990906204975826,1.2624234615916938,37
3.243666526297448,-3.5768190085048435,61.30843090003639,3.5467283171667208,1.3288522983940554,37
3.157800271477497,-3.288957830885765,61.66485875089401,3.2501885958120846,1.3206041329343552,37
3.2449701017057384,-3.4236427192956618,56.23004948253365,3.4558130519490837,1.4593522531885486,37
3.4252438612387204,-3.6854334179784174,52.53803382121347,3.723285460136304,1.6178460910286698,37
3.4402823448181152,-3.819423202057959,50.69113065155458,3.833436913893256,1.59266597032547,37
3.441926925954684,-4.073969659670973,52.748387457619245,4.082311351534342,1.488651097660335,37
3.402335306288491,-4.211186580254998,52.00385762604189,4.223109618039199,1.3999096893928422,37
3.329586989443068,-3.974938228096763,55.06440417867305,3.956268552323465,1.3857554247681532,37
3.290207773866788,-3.7272968241866207,60.41714012790734,3.70877734540214,1.3479957714886734,37
3.2901675331760467,-3.97365123453274,55.80377079063741,3.968663450697772,1.330461228397532,37
3.146293735839951,-4.7024667598831815,55.86648911489567,4.856164760992559,1.0422209543241585,37
3.113269946944545,-4.484540946047075,57.76371389039805,4.530453641649708,1.060005920034058,37
3.219907936915545,-4.358268123277476,59.19262767845476,4.406648555272062,1.1535112757078358,37
3.278678061256945,-4.245336096051716,61.304307964486114,4.289556207791184,1.2527022294595196,37
3.355432169538149,-3.8876452664254417,64.10138855517751,3.926133086983586,1.3842999406263865,37
3.465494414450417,-3.608080642324098,64.8346848823655,3.675710090449158,1.5781875748029894,37
3.36510487341545,-3.749993493859197,63.27276608641719,3.801924193409128,1.4676043508758003,37
3.251117293263825,-4.085499662748524,64.67920190515655,4.157614499750271,1.2676392222794015,37
3.143296364327552,-4.120922330399634,61.1841806760976,4.140515045380928,1.15382719459668,37
3.0488181819378486,-3.9350795611529295,61.99880739668725,3.940287593384866,1.0740951988059029,37
3.178624258914464,-3.621398150081365,60.402937284657646,3.613757464247689,1.2708382346260725,37
3.1638792199148265,-3.9017502556384422,58.91010757231377,3.947887212457789,1.224095839849661,37
3.082776371861847,-4.19463697957321,61.39648491228132,4.23430330988387,1.0866265162615705,37
3.1477380571231026,-3.970343213685804,63.02610945365799,3.969852951210992,1.1600320255252663,37
3.299029880846049,-3.4564595289633355,63.42084838974641,3.4694019287404925,1.4016606799313682,37
3.3583974133075123,-3.4038259378621256,65.09502475362429,3.4899230674958543,1.502624808902472,37
3.251678982251129,-3.878133474940981,62.92240838601558,3.954402114304015,1.3299041491159276,37
3.0878109730465315,-4.082998000400168,61.24401602946536,4.129699552562876,1.1383555455946588,37
3.0867541994847048,-3.807470954639813,65.6809463500976,3.82912315113444,1.1385117441835544,37
2.9536101280803413,-3.7880213562871368,68.35469990045252,3.7741295619749686,1.0086543031141797,37
3.014603572832026,-3.917798357950129,68.3222810987016,3.931151207064237,1.0446975147220448,37
3.097799280999412,-4.040969929225008,65.04421008472713,4.085666065484705,1.0902350586904606,37
3.163890853734083,-3.886925497525177,61.00453962406645,3.918562957938291,1.189190595922334,37
3.1945007989104366,-4.019423961639403,57.234988360337816,4.0732662711344965,1.1952141472991085,37
3.0673205734978275,-4.218515214785725,57.73079399323793,4.268600987716461,1.0788334037216627,37
2.8983205842300204,-4.082319514852174,63.16722864500234,4.0351384928528695,0.9086255531915476,37
2.5598410284015536,-4.053836990410173,59.28267513866158,3.958325694984113,0.7023863540568842,37
2.2416679859161377,-3.7874557971954346,57.19840240478516,3.788423538208008,0.4142965376377105,37
4.026388168334961,-0.2997084259986877,35.26659393310547,0.2335427403450012,-0.1704399138689041,38
3.886628520488739,-3.029936063289642,48.74126987457275,3.101553404331207,1.617662936449051,38
3.758504176139832,-3.87819128036499,44.91282691955566,3.910145378112793,1.7162251830101014,38
3.7192195534706114,-3.970173966884613,44.41955509185791,4.000575041770935,1.7312622368335724,38
3.708188629150391,-3.963955116271973,47.595576477050784,3.985130500793457,1.7655791759490966,38
3.7001059651374817,-4.072598457336426,48.72696876525879,4.090214967727661,1.7025817930698397,38
3.7024899244308473,-4.061715841293335,45.15752143859864,4.086896562576294,1.7114116191864013,38
3.747737431526184,-3.9480294227600097,46.89102382659912,3.967252206802368,1.827176892757416,38
3.7368178367614746,-3.864649248123169,50.54959030151368,3.871973466873169,1.8170153617858888,38
3.804487681388855,-3.9034770131111145,47.51244163513184,3.922004652023316,1.8975417912006376,38
3.825225591659546,-3.99407160282135,48.59014129638672,4.019804120063782,1.903422474861145,38
3.71825110912323,-4.18629629611969,47.243783950805664,4.205034255981445,1.679259204864502,38
3.542469358444214,-3.9655928134918215,48.966986846923824,3.952128314971924,1.5700332164764406,38
3.5492215752601624,-4.289065957069397,49.55291576385498,4.30811071395874,1.4844908475875855,38
3.667363333702088,-3.842058086395264,48.47885589599609,3.834693694114685,1.7757338523864747,38
3.76070785522461,-3.909581243991852,48.69397640228272,3.928403258323669,1.867501825094223,38
3.7835103034973145,-4.109105491638184,49.94047470092774,4.119060230255127,1.813004684448242,38
3.797897982597351,-4.11309027671814,49.23540534973144,4.130722403526306,1.80110524892807,38
3.7274404287338254,-4.118828773498535,47.33581047058105,4.138844156265259,1.7077252984046936,38
3.609355664253235,-4.142850685119629,46.52029857635498,4.1586083412170405,1.5773685395717625,38
3.5794997215271,-4.260248184204102,47.66946792602539,4.274983882904053,1.5361453294754028,38
3.573174524307251,-4.29992446899414,51.0938362121582,4.309258818626404,1.5293172776699069,38
3.571237087249756,-4.319227313995361,53.39990234375,4.333954620361328,1.5177684068679809,38
3.6263800859451294,-4.31118106842041,50.42722854614257,4.337651658058166,1.5597540259361269,38
3.695927381515503,-4.119024085998536,48.29016876220703,4.145621204376221,1.702776932716369,38
3.7174012064933777,-4.227298617362976,48.6710901260376,4.260388612747192,1.6943887174129486,38
3.679438638687134,-3.764337444305422,48.87034797668457,3.758545470237734,1.762986600399017,38
3.7090592265129088,-3.489800238609314,47.96321411132813,3.4827764987945558,1.9093628346920013,38
3.7154802322387694,-3.614053249359131,47.12717361450195,3.609262228012085,1.9296398878097527,38
3.589970064163208,-3.606613790988922,45.235144233703615,3.5688104152679445,1.7810962200164795,38
3.671352744102478,-3.510952472686768,47.5004940032959,3.481234073638916,1.932283580303192,38
3.733361089229584,-3.523739600181578,48.37760047912598,3.509813249111174,2.007343983650208,38
3.638108205795288,-3.931601619720459,46.99091491699219,3.9054462909698486,1.733238673210144,38
3.5420470595359803,-3.972333037853241,46.12730751037598,3.94076099395752,1.6167727410793304,38
3.619018077850342,-4.1289099693298335,50.4342258453369,4.124022722244263,1.6715690851211549,38
3.4921721816062927,-4.240941166877747,55.21743869781494,4.238683462142944,1.4897865951061249,38
3.362600994110107,-4.288091850280762,54.827490234375,4.296923732757568,1.3037943601608275,38
3.4154748320579524,-4.036157166957857,52.3261199951172,4.02959407567978,1.4360689163207996,38
3.4795668840408327,-3.759272837638856,50.83414878845216,3.74756977558136,1.5984057784080503,38
3.500485289096832,-3.298216807842256,49.08796672821045,3.2705824494361893,1.7577227830886837,38
3.5835230350494385,-3.1629345417022705,46.07151412963867,3.1593003273010254,1.982975006103516,38
3.564447236061096,-3.952086222171785,47.66441802978516,3.944579887390138,1.712868678569793,38
3.435062718391418,-4.3998308181762695,50.30946388244629,4.41014895439148,1.3855547547340394,38
3.4938947200775146,-4.1935621261596685,48.822379302978526,4.183896660804749,1.4936598002910613,38
3.342623090744018,-4.088966941833496,44.64619674682618,4.09675235748291,1.397159171104431,38
3.263843595981598,-4.103453397750855,47.4168758392334,4.090179085731506,1.3279785215854645,38
3.2522635221481324,-4.349211502075196,53.08981361389161,4.354858350753784,1.2307390570640562,38
3.263381695747376,-4.504155063629151,54.62139797210693,4.525942587852478,1.2026980340480804,38
3.2521838188171386,-4.491318321228027,54.82629776000976,4.528110599517822,1.181468486785889,38
3.2842972397804258,-4.366295886039734,55.017956542968754,4.401962661743164,1.2197875142097472,38
3.4011718034744263,-4.103088855743408,51.60293388366699,4.11528205871582,1.4281339049339294,38
3.544721531867981,-4.276959204673768,54.40841674804688,4.313532161712646,1.543506246805191,38
3.562168693542481,-4.034035491943362,51.913266754150406,4.03195199966431,1.6037274122238154,38
3.5604797840118407,-3.1675680637359647,52.15966339111328,3.1428962588310267,1.7762054443359372,38
3.562658095359802,-2.618267440795898,51.46405410766602,2.599959087371825,2.0259212970733644,38
3.547307908535004,-3.526458501815796,47.43950271606445,3.539027869701385,1.8115313351154327,38
3.486956119537353,-3.7722722053527833,48.73165969848633,3.742149496078492,1.6823247194290158,38
3.4869940280914307,-3.9609695315361018,52.95731964111327,3.93167176246643,1.5902280807495115,38
3.5138988733291625,-4.090322065353393,51.93615913391115,4.073611497879028,1.5428502082824709,38
3.507599580287933,-3.882527005672456,49.00311279296875,3.8646400809288033,1.5903304100036617,38
3.48005485534668,-3.914940357208252,49.74412536621094,3.909415483474731,1.5751986503601074,38
3.279292058944702,-4.19928011894226,50.50466499328614,4.20683012008667,1.292668282985687,38
3.246672248840332,-4.056920909881591,55.37125244140624,4.033237218856811,1.2707737803459167,38
3.326887130737304,-4.192759656906127,54.73499240875245,4.180424833297729,1.3162078440189358,38
3.446249437332153,-4.106993293762208,50.9304069519043,4.107086467742921,1.4813575267791743,38
3.504455387592316,-3.6526538133621216,51.43463325500488,3.639631748199463,1.6732586920261383,38
3.477551078796387,-3.5484824657440184,54.547286987304695,3.5201398134231567,1.6760342478752135,38
3.356608664989472,-3.733606684207916,59.8373373031616,3.725561881065368,1.49462093114853,38
3.3706547260284423,-3.855352354049683,58.311573791503925,3.8497605323791504,1.4534216880798336,38
3.3981086134910585,-4.243123960494994,54.91600437164307,4.282548475265502,1.3950091838836671,38
3.3736168146133423,-4.3397252559661865,54.75627136230469,4.3834497928619385,1.3356841802597046,38
3.417471480369567,-4.067885446548464,54.64179058074951,4.077966403961184,1.4301749229431138,38
3.5025602817535404,-3.8193082809448233,55.78312072753907,3.826142835617065,1.597835969924927,38
3.475936210155488,-3.6732522130012506,57.58465633392334,3.681961274147033,1.6255653560161598,38
3.1707952022552512,-3.841596126556395,54.91943092346194,3.851543879508971,1.2914809346199054,38
3.021529853343964,-3.9927237033844,54.36993408203125,3.990053594112396,1.150040864944458,38
3.1094749450683588,-3.969523191452027,59.00667419433593,3.949391794204713,1.1937517404556273,38
3.1263491988182066,-3.9307899951934817,56.566454696655256,3.904382622241974,1.196829605102539,38
3.12651789188385,-4.096793174743652,55.1718563079834,4.115565347671508,1.1668311953544617,38
3.212258088588713,-4.056112718582154,55.21938457489015,4.056184291839601,1.2484552323818192,38
3.283455371856689,-3.899036407470703,55.8530387878418,3.89850640296936,1.3549264669418335,38
3.443938469886778,-3.418120813369756,58.540323066711416,3.410800695419317,1.6365958809852557,38
3.57422661781311,-3.4393350839614896,57.71716384887694,3.5005985260009798,1.800009524822234,38
3.4342195391654973,-3.818072259426117,55.53666458129883,3.839607310295105,1.539405113458634,38
3.4115786552429186,-3.815973281860348,54.50588531494142,3.817775774002071,1.5057950019836424,38
3.5371733903884888,-4.002580523490906,51.9093599319458,4.012702703475952,1.62142476439476,38
3.561075305938721,-3.806927180290221,53.00403976440428,3.806408762931823,1.695768928527833,38
3.38868019580841,-4.136982774734498,54.40164318084717,4.146959137916565,1.4025385081768027,38
3.2134126663208007,-4.015965461730956,56.78003387451171,4.008949851989746,1.237156939506531,38
3.267180621623992,-4.442775297164913,58.99348068237304,4.512095022201534,1.1947800636291503,38
3.306105852127075,-4.253860235214233,59.25979423522949,4.280562162399292,1.29029643535614,38
3.3591486334800718,-3.885092413425448,58.46615276336671,3.88691728115082,1.408999580144881,38
3.348729562759399,-4.133424377441408,60.62958984375001,4.2022549629211445,1.359509658813476,38
3.389181184768676,-4.266000986099244,60.35787067413332,4.323905730247499,1.345694488286971,38
3.550223350524901,-3.9981252670288137,55.88027114868165,4.014602279663091,1.652910649776458,38
3.610043942928314,-3.5870935916900635,56.788846015930176,3.6178521513938895,1.7754327356815338,38
3.521095418930054,-3.973002195358275,56.47925338745118,3.988469600677489,1.5661020755767832,38
3.531653249263764,-4.013182353973389,55.18830871582031,4.016073274612427,1.5776050090789793,38
3.3743718385696417,-4.144270992279052,55.72118492126464,4.17604374885559,1.3833985805511484,38
3.2952630281448365,-4.292730236053466,54.007361602783234,4.334689927101135,1.2510293424129484,38
3.2123143672943115,-4.133003234863281,58.35270309448242,4.172321319580078,1.2455848455429075,38
3.265596401691436,-3.6764567613601713,61.07659320831304,3.6613082885742223,1.3084558844566327,38
3.35858895778656,-3.646808600425722,54.558053970336914,3.6505472421646137,1.49169385433197,38
3.32618362903595,-3.940699577331543,56.72897567749022,3.9601869940757752,1.404033410549164,38
3.295616197586059,-3.733994817733766,58.97883377075198,3.7329665660858167,1.3820026397705067,38
3.349204540252685,-3.563193798065185,52.37066268920898,3.5565547943115234,1.5306270122528076,38
3.201949787139894,-3.58210802078247,46.85552177429201,3.6022453784942616,1.430585539340974,38
3.0454280257225035,-3.873646080493928,49.35637912750247,3.865519273281098,1.2299652218818662,38
3.1834399223327634,-4.066444015502929,59.15624389648435,4.039789485931396,1.2766645431518553,38
3.2594412207603454,-4.019561600685121,65.18865547180172,4.00040261745453,1.3057635605335236,38
3.2716877460479736,-3.788281798362732,64.2954158782959,3.771913528442383,1.3226303458213806,38
3.342355334758758,-3.5783544540405283,63.4679006576538,3.607526063919068,1.4660869717597949,38
3.3807332515716557,-3.4850558280944823,63.75162353515625,3.550798940658569,1.5538250684738162,38
3.356333589553833,-3.290593934059144,62.05843544006349,3.348152768611909,1.5776435911655422,38
3.3204944610595715,-3.1517292261123644,60.87569923400877,3.215170884132384,1.6134806871414191,38
3.185971260070801,-3.312600553035736,62.97400856018066,3.382583498954773,1.4704822599887848,38
3.0608933925628663,-3.4246018886566154,64.02981948852539,3.488301038742065,1.3159675359725953,38
3.096819925308228,-3.44792913198471,63.37113723754882,3.5137587904930108,1.3183107554912574,38
3.322217917442321,-3.1834331274032595,61.42073593139649,3.2746750593185423,1.6239543676376338,38
3.256961393356324,-3.423326086997983,60.18162422180178,3.5162815213203404,1.518093115091326,38
3.2762742042541504,-3.703854560852051,55.328216552734375,3.754350423812866,1.4536844491958618,38
3.3097963333129883,-4.088672113418577,54.7794578552246,4.134688544273375,1.385132193565369,38
3.248096442222595,-4.2945372581481935,59.409740829467786,4.338068675994873,1.2541753411293026,38
3.2490278005599973,-4.27564377784729,62.800443077087394,4.31825532913208,1.2219983577728268,38
3.310777378082275,-4.181659412384034,59.21306686401375,4.199496936798097,1.2762398004531856,38
3.301735579967499,-4.039340853691101,53.901512145996094,4.05986762046814,1.327368140220642,38
3.3606700181961053,-3.9506623268127457,55.2236385345459,3.968227863311769,1.399705004692077,38
3.434989070892334,-3.833306062221528,53.97911243438721,3.841828608512879,1.5454563021659848,38
3.338852024078369,-4.155219936370849,56.6001968383789,4.178835678100585,1.3488230705261235,38
3.27332946062088,-4.245565247535707,56.916065406799326,4.260169506072999,1.2477858245372773,38
3.331547260284424,-4.040716409683228,56.387393951416016,4.040593147277832,1.3657552003860474,38
3.2688517451286323,-3.787716865539552,60.8081172943115,3.795621895790101,1.32911635041237,38
3.0945567131042475,-3.8164008140563968,59.85839691162108,3.809536981582642,1.169676828384399,38
3.0352674245834352,-4.143283605575561,58.13396167755127,4.166041445732116,1.0704325377941135,38
3.1245487213134755,-4.051832699775699,56.85545196533206,4.048222041130069,1.1593680500984171,38
3.1011568307876587,-3.981522083282471,58.20722961425781,3.9894359707832336,1.1559541821479795,38
2.99581937789917,-4.104521465301513,59.82380142211917,4.097157669067382,1.0080570697784428,38
2.9375114560127256,-4.152422332763672,57.42873249053956,4.138529920578003,0.9827677071094508,38
2.896407413482666,-3.989980983734132,61.00230140686035,3.952572107315065,0.9202899813652036,38
2.9394799470901503,-3.535369300842284,59.74555225372317,3.4941609263420093,1.0067076802253725,38
2.7567484378814697,-3.5671846866607666,55.64899063110352,3.5725419521331787,0.8922457098960876,38
4.01600980758667,-0.2931217551231384,26.119123458862305,0.2263941168785095,0.2009418457746505,39
3.8556082934784377,-2.9363885766310656,34.00975099741984,2.994048089432201,2.0095290520208344,39
3.7698925124655527,-4.211178433123252,40.77162774175192,4.210058136809644,1.70566771442084,39
3.803859834190753,-4.295752580217321,44.70585278298358,4.303821395627029,1.7574282009824571,39
3.8877047171695622,-3.849487649451057,45.01138794164864,3.875274953224676,1.9818817694410145,39
3.887035565410587,-3.737358319673607,43.375717355193,3.787414408416199,2.0053406825168527,39
3.7638365278998727,-3.863568086418317,41.57879954276325,3.8790752133019537,1.833447831140148,39
3.744422157891363,-3.966346066632717,44.32151440407732,3.965713252266534,1.798266420261465,39
3.750488758087158,-4.020763510422741,44.64585217812078,4.021282844406238,1.7904554536874346,39
3.7815717947568825,-3.9098817118637856,43.8409664510823,3.919465416626965,1.8652765442141523,39
3.846363762299792,-3.559651148405006,43.10362589445045,3.573862610961036,2.0658525237076573,39
3.8030345714349534,-3.54272369515124,44.67542777301596,3.5307135616275045,2.041097457460362,39
3.69366432265412,-3.9919327849106825,45.16369327023733,3.9736588876024426,1.756061279516426,39
3.655337853397397,-3.9750290826070223,49.7196179122376,3.951877894161417,1.738263435500989,39
3.714644816281984,-4.119508372793953,49.29655398910853,4.108379261099177,1.72632447506884,39
3.7014349793358674,-3.887779002566989,47.10003695042013,3.877223306422611,1.776235470668875,39
3.667449870555521,-4.017118296177267,46.47180845411562,4.016467355138106,1.7019991403003392,39
3.6159795737095015,-4.443096771514672,46.610944185325565,4.485720490380157,1.5234272411401324,39
3.583290064077583,-4.511990842201728,47.26192317935202,4.57783572107768,1.4562412491805257,39
3.6214406558935592,-4.19905518799377,47.36027576254426,4.219198350426105,1.5936344253073491,39
3.5712828173054207,-4.190577856928324,48.520926386332334,4.19452827096843,1.5416730608013895,39
3.5541742293954752,-4.2822361232565465,49.93454322540503,4.294499332098653,1.496317022995983,39
3.5575820902268664,-4.005538196014844,47.93962248109228,3.994050911004595,1.590598014618853,39
3.460668773102246,-4.058137567780858,48.8373284099771,4.047116732425827,1.48535679655967,39
3.422188865195076,-4.02692964951769,49.59119453704614,4.002748820421507,1.4568809828312277,39
3.560918554127645,-4.2253085863676,48.87823675690795,4.237540063240545,1.55582521973754,39
3.618458720419904,-4.0008384924140765,47.71598176475909,3.991761195573875,1.6800158023834229,39
3.5952677898269765,-3.8637565640236833,49.07352691760165,3.8455948109249416,1.6951082370264068,39
3.5731667940565157,-3.8664371504200448,50.86756973815479,3.8396133827648575,1.660643718225493,39
3.576656154591402,-3.9612039644941146,49.9509208734087,3.943481668293905,1.635883851017026,39
3.567888638956084,-4.101258699842494,49.1195700391591,4.0979452716360845,1.5882436817498518,39
3.5313030489914707,-4.161826198907208,49.647239685058594,4.162275581908741,1.5180075022814086,39
3.5326819316946345,-4.1038908169423935,49.79060687607141,4.098066854819977,1.5363634721838313,39
3.561166228150292,-3.914204228696207,47.72536493205338,3.9087643331760993,1.6304179515770008,39
3.7749900268993786,-3.407237663543482,46.7340195196138,3.4501181437814834,2.086601001753224,39
3.679904949750832,-3.9967851124221463,48.9612498935178,3.995835149888512,1.770417993874859,39
3.5285108724086407,-4.379740056374089,51.36961831291802,4.388722275658476,1.4543871853849022,39
3.5004896723109185,-4.5494655156307084,51.6271213558938,4.598642939286266,1.3672999366581868,39
3.479269036286169,-4.3274210442742005,51.23347012087596,4.349718958353826,1.414639197665153,39
3.5174969614838525,-4.088999079285766,48.01425755452767,4.098201871775895,1.5112988159810896,39
3.4329230030663584,-4.142042746646798,47.79915075507952,4.172947341589618,1.4529387667882363,39
3.3738529665007007,-4.322739676605884,50.68568601539667,4.348616586314688,1.3236856083218145,39
3.4405312709671128,-4.206444839779422,52.65794951624149,4.219032970263804,1.4365607783091148,39
3.50250927492869,-4.13517067243727,55.54225065382265,4.143765212820589,1.506486193739253,39
3.4892915907523614,-4.055054897884671,53.03901386947084,4.04967603409033,1.4927448849026248,39
3.498024700356902,-3.908222548395611,49.48157539642115,3.901324465978061,1.5628775649791138,39
3.521137789856616,-3.785397485005769,50.33720869983699,3.768990067269304,1.6592736990331745,39
3.4959533043044937,-3.74666198895132,53.255025548042994,3.710107341944743,1.6537619203114684,39
3.397455160566371,-4.019144336096674,56.29819321117812,4.011640238247329,1.4516218943561583,39
3.4158128011140887,-4.091064288461809,57.20031776702662,4.091030700601262,1.4438853787003654,39
3.4935080610590874,-4.082344398224096,54.924799857379725,4.085012689768839,1.5169734380228057,39
3.483434306631843,-4.153322024311092,53.21488971847424,4.173083579797538,1.4877802665285074,39
3.391891697327868,-4.292091822452682,54.34364952800943,4.328578911239295,1.3470260856820524,39
3.340703820153106,-4.152736797607203,54.95704519148353,4.184274642587567,1.3162082442276766,39
3.53433166133414,-3.681357375151822,54.13703388790435,3.6952896924327625,1.6708264719668038,39
3.5967117899613417,-3.5038684426451745,49.54576876523684,3.5076182214476206,1.8236586644495136,39
3.524626085226485,-4.027677446818179,49.10168248457872,4.030166492187718,1.6013106339269414,39
3.5065387667511865,-3.9955567833330994,54.99602942157992,3.985369617132832,1.5805555684961003,39
3.6299601184378414,-3.535584315979224,53.05337757686919,3.5170792641399578,1.850905714275168,39
3.574877486812125,-3.822365849995784,51.91365641312633,3.8230341269815566,1.708574722139098,39
3.5289428782977645,-3.883872543307517,54.98721889797731,3.86713469114235,1.6352354528235016,39
3.5165497673501216,-3.8304240240467538,53.50733204025159,3.808140379061802,1.608646633813707,39
3.504337785912932,-4.045633103350082,49.79795173260807,4.0535953782445215,1.538031090077737,39
3.405734430971763,-4.329878210163803,47.68168700513223,4.37700473661903,1.3692884685324251,39
3.320159039051412,-4.195081944088287,48.27339367214723,4.22041671739208,1.3344579892192798,39
3.453853572872902,-3.76872681199218,52.8148688721142,3.746530956501585,1.5794678454776456,39
3.396320771827973,-3.906311805299716,55.16165276397046,3.8902146010090095,1.490337650552929,39
3.1994023992003293,-4.255732749005875,54.81808348182295,4.281931736486423,1.1998377892610834,39
3.3458286480937924,-3.9974271273441455,51.11218945070996,3.991358943980375,1.4152125300263323,39
3.358109414148674,-4.298718816084828,46.637149755903295,4.347809530848222,1.3663721564862363,39
3.433203079717622,-3.9287963325171167,47.75169109097487,3.917469343693137,1.551490904615937,39
3.484165538129189,-3.6650520606006647,51.722347890730354,3.6244591654633447,1.6626253471100074,39
3.4681492469293613,-3.749892974071365,56.3335144536958,3.722069230868661,1.6149735776640533,39
3.483481515225747,-3.583585733990017,53.850043372284574,3.5466491935922075,1.6583802674314108,39
3.411726037375361,-3.643771615817392,54.9088336752473,3.6427474930989656,1.615777066285662,39
3.393981316106782,-3.789944916320362,59.1644747891872,3.7884628086638967,1.515919058442973,39
3.435807013683182,-3.878688079847704,56.64084427648313,3.878430069779319,1.5304923169046862,39
3.4289236703364967,-4.000901040413397,54.37844727879807,4.004059369615514,1.4764841186056883,39
3.4382438196552743,-4.006648101394982,53.07841156884063,4.010287068730635,1.4903019803891078,39
3.325324322679918,-4.198763421971162,52.60747736649547,4.221309394287547,1.3272112059078638,39
3.144978264252917,-4.54304872828422,56.164539968367066,4.617958137457321,1.0858654161151369,39
3.1828799419265845,-4.158245879111535,62.183415364876026,4.171866221393618,1.1608219326828868,39
3.3085747176794698,-3.83804124893902,62.77697751161863,3.83088951488193,1.3421571177544356,39
3.3868403966478304,-3.936814802156078,59.28652934890857,3.947041918047898,1.4287075962094091,39
3.398943810154208,-3.7923105809328375,58.24148510171355,3.801083022741964,1.5031703882080183,39
3.503404795694693,-3.6948151056715055,55.70684153055977,3.70473518817545,1.6463780205884402,39
3.643542560742055,-3.553196762963167,52.12887655573787,3.567428554562358,1.8735957548772657,39
3.572340383804102,-3.6776568375045446,50.29015298198453,3.7046582475840615,1.766711525779834,39
3.3878639327536386,-3.641494898487339,49.0522715067692,3.618888033379756,1.550677981308038,39
3.4034893118220264,-3.641945799477662,47.83438357346349,3.613009826742483,1.596387172774446,39
3.409060822974007,-4.060494333720032,49.621563259646166,4.04911621011418,1.4848841342994656,39
3.29164264699538,-4.338739010927489,52.2844998201878,4.344218099717614,1.2757372504515612,39
3.2285410997678907,-4.531367404855413,55.33601500147538,4.569526174943224,1.142785838182024,39
3.315331623708601,-4.490688910587231,55.16417394953669,4.548466984316603,1.2806382505156142,39
3.3967082654829497,-4.093329337003423,53.96614763548049,4.1007971695001215,1.4238155351268282,39
3.3416172531868917,-4.011089990464904,54.72159227878928,4.026305871044132,1.3772561524411755,39
3.247475910529816,-4.145069955921859,55.78757553649463,4.166385643773799,1.2414646080071978,39
3.1182282039587457,-4.23386855777219,56.73534448198277,4.25680854852251,1.108435059622896,39
2.8895014258597413,-4.245258873315167,57.35064782341608,4.236987161979401,0.9281196675712272,39
2.880155318074944,-4.177770947380891,56.31771285242315,4.1652669460653415,0.9320480150284504,39
3.1450652218551087,-4.134114666808423,55.63274194182252,4.142538101553059,1.1770553314428536,39
3.246203686693589,-4.230167423220848,59.12117536805516,4.258526558498685,1.2356159326841505,39
3.3303365432958807,-3.9474167789486696,59.12577850012472,3.943157573398071,1.3761198469203149,39
3.2328685942313675,-3.809498685727013,56.98834568819553,3.8100138207991305,1.3092853019563435,39
3.040104382329708,-4.400425046467952,61.49733174276009,4.473747997832813,1.007658462730243,39
3.160453727777055,-4.108863525253407,59.73318001177672,4.095323401389363,1.164625730445916,39
3.2838836402344183,-4.023092249314562,57.71255646849709,4.039811961084818,1.306298160724502,39
3.2589520464698194,-4.1620496845931445,61.04963269679663,4.21194592482752,1.2605956415478283,39
3.244501841154029,-3.844747756024924,59.993056016002704,3.8435083207466714,1.2827815529253814,39
3.275472740475222,-3.481024819312336,54.76577470628478,3.4846859064033566,1.4305226030967215,39
3.2403297167030174,-3.5850512724128545,54.70756698169296,3.5947440665402843,1.4155914388972228,39
3.199118111630995,-3.788083210265893,57.46887308573549,3.785876366731931,1.3162347833029655,39
3.2997422784352453,-3.80649042472565,58.32258413849976,3.8063189691776858,1.3930422041913573,39
3.4281824818618007,-3.699933892531361,56.40232003850045,3.704603258654368,1.58889482690276,39
3.402749001551018,-3.754718289958486,58.57270708701592,3.765388749486249,1.550517763165262,39
3.302527837616077,-4.037869892532019,62.38158883293755,4.076322613860206,1.3432958623488185,39
3.3578108180341104,-3.881663157785544,57.75878524780281,3.874192977123129,1.434126944850673,39
3.302976762648109,-3.371921988699933,53.7547669719449,3.3742043131547,1.5012525671677623,39
3.30178884636584,-2.85164073731402,54.74188751110927,2.8536948231484405,1.6455618872059332,39
3.3610660086432804,-3.12129652071342,58.23017232881174,3.158481359481809,1.7310303852712507,39
3.3503981768656126,-3.225455968500043,61.96657339960547,3.271491621895662,1.6981405765890225,39
3.437989977623917,-3.1882620938390267,59.29127859211665,3.24877189732284,1.764716479418086,39
3.550004507997911,-3.063287491421048,52.754251109610365,3.119996720938374,1.9792042816285604,39
3.499717847906429,-3.352906532424813,53.48455953254973,3.3989824785603,1.866280067738872,39
3.313038165620764,-3.9168533867211615,57.06479189207226,3.931614004450734,1.4578968689596077,39
3.232505371244692,-4.047423568560922,58.40098047599517,4.036976186491602,1.3018081351149866,39
3.2259981306336765,-4.082340336532044,58.97673366738738,4.073089064454003,1.2665949348065493,39
3.315335615075749,-4.000522440285993,61.40013462862522,4.008863685800018,1.3767356357986118,39
3.279779545694805,-3.488218918121121,60.03583411347097,3.480078240950333,1.4109121415254886,39
3.146287058754792,-3.475799920747604,57.72855357986561,3.4923737203474507,1.3301971970702258,39
3.0781839785816008,-3.624661361570837,57.60776270036217,3.64259225172962,1.249269031792237,39
2.996519344316112,-3.614237185004804,62.70477212590278,3.6091014241143102,1.1447686420070189,39
3.046827463794955,-3.8535149028832953,63.97970839027023,3.862755338065056,1.1155246882129917,39
3.1275282300633487,-4.1129066240873255,64.24247094023997,4.157729704603015,1.1436062459465404,39
3.155002779240231,-4.056328320674763,64.65863360946987,4.079376220703129,1.1475157540479146,39
3.1143952067807423,-3.82431052571578,61.58120562875872,3.8210942487922495,1.147208518261532,39
3.041914667156961,-3.860930329604113,59.53904167010631,3.8750682580385263,1.093042753583236,39
2.835493401657766,-4.177175885481798,59.964954513440006,4.187985337895454,0.8998541484633822,39
2.488747209096128,-4.04631208687378,61.78086328849519,3.9744306862783145,0.5814909176003153,39
2.526265382766724,-3.38105845451355,59.76274490356445,3.3345513343811035,0.6154102683067322,39
4.029351711273193,-0.3742359280586242,33.85865020751953,0.2996709942817688,0.2405931204557418,40
3.8110758411711534,-3.4980490829633637,46.3011510544929,3.591088142947874,1.6001620249471802,40
3.816505483959032,-3.985447752302972,45.030507792597234,4.011990512626759,1.8058615421903303,40
3.886765899865524,-3.7406317151111104,43.92503431568975,3.7947223082832666,2.010666541431261,40
3.858349824297256,-4.072985438333041,44.3369934524315,4.132213281548542,1.8767755204352776,40
3.755194123240485,-4.414591530094976,44.78135443424833,4.481897191724915,1.6443211514016858,40
3.73039230056431,-4.360808890798817,44.04308418605638,4.438033394191576,1.6275717020034792,40
3.8016160450119902,-4.064581915952157,44.1111713077711,4.116976254228232,1.8123535349749136,40
3.73387112479279,-4.141684635825779,45.64322922195213,4.169516017471534,1.712947708972986,40
3.617370486259461,-4.276340691939644,45.07749325296153,4.316307803858881,1.5449138620625371,40
3.6691571905993032,-3.5588230637536533,44.56787336045417,3.552285232405732,1.84419277958248,40
3.695334410321885,-3.461549567139667,45.37638025698455,3.4360371430714927,1.9523302722668303,40
3.7258276006449824,-3.5931904834249746,45.64312196814495,3.5603155986122466,1.9694079938142195,40
3.630050251449364,-3.789990551229837,47.10181084232054,3.7469807621361553,1.7885619868402896,40
3.603620311488276,-4.17950711734053,49.04877013054447,4.161671597024669,1.6107732765916465,40
3.674996712933416,-4.102079215257064,50.08365747202998,4.090450546015864,1.7139840048292407,40
3.681138529293779,-3.99992917586064,46.07767082988352,4.005495976710665,1.7167952026146045,40
3.629735056904779,-3.869034654852273,43.62802555250085,3.863160947094793,1.7254155882890674,40
3.598137627477231,-4.096500375996466,47.59414341138757,4.08795336018438,1.6329478751058162,40
3.5305599008781323,-4.1577774130779765,48.76972040922746,4.142732053563215,1.5143362482388814,40
3.481908273005831,-4.056685959083446,48.40601807746334,4.0372316940971045,1.509270393330118,40
3.430813307347505,-4.190117659776107,52.9722495701002,4.185842368913733,1.4278199387633284,40
3.3121997342593428,-4.406564629596213,53.97796807772871,4.442409936932551,1.229527837988259,40
3.37069316705068,-4.653101682662964,51.795610427856445,4.74808684984843,1.2390016317367556,40
3.4831193841022,-4.4271655290023135,51.005702143130094,4.487837874371071,1.4326134401818986,40
3.637136431707852,-3.854328013848568,51.74449561298757,3.880824355111606,1.7549733614576035,40
3.523398140202398,-4.018417157988617,52.6401812788369,4.0252478571905606,1.5619147704995198,40
3.402961020884306,-4.105975814487623,52.90203840836234,4.100361741107443,1.3998301962147588,40
3.292619708655537,-4.560503959655762,52.980889804121375,4.658420763153961,1.1789008603579754,40
3.1919457687847856,-4.413085115128669,51.33757864910623,4.472848418830097,1.1403722624847856,40
3.290809921596361,-4.127124993697457,53.63885531218155,4.159868717193604,1.334588729816934,40
3.5322929499805835,-4.109788037728572,53.381744578264765,4.126010262447855,1.559396123540574,40
3.5648121972014937,-3.976778241171353,49.8154412974482,3.9901580188585366,1.6474279009777566,40
3.5191014953281567,-3.885781894559445,53.10481494405995,3.879109284152155,1.5884370855663137,40
3.578220840813457,-3.8510636281276094,53.87680606565613,3.848960340886877,1.6752106089522871,40
3.538599484208701,-4.023632232693659,51.96842660765717,4.017731730488764,1.5633897729541943,40
3.5425347970879595,-3.799188924872357,48.645652770996094,3.7828442221102514,1.6590232952781343,40
3.490793888119684,-4.070588087690049,50.397747122723125,4.062548070714094,1.5268994414288064,40
3.558686861093493,-4.230437976726586,51.34459946120994,4.232368192810943,1.5534431606099226,40
3.55339106787806,-4.529953386472619,54.23972411777663,4.573448025661966,1.4609517843826956,40
3.5128825021826704,-4.352004313814468,55.60057642839957,4.373157148775848,1.4515870291253796,40
3.4192952004031856,-4.072285952775374,55.10698749708092,4.06982039714205,1.4015228091806604,40
3.4299714772597603,-4.072507049726403,51.49412735648777,4.085847647293754,1.4186252977537073,40
3.4842012896054038,-4.085994468219038,48.41469424703848,4.105075431906658,1.5032088497410647,40
3.513698204703953,-4.075991920802904,50.879414931587554,4.089172860850459,1.5633879675381426,40
3.6051733649295303,-4.012075289436009,52.91739040872326,4.008127399112868,1.650757851807967,40
3.709208567937215,-4.133394718170165,52.085421244303376,4.135791142781575,1.7771112521489458,40
3.666931518609973,-4.172062925670458,52.86389008121214,4.1688147420468535,1.6668806525244229,40
3.608611905056497,-3.8780742106230366,51.21113287884256,3.858267576798149,1.6678480169047474,40
3.4838323213052056,-4.344793336978857,51.93558637646662,4.379720860633297,1.4129910736844158,40
3.468134914619335,-4.06679353852203,54.31518184274867,4.061587174733481,1.4879118653311243,40
3.5087331688922387,-3.404359630916428,53.09756204356317,3.368013698121774,1.7073730204416364,40
3.443115617917932,-3.852635463078816,52.09851610487786,3.869272290796473,1.544685405233632,40
3.492536261461784,-3.849673948426176,52.618921445763625,3.833915440932563,1.6110711348229572,40
3.5682288771090303,-3.540721281715061,52.46577785326087,3.5232933811519453,1.7890785051428757,40
3.5501033240470337,-3.757307059522987,52.090378166972734,3.752699008886363,1.691024820873703,40
3.4925580681234165,-3.8615111198978154,50.07325855199841,3.841596102369004,1.5860631517741992,40
3.50162698911584,-3.58746073556983,47.24828919120457,3.5557751448258115,1.6800478334012237,40
3.588952917983567,-3.331351511720298,44.70822900965593,3.3020850575488545,1.904766903407332,40
3.6258568418198736,-3.388747705929521,45.50636545817058,3.3498412301574927,1.96945114325786,40
3.6216609788977583,-3.703491936559261,50.05925568290379,3.665248953777809,1.82884442806244,40
3.579446329586748,-4.094986462938613,49.124835719232976,4.062686488248301,1.6306804124859793,40
3.5208970532901045,-4.504417322684025,54.91557079812754,4.53041314387667,1.4466724222984868,40
3.503490665684576,-4.455687999725341,57.26864474752674,4.479271940563035,1.4244798395944678,40
3.4800778368245,-4.1061724994493565,56.12632563494254,4.097105786420297,1.4704113110252048,40
3.4044734395068628,-3.817078778709191,53.23519048829011,3.801852361015652,1.460284371306931,40
3.369221034257308,-3.8805527583412505,51.6879066798998,3.883066674937373,1.4350279103154722,40
3.3490761000177134,-4.208339324895886,51.937368697014406,4.242386265077452,1.3400757183199346,40
3.340219753375952,-4.210358301798502,53.414802219556734,4.229310436525206,1.3320664927579358,40
3.377654552459717,-4.041970252990723,54.065826416015625,4.038855791091919,1.3972816467285156,40
3.3904484735018965,-3.885175559831703,52.32072321573894,3.8735659606214887,1.4518354440080945,40
3.401030633760535,-3.835727152617081,51.17698243735494,3.823934736459151,1.489689032236735,40
3.404160789821459,-3.877861344296,49.87885748821756,3.86343877211861,1.4907535003579182,40
3.466442978900412,-3.859416344891424,48.91054722882699,3.8405196044756016,1.5755826597628388,40
3.5520766057829927,-3.7769744534423375,48.30078578340834,3.7544461506000464,1.707337004550989,40
3.528779418572136,-3.6804149617319526,48.49605377860691,3.6413629884305214,1.7104638529860454,40
3.530529702919117,-3.514384501222248,52.20209768544071,3.472917888475497,1.7614780163419437,40
3.4216232006100635,-4.252746547477834,52.565541695857405,4.267787010773369,1.4065675795942103,40
3.3934047844098965,-4.023468743199887,55.83277378911559,4.006174471067345,1.4518449617468796,40
3.339663652406222,-4.327370311902917,61.21767619036246,4.38300611661828,1.313561220963796,40
3.1972953132961117,-4.539112934167834,62.05425970105158,4.620174255923948,1.1071637091429345,40
3.117542619290559,-4.150742707045187,60.59238234810208,4.1627752158952855,1.1000489514806988,40
3.195555044257123,-3.7158812025318975,60.479626254758976,3.709891136141791,1.2445646558982744,40
3.3033162476359936,-3.729290222776109,60.31422800257586,3.7523514861645904,1.377354334230009,40
3.350443456483924,-3.887881963149361,59.500122402025305,3.9299820817035176,1.4385371260021045,40
3.1948259861572934,-4.202419042587279,59.2385502414427,4.248060081316077,1.1911270359288098,40
3.180515672849572,-4.18918432014576,56.9513728376748,4.208222506702811,1.168762112009352,40
3.292573607486228,-3.966448436612666,54.84452197862707,3.969503941743268,1.3409962420878214,40
3.4150204589401465,-3.607209053592405,53.026672529137656,3.607699981634167,1.5933977348217068,40
3.293768153674361,-3.5966115187907564,56.75138711238253,3.596086222192516,1.454982354157213,40
3.1504842302073603,-3.6267281407895298,57.24102152948795,3.605044748472131,1.3082892842914748,40
3.2073026532712183,-3.5749069262241977,56.67513847351075,3.558414713196133,1.388447349486143,40
3.332177956899008,-3.775719245274865,58.68223698933922,3.802938222885136,1.5186578830083224,40
3.3371435714804605,-4.036560286646305,57.58803649570631,4.063537701316503,1.4076610155727547,40
3.310055286987968,-4.200176909349967,56.393268198206805,4.23125892445661,1.3093775096146951,40
3.4463600611341167,-3.99493474200152,57.06574235446211,4.010071789008984,1.512353866860486,40
3.4464227842248,-3.821965870649917,58.28655176577362,3.8237642516260553,1.5457733092100716,40
3.378724927487581,-3.73208724934122,58.83382647970448,3.735382997471355,1.4665513911109038,40
3.4334860262663467,-3.960276316905367,56.793968145398125,3.970259327819382,1.5054823574812517,40
3.39578668449236,-3.806129828743313,56.7918413411016,3.8047603316929033,1.5054519357888596,40
3.452595175176427,-3.464332736056785,56.43501381252124,3.45846730384274,1.6603079550508133,40
3.522893119549406,-3.110574737839074,53.56622391852777,3.105428773423897,1.8827345967292808,40
3.5031698683033814,-3.690524495166283,52.27947036079738,3.7075766791468103,1.7019072563751874,40
3.2865724995516343,-4.467161479203599,51.91520748967709,4.553939480712449,1.2493795648865071,40
2.9956775748211406,-4.517852078313413,56.01960688051969,4.55003503440083,1.008066703443942,40
3.020412719768026,-4.133225015971973,60.96076210685398,4.040683507919314,1.0445205932078148,40
3.152457420376765,-3.784408247989155,60.15030067554418,3.7113590655119504,1.2042115494824848,40
3.235596212787905,-3.732470272243888,59.95517832991006,3.719031867773638,1.2961735440337143,40
3.313267541968304,-3.995193771694018,59.804385641346805,4.019513544828996,1.344961518826692,40
3.3043833867363306,-4.15515436987946,58.881285764169,4.179494868154111,1.296294749646947,40
3.327053785324097,-4.030450337175012,58.76809205870696,4.042754276939061,1.3664801017097807,40
3.291659842366758,-3.65949389208918,63.61182859669561,3.6793508633323335,1.3319962724395429,40
3.3113106091817217,-3.694118807281274,61.34285802426544,3.711731350940208,1.408239794814068,40
3.163172127544016,-3.9042191349941753,59.95965003967285,3.9411448447600654,1.2326263154762378,40
3.3209552661232324,-3.668770479119343,59.12190528537917,3.698925837226536,1.4695273637771602,40
3.419529239336649,-3.637866695721944,59.05927403767903,3.670498251914978,1.604125360647837,40
3.3548198160917857,-3.572126606236332,64.63962997215387,3.625401890796162,1.5251660813455987,40
3.344117289004118,-3.609137301859649,64.8577894957169,3.689551058022873,1.4821152531582378,40
3.318608007569244,-3.4558341261269385,61.74002583821614,3.5136534338412075,1.5109621528266133,40
3.17372581233149,-3.472530905751213,58.819085190261625,3.53265048801035,1.3927696252214743,40
3.059189703153528,-3.825529554615848,57.12296792735224,3.8723915659863,1.2275976512743083,40
3.113654228224271,-4.123914649521097,59.60538941535399,4.147694007210112,1.1665718676387395,40
3.162016789118449,-4.209303952645564,61.9300687485847,4.226658323536747,1.155107054157534,40
3.278344548266867,-3.99225710267606,62.92659378051758,4.005212509113809,1.2929732929105344,40
3.2718541311181117,-4.087118611819503,62.090395498966814,4.10280039690543,1.284191003744153,40
3.233310987983925,-3.74704789251521,66.4148094066675,3.775742185288581,1.2472376728403407,40
3.051330431647922,-4.25034048246301,64.52986377218492,4.289915354355525,1.014770443024841,40
2.972312021946562,-4.563439027122829,62.04415459563766,4.603021628614784,0.888084115325541,40
3.130581441132919,-4.266226616458616,59.30313751662987,4.272082446278005,1.093195308809695,40
3.203043896219005,-4.04422110059987,59.8420180445132,4.062396661094998,1.2083652848782749,40
2.9578817339910994,-4.075283783069556,63.16881533636562,4.071695555811344,0.9595147483590742,40
2.9459902531858817,-3.813419378322101,61.611689526101785,3.765892262044158,0.9717613575251224,40
3.001235495442929,-3.861748799033788,58.14343162204908,3.8818996367247225,1.0526599521222315,40
2.937473983004473,-3.97384664632272,57.3099329298821,3.999041265335636,0.996386340994766,40
2.981974256211433,-4.149367014567055,56.39481619130011,4.188059378361354,0.9893709930820748,40
2.8883523059927905,-4.484928421352221,54.0692076475724,4.548635762670767,0.8978534548178965,40
2.7995988735254254,-4.075891194136242,54.94656361013221,4.074526769527485,0.880198327527529,40
2.8686831343001207,-2.8367115172786974,58.42288650291554,2.794314346451689,0.7420894892319401,40
2.6029272079467773,-2.766369581222534,58.52108001708984,2.8201546669006348,0.7328887581825256,40
